simulationId,cowboyCount,seed,starterId,winnerId,winnerOffsetFromStarter,totalShots,winnerRemainingHp,winnerShotsFired,winnerKills,winnerTotalDamageDealt
1,2,7622549244507814510,0,0,0,5,2,3,1,10
2,2,-176823638348867382,0,0,0,5,8,3,1,10
3,2,4653291594555506559,0,0,0,5,7,3,1,10
4,2,-5429547764223392703,0,0,0,7,3,4,1,10
5,2,1354699720820100286,0,0,0,7,2,4,1,10
6,2,-8558099095430985091,0,0,0,7,5,4,1,10
7,2,7566729063232618657,0,0,0,5,2,3,1,10
8,2,-8796280036588025189,0,1,1,6,1,3,1,10
9,2,-1904176087077157359,0,0,0,7,5,4,1,10
10,2,-5950808297819701377,0,1,1,10,1,5,1,10
11,2,8202580055274905697,0,0,0,3,5,2,1,10
12,2,2069697956329713381,0,0,0,5,6,3,1,10
13,2,2331882227666649723,0,0,0,5,4,3,1,10
14,2,-6907155114764864074,0,0,0,7,3,4,1,10
15,2,5743542032431768924,0,0,0,5,4,3,1,10
16,2,1754090216629634460,0,0,0,7,1,4,1,10
17,2,3000933636146778561,0,0,0,5,6,3,1,10
18,2,-818370409442154536,0,1,1,6,7,3,1,10
19,2,-6494085369291419358,0,1,1,6,3,3,1,10
20,2,-4831476700427871918,0,0,0,7,1,4,1,10
21,2,-7164822578341529121,0,0,0,5,4,3,1,10
22,2,-6681209751587204111,0,0,0,5,4,3,1,10
23,2,-2785428037848741191,0,0,0,5,8,3,1,10
24,2,4092339821109795117,0,1,1,6,4,3,1,10
25,2,3063383483373029763,0,0,0,5,5,3,1,10
26,2,3373133630133326305,0,0,0,7,4,4,1,10
27,2,493181087642310936,0,0,0,7,3,4,1,10
28,2,-1746716152221018267,0,0,0,3,5,2,1,10
29,2,446462409193912975,0,0,0,7,1,4,1,10
30,2,1193011675842738652,0,1,1,6,2,3,1,10
31,2,4831360065858792877,0,0,0,7,4,4,1,10
32,2,8575571794862233545,0,1,1,6,3,3,1,10
33,2,345942164528489626,0,0,0,5,4,3,1,10
34,2,7448151043156876008,0,0,0,7,3,4,1,10
35,2,5239964932791844568,0,1,1,6,2,3,1,10
36,2,-9173191548526301637,0,1,1,6,1,3,1,10
37,2,-2161688254686019728,0,1,1,8,1,4,1,10
38,2,-4645889046326623902,0,1,1,6,1,3,1,10
39,2,-4846666793570864531,0,0,0,5,2,3,1,10
40,2,8504972586755124527,0,0,0,5,6,3,1,10
41,2,2012197841368315278,0,0,0,5,2,3,1,10
42,2,-6052823257482687111,0,1,1,6,2,3,1,10
43,2,8951238588419643446,0,0,0,5,6,3,1,10
44,2,8373285886730576944,0,0,0,7,1,4,1,10
45,2,-6024011126309681497,0,0,0,5,4,3,1,10
46,2,-3199751378429683278,0,0,0,5,5,3,1,10
47,2,-205079082719447953,0,0,0,5,6,3,1,10
48,2,-1230956723516543396,0,0,0,5,2,3,1,10
49,2,9009170572123666977,0,0,0,5,6,3,1,10
50,2,502512276757557602,0,1,1,8,2,4,1,10
51,2,-6468460926580581816,0,1,1,6,1,3,1,10
52,2,-1041959172619497245,0,0,0,7,1,4,1,10
53,2,-3176141123837156967,0,0,0,5,4,3,1,10
54,2,-1250743467814938825,0,0,0,5,6,3,1,10
55,2,2802790474057045607,0,0,0,7,3,4,1,10
56,2,1594636887908444555,0,0,0,9,3,5,1,10
57,2,2247049277431032667,0,1,1,6,5,3,1,10
58,2,-2141993941735040080,0,0,0,5,5,3,1,10
59,2,4950414587910089059,0,1,1,6,6,3,1,10
60,2,4024558437153402159,0,1,1,6,5,3,1,10
61,2,8460830073364808938,0,0,0,7,1,4,1,10
62,2,-8861481111054564448,0,0,0,7,1,4,1,10
63,2,5151774012177519178,0,0,0,5,4,3,1,10
64,2,6091217547875219003,0,0,0,5,4,3,1,10
65,2,-2747216630518444674,0,0,0,5,5,3,1,10
66,2,-3120053898601644369,0,0,0,7,4,4,1,10
67,2,3034305960001825052,0,0,0,5,6,3,1,10
68,2,530950165320721202,0,0,0,7,2,4,1,10
69,2,-3239810975889385343,0,1,1,6,4,3,1,10
70,2,8355546087979150809,0,0,0,7,2,4,1,10
71,2,-469783043654121139,0,0,0,5,6,3,1,10
72,2,-8860139790373583575,0,1,1,6,3,3,1,10
73,2,3078272170296328209,0,1,1,6,1,3,1,10
74,2,1861223411033487853,0,0,0,5,1,3,1,10
75,2,6371430372172172359,0,0,0,7,7,4,1,10
76,2,558336081978973769,0,1,1,8,2,4,1,10
77,2,-4684935535263414398,0,1,1,8,4,4,1,10
78,2,4274643094731897359,0,0,0,5,3,3,1,10
79,2,-974467266348133402,0,1,1,6,2,3,1,10
80,2,2876010997474373712,0,1,1,6,2,3,1,10
81,2,2556742473257242073,0,0,0,5,2,3,1,10
82,2,3881636367721409078,0,0,0,5,3,3,1,10
83,2,-4283235462372645638,0,0,0,5,3,3,1,10
84,2,-5435618743545341167,0,1,1,6,4,3,1,10
85,2,8287095643659210833,0,0,0,7,5,4,1,10
86,2,8922802869860413870,0,0,0,7,2,4,1,10
87,2,-8768726520343391800,0,0,0,5,8,3,1,10
88,2,4372297092407986927,0,0,0,5,4,3,1,10
89,2,1825614279441251546,0,1,1,6,1,3,1,10
90,2,-8762036456603649640,0,0,0,5,3,3,1,10
91,2,3126602431026017417,0,0,0,5,4,3,1,10
92,2,-6850303691888806042,0,1,1,6,1,3,1,10
93,2,-8236622947874188139,0,0,0,5,6,3,1,10
94,2,-7308026951116254363,0,0,0,7,2,4,1,10
95,2,7503361998593243626,0,1,1,6,1,3,1,10
96,2,-5497387776322637437,0,0,0,7,1,4,1,10
97,2,-1268344063882912167,0,0,0,5,5,3,1,10
98,2,-4537393245351792801,0,1,1,4,7,2,1,10
99,2,7007109389799046027,0,1,1,6,2,3,1,10
100,2,2541384518595445350,0,0,0,9,2,5,1,10
101,2,3350996714279151922,0,0,0,7,2,4,1,10
102,2,-6122081210866785503,0,1,1,6,1,3,1,10
103,2,3642725993278335616,0,0,0,5,2,3,1,10
104,2,-6310069696443000377,0,0,0,5,7,3,1,10
105,2,1047077068562554588,0,1,1,8,1,4,1,10
106,2,-6852892927081889767,0,0,0,7,1,4,1,10
107,2,-4257256642702636589,0,1,1,6,2,3,1,10
108,2,-5029367128408372113,0,0,0,5,6,3,1,10
109,2,7607616885527668300,0,0,0,5,1,3,1,10
110,2,26434227140393485,0,0,0,5,4,3,1,10
111,2,9209768725001713919,0,0,0,7,4,4,1,10
112,2,-3085924346636983622,0,0,0,5,4,3,1,10
113,2,8675964771217511976,0,0,0,7,3,4,1,10
114,2,4907356856337128851,0,0,0,5,2,3,1,10
115,2,-4666966213610434953,0,1,1,8,1,4,1,10
116,2,-4926837390399736036,0,0,0,7,4,4,1,10
117,2,-8336891457433127094,0,0,0,7,1,4,1,10
118,2,516544900739520151,0,0,0,7,1,4,1,10
119,2,-7283127629127876067,0,0,0,5,4,3,1,10
120,2,-1032635651569392488,0,1,1,6,4,3,1,10
121,2,7769363128375121728,0,0,0,5,4,3,1,10
122,2,-430746176916896039,0,0,0,3,8,2,1,10
123,2,8651847374258448331,0,0,0,9,4,5,1,10
124,2,2224671235021342026,0,0,0,3,8,2,1,10
125,2,-1465474966042121521,0,0,0,7,2,4,1,10
126,2,5232730891868007532,0,1,1,6,4,3,1,10
127,2,1361460470342695374,0,0,0,7,1,4,1,10
128,2,-1356467568661118753,0,0,0,5,6,3,1,10
129,2,-7614506031958753172,0,1,1,6,4,3,1,10
130,2,-8971519793056376775,0,0,0,7,1,4,1,10
131,2,3022396495612605285,0,0,0,7,2,4,1,10
132,2,8290662160158026520,0,1,1,6,4,3,1,10
133,2,3843035322279117505,0,0,0,5,1,3,1,10
134,2,-5189416922603801478,0,0,0,5,5,3,1,10
135,2,-5124300315598734522,0,0,0,7,3,4,1,10
136,2,3837517114234352203,0,1,1,6,4,3,1,10
137,2,-2950185444045550802,0,0,0,5,7,3,1,10
138,2,426757442594773823,0,0,0,5,3,3,1,10
139,2,-4820788126042546662,0,0,0,5,3,3,1,10
140,2,5946862575678741986,0,0,0,7,2,4,1,10
141,2,8974981299390694470,0,0,0,7,2,4,1,10
142,2,-6087080048868049684,0,0,0,5,7,3,1,10
143,2,-3281028519374219011,0,1,1,4,2,2,1,10
144,2,8805111005440957657,0,0,0,5,7,3,1,10
145,2,-945914340663370674,0,1,1,6,4,3,1,10
146,2,3620470311692998329,0,1,1,6,3,3,1,10
147,2,-7847918107806780417,0,1,1,8,2,4,1,10
148,2,-1981419207827807164,0,0,0,5,4,3,1,10
149,2,8917890496236750785,0,1,1,6,5,3,1,10
150,2,2436476489404250417,0,0,0,5,5,3,1,10
151,2,-8587433980523025243,0,0,0,3,9,2,1,10
152,2,-6769828358835675705,0,0,0,5,8,3,1,10
153,2,-3332833132237761586,0,0,0,5,4,3,1,10
154,2,6975984797426359987,0,0,0,5,1,3,1,10
155,2,-6059495332086747032,0,1,1,8,1,4,1,10
156,2,4452296053357995548,0,0,0,5,5,3,1,10
157,2,-4323948211146815272,0,0,0,5,6,3,1,10
158,2,3776308515824177652,0,0,0,7,1,4,1,10
159,2,-2448083839464855756,0,0,0,5,2,3,1,10
160,2,-2641245394580726895,0,1,1,4,2,2,1,10
161,2,2192876119456537845,0,0,0,5,2,3,1,10
162,2,-6690699831491533701,0,0,0,7,2,4,1,10
163,2,-8242276007236563477,0,0,0,5,7,3,1,10
164,2,-5642516344152327033,0,0,0,5,2,3,1,10
165,2,-3238749104845523344,0,0,0,7,3,4,1,10
166,2,-2814418992306178780,0,1,1,6,3,3,1,10
167,2,-5673131306224066336,0,0,0,9,2,5,1,10
168,2,29831252693456372,0,0,0,5,3,3,1,10
169,2,7016585409083752008,0,0,0,5,5,3,1,10
170,2,908195957096416926,0,0,0,7,1,4,1,10
171,2,-7531173376727640483,0,0,0,5,3,3,1,10
172,2,7209757496494277090,0,0,0,5,4,3,1,10
173,2,5291995938437694126,0,0,0,7,1,4,1,10
174,2,5880094698660718061,0,0,0,7,1,4,1,10
175,2,-7265269715823122147,0,0,0,7,3,4,1,10
176,2,-4873275261915122194,0,1,1,6,3,3,1,10
177,2,-1159345103379502709,0,0,0,5,5,3,1,10
178,2,-5555833939274768152,0,0,0,7,2,4,1,10
179,2,-6221400059438910766,0,1,1,6,4,3,1,10
180,2,-5951664687497584183,0,0,0,7,7,4,1,10
181,2,-5112357295890222344,0,1,1,8,2,4,1,10
182,2,-1298152709108151108,0,1,1,6,2,3,1,10
183,2,-6119810466464770400,0,0,0,7,2,4,1,10
184,2,2502297348298907067,0,1,1,6,1,3,1,10
185,2,5240029132549311427,0,1,1,4,1,2,1,10
186,2,2849857456777649255,0,1,1,8,3,4,1,10
187,2,5357231713588214688,0,0,0,5,7,3,1,10
188,2,2470418174820690203,0,0,0,5,2,3,1,10
189,2,-4205413717588758543,0,0,0,5,4,3,1,10
190,2,-190994909066885314,0,0,0,7,3,4,1,10
191,2,5643015977550698334,0,0,0,5,2,3,1,10
192,2,-6149718818074887976,0,0,0,5,4,3,1,10
193,2,-5292947416913470154,0,0,0,9,1,5,1,10
194,2,7725237031423721319,0,0,0,7,1,4,1,10
195,2,-5657309207377328036,0,1,1,4,4,2,1,10
196,2,5671188520636863987,0,0,0,7,3,4,1,10
197,2,-8067556877535570561,0,0,0,5,5,3,1,10
198,2,1388559965909645408,0,1,1,6,6,3,1,10
199,2,-1541781829703729011,0,1,1,6,2,3,1,10
200,2,-4692008703275938814,0,0,0,5,3,3,1,10
201,2,5921825753287209320,0,1,1,6,2,3,1,10
202,2,-7215400166977438346,0,0,0,5,5,3,1,10
203,2,7205195152113270746,0,0,0,7,3,4,1,10
204,2,8555390363154737071,0,0,0,7,2,4,1,10
205,2,-6544356438121168186,0,1,1,6,2,3,1,10
206,2,-24092370755839921,0,0,0,5,2,3,1,10
207,2,-840322277581955423,0,0,0,7,3,4,1,10
208,2,5998048010865198391,0,1,1,6,2,3,1,10
209,2,-4847606256852973793,0,0,0,7,5,4,1,10
210,2,-2380848368725129375,0,0,0,5,1,3,1,10
211,2,5147840700923570224,0,1,1,6,2,3,1,10
212,2,-1353014960296005908,0,0,0,5,2,3,1,10
213,2,-1598501290525054419,0,1,1,6,5,3,1,10
214,2,1961923140490118264,0,1,1,6,2,3,1,10
215,2,-8505615486224464562,0,0,0,5,7,3,1,10
216,2,3517719450423692212,0,1,1,8,3,4,1,10
217,2,3105389479535564896,0,0,0,5,4,3,1,10
218,2,5214840725170559796,0,0,0,5,4,3,1,10
219,2,6293562631990310579,0,1,1,6,2,3,1,10
220,2,-3335407372536324729,0,1,1,6,6,3,1,10
221,2,4329349046570819928,0,0,0,5,4,3,1,10
222,2,-3946251753802068088,0,0,0,3,8,2,1,10
223,2,-2497641178949689460,0,0,0,7,3,4,1,10
224,2,-1598467579073753100,0,1,1,6,2,3,1,10
225,2,-7219157151722771858,0,0,0,7,5,4,1,10
226,2,-4661110030385310659,0,0,0,9,4,5,1,10
227,2,7268898499307905016,0,0,0,7,4,4,1,10
228,2,5073513302777484957,0,1,1,6,4,3,1,10
229,2,-4340584654648921812,0,0,0,5,5,3,1,10
230,2,5747655616131207533,0,0,0,3,5,2,1,10
231,2,-853986668421251187,0,1,1,6,2,3,1,10
232,2,-6485978991128421450,0,0,0,5,1,3,1,10
233,2,5768638224355024336,0,0,0,5,7,3,1,10
234,2,2458075869634312968,0,1,1,6,5,3,1,10
235,2,-8489808341758400557,0,0,0,7,1,4,1,10
236,2,8024946309956992650,0,0,0,7,2,4,1,10
237,2,3052355172840400334,0,0,0,7,1,4,1,10
238,2,7442647678929516370,0,0,0,5,6,3,1,10
239,2,-8626307378104996153,0,0,0,5,4,3,1,10
240,2,4089073642559267318,0,1,1,6,2,3,1,10
241,2,-2236296439523492277,0,0,0,7,4,4,1,10
242,2,3016743768788637027,0,0,0,7,5,4,1,10
243,2,4188166251872219482,0,1,1,6,6,3,1,10
244,2,-3762730370391684372,0,0,0,7,2,4,1,10
245,2,3740820769933958818,0,0,0,7,3,4,1,10
246,2,2497223835397723045,0,0,0,5,1,3,1,10
247,2,1245211740268461552,0,1,1,8,4,4,1,10
248,2,3596120228953640690,0,0,0,7,2,4,1,10
249,2,-8485958391061015837,0,0,0,7,2,4,1,10
250,2,-3530187989459650982,0,0,0,5,2,3,1,10
251,2,1557329990257135330,0,0,0,7,1,4,1,10
252,2,-5014070775909231968,0,1,1,6,2,3,1,10
253,2,8185066700082241103,0,1,1,6,2,3,1,10
254,2,1187857640806559252,0,0,0,7,4,4,1,10
255,2,4592621929158808828,0,0,0,5,2,3,1,10
256,2,-2733519790676682714,0,1,1,8,2,4,1,10
257,2,-9010965276370915874,0,0,0,5,5,3,1,10
258,2,3441661738905144891,0,1,1,8,1,4,1,10
259,2,-1194913879455673857,0,1,1,8,1,4,1,10
260,2,4193196702897053123,0,0,0,7,1,4,1,10
261,2,506810623762930361,0,0,0,7,3,4,1,10
262,2,-5265939102537952373,0,0,0,3,9,2,1,10
263,2,8342510994338939680,0,1,1,6,5,3,1,10
264,2,5449764782182861903,0,0,0,5,4,3,1,10
265,2,9057600608023772352,0,0,0,5,5,3,1,10
266,2,4141399907197696659,0,1,1,8,1,4,1,10
267,2,-6377290153117213817,0,0,0,5,7,3,1,10
268,2,4028413048081249714,0,0,0,5,7,3,1,10
269,2,-4936952770567959292,0,0,0,5,4,3,1,10
270,2,-3833402471891802570,0,0,0,7,3,4,1,10
271,2,-611234609857737006,0,0,0,5,6,3,1,10
272,2,1836329554843149162,0,0,0,7,3,4,1,10
273,2,-6271604032169027506,0,1,1,6,3,3,1,10
274,2,-7649378181101267410,0,0,0,7,3,4,1,10
275,2,-4117742096427242609,0,0,0,3,8,2,1,10
276,2,-426418587539229430,0,1,1,6,3,3,1,10
277,2,-3482144798703779433,0,1,1,6,2,3,1,10
278,2,-4380576730621465212,0,0,0,7,6,4,1,10
279,2,471985320383546821,0,1,1,6,5,3,1,10
280,2,3767412502644510389,0,0,0,5,6,3,1,10
281,2,-3981726802433878898,0,1,1,6,2,3,1,10
282,2,-7129907778307929831,0,0,0,5,2,3,1,10
283,2,353075872508588396,0,0,0,7,3,4,1,10
284,2,8933881702211590055,0,0,0,5,2,3,1,10
285,2,5870060683144538133,0,0,0,5,3,3,1,10
286,2,-6167737670428187103,0,0,0,5,5,3,1,10
287,2,-1481915643660530448,0,0,0,5,4,3,1,10
288,2,-42555890764871508,0,1,1,4,6,2,1,10
289,2,4789677843557388484,0,0,0,5,5,3,1,10
290,2,5603914325809731747,0,0,0,5,1,3,1,10
291,2,2257671157984811954,0,0,0,7,4,4,1,10
292,2,-3981914003719714137,0,0,0,5,5,3,1,10
293,2,-1854622150355557531,0,1,1,8,5,4,1,10
294,2,5561257292223402490,0,0,0,5,5,3,1,10
295,2,-4884363201328877433,0,0,0,7,5,4,1,10
296,2,-4139487150730386163,0,0,0,7,3,4,1,10
297,2,3760748672159352694,0,1,1,8,3,4,1,10
298,2,-8354605131265263785,0,1,1,6,1,3,1,10
299,2,-5942291489905924041,0,1,1,6,2,3,1,10
300,2,-6366786982554665881,0,0,0,7,4,4,1,10
301,2,4987517799179524522,0,0,0,7,3,4,1,10
302,2,2993790680894572604,0,1,1,6,1,3,1,10
303,2,9148108519035745279,0,0,0,5,3,3,1,10
304,2,356053416089542868,0,0,0,7,3,4,1,10
305,2,-1153170656627237272,0,1,1,8,3,4,1,10
306,2,2893755259742999810,0,0,0,5,1,3,1,10
307,2,-2846964163748940784,0,1,1,6,5,3,1,10
308,2,3066658862155213956,0,0,0,5,3,3,1,10
309,2,-2727414419329055670,0,0,0,5,6,3,1,10
310,2,-4763808482497477292,0,1,1,8,2,4,1,10
311,2,-4663998541886316019,0,0,0,9,4,5,1,10
312,2,3401440039618196030,0,0,0,5,3,3,1,10
313,2,8411459461634897568,0,1,1,6,3,3,1,10
314,2,7940202431231995570,0,0,0,5,7,3,1,10
315,2,2320893009249504145,0,0,0,5,4,3,1,10
316,2,-1189509341924688933,0,0,0,7,1,4,1,10
317,2,5352533821174972395,0,1,1,6,5,3,1,10
318,2,1832868611604740847,0,0,0,5,4,3,1,10
319,2,-2456234631830758233,0,0,0,5,1,3,1,10
320,2,-1089146873941124920,0,0,0,7,3,4,1,10
321,2,-4830145270073459614,0,1,1,8,2,4,1,10
322,2,4591227604811538100,0,1,1,6,2,3,1,10
323,2,-7517952184663344560,0,1,1,6,2,3,1,10
324,2,2759393873959435400,0,1,1,6,3,3,1,10
325,2,-3192076090308535184,0,1,1,4,5,2,1,10
326,2,-3518252645608431621,0,0,0,5,4,3,1,10
327,2,-6678954914849788671,0,1,1,6,3,3,1,10
328,2,1051009122719280432,0,1,1,6,2,3,1,10
329,2,-199266881384466636,0,1,1,8,2,4,1,10
330,2,-562237344018420588,0,0,0,5,2,3,1,10
331,2,4631360110322506530,0,1,1,6,1,3,1,10
332,2,-6088734372525309462,0,0,0,5,5,3,1,10
333,2,-4567376467868996353,0,1,1,8,2,4,1,10
334,2,-6043706588882026333,0,0,0,5,1,3,1,10
335,2,-2435838256127503472,0,0,0,5,5,3,1,10
336,2,6756029625274839410,0,1,1,6,2,3,1,10
337,2,3064267014396074458,0,0,0,7,1,4,1,10
338,2,-7107167595673559776,0,1,1,6,3,3,1,10
339,2,7914520723125430299,0,0,0,5,2,3,1,10
340,2,-3939801719671590756,0,0,0,5,6,3,1,10
341,2,7447551660642179069,0,0,0,7,3,4,1,10
342,2,-3312509276445913515,0,0,0,5,7,3,1,10
343,2,1671232814223333385,0,0,0,5,2,3,1,10
344,2,-8997380063345516340,0,1,1,6,2,3,1,10
345,2,7066319119836090969,0,0,0,3,5,2,1,10
346,2,2051562411276173924,0,0,0,7,1,4,1,10
347,2,6633696047227603601,0,0,0,5,3,3,1,10
348,2,8053753224416136828,0,1,1,4,5,2,1,10
349,2,8081798847255029519,0,1,1,6,5,3,1,10
350,2,1686173169983516607,0,1,1,10,3,5,1,10
351,2,-6741191890070349471,0,1,1,8,2,4,1,10
352,2,7551669735035125690,0,0,0,5,7,3,1,10
353,2,817322641040841207,0,0,0,5,3,3,1,10
354,2,-7681608518701036626,0,1,1,6,3,3,1,10
355,2,6813244192803531545,0,1,1,6,2,3,1,10
356,2,-799567251315813721,0,0,0,5,4,3,1,10
357,2,6463463733073614618,0,0,0,5,6,3,1,10
358,2,-3603365709834776371,0,0,0,5,3,3,1,10
359,2,-7475064080194904626,0,0,0,5,7,3,1,10
360,2,-7141271899617235975,0,0,0,7,4,4,1,10
361,2,-3645313680115038920,0,0,0,9,2,5,1,10
362,2,-813606537018452598,0,0,0,5,2,3,1,10
363,2,6077188741552898440,0,0,0,5,3,3,1,10
364,2,-5889240790349597319,0,1,1,6,4,3,1,10
365,2,8460047888651790403,0,0,0,5,5,3,1,10
366,2,5811333872113808043,0,1,1,10,3,5,1,10
367,2,9061771253406507715,0,0,0,5,4,3,1,10
368,2,718880064193883270,0,1,1,6,1,3,1,10
369,2,-5732102379876084766,0,0,0,7,1,4,1,10
370,2,6742280374751132102,0,1,1,6,5,3,1,10
371,2,5181125386420020466,0,0,0,5,4,3,1,10
372,2,-834104396270075759,0,1,1,8,2,4,1,10
373,2,-3132157644125213201,0,1,1,6,3,3,1,10
374,2,-466210819174466616,0,1,1,6,3,3,1,10
375,2,-6446779205686661897,0,0,0,7,6,4,1,10
376,2,-5043496799542115937,0,0,0,7,1,4,1,10
377,2,331600363706155258,0,1,1,6,2,3,1,10
378,2,2632571912175624047,0,1,1,6,2,3,1,10
379,2,7259434726428318637,0,0,0,7,3,4,1,10
380,2,7034773605526970058,0,0,0,5,7,3,1,10
381,2,-2378807064512389437,0,0,0,7,3,4,1,10
382,2,7044002907889436624,0,0,0,5,7,3,1,10
383,2,-7467986275928762273,0,0,0,7,6,4,1,10
384,2,-7710964463403764544,0,0,0,5,3,3,1,10
385,2,-1797319639737052477,0,1,1,8,2,4,1,10
386,2,6648804362421930705,0,0,0,5,5,3,1,10
387,2,-6092895600319714483,0,0,0,5,5,3,1,10
388,2,6677731808203156546,0,1,1,6,2,3,1,10
389,2,-8290431848890866524,0,0,0,5,5,3,1,10
390,2,822470599114602416,0,1,1,8,1,4,1,10
391,2,-440745167956154322,0,0,0,7,4,4,1,10
392,2,5493254706132871335,0,0,0,5,2,3,1,10
393,2,9110007253430282949,0,1,1,8,2,4,1,10
394,2,3828546001588759930,0,1,1,6,4,3,1,10
395,2,954358573689120937,0,0,0,3,5,2,1,10
396,2,4673329353811134038,0,0,0,5,1,3,1,10
397,2,8951106077823315127,0,0,0,7,1,4,1,10
398,2,-2955788004876631659,0,0,0,5,5,3,1,10
399,2,-3074617922874386725,0,0,0,7,4,4,1,10
400,2,-2069238736506574513,0,0,0,5,4,3,1,10
401,2,5142285657910056386,0,0,0,7,2,4,1,10
402,2,-5718166377548646857,0,1,1,6,1,3,1,10
403,2,-2871135245862434860,0,0,0,5,3,3,1,10
404,2,-5470290219754087517,0,1,1,6,2,3,1,10
405,2,6513239277378205537,0,0,0,5,8,3,1,10
406,2,-1937526650582908692,0,0,0,5,3,3,1,10
407,2,4053606368753870361,0,0,0,5,1,3,1,10
408,2,-8685931211186045961,0,0,0,5,7,3,1,10
409,2,753476599907605441,0,1,1,8,1,4,1,10
410,2,7629449046163267860,0,0,0,7,1,4,1,10
411,2,-7165006901954417628,0,0,0,5,4,3,1,10
412,2,-278983357706912762,0,0,0,7,5,4,1,10
413,2,6679654565873428551,0,0,0,7,2,4,1,10
414,2,-4190755768947603870,0,0,0,7,1,4,1,10
415,2,8738829291820281567,0,0,0,7,4,4,1,10
416,2,-6408956391818137828,0,0,0,3,9,2,1,10
417,2,6080893915112984583,0,1,1,6,2,3,1,10
418,2,8338116970483255134,0,1,1,6,2,3,1,10
419,2,-765449995369154515,0,0,0,5,3,3,1,10
420,2,7206399308001339547,0,0,0,7,4,4,1,10
421,2,-4702905487158716851,0,0,0,5,3,3,1,10
422,2,1597001207848986596,0,0,0,5,5,3,1,10
423,2,-5991885943191703198,0,1,1,8,1,4,1,10
424,2,8732933234154285690,0,0,0,5,2,3,1,10
425,2,-8548631991035879144,0,1,1,8,1,4,1,10
426,2,-8215727050752168029,0,0,0,3,8,2,1,10
427,2,-2619328012761457211,0,1,1,4,3,2,1,10
428,2,182458834583790529,0,0,0,5,8,3,1,10
429,2,-9162346926953260134,0,0,0,5,6,3,1,10
430,2,-1369199353322860385,0,0,0,7,5,4,1,10
431,2,1299309702837331221,0,0,0,5,3,3,1,10
432,2,7441283111589658382,0,1,1,6,5,3,1,10
433,2,-1384188605853914951,0,0,0,3,7,2,1,10
434,2,3640669997955440048,0,0,0,9,5,5,1,10
435,2,7981275472775572993,0,0,0,5,1,3,1,10
436,2,8283764711150764307,0,1,1,6,3,3,1,10
437,2,-2352370805791922799,0,1,1,8,4,4,1,10
438,2,-5147310076202069759,0,0,0,5,5,3,1,10
439,2,-9201325968796251985,0,1,1,8,1,4,1,10
440,2,655144395457361685,0,0,0,5,1,3,1,10
441,2,3908628233485368304,0,0,0,7,3,4,1,10
442,2,4259219119874400913,0,0,0,5,6,3,1,10
443,2,6492006978787436854,0,0,0,7,3,4,1,10
444,2,5824038880760083823,0,0,0,5,3,3,1,10
445,2,4287545667298051289,0,0,0,5,8,3,1,10
446,2,7863954918594178741,0,0,0,5,1,3,1,10
447,2,2259789538798252579,0,0,0,5,5,3,1,10
448,2,-6583220104838502899,0,0,0,5,5,3,1,10
449,2,-8309676404741965054,0,1,1,4,1,2,1,10
450,2,2397235078220737684,0,1,1,8,3,4,1,10
451,2,4699390104985784056,0,0,0,9,2,5,1,10
452,2,-8655620574724659470,0,1,1,6,2,3,1,10
453,2,8012186223757638997,0,0,0,5,5,3,1,10
454,2,2749848532295906474,0,0,0,5,4,3,1,10
455,2,-1013635701383389528,0,1,1,4,5,2,1,10
456,2,7094131107054975154,0,0,0,5,6,3,1,10
457,2,67079307814084979,0,1,1,6,3,3,1,10
458,2,1802229122610337605,0,0,0,5,5,3,1,10
459,2,-2622746272502387171,0,1,1,6,4,3,1,10
460,2,-3949227922422858504,0,0,0,7,1,4,1,10
461,2,-4289042721400056276,0,0,0,7,3,4,1,10
462,2,-7289428355998612725,0,0,0,5,6,3,1,10
463,2,-241695527116750157,0,0,0,5,4,3,1,10
464,2,-6364886391143316223,0,0,0,9,4,5,1,10
465,2,-2273530337300556280,0,0,0,7,4,4,1,10
466,2,-8688392759291413645,0,0,0,9,1,5,1,10
467,2,-6279954669395217222,0,0,0,7,4,4,1,10
468,2,-5304247503455899616,0,0,0,5,3,3,1,10
469,2,708007719791634881,0,0,0,7,1,4,1,10
470,2,505129841863794503,0,1,1,6,6,3,1,10
471,2,1287486904444099063,0,0,0,3,5,2,1,10
472,2,5096072508755630648,0,0,0,5,1,3,1,10
473,2,8742498532144020167,0,0,0,7,2,4,1,10
474,2,-7625610483566936280,0,1,1,6,1,3,1,10
475,2,7380182592402866211,0,0,0,7,1,4,1,10
476,2,-7781326526565967291,0,1,1,6,1,3,1,10
477,2,8945088625879987643,0,0,0,5,5,3,1,10
478,2,7601489115278246922,0,1,1,8,4,4,1,10
479,2,-8388658742111897749,0,0,0,3,6,2,1,10
480,2,8620979480002941139,0,0,0,7,2,4,1,10
481,2,2924365767143193844,0,1,1,6,3,3,1,10
482,2,-1953688382615706189,0,0,0,5,5,3,1,10
483,2,-5771253704239338258,0,0,0,7,1,4,1,10
484,2,-7778348975659547003,0,0,0,5,4,3,1,10
485,2,9190655018936085245,0,0,0,5,4,3,1,10
486,2,4091395485076812097,0,0,0,7,1,4,1,10
487,2,8955899908250686786,0,0,0,5,3,3,1,10
488,2,-3961763867478205808,0,0,0,7,1,4,1,10
489,2,-3767739475351788267,0,0,0,5,4,3,1,10
490,2,-7390507330521440351,0,0,0,7,2,4,1,10
491,2,8271665169127991024,0,1,1,6,1,3,1,10
492,2,691807103339905341,0,0,0,5,4,3,1,10
493,2,6915051682548907437,0,0,0,5,3,3,1,10
494,2,-1214507360614351848,0,0,0,5,5,3,1,10
495,2,2297474915129042164,0,0,0,5,4,3,1,10
496,2,8835966317586977386,0,1,1,4,3,2,1,10
497,2,-1261574111467706642,0,1,1,6,4,3,1,10
498,2,5771867014127409854,0,0,0,7,1,4,1,10
499,2,2215001555593705790,0,0,0,7,2,4,1,10
500,2,1631183689968052234,0,0,0,3,7,2,1,10
501,2,-7895992092184021712,0,0,0,3,5,2,1,10
502,2,1090010200436399870,0,0,0,5,3,3,1,10
503,2,-7666429517588455629,0,0,0,5,2,3,1,10
504,2,-963728968369320800,0,0,0,5,4,3,1,10
505,2,5625747461391298948,0,0,0,7,3,4,1,10
506,2,-6007433476670008808,0,1,1,6,1,3,1,10
507,2,-4943281702996779476,0,0,0,5,4,3,1,10
508,2,-6558658218656286264,0,1,1,8,3,4,1,10
509,2,3468304562144377900,0,1,1,6,3,3,1,10
510,2,-9122018711400068705,0,0,0,7,2,4,1,10
511,2,3167657053855978485,0,0,0,5,8,3,1,10
512,2,4502928103781623471,0,1,1,4,5,2,1,10
513,2,-8479868467629211875,0,0,0,7,5,4,1,10
514,2,-8272831089411465732,0,1,1,6,2,3,1,10
515,2,5528419593055883088,0,0,0,5,7,3,1,10
516,2,-4946096044363225450,0,1,1,6,2,3,1,10
517,2,-6602694869557219196,0,0,0,5,3,3,1,10
518,2,7860098468719243497,0,0,0,3,7,2,1,10
519,2,-4059373647691924880,0,1,1,6,2,3,1,10
520,2,-3422683990109087918,0,0,0,5,6,3,1,10
521,2,2191833176427652414,0,1,1,4,4,2,1,10
522,2,2320977485372998646,0,0,0,5,1,3,1,10
523,2,3372472370515219838,0,1,1,8,1,4,1,10
524,2,9196961642534035407,0,1,1,8,1,4,1,10
525,2,-4174276368278457506,0,0,0,5,6,3,1,10
526,2,-1490086673694351609,0,1,1,8,5,4,1,10
527,2,3359944516664099096,0,1,1,6,2,3,1,10
528,2,-1519119564038422904,0,1,1,6,4,3,1,10
529,2,-449277456985955157,0,1,1,6,3,3,1,10
530,2,6780643421540107987,0,0,0,5,3,3,1,10
531,2,5924391909141584077,0,0,0,9,1,5,1,10
532,2,8585930323063154705,0,0,0,5,5,3,1,10
533,2,-3009956243572934369,0,1,1,6,6,3,1,10
534,2,3993718459332363111,0,0,0,7,2,4,1,10
535,2,4606419796508958114,0,1,1,6,2,3,1,10
536,2,7622991739202647438,0,1,1,6,2,3,1,10
537,2,5915879600702503273,0,0,0,5,4,3,1,10
538,2,-6349218183755991390,0,0,0,5,6,3,1,10
539,2,-9086540292151381872,0,1,1,6,2,3,1,10
540,2,-3007621923965492423,0,1,1,8,1,4,1,10
541,2,2020590165834619244,0,0,0,7,1,4,1,10
542,2,4341795819650122423,0,0,0,5,6,3,1,10
543,2,7047391059534322947,0,0,0,5,4,3,1,10
544,2,-2565509465519120673,0,1,1,6,1,3,1,10
545,2,-8653051245477401922,0,0,0,5,6,3,1,10
546,2,-8379104972864094035,0,0,0,3,8,2,1,10
547,2,1982502622682297180,0,1,1,8,2,4,1,10
548,2,-1158146048972036508,0,0,0,5,4,3,1,10
549,2,1716943521475895082,0,1,1,6,3,3,1,10
550,2,-6912001651674790174,0,0,0,7,1,4,1,10
551,2,-5859909968547040400,0,1,1,6,4,3,1,10
552,2,2257743539211220538,0,1,1,6,6,3,1,10
553,2,3900783325912324910,0,0,0,5,5,3,1,10
554,2,-1134117603461365884,0,0,0,5,8,3,1,10
555,2,-2064035397229263096,0,1,1,6,2,3,1,10
556,2,1624125300673906670,0,0,0,5,4,3,1,10
557,2,-8812065308697732994,0,0,0,5,1,3,1,10
558,2,-5780653784626049257,0,0,0,3,9,2,1,10
559,2,-6183573279048922017,0,0,0,5,5,3,1,10
560,2,-1712187466088734564,0,0,0,5,1,3,1,10
561,2,-4175816567338788737,0,0,0,7,4,4,1,10
562,2,2883006854819662578,0,0,0,5,2,3,1,10
563,2,-2538731276127981401,0,0,0,5,7,3,1,10
564,2,9138127877884768117,0,0,0,5,3,3,1,10
565,2,-6265045117529938228,0,0,0,5,4,3,1,10
566,2,-3856577742269202495,0,1,1,4,4,2,1,10
567,2,-8703444824833926524,0,0,0,5,1,3,1,10
568,2,-852699686322455488,0,1,1,6,2,3,1,10
569,2,2343581861657226165,0,0,0,5,4,3,1,10
570,2,-5948030483708983292,0,0,0,5,7,3,1,10
571,2,5768996791695729807,0,1,1,6,3,3,1,10
572,2,-729263075550616105,0,0,0,5,5,3,1,10
573,2,-7371227935676969285,0,0,0,7,2,4,1,10
574,2,3353965954389095055,0,0,0,7,3,4,1,10
575,2,5186073235412707284,0,0,0,7,1,4,1,10
576,2,-3920871824556724059,0,1,1,6,1,3,1,10
577,2,6158644969080056086,0,0,0,5,6,3,1,10
578,2,-8563106058492724984,0,0,0,5,7,3,1,10
579,2,7419094898876356180,0,1,1,4,5,2,1,10
580,2,8895267235172984111,0,0,0,5,4,3,1,10
581,2,-8363620574915098577,0,1,1,6,5,3,1,10
582,2,5258381791508727405,0,1,1,4,2,2,1,10
583,2,4687353338123085188,0,1,1,4,4,2,1,10
584,2,4542484101697404552,0,0,0,5,5,3,1,10
585,2,5950062684538421286,0,1,1,6,4,3,1,10
586,2,-6719756618498863733,0,1,1,6,3,3,1,10
587,2,617350330728548556,0,1,1,6,1,3,1,10
588,2,1238229920545614043,0,1,1,6,4,3,1,10
589,2,5490973947136200269,0,1,1,6,2,3,1,10
590,2,-1716042895111245945,0,0,0,7,1,4,1,10
591,2,-3996769956044063734,0,1,1,6,4,3,1,10
592,2,3993520891512639460,0,0,0,5,4,3,1,10
593,2,166748145512450986,0,1,1,4,1,2,1,10
594,2,9058053103947821657,0,1,1,6,1,3,1,10
595,2,-2462161291655913972,0,1,1,6,1,3,1,10
596,2,5778042927352741239,0,0,0,7,3,4,1,10
597,2,7470778025340776313,0,0,0,5,5,3,1,10
598,2,-922914274036021428,0,1,1,6,2,3,1,10
599,2,1880401453447469849,0,0,0,5,1,3,1,10
600,2,4965927256785733624,0,1,1,6,1,3,1,10
601,2,7797723438811046312,0,0,0,5,6,3,1,10
602,2,2536152855971783040,0,1,1,4,3,2,1,10
603,2,-6374297127422597271,0,1,1,8,2,4,1,10
604,2,-7666589740181892894,0,1,1,6,1,3,1,10
605,2,-5008688377284813478,0,0,0,7,3,4,1,10
606,2,-8778520098460427160,0,1,1,6,2,3,1,10
607,2,-5107018797172291160,0,0,0,5,2,3,1,10
608,2,2562834987466167105,0,0,0,7,2,4,1,10
609,2,-5808763365851307163,0,0,0,5,2,3,1,10
610,2,4153853966842032717,0,1,1,6,2,3,1,10
611,2,5680031095572755831,0,0,0,5,1,3,1,10
612,2,-2924816978135219657,0,0,0,5,6,3,1,10
613,2,6686015133283433683,0,0,0,5,4,3,1,10
614,2,-7679288335379758392,0,0,0,7,2,4,1,10
615,2,-2747723841879853589,0,0,0,5,4,3,1,10
616,2,4358325120334329722,0,0,0,5,2,3,1,10
617,2,-1129544715355091611,0,1,1,8,3,4,1,10
618,2,-8409524851261757108,0,0,0,5,5,3,1,10
619,2,6427127429581613068,0,1,1,8,1,4,1,10
620,2,8236277473930342868,0,0,0,5,3,3,1,10
621,2,2848785449183786507,0,0,0,7,2,4,1,10
622,2,8626997488584336282,0,1,1,6,1,3,1,10
623,2,-7308515258248018600,0,1,1,4,5,2,1,10
624,2,-6722911480423832670,0,0,0,3,7,2,1,10
625,2,-7856483833668040851,0,1,1,4,8,2,1,10
626,2,8978738451720472650,0,1,1,6,3,3,1,10
627,2,-6265477635242770883,0,0,0,3,7,2,1,10
628,2,-9097117299982184106,0,1,1,6,1,3,1,10
629,2,5339019673633817701,0,0,0,5,2,3,1,10
630,2,-502036819416806071,0,0,0,5,7,3,1,10
631,2,1561971706495820962,0,0,0,9,2,5,1,10
632,2,4227131803367833590,0,1,1,4,7,2,1,10
633,2,6488321475945100419,0,0,0,7,2,4,1,10
634,2,3716572881105624661,0,0,0,5,7,3,1,10
635,2,-5494099562871396769,0,1,1,6,1,3,1,10
636,2,-7839981341878619238,0,0,0,3,6,2,1,10
637,2,-6229012718151743864,0,0,0,7,3,4,1,10
638,2,-2978443752059747453,0,0,0,5,3,3,1,10
639,2,-7640069707987232832,0,1,1,6,1,3,1,10
640,2,-189984639016206863,0,0,0,5,4,3,1,10
641,2,4946257041899733739,0,0,0,3,7,2,1,10
642,2,8138681787831965626,0,1,1,8,1,4,1,10
643,2,-7623752017310806522,0,0,0,5,4,3,1,10
644,2,-4224969475637896003,0,0,0,5,5,3,1,10
645,2,204985370822053463,0,0,0,5,4,3,1,10
646,2,-4194619193996013770,0,0,0,9,2,5,1,10
647,2,8490203674349717990,0,0,0,3,7,2,1,10
648,2,-8638696633206347694,0,0,0,3,8,2,1,10
649,2,4835106508989037611,0,1,1,10,1,5,1,10
650,2,6648830967865822725,0,1,1,6,1,3,1,10
651,2,-5700860634815221240,0,0,0,5,6,3,1,10
652,2,-6575713810337443301,0,1,1,6,3,3,1,10
653,2,619190220508180728,0,1,1,8,1,4,1,10
654,2,7301667116721720973,0,1,1,8,3,4,1,10
655,2,8242008095891398025,0,0,0,5,4,3,1,10
656,2,7635364343554618133,0,0,0,5,3,3,1,10
657,2,2025685544460719367,0,1,1,8,2,4,1,10
658,2,-4329622861373073404,0,0,0,3,7,2,1,10
659,2,-5438836071455871367,0,0,0,7,3,4,1,10
660,2,6210266950577433171,0,0,0,7,2,4,1,10
661,2,-737200404888611119,0,0,0,5,1,3,1,10
662,2,-4878756662982392585,0,1,1,6,1,3,1,10
663,2,8920886268423552094,0,0,0,5,7,3,1,10
664,2,-2324307382672929928,0,0,0,5,5,3,1,10
665,2,1954913086004804997,0,0,0,5,6,3,1,10
666,2,-7932264662440699452,0,0,0,3,6,2,1,10
667,2,5198551810820542127,0,1,1,8,3,4,1,10
668,2,-2257887682256921280,0,0,0,5,6,3,1,10
669,2,5626471401692564357,0,0,0,5,2,3,1,10
670,2,2697373206631541535,0,0,0,5,1,3,1,10
671,2,5441517379930580826,0,0,0,5,7,3,1,10
672,2,-1168719844135278601,0,1,1,6,1,3,1,10
673,2,6991120936320905449,0,1,1,6,1,3,1,10
674,2,8557586989733303441,0,0,0,7,3,4,1,10
675,2,-5638650774096782017,0,1,1,6,5,3,1,10
676,2,-6400752778337954816,0,1,1,6,3,3,1,10
677,2,-4240623976175989254,0,1,1,6,3,3,1,10
678,2,-3937985564545138956,0,0,0,7,3,4,1,10
679,2,5294667334917359283,0,0,0,5,4,3,1,10
680,2,1600794599869634639,0,0,0,7,5,4,1,10
681,2,-1153470376203876936,0,1,1,6,4,3,1,10
682,2,793572195422091000,0,0,0,9,1,5,1,10
683,2,3057293731646731262,0,0,0,7,2,4,1,10
684,2,7186387117676820719,0,0,0,5,5,3,1,10
685,2,-8832646481396522923,0,1,1,8,2,4,1,10
686,2,573150642495198114,0,0,0,7,3,4,1,10
687,2,-8542329088232195619,0,0,0,7,2,4,1,10
688,2,-937582461077236354,0,0,0,7,1,4,1,10
689,2,-3763007203866378824,0,0,0,7,4,4,1,10
690,2,-1665919282313794360,0,1,1,8,1,4,1,10
691,2,-4103793045378020352,0,0,0,3,7,2,1,10
692,2,3789201073447339948,0,0,0,5,6,3,1,10
693,2,5756727727777323003,0,0,0,5,4,3,1,10
694,2,8238891411495018902,0,0,0,5,3,3,1,10
695,2,-1635595208993380467,0,0,0,5,1,3,1,10
696,2,-6164135865759968832,0,0,0,5,7,3,1,10
697,2,-4100362900003531282,0,1,1,6,1,3,1,10
698,2,9125143586066968331,0,0,0,5,5,3,1,10
699,2,2191588464847179164,0,1,1,6,6,3,1,10
700,2,-8322353781072388845,0,0,0,5,5,3,1,10
701,2,3281640547462770065,0,1,1,6,2,3,1,10
702,2,3892692370344515197,0,0,0,5,5,3,1,10
703,2,-7399693291743179336,0,0,0,5,7,3,1,10
704,2,-1610791526232962926,0,0,0,5,7,3,1,10
705,2,-2927663709528615267,0,0,0,5,1,3,1,10
706,2,-7281611839672380399,0,0,0,9,3,5,1,10
707,2,1583135794432778340,0,1,1,6,3,3,1,10
708,2,1674279721760311104,0,1,1,4,4,2,1,10
709,2,-6082288165486424836,0,0,0,7,1,4,1,10
710,2,1917131537105642820,0,1,1,8,2,4,1,10
711,2,-7530555278359391852,0,0,0,7,1,4,1,10
712,2,-4672151539449229646,0,1,1,8,1,4,1,10
713,2,555994956041708365,0,0,0,5,7,3,1,10
714,2,-858479477806375067,0,0,0,7,4,4,1,10
715,2,9079781933193493296,0,0,0,7,2,4,1,10
716,2,-2082298428142365295,0,0,0,5,4,3,1,10
717,2,-2631853359219137183,0,0,0,7,4,4,1,10
718,2,8272108122645894680,0,0,0,3,7,2,1,10
719,2,-1804644792757170283,0,0,0,5,5,3,1,10
720,2,-5064672959663660516,0,0,0,5,2,3,1,10
721,2,7219511737277237953,0,0,0,5,7,3,1,10
722,2,3101419038066758100,0,1,1,8,1,4,1,10
723,2,7377788135683617811,0,0,0,7,2,4,1,10
724,2,6970640389417347235,0,0,0,7,3,4,1,10
725,2,-8098276914537826011,0,1,1,6,2,3,1,10
726,2,-6784287251333163418,0,0,0,5,5,3,1,10
727,2,-8341414928140162192,0,0,0,5,6,3,1,10
728,2,-193981059351578099,0,0,0,7,2,4,1,10
729,2,8525489991394072318,0,0,0,5,3,3,1,10
730,2,829276838110460268,0,0,0,5,5,3,1,10
731,2,6109414502816862307,0,0,0,9,1,5,1,10
732,2,717373498097271379,0,0,0,5,4,3,1,10
733,2,-8219475623683346963,0,0,0,5,3,3,1,10
734,2,1611192206832666843,0,0,0,5,2,3,1,10
735,2,-7515601645813833702,0,0,0,5,2,3,1,10
736,2,4616027628173645570,0,0,0,5,1,3,1,10
737,2,3159937691045338442,0,0,0,5,8,3,1,10
738,2,704969445051236730,0,1,1,6,1,3,1,10
739,2,-4219457174414863179,0,0,0,7,4,4,1,10
740,2,-4555937777064946243,0,0,0,7,1,4,1,10
741,2,-5681405390757585762,0,0,0,7,2,4,1,10
742,2,-2630460332156054172,0,1,1,6,1,3,1,10
743,2,-4114903090789658680,0,0,0,5,2,3,1,10
744,2,-2330373555703934279,0,0,0,5,4,3,1,10
745,2,4673908465503604265,0,0,0,5,3,3,1,10
746,2,4578111394877702794,0,0,0,7,3,4,1,10
747,2,-6957574278587181859,0,0,0,3,7,2,1,10
748,2,4003786049401558848,0,0,0,5,6,3,1,10
749,2,3592986233089040733,0,0,0,5,4,3,1,10
750,2,2419619277793114415,0,0,0,5,4,3,1,10
751,2,-8792027644306631696,0,1,1,6,2,3,1,10
752,2,-9189503949451792338,0,0,0,5,4,3,1,10
753,2,-8790022744064735904,0,0,0,5,4,3,1,10
754,2,7527975708339589738,0,1,1,6,3,3,1,10
755,2,-8827203254327786511,0,1,1,8,1,4,1,10
756,2,-911420653835056009,0,1,1,6,3,3,1,10
757,2,-8047784705244206194,0,0,0,7,2,4,1,10
758,2,6851519547912541863,0,1,1,6,2,3,1,10
759,2,6497175321026858309,0,1,1,6,4,3,1,10
760,2,-1781767952397210721,0,0,0,5,4,3,1,10
761,2,-7194196643684967947,0,1,1,6,3,3,1,10
762,2,-6924096408651377626,0,0,0,5,4,3,1,10
763,2,3188143530024043590,0,1,1,6,1,3,1,10
764,2,-5097771795945448384,0,0,0,7,1,4,1,10
765,2,-2879779816402793000,0,1,1,6,1,3,1,10
766,2,-1512512430590179973,0,0,0,5,5,3,1,10
767,2,-137734319784184898,0,0,0,9,1,5,1,10
768,2,-97253082904982904,0,1,1,6,3,3,1,10
769,2,-130114716305478099,0,1,1,6,4,3,1,10
770,2,-2290761710654142452,0,0,0,5,3,3,1,10
771,2,2239006509502019440,0,1,1,6,2,3,1,10
772,2,8651133502603861688,0,1,1,10,2,5,1,10
773,2,3903283307883040287,0,0,0,5,3,3,1,10
774,2,3577880227487621783,0,0,0,5,4,3,1,10
775,2,-5093040269901207921,0,0,0,5,6,3,1,10
776,2,4107852913113443238,0,0,0,9,2,5,1,10
777,2,8225596696272879500,0,1,1,8,2,4,1,10
778,2,-8853890235031118935,0,1,1,6,3,3,1,10
779,2,-7173034446263890363,0,0,0,3,8,2,1,10
780,2,-76374265160749764,0,0,0,5,3,3,1,10
781,2,1988824082467927431,0,0,0,7,6,4,1,10
782,2,-1962233599402074073,0,1,1,6,1,3,1,10
783,2,-4913695286534046674,0,0,0,3,8,2,1,10
784,2,-4594394905922447625,0,0,0,5,2,3,1,10
785,2,4222444361552426711,0,1,1,6,2,3,1,10
786,2,5911613344523860425,0,0,0,7,2,4,1,10
787,2,8271804960806803674,0,1,1,6,1,3,1,10
788,2,1320267479660524136,0,0,0,5,5,3,1,10
789,2,7194103254041518199,0,0,0,5,4,3,1,10
790,2,-4026641994589874790,0,1,1,8,1,4,1,10
791,2,-8764551643818143154,0,1,1,8,2,4,1,10
792,2,2596527542970092982,0,1,1,6,3,3,1,10
793,2,-6826919594218997740,0,0,0,9,1,5,1,10
794,2,-4823079973850850694,0,0,0,5,7,3,1,10
795,2,489730088253757059,0,0,0,5,3,3,1,10
796,2,-5773421119804311013,0,1,1,8,3,4,1,10
797,2,4155261230267338386,0,0,0,5,3,3,1,10
798,2,-330164777305796708,0,0,0,9,1,5,1,10
799,2,-6256768559648825882,0,1,1,6,3,3,1,10
800,2,8633697779525851747,0,0,0,5,6,3,1,10
801,2,-5481153512862682489,0,0,0,7,3,4,1,10
802,2,-9217557798315830520,0,1,1,8,2,4,1,10
803,2,-1416435549025876521,0,1,1,6,4,3,1,10
804,2,-7878232968117780112,0,0,0,7,2,4,1,10
805,2,-5580272034045529409,0,1,1,6,1,3,1,10
806,2,-2114092845510090726,0,0,0,5,3,3,1,10
807,2,7008773506911189802,0,1,1,6,1,3,1,10
808,2,1249416590871421112,0,1,1,6,2,3,1,10
809,2,5525289587461976246,0,0,0,9,2,5,1,10
810,2,-5720267782895475199,0,0,0,5,5,3,1,10
811,2,-4979661588885277527,0,0,0,7,3,4,1,10
812,2,5218731115621893829,0,1,1,4,4,2,1,10
813,2,6475334729444770593,0,1,1,6,1,3,1,10
814,2,997950650801794625,0,1,1,6,3,3,1,10
815,2,-2441883868180677233,0,0,0,5,5,3,1,10
816,2,6406274821311802804,0,1,1,8,3,4,1,10
817,2,-4738992337090729883,0,1,1,6,1,3,1,10
818,2,-2330831161671281871,0,0,0,5,6,3,1,10
819,2,460802687263215630,0,1,1,6,1,3,1,10
820,2,7564158801102363063,0,0,0,3,7,2,1,10
821,2,2648120257888651550,0,0,0,5,5,3,1,10
822,2,-4532208821077834114,0,1,1,6,1,3,1,10
823,2,4043394766966587338,0,0,0,5,1,3,1,10
824,2,6646346769445488531,0,1,1,6,4,3,1,10
825,2,-4775130822827210086,0,1,1,6,3,3,1,10
826,2,166594811644143527,0,0,0,5,4,3,1,10
827,2,-6505933228395760548,0,1,1,10,1,5,1,10
828,2,-4554272596639978718,0,0,0,9,1,5,1,10
829,2,-8652608511541776036,0,0,0,7,3,4,1,10
830,2,-132218690150864258,0,0,0,3,7,2,1,10
831,2,7003117984512308177,0,0,0,7,3,4,1,10
832,2,1512063312311877075,0,0,0,5,5,3,1,10
833,2,7110199232971985817,0,1,1,6,4,3,1,10
834,2,2624218924945329581,0,1,1,6,5,3,1,10
835,2,-5795661303037149911,0,1,1,6,4,3,1,10
836,2,9204180384875420965,0,0,0,5,1,3,1,10
837,2,-6334501830604252226,0,1,1,6,1,3,1,10
838,2,3480148326006513967,0,0,0,5,4,3,1,10
839,2,-7469441834072739112,0,0,0,7,1,4,1,10
840,2,-7791341947657881297,0,1,1,6,1,3,1,10
841,2,6208533372828539624,0,0,0,5,5,3,1,10
842,2,2736270323286269138,0,0,0,5,6,3,1,10
843,2,-2953661748661283513,0,0,0,5,5,3,1,10
844,2,-4840264240840944869,0,1,1,8,1,4,1,10
845,2,-2433187147262170262,0,1,1,8,2,4,1,10
846,2,-2625617452749781316,0,0,0,5,3,3,1,10
847,2,2972901159648906580,0,0,0,5,4,3,1,10
848,2,-9115585146415477849,0,0,0,5,1,3,1,10
849,2,-8474167496347032757,0,0,0,7,3,4,1,10
850,2,324834713615739363,0,0,0,7,2,4,1,10
851,2,1179732107970774734,0,1,1,6,1,3,1,10
852,2,-2283476506104036957,0,0,0,3,8,2,1,10
853,2,618605415004559045,0,0,0,7,1,4,1,10
854,2,-1116525566358037357,0,0,0,5,5,3,1,10
855,2,-9157767488421831942,0,0,0,5,7,3,1,10
856,2,-6504065248216170379,0,0,0,5,5,3,1,10
857,2,1402250684060756679,0,0,0,5,6,3,1,10
858,2,8166243931981911788,0,1,1,8,1,4,1,10
859,2,-6357000498665043183,0,0,0,9,3,5,1,10
860,2,-4271185767796932968,0,0,0,5,1,3,1,10
861,2,7020514506693261172,0,0,0,5,6,3,1,10
862,2,-6541761074080704158,0,1,1,6,1,3,1,10
863,2,-2292601268234007873,0,0,0,7,2,4,1,10
864,2,7411278621617810456,0,0,0,7,3,4,1,10
865,2,-408510961777870174,0,1,1,6,4,3,1,10
866,2,-5356899636786748613,0,0,0,7,2,4,1,10
867,2,3613240337070889638,0,1,1,6,1,3,1,10
868,2,-6903427084377763561,0,0,0,9,1,5,1,10
869,2,-3125043248384468388,0,1,1,8,1,4,1,10
870,2,-808187802581370604,0,1,1,6,4,3,1,10
871,2,3855847289713324761,0,1,1,6,5,3,1,10
872,2,8154599158035840076,0,0,0,7,4,4,1,10
873,2,2536057287361656673,0,0,0,5,8,3,1,10
874,2,2713352589099154269,0,0,0,7,1,4,1,10
875,2,121986182723566945,0,0,0,9,3,5,1,10
876,2,492120859338080639,0,0,0,5,4,3,1,10
877,2,932965167853211554,0,1,1,6,2,3,1,10
878,2,2749490683366280408,0,0,0,5,2,3,1,10
879,2,-1835400132900085572,0,0,0,3,7,2,1,10
880,2,-544532904998189042,0,0,0,7,3,4,1,10
881,2,-6917033186577616696,0,0,0,5,5,3,1,10
882,2,-6676749848310281954,0,0,0,5,4,3,1,10
883,2,504570887083367000,0,1,1,4,6,2,1,10
884,2,-7546766209561466516,0,1,1,4,4,2,1,10
885,2,-5613479591278085461,0,0,0,5,2,3,1,10
886,2,-333886308814157030,0,1,1,8,2,4,1,10
887,2,-7872283810477020899,0,1,1,6,2,3,1,10
888,2,4889644907610627996,0,0,0,7,2,4,1,10
889,2,599548626099171804,0,1,1,6,1,3,1,10
890,2,-979640624624254068,0,0,0,7,3,4,1,10
891,2,5155796667806582752,0,1,1,8,1,4,1,10
892,2,2476665614246085562,0,1,1,4,5,2,1,10
893,2,-8027088702960836068,0,0,0,7,5,4,1,10
894,2,7649995767197802375,0,0,0,5,3,3,1,10
895,2,1747196730047461361,0,1,1,6,3,3,1,10
896,2,8477188296496929906,0,0,0,5,5,3,1,10
897,2,-5808987217060802333,0,1,1,6,5,3,1,10
898,2,-2457112558039695629,0,0,0,11,1,6,1,10
899,2,5965616054099352462,0,1,1,6,1,3,1,10
900,2,6848939474762382471,0,0,0,5,3,3,1,10
901,2,-6601415996160262182,0,0,0,7,4,4,1,10
902,2,-68922840897209588,0,0,0,5,6,3,1,10
903,2,7159214853873655917,0,0,0,5,5,3,1,10
904,2,-4657349968775368370,0,0,0,7,3,4,1,10
905,2,-3350441459732316319,0,0,0,3,8,2,1,10
906,2,8131148341427371233,0,1,1,6,2,3,1,10
907,2,6825586665887939126,0,0,0,9,2,5,1,10
908,2,8879440991739560240,0,1,1,8,1,4,1,10
909,2,4550691673206935818,0,0,0,3,7,2,1,10
910,2,5450552045637821398,0,0,0,5,5,3,1,10
911,2,-3287025016480240377,0,1,1,6,4,3,1,10
912,2,8346174039730944556,0,1,1,6,4,3,1,10
913,2,1273047588930411036,0,1,1,6,2,3,1,10
914,2,-4418513396402947038,0,0,0,5,3,3,1,10
915,2,-791457963442133010,0,0,0,5,3,3,1,10
916,2,1942771417557356626,0,0,0,5,8,3,1,10
917,2,-4358639224225929711,0,0,0,5,4,3,1,10
918,2,111621447588283730,0,0,0,5,4,3,1,10
919,2,3916994937685176178,0,1,1,8,1,4,1,10
920,2,-6367999184089887671,0,0,0,5,6,3,1,10
921,2,-2274042634679846632,0,0,0,5,4,3,1,10
922,2,1778144181136820420,0,0,0,5,4,3,1,10
923,2,6456304274742237195,0,1,1,6,1,3,1,10
924,2,-7588905468831430198,0,0,0,7,2,4,1,10
925,2,-5917230197456325997,0,0,0,3,9,2,1,10
926,2,-7314044793876955091,0,0,0,5,5,3,1,10
927,2,-5060935943969533787,0,1,1,6,7,3,1,10
928,2,5862586573937673762,0,0,0,7,1,4,1,10
929,2,-6548096243369410662,0,1,1,8,2,4,1,10
930,2,6713037904953920532,0,0,0,5,5,3,1,10
931,2,1427301075538689314,0,0,0,5,3,3,1,10
932,2,-8532264004061675852,0,0,0,5,5,3,1,10
933,2,-2006012116514529929,0,1,1,6,3,3,1,10
934,2,-5840885685564491180,0,1,1,6,5,3,1,10
935,2,3913393184130638037,0,1,1,8,1,4,1,10
936,2,1905907169395285877,0,1,1,4,3,2,1,10
937,2,-4454314930156213208,0,0,0,5,4,3,1,10
938,2,3292537267123379358,0,1,1,6,1,3,1,10
939,2,4829725669912975623,0,1,1,6,1,3,1,10
940,2,85444404320780654,0,0,0,3,7,2,1,10
941,2,-8851982633404624671,0,0,0,3,7,2,1,10
942,2,6631728651434028788,0,0,0,5,4,3,1,10
943,2,-4417045326521047179,0,0,0,7,4,4,1,10
944,2,5881705996884769086,0,1,1,6,2,3,1,10
945,2,-3608538843761088377,0,0,0,5,1,3,1,10
946,2,78766780709244463,0,0,0,7,2,4,1,10
947,2,-6351966363755492144,0,0,0,7,2,4,1,10
948,2,-2382334886316001899,0,0,0,7,6,4,1,10
949,2,-5708967194040972747,0,1,1,6,5,3,1,10
950,2,6484214771448348283,0,1,1,6,1,3,1,10
951,2,-9118891025772547268,0,0,0,3,8,2,1,10
952,2,-5761906694678565446,0,1,1,8,1,4,1,10
953,2,-7461376367919392325,0,1,1,8,1,4,1,10
954,2,2766036825642385878,0,0,0,9,3,5,1,10
955,2,-8447980701651293999,0,0,0,7,1,4,1,10
956,2,4403096252583174150,0,0,0,5,2,3,1,10
957,2,143774754669439514,0,0,0,5,7,3,1,10
958,2,-6641775465730408812,0,0,0,5,6,3,1,10
959,2,-455879772917634531,0,1,1,6,1,3,1,10
960,2,-2160276858021289881,0,1,1,6,1,3,1,10
961,2,-2888376958802956279,0,0,0,5,4,3,1,10
962,2,-7088795349768948258,0,1,1,6,5,3,1,10
963,2,-1633618206112039775,0,0,0,5,4,3,1,10
964,2,-1752422861594364194,0,1,1,6,2,3,1,10
965,2,-5505120117921741709,0,1,1,4,5,2,1,10
966,2,-3347739301918488018,0,0,0,5,5,3,1,10
967,2,-9012619734774884017,0,0,0,5,2,3,1,10
968,2,323256161141984769,0,1,1,6,1,3,1,10
969,2,-7785039618417985801,0,1,1,6,2,3,1,10
970,2,835429443500234196,0,0,0,3,8,2,1,10
971,2,-7860557026053019885,0,1,1,6,2,3,1,10
972,2,4214623409899794810,0,0,0,5,2,3,1,10
973,2,-6293545936533688217,0,0,0,5,7,3,1,10
974,2,-8819186011205643916,0,0,0,5,2,3,1,10
975,2,-8284106416513448633,0,0,0,5,4,3,1,10
976,2,-8649246020755628922,0,0,0,9,1,5,1,10
977,2,-6232834317051517623,0,0,0,3,6,2,1,10
978,2,5291590041945213574,0,0,0,7,5,4,1,10
979,2,2153692596343432764,0,0,0,3,5,2,1,10
980,2,-761921353558337418,0,1,1,6,2,3,1,10
981,2,-3329607183727716263,0,0,0,7,1,4,1,10
982,2,-8147288770007275051,0,1,1,6,4,3,1,10
983,2,-3677107538178786888,0,1,1,6,4,3,1,10
984,2,3047758408352983857,0,1,1,8,6,4,1,10
985,2,-19097507581317883,0,0,0,5,8,3,1,10
986,2,5845874269021112833,0,1,1,8,2,4,1,10
987,2,-2421894982000957581,0,1,1,8,1,4,1,10
988,2,-2894943087567104591,0,0,0,7,2,4,1,10
989,2,-6326687444997273105,0,1,1,6,7,3,1,10
990,2,-6906504183536083459,0,0,0,5,7,3,1,10
991,2,-7515308229624325735,0,1,1,6,2,3,1,10
992,2,-582016864485956991,0,0,0,5,2,3,1,10
993,2,5146392891201211247,0,0,0,5,2,3,1,10
994,2,-8655563619588036719,0,0,0,7,2,4,1,10
995,2,5156644492374579019,0,0,0,3,8,2,1,10
996,2,1439506133565719622,0,0,0,3,9,2,1,10
997,2,-5227798666547100145,0,0,0,7,3,4,1,10
998,2,-4802585894114460200,0,1,1,6,5,3,1,10
999,2,-856790661613719778,0,0,0,5,6,3,1,10
1000,2,-8799678523336260557,0,0,0,5,7,3,1,10
1001,2,6732626489464199437,0,0,0,7,2,4,1,10
1002,2,-6383693105471872061,0,0,0,5,4,3,1,10
1003,2,6942090501196132762,0,0,0,7,1,4,1,10
1004,2,-1456245903900049261,0,0,0,7,5,4,1,10
1005,2,8001095623539871964,0,0,0,5,2,3,1,10
1006,2,-4528614177208504683,0,0,0,5,3,3,1,10
1007,2,3232519856667130812,0,0,0,7,6,4,1,10
1008,2,-3070947293332735165,0,0,0,5,4,3,1,10
1009,2,-6227264637878675037,0,0,0,3,7,2,1,10
1010,2,-4099688373389263770,0,0,0,11,2,6,1,10
1011,2,3799484143829062004,0,0,0,3,6,2,1,10
1012,2,546388151987976244,0,0,0,5,7,3,1,10
1013,2,-5425503919016869444,0,0,0,5,4,3,1,10
1014,2,-7334280756767425888,0,0,0,7,1,4,1,10
1015,2,-1487854572836370392,0,0,0,7,3,4,1,10
1016,2,-7921350234834654226,0,0,0,7,2,4,1,10
1017,2,1345322954173795383,0,0,0,5,4,3,1,10
1018,2,5051020601252199557,0,0,0,3,6,2,1,10
1019,2,7825883824679633199,0,1,1,6,4,3,1,10
1020,2,6342553262767372808,0,0,0,3,8,2,1,10
1021,2,-1114382013210406060,0,0,0,9,2,5,1,10
1022,2,2457785799934845350,0,0,0,5,5,3,1,10
1023,2,2640078587250963543,0,0,0,7,1,4,1,10
1024,2,-7213723181893663823,0,0,0,7,1,4,1,10
1025,2,6980571961143556877,0,1,1,6,1,3,1,10
1026,2,-7552120598419452819,0,1,1,8,1,4,1,10
1027,2,8145965926271322720,0,1,1,6,4,3,1,10
1028,2,-7767888153162758614,0,0,0,7,1,4,1,10
1029,2,-8373528675032075382,0,0,0,7,3,4,1,10
1030,2,-5867165717251741547,0,0,0,7,6,4,1,10
1031,2,7017196028105623423,0,1,1,6,2,3,1,10
1032,2,981637865570421066,0,0,0,5,2,3,1,10
1033,2,2833964429510609834,0,0,0,5,2,3,1,10
1034,2,3439171565144588716,0,0,0,5,7,3,1,10
1035,2,-3951819986674661924,0,1,1,6,3,3,1,10
1036,2,-6567437160864293383,0,0,0,5,2,3,1,10
1037,2,1986119578363253633,0,0,0,7,3,4,1,10
1038,2,-4740795767239644776,0,0,0,7,3,4,1,10
1039,2,3013847871405572116,0,1,1,8,2,4,1,10
1040,2,3534125156674628789,0,1,1,6,4,3,1,10
1041,2,-8213677231885578540,0,0,0,7,3,4,1,10
1042,2,1894384132857736975,0,0,0,3,7,2,1,10
1043,2,-7536098237957035081,0,1,1,6,4,3,1,10
1044,2,-8232834124708441072,0,1,1,8,4,4,1,10
1045,2,-5756235941824694369,0,0,0,7,5,4,1,10
1046,2,7024329728420815901,0,0,0,3,7,2,1,10
1047,2,-7006579475619093557,0,1,1,6,3,3,1,10
1048,2,1277973419003008815,0,0,0,7,1,4,1,10
1049,2,-7718040004484706161,0,1,1,6,1,3,1,10
1050,2,-1272330123340450654,0,0,0,3,5,2,1,10
1051,2,6956968685859447623,0,0,0,7,1,4,1,10
1052,2,-6476810758797419444,0,1,1,6,2,3,1,10
1053,2,149398515905677193,0,0,0,5,2,3,1,10
1054,2,4698909214634003665,0,1,1,6,4,3,1,10
1055,2,-8606922568908566631,0,1,1,6,1,3,1,10
1056,2,-6952420270146356426,0,0,0,7,2,4,1,10
1057,2,-6245539228022167519,0,0,0,5,3,3,1,10
1058,2,3295862173771206579,0,0,0,5,6,3,1,10
1059,2,-8870121851557014751,0,0,0,5,4,3,1,10
1060,2,3557355491176045516,0,1,1,8,1,4,1,10
1061,2,8525540962409209380,0,0,0,7,1,4,1,10
1062,2,7160397908874648994,0,1,1,8,1,4,1,10
1063,2,7286824065203537843,0,1,1,8,4,4,1,10
1064,2,-7959212594357836666,0,0,0,7,3,4,1,10
1065,2,-6431258457189857266,0,0,0,3,8,2,1,10
1066,2,5268970803393915598,0,0,0,5,8,3,1,10
1067,2,1538566038767874329,0,0,0,5,5,3,1,10
1068,2,-6281129708932056852,0,0,0,5,3,3,1,10
1069,2,3578951060319885716,0,1,1,6,3,3,1,10
1070,2,1104480544257746363,0,0,0,5,4,3,1,10
1071,2,4467729507565012879,0,0,0,5,5,3,1,10
1072,2,8865665732806019100,0,0,0,5,7,3,1,10
1073,2,-7234692759496225252,0,1,1,6,1,3,1,10
1074,2,-3731411600496611903,0,0,0,5,5,3,1,10
1075,2,-1390625027696012731,0,1,1,6,4,3,1,10
1076,2,5165594003619277640,0,1,1,4,1,2,1,10
1077,2,-5379394623994582208,0,0,0,7,6,4,1,10
1078,2,8246958171908118923,0,1,1,6,4,3,1,10
1079,2,5718519570339107297,0,0,0,7,3,4,1,10
1080,2,-4421764348571806666,0,0,0,7,1,4,1,10
1081,2,-1474995500087127217,0,0,0,5,4,3,1,10
1082,2,8287834942137273753,0,0,0,7,5,4,1,10
1083,2,3935592405131901690,0,1,1,4,6,2,1,10
1084,2,-6194976305715196994,0,0,0,5,5,3,1,10
1085,2,-4815646941425506356,0,0,0,7,4,4,1,10
1086,2,-1865641546984774978,0,1,1,4,8,2,1,10
1087,2,-3957391563367661410,0,0,0,5,4,3,1,10
1088,2,7884694481219436624,0,0,0,5,4,3,1,10
1089,2,-6349462870896690195,0,0,0,5,5,3,1,10
1090,2,2944201387159952546,0,0,0,7,3,4,1,10
1091,2,-3669692562611245363,0,0,0,3,7,2,1,10
1092,2,-8065869165155703701,0,0,0,7,5,4,1,10
1093,2,6380081103373014813,0,1,1,6,1,3,1,10
1094,2,-570692594130292671,0,0,0,5,3,3,1,10
1095,2,3662340730263868667,0,1,1,6,1,3,1,10
1096,2,-1256848557280387801,0,0,0,7,1,4,1,10
1097,2,3993392136835630970,0,0,0,7,1,4,1,10
1098,2,3630661425974352490,0,0,0,5,4,3,1,10
1099,2,1535177484479201426,0,0,0,5,3,3,1,10
1100,2,1618909533979508908,0,0,0,7,1,4,1,10
1101,2,8588672039814005847,0,1,1,6,5,3,1,10
1102,2,-7614864417222506944,0,0,0,5,4,3,1,10
1103,2,4333138898364090222,0,0,0,5,2,3,1,10
1104,2,7823889092517389497,0,0,0,5,6,3,1,10
1105,2,-6461858829844553540,0,0,0,5,3,3,1,10
1106,2,245135183795667901,0,1,1,4,4,2,1,10
1107,2,4992898705647100511,0,0,0,3,7,2,1,10
1108,2,-803132156746236642,0,0,0,7,5,4,1,10
1109,2,7111210998766505441,0,0,0,5,4,3,1,10
1110,2,-60639127785910742,0,0,0,7,1,4,1,10
1111,2,110211618544097194,0,1,1,6,2,3,1,10
1112,2,3265837904044378690,0,1,1,6,3,3,1,10
1113,2,3997298756161023415,0,0,0,7,2,4,1,10
1114,2,-9106442101546409303,0,0,0,5,7,3,1,10
1115,2,4232390766128543113,0,0,0,5,3,3,1,10
1116,2,-7824476955222763619,0,0,0,3,5,2,1,10
1117,2,-2470855409592109729,0,1,1,4,1,2,1,10
1118,2,6257381151960753835,0,0,0,5,4,3,1,10
1119,2,1126866584603106470,0,0,0,5,2,3,1,10
1120,2,1837698441809709631,0,0,0,5,6,3,1,10
1121,2,1150913194910244784,0,0,0,5,4,3,1,10
1122,2,-5382085539335872902,0,0,0,3,7,2,1,10
1123,2,5518558546344909476,0,0,0,5,2,3,1,10
1124,2,624671482784415560,0,0,0,7,3,4,1,10
1125,2,-2155059096224649291,0,1,1,6,3,3,1,10
1126,2,252182412836336560,0,0,0,7,1,4,1,10
1127,2,-5956705731370150762,0,0,0,9,1,5,1,10
1128,2,-8580812589907707282,0,1,1,6,2,3,1,10
1129,2,1581396057495880493,0,1,1,6,1,3,1,10
1130,2,2939495373913983934,0,0,0,5,2,3,1,10
1131,2,-4608891839008439930,0,1,1,8,3,4,1,10
1132,2,5792586201417180282,0,1,1,6,2,3,1,10
1133,2,3936580981264004362,0,0,0,7,1,4,1,10
1134,2,3495696532348120679,0,1,1,6,4,3,1,10
1135,2,3883119462233781488,0,0,0,5,5,3,1,10
1136,2,-4013690948890076725,0,1,1,6,4,3,1,10
1137,2,6601370413562122226,0,1,1,4,5,2,1,10
1138,2,8640012168829172802,0,1,1,8,3,4,1,10
1139,2,-3884442785674790588,0,1,1,6,1,3,1,10
1140,2,5521702077710551249,0,0,0,7,7,4,1,10
1141,2,6172059121909485761,0,1,1,6,3,3,1,10
1142,2,1889360912056350011,0,1,1,6,3,3,1,10
1143,2,-8348178119472448921,0,1,1,8,1,4,1,10
1144,2,706940743621812371,0,0,0,5,3,3,1,10
1145,2,-5792977493938734843,0,0,0,7,4,4,1,10
1146,2,-3439520525144486126,0,1,1,6,4,3,1,10
1147,2,5086615683744071730,0,0,0,7,1,4,1,10
1148,2,7056384772072918826,0,1,1,6,2,3,1,10
1149,2,6727570627528520065,0,1,1,6,3,3,1,10
1150,2,221023395596049370,0,1,1,6,1,3,1,10
1151,2,-1174400111393638158,0,0,0,5,6,3,1,10
1152,2,-5679713936597675965,0,0,0,7,3,4,1,10
1153,2,3140198932194360490,0,1,1,8,4,4,1,10
1154,2,7170385800259895420,0,0,0,7,6,4,1,10
1155,2,-8229318390495194138,0,1,1,8,2,4,1,10
1156,2,-4638749136392877151,0,0,0,7,2,4,1,10
1157,2,211495686116768045,0,1,1,6,3,3,1,10
1158,2,-928091632605021390,0,1,1,6,2,3,1,10
1159,2,-4819754570629403707,0,0,0,7,3,4,1,10
1160,2,3203808806696010649,0,0,0,5,2,3,1,10
1161,2,-2733960081695001497,0,0,0,5,3,3,1,10
1162,2,889735465752279564,0,0,0,5,3,3,1,10
1163,2,1258672997076648245,0,0,0,5,3,3,1,10
1164,2,-6532831345610402923,0,0,0,7,4,4,1,10
1165,2,-4511561447043363605,0,0,0,7,1,4,1,10
1166,2,-6703049032228241042,0,1,1,6,1,3,1,10
1167,2,-2154071158883990187,0,0,0,5,6,3,1,10
1168,2,-3857052395360649582,0,1,1,8,3,4,1,10
1169,2,-3705379616097147648,0,0,0,5,4,3,1,10
1170,2,-6372006800599080304,0,1,1,4,3,2,1,10
1171,2,-6163010058012560332,0,0,0,5,3,3,1,10
1172,2,3932361879683534241,0,0,0,9,2,5,1,10
1173,2,-4811429496946760415,0,1,1,8,2,4,1,10
1174,2,3679771980986810877,0,0,0,5,1,3,1,10
1175,2,1067810016233029463,0,0,0,7,6,4,1,10
1176,2,4599198610284576361,0,1,1,4,4,2,1,10
1177,2,4256064938591063675,0,0,0,5,3,3,1,10
1178,2,-2168298873532486124,0,0,0,5,6,3,1,10
1179,2,-4619965560713000905,0,0,0,5,4,3,1,10
1180,2,-5947393842166595165,0,0,0,5,5,3,1,10
1181,2,1573163757953326450,0,0,0,9,4,5,1,10
1182,2,-8045444399008316022,0,1,1,6,1,3,1,10
1183,2,-1366158606745670975,0,1,1,4,5,2,1,10
1184,2,-3772899470973253219,0,0,0,7,4,4,1,10
1185,2,-8826692502342124516,0,0,0,5,6,3,1,10
1186,2,8920498751202782694,0,1,1,6,1,3,1,10
1187,2,-5718730841370585132,0,1,1,6,3,3,1,10
1188,2,-167526545911863112,0,0,0,9,2,5,1,10
1189,2,-7088319112622177084,0,1,1,4,5,2,1,10
1190,2,-6385876235399734780,0,0,0,5,5,3,1,10
1191,2,-1838811258204569658,0,1,1,6,1,3,1,10
1192,2,3233034008258838506,0,0,0,5,2,3,1,10
1193,2,3520911776556307560,0,0,0,7,5,4,1,10
1194,2,4901801235342385299,0,0,0,5,3,3,1,10
1195,2,2928918031305936096,0,0,0,5,7,3,1,10
1196,2,4066152354350202173,0,0,0,5,5,3,1,10
1197,2,3604911191803391292,0,0,0,5,5,3,1,10
1198,2,-4121552073891896681,0,0,0,5,4,3,1,10
1199,2,4831357962732809693,0,0,0,5,4,3,1,10
1200,2,-2790490447760971186,0,1,1,6,3,3,1,10
1201,2,4054708890109503781,0,0,0,7,4,4,1,10
1202,2,5353054008994251239,0,0,0,5,6,3,1,10
1203,2,5367823001861124207,0,0,0,5,3,3,1,10
1204,2,4804564934900992719,0,0,0,7,2,4,1,10
1205,2,3178473560607292479,0,0,0,7,2,4,1,10
1206,2,-3300015444683053136,0,0,0,5,4,3,1,10
1207,2,-6330709677051008070,0,0,0,5,7,3,1,10
1208,2,2814483964762491653,0,0,0,5,2,3,1,10
1209,2,5439386113202358104,0,1,1,6,1,3,1,10
1210,2,764494269719485168,0,0,0,7,2,4,1,10
1211,2,-2983996943219262761,0,1,1,4,5,2,1,10
1212,2,-5879087943402619318,0,0,0,5,1,3,1,10
1213,2,-6694289543443514766,0,0,0,5,5,3,1,10
1214,2,2764375954644150012,0,1,1,6,4,3,1,10
1215,2,4753839048682227539,0,0,0,5,2,3,1,10
1216,2,6492983629788671372,0,1,1,6,1,3,1,10
1217,2,-3198309318623426747,0,1,1,6,1,3,1,10
1218,2,-7877849818404302342,0,1,1,8,2,4,1,10
1219,2,-5125245647351110739,0,0,0,5,5,3,1,10
1220,2,-4026421029547444787,0,0,0,5,4,3,1,10
1221,2,8760920490842923962,0,0,0,5,7,3,1,10
1222,2,5757905197745382248,0,0,0,5,5,3,1,10
1223,2,2296636136372303323,0,1,1,6,5,3,1,10
1224,2,-4186749888688130399,0,1,1,6,3,3,1,10
1225,2,-2947918183887512463,0,1,1,4,3,2,1,10
1226,2,-2159131431974110573,0,1,1,6,3,3,1,10
1227,2,-6483463208340131387,0,1,1,8,1,4,1,10
1228,2,2982369509995860147,0,0,0,7,2,4,1,10
1229,2,7963468470764304188,0,0,0,5,6,3,1,10
1230,2,-768475996314618591,0,0,0,5,6,3,1,10
1231,2,-8311728298425850935,0,0,0,5,3,3,1,10
1232,2,8432707640331007040,0,0,0,7,2,4,1,10
1233,2,1580283872611198370,0,1,1,8,1,4,1,10
1234,2,449312774721250696,0,0,0,9,1,5,1,10
1235,2,-5679469204610888906,0,1,1,8,2,4,1,10
1236,2,7033860870731644826,0,1,1,6,3,3,1,10
1237,2,-6126864919601805475,0,1,1,6,2,3,1,10
1238,2,-7677506044884821612,0,0,0,5,1,3,1,10
1239,2,7778678740967998673,0,0,0,5,3,3,1,10
1240,2,533761832976952742,0,0,0,5,4,3,1,10
1241,2,-629750863883125540,0,0,0,5,2,3,1,10
1242,2,-5492001181944696603,0,0,0,7,4,4,1,10
1243,2,229761239328638291,0,1,1,6,1,3,1,10
1244,2,-8798036549296991138,0,0,0,7,4,4,1,10
1245,2,-8814264461899183678,0,1,1,6,2,3,1,10
1246,2,-346888373450587282,0,1,1,6,1,3,1,10
1247,2,-1901328382552300568,0,0,0,5,6,3,1,10
1248,2,-5182832408218815663,0,1,1,6,4,3,1,10
1249,2,2384051935700485989,0,1,1,8,1,4,1,10
1250,2,6705218915869038583,0,0,0,5,4,3,1,10
1251,2,2042580003210589361,0,0,0,7,4,4,1,10
1252,2,-5110870628604653026,0,0,0,7,2,4,1,10
1253,2,8451812614385526608,0,0,0,9,2,5,1,10
1254,2,-8662325941985367396,0,0,0,5,3,3,1,10
1255,2,-1723845683225939133,0,1,1,6,1,3,1,10
1256,2,-4925045766510399748,0,1,1,8,5,4,1,10
1257,2,-3217566499455908415,0,0,0,5,3,3,1,10
1258,2,580875716266541901,0,0,0,7,2,4,1,10
1259,2,5309728646698450214,0,1,1,6,6,3,1,10
1260,2,-229542298209223371,0,0,0,9,1,5,1,10
1261,2,7672430928030207019,0,0,0,5,6,3,1,10
1262,2,-5445287967080801204,0,0,0,5,5,3,1,10
1263,2,5388020378781883480,0,1,1,8,3,4,1,10
1264,2,7526809245426201511,0,1,1,6,5,3,1,10
1265,2,6862564203398505398,0,1,1,6,4,3,1,10
1266,2,7215050082962725042,0,0,0,3,7,2,1,10
1267,2,3945936179915071943,0,0,0,5,2,3,1,10
1268,2,-2522815049504822462,0,1,1,4,7,2,1,10
1269,2,771505839196551098,0,0,0,5,6,3,1,10
1270,2,7797626354890656489,0,0,0,7,4,4,1,10
1271,2,-7381879360735326246,0,0,0,5,7,3,1,10
1272,2,-2793325855990837876,0,0,0,5,2,3,1,10
1273,2,6036673961109899336,0,0,0,5,5,3,1,10
1274,2,-2273671825590252749,0,0,0,5,7,3,1,10
1275,2,-4255866280702274327,0,1,1,6,2,3,1,10
1276,2,-4174819065004174560,0,1,1,6,2,3,1,10
1277,2,-8872583317994959711,0,0,0,5,5,3,1,10
1278,2,2271102765947805218,0,0,0,7,2,4,1,10
1279,2,-3305473168654936640,0,1,1,8,1,4,1,10
1280,2,-320382635245628886,0,1,1,8,3,4,1,10
1281,2,4082697931727742396,0,0,0,7,3,4,1,10
1282,2,-4285964653107909858,0,1,1,6,1,3,1,10
1283,2,-7981898935588435935,0,1,1,4,4,2,1,10
1284,2,1706917296611745005,0,1,1,6,1,3,1,10
1285,2,-532825923521371964,0,0,0,11,1,6,1,10
1286,2,-5635537848268242205,0,1,1,6,1,3,1,10
1287,2,-7169923662500356802,0,0,0,7,3,4,1,10
1288,2,4238180790381768765,0,0,0,5,2,3,1,10
1289,2,-1126271856792122984,0,0,0,5,5,3,1,10
1290,2,-8393737233416473089,0,1,1,6,4,3,1,10
1291,2,-3342209460688094141,0,0,0,3,6,2,1,10
1292,2,4930317836835779077,0,0,0,3,7,2,1,10
1293,2,-6237016474316485302,0,0,0,7,3,4,1,10
1294,2,-6722652291477177512,0,0,0,5,5,3,1,10
1295,2,-4075111993002373942,0,0,0,7,3,4,1,10
1296,2,4102333514388045763,0,0,0,5,3,3,1,10
1297,2,1913581720553499809,0,0,0,7,1,4,1,10
1298,2,250509657847080613,0,1,1,8,3,4,1,10
1299,2,8280235636126011748,0,0,0,3,6,2,1,10
1300,2,-8100414146911367929,0,0,0,7,3,4,1,10
1301,2,8551335232991329943,0,0,0,7,2,4,1,10
1302,2,1419718511045144304,0,0,0,5,3,3,1,10
1303,2,1297742059810984471,0,0,0,9,2,5,1,10
1304,2,5016298192038924792,0,1,1,6,2,3,1,10
1305,2,1129344984371561178,0,0,0,5,3,3,1,10
1306,2,-1047104250610367206,0,0,0,5,5,3,1,10
1307,2,-6909826445705996581,0,1,1,6,1,3,1,10
1308,2,4198045717955807694,0,0,0,9,2,5,1,10
1309,2,5836673154096038991,0,0,0,5,2,3,1,10
1310,2,-8434612358659524009,0,1,1,6,3,3,1,10
1311,2,-8432542845166947812,0,0,0,5,1,3,1,10
1312,2,-8838614015053217447,0,1,1,6,7,3,1,10
1313,2,5684599874801077131,0,0,0,5,8,3,1,10
1314,2,4292418524596713134,0,0,0,9,3,5,1,10
1315,2,2037125710233738043,0,0,0,7,5,4,1,10
1316,2,3490304718797403513,0,0,0,7,3,4,1,10
1317,2,-6415925690269507240,0,0,0,7,4,4,1,10
1318,2,-7735785885888217222,0,1,1,6,6,3,1,10
1319,2,1109411019217574157,0,0,0,5,4,3,1,10
1320,2,-510385130804264541,0,0,0,7,4,4,1,10
1321,2,8594075869668991287,0,0,0,5,1,3,1,10
1322,2,-2753906236397974036,0,0,0,5,4,3,1,10
1323,2,1724811823445802074,0,0,0,3,6,2,1,10
1324,2,-8697741838106567069,0,0,0,7,2,4,1,10
1325,2,79851474237955032,0,0,0,5,1,3,1,10
1326,2,-6645370056629537402,0,0,0,5,8,3,1,10
1327,2,-5683636036216837537,0,0,0,7,1,4,1,10
1328,2,-2974029887995269164,0,1,1,4,7,2,1,10
1329,2,2680061803237886371,0,0,0,7,4,4,1,10
1330,2,1068314071054359201,0,0,0,7,7,4,1,10
1331,2,7711383318730798925,0,1,1,4,2,2,1,10
1332,2,6745663228815320105,0,0,0,3,9,2,1,10
1333,2,5112768545201589554,0,0,0,7,2,4,1,10
1334,2,-3227575702538848024,0,1,1,6,2,3,1,10
1335,2,1033961437787033799,0,1,1,6,1,3,1,10
1336,2,-1831385164168732120,0,0,0,5,1,3,1,10
1337,2,5555157222775850452,0,1,1,8,4,4,1,10
1338,2,-6209852115316295205,0,1,1,8,1,4,1,10
1339,2,6646003256565086312,0,0,0,5,3,3,1,10
1340,2,-1199425236025129046,0,0,0,5,4,3,1,10
1341,2,7327220144954749452,0,0,0,9,2,5,1,10
1342,2,7507814554282351437,0,1,1,4,4,2,1,10
1343,2,-2077714092858225093,0,0,0,9,3,5,1,10
1344,2,-3368927040713017315,0,0,0,5,3,3,1,10
1345,2,-1412603229909114351,0,1,1,6,3,3,1,10
1346,2,5898773763446220263,0,1,1,6,2,3,1,10
1347,2,6849213542670641985,0,0,0,5,6,3,1,10
1348,2,-1344264314740622590,0,0,0,5,7,3,1,10
1349,2,5883043441340611148,0,0,0,5,6,3,1,10
1350,2,3982192874447713187,0,1,1,4,4,2,1,10
1351,2,6783950257666313199,0,1,1,6,5,3,1,10
1352,2,-7741632156256245137,0,0,0,9,1,5,1,10
1353,2,3010116309081048540,0,0,0,5,2,3,1,10
1354,2,2052424120804361809,0,0,0,7,6,4,1,10
1355,2,8153893954554481325,0,0,0,5,4,3,1,10
1356,2,7647776859820896653,0,0,0,5,4,3,1,10
1357,2,-7237034668310914795,0,0,0,3,8,2,1,10
1358,2,5514599512234978837,0,1,1,4,3,2,1,10
1359,2,67195492304267864,0,0,0,5,5,3,1,10
1360,2,-8267583833758442725,0,1,1,8,2,4,1,10
1361,2,4441781518934868988,0,0,0,5,2,3,1,10
1362,2,-1151874304628817945,0,0,0,9,2,5,1,10
1363,2,29952666507538624,0,0,0,7,3,4,1,10
1364,2,-1370796915653906455,0,0,0,5,5,3,1,10
1365,2,1340142134214874317,0,0,0,7,4,4,1,10
1366,2,8671522445491166225,0,0,0,5,2,3,1,10
1367,2,1574136534225817899,0,0,0,5,1,3,1,10
1368,2,-4079128783488817826,0,0,0,3,7,2,1,10
1369,2,-4904992203969910154,0,1,1,6,2,3,1,10
1370,2,8274238730854040757,0,1,1,6,4,3,1,10
1371,2,-9052890236275022128,0,1,1,4,4,2,1,10
1372,2,8931714167674215411,0,0,0,5,4,3,1,10
1373,2,3175517686679721753,0,1,1,6,7,3,1,10
1374,2,-6819577263552461755,0,0,0,7,4,4,1,10
1375,2,252735000278204253,0,0,0,5,7,3,1,10
1376,2,-8764704259063173706,0,0,0,5,5,3,1,10
1377,2,1737316907333227150,0,0,0,5,3,3,1,10
1378,2,-8612706763085405175,0,0,0,7,6,4,1,10
1379,2,2754844677404980594,0,1,1,8,2,4,1,10
1380,2,-5891553046916035384,0,1,1,6,1,3,1,10
1381,2,3028734167633165534,0,0,0,5,6,3,1,10
1382,2,-215113708661411172,0,0,0,5,7,3,1,10
1383,2,539038638304008996,0,1,1,8,2,4,1,10
1384,2,3869718709103096287,0,1,1,6,7,3,1,10
1385,2,8971349747324645577,0,0,0,7,2,4,1,10
1386,2,-7082437416070997393,0,0,0,5,6,3,1,10
1387,2,5363752923071132795,0,0,0,5,7,3,1,10
1388,2,1694125507625917125,0,0,0,5,5,3,1,10
1389,2,4148485161894487617,0,0,0,7,4,4,1,10
1390,2,-8116916657816008635,0,0,0,7,2,4,1,10
1391,2,2372334780432187892,0,0,0,7,3,4,1,10
1392,2,3701155210824472791,0,1,1,6,1,3,1,10
1393,2,5608590042080683245,0,0,0,5,4,3,1,10
1394,2,4930202167943881141,0,0,0,5,6,3,1,10
1395,2,-7014827833613722881,0,1,1,8,2,4,1,10
1396,2,-7098060028478099578,0,0,0,5,3,3,1,10
1397,2,135232393528280743,0,0,0,9,2,5,1,10
1398,2,-7833845670087078996,0,0,0,7,5,4,1,10
1399,2,3765456728373008514,0,1,1,6,4,3,1,10
1400,2,2647676935227851481,0,0,0,5,5,3,1,10
1401,2,-859285843168884226,0,0,0,5,2,3,1,10
1402,2,-2275817405698015000,0,1,1,6,3,3,1,10
1403,2,1969254283429826388,0,0,0,7,5,4,1,10
1404,2,-8600022133538138646,0,0,0,7,3,4,1,10
1405,2,6706941091059922101,0,1,1,4,7,2,1,10
1406,2,-6039353316142794626,0,0,0,5,8,3,1,10
1407,2,-5703040879084873021,0,0,0,5,5,3,1,10
1408,2,-4084967986333902491,0,1,1,6,3,3,1,10
1409,2,-4501679060008483262,0,0,0,5,4,3,1,10
1410,2,7360610451942562900,0,0,0,5,7,3,1,10
1411,2,4020554381655324431,0,0,0,7,3,4,1,10
1412,2,6989864665280514572,0,0,0,5,7,3,1,10
1413,2,3736222259242875472,0,0,0,7,2,4,1,10
1414,2,141040600348757928,0,1,1,6,3,3,1,10
1415,2,4737284988159896556,0,0,0,5,3,3,1,10
1416,2,7917053215343746869,0,0,0,7,3,4,1,10
1417,2,1238713541076654909,0,0,0,7,3,4,1,10
1418,2,7803019192395859335,0,0,0,5,6,3,1,10
1419,2,563519499830347524,0,0,0,5,4,3,1,10
1420,2,-1721304105624106678,0,0,0,5,1,3,1,10
1421,2,-5419650453317720931,0,1,1,6,4,3,1,10
1422,2,-6312234470492133545,0,0,0,5,2,3,1,10
1423,2,5931571982036838003,0,0,0,5,7,3,1,10
1424,2,-7242054220527910840,0,1,1,6,1,3,1,10
1425,2,-764373046631909963,0,0,0,3,6,2,1,10
1426,2,1240173503789894477,0,0,0,3,7,2,1,10
1427,2,3005903046143415113,0,0,0,7,2,4,1,10
1428,2,-4526923736101789119,0,1,1,8,1,4,1,10
1429,2,6955678865924854784,0,0,0,5,2,3,1,10
1430,2,-934067350384624904,0,0,0,3,9,2,1,10
1431,2,8075753503431879692,0,0,0,5,2,3,1,10
1432,2,7859018432793960922,0,0,0,5,6,3,1,10
1433,2,1129433534012489134,0,0,0,5,7,3,1,10
1434,2,8457109391503509940,0,1,1,6,2,3,1,10
1435,2,-5911813290866417869,0,0,0,7,4,4,1,10
1436,2,-7473066620549659443,0,0,0,5,4,3,1,10
1437,2,-6653106619216245728,0,0,0,7,3,4,1,10
1438,2,-7616674997942174920,0,0,0,5,2,3,1,10
1439,2,-3288722340191930964,0,0,0,7,1,4,1,10
1440,2,-4433792754252139928,0,0,0,5,4,3,1,10
1441,2,7706883565005825646,0,0,0,5,3,3,1,10
1442,2,-3780044170989487607,0,1,1,10,3,5,1,10
1443,2,7012265691479010646,0,1,1,8,3,4,1,10
1444,2,-2750289304246414835,0,0,0,5,3,3,1,10
1445,2,-618447694243216415,0,0,0,5,6,3,1,10
1446,2,-5253060903171875324,0,0,0,7,4,4,1,10
1447,2,-7988504477890616440,0,0,0,7,1,4,1,10
1448,2,6372697588263713200,0,1,1,6,4,3,1,10
1449,2,8139029383660551801,0,0,0,5,2,3,1,10
1450,2,4612698527432164056,0,1,1,6,1,3,1,10
1451,2,2485737422292176776,0,1,1,6,1,3,1,10
1452,2,5403931838864141404,0,0,0,7,2,4,1,10
1453,2,-4465328238241270424,0,0,0,7,3,4,1,10
1454,2,5319527357100011145,0,1,1,6,3,3,1,10
1455,2,6035622096782019861,0,0,0,7,2,4,1,10
1456,2,4902180912038275246,0,0,0,7,2,4,1,10
1457,2,6043714736034873236,0,1,1,6,1,3,1,10
1458,2,4005969580873287663,0,0,0,7,2,4,1,10
1459,2,3193070804123301598,0,0,0,5,7,3,1,10
1460,2,1474207838518200152,0,0,0,5,1,3,1,10
1461,2,8071605242616917529,0,0,0,5,4,3,1,10
1462,2,7038342762359184693,0,0,0,5,6,3,1,10
1463,2,-9167491204199673591,0,0,0,5,4,3,1,10
1464,2,-9170040576814126688,0,1,1,8,2,4,1,10
1465,2,-8836279032310620475,0,0,0,5,7,3,1,10
1466,2,-6372931350750217638,0,1,1,6,1,3,1,10
1467,2,9032671564590662573,0,0,0,5,5,3,1,10
1468,2,1167724424482289630,0,1,1,6,2,3,1,10
1469,2,9157556304055819931,0,0,0,5,7,3,1,10
1470,2,5868812337094004659,0,0,0,5,2,3,1,10
1471,2,4015360564138747224,0,1,1,6,1,3,1,10
1472,2,-9060823160548659199,0,0,0,5,5,3,1,10
1473,2,1424276398353341520,0,1,1,6,2,3,1,10
1474,2,-8684864194726762393,0,0,0,7,3,4,1,10
1475,2,-4166203885609101943,0,0,0,7,2,4,1,10
1476,2,7743979897595741195,0,0,0,5,8,3,1,10
1477,2,8351178034478738129,0,0,0,5,3,3,1,10
1478,2,-4709424615734841102,0,0,0,3,9,2,1,10
1479,2,-7063266267139119305,0,1,1,6,2,3,1,10
1480,2,-370026211286562672,0,0,0,5,5,3,1,10
1481,2,470207692998349755,0,0,0,7,7,4,1,10
1482,2,-7067803992661766750,0,1,1,8,2,4,1,10
1483,2,-8715696563636544696,0,0,0,5,2,3,1,10
1484,2,-1309096751398948036,0,1,1,4,2,2,1,10
1485,2,-898595107061351966,0,0,0,5,6,3,1,10
1486,2,579425933899612445,0,0,0,5,4,3,1,10
1487,2,5157386016840870683,0,0,0,5,5,3,1,10
1488,2,5151284362668992842,0,0,0,5,4,3,1,10
1489,2,1370972767791778763,0,0,0,7,2,4,1,10
1490,2,2959225201728987865,0,0,0,5,3,3,1,10
1491,2,5050991218593243903,0,0,0,5,6,3,1,10
1492,2,8535935798661897741,0,1,1,4,3,2,1,10
1493,2,8774158633083946545,0,0,0,7,1,4,1,10
1494,2,-6874497007032490589,0,0,0,7,2,4,1,10
1495,2,-4245986159573939015,0,0,0,3,5,2,1,10
1496,2,3629003602728436075,0,1,1,6,3,3,1,10
1497,2,4796529311669864067,0,0,0,7,1,4,1,10
1498,2,2610401058709433881,0,1,1,6,5,3,1,10
1499,2,514318523733486082,0,0,0,7,1,4,1,10
1500,2,-9189279807031558564,0,0,0,5,5,3,1,10
1501,2,7285166263071534436,0,0,0,5,6,3,1,10
1502,2,4595336554527193392,0,0,0,7,1,4,1,10
1503,2,-6957411724825624825,0,1,1,6,5,3,1,10
1504,2,-190338011287025296,0,0,0,5,3,3,1,10
1505,2,7108209858398900523,0,0,0,5,6,3,1,10
1506,2,3111548609644155566,0,0,0,5,4,3,1,10
1507,2,7917282628446481639,0,1,1,8,2,4,1,10
1508,2,-4650045955195338938,0,1,1,6,2,3,1,10
1509,2,5875880115548274785,0,0,0,5,5,3,1,10
1510,2,593792230643604400,0,0,0,7,2,4,1,10
1511,2,5399881485343726649,0,1,1,10,2,5,1,10
1512,2,-1949571005324979434,0,0,0,5,3,3,1,10
1513,2,6379066933643056197,0,0,0,5,2,3,1,10
1514,2,4359083551753298214,0,0,0,5,6,3,1,10
1515,2,3724557894466844547,0,0,0,5,3,3,1,10
1516,2,2678286618393742632,0,0,0,5,3,3,1,10
1517,2,-348354378317147317,0,0,0,5,3,3,1,10
1518,2,430846988369707602,0,0,0,7,3,4,1,10
1519,2,-2738590605846268476,0,0,0,5,3,3,1,10
1520,2,-8302046036831692453,0,0,0,5,4,3,1,10
1521,2,-5689929983582723176,0,1,1,6,1,3,1,10
1522,2,-2617908525583571123,0,0,0,5,3,3,1,10
1523,2,-2743570170127092501,0,0,0,5,6,3,1,10
1524,2,-2217323982862244449,0,1,1,6,3,3,1,10
1525,2,2408758486558936456,0,1,1,6,1,3,1,10
1526,2,-6574133112691603582,0,0,0,5,3,3,1,10
1527,2,8731285138263417949,0,0,0,7,5,4,1,10
1528,2,503726402681770107,0,0,0,5,8,3,1,10
1529,2,407198566211587625,0,1,1,6,3,3,1,10
1530,2,6067914540441190449,0,0,0,7,1,4,1,10
1531,2,-4489507710292033677,0,1,1,8,1,4,1,10
1532,2,3182338860365326216,0,0,0,7,3,4,1,10
1533,2,2613625515055249853,0,0,0,5,8,3,1,10
1534,2,3738631406254829,0,0,0,7,3,4,1,10
1535,2,-210926006848792583,0,0,0,5,4,3,1,10
1536,2,7421139395309467123,0,1,1,8,1,4,1,10
1537,2,1141744002453188156,0,0,0,9,3,5,1,10
1538,2,2202606507532788767,0,0,0,5,1,3,1,10
1539,2,1311107829891526833,0,1,1,6,3,3,1,10
1540,2,-1265704836777024769,0,0,0,7,1,4,1,10
1541,2,6050322563352139215,0,0,0,7,2,4,1,10
1542,2,3259594651848962433,0,0,0,7,2,4,1,10
1543,2,814606490555066318,0,1,1,4,3,2,1,10
1544,2,1229262878114062465,0,0,0,5,6,3,1,10
1545,2,-8956834085811259050,0,0,0,7,3,4,1,10
1546,2,-6342095042300643165,0,0,0,5,8,3,1,10
1547,2,1624132398402072953,0,0,0,5,5,3,1,10
1548,2,-7734409253093185182,0,0,0,3,8,2,1,10
1549,2,3223135826883093219,0,0,0,5,4,3,1,10
1550,2,-2210608903905061527,0,1,1,6,2,3,1,10
1551,2,-6381484278149111216,0,0,0,7,1,4,1,10
1552,2,3998626537838415905,0,0,0,3,6,2,1,10
1553,2,776699261056536637,0,0,0,7,2,4,1,10
1554,2,-127754844250464118,0,0,0,5,7,3,1,10
1555,2,-280188145842615838,0,0,0,5,4,3,1,10
1556,2,-6773868945956905650,0,0,0,5,6,3,1,10
1557,2,-639736190020881058,0,0,0,5,3,3,1,10
1558,2,1366914852457100819,0,0,0,5,4,3,1,10
1559,2,3242363067962547508,0,1,1,6,2,3,1,10
1560,2,3919486015086673424,0,1,1,6,2,3,1,10
1561,2,-556451716311888138,0,1,1,8,3,4,1,10
1562,2,2319907447435807715,0,0,0,5,4,3,1,10
1563,2,1904491379872035135,0,0,0,5,6,3,1,10
1564,2,-3344115893609676128,0,1,1,6,2,3,1,10
1565,2,-8777873543949826843,0,0,0,5,4,3,1,10
1566,2,8786690030297471020,0,1,1,6,4,3,1,10
1567,2,-39812806196181649,0,1,1,6,3,3,1,10
1568,2,-4674106696334840628,0,0,0,7,2,4,1,10
1569,2,-8111929789182993212,0,1,1,6,3,3,1,10
1570,2,-832435639383308296,0,1,1,6,2,3,1,10
1571,2,3280673278970551845,0,0,0,5,1,3,1,10
1572,2,-2861824376378110347,0,0,0,7,3,4,1,10
1573,2,890342606415232093,0,1,1,8,3,4,1,10
1574,2,931148967331464610,0,0,0,5,1,3,1,10
1575,2,8734992145285672759,0,0,0,7,4,4,1,10
1576,2,319185035171723281,0,1,1,6,1,3,1,10
1577,2,-781260739330491345,0,0,0,9,1,5,1,10
1578,2,2781274327059877721,0,1,1,6,5,3,1,10
1579,2,3159900570951439979,0,0,0,7,4,4,1,10
1580,2,1682253352248784681,0,0,0,5,7,3,1,10
1581,2,4623962088793770475,0,0,0,5,1,3,1,10
1582,2,-2395089665221993056,0,1,1,6,3,3,1,10
1583,2,-2108106816016980481,0,0,0,5,1,3,1,10
1584,2,6346420369098581212,0,0,0,7,4,4,1,10
1585,2,2742993242132110073,0,0,0,7,3,4,1,10
1586,2,7826095750644619729,0,1,1,6,3,3,1,10
1587,2,-6869090369060700380,0,1,1,6,1,3,1,10
1588,2,-3356760490660658085,0,0,0,7,1,4,1,10
1589,2,5309594180014190324,0,0,0,5,4,3,1,10
1590,2,-283259702033341291,0,0,0,5,7,3,1,10
1591,2,8825040642308897918,0,0,0,5,8,3,1,10
1592,2,-1491340624582446741,0,1,1,6,2,3,1,10
1593,2,-8532016960172809686,0,0,0,5,6,3,1,10
1594,2,-794330745487594387,0,1,1,4,4,2,1,10
1595,2,-5475610654607414106,0,0,0,5,4,3,1,10
1596,2,-5580027122959655194,0,1,1,6,2,3,1,10
1597,2,3581670388636667933,0,1,1,8,2,4,1,10
1598,2,3042852010516190253,0,0,0,7,1,4,1,10
1599,2,-2957052080633996120,0,0,0,5,3,3,1,10
1600,2,-6715502431259466438,0,0,0,7,1,4,1,10
1601,2,-323485560520571388,0,0,0,7,1,4,1,10
1602,2,-86174262607713925,0,0,0,7,1,4,1,10
1603,2,5266441747403371141,0,0,0,9,3,5,1,10
1604,2,-4864976895559180056,0,0,0,5,2,3,1,10
1605,2,-3764353123379034805,0,0,0,7,4,4,1,10
1606,2,-6284276198439376043,0,0,0,3,6,2,1,10
1607,2,3166668481757583282,0,0,0,5,5,3,1,10
1608,2,3412702466617794822,0,1,1,6,2,3,1,10
1609,2,7252413601257756174,0,0,0,5,7,3,1,10
1610,2,-2538732813212295032,0,0,0,7,2,4,1,10
1611,2,-2574314093362744424,0,0,0,5,7,3,1,10
1612,2,-1739249285524265538,0,0,0,7,2,4,1,10
1613,2,6041429338409052578,0,0,0,5,1,3,1,10
1614,2,6214998806328081977,0,0,0,5,6,3,1,10
1615,2,4281611624232121874,0,1,1,6,3,3,1,10
1616,2,-2583307514484560179,0,1,1,6,5,3,1,10
1617,2,4316347242253176077,0,0,0,9,1,5,1,10
1618,2,-2019577183651897760,0,0,0,5,7,3,1,10
1619,2,690168649543692786,0,0,0,7,1,4,1,10
1620,2,852787745601182213,0,1,1,8,2,4,1,10
1621,2,4102036731645995913,0,1,1,6,1,3,1,10
1622,2,-2792678211950344632,0,0,0,5,4,3,1,10
1623,2,-306162470111557765,0,0,0,5,6,3,1,10
1624,2,-4347739167582580277,0,0,0,7,1,4,1,10
1625,2,-8610763546002956027,0,1,1,4,2,2,1,10
1626,2,554667301575671057,0,1,1,4,2,2,1,10
1627,2,-1972717737072812312,0,0,0,5,4,3,1,10
1628,2,-2549023835062203495,0,0,0,7,1,4,1,10
1629,2,-3657424285514802012,0,0,0,5,5,3,1,10
1630,2,-5830070490813795794,0,0,0,5,4,3,1,10
1631,2,4309642659700404964,0,0,0,7,2,4,1,10
1632,2,6649775291879495293,0,0,0,7,4,4,1,10
1633,2,4506738353487909691,0,0,0,5,4,3,1,10
1634,2,2524423182055994344,0,1,1,6,5,3,1,10
1635,2,-8419125921360958703,0,0,0,5,2,3,1,10
1636,2,1319487183310453145,0,0,0,5,4,3,1,10
1637,2,-3076038534476430889,0,0,0,5,6,3,1,10
1638,2,4667061208755238360,0,1,1,6,2,3,1,10
1639,2,-3596185953647819135,0,0,0,5,4,3,1,10
1640,2,-8250883165493697887,0,1,1,6,1,3,1,10
1641,2,1065538758057394229,0,0,0,7,1,4,1,10
1642,2,3560402803671951217,0,1,1,6,2,3,1,10
1643,2,-7271135824872860096,0,1,1,6,4,3,1,10
1644,2,629066274345428064,0,0,0,7,1,4,1,10
1645,2,3369132400396854089,0,0,0,5,3,3,1,10
1646,2,6863425023136406132,0,1,1,6,3,3,1,10
1647,2,280825508353771464,0,0,0,7,2,4,1,10
1648,2,-4702926439258241741,0,1,1,6,3,3,1,10
1649,2,196207300898287544,0,0,0,7,3,4,1,10
1650,2,-647324522075637383,0,0,0,7,1,4,1,10
1651,2,8431022940367994762,0,0,0,5,3,3,1,10
1652,2,7603707630266834316,0,0,0,5,2,3,1,10
1653,2,567471456097475677,0,0,0,3,5,2,1,10
1654,2,-4017495030037475731,0,0,0,5,6,3,1,10
1655,2,-9117155123005668500,0,0,0,5,3,3,1,10
1656,2,-8007217626298136976,0,0,0,7,4,4,1,10
1657,2,9072080954935289031,0,0,0,7,2,4,1,10
1658,2,-2730580486575482610,0,1,1,6,3,3,1,10
1659,2,8374525664025343302,0,1,1,6,2,3,1,10
1660,2,-5669133775029921798,0,0,0,9,1,5,1,10
1661,2,6988089083854842809,0,0,0,5,5,3,1,10
1662,2,-7757797508526344847,0,0,0,5,8,3,1,10
1663,2,-5460361868720038556,0,1,1,6,7,3,1,10
1664,2,3702676662926702550,0,0,0,5,2,3,1,10
1665,2,9045090913486908842,0,1,1,6,2,3,1,10
1666,2,-1282815522883300739,0,0,0,5,6,3,1,10
1667,2,-8836203910219119353,0,0,0,5,5,3,1,10
1668,2,-6838652177172219962,0,1,1,6,1,3,1,10
1669,2,-3423132029903240381,0,0,0,7,4,4,1,10
1670,2,-5801030668092458898,0,1,1,6,2,3,1,10
1671,2,8350635230332936420,0,0,0,5,6,3,1,10
1672,2,-8786327888129932255,0,0,0,5,6,3,1,10
1673,2,3409972668550067171,0,1,1,8,1,4,1,10
1674,2,8226639564676816722,0,1,1,6,3,3,1,10
1675,2,-4288324442107819101,0,1,1,4,3,2,1,10
1676,2,-1399339511987871153,0,0,0,5,2,3,1,10
1677,2,-4407542383641405410,0,1,1,6,2,3,1,10
1678,2,-4829517383413934705,0,1,1,8,1,4,1,10
1679,2,-7509593011580006303,0,1,1,6,2,3,1,10
1680,2,8682444629397749582,0,1,1,6,2,3,1,10
1681,2,4082776639663131706,0,0,0,5,7,3,1,10
1682,2,4772261390053062235,0,0,0,5,8,3,1,10
1683,2,834360936470381870,0,0,0,5,5,3,1,10
1684,2,-5265172005343572432,0,1,1,6,2,3,1,10
1685,2,-5834693862474812752,0,0,0,5,5,3,1,10
1686,2,551158600590602307,0,0,0,5,5,3,1,10
1687,2,-8573696393397095024,0,0,0,5,2,3,1,10
1688,2,6345696165702366875,0,0,0,7,1,4,1,10
1689,2,5111979397780162225,0,0,0,7,6,4,1,10
1690,2,-86458704929088603,0,0,0,5,5,3,1,10
1691,2,-7294366268375556865,0,0,0,7,2,4,1,10
1692,2,-5876506185579719865,0,1,1,6,1,3,1,10
1693,2,-494966576800285025,0,0,0,5,2,3,1,10
1694,2,6893231476331110709,0,1,1,6,2,3,1,10
1695,2,1926833643872072039,0,0,0,7,2,4,1,10
1696,2,-166436805311250301,0,0,0,5,2,3,1,10
1697,2,-4447818469089608049,0,1,1,6,3,3,1,10
1698,2,-1637670979306278788,0,0,0,5,5,3,1,10
1699,2,4822242989930659241,0,1,1,8,1,4,1,10
1700,2,-2848425638960760143,0,1,1,6,5,3,1,10
1701,2,8890813675337865934,0,0,0,5,5,3,1,10
1702,2,471530017362708052,0,0,0,7,6,4,1,10
1703,2,3561043464060242969,0,1,1,8,4,4,1,10
1704,2,874435705189665990,0,0,0,5,1,3,1,10
1705,2,-4944912085650036135,0,0,0,5,2,3,1,10
1706,2,-5212735094366698643,0,1,1,8,1,4,1,10
1707,2,-4915777221403582207,0,0,0,5,4,3,1,10
1708,2,6803335165649800907,0,1,1,8,1,4,1,10
1709,2,-1214229525294814877,0,0,0,5,1,3,1,10
1710,2,768282901159023308,0,0,0,5,3,3,1,10
1711,2,151776843439129885,0,0,0,5,5,3,1,10
1712,2,-5765144113817078690,0,1,1,6,1,3,1,10
1713,2,7910431868005788627,0,1,1,6,1,3,1,10
1714,2,-2296013895249665977,0,0,0,5,6,3,1,10
1715,2,1054677328889454622,0,1,1,6,2,3,1,10
1716,2,-1373223333582034126,0,0,0,7,1,4,1,10
1717,2,-5865414478943428669,0,1,1,8,1,4,1,10
1718,2,-5541471494755246326,0,1,1,6,1,3,1,10
1719,2,-955643158679739609,0,0,0,5,4,3,1,10
1720,2,-7904565381381273206,0,0,0,3,9,2,1,10
1721,2,-1204624623821365246,0,1,1,6,4,3,1,10
1722,2,2124502186081361940,0,0,0,7,4,4,1,10
1723,2,4504328962599125843,0,0,0,5,4,3,1,10
1724,2,8522319300189834434,0,1,1,6,1,3,1,10
1725,2,-8632697002274531693,0,0,0,9,4,5,1,10
1726,2,-2529983147975821126,0,0,0,5,4,3,1,10
1727,2,7237870589324362797,0,1,1,6,1,3,1,10
1728,2,-1238774634254768186,0,1,1,6,5,3,1,10
1729,2,-1897396297887355092,0,0,0,7,1,4,1,10
1730,2,3271518006482237732,0,0,0,5,5,3,1,10
1731,2,-7577777947952524746,0,1,1,6,2,3,1,10
1732,2,7539373802204455321,0,0,0,5,3,3,1,10
1733,2,-7140656612869776968,0,0,0,5,1,3,1,10
1734,2,7687831278831710924,0,0,0,5,8,3,1,10
1735,2,-1089284875841884830,0,0,0,7,3,4,1,10
1736,2,-82158100208352304,0,0,0,7,1,4,1,10
1737,2,6607160915665853653,0,0,0,7,3,4,1,10
1738,2,701215290191924994,0,0,0,5,3,3,1,10
1739,2,5309387508475847579,0,1,1,6,6,3,1,10
1740,2,-6207424643440748268,0,0,0,3,7,2,1,10
1741,2,-9065687009034258345,0,1,1,6,4,3,1,10
1742,2,2867269088801420650,0,1,1,4,5,2,1,10
1743,2,-2048810803126658243,0,1,1,6,3,3,1,10
1744,2,3022572108440583076,0,0,0,7,2,4,1,10
1745,2,1033057356607330243,0,1,1,8,1,4,1,10
1746,2,2129922523710718587,0,0,0,7,4,4,1,10
1747,2,5077446533567475096,0,0,0,3,7,2,1,10
1748,2,-1648616379524959280,0,0,0,5,2,3,1,10
1749,2,2362298344319309013,0,0,0,5,5,3,1,10
1750,2,-4643746213627179518,0,0,0,5,2,3,1,10
1751,2,-559511628400242318,0,0,0,5,8,3,1,10
1752,2,-5989270613852903809,0,1,1,8,3,4,1,10
1753,2,-3795771286279075334,0,0,0,5,5,3,1,10
1754,2,3978300695418651037,0,1,1,8,2,4,1,10
1755,2,8228372709113648514,0,0,0,7,2,4,1,10
1756,2,1716341608038421418,0,0,0,7,2,4,1,10
1757,2,663603777826256087,0,0,0,5,7,3,1,10
1758,2,-6180459095390011583,0,0,0,5,3,3,1,10
1759,2,-6397275365287613706,0,0,0,7,1,4,1,10
1760,2,-6296181431685896993,0,1,1,8,1,4,1,10
1761,2,-5051096087980201792,0,0,0,7,1,4,1,10
1762,2,4045334653979711413,0,1,1,6,5,3,1,10
1763,2,-6180630205495181330,0,0,0,5,7,3,1,10
1764,2,1914645572918266815,0,1,1,8,1,4,1,10
1765,2,3967946074632032578,0,1,1,6,2,3,1,10
1766,2,3469826569540423956,0,0,0,9,1,5,1,10
1767,2,-8586603315568203266,0,0,0,5,4,3,1,10
1768,2,-3910590570782674816,0,0,0,5,1,3,1,10
1769,2,-6420481713480563559,0,1,1,8,1,4,1,10
1770,2,-4344358494459200177,0,0,0,5,4,3,1,10
1771,2,4218968318896480432,0,0,0,5,3,3,1,10
1772,2,244017960807149675,0,0,0,5,5,3,1,10
1773,2,8941739680093972026,0,0,0,7,2,4,1,10
1774,2,-1991630921893322583,0,0,0,9,2,5,1,10
1775,2,-7437089191721187328,0,0,0,5,3,3,1,10
1776,2,-470589146944066465,0,0,0,7,2,4,1,10
1777,2,-5978934296752006837,0,0,0,5,5,3,1,10
1778,2,7915757905722976313,0,0,0,5,2,3,1,10
1779,2,-5724841548861895970,0,1,1,6,2,3,1,10
1780,2,7346955016115316556,0,0,0,5,4,3,1,10
1781,2,863370341227168550,0,0,0,3,9,2,1,10
1782,2,4003604673939402859,0,0,0,5,5,3,1,10
1783,2,7104135260814984623,0,0,0,7,1,4,1,10
1784,2,-3923012821108575047,0,1,1,6,3,3,1,10
1785,2,-3280786622911472166,0,1,1,6,1,3,1,10
1786,2,3072337077085068159,0,0,0,5,4,3,1,10
1787,2,3698986845813768397,0,0,0,5,2,3,1,10
1788,2,-7558334249063352513,0,0,0,7,4,4,1,10
1789,2,-2163120132027508054,0,0,0,5,3,3,1,10
1790,2,326066951337408521,0,1,1,6,2,3,1,10
1791,2,6916983913513614082,0,1,1,6,2,3,1,10
1792,2,-8391770936571629812,0,0,0,5,2,3,1,10
1793,2,8411421368087549068,0,0,0,5,4,3,1,10
1794,2,-20805395062556817,0,0,0,9,2,5,1,10
1795,2,-3853121836900056047,0,0,0,5,7,3,1,10
1796,2,-1704389653631248287,0,0,0,5,3,3,1,10
1797,2,-487549782415781206,0,0,0,7,4,4,1,10
1798,2,3952391917870822511,0,0,0,5,6,3,1,10
1799,2,1329360384378382125,0,0,0,5,5,3,1,10
1800,2,4959168786434349588,0,1,1,6,1,3,1,10
1801,2,-7224469723546608924,0,0,0,7,3,4,1,10
1802,2,4081832931554036118,0,0,0,7,4,4,1,10
1803,2,4368713173675353472,0,0,0,5,6,3,1,10
1804,2,3503189332727415823,0,1,1,6,4,3,1,10
1805,2,-8005077513722801075,0,1,1,8,2,4,1,10
1806,2,-1360142027543513143,0,1,1,6,3,3,1,10
1807,2,-6876378105054871386,0,1,1,6,3,3,1,10
1808,2,-1129584069787378225,0,1,1,8,3,4,1,10
1809,2,-8270128054483781206,0,0,0,5,5,3,1,10
1810,2,-6977452797994754880,0,0,0,5,2,3,1,10
1811,2,7915272445869085999,0,1,1,8,1,4,1,10
1812,2,3684536551539475686,0,0,0,5,2,3,1,10
1813,2,-787424457769788426,0,0,0,5,7,3,1,10
1814,2,-5226105504518768250,0,0,0,7,1,4,1,10
1815,2,44522079116150048,0,0,0,5,7,3,1,10
1816,2,-4698719552569091207,0,1,1,6,1,3,1,10
1817,2,4134601339983901921,0,0,0,5,2,3,1,10
1818,2,8666716121666914555,0,0,0,5,4,3,1,10
1819,2,7528008939857785459,0,0,0,5,3,3,1,10
1820,2,-5375940226336569662,0,1,1,6,3,3,1,10
1821,2,-8837365623422678708,0,1,1,6,2,3,1,10
1822,2,-3206155163673647534,0,0,0,5,4,3,1,10
1823,2,-505115609577354862,0,1,1,6,3,3,1,10
1824,2,5097637859734420879,0,0,0,7,1,4,1,10
1825,2,6465628942954945486,0,0,0,5,1,3,1,10
1826,2,5134198179704357779,0,1,1,6,5,3,1,10
1827,2,8629291560549309408,0,0,0,7,4,4,1,10
1828,2,6147660542623311553,0,0,0,5,3,3,1,10
1829,2,-982757512298451150,0,0,0,5,6,3,1,10
1830,2,-8744651337584054246,0,0,0,5,6,3,1,10
1831,2,9205081406221781552,0,1,1,8,2,4,1,10
1832,2,-3094712554214979633,0,0,0,7,1,4,1,10
1833,2,6582129143277148407,0,0,0,3,9,2,1,10
1834,2,-7524845124487925994,0,0,0,7,2,4,1,10
1835,2,-122170575064187060,0,0,0,5,7,3,1,10
1836,2,8107857792733332288,0,0,0,5,6,3,1,10
1837,2,-1524676711958076465,0,1,1,6,1,3,1,10
1838,2,-587581538346099189,0,0,0,5,1,3,1,10
1839,2,4765247072515144303,0,0,0,7,2,4,1,10
1840,2,5705032008535959348,0,0,0,7,1,4,1,10
1841,2,7873541953322828320,0,0,0,5,4,3,1,10
1842,2,5670384675119655760,0,1,1,6,3,3,1,10
1843,2,-1081071501753849397,0,0,0,5,4,3,1,10
1844,2,-5926928611762107428,0,0,0,5,5,3,1,10
1845,2,-5645586808841367418,0,1,1,6,1,3,1,10
1846,2,3006298064276200594,0,0,0,5,6,3,1,10
1847,2,6710133682039510277,0,0,0,7,2,4,1,10
1848,2,6342047798640296446,0,1,1,6,1,3,1,10
1849,2,5491344314847209551,0,0,0,7,3,4,1,10
1850,2,5097003802086057295,0,0,0,7,7,4,1,10
1851,2,2263245241490003892,0,0,0,5,3,3,1,10
1852,2,-473314191510957710,0,1,1,6,3,3,1,10
1853,2,6158471991955931645,0,1,1,6,1,3,1,10
1854,2,-718265242928820900,0,1,1,6,5,3,1,10
1855,2,-8071319557104653339,0,1,1,6,6,3,1,10
1856,2,-6309461613632141401,0,0,0,7,2,4,1,10
1857,2,-6591399134895118392,0,0,0,5,4,3,1,10
1858,2,3679436504957708128,0,1,1,6,4,3,1,10
1859,2,-5565962754320808806,0,0,0,9,1,5,1,10
1860,2,460640849110996510,0,1,1,6,3,3,1,10
1861,2,-8989244474994657255,0,1,1,6,3,3,1,10
1862,2,3141124869226846039,0,1,1,6,3,3,1,10
1863,2,8205065560950765638,0,0,0,7,2,4,1,10
1864,2,-3716666383197273874,0,0,0,5,4,3,1,10
1865,2,2555478013340907537,0,0,0,7,4,4,1,10
1866,2,1134344828712741135,0,1,1,6,2,3,1,10
1867,2,-8332843859517998254,0,0,0,5,3,3,1,10
1868,2,-6651880418160730817,0,0,0,7,4,4,1,10
1869,2,3206938633051551232,0,0,0,5,4,3,1,10
1870,2,3426119457071101614,0,1,1,6,1,3,1,10
1871,2,8312728237101460124,0,1,1,6,2,3,1,10
1872,2,-5344546509764419633,0,0,0,7,3,4,1,10
1873,2,-8023593523336463378,0,1,1,8,1,4,1,10
1874,2,-7140655516020482262,0,0,0,5,3,3,1,10
1875,2,7825993617235518963,0,1,1,8,3,4,1,10
1876,2,8689267739900689264,0,1,1,6,3,3,1,10
1877,2,8811646980700901909,0,1,1,6,1,3,1,10
1878,2,-4391572840450765617,0,1,1,8,4,4,1,10
1879,2,-5394310772122371428,0,1,1,6,2,3,1,10
1880,2,-3036495863326879865,0,1,1,8,2,4,1,10
1881,2,-8584670305557032604,0,0,0,7,1,4,1,10
1882,2,-6414353774899115075,0,0,0,5,3,3,1,10
1883,2,825974149257534928,0,0,0,7,2,4,1,10
1884,2,-596994676451809649,0,0,0,5,3,3,1,10
1885,2,-4181648854491167234,0,0,0,5,6,3,1,10
1886,2,-3577691525780721560,0,0,0,7,4,4,1,10
1887,2,-247971487440111813,0,0,0,7,4,4,1,10
1888,2,-5901119103343819628,0,0,0,5,2,3,1,10
1889,2,-5543297987461783111,0,0,0,5,4,3,1,10
1890,2,2079703977943059990,0,0,0,7,1,4,1,10
1891,2,-8397917437772612737,0,1,1,6,3,3,1,10
1892,2,-7328464853666413127,0,1,1,6,4,3,1,10
1893,2,-8013405792630391136,0,0,0,7,4,4,1,10
1894,2,5923173832506441060,0,0,0,5,1,3,1,10
1895,2,5715130755549615791,0,1,1,6,4,3,1,10
1896,2,739785344858508466,0,1,1,8,3,4,1,10
1897,2,-8594697995390619279,0,0,0,5,5,3,1,10
1898,2,3811333731429446338,0,1,1,6,5,3,1,10
1899,2,-1137721648804878636,0,0,0,7,4,4,1,10
1900,2,-5434620682709335733,0,0,0,5,6,3,1,10
1901,2,-5536164276702319584,0,0,0,5,4,3,1,10
1902,2,-2251151483420285710,0,1,1,6,6,3,1,10
1903,2,-66284307672349076,0,1,1,10,1,5,1,10
1904,2,6017123727747456735,0,0,0,7,3,4,1,10
1905,2,744034171106766930,0,0,0,5,3,3,1,10
1906,2,2436988758253699981,0,1,1,8,2,4,1,10
1907,2,-9116343154203744538,0,1,1,8,1,4,1,10
1908,2,8385432198180508385,0,0,0,7,1,4,1,10
1909,2,4378321804301079011,0,0,0,5,5,3,1,10
1910,2,4525009105357651326,0,0,0,5,1,3,1,10
1911,2,3328475198544739111,0,0,0,5,5,3,1,10
1912,2,-5877566513167979689,0,0,0,5,6,3,1,10
1913,2,-485933447702361759,0,0,0,5,5,3,1,10
1914,2,1771586420529551236,0,1,1,6,2,3,1,10
1915,2,4879671273945756168,0,0,0,5,1,3,1,10
1916,2,-2685373682995325607,0,1,1,6,5,3,1,10
1917,2,-4733804739995380082,0,1,1,6,4,3,1,10
1918,2,1033101064712475317,0,1,1,6,4,3,1,10
1919,2,1608544996562452693,0,0,0,5,3,3,1,10
1920,2,-3116514119136302185,0,1,1,6,2,3,1,10
1921,2,8061475044170183393,0,0,0,5,5,3,1,10
1922,2,-6338823605447449866,0,1,1,6,4,3,1,10
1923,2,-1217394809732825649,0,1,1,6,4,3,1,10
1924,2,-4481624959114734383,0,0,0,5,3,3,1,10
1925,2,-704116446854425594,0,0,0,5,6,3,1,10
1926,2,-6652992503501015677,0,0,0,5,4,3,1,10
1927,2,-7336113689164035413,0,0,0,5,7,3,1,10
1928,2,-2629054038798192036,0,0,0,5,6,3,1,10
1929,2,-1089559055840772518,0,0,0,5,7,3,1,10
1930,2,-6666317948309190802,0,1,1,6,2,3,1,10
1931,2,1021351018797649682,0,1,1,6,2,3,1,10
1932,2,4595575739189550756,0,1,1,8,4,4,1,10
1933,2,1802398116364380016,0,0,0,5,7,3,1,10
1934,2,7333406575230520343,0,0,0,5,8,3,1,10
1935,2,-1493542881613249761,0,0,0,5,4,3,1,10
1936,2,6273247421911956388,0,0,0,5,7,3,1,10
1937,2,5111009155706661006,0,0,0,5,6,3,1,10
1938,2,2395936148666524601,0,1,1,6,4,3,1,10
1939,2,3234847725029935588,0,0,0,7,6,4,1,10
1940,2,-576826192842894993,0,1,1,4,2,2,1,10
1941,2,3338651308297552176,0,1,1,6,3,3,1,10
1942,2,6563834306979160542,0,0,0,5,2,3,1,10
1943,2,5515203269875456997,0,0,0,5,4,3,1,10
1944,2,-8247516958979965781,0,0,0,7,7,4,1,10
1945,2,-3635638979272775292,0,0,0,5,1,3,1,10
1946,2,5617846811491361765,0,0,0,5,1,3,1,10
1947,2,4703908635074265498,0,0,0,5,2,3,1,10
1948,2,3114092439827754257,0,1,1,6,3,3,1,10
1949,2,4320028821526279405,0,0,0,5,6,3,1,10
1950,2,-4340915747827746941,0,0,0,5,5,3,1,10
1951,2,4265770415292685810,0,0,0,5,8,3,1,10
1952,2,-6258159833881480209,0,0,0,7,7,4,1,10
1953,2,-269298293263039359,0,0,0,5,2,3,1,10
1954,2,1575751404627382590,0,0,0,5,3,3,1,10
1955,2,-5293442079785645877,0,1,1,8,2,4,1,10
1956,2,-7494165642156121435,0,0,0,7,1,4,1,10
1957,2,3991534890185804171,0,1,1,6,3,3,1,10
1958,2,-2150804475962060044,0,0,0,7,5,4,1,10
1959,2,-8757125350527452805,0,1,1,4,7,2,1,10
1960,2,1940289647686727979,0,0,0,5,4,3,1,10
1961,2,5552599996413220873,0,0,0,5,2,3,1,10
1962,2,-1948274359737179565,0,1,1,4,4,2,1,10
1963,2,-4344926495969296054,0,0,0,7,6,4,1,10
1964,2,8951302026947814538,0,1,1,6,1,3,1,10
1965,2,-621951065478297298,0,1,1,6,2,3,1,10
1966,2,5972336131527692126,0,0,0,7,1,4,1,10
1967,2,2259140386716849653,0,0,0,7,3,4,1,10
1968,2,-6971338088022143650,0,1,1,6,1,3,1,10
1969,2,-2951700238819889695,0,0,0,7,2,4,1,10
1970,2,-68978406668514578,0,0,0,5,5,3,1,10
1971,2,-663284825903715283,0,1,1,6,2,3,1,10
1972,2,5244841597691426395,0,0,0,9,1,5,1,10
1973,2,-7063337382297005763,0,1,1,8,1,4,1,10
1974,2,-7699169447513559761,0,0,0,7,2,4,1,10
1975,2,-6238516862521155050,0,0,0,5,2,3,1,10
1976,2,-7712648321469666619,0,0,0,5,4,3,1,10
1977,2,3919350590755588879,0,1,1,6,1,3,1,10
1978,2,3504750289530735647,0,0,0,5,5,3,1,10
1979,2,2126683959193450953,0,0,0,5,4,3,1,10
1980,2,-2854130000759522058,0,0,0,7,3,4,1,10
1981,2,3795008089964700251,0,0,0,5,7,3,1,10
1982,2,-6592709878265994734,0,0,0,3,6,2,1,10
1983,2,1560355221777474514,0,0,0,5,5,3,1,10
1984,2,-7485909150233144100,0,0,0,5,7,3,1,10
1985,2,-7305129453068992552,0,1,1,6,4,3,1,10
1986,2,-2750133537795341264,0,0,0,7,1,4,1,10
1987,2,-834592401950500430,0,0,0,5,3,3,1,10
1988,2,4216230094225526392,0,0,0,5,3,3,1,10
1989,2,8284197988534874223,0,0,0,9,1,5,1,10
1990,2,-4252414074842191627,0,0,0,7,2,4,1,10
1991,2,-3442065507496703906,0,0,0,5,1,3,1,10
1992,2,-7972971425552848800,0,0,0,5,6,3,1,10
1993,2,1442250680118409152,0,0,0,7,3,4,1,10
1994,2,-7783056854305046863,0,0,0,7,4,4,1,10
1995,2,5018117773074336446,0,0,0,7,5,4,1,10
1996,2,7168868009992421949,0,0,0,5,3,3,1,10
1997,2,-1658899216828796260,0,1,1,6,4,3,1,10
1998,2,-2114867917769616890,0,0,0,5,5,3,1,10
1999,2,5361154555176940591,0,0,0,5,2,3,1,10
2000,2,-6125069922790085810,0,1,1,6,1,3,1,10
2001,2,8748592993461668236,0,1,1,4,4,2,1,10
2002,2,-912554602749541267,0,1,1,6,3,3,1,10
2003,2,6925673941130390273,0,1,1,10,1,5,1,10
2004,2,5963160023926489316,0,0,0,7,3,4,1,10
2005,2,478223706216706889,0,1,1,8,3,4,1,10
2006,2,2703335164928905905,0,0,0,5,6,3,1,10
2007,2,-1633994954219433222,0,0,0,7,6,4,1,10
2008,2,-2544567620302283548,0,0,0,5,4,3,1,10
2009,2,9166295641508562754,0,0,0,5,7,3,1,10
2010,2,2701106927809637233,0,0,0,5,3,3,1,10
2011,2,1174947863147988946,0,0,0,5,2,3,1,10
2012,2,-9207258632603233208,0,0,0,7,1,4,1,10
2013,2,-5135118213241249767,0,0,0,5,4,3,1,10
2014,2,-7287343484795677277,0,0,0,9,2,5,1,10
2015,2,-6704836131115620427,0,1,1,6,1,3,1,10
2016,2,-92762856535947874,0,0,0,5,7,3,1,10
2017,2,-2835366050413212122,0,0,0,7,3,4,1,10
2018,2,7912443515180984076,0,1,1,6,3,3,1,10
2019,2,-8972392443800506940,0,0,0,7,2,4,1,10
2020,2,-6788487344460122233,0,0,0,5,7,3,1,10
2021,2,-7730332991327610382,0,1,1,8,2,4,1,10
2022,2,1510652502432139976,0,0,0,5,7,3,1,10
2023,2,-3320773582526587756,0,0,0,7,3,4,1,10
2024,2,-7639681391905306823,0,1,1,6,2,3,1,10
2025,2,8962729821830813374,0,1,1,6,1,3,1,10
2026,2,-4560549822627014712,0,0,0,7,5,4,1,10
2027,2,-4721477689244223315,0,1,1,6,5,3,1,10
2028,2,1873560293502347006,0,1,1,6,5,3,1,10
2029,2,-3729660819279444742,0,0,0,5,8,3,1,10
2030,2,-6763325857011927217,0,0,0,5,2,3,1,10
2031,2,679292882028778252,0,0,0,7,1,4,1,10
2032,2,-3919857058315473741,0,0,0,5,3,3,1,10
2033,2,7296106389123581134,0,0,0,5,1,3,1,10
2034,2,-85903478317180043,0,1,1,6,1,3,1,10
2035,2,-8000512265300679775,0,0,0,5,2,3,1,10
2036,2,-6856985198582845366,0,0,0,7,3,4,1,10
2037,2,7024060139531999380,0,0,0,5,5,3,1,10
2038,2,4344356553579316644,0,0,0,7,1,4,1,10
2039,2,-994056092806237230,0,0,0,5,4,3,1,10
2040,2,3686140568856918600,0,0,0,5,3,3,1,10
2041,2,7523265406291801947,0,0,0,5,4,3,1,10
2042,2,-7999657351318479586,0,0,0,5,4,3,1,10
2043,2,3336817039661603062,0,0,0,5,7,3,1,10
2044,2,-599836014822702521,0,1,1,10,1,5,1,10
2045,2,6141649744911691622,0,0,0,5,5,3,1,10
2046,2,-7944209423346248332,0,0,0,7,3,4,1,10
2047,2,8748064810126851803,0,0,0,7,3,4,1,10
2048,2,8831008223881854325,0,1,1,6,2,3,1,10
2049,2,-459816557733914453,0,0,0,5,3,3,1,10
2050,2,7373590855732389136,0,0,0,5,3,3,1,10
2051,2,-3112547375773056447,0,0,0,5,3,3,1,10
2052,2,-5092128969279029996,0,0,0,7,2,4,1,10
2053,2,-4051563071305689259,0,0,0,5,1,3,1,10
2054,2,617831545052531628,0,0,0,5,7,3,1,10
2055,2,-2697055598309172387,0,1,1,8,1,4,1,10
2056,2,-1255545559543669512,0,0,0,7,3,4,1,10
2057,2,-654439956305727933,0,0,0,7,3,4,1,10
2058,2,-7710261240432629543,0,0,0,5,6,3,1,10
2059,2,3212956829704132695,0,0,0,7,1,4,1,10
2060,2,-7543411647892979188,0,1,1,6,2,3,1,10
2061,2,5005268225488085382,0,0,0,5,5,3,1,10
2062,2,6714089370776527482,0,0,0,5,5,3,1,10
2063,2,5592385847230080972,0,1,1,8,2,4,1,10
2064,2,-8429127220501468979,0,0,0,5,5,3,1,10
2065,2,-3137729217293604633,0,0,0,5,6,3,1,10
2066,2,2228561867245886278,0,1,1,6,6,3,1,10
2067,2,5112199540532687692,0,0,0,5,3,3,1,10
2068,2,-7698563339708398643,0,0,0,3,6,2,1,10
2069,2,-5178333637298507170,0,0,0,7,1,4,1,10
2070,2,9036194708545943881,0,1,1,6,2,3,1,10
2071,2,7044746065522313693,0,0,0,5,2,3,1,10
2072,2,2127928528341658161,0,0,0,5,4,3,1,10
2073,2,-4492722189944441700,0,0,0,5,3,3,1,10
2074,2,-7244709798690358173,0,0,0,3,9,2,1,10
2075,2,7435473479602821750,0,0,0,7,1,4,1,10
2076,2,1365571393381340724,0,0,0,5,4,3,1,10
2077,2,-5313556928173092478,0,0,0,5,2,3,1,10
2078,2,-9154325708954229561,0,0,0,5,4,3,1,10
2079,2,5665198102787964549,0,0,0,5,3,3,1,10
2080,2,8792171163741451170,0,1,1,10,1,5,1,10
2081,2,-6874200837531416408,0,0,0,5,2,3,1,10
2082,2,-4117568294143940226,0,0,0,5,3,3,1,10
2083,2,-141820505060338582,0,0,0,5,5,3,1,10
2084,2,-5192393019604779426,0,1,1,10,2,5,1,10
2085,2,2942761158715505111,0,0,0,5,2,3,1,10
2086,2,-2287990907959755038,0,0,0,5,1,3,1,10
2087,2,-4315518793190184454,0,0,0,5,4,3,1,10
2088,2,-1170528946178690852,0,0,0,5,3,3,1,10
2089,2,-1675102957824329841,0,1,1,6,4,3,1,10
2090,2,4086055411839020323,0,1,1,4,6,2,1,10
2091,2,-9187488102342084868,0,1,1,6,1,3,1,10
2092,2,-8189539223074995545,0,1,1,6,2,3,1,10
2093,2,-9143678047784605310,0,1,1,4,7,2,1,10
2094,2,5375068506181072581,0,0,0,5,5,3,1,10
2095,2,183899884810643375,0,0,0,7,6,4,1,10
2096,2,8079068109935015644,0,0,0,5,4,3,1,10
2097,2,-3614109426711134441,0,1,1,8,1,4,1,10
2098,2,-4452922501488029920,0,0,0,5,7,3,1,10
2099,2,239354613802547011,0,0,0,7,1,4,1,10
2100,2,-2214449289288533330,0,0,0,5,4,3,1,10
2101,2,-651097023061216792,0,1,1,6,4,3,1,10
2102,2,-4838437108804099873,0,1,1,6,6,3,1,10
2103,2,4877649540728429147,0,0,0,5,7,3,1,10
2104,2,1724729897104430048,0,0,0,7,1,4,1,10
2105,2,4907613413650143300,0,0,0,5,2,3,1,10
2106,2,3844201695054357634,0,0,0,5,6,3,1,10
2107,2,-4331994398612391535,0,0,0,5,1,3,1,10
2108,2,-5926919442521792690,0,0,0,5,5,3,1,10
2109,2,-8560236654296496210,0,0,0,5,7,3,1,10
2110,2,-5085943961928071460,0,0,0,5,2,3,1,10
2111,2,-4773142140774679566,0,1,1,6,1,3,1,10
2112,2,900524903822483300,0,0,0,3,5,2,1,10
2113,2,-4990658776610617508,0,0,0,5,8,3,1,10
2114,2,-7637101533249658987,0,0,0,7,1,4,1,10
2115,2,550705703972643198,0,1,1,6,5,3,1,10
2116,2,-5189864099858294107,0,1,1,8,1,4,1,10
2117,2,-5153908148955704648,0,0,0,5,4,3,1,10
2118,2,-4423282144303761496,0,0,0,5,4,3,1,10
2119,2,-3923232121204773463,0,1,1,6,5,3,1,10
2120,2,-2506568768541013467,0,0,0,5,1,3,1,10
2121,2,-6510521984633312285,0,1,1,6,4,3,1,10
2122,2,-727231474569289754,0,0,0,5,6,3,1,10
2123,2,-351920236373483043,0,1,1,6,2,3,1,10
2124,2,-7664184743449372656,0,0,0,5,7,3,1,10
2125,2,3894202432291716653,0,1,1,6,3,3,1,10
2126,2,8681820847547996018,0,0,0,5,7,3,1,10
2127,2,-826569349283559434,0,1,1,6,4,3,1,10
2128,2,-2673317843186422239,0,0,0,7,3,4,1,10
2129,2,3418245881014866078,0,0,0,5,7,3,1,10
2130,2,8966398135005020740,0,1,1,6,5,3,1,10
2131,2,8743046857026161860,0,1,1,6,3,3,1,10
2132,2,4495932260805383211,0,1,1,4,4,2,1,10
2133,2,-51416601694926735,0,0,0,7,1,4,1,10
2134,2,-362907953879732314,0,0,0,5,4,3,1,10
2135,2,569354688214035085,0,1,1,6,1,3,1,10
2136,2,1563857929054068372,0,0,0,5,2,3,1,10
2137,2,-6003137156259316845,0,1,1,6,1,3,1,10
2138,2,6588679442209681594,0,0,0,7,1,4,1,10
2139,2,-1957088240854162552,0,0,0,5,4,3,1,10
2140,2,-900346923369485099,0,1,1,6,3,3,1,10
2141,2,-6991009252040289496,0,0,0,7,1,4,1,10
2142,2,8174784074598694641,0,1,1,6,5,3,1,10
2143,2,5604364028521319522,0,1,1,4,3,2,1,10
2144,2,-960163872186042373,0,0,0,3,7,2,1,10
2145,2,-6233549114056180217,0,0,0,3,9,2,1,10
2146,2,-5632275194082970987,0,0,0,5,3,3,1,10
2147,2,8877078269608470205,0,1,1,8,3,4,1,10
2148,2,-8099046575099875031,0,0,0,5,5,3,1,10
2149,2,-8262537873916185799,0,1,1,6,1,3,1,10
2150,2,-2828235757443151552,0,1,1,8,4,4,1,10
2151,2,-7113188871441314900,0,0,0,7,2,4,1,10
2152,2,-8503833172145557484,0,1,1,6,2,3,1,10
2153,2,-6179791223227497346,0,0,0,7,1,4,1,10
2154,2,-7122137422140490653,0,0,0,7,1,4,1,10
2155,2,-3747228045214587335,0,1,1,8,1,4,1,10
2156,2,-8099833132610113147,0,1,1,8,5,4,1,10
2157,2,-1743745355288002361,0,0,0,5,5,3,1,10
2158,2,8679274493440911297,0,1,1,8,3,4,1,10
2159,2,-667326265941541408,0,0,0,7,6,4,1,10
2160,2,4523148437279958491,0,1,1,6,1,3,1,10
2161,2,-526631065034955075,0,0,0,7,4,4,1,10
2162,2,-363344048932208655,0,0,0,5,7,3,1,10
2163,2,4354002028832035089,0,1,1,10,2,5,1,10
2164,2,7328160416490229638,0,0,0,9,1,5,1,10
2165,2,-457812731302516935,0,0,0,5,4,3,1,10
2166,2,-6872407681979033377,0,0,0,7,1,4,1,10
2167,2,-5130339443699826767,0,0,0,3,9,2,1,10
2168,2,4729077982738051469,0,1,1,6,3,3,1,10
2169,2,1608077222617118666,0,0,0,5,4,3,1,10
2170,2,-7269963217718625205,0,1,1,8,1,4,1,10
2171,2,-4591406978896411239,0,1,1,6,4,3,1,10
2172,2,-1754033942749164023,0,1,1,8,2,4,1,10
2173,2,5641530834898597170,0,1,1,6,7,3,1,10
2174,2,-7998662115098636216,0,1,1,6,1,3,1,10
2175,2,-5211611937594751722,0,0,0,7,3,4,1,10
2176,2,-1243026926328302424,0,1,1,6,2,3,1,10
2177,2,-5989841949878299159,0,0,0,5,4,3,1,10
2178,2,-2015643946387075650,0,1,1,6,2,3,1,10
2179,2,3572120256219341160,0,1,1,6,2,3,1,10
2180,2,-1654223855535578837,0,0,0,5,1,3,1,10
2181,2,5073834009316273305,0,1,1,6,1,3,1,10
2182,2,-6166202654089148695,0,0,0,9,3,5,1,10
2183,2,-4662595060355438269,0,0,0,7,3,4,1,10
2184,2,4084938352588319208,0,0,0,5,2,3,1,10
2185,2,1605716459924322976,0,1,1,6,2,3,1,10
2186,2,3008165687139614169,0,0,0,5,6,3,1,10
2187,2,-1182816010074173104,0,1,1,8,3,4,1,10
2188,2,5961598228183547464,0,0,0,5,5,3,1,10
2189,2,7552664767017587345,0,0,0,5,3,3,1,10
2190,2,5465426986726017776,0,0,0,5,4,3,1,10
2191,2,5300057751420337837,0,0,0,7,5,4,1,10
2192,2,-8013595056154479286,0,1,1,6,1,3,1,10
2193,2,-3116505423590896973,0,0,0,7,5,4,1,10
2194,2,4100322487293399911,0,0,0,5,5,3,1,10
2195,2,-5873724216272756375,0,0,0,9,1,5,1,10
2196,2,5226057786692856831,0,1,1,6,3,3,1,10
2197,2,-1725204581688623232,0,0,0,7,3,4,1,10
2198,2,-320326453677076535,0,0,0,5,4,3,1,10
2199,2,8181019411321741065,0,0,0,5,5,3,1,10
2200,2,-128122172727741428,0,0,0,5,2,3,1,10
2201,2,-7771044614082206168,0,0,0,7,2,4,1,10
2202,2,-2982654958269717899,0,0,0,5,5,3,1,10
2203,2,-6885771283248116474,0,1,1,6,1,3,1,10
2204,2,3306177539206205995,0,0,0,7,1,4,1,10
2205,2,1575926925967421195,0,0,0,5,2,3,1,10
2206,2,-4763257756150170080,0,1,1,6,2,3,1,10
2207,2,7836637460116421453,0,0,0,7,2,4,1,10
2208,2,6102957525476035754,0,1,1,6,2,3,1,10
2209,2,-8234801516110645181,0,0,0,5,5,3,1,10
2210,2,3905801472078519377,0,1,1,4,4,2,1,10
2211,2,7007227795172576957,0,0,0,7,1,4,1,10
2212,2,-7290607943475770902,0,0,0,7,3,4,1,10
2213,2,-4805867693816016872,0,0,0,5,3,3,1,10
2214,2,-5017947920533044252,0,0,0,7,2,4,1,10
2215,2,1400295871209204652,0,0,0,5,4,3,1,10
2216,2,-4915428045328285983,0,0,0,5,3,3,1,10
2217,2,7416332324792534921,0,0,0,5,3,3,1,10
2218,2,-6490480802303893624,0,1,1,6,3,3,1,10
2219,2,5582161318780334179,0,1,1,4,6,2,1,10
2220,2,-7929584617206977127,0,0,0,5,3,3,1,10
2221,2,-7157048858213739318,0,0,0,7,2,4,1,10
2222,2,-8066850208610425791,0,1,1,4,5,2,1,10
2223,2,4666831200883785629,0,0,0,7,5,4,1,10
2224,2,-583002323005246546,0,0,0,7,4,4,1,10
2225,2,-1967523569808685632,0,1,1,6,4,3,1,10
2226,2,-905048653729380378,0,0,0,7,1,4,1,10
2227,2,3323173349238135564,0,0,0,5,4,3,1,10
2228,2,-8600127942946019116,0,1,1,8,2,4,1,10
2229,2,8665199025087693447,0,0,0,7,7,4,1,10
2230,2,-393877079457445980,0,1,1,6,5,3,1,10
2231,2,1457312917275463124,0,0,0,3,5,2,1,10
2232,2,2734656201785412943,0,0,0,9,2,5,1,10
2233,2,855622320681836525,0,1,1,6,4,3,1,10
2234,2,5279957885580787321,0,1,1,8,1,4,1,10
2235,2,7048617553364412174,0,1,1,6,3,3,1,10
2236,2,1322169425556899962,0,0,0,7,2,4,1,10
2237,2,9131867104794378740,0,0,0,9,1,5,1,10
2238,2,-6332737905527141447,0,1,1,6,2,3,1,10
2239,2,6691833074716001351,0,0,0,5,6,3,1,10
2240,2,-2701273452867700927,0,0,0,5,4,3,1,10
2241,2,-8652494746628338093,0,0,0,7,2,4,1,10
2242,2,-8780315577381484147,0,0,0,7,2,4,1,10
2243,2,-1404843559623545858,0,1,1,6,5,3,1,10
2244,2,4613405546584378022,0,0,0,5,5,3,1,10
2245,2,-544338767128088842,0,0,0,7,3,4,1,10
2246,2,7095546126573638511,0,0,0,5,4,3,1,10
2247,2,-5212221459889801175,0,0,0,7,1,4,1,10
2248,2,-3039788594613897665,0,0,0,7,2,4,1,10
2249,2,8136504700360205434,0,0,0,5,5,3,1,10
2250,2,5706073949860912304,0,1,1,6,3,3,1,10
2251,2,1630227537033089201,0,0,0,5,4,3,1,10
2252,2,343418526872465078,0,0,0,5,1,3,1,10
2253,2,8818790537160583346,0,1,1,4,4,2,1,10
2254,2,-1536089011489679629,0,0,0,9,3,5,1,10
2255,2,3015067548093838833,0,1,1,6,2,3,1,10
2256,2,-4810779034293635000,0,0,0,5,3,3,1,10
2257,2,-3905622726898949851,0,0,0,5,3,3,1,10
2258,2,6775279887529306287,0,0,0,7,3,4,1,10
2259,2,-8872121115235722437,0,1,1,6,2,3,1,10
2260,2,3496375868686370119,0,1,1,4,4,2,1,10
2261,2,1580718481643331981,0,0,0,7,1,4,1,10
2262,2,3002665275593667504,0,0,0,7,1,4,1,10
2263,2,4628499115709288787,0,1,1,4,2,2,1,10
2264,2,-8394867030712785768,0,0,0,5,1,3,1,10
2265,2,5756932465719787097,0,1,1,6,2,3,1,10
2266,2,-3761069696718492778,0,1,1,6,1,3,1,10
2267,2,-1049527400392785678,0,1,1,8,1,4,1,10
2268,2,-3316803186771001290,0,0,0,7,3,4,1,10
2269,2,4497692308662333228,0,0,0,3,9,2,1,10
2270,2,-7637799540222657452,0,1,1,6,3,3,1,10
2271,2,-240722416106965692,0,1,1,6,2,3,1,10
2272,2,-6306955313580332115,0,1,1,8,2,4,1,10
2273,2,8408642042991083868,0,1,1,8,2,4,1,10
2274,2,6489443015915618482,0,0,0,5,6,3,1,10
2275,2,-1172809788991900054,0,0,0,5,3,3,1,10
2276,2,1191483593760326303,0,0,0,5,2,3,1,10
2277,2,6727789965938170483,0,0,0,5,3,3,1,10
2278,2,-1144781194834212660,0,0,0,5,6,3,1,10
2279,2,1896209309265671161,0,0,0,7,1,4,1,10
2280,2,-2762660991438874813,0,1,1,4,3,2,1,10
2281,2,-7284590286620734798,0,0,0,5,6,3,1,10
2282,2,-396632554648358766,0,0,0,5,7,3,1,10
2283,2,7182186806904995706,0,0,0,5,2,3,1,10
2284,2,-3491534534075240223,0,0,0,5,3,3,1,10
2285,2,5663648931211538313,0,0,0,5,6,3,1,10
2286,2,-5340768593648417210,0,1,1,6,4,3,1,10
2287,2,8227124157941241576,0,0,0,5,7,3,1,10
2288,2,8955104883054008919,0,0,0,3,6,2,1,10
2289,2,-1169510564675557856,0,0,0,5,1,3,1,10
2290,2,1632832135476855040,0,1,1,6,2,3,1,10
2291,2,-7673300242666946763,0,1,1,6,4,3,1,10
2292,2,-6086788076495929193,0,0,0,5,3,3,1,10
2293,2,4397660888558947794,0,0,0,5,8,3,1,10
2294,2,-1250799075012622547,0,0,0,5,6,3,1,10
2295,2,-8617471662655377723,0,0,0,5,5,3,1,10
2296,2,-5043602146055790297,0,0,0,5,3,3,1,10
2297,2,8764643876650162860,0,0,0,5,2,3,1,10
2298,2,6376867623352157452,0,1,1,6,1,3,1,10
2299,2,797842978500364272,0,0,0,9,1,5,1,10
2300,2,2496991087699691679,0,0,0,5,5,3,1,10
2301,2,-7402968726636562446,0,1,1,6,5,3,1,10
2302,2,3498173913936401200,0,0,0,7,3,4,1,10
2303,2,-8371330761118866556,0,0,0,5,2,3,1,10
2304,2,-6241850382545313490,0,0,0,5,4,3,1,10
2305,2,3804946243219290779,0,0,0,5,4,3,1,10
2306,2,-807200305922839295,0,0,0,9,4,5,1,10
2307,2,-8098700001053512894,0,1,1,4,7,2,1,10
2308,2,-482783140885491434,0,0,0,5,5,3,1,10
2309,2,2518020947846046672,0,0,0,7,1,4,1,10
2310,2,24964506834040634,0,1,1,8,1,4,1,10
2311,2,5787253380068508765,0,0,0,5,5,3,1,10
2312,2,-8445820776195757780,0,0,0,5,6,3,1,10
2313,2,6316224434545242993,0,1,1,6,1,3,1,10
2314,2,-5149007844230195604,0,1,1,6,1,3,1,10
2315,2,1378203755503340030,0,1,1,4,1,2,1,10
2316,2,3155370302971355993,0,0,0,7,7,4,1,10
2317,2,4458979811469150864,0,0,0,5,1,3,1,10
2318,2,-1401988427830356614,0,0,0,5,6,3,1,10
2319,2,960043094726989762,0,0,0,5,4,3,1,10
2320,2,-7841072402860297957,0,1,1,8,2,4,1,10
2321,2,1657809013153422835,0,1,1,6,3,3,1,10
2322,2,6494648426751433756,0,0,0,7,5,4,1,10
2323,2,5349579826396505146,0,0,0,5,6,3,1,10
2324,2,-127170672939705852,0,0,0,5,6,3,1,10
2325,2,859278691938302102,0,1,1,6,3,3,1,10
2326,2,356449856311096668,0,0,0,9,2,5,1,10
2327,2,-1633381796906996887,0,1,1,6,3,3,1,10
2328,2,-768795522058851782,0,1,1,6,3,3,1,10
2329,2,-8951930114119643609,0,0,0,5,4,3,1,10
2330,2,-3494724254683584997,0,0,0,7,4,4,1,10
2331,2,4001548634541517130,0,0,0,7,2,4,1,10
2332,2,-320939080170622730,0,0,0,5,4,3,1,10
2333,2,333401090352422281,0,1,1,6,5,3,1,10
2334,2,-8098414147454938227,0,0,0,11,1,6,1,10
2335,2,-7252166103045381048,0,0,0,5,7,3,1,10
2336,2,1930804123959021317,0,0,0,5,4,3,1,10
2337,2,6545798782040531793,0,1,1,6,3,3,1,10
2338,2,-6186689772325733959,0,0,0,5,3,3,1,10
2339,2,535940581088004036,0,1,1,6,5,3,1,10
2340,2,-823773917831899830,0,0,0,5,2,3,1,10
2341,2,263000078158060620,0,1,1,6,2,3,1,10
2342,2,2030167301640516090,0,1,1,4,4,2,1,10
2343,2,-6091973536781758829,0,0,0,5,4,3,1,10
2344,2,4432300127452672826,0,1,1,8,2,4,1,10
2345,2,-2283842934830770185,0,0,0,5,3,3,1,10
2346,2,-5043978990964782720,0,0,0,5,1,3,1,10
2347,2,-1755478004766130819,0,1,1,8,2,4,1,10
2348,2,5790815247628596574,0,1,1,6,1,3,1,10
2349,2,500947362541165317,0,1,1,6,1,3,1,10
2350,2,6238103976492492752,0,0,0,5,5,3,1,10
2351,2,1965358391980142015,0,0,0,7,3,4,1,10
2352,2,-3241937022589119531,0,0,0,5,3,3,1,10
2353,2,2222684330219377117,0,1,1,8,1,4,1,10
2354,2,8666260382930502976,0,1,1,4,5,2,1,10
2355,2,-4397236861152991350,0,0,0,9,4,5,1,10
2356,2,4513456684939153615,0,0,0,5,6,3,1,10
2357,2,1566111119818822426,0,0,0,5,5,3,1,10
2358,2,4190561603430707580,0,0,0,5,5,3,1,10
2359,2,9192541574680595586,0,0,0,3,9,2,1,10
2360,2,8811903003224909587,0,0,0,7,1,4,1,10
2361,2,2627625319530361353,0,0,0,5,7,3,1,10
2362,2,-355241477451011580,0,0,0,5,7,3,1,10
2363,2,784253722891899455,0,1,1,8,2,4,1,10
2364,2,-7112600370732185478,0,0,0,5,3,3,1,10
2365,2,659517475677905198,0,0,0,5,6,3,1,10
2366,2,-8776517506992324437,0,1,1,10,1,5,1,10
2367,2,-3185345151302726449,0,0,0,5,4,3,1,10
2368,2,6724801932439301233,0,0,0,5,6,3,1,10
2369,2,1545906996217128127,0,1,1,4,7,2,1,10
2370,2,8289181640218874393,0,0,0,7,5,4,1,10
2371,2,-625163020812744398,0,0,0,7,2,4,1,10
2372,2,-6763069255492522373,0,1,1,8,1,4,1,10
2373,2,3444236633687921959,0,0,0,7,1,4,1,10
2374,2,-7724869865762894774,0,0,0,5,4,3,1,10
2375,2,-8023821621835368483,0,0,0,7,6,4,1,10
2376,2,3978436489423862957,0,1,1,6,4,3,1,10
2377,2,3359556508777607557,0,0,0,5,4,3,1,10
2378,2,8341839259574322446,0,0,0,7,1,4,1,10
2379,2,-1855339869432731848,0,1,1,8,1,4,1,10
2380,2,-7367843116657371599,0,0,0,5,2,3,1,10
2381,2,356044210674549291,0,0,0,7,1,4,1,10
2382,2,-783452395506720633,0,1,1,6,5,3,1,10
2383,2,-3553363325209063904,0,0,0,5,2,3,1,10
2384,2,8067376811407169987,0,1,1,6,2,3,1,10
2385,2,1139406194194516767,0,0,0,7,3,4,1,10
2386,2,-8633183758081439827,0,0,0,7,2,4,1,10
2387,2,-4353135944968493467,0,0,0,5,6,3,1,10
2388,2,5505946012273730615,0,1,1,8,1,4,1,10
2389,2,8397547066976964253,0,0,0,5,4,3,1,10
2390,2,7649643320667811533,0,0,0,3,8,2,1,10
2391,2,9074297261174216525,0,0,0,9,1,5,1,10
2392,2,-78405662392647951,0,1,1,4,3,2,1,10
2393,2,-1754358375385505902,0,1,1,6,1,3,1,10
2394,2,-3184259975379194874,0,0,0,5,6,3,1,10
2395,2,-6722262163715411952,0,0,0,5,2,3,1,10
2396,2,-2718097701706998165,0,0,0,7,2,4,1,10
2397,2,7278987747570598947,0,1,1,6,1,3,1,10
2398,2,3365166014206811595,0,0,0,7,5,4,1,10
2399,2,-325823119089192359,0,0,0,7,2,4,1,10
2400,2,348647677927452850,0,0,0,5,2,3,1,10
2401,2,6456714280626448420,0,1,1,6,2,3,1,10
2402,2,-4479479731198877340,0,0,0,7,4,4,1,10
2403,2,-975846497415041845,0,0,0,5,7,3,1,10
2404,2,2279747878140967914,0,0,0,5,4,3,1,10
2405,2,9208997394227421090,0,0,0,5,3,3,1,10
2406,2,-6927810050709415572,0,1,1,8,1,4,1,10
2407,2,-8203801778794846854,0,1,1,6,2,3,1,10
2408,2,5665439585187761350,0,1,1,8,2,4,1,10
2409,2,3981314678390651226,0,0,0,7,2,4,1,10
2410,2,231686035926795348,0,1,1,10,1,5,1,10
2411,2,-817473960204839826,0,0,0,7,3,4,1,10
2412,2,-987081459975211760,0,1,1,6,3,3,1,10
2413,2,8188162949509603647,0,0,0,7,3,4,1,10
2414,2,-5845023335651237153,0,1,1,4,6,2,1,10
2415,2,-7844087605078692316,0,0,0,5,2,3,1,10
2416,2,3576237981357480487,0,0,0,5,5,3,1,10
2417,2,7340484319023272696,0,0,0,3,6,2,1,10
2418,2,6669380497989037732,0,0,0,5,8,3,1,10
2419,2,7072438570576903692,0,0,0,5,3,3,1,10
2420,2,-3951417684307651716,0,0,0,5,3,3,1,10
2421,2,1991818167433534559,0,0,0,7,3,4,1,10
2422,2,-4941514219401387888,0,1,1,4,6,2,1,10
2423,2,7183978541754814732,0,1,1,6,1,3,1,10
2424,2,8264178880631118100,0,0,0,7,1,4,1,10
2425,2,-8556482628134162429,0,0,0,7,1,4,1,10
2426,2,355057642835298145,0,0,0,7,6,4,1,10
2427,2,7231853294383591419,0,1,1,6,6,3,1,10
2428,2,-6998019280922623479,0,0,0,5,4,3,1,10
2429,2,7938993138671847335,0,0,0,5,6,3,1,10
2430,2,-5250785967318569428,0,0,0,9,3,5,1,10
2431,2,4380652259545098791,0,1,1,4,5,2,1,10
2432,2,2934922914991969033,0,0,0,3,5,2,1,10
2433,2,5535543167422600897,0,0,0,7,6,4,1,10
2434,2,-7597549405096619305,0,1,1,6,1,3,1,10
2435,2,5574140311649972176,0,0,0,5,5,3,1,10
2436,2,2357512425329614037,0,0,0,7,1,4,1,10
2437,2,-1843857311704904452,0,0,0,5,3,3,1,10
2438,2,-5497945494179304289,0,0,0,5,7,3,1,10
2439,2,-5632130021838963542,0,0,0,5,8,3,1,10
2440,2,-3742527731330127165,0,0,0,7,2,4,1,10
2441,2,7202883600442697910,0,0,0,9,3,5,1,10
2442,2,-3282165433750830444,0,0,0,7,2,4,1,10
2443,2,-5229526961846824353,0,0,0,7,1,4,1,10
2444,2,8826015993432490301,0,0,0,5,4,3,1,10
2445,2,-1749390396964284030,0,1,1,6,5,3,1,10
2446,2,4342994966551138840,0,0,0,5,1,3,1,10
2447,2,8314832700384019211,0,0,0,7,2,4,1,10
2448,2,-2069528516510536640,0,1,1,8,1,4,1,10
2449,2,-7301622553258085720,0,0,0,7,2,4,1,10
2450,2,-5201497603750378140,0,0,0,9,3,5,1,10
2451,2,-779037978030617666,0,0,0,5,7,3,1,10
2452,2,5813811403009727966,0,0,0,5,2,3,1,10
2453,2,7624654125463776672,0,0,0,7,5,4,1,10
2454,2,1961951626062592515,0,0,0,7,2,4,1,10
2455,2,8279095538403032830,0,0,0,5,8,3,1,10
2456,2,-84837582693147460,0,1,1,6,2,3,1,10
2457,2,-8110374183762215781,0,0,0,5,7,3,1,10
2458,2,-5729711348640786603,0,1,1,6,3,3,1,10
2459,2,-345296036857888958,0,1,1,6,3,3,1,10
2460,2,-5063671175812709739,0,0,0,5,7,3,1,10
2461,2,-5431622490804048646,0,1,1,6,1,3,1,10
2462,2,7882649609282974990,0,0,0,5,4,3,1,10
2463,2,-6022215432469411464,0,0,0,9,4,5,1,10
2464,2,-852382267542091083,0,0,0,3,8,2,1,10
2465,2,-1193111141633369644,0,1,1,6,3,3,1,10
2466,2,-3231240925028511308,0,0,0,9,3,5,1,10
2467,2,3179210052957179775,0,0,0,5,4,3,1,10
2468,2,5141536173235744894,0,0,0,5,1,3,1,10
2469,2,2520624710274559605,0,1,1,6,1,3,1,10
2470,2,2566289550217451812,0,0,0,7,1,4,1,10
2471,2,2266182004145267374,0,0,0,3,8,2,1,10
2472,2,-8525901372133057049,0,0,0,3,6,2,1,10
2473,2,5612770138200701145,0,0,0,5,6,3,1,10
2474,2,8975017604619696909,0,0,0,7,1,4,1,10
2475,2,-5744213805715755444,0,0,0,5,4,3,1,10
2476,2,8152621881101838839,0,0,0,5,6,3,1,10
2477,2,2670267597550193717,0,1,1,8,2,4,1,10
2478,2,6033236296951189875,0,0,0,5,2,3,1,10
2479,2,-4639487884415942123,0,0,0,5,4,3,1,10
2480,2,292277205666522959,0,1,1,8,2,4,1,10
2481,2,-1167137895754484881,0,1,1,6,3,3,1,10
2482,2,-4578903915296401618,0,0,0,5,4,3,1,10
2483,2,4751213167297703100,0,0,0,7,2,4,1,10
2484,2,-1067298881552104802,0,0,0,7,1,4,1,10
2485,2,-321072575802543199,0,0,0,7,1,4,1,10
2486,2,-437391056768487832,0,1,1,6,5,3,1,10
2487,2,7388327656025646691,0,0,0,7,2,4,1,10
2488,2,5078565046105403690,0,0,0,5,4,3,1,10
2489,2,2659140732395101850,0,0,0,5,6,3,1,10
2490,2,8332971235101931299,0,0,0,7,3,4,1,10
2491,2,-7574560996053644508,0,0,0,5,4,3,1,10
2492,2,-2022834379383247026,0,0,0,9,2,5,1,10
2493,2,-1972577941881211556,0,0,0,5,5,3,1,10
2494,2,830636083789968817,0,0,0,5,4,3,1,10
2495,2,1124378960724338060,0,1,1,8,2,4,1,10
2496,2,8528356976609332982,0,0,0,7,3,4,1,10
2497,2,495166534054353567,0,0,0,5,3,3,1,10
2498,2,-3478823501440841414,0,1,1,8,1,4,1,10
2499,2,-3410067277789755110,0,0,0,5,6,3,1,10
2500,2,-4894599782819490268,0,0,0,5,3,3,1,10
2501,2,-5497768772667370163,0,0,0,7,1,4,1,10
2502,2,-282228308248579527,0,1,1,6,4,3,1,10
2503,2,-1813821662546985787,0,1,1,8,2,4,1,10
2504,2,6032339248466341231,0,0,0,7,2,4,1,10
2505,2,-5201051142971677948,0,1,1,6,5,3,1,10
2506,2,-1020972868362376961,0,0,0,5,6,3,1,10
2507,2,-7181377572105505421,0,0,0,5,5,3,1,10
2508,2,6609227895872986751,0,0,0,7,4,4,1,10
2509,2,929262860708780695,0,1,1,8,3,4,1,10
2510,2,1581831207915095087,0,0,0,5,5,3,1,10
2511,2,-889253865239175037,0,0,0,5,5,3,1,10
2512,2,-5241421274778934638,0,0,0,7,3,4,1,10
2513,2,8722414455691615885,0,0,0,5,6,3,1,10
2514,2,-5385874744213278912,0,0,0,3,5,2,1,10
2515,2,-1543584576542147004,0,1,1,6,1,3,1,10
2516,2,-2047982500947296006,0,0,0,7,3,4,1,10
2517,2,-4806575209184403551,0,0,0,5,3,3,1,10
2518,2,5130979725809250559,0,0,0,7,7,4,1,10
2519,2,7555706090022882427,0,1,1,8,1,4,1,10
2520,2,-1798900905482568291,0,1,1,6,2,3,1,10
2521,2,3678804161636839232,0,1,1,4,2,2,1,10
2522,2,-6130673209284640246,0,1,1,6,1,3,1,10
2523,2,7604547857225220321,0,0,0,5,5,3,1,10
2524,2,673140433865545588,0,0,0,7,2,4,1,10
2525,2,-1657902436329496050,0,0,0,7,1,4,1,10
2526,2,4896507272280437589,0,0,0,5,4,3,1,10
2527,2,-2135762332393008221,0,0,0,5,6,3,1,10
2528,2,-5566384255392442612,0,0,0,3,8,2,1,10
2529,2,5175656582470861409,0,1,1,6,3,3,1,10
2530,2,3370346387448341673,0,0,0,7,2,4,1,10
2531,2,2956484372781488609,0,0,0,5,7,3,1,10
2532,2,447641817635482888,0,1,1,6,2,3,1,10
2533,2,566944057209213636,0,0,0,3,5,2,1,10
2534,2,2236547666132896544,0,0,0,5,5,3,1,10
2535,2,1886472435165573167,0,0,0,7,3,4,1,10
2536,2,-8593075624682725220,0,1,1,4,6,2,1,10
2537,2,-4007039017834405770,0,0,0,3,7,2,1,10
2538,2,-2589047464649013333,0,0,0,5,5,3,1,10
2539,2,1321868826564097302,0,1,1,8,2,4,1,10
2540,2,7966160846507445780,0,0,0,3,5,2,1,10
2541,2,-1574244236927834647,0,0,0,5,3,3,1,10
2542,2,-5033160578220094068,0,0,0,5,3,3,1,10
2543,2,-2500482461775703148,0,0,0,5,6,3,1,10
2544,2,-821965553103112885,0,0,0,7,3,4,1,10
2545,2,7394718864255892803,0,1,1,6,2,3,1,10
2546,2,-2195097265130497828,0,0,0,7,3,4,1,10
2547,2,2053992998783507864,0,1,1,6,3,3,1,10
2548,2,-8957941959672932300,0,0,0,5,1,3,1,10
2549,2,4449352070097085152,0,0,0,5,6,3,1,10
2550,2,-5886710460662221562,0,0,0,7,1,4,1,10
2551,2,5302994253182400135,0,1,1,6,3,3,1,10
2552,2,4058961942923733333,0,1,1,8,4,4,1,10
2553,2,-4876387540421441587,0,0,0,7,1,4,1,10
2554,2,-689426586437119158,0,0,0,7,3,4,1,10
2555,2,7355841159661751738,0,1,1,6,2,3,1,10
2556,2,-3399563984490575289,0,0,0,7,4,4,1,10
2557,2,5570699293830394959,0,1,1,4,3,2,1,10
2558,2,-8234421555476909765,0,1,1,8,2,4,1,10
2559,2,-7078073642059355907,0,0,0,5,3,3,1,10
2560,2,-1055450162240267720,0,0,0,5,6,3,1,10
2561,2,-4569376061369320869,0,1,1,6,3,3,1,10
2562,2,-1045240902737424574,0,1,1,8,3,4,1,10
2563,2,-7096450437505302766,0,1,1,4,4,2,1,10
2564,2,2605430746473419880,0,1,1,6,7,3,1,10
2565,2,-1000945207337142245,0,0,0,5,8,3,1,10
2566,2,-6909828910279559400,0,0,0,7,4,4,1,10
2567,2,2617238343569105452,0,0,0,5,7,3,1,10
2568,2,-436838056441987409,0,0,0,7,6,4,1,10
2569,2,-8908021052667581841,0,1,1,6,2,3,1,10
2570,2,4812176025955177040,0,0,0,7,2,4,1,10
2571,2,6985710700105939573,0,0,0,7,3,4,1,10
2572,2,3824528751386535926,0,1,1,8,2,4,1,10
2573,2,-1034045431823167639,0,0,0,7,2,4,1,10
2574,2,8811856457063829707,0,0,0,5,4,3,1,10
2575,2,178605751436103816,0,0,0,5,5,3,1,10
2576,2,-547473777149004103,0,0,0,5,2,3,1,10
2577,2,-8111369747739698992,0,0,0,5,2,3,1,10
2578,2,-3357388414126219455,0,0,0,7,2,4,1,10
2579,2,9119572290902239223,0,0,0,5,6,3,1,10
2580,2,-8609876403188463732,0,0,0,5,8,3,1,10
2581,2,4615269229830680222,0,0,0,5,6,3,1,10
2582,2,1318343972164545983,0,0,0,7,4,4,1,10
2583,2,-849501742870746682,0,1,1,6,2,3,1,10
2584,2,5542130070046530451,0,0,0,7,3,4,1,10
2585,2,8531700142902149506,0,0,0,5,5,3,1,10
2586,2,-133212039241726429,0,0,0,5,3,3,1,10
2587,2,4500814447370919662,0,0,0,5,5,3,1,10
2588,2,7239045830575462152,0,1,1,6,1,3,1,10
2589,2,-2291784670533358241,0,0,0,7,3,4,1,10
2590,2,3515060352803353250,0,1,1,6,2,3,1,10
2591,2,4483017984896203483,0,0,0,5,5,3,1,10
2592,2,5687351120055340984,0,0,0,7,3,4,1,10
2593,2,-8989388344437330997,0,0,0,5,6,3,1,10
2594,2,-3748163709355543485,0,0,0,7,1,4,1,10
2595,2,2237606543424566767,0,0,0,7,4,4,1,10
2596,2,-2046115847797757050,0,1,1,6,2,3,1,10
2597,2,6532407192318629521,0,0,0,3,7,2,1,10
2598,2,6979677805727091042,0,1,1,6,2,3,1,10
2599,2,6840352351806650365,0,0,0,7,1,4,1,10
2600,2,813354276007399143,0,0,0,5,4,3,1,10
2601,2,-8580234456775443921,0,0,0,7,6,4,1,10
2602,2,8031518452120388654,0,1,1,8,2,4,1,10
2603,2,-5985882128740887858,0,0,0,5,3,3,1,10
2604,2,8798341159259609957,0,1,1,6,2,3,1,10
2605,2,314559005881366617,0,1,1,6,3,3,1,10
2606,2,-4659158241094110934,0,0,0,5,5,3,1,10
2607,2,5156929629620358303,0,1,1,6,4,3,1,10
2608,2,-869201514046521827,0,1,1,10,1,5,1,10
2609,2,4274566606051506804,0,0,0,3,8,2,1,10
2610,2,-4178255473761448528,0,1,1,6,3,3,1,10
2611,2,6866389698410412705,0,1,1,8,2,4,1,10
2612,2,8971955886373604928,0,0,0,3,8,2,1,10
2613,2,-8209312379563199460,0,1,1,6,2,3,1,10
2614,2,5355162169856773737,0,1,1,6,1,3,1,10
2615,2,2749563430456847224,0,0,0,7,2,4,1,10
2616,2,3624291647448759189,0,1,1,6,7,3,1,10
2617,2,-6596298708820478562,0,1,1,6,2,3,1,10
2618,2,8513615295183615446,0,1,1,6,2,3,1,10
2619,2,-6782742948711308867,0,1,1,6,5,3,1,10
2620,2,8780272909276302581,0,0,0,5,3,3,1,10
2621,2,-7670410551286165890,0,0,0,7,6,4,1,10
2622,2,-7912245873332487477,0,0,0,7,1,4,1,10
2623,2,692534512147684988,0,0,0,7,2,4,1,10
2624,2,-8267270383880524082,0,0,0,7,1,4,1,10
2625,2,-8073044033360592909,0,0,0,5,4,3,1,10
2626,2,-5079762943603589394,0,0,0,7,1,4,1,10
2627,2,8458225444253629367,0,0,0,3,9,2,1,10
2628,2,8776835249341305249,0,1,1,6,4,3,1,10
2629,2,3572629009235541862,0,0,0,7,5,4,1,10
2630,2,-1363681604522142404,0,0,0,5,7,3,1,10
2631,2,-1672499699221522720,0,0,0,5,2,3,1,10
2632,2,1432805932165683333,0,0,0,5,1,3,1,10
2633,2,418854561649068279,0,1,1,6,4,3,1,10
2634,2,1284071201244715141,0,1,1,6,1,3,1,10
2635,2,5726505150482500451,0,0,0,7,2,4,1,10
2636,2,8074595060816107425,0,0,0,5,2,3,1,10
2637,2,-5643110130491145736,0,0,0,5,8,3,1,10
2638,2,-8247694119754673685,0,0,0,7,1,4,1,10
2639,2,-3054935582115349222,0,0,0,5,3,3,1,10
2640,2,-173192965264153931,0,0,0,5,1,3,1,10
2641,2,3265890755390106480,0,0,0,5,7,3,1,10
2642,2,7623741158133247847,0,1,1,6,3,3,1,10
2643,2,2536385430574379735,0,0,0,7,5,4,1,10
2644,2,8488117009008077714,0,0,0,5,6,3,1,10
2645,2,767865188275725465,0,1,1,4,6,2,1,10
2646,2,2149737169162062404,0,0,0,5,4,3,1,10
2647,2,7286524630935404766,0,0,0,7,4,4,1,10
2648,2,8157488961775497373,0,0,0,7,5,4,1,10
2649,2,3561702113190509922,0,1,1,6,3,3,1,10
2650,2,7123222764668157346,0,1,1,6,4,3,1,10
2651,2,-4969988481255947417,0,1,1,8,1,4,1,10
2652,2,-7326876761492620463,0,0,0,3,5,2,1,10
2653,2,-6282538506590070547,0,1,1,6,3,3,1,10
2654,2,-4581174486060086028,0,0,0,5,2,3,1,10
2655,2,-7660972758445889248,0,0,0,5,2,3,1,10
2656,2,2553825702376795834,0,0,0,7,3,4,1,10
2657,2,-57036273329594350,0,0,0,7,5,4,1,10
2658,2,-3405917760813524350,0,0,0,3,9,2,1,10
2659,2,-3651506734939599446,0,0,0,7,4,4,1,10
2660,2,6615567675930895866,0,0,0,5,3,3,1,10
2661,2,-6841741709482540069,0,0,0,5,4,3,1,10
2662,2,-7568862198073283096,0,1,1,6,3,3,1,10
2663,2,-4896308741383511016,0,0,0,7,2,4,1,10
2664,2,-133179065194650937,0,0,0,7,1,4,1,10
2665,2,-598838402705059834,0,0,0,7,4,4,1,10
2666,2,-6625030057580393835,0,0,0,5,8,3,1,10
2667,2,8386893985084698995,0,0,0,5,2,3,1,10
2668,2,1818767235551136747,0,0,0,7,4,4,1,10
2669,2,8766192749844745606,0,1,1,6,2,3,1,10
2670,2,3504022486664549965,0,1,1,6,3,3,1,10
2671,2,4651676939085928248,0,0,0,7,2,4,1,10
2672,2,4696497958794705859,0,0,0,7,3,4,1,10
2673,2,-1303604709825956606,0,0,0,7,3,4,1,10
2674,2,-4269920971891732568,0,0,0,5,5,3,1,10
2675,2,-937248884595855913,0,0,0,5,2,3,1,10
2676,2,1039263440975879873,0,0,0,7,6,4,1,10
2677,2,278079093705814357,0,1,1,6,1,3,1,10
2678,2,-9160238142847429487,0,1,1,6,3,3,1,10
2679,2,3838574802645184310,0,0,0,5,3,3,1,10
2680,2,-3615041394001796630,0,0,0,5,5,3,1,10
2681,2,738254019201069580,0,0,0,5,5,3,1,10
2682,2,-7112594831304558393,0,0,0,5,1,3,1,10
2683,2,-1267045434969788115,0,0,0,5,4,3,1,10
2684,2,-6111102970278874791,0,0,0,3,8,2,1,10
2685,2,-58174002362167829,0,0,0,5,6,3,1,10
2686,2,4579615849524210783,0,0,0,5,2,3,1,10
2687,2,1023134652965613576,0,1,1,8,1,4,1,10
2688,2,-8211864614737754438,0,1,1,6,2,3,1,10
2689,2,7783287725077362024,0,0,0,9,3,5,1,10
2690,2,6342120723635597888,0,0,0,7,6,4,1,10
2691,2,-8716363272990316280,0,0,0,5,3,3,1,10
2692,2,6249932512454002640,0,1,1,10,4,5,1,10
2693,2,9193323479591449902,0,1,1,6,3,3,1,10
2694,2,-3211431994139367771,0,0,0,5,4,3,1,10
2695,2,321992794877281506,0,1,1,6,4,3,1,10
2696,2,2889618250076632303,0,0,0,5,7,3,1,10
2697,2,-6749486927046375268,0,1,1,6,4,3,1,10
2698,2,1088110418266117535,0,0,0,5,4,3,1,10
2699,2,-547566879561035202,0,0,0,5,1,3,1,10
2700,2,-1148239641651173502,0,1,1,6,3,3,1,10
2701,2,5708675233319173188,0,1,1,6,6,3,1,10
2702,2,2889890943249605009,0,1,1,8,3,4,1,10
2703,2,-1329049857893494727,0,0,0,5,2,3,1,10
2704,2,8079528501397069958,0,0,0,5,5,3,1,10
2705,2,6142032677963260012,0,1,1,6,6,3,1,10
2706,2,8114491421867309490,0,1,1,8,3,4,1,10
2707,2,-6209092477587453724,0,1,1,6,1,3,1,10
2708,2,-7160846524052543731,0,1,1,8,2,4,1,10
2709,2,-4236230780422534256,0,1,1,6,1,3,1,10
2710,2,1174529101584392334,0,0,0,7,3,4,1,10
2711,2,-8105424555458462782,0,1,1,8,1,4,1,10
2712,2,5192866244781651645,0,1,1,6,1,3,1,10
2713,2,-5181534012025082658,0,0,0,5,3,3,1,10
2714,2,-7541112407102520698,0,1,1,6,2,3,1,10
2715,2,-2843615552615573426,0,0,0,5,5,3,1,10
2716,2,-5329742539729322417,0,0,0,9,2,5,1,10
2717,2,-3895367263711252808,0,0,0,5,2,3,1,10
2718,2,1553835728566541387,0,0,0,5,7,3,1,10
2719,2,-4955661901068302221,0,1,1,6,3,3,1,10
2720,2,-2347485121539805680,0,0,0,5,4,3,1,10
2721,2,-7045012028674102986,0,0,0,5,6,3,1,10
2722,2,1845093564717150567,0,0,0,9,4,5,1,10
2723,2,4917610730046573330,0,0,0,9,2,5,1,10
2724,2,-1729545334536825246,0,0,0,9,4,5,1,10
2725,2,164401077854971041,0,1,1,4,4,2,1,10
2726,2,-3001316983557090636,0,0,0,5,5,3,1,10
2727,2,-5356559586934497665,0,1,1,6,2,3,1,10
2728,2,-8965298985554094532,0,1,1,6,1,3,1,10
2729,2,5396629028752321529,0,1,1,6,1,3,1,10
2730,2,-8153682033575840542,0,1,1,6,4,3,1,10
2731,2,-8693603282512200956,0,1,1,10,1,5,1,10
2732,2,-3508208926667908698,0,0,0,5,4,3,1,10
2733,2,6521158978435215217,0,0,0,5,4,3,1,10
2734,2,6015461078351025910,0,0,0,5,5,3,1,10
2735,2,-5104121523858694819,0,0,0,5,3,3,1,10
2736,2,8199417998116481087,0,0,0,7,3,4,1,10
2737,2,6154331461135021805,0,0,0,5,6,3,1,10
2738,2,952221942658332869,0,0,0,7,2,4,1,10
2739,2,257912348520358203,0,0,0,5,7,3,1,10
2740,2,-6120427071749209161,0,0,0,7,1,4,1,10
2741,2,7635159209031148683,0,1,1,6,4,3,1,10
2742,2,-3600690593733959299,0,0,0,7,1,4,1,10
2743,2,-7512446845644330047,0,1,1,6,5,3,1,10
2744,2,6612798540607182421,0,1,1,6,2,3,1,10
2745,2,4226342272025364247,0,0,0,5,5,3,1,10
2746,2,6917337942442047005,0,1,1,6,4,3,1,10
2747,2,-8347393806130010614,0,0,0,9,1,5,1,10
2748,2,-1087317855114677903,0,0,0,5,4,3,1,10
2749,2,7536305514255318165,0,0,0,7,2,4,1,10
2750,2,1625444729184608248,0,0,0,7,7,4,1,10
2751,2,-4079899796228569183,0,0,0,5,2,3,1,10
2752,2,-8071522084177552389,0,1,1,8,2,4,1,10
2753,2,8413999394175984827,0,0,0,5,3,3,1,10
2754,2,-581495450844986569,0,0,0,5,7,3,1,10
2755,2,3928116993995452679,0,1,1,6,1,3,1,10
2756,2,-3057410308509011725,0,0,0,5,2,3,1,10
2757,2,-5829479645841939596,0,0,0,3,7,2,1,10
2758,2,7981372115271238995,0,1,1,4,4,2,1,10
2759,2,7015609288906610224,0,0,0,7,2,4,1,10
2760,2,-682623703593054738,0,0,0,5,3,3,1,10
2761,2,3613815696179721054,0,0,0,5,6,3,1,10
2762,2,-2996100233121487969,0,0,0,5,5,3,1,10
2763,2,-397131445826832122,0,0,0,7,2,4,1,10
2764,2,1901452238927597976,0,1,1,4,6,2,1,10
2765,2,-360511072816330675,0,1,1,8,1,4,1,10
2766,2,6811191497428490684,0,0,0,5,3,3,1,10
2767,2,-2477447370309798939,0,0,0,5,6,3,1,10
2768,2,6028640782735551020,0,1,1,6,6,3,1,10
2769,2,339218807728390598,0,1,1,6,1,3,1,10
2770,2,-817641572652361694,0,0,0,5,4,3,1,10
2771,2,796577732919268381,0,0,0,7,4,4,1,10
2772,2,-5686541351928089602,0,0,0,7,2,4,1,10
2773,2,-1201668797116338811,0,1,1,6,2,3,1,10
2774,2,2112343418903071390,0,0,0,7,2,4,1,10
2775,2,-7848094145791343500,0,0,0,7,6,4,1,10
2776,2,-9149874119862622222,0,0,0,7,3,4,1,10
2777,2,2476062001414085111,0,0,0,5,5,3,1,10
2778,2,-1759446293235274034,0,1,1,8,2,4,1,10
2779,2,1193202821694572449,0,1,1,6,4,3,1,10
2780,2,477136150030014977,0,1,1,4,1,2,1,10
2781,2,-8416749662490265408,0,0,0,7,2,4,1,10
2782,2,8144496730315553447,0,0,0,7,1,4,1,10
2783,2,5049248514984477394,0,1,1,8,1,4,1,10
2784,2,-8186403901458757701,0,0,0,5,1,3,1,10
2785,2,1142124467675140407,0,0,0,3,5,2,1,10
2786,2,-4480131765413883152,0,0,0,5,6,3,1,10
2787,2,-5946226950251718617,0,1,1,6,2,3,1,10
2788,2,448946297683687104,0,1,1,8,3,4,1,10
2789,2,-8136406967432117531,0,0,0,5,5,3,1,10
2790,2,2534990582495171012,0,0,0,5,4,3,1,10
2791,2,5595431291025248564,0,1,1,4,2,2,1,10
2792,2,-345224010421148858,0,0,0,5,1,3,1,10
2793,2,-3547959296540764150,0,0,0,5,3,3,1,10
2794,2,8389954172731743508,0,1,1,6,5,3,1,10
2795,2,-670375965475759741,0,0,0,5,4,3,1,10
2796,2,2706228945533402775,0,0,0,5,7,3,1,10
2797,2,712581151405172760,0,0,0,7,2,4,1,10
2798,2,7891114186160114979,0,1,1,8,1,4,1,10
2799,2,1806362505885174032,0,1,1,6,1,3,1,10
2800,2,8765405082584857999,0,0,0,5,4,3,1,10
2801,2,-1739447204458444234,0,0,0,5,2,3,1,10
2802,2,3427435824291554056,0,0,0,5,3,3,1,10
2803,2,-4015005822836375861,0,0,0,5,3,3,1,10
2804,2,789940363184518946,0,1,1,4,4,2,1,10
2805,2,-8737572559014783042,0,1,1,6,5,3,1,10
2806,2,-74152443945758929,0,1,1,4,6,2,1,10
2807,2,2172759473688922906,0,0,0,5,3,3,1,10
2808,2,-1416181135406525740,0,0,0,5,7,3,1,10
2809,2,-1537846634032447809,0,0,0,5,8,3,1,10
2810,2,-8932200917019834408,0,0,0,5,3,3,1,10
2811,2,2291016348910971476,0,0,0,5,2,3,1,10
2812,2,-6992080829109827777,0,0,0,7,2,4,1,10
2813,2,-7738533390153112453,0,0,0,5,7,3,1,10
2814,2,8798159409368969111,0,0,0,9,2,5,1,10
2815,2,8774021516246110023,0,1,1,6,1,3,1,10
2816,2,-8082855496746981231,0,0,0,5,5,3,1,10
2817,2,4270593300778997738,0,0,0,11,1,6,1,10
2818,2,5101364342412135378,0,1,1,8,1,4,1,10
2819,2,-1937497097814016590,0,0,0,5,3,3,1,10
2820,2,-7363317007824812277,0,0,0,7,2,4,1,10
2821,2,-6872262548823239626,0,0,0,7,7,4,1,10
2822,2,-8229350950708999354,0,0,0,3,8,2,1,10
2823,2,-3802117155185281844,0,1,1,6,4,3,1,10
2824,2,-9188251420940165757,0,1,1,6,3,3,1,10
2825,2,5152485767276630845,0,1,1,6,4,3,1,10
2826,2,8590574632279694467,0,0,0,5,1,3,1,10
2827,2,-3836837314726630981,0,0,0,5,5,3,1,10
2828,2,-2435067221888659486,0,0,0,5,7,3,1,10
2829,2,6647692229151502354,0,1,1,6,2,3,1,10
2830,2,682952993528599659,0,0,0,5,2,3,1,10
2831,2,1429886200138732062,0,0,0,5,5,3,1,10
2832,2,1028629820323608999,0,1,1,8,1,4,1,10
2833,2,8955340711435327869,0,0,0,7,3,4,1,10
2834,2,-6241554472023513929,0,0,0,3,7,2,1,10
2835,2,3367508255044714116,0,0,0,7,6,4,1,10
2836,2,3614092155148242019,0,0,0,7,1,4,1,10
2837,2,2891097064377767030,0,1,1,6,1,3,1,10
2838,2,-8240597731974913422,0,1,1,4,2,2,1,10
2839,2,-6680197820586326797,0,0,0,7,5,4,1,10
2840,2,-8142745753557746117,0,1,1,6,4,3,1,10
2841,2,-7765854780576641363,0,0,0,5,4,3,1,10
2842,2,-5392612536696660868,0,0,0,9,3,5,1,10
2843,2,2661023277161331554,0,0,0,7,5,4,1,10
2844,2,2808942823041976425,0,0,0,7,4,4,1,10
2845,2,4373939178365763845,0,0,0,5,4,3,1,10
2846,2,-5059836119664770552,0,1,1,8,4,4,1,10
2847,2,6500544656303489598,0,1,1,6,1,3,1,10
2848,2,-6898846274564278853,0,1,1,6,1,3,1,10
2849,2,1773916445470892565,0,0,0,5,2,3,1,10
2850,2,-6106286186205652706,0,1,1,8,2,4,1,10
2851,2,1438125513642254057,0,0,0,7,1,4,1,10
2852,2,4716823000860672275,0,1,1,8,2,4,1,10
2853,2,-8523199346878224218,0,0,0,5,2,3,1,10
2854,2,-522275585304427238,0,0,0,7,2,4,1,10
2855,2,-3770849708749216202,0,0,0,7,3,4,1,10
2856,2,724716575914247141,0,0,0,7,1,4,1,10
2857,2,3281297359668895288,0,0,0,5,3,3,1,10
2858,2,5842739579048484139,0,0,0,5,4,3,1,10
2859,2,-8245037753104238865,0,1,1,4,4,2,1,10
2860,2,-5541666023368756036,0,0,0,5,4,3,1,10
2861,2,-8839137156198317700,0,0,0,5,5,3,1,10
2862,2,5510160282522718933,0,1,1,6,2,3,1,10
2863,2,482465010178360399,0,0,0,5,1,3,1,10
2864,2,-5548416304300100171,0,0,0,7,2,4,1,10
2865,2,167155235603560667,0,0,0,7,5,4,1,10
2866,2,-6588237135905560465,0,0,0,5,4,3,1,10
2867,2,5447154099362689160,0,0,0,5,7,3,1,10
2868,2,3858602253446066946,0,0,0,5,7,3,1,10
2869,2,7212373049318708462,0,0,0,5,5,3,1,10
2870,2,-5041949950100736090,0,1,1,6,1,3,1,10
2871,2,1213501231642834751,0,0,0,5,8,3,1,10
2872,2,6281867896738058600,0,0,0,5,2,3,1,10
2873,2,9169881126764897027,0,1,1,6,3,3,1,10
2874,2,2942926228220200952,0,1,1,6,1,3,1,10
2875,2,8812431660255127563,0,0,0,5,7,3,1,10
2876,2,-2795514583817884479,0,0,0,7,2,4,1,10
2877,2,8260413044658065311,0,0,0,5,1,3,1,10
2878,2,3978684347795092794,0,0,0,7,3,4,1,10
2879,2,6537504322968416505,0,1,1,6,1,3,1,10
2880,2,-960340273831352709,0,1,1,6,1,3,1,10
2881,2,689608509417838839,0,0,0,5,3,3,1,10
2882,2,-230818485129042413,0,0,0,5,3,3,1,10
2883,2,-5087650333173679861,0,1,1,4,4,2,1,10
2884,2,-2892185593553746920,0,0,0,3,9,2,1,10
2885,2,-8489689467839655563,0,0,0,7,2,4,1,10
2886,2,4207568647407014526,0,0,0,7,4,4,1,10
2887,2,-5215262829977777484,0,0,0,5,3,3,1,10
2888,2,1203499542483443116,0,1,1,6,5,3,1,10
2889,2,8548975833766801977,0,0,0,3,5,2,1,10
2890,2,-247087906260919732,0,1,1,8,2,4,1,10
2891,2,8969650966624226910,0,0,0,7,1,4,1,10
2892,2,-4857264479168095134,0,0,0,7,3,4,1,10
2893,2,-2827232293197529707,0,1,1,6,2,3,1,10
2894,2,5605175205327268768,0,1,1,8,2,4,1,10
2895,2,-6842023664657132316,0,0,0,7,1,4,1,10
2896,2,8100234022038669559,0,0,0,7,2,4,1,10
2897,2,-8681554868753206896,0,0,0,7,1,4,1,10
2898,2,7990552138282350961,0,0,0,5,4,3,1,10
2899,2,-5476508693187857896,0,0,0,5,7,3,1,10
2900,2,8193640620099430973,0,0,0,7,2,4,1,10
2901,2,8520699598768065124,0,1,1,4,7,2,1,10
2902,2,5128591307472044555,0,0,0,7,5,4,1,10
2903,2,-3504667059175332034,0,1,1,8,1,4,1,10
2904,2,-5742155405261868134,0,0,0,5,4,3,1,10
2905,2,-8813433296058198783,0,1,1,4,3,2,1,10
2906,2,-48752492380134002,0,0,0,3,9,2,1,10
2907,2,-1747535747622183537,0,1,1,6,4,3,1,10
2908,2,425817579638555526,0,0,0,5,6,3,1,10
2909,2,9158854129857696136,0,0,0,5,2,3,1,10
2910,2,355207190058912878,0,0,0,7,3,4,1,10
2911,2,8099763732836888760,0,0,0,5,6,3,1,10
2912,2,-1057104298006711791,0,0,0,5,6,3,1,10
2913,2,-2730866641244772912,0,1,1,6,3,3,1,10
2914,2,461848024031108593,0,1,1,6,1,3,1,10
2915,2,3161710812191983960,0,0,0,5,5,3,1,10
2916,2,4145193407652966234,0,1,1,6,2,3,1,10
2917,2,-5912374136787279900,0,0,0,7,5,4,1,10
2918,2,-3350631980720863564,0,1,1,8,1,4,1,10
2919,2,-8853766144344586363,0,0,0,5,6,3,1,10
2920,2,-6734480160761564647,0,1,1,6,2,3,1,10
2921,2,-5225990034912933758,0,0,0,3,6,2,1,10
2922,2,6967557755262045991,0,0,0,7,4,4,1,10
2923,2,-7392342579231998648,0,0,0,5,5,3,1,10
2924,2,2661977299602781718,0,0,0,7,3,4,1,10
2925,2,-5991421415364524642,0,0,0,7,3,4,1,10
2926,2,-3585167568318479860,0,1,1,6,4,3,1,10
2927,2,3404524773558843676,0,0,0,7,4,4,1,10
2928,2,-1836950677552575825,0,0,0,5,5,3,1,10
2929,2,3520579398430346461,0,0,0,7,1,4,1,10
2930,2,6171345830306816764,0,1,1,8,2,4,1,10
2931,2,3695384762889461875,0,0,0,5,4,3,1,10
2932,2,-8565075520620220074,0,0,0,5,5,3,1,10
2933,2,-7536562966885030373,0,1,1,6,3,3,1,10
2934,2,481054415873848546,0,1,1,6,4,3,1,10
2935,2,-582628428198094287,0,0,0,5,3,3,1,10
2936,2,4847887133726247953,0,0,0,5,6,3,1,10
2937,2,6158152328938143205,0,0,0,7,6,4,1,10
2938,2,5725513160386629757,0,1,1,6,2,3,1,10
2939,2,6982292010683746607,0,1,1,4,5,2,1,10
2940,2,-7251415002901980167,0,1,1,6,1,3,1,10
2941,2,7391619725698467840,0,0,0,5,6,3,1,10
2942,2,942758959901608675,0,0,0,7,1,4,1,10
2943,2,6370408892744505017,0,0,0,7,1,4,1,10
2944,2,-8213341959909978181,0,0,0,7,1,4,1,10
2945,2,3080767570091241952,0,1,1,6,4,3,1,10
2946,2,7260496258780130297,0,0,0,5,3,3,1,10
2947,2,7435729458190748944,0,0,0,5,6,3,1,10
2948,2,6701772436444045850,0,1,1,6,2,3,1,10
2949,2,4560516408935310641,0,1,1,6,2,3,1,10
2950,2,4724200245257598203,0,1,1,6,5,3,1,10
2951,2,996285031361217001,0,1,1,6,2,3,1,10
2952,2,4847974018290960491,0,0,0,5,1,3,1,10
2953,2,-7074361845068129710,0,0,0,5,2,3,1,10
2954,2,-778371814324668678,0,1,1,6,2,3,1,10
2955,2,-8559292550708932371,0,1,1,6,6,3,1,10
2956,2,-3422361843257298665,0,0,0,7,2,4,1,10
2957,2,-2536069618485904683,0,0,0,7,5,4,1,10
2958,2,2623968719254927705,0,0,0,5,6,3,1,10
2959,2,58610747621189175,0,1,1,6,3,3,1,10
2960,2,-4833327205017136612,0,0,0,5,4,3,1,10
2961,2,-4251166656330771455,0,0,0,5,5,3,1,10
2962,2,-2743969819407323056,0,0,0,5,5,3,1,10
2963,2,-5098482081900259111,0,1,1,10,1,5,1,10
2964,2,-7169321638486718579,0,0,0,5,2,3,1,10
2965,2,-8080482874517284528,0,1,1,6,5,3,1,10
2966,2,6122083980168856425,0,0,0,3,7,2,1,10
2967,2,-3870620508926306985,0,1,1,6,3,3,1,10
2968,2,-672210002083757554,0,1,1,6,2,3,1,10
2969,2,775799952293558001,0,0,0,7,5,4,1,10
2970,2,-1517202776833481722,0,0,0,3,6,2,1,10
2971,2,243724818774923306,0,0,0,7,3,4,1,10
2972,2,-1290682102069885608,0,0,0,5,7,3,1,10
2973,2,-8389940939742677945,0,1,1,8,1,4,1,10
2974,2,2141635602583630809,0,1,1,6,1,3,1,10
2975,2,2174480623672670270,0,0,0,5,6,3,1,10
2976,2,-3293385703444203845,0,1,1,6,3,3,1,10
2977,2,1937173568519497320,0,1,1,6,4,3,1,10
2978,2,-2707512528395142295,0,1,1,6,4,3,1,10
2979,2,1923964122762740084,0,0,0,5,8,3,1,10
2980,2,-6113044938086384745,0,0,0,5,5,3,1,10
2981,2,8723940932735759006,0,0,0,7,4,4,1,10
2982,2,-5836430890329526124,0,1,1,6,2,3,1,10
2983,2,-6541733095275356383,0,0,0,5,6,3,1,10
2984,2,897969872152881122,0,0,0,5,4,3,1,10
2985,2,-6135889093091041046,0,0,0,5,2,3,1,10
2986,2,-6427316842945032953,0,1,1,6,3,3,1,10
2987,2,-5629130277704968563,0,0,0,3,8,2,1,10
2988,2,5044644337652350117,0,1,1,4,3,2,1,10
2989,2,-8431611616468124036,0,1,1,8,1,4,1,10
2990,2,7556995177925883080,0,0,0,7,1,4,1,10
2991,2,1058425892365259125,0,0,0,7,2,4,1,10
2992,2,5995608813324662399,0,0,0,5,3,3,1,10
2993,2,8543245492704137276,0,1,1,6,3,3,1,10
2994,2,2655052345405484205,0,0,0,5,2,3,1,10
2995,2,-8619735001060689782,0,0,0,7,3,4,1,10
2996,2,-4400648783052461024,0,1,1,4,5,2,1,10
2997,2,-8530912189671156411,0,0,0,5,6,3,1,10
2998,2,-3060681517866442526,0,0,0,7,1,4,1,10
2999,2,7151535893170298352,0,0,0,5,1,3,1,10
3000,2,3390092359858797775,0,0,0,7,4,4,1,10
3001,2,741893782054082916,0,0,0,7,2,4,1,10
3002,2,7104051059200801639,0,1,1,8,2,4,1,10
3003,2,6132005235844822976,0,1,1,6,2,3,1,10
3004,2,-4533814143313129755,0,0,0,5,1,3,1,10
3005,2,-8008967908557564003,0,1,1,8,3,4,1,10
3006,2,3820538130640292496,0,0,0,5,5,3,1,10
3007,2,-2182351521093227898,0,1,1,6,2,3,1,10
3008,2,-5782679169374740912,0,1,1,6,4,3,1,10
3009,2,3668379218105068710,0,0,0,5,8,3,1,10
3010,2,-2006724119213705341,0,0,0,5,4,3,1,10
3011,2,-605481955454606397,0,0,0,7,3,4,1,10
3012,2,-7535751238037562607,0,1,1,6,3,3,1,10
3013,2,8718743405173168491,0,0,0,7,1,4,1,10
3014,2,-4939446016350335811,0,0,0,5,7,3,1,10
3015,2,-1231652902308314004,0,0,0,3,6,2,1,10
3016,2,988534287031982014,0,1,1,6,1,3,1,10
3017,2,3266591852499735944,0,0,0,7,5,4,1,10
3018,2,-327253803090047858,0,1,1,6,4,3,1,10
3019,2,-7437783819547026583,0,1,1,6,3,3,1,10
3020,2,-2968876794452523007,0,0,0,5,3,3,1,10
3021,2,2534554172117955026,0,1,1,6,4,3,1,10
3022,2,-2128380055720700008,0,0,0,5,3,3,1,10
3023,2,-2198606292935249897,0,0,0,5,4,3,1,10
3024,2,-5689428262506377450,0,1,1,6,2,3,1,10
3025,2,-1273488730283783473,0,0,0,5,4,3,1,10
3026,2,-4911174575884000428,0,0,0,7,4,4,1,10
3027,2,-6619679564530836281,0,0,0,5,3,3,1,10
3028,2,-4453539596820930991,0,1,1,6,2,3,1,10
3029,2,2495540592112192312,0,0,0,7,2,4,1,10
3030,2,8011638740161626253,0,0,0,7,2,4,1,10
3031,2,-5561845138331846340,0,1,1,10,1,5,1,10
3032,2,5705000069710603158,0,0,0,5,5,3,1,10
3033,2,1981087644967435902,0,1,1,6,1,3,1,10
3034,2,5371569724445503970,0,0,0,5,3,3,1,10
3035,2,-4434128779495287503,0,1,1,4,3,2,1,10
3036,2,-8207864737395521569,0,0,0,7,3,4,1,10
3037,2,8917905825490432835,0,1,1,8,3,4,1,10
3038,2,975906054789009992,0,0,0,9,1,5,1,10
3039,2,-2463429262469938479,0,0,0,5,6,3,1,10
3040,2,1170135017309552058,0,1,1,6,2,3,1,10
3041,2,-8174021087695065635,0,1,1,6,2,3,1,10
3042,2,-8279831450741847161,0,1,1,6,1,3,1,10
3043,2,4550743804818878781,0,0,0,3,7,2,1,10
3044,2,8646743333042134984,0,0,0,5,6,3,1,10
3045,2,8205803038795573974,0,1,1,6,2,3,1,10
3046,2,-6775027578990863176,0,0,0,5,8,3,1,10
3047,2,-801698345637210358,0,1,1,6,7,3,1,10
3048,2,-1367877682291269824,0,0,0,5,4,3,1,10
3049,2,8931024483415306606,0,1,1,6,3,3,1,10
3050,2,8545334278912995533,0,0,0,5,3,3,1,10
3051,2,-9156063687529517888,0,1,1,8,4,4,1,10
3052,2,510871865982812777,0,0,0,5,4,3,1,10
3053,2,-7148583240231422441,0,1,1,6,1,3,1,10
3054,2,-5582487133679713015,0,1,1,6,2,3,1,10
3055,2,-5206139321822038180,0,1,1,6,3,3,1,10
3056,2,-5294270709897415901,0,1,1,4,7,2,1,10
3057,2,-7671788063779582728,0,0,0,7,2,4,1,10
3058,2,8421516177941716868,0,0,0,7,1,4,1,10
3059,2,9163478630387737294,0,1,1,4,6,2,1,10
3060,2,506145288869518687,0,0,0,7,2,4,1,10
3061,2,-4674728676344877972,0,0,0,5,5,3,1,10
3062,2,-8623314630378891864,0,0,0,7,3,4,1,10
3063,2,-5585981575585043332,0,0,0,7,2,4,1,10
3064,2,8666946257976024482,0,0,0,7,1,4,1,10
3065,2,-4409753056724172928,0,1,1,6,2,3,1,10
3066,2,-4714414961252048201,0,0,0,5,6,3,1,10
3067,2,6676977832335269310,0,0,0,5,4,3,1,10
3068,2,999248327694139271,0,1,1,8,1,4,1,10
3069,2,1613468811668867192,0,1,1,8,1,4,1,10
3070,2,-1550319010348396990,0,1,1,6,2,3,1,10
3071,2,-5885803716420430240,0,0,0,5,2,3,1,10
3072,2,2748860872679951418,0,0,0,5,6,3,1,10
3073,2,5126229251396014922,0,1,1,4,2,2,1,10
3074,2,-9001532032172678477,0,1,1,6,3,3,1,10
3075,2,-8000366069702056157,0,0,0,7,1,4,1,10
3076,2,-7048980602594940675,0,1,1,6,4,3,1,10
3077,2,2151870333888608289,0,0,0,7,4,4,1,10
3078,2,-7829074558694771772,0,1,1,8,2,4,1,10
3079,2,9057458852627610683,0,1,1,10,1,5,1,10
3080,2,-4113723258648656474,0,1,1,6,2,3,1,10
3081,2,8031917077337664987,0,0,0,5,4,3,1,10
3082,2,4420917662676514054,0,1,1,6,4,3,1,10
3083,2,5278393335388592082,0,0,0,5,3,3,1,10
3084,2,3906582900592696095,0,0,0,5,6,3,1,10
3085,2,-202937266431316852,0,1,1,6,2,3,1,10
3086,2,-4527064242463186852,0,0,0,5,4,3,1,10
3087,2,-1427758816713335676,0,1,1,6,5,3,1,10
3088,2,-8330041049065375259,0,1,1,4,4,2,1,10
3089,2,2313056608415686649,0,1,1,4,3,2,1,10
3090,2,-6147898272334140291,0,1,1,8,1,4,1,10
3091,2,-1614620496388888607,0,0,0,5,5,3,1,10
3092,2,-2499081214121514870,0,0,0,3,7,2,1,10
3093,2,1999823714637474334,0,0,0,7,3,4,1,10
3094,2,-8995288514289659019,0,0,0,5,4,3,1,10
3095,2,-2632021536821805841,0,0,0,9,1,5,1,10
3096,2,-8480882402207919564,0,1,1,6,2,3,1,10
3097,2,-2599923411939773015,0,0,0,7,5,4,1,10
3098,2,2758824368106236196,0,0,0,5,5,3,1,10
3099,2,-2890156139819041115,0,0,0,7,3,4,1,10
3100,2,28044100754031899,0,0,0,5,6,3,1,10
3101,2,-7935003793888667524,0,1,1,4,6,2,1,10
3102,2,-6634731881326280259,0,0,0,7,1,4,1,10
3103,2,-2999759309223036303,0,1,1,6,3,3,1,10
3104,2,-242454867679985394,0,0,0,5,6,3,1,10
3105,2,2143901824824952366,0,0,0,5,2,3,1,10
3106,2,7698836194163320905,0,0,0,5,3,3,1,10
3107,2,-487637986483223885,0,0,0,7,6,4,1,10
3108,2,-5869816333049195025,0,0,0,5,2,3,1,10
3109,2,8120577299734336139,0,0,0,7,2,4,1,10
3110,2,5929052486020261154,0,0,0,5,1,3,1,10
3111,2,-6714367675329701568,0,0,0,5,3,3,1,10
3112,2,5677485449053147699,0,1,1,8,2,4,1,10
3113,2,2094325517217743888,0,0,0,5,5,3,1,10
3114,2,-369190203325459336,0,0,0,5,4,3,1,10
3115,2,-8446109853205714464,0,0,0,3,7,2,1,10
3116,2,-8728035316455669405,0,0,0,9,3,5,1,10
3117,2,1861911334046185072,0,0,0,5,5,3,1,10
3118,2,-1619964953093911345,0,0,0,5,2,3,1,10
3119,2,-7210895629108685617,0,0,0,5,5,3,1,10
3120,2,6073975207597259421,0,1,1,6,3,3,1,10
3121,2,6261042502280039697,0,0,0,7,1,4,1,10
3122,2,-5688238476080114305,0,0,0,7,2,4,1,10
3123,2,4555380686075676992,0,0,0,7,3,4,1,10
3124,2,-1699918830134132973,0,0,0,5,8,3,1,10
3125,2,2298789992256910736,0,0,0,5,1,3,1,10
3126,2,8789472211407334707,0,1,1,6,3,3,1,10
3127,2,-2521058582150090795,0,0,0,5,4,3,1,10
3128,2,7216875085501540491,0,0,0,7,4,4,1,10
3129,2,8361458708787165753,0,0,0,5,3,3,1,10
3130,2,4135779105821794411,0,1,1,6,4,3,1,10
3131,2,-3918610346406664919,0,0,0,5,6,3,1,10
3132,2,3828929908779984861,0,0,0,7,3,4,1,10
3133,2,7540304084393550991,0,0,0,5,3,3,1,10
3134,2,-931328204100276230,0,0,0,3,8,2,1,10
3135,2,-8743627976667610042,0,1,1,4,2,2,1,10
3136,2,5179727149625037689,0,0,0,5,2,3,1,10
3137,2,7318983165946933194,0,1,1,6,1,3,1,10
3138,2,8379600950464235400,0,0,0,5,5,3,1,10
3139,2,4535580886595993903,0,1,1,6,1,3,1,10
3140,2,4123940973511476702,0,0,0,7,5,4,1,10
3141,2,-8505330776950863020,0,0,0,3,9,2,1,10
3142,2,1130240267607917584,0,0,0,5,4,3,1,10
3143,2,-6428074996513991848,0,0,0,5,5,3,1,10
3144,2,3396492652922276900,0,1,1,6,4,3,1,10
3145,2,-3420477861335470773,0,0,0,3,7,2,1,10
3146,2,325766963007425123,0,1,1,6,3,3,1,10
3147,2,-649949874787831768,0,0,0,3,8,2,1,10
3148,2,532291743957083251,0,0,0,5,4,3,1,10
3149,2,-7302179708681997053,0,0,0,7,1,4,1,10
3150,2,7345076293088144804,0,0,0,5,2,3,1,10
3151,2,-8302076684109097602,0,0,0,5,4,3,1,10
3152,2,1801702079992319113,0,1,1,6,1,3,1,10
3153,2,2446277484415032705,0,0,0,9,1,5,1,10
3154,2,-8568437998394743349,0,1,1,6,2,3,1,10
3155,2,-3039789373296450519,0,1,1,8,2,4,1,10
3156,2,-2643900418087641031,0,0,0,5,3,3,1,10
3157,2,-1158161754528546816,0,1,1,6,2,3,1,10
3158,2,4278008695117338146,0,0,0,5,1,3,1,10
3159,2,-7886693253925729681,0,0,0,5,6,3,1,10
3160,2,7201699709314074598,0,0,0,5,3,3,1,10
3161,2,-2009779612653263248,0,1,1,6,5,3,1,10
3162,2,4897611745649664970,0,0,0,7,3,4,1,10
3163,2,2797743894597107335,0,1,1,6,1,3,1,10
3164,2,-3218613780389071092,0,0,0,5,6,3,1,10
3165,2,-9177998322268901902,0,0,0,7,1,4,1,10
3166,2,-105659106114659273,0,1,1,6,6,3,1,10
3167,2,-6653196983792727777,0,1,1,8,2,4,1,10
3168,2,8455886640413735608,0,0,0,9,2,5,1,10
3169,2,3320643604137605469,0,0,0,7,4,4,1,10
3170,2,3367956273770507184,0,0,0,5,1,3,1,10
3171,2,8228591694035312598,0,0,0,9,2,5,1,10
3172,2,-7912206948561364981,0,0,0,5,4,3,1,10
3173,2,-1775892707502410819,0,0,0,7,4,4,1,10
3174,2,-8725029875363060784,0,0,0,7,1,4,1,10
3175,2,830802112799395779,0,0,0,7,3,4,1,10
3176,2,-6214239432185283910,0,0,0,5,3,3,1,10
3177,2,5082350566770533070,0,0,0,5,3,3,1,10
3178,2,-4746981993212718584,0,0,0,5,2,3,1,10
3179,2,-726509346709882900,0,0,0,5,4,3,1,10
3180,2,1869200440792167313,0,1,1,6,2,3,1,10
3181,2,4338645541212948869,0,1,1,6,4,3,1,10
3182,2,8956876648010851866,0,0,0,5,2,3,1,10
3183,2,6015789873260811216,0,0,0,5,5,3,1,10
3184,2,-92483516318038293,0,1,1,6,2,3,1,10
3185,2,-3259487643856905592,0,0,0,7,2,4,1,10
3186,2,-3070499757894719329,0,1,1,10,1,5,1,10
3187,2,-6099531205552384546,0,1,1,8,4,4,1,10
3188,2,8139649797234641724,0,1,1,6,4,3,1,10
3189,2,4568705471735003825,0,1,1,8,4,4,1,10
3190,2,-8754161487925673597,0,0,0,7,5,4,1,10
3191,2,4180835441726083579,0,0,0,3,6,2,1,10
3192,2,2828217554434774920,0,0,0,5,2,3,1,10
3193,2,3104051913978581902,0,0,0,5,4,3,1,10
3194,2,-6148459515747185020,0,0,0,5,4,3,1,10
3195,2,163200891344189441,0,0,0,5,3,3,1,10
3196,2,-2147953929892888087,0,1,1,8,6,4,1,10
3197,2,-8245409261383502364,0,1,1,6,1,3,1,10
3198,2,2776420535364225462,0,0,0,5,4,3,1,10
3199,2,860104832620928570,0,0,0,5,1,3,1,10
3200,2,-287190314650423796,0,0,0,3,8,2,1,10
3201,2,-5956411088538760152,0,0,0,7,3,4,1,10
3202,2,-7121103464026095615,0,0,0,3,5,2,1,10
3203,2,-5015009565319259159,0,1,1,6,2,3,1,10
3204,2,-1625844439179973708,0,0,0,5,3,3,1,10
3205,2,-2962047936645341948,0,0,0,5,8,3,1,10
3206,2,6487142936303671201,0,0,0,5,2,3,1,10
3207,2,-1689453228849269823,0,1,1,6,3,3,1,10
3208,2,8651640770485626166,0,0,0,3,7,2,1,10
3209,2,2800034381374512600,0,1,1,6,4,3,1,10
3210,2,4485212288973350566,0,0,0,7,3,4,1,10
3211,2,-8893656220985766292,0,0,0,5,1,3,1,10
3212,2,2078099520283237884,0,0,0,7,3,4,1,10
3213,2,5905278401979209015,0,0,0,9,1,5,1,10
3214,2,7657155500955179378,0,0,0,5,4,3,1,10
3215,2,-5048928591197223675,0,0,0,5,5,3,1,10
3216,2,-5529007219524091645,0,0,0,3,7,2,1,10
3217,2,-5871640821419176602,0,1,1,6,4,3,1,10
3218,2,1035281000897161534,0,1,1,6,2,3,1,10
3219,2,6071371141267356574,0,0,0,5,4,3,1,10
3220,2,-6594120394495869092,0,1,1,6,3,3,1,10
3221,2,-2062611487005239584,0,0,0,5,3,3,1,10
3222,2,-8690120495842860396,0,1,1,8,3,4,1,10
3223,2,-1578259809237333061,0,0,0,5,5,3,1,10
3224,2,-8404762146494480722,0,0,0,9,2,5,1,10
3225,2,-8636561925589935404,0,0,0,9,2,5,1,10
3226,2,-5834369814064448554,0,1,1,6,7,3,1,10
3227,2,-8452392065086341419,0,1,1,6,1,3,1,10
3228,2,1237251950617941938,0,0,0,5,1,3,1,10
3229,2,-5531630595478225499,0,0,0,7,3,4,1,10
3230,2,1237969467277966262,0,0,0,5,5,3,1,10
3231,2,2182939066481940697,0,0,0,5,2,3,1,10
3232,2,-1395359256726690634,0,0,0,7,1,4,1,10
3233,2,-1570878450552237719,0,1,1,6,4,3,1,10
3234,2,-8467187153114697796,0,0,0,3,8,2,1,10
3235,2,7246464986925052582,0,0,0,5,7,3,1,10
3236,2,-6682511810846859237,0,1,1,6,1,3,1,10
3237,2,2969094008657582187,0,1,1,6,2,3,1,10
3238,2,-5907386242687438140,0,0,0,5,4,3,1,10
3239,2,-9133342432456612717,0,0,0,7,2,4,1,10
3240,2,-1492232808180935977,0,0,0,9,3,5,1,10
3241,2,-4706863798867044438,0,0,0,7,5,4,1,10
3242,2,3633845177101370237,0,0,0,7,2,4,1,10
3243,2,5985998432692781286,0,1,1,6,3,3,1,10
3244,2,5963314107486671604,0,0,0,5,4,3,1,10
3245,2,-8610190522476299945,0,0,0,5,2,3,1,10
3246,2,-7964405131221783829,0,0,0,5,5,3,1,10
3247,2,7310194350916001373,0,0,0,5,3,3,1,10
3248,2,2190541877371572751,0,1,1,6,3,3,1,10
3249,2,-5165804447211094181,0,0,0,5,6,3,1,10
3250,2,-686243873187204379,0,0,0,5,4,3,1,10
3251,2,3001925705559995049,0,1,1,6,1,3,1,10
3252,2,2986543021471923162,0,0,0,7,4,4,1,10
3253,2,-6585514619567372850,0,0,0,5,4,3,1,10
3254,2,-7846940343613379433,0,0,0,7,4,4,1,10
3255,2,5219646314432249071,0,0,0,7,1,4,1,10
3256,2,-1331058436770716518,0,1,1,6,3,3,1,10
3257,2,6125436549253944705,0,0,0,7,4,4,1,10
3258,2,8334804963275458306,0,0,0,3,7,2,1,10
3259,2,5271950498128969797,0,1,1,6,3,3,1,10
3260,2,-4595724948966193239,0,1,1,6,2,3,1,10
3261,2,7469439194640238198,0,1,1,6,1,3,1,10
3262,2,-667904307384257161,0,0,0,5,1,3,1,10
3263,2,-9214524239974314437,0,0,0,5,2,3,1,10
3264,2,-4468099697396034059,0,1,1,6,5,3,1,10
3265,2,-6442344156908719518,0,1,1,6,2,3,1,10
3266,2,2144543204135331360,0,0,0,5,4,3,1,10
3267,2,3567349217355161935,0,1,1,8,1,4,1,10
3268,2,-1114472247085984641,0,0,0,5,7,3,1,10
3269,2,2576485352068265778,0,1,1,8,1,4,1,10
3270,2,510573556426229879,0,1,1,4,1,2,1,10
3271,2,1953444039238141815,0,0,0,5,5,3,1,10
3272,2,5531296208432302814,0,0,0,5,3,3,1,10
3273,2,-375517529915455102,0,1,1,6,6,3,1,10
3274,2,248322115125715917,0,1,1,8,3,4,1,10
3275,2,2516064191119170716,0,0,0,5,4,3,1,10
3276,2,791659799632462265,0,0,0,7,1,4,1,10
3277,2,-1735597624491337945,0,0,0,7,1,4,1,10
3278,2,-2029693825814921788,0,1,1,8,3,4,1,10
3279,2,-4825279594967296743,0,0,0,3,9,2,1,10
3280,2,5908271902738010449,0,0,0,7,3,4,1,10
3281,2,-4939244998972458585,0,0,0,5,2,3,1,10
3282,2,5653305858371670229,0,0,0,5,3,3,1,10
3283,2,-5213741365599594432,0,1,1,8,1,4,1,10
3284,2,2599171227672756212,0,0,0,5,5,3,1,10
3285,2,5896758220874954940,0,1,1,8,1,4,1,10
3286,2,2594333297047130828,0,1,1,4,7,2,1,10
3287,2,9218565782349261525,0,0,0,7,2,4,1,10
3288,2,-6109452555471277941,0,1,1,6,2,3,1,10
3289,2,2314493114204544213,0,0,0,5,3,3,1,10
3290,2,4652034851661122375,0,1,1,6,1,3,1,10
3291,2,-6974840906776630895,0,0,0,7,4,4,1,10
3292,2,5190964574278770957,0,0,0,5,6,3,1,10
3293,2,-7679298744630750827,0,1,1,6,1,3,1,10
3294,2,3301289939976272442,0,1,1,6,2,3,1,10
3295,2,2565241510367581088,0,0,0,7,1,4,1,10
3296,2,8152653028858034441,0,0,0,5,3,3,1,10
3297,2,-8519872425647515566,0,0,0,5,2,3,1,10
3298,2,-5875891298769138067,0,1,1,8,2,4,1,10
3299,2,-2007975712441653981,0,0,0,5,3,3,1,10
3300,2,-6418721514347845599,0,0,0,7,5,4,1,10
3301,2,-5540477727700202857,0,1,1,10,2,5,1,10
3302,2,7268479599804984316,0,1,1,10,4,5,1,10
3303,2,1440331818375807407,0,1,1,6,2,3,1,10
3304,2,9089439384059679881,0,0,0,5,1,3,1,10
3305,2,-6783713900883219294,0,0,0,5,6,3,1,10
3306,2,4146244270505362135,0,0,0,5,2,3,1,10
3307,2,7296694096769658573,0,0,0,7,3,4,1,10
3308,2,697935000104901004,0,0,0,3,8,2,1,10
3309,2,1574644817313370087,0,0,0,5,3,3,1,10
3310,2,-8087457697888537280,0,0,0,7,2,4,1,10
3311,2,1124990253155884664,0,0,0,3,8,2,1,10
3312,2,-5019744733746211321,0,0,0,3,9,2,1,10
3313,2,-7660596705501444725,0,0,0,5,3,3,1,10
3314,2,-3921070095093772721,0,0,0,9,3,5,1,10
3315,2,7746161804499683746,0,1,1,6,3,3,1,10
3316,2,2415834750342662892,0,0,0,5,3,3,1,10
3317,2,1297638211813990633,0,0,0,9,2,5,1,10
3318,2,1589918965246199921,0,1,1,8,3,4,1,10
3319,2,8572253929931561647,0,0,0,3,6,2,1,10
3320,2,-2136895122173441599,0,1,1,6,4,3,1,10
3321,2,499592078437681681,0,0,0,7,1,4,1,10
3322,2,524928962073060325,0,0,0,5,1,3,1,10
3323,2,-8852980926434023433,0,1,1,6,1,3,1,10
3324,2,-9056869528961944801,0,1,1,6,5,3,1,10
3325,2,-151276469411536828,0,1,1,6,3,3,1,10
3326,2,-598298873834025666,0,1,1,6,1,3,1,10
3327,2,-8218043050648633783,0,1,1,6,1,3,1,10
3328,2,-5068590709546253005,0,1,1,6,3,3,1,10
3329,2,-8466118843495273350,0,0,0,5,4,3,1,10
3330,2,-2830399845579746332,0,1,1,6,6,3,1,10
3331,2,1129821105200020323,0,0,0,5,4,3,1,10
3332,2,6424129065502227007,0,1,1,6,1,3,1,10
3333,2,-2509374947360562212,0,0,0,5,4,3,1,10
3334,2,-7010399295997644654,0,1,1,4,5,2,1,10
3335,2,4060550482961807483,0,0,0,5,3,3,1,10
3336,2,-2761388790558525670,0,0,0,5,6,3,1,10
3337,2,-3553836421523916215,0,1,1,6,2,3,1,10
3338,2,2355380217970842585,0,0,0,5,4,3,1,10
3339,2,1812176382964073657,0,0,0,5,3,3,1,10
3340,2,3468378860426955180,0,1,1,6,6,3,1,10
3341,2,-2887973430982998827,0,1,1,8,3,4,1,10
3342,2,-1409231353283595108,0,0,0,5,4,3,1,10
3343,2,-412684114698342470,0,1,1,6,2,3,1,10
3344,2,-8188262331068598412,0,1,1,6,2,3,1,10
3345,2,-4507899165051622330,0,0,0,7,1,4,1,10
3346,2,4750977063850325650,0,0,0,7,2,4,1,10
3347,2,-9081649853648198641,0,0,0,5,6,3,1,10
3348,2,5776150900562369538,0,1,1,6,4,3,1,10
3349,2,-680630951573000298,0,1,1,6,1,3,1,10
3350,2,2526687667218170056,0,1,1,6,5,3,1,10
3351,2,5018275844666003900,0,0,0,5,4,3,1,10
3352,2,8182531960731588476,0,0,0,5,2,3,1,10
3353,2,5775419792877500020,0,0,0,5,3,3,1,10
3354,2,2830061986379951132,0,0,0,9,2,5,1,10
3355,2,-8625138638564480839,0,0,0,7,2,4,1,10
3356,2,-7928714830609314531,0,1,1,10,1,5,1,10
3357,2,-2632355370342648894,0,0,0,5,5,3,1,10
3358,2,-8320669996407655997,0,0,0,5,5,3,1,10
3359,2,6751965383596630900,0,0,0,5,4,3,1,10
3360,2,-5339358359929278030,0,0,0,5,7,3,1,10
3361,2,-7389525006724687848,0,0,0,5,6,3,1,10
3362,2,-3342434040270495293,0,0,0,5,4,3,1,10
3363,2,2735096967791550797,0,1,1,6,6,3,1,10
3364,2,-5818273235202627045,0,0,0,5,7,3,1,10
3365,2,8319271964419576896,0,0,0,5,2,3,1,10
3366,2,-7751457178506886,0,0,0,5,4,3,1,10
3367,2,6450810798325649689,0,0,0,7,5,4,1,10
3368,2,5941774628395465168,0,0,0,5,2,3,1,10
3369,2,-6165858429052884040,0,1,1,6,2,3,1,10
3370,2,-5992444144668939755,0,1,1,8,4,4,1,10
3371,2,-1602347001427137632,0,1,1,6,4,3,1,10
3372,2,7276047544478810457,0,0,0,7,2,4,1,10
3373,2,-3035616959485257933,0,0,0,7,5,4,1,10
3374,2,-6481252823297679590,0,0,0,7,2,4,1,10
3375,2,1047275973786484255,0,1,1,6,3,3,1,10
3376,2,9217056807739837653,0,0,0,9,1,5,1,10
3377,2,2311562921237952280,0,1,1,6,3,3,1,10
3378,2,3214632046028657887,0,1,1,8,5,4,1,10
3379,2,3854566123589436615,0,1,1,6,4,3,1,10
3380,2,-594534613384105356,0,0,0,5,4,3,1,10
3381,2,-3630604295588932095,0,0,0,7,3,4,1,10
3382,2,-6999971350952988912,0,0,0,7,1,4,1,10
3383,2,-1436241159405382340,0,0,0,5,8,3,1,10
3384,2,4067315932948922621,0,0,0,5,3,3,1,10
3385,2,5042190502867401534,0,0,0,5,6,3,1,10
3386,2,8219218981919358765,0,0,0,5,4,3,1,10
3387,2,669379885146069270,0,0,0,5,7,3,1,10
3388,2,-1482089781700002231,0,0,0,5,4,3,1,10
3389,2,-4337331045603783344,0,0,0,5,4,3,1,10
3390,2,7464420718394059529,0,1,1,6,3,3,1,10
3391,2,1219466014216181859,0,1,1,6,3,3,1,10
3392,2,-6107173845967112762,0,1,1,6,4,3,1,10
3393,2,-8411571160387058578,0,1,1,10,2,5,1,10
3394,2,-334217349934636212,0,0,0,5,4,3,1,10
3395,2,-4207513618031766493,0,0,0,5,3,3,1,10
3396,2,-85301253698251019,0,1,1,6,7,3,1,10
3397,2,381207386128395523,0,0,0,5,2,3,1,10
3398,2,2586510115622988274,0,0,0,5,8,3,1,10
3399,2,2589644195610325195,0,1,1,6,4,3,1,10
3400,2,-3123224075701378069,0,1,1,6,3,3,1,10
3401,2,7415301972475722286,0,1,1,6,2,3,1,10
3402,2,-7049257821522777909,0,1,1,6,3,3,1,10
3403,2,-8309684372331532093,0,0,0,3,7,2,1,10
3404,2,-4865611729690841132,0,1,1,8,3,4,1,10
3405,2,-7215463320593487808,0,1,1,6,3,3,1,10
3406,2,3029491373890918393,0,1,1,6,2,3,1,10
3407,2,-5145999387780481304,0,1,1,6,2,3,1,10
3408,2,-6055496926736634516,0,1,1,6,1,3,1,10
3409,2,299850057583718210,0,0,0,7,1,4,1,10
3410,2,5622017149127341172,0,0,0,5,3,3,1,10
3411,2,3205000580166027531,0,0,0,5,3,3,1,10
3412,2,3584952145504095620,0,0,0,5,5,3,1,10
3413,2,3768903714705884524,0,0,0,5,4,3,1,10
3414,2,8330609743511832201,0,1,1,6,2,3,1,10
3415,2,5229574970176891503,0,0,0,7,1,4,1,10
3416,2,-7506612231889539709,0,0,0,5,6,3,1,10
3417,2,5790646294746771887,0,0,0,3,8,2,1,10
3418,2,8037326162694682711,0,0,0,7,1,4,1,10
3419,2,-5028329385108560305,0,0,0,3,5,2,1,10
3420,2,-7142894420368501278,0,1,1,6,4,3,1,10
3421,2,-3882192964541616596,0,1,1,6,3,3,1,10
3422,2,-3202926071364961199,0,0,0,7,2,4,1,10
3423,2,827570572221051478,0,0,0,5,1,3,1,10
3424,2,1898354670717077679,0,1,1,8,4,4,1,10
3425,2,4824401204126227131,0,1,1,6,3,3,1,10
3426,2,-5072753026272312385,0,0,0,5,5,3,1,10
3427,2,5213837876498600229,0,0,0,7,5,4,1,10
3428,2,2538410078637187083,0,1,1,6,3,3,1,10
3429,2,1306312172435357541,0,0,0,7,1,4,1,10
3430,2,1343595192662885692,0,1,1,8,1,4,1,10
3431,2,3847428355662183632,0,1,1,6,6,3,1,10
3432,2,-1889217264686941012,0,0,0,7,5,4,1,10
3433,2,8703416444871155434,0,0,0,5,6,3,1,10
3434,2,-1920659067236232391,0,1,1,8,1,4,1,10
3435,2,6926008092930629985,0,1,1,6,5,3,1,10
3436,2,-2250524260699732900,0,0,0,5,2,3,1,10
3437,2,-2542399239170598596,0,0,0,7,3,4,1,10
3438,2,6006722384790143609,0,0,0,5,4,3,1,10
3439,2,7316606503368484692,0,0,0,5,2,3,1,10
3440,2,-3826204874393735049,0,0,0,7,2,4,1,10
3441,2,8912132475963465218,0,0,0,3,6,2,1,10
3442,2,-5901460769250008941,0,1,1,6,5,3,1,10
3443,2,2848281102704823833,0,0,0,7,4,4,1,10
3444,2,-2193809274762875791,0,1,1,8,2,4,1,10
3445,2,-1660675972434481386,0,0,0,7,3,4,1,10
3446,2,6778638869793880692,0,0,0,7,3,4,1,10
3447,2,5619233277994849942,0,0,0,7,1,4,1,10
3448,2,3600450516733199438,0,0,0,5,6,3,1,10
3449,2,5711766852989973256,0,0,0,7,2,4,1,10
3450,2,-2147932281336827174,0,0,0,7,3,4,1,10
3451,2,6699165108287765922,0,0,0,5,2,3,1,10
3452,2,-2994075000198601944,0,1,1,6,1,3,1,10
3453,2,-2204465830538291304,0,1,1,6,1,3,1,10
3454,2,-5281037013181749031,0,0,0,5,3,3,1,10
3455,2,-2500115166576376181,0,0,0,5,3,3,1,10
3456,2,1107924455186489773,0,1,1,6,1,3,1,10
3457,2,2022332423950419007,0,0,0,5,5,3,1,10
3458,2,-8817169631134486950,0,1,1,8,2,4,1,10
3459,2,-7980371659697171055,0,0,0,5,6,3,1,10
3460,2,-7642663279849888609,0,1,1,6,3,3,1,10
3461,2,8917463422281538727,0,1,1,4,4,2,1,10
3462,2,-7150338817639412073,0,0,0,5,6,3,1,10
3463,2,8307866513983871592,0,0,0,7,3,4,1,10
3464,2,-8868009045899818158,0,0,0,5,5,3,1,10
3465,2,1286963562675917615,0,0,0,5,7,3,1,10
3466,2,5169644448489399457,0,0,0,7,3,4,1,10
3467,2,5273562184581434042,0,0,0,7,5,4,1,10
3468,2,-5036762121501462991,0,0,0,3,8,2,1,10
3469,2,-853751231886062744,0,0,0,5,3,3,1,10
3470,2,6248707794918670810,0,1,1,6,1,3,1,10
3471,2,-1608378488269345629,0,0,0,3,8,2,1,10
3472,2,-6862895945042531015,0,0,0,5,7,3,1,10
3473,2,-2715067850828444518,0,1,1,6,5,3,1,10
3474,2,-3705124670693956485,0,0,0,5,6,3,1,10
3475,2,-1174526603119742669,0,1,1,8,1,4,1,10
3476,2,-1388617779530150277,0,0,0,5,4,3,1,10
3477,2,6727732417867990080,0,1,1,6,3,3,1,10
3478,2,7624228610388196879,0,0,0,5,3,3,1,10
3479,2,8779922541986373360,0,0,0,3,7,2,1,10
3480,2,-1523726622559671137,0,1,1,6,3,3,1,10
3481,2,3811653306956159111,0,1,1,4,1,2,1,10
3482,2,-8404811375539697162,0,1,1,10,2,5,1,10
3483,2,-4507678783327597487,0,0,0,7,1,4,1,10
3484,2,-5579811192350001828,0,0,0,9,1,5,1,10
3485,2,9128135045556456148,0,1,1,6,7,3,1,10
3486,2,-6971169067516939292,0,0,0,5,5,3,1,10
3487,2,-3992271205942089148,0,0,0,5,4,3,1,10
3488,2,-5599665709472270335,0,1,1,6,1,3,1,10
3489,2,-7711773668388197829,0,1,1,4,1,2,1,10
3490,2,4805387146111290975,0,0,0,5,4,3,1,10
3491,2,1939736321016585897,0,0,0,5,3,3,1,10
3492,2,-4129107758978612240,0,0,0,5,1,3,1,10
3493,2,4074800587774203400,0,0,0,5,4,3,1,10
3494,2,-588443717853783740,0,0,0,5,6,3,1,10
3495,2,-6852103085267472684,0,1,1,8,1,4,1,10
3496,2,5407202535150442269,0,0,0,5,5,3,1,10
3497,2,-2643632436950773702,0,1,1,6,1,3,1,10
3498,2,4880237396399888450,0,0,0,5,2,3,1,10
3499,2,-3304995676078474737,0,1,1,6,5,3,1,10
3500,2,6275808343836679315,0,0,0,7,1,4,1,10
3501,2,-6265353886450507773,0,0,0,5,6,3,1,10
3502,2,-1236677959496238755,0,0,0,7,1,4,1,10
3503,2,2789768185239192597,0,1,1,8,2,4,1,10
3504,2,-5947075242506077457,0,0,0,11,1,6,1,10
3505,2,-8956508465299012535,0,1,1,8,2,4,1,10
3506,2,1529947542229994349,0,0,0,9,3,5,1,10
3507,2,-8880510857957486695,0,1,1,6,5,3,1,10
3508,2,-5528701340563164445,0,0,0,5,7,3,1,10
3509,2,-8570249835044522456,0,0,0,5,7,3,1,10
3510,2,-5948226133527903076,0,0,0,5,4,3,1,10
3511,2,-8451968537621788483,0,0,0,7,3,4,1,10
3512,2,2913600620658462132,0,0,0,5,5,3,1,10
3513,2,-2308645912144823442,0,0,0,5,4,3,1,10
3514,2,3421995380335712492,0,0,0,5,7,3,1,10
3515,2,274160899367354267,0,0,0,5,5,3,1,10
3516,2,4475935385917135805,0,0,0,7,4,4,1,10
3517,2,8880502183250544926,0,0,0,5,4,3,1,10
3518,2,1117114271463989423,0,1,1,10,1,5,1,10
3519,2,-8637933493361757504,0,1,1,6,4,3,1,10
3520,2,1661734397625107178,0,0,0,5,3,3,1,10
3521,2,4116153542085588462,0,1,1,6,2,3,1,10
3522,2,-3304683483167764723,0,1,1,6,3,3,1,10
3523,2,5031252089993619884,0,0,0,9,3,5,1,10
3524,2,-5489523817250464450,0,0,0,9,2,5,1,10
3525,2,5025165814426123464,0,0,0,5,4,3,1,10
3526,2,-7306215802038142847,0,1,1,8,1,4,1,10
3527,2,3863008609817190227,0,0,0,5,3,3,1,10
3528,2,-3809839618734971059,0,0,0,5,4,3,1,10
3529,2,-1157076914913161395,0,0,0,5,3,3,1,10
3530,2,3810828644991494492,0,0,0,7,1,4,1,10
3531,2,-8603248421313479521,0,0,0,5,5,3,1,10
3532,2,1512124331531304642,0,0,0,9,2,5,1,10
3533,2,3437323800646301773,0,1,1,6,2,3,1,10
3534,2,-3984974964960900031,0,1,1,8,2,4,1,10
3535,2,-1006727817762577685,0,0,0,5,7,3,1,10
3536,2,2097680616554606811,0,0,0,7,2,4,1,10
3537,2,-746612373199122864,0,1,1,4,2,2,1,10
3538,2,-7773951522371772249,0,0,0,7,1,4,1,10
3539,2,-8400564315740502391,0,1,1,6,3,3,1,10
3540,2,-4044617130174375704,0,0,0,5,1,3,1,10
3541,2,-321452303989967344,0,0,0,5,5,3,1,10
3542,2,5113456231215595867,0,0,0,5,3,3,1,10
3543,2,8527051572160796990,0,0,0,5,8,3,1,10
3544,2,5971073556411961039,0,1,1,6,1,3,1,10
3545,2,3885120810204673277,0,0,0,5,5,3,1,10
3546,2,-2710945465023137029,0,0,0,5,4,3,1,10
3547,2,773588890975913153,0,0,0,5,4,3,1,10
3548,2,-4558138031231982197,0,1,1,6,3,3,1,10
3549,2,3958340728218915768,0,1,1,8,1,4,1,10
3550,2,731788319508394619,0,0,0,7,5,4,1,10
3551,2,6157354233757152575,0,0,0,5,3,3,1,10
3552,2,5616330063113091496,0,1,1,6,1,3,1,10
3553,2,-3801035591317843816,0,0,0,5,5,3,1,10
3554,2,-1744748596251878492,0,0,0,5,2,3,1,10
3555,2,-1837609232666856486,0,0,0,5,4,3,1,10
3556,2,-4437839059087863863,0,1,1,6,2,3,1,10
3557,2,-2763978270905408984,0,1,1,6,2,3,1,10
3558,2,6434595620359454608,0,0,0,7,2,4,1,10
3559,2,8296570340748005669,0,0,0,7,2,4,1,10
3560,2,3642730393836667683,0,1,1,6,1,3,1,10
3561,2,1616150049596197286,0,1,1,4,3,2,1,10
3562,2,-5167463083813137616,0,0,0,7,3,4,1,10
3563,2,-7214018141791445079,0,0,0,5,3,3,1,10
3564,2,567651107422454783,0,1,1,6,4,3,1,10
3565,2,7786017733055886726,0,0,0,9,2,5,1,10
3566,2,3443294585625173446,0,1,1,6,4,3,1,10
3567,2,4245785636828577380,0,1,1,6,4,3,1,10
3568,2,-564241602715670980,0,1,1,6,2,3,1,10
3569,2,1324064257753658350,0,0,0,7,2,4,1,10
3570,2,-1597603295352754325,0,1,1,6,3,3,1,10
3571,2,-316836329839692987,0,0,0,7,6,4,1,10
3572,2,-1720186034461376566,0,0,0,7,2,4,1,10
3573,2,3350885034522752311,0,1,1,4,3,2,1,10
3574,2,-7503238558451341430,0,0,0,7,4,4,1,10
3575,2,-6917483094588123727,0,0,0,5,4,3,1,10
3576,2,-7726952906580175056,0,0,0,5,3,3,1,10
3577,2,9023373946669604466,0,1,1,6,1,3,1,10
3578,2,7164273968529197923,0,0,0,3,5,2,1,10
3579,2,5021326234040338689,0,0,0,5,4,3,1,10
3580,2,4977636252445385222,0,0,0,5,5,3,1,10
3581,2,-405661045099156511,0,0,0,7,4,4,1,10
3582,2,-2410381083236832119,0,0,0,5,2,3,1,10
3583,2,3399866019518187266,0,0,0,5,2,3,1,10
3584,2,-5497508250133064836,0,0,0,5,5,3,1,10
3585,2,-5788383086986189959,0,0,0,5,3,3,1,10
3586,2,2168760218336763748,0,0,0,7,1,4,1,10
3587,2,1427627037035936371,0,1,1,6,6,3,1,10
3588,2,-2979399693224559918,0,0,0,5,2,3,1,10
3589,2,-3031736240906545305,0,1,1,6,3,3,1,10
3590,2,-4480651316128857680,0,0,0,7,1,4,1,10
3591,2,-4911481580314433142,0,1,1,4,4,2,1,10
3592,2,2973120263799370206,0,0,0,5,2,3,1,10
3593,2,4292834519718000776,0,0,0,3,8,2,1,10
3594,2,5816838759645221117,0,0,0,5,4,3,1,10
3595,2,-4961309906280779664,0,0,0,5,7,3,1,10
3596,2,-6701648151216481399,0,1,1,4,3,2,1,10
3597,2,8355402558959466735,0,0,0,7,1,4,1,10
3598,2,-407255141124452051,0,0,0,5,4,3,1,10
3599,2,8133299833096080320,0,1,1,10,2,5,1,10
3600,2,-7798538725466885550,0,1,1,8,4,4,1,10
3601,2,-6135717416052507037,0,0,0,3,9,2,1,10
3602,2,9206425710976025336,0,1,1,6,6,3,1,10
3603,2,1058244752514544396,0,0,0,5,8,3,1,10
3604,2,3807491091264644809,0,0,0,9,2,5,1,10
3605,2,1739255313082705118,0,0,0,5,5,3,1,10
3606,2,-4501667897508042133,0,0,0,5,1,3,1,10
3607,2,5670487449855542104,0,1,1,6,3,3,1,10
3608,2,-2632163655841378795,0,1,1,4,4,2,1,10
3609,2,-605669234298531569,0,0,0,7,2,4,1,10
3610,2,3594253137413907812,0,0,0,5,6,3,1,10
3611,2,-6116422689756268131,0,0,0,5,4,3,1,10
3612,2,6989477049323659375,0,0,0,7,6,4,1,10
3613,2,-7407231223591415079,0,1,1,6,3,3,1,10
3614,2,3812123909874029080,0,0,0,5,5,3,1,10
3615,2,6861890159994387783,0,1,1,8,1,4,1,10
3616,2,-9086192898254731355,0,0,0,7,2,4,1,10
3617,2,-7601482409531303982,0,0,0,5,3,3,1,10
3618,2,5364687367676118414,0,1,1,6,2,3,1,10
3619,2,3834283604698348216,0,0,0,5,5,3,1,10
3620,2,-6051887854240563816,0,0,0,7,2,4,1,10
3621,2,8780254097268452805,0,0,0,5,3,3,1,10
3622,2,-5186539379061435870,0,0,0,7,4,4,1,10
3623,2,2948754253548801475,0,1,1,6,1,3,1,10
3624,2,-1006542733926712642,0,1,1,6,1,3,1,10
3625,2,3211011503044384048,0,0,0,5,4,3,1,10
3626,2,5402249939717430787,0,1,1,8,1,4,1,10
3627,2,3726174546222922801,0,0,0,3,6,2,1,10
3628,2,-6850448017055566688,0,0,0,5,1,3,1,10
3629,2,5866791170704712647,0,1,1,6,5,3,1,10
3630,2,-5358092903262025292,0,1,1,6,1,3,1,10
3631,2,3010464301732446271,0,1,1,6,3,3,1,10
3632,2,4752415762207288413,0,1,1,8,3,4,1,10
3633,2,5255769525635086063,0,1,1,6,1,3,1,10
3634,2,-262776738022726002,0,1,1,6,5,3,1,10
3635,2,7908123471321801502,0,0,0,7,5,4,1,10
3636,2,-6180529056051917530,0,1,1,6,1,3,1,10
3637,2,-191494240364644797,0,1,1,6,1,3,1,10
3638,2,7014857186516319549,0,0,0,5,5,3,1,10
3639,2,7162372715358955378,0,0,0,5,5,3,1,10
3640,2,1676952594630515392,0,1,1,6,1,3,1,10
3641,2,-4882680707026360813,0,0,0,5,3,3,1,10
3642,2,4690992266806223935,0,0,0,9,1,5,1,10
3643,2,-665408683114413100,0,1,1,6,4,3,1,10
3644,2,4458349764374458373,0,0,0,5,2,3,1,10
3645,2,6079260524435474912,0,1,1,6,1,3,1,10
3646,2,6526476519746856553,0,0,0,7,3,4,1,10
3647,2,4686682761428643152,0,0,0,5,2,3,1,10
3648,2,-6981901413598835357,0,0,0,7,2,4,1,10
3649,2,7346501120696833762,0,1,1,6,1,3,1,10
3650,2,1252947452284680545,0,1,1,6,3,3,1,10
3651,2,5834526116269634024,0,1,1,6,3,3,1,10
3652,2,7892191134753863515,0,0,0,3,6,2,1,10
3653,2,6090285657204012674,0,1,1,6,1,3,1,10
3654,2,5905884342584951844,0,0,0,9,1,5,1,10
3655,2,6968275405321757455,0,0,0,3,9,2,1,10
3656,2,-3838156506880678653,0,1,1,8,1,4,1,10
3657,2,-7984366179517130528,0,0,0,9,3,5,1,10
3658,2,-2159866399527488126,0,1,1,6,3,3,1,10
3659,2,5712976891267878958,0,0,0,5,7,3,1,10
3660,2,3162769236997799557,0,0,0,7,2,4,1,10
3661,2,350264271883376462,0,0,0,7,4,4,1,10
3662,2,1309976077758147229,0,0,0,5,6,3,1,10
3663,2,591847823805059362,0,0,0,7,2,4,1,10
3664,2,4747688268499233694,0,0,0,7,3,4,1,10
3665,2,4158087698036975314,0,1,1,8,5,4,1,10
3666,2,-625855060376181394,0,0,0,5,4,3,1,10
3667,2,-6930509326509743940,0,0,0,7,7,4,1,10
3668,2,-2868188279038316001,0,0,0,5,5,3,1,10
3669,2,-8935855279578015064,0,0,0,7,3,4,1,10
3670,2,-8280399892280028352,0,0,0,5,1,3,1,10
3671,2,5716322735991686976,0,0,0,5,7,3,1,10
3672,2,-4923278021506767760,0,0,0,5,2,3,1,10
3673,2,-3305942046165158210,0,0,0,5,2,3,1,10
3674,2,7262846877058933555,0,0,0,5,3,3,1,10
3675,2,2873469120252237030,0,1,1,6,5,3,1,10
3676,2,-2247360551819173880,0,0,0,5,4,3,1,10
3677,2,-264944870380924361,0,1,1,6,1,3,1,10
3678,2,-3581673002816557894,0,0,0,7,4,4,1,10
3679,2,5179059933381389405,0,0,0,7,2,4,1,10
3680,2,-5824896500322821130,0,0,0,7,7,4,1,10
3681,2,7242287344321006057,0,0,0,7,4,4,1,10
3682,2,-4981250369812994531,0,1,1,6,1,3,1,10
3683,2,-7317932275837199037,0,0,0,7,1,4,1,10
3684,2,-8212500949786867877,0,0,0,3,8,2,1,10
3685,2,8584452506673251038,0,1,1,4,4,2,1,10
3686,2,-855264544924161288,0,0,0,7,3,4,1,10
3687,2,-5990566669647343954,0,1,1,6,1,3,1,10
3688,2,-8317158710921398290,0,0,0,5,2,3,1,10
3689,2,2749415069026106583,0,0,0,5,3,3,1,10
3690,2,-6675014100101295430,0,1,1,6,2,3,1,10
3691,2,-993259447063168602,0,0,0,7,2,4,1,10
3692,2,5040973711996201078,0,1,1,6,1,3,1,10
3693,2,-4081513984550341436,0,1,1,6,1,3,1,10
3694,2,-8071501578944178393,0,0,0,7,2,4,1,10
3695,2,-2185346706976033880,0,0,0,7,1,4,1,10
3696,2,-1141715610161182892,0,1,1,6,6,3,1,10
3697,2,-2907367845123958963,0,1,1,4,3,2,1,10
3698,2,-1303582936680035625,0,1,1,6,5,3,1,10
3699,2,-5177960328763061979,0,1,1,4,8,2,1,10
3700,2,-2696593627145120522,0,1,1,6,4,3,1,10
3701,2,372566914958967628,0,0,0,5,6,3,1,10
3702,2,1084333227004354485,0,0,0,5,5,3,1,10
3703,2,5346120392450271232,0,1,1,6,6,3,1,10
3704,2,9198101980322370149,0,1,1,6,3,3,1,10
3705,2,-8488146565082424239,0,1,1,8,2,4,1,10
3706,2,-3655855431369343616,0,1,1,8,1,4,1,10
3707,2,4573352710270016020,0,1,1,4,4,2,1,10
3708,2,-5554002021783011400,0,0,0,5,2,3,1,10
3709,2,6003871274639551773,0,0,0,7,3,4,1,10
3710,2,896310255068702797,0,1,1,6,3,3,1,10
3711,2,4973955615651811244,0,0,0,5,8,3,1,10
3712,2,7165839955141782174,0,0,0,7,4,4,1,10
3713,2,-6684423063930168793,0,0,0,5,5,3,1,10
3714,2,5081763862346299139,0,0,0,5,7,3,1,10
3715,2,4634280110133819913,0,0,0,5,7,3,1,10
3716,2,-2276041913788740391,0,0,0,5,3,3,1,10
3717,2,-1784490398631435238,0,0,0,7,2,4,1,10
3718,2,-5928418379016119843,0,0,0,5,6,3,1,10
3719,2,5814388993324905952,0,1,1,6,1,3,1,10
3720,2,-8333611338841474371,0,0,0,9,1,5,1,10
3721,2,3981406061590968917,0,1,1,6,5,3,1,10
3722,2,1383151784559849708,0,0,0,5,6,3,1,10
3723,2,8773010979334374873,0,0,0,9,1,5,1,10
3724,2,8165766236434014645,0,1,1,8,3,4,1,10
3725,2,-8294538476794356375,0,0,0,7,2,4,1,10
3726,2,7698699568197956243,0,0,0,7,1,4,1,10
3727,2,2653350741330042129,0,1,1,6,1,3,1,10
3728,2,3962125708379084479,0,1,1,6,1,3,1,10
3729,2,1511104605381513631,0,1,1,6,2,3,1,10
3730,2,8588378194130592265,0,1,1,8,1,4,1,10
3731,2,4928979488229865881,0,0,0,7,1,4,1,10
3732,2,-7970545500360608533,0,0,0,5,1,3,1,10
3733,2,2265756203141243248,0,0,0,7,1,4,1,10
3734,2,-2134946836961503782,0,0,0,5,1,3,1,10
3735,2,-4004752223151059212,0,0,0,5,3,3,1,10
3736,2,6764231411648105439,0,0,0,5,5,3,1,10
3737,2,1851972695486902283,0,0,0,5,4,3,1,10
3738,2,-3770023974526038426,0,0,0,5,8,3,1,10
3739,2,4508580327586627741,0,0,0,7,1,4,1,10
3740,2,5300133173034786390,0,0,0,5,3,3,1,10
3741,2,-5790702560298935342,0,1,1,6,6,3,1,10
3742,2,-7258968918598427551,0,1,1,8,1,4,1,10
3743,2,-1289846414995821441,0,1,1,6,5,3,1,10
3744,2,799938503104327836,0,1,1,4,8,2,1,10
3745,2,-6339887284020694819,0,0,0,5,1,3,1,10
3746,2,-4620003039930656942,0,0,0,5,3,3,1,10
3747,2,8851805673907225979,0,1,1,6,3,3,1,10
3748,2,-1161607212778510572,0,0,0,7,1,4,1,10
3749,2,5834115218699185013,0,0,0,5,3,3,1,10
3750,2,-3106534684281347052,0,1,1,8,1,4,1,10
3751,2,2257813823468305894,0,1,1,6,1,3,1,10
3752,2,-4995087363884731213,0,0,0,5,5,3,1,10
3753,2,6461442110048750234,0,0,0,7,1,4,1,10
3754,2,-8020261415205811369,0,0,0,5,2,3,1,10
3755,2,-2718742513271832056,0,1,1,8,1,4,1,10
3756,2,-7454221707321927294,0,1,1,6,1,3,1,10
3757,2,-4136275449962974594,0,0,0,5,5,3,1,10
3758,2,-4140664329660227553,0,1,1,6,3,3,1,10
3759,2,9205764235870077598,0,1,1,8,1,4,1,10
3760,2,4503968492323860767,0,1,1,6,2,3,1,10
3761,2,5028929620034232072,0,0,0,7,5,4,1,10
3762,2,-5170801861750442428,0,0,0,5,4,3,1,10
3763,2,8863186744972496728,0,0,0,7,3,4,1,10
3764,2,1806388045447319868,0,1,1,8,3,4,1,10
3765,2,-8568373072836401582,0,1,1,10,1,5,1,10
3766,2,-1205968619918137103,0,0,0,5,7,3,1,10
3767,2,3562870879744524636,0,1,1,4,6,2,1,10
3768,2,-3099404739057125345,0,1,1,8,2,4,1,10
3769,2,8382492508093303596,0,0,0,7,2,4,1,10
3770,2,-3004536529581854426,0,0,0,5,1,3,1,10
3771,2,7240271743992739265,0,0,0,5,5,3,1,10
3772,2,7965795821481806625,0,0,0,7,3,4,1,10
3773,2,-2461713013436883050,0,0,0,5,1,3,1,10
3774,2,6279920053783071798,0,0,0,5,2,3,1,10
3775,2,-6684294522899654635,0,0,0,5,6,3,1,10
3776,2,7155356496941622575,0,1,1,6,4,3,1,10
3777,2,6326194763261785929,0,0,0,7,1,4,1,10
3778,2,-3267204684006378935,0,0,0,5,6,3,1,10
3779,2,-2729215369887564584,0,1,1,8,2,4,1,10
3780,2,-7480980889664719540,0,0,0,5,3,3,1,10
3781,2,-482425399715206609,0,1,1,6,1,3,1,10
3782,2,-2093155136659055397,0,1,1,6,1,3,1,10
3783,2,5912437721900207102,0,1,1,8,1,4,1,10
3784,2,308872688472141069,0,0,0,5,4,3,1,10
3785,2,7365579595651049191,0,0,0,7,1,4,1,10
3786,2,8811168244860509499,0,1,1,8,2,4,1,10
3787,2,-176489975114237071,0,0,0,7,3,4,1,10
3788,2,3950710535395999515,0,0,0,5,3,3,1,10
3789,2,7279722977281185090,0,0,0,3,7,2,1,10
3790,2,1954368843808817933,0,0,0,5,6,3,1,10
3791,2,-4162411212421834355,0,1,1,6,1,3,1,10
3792,2,6700728848728747445,0,1,1,10,3,5,1,10
3793,2,3057333069046859977,0,0,0,7,3,4,1,10
3794,2,1761723715654669001,0,0,0,5,6,3,1,10
3795,2,-6248444613794568285,0,0,0,7,2,4,1,10
3796,2,-9025237398807074517,0,1,1,4,5,2,1,10
3797,2,2475819116238930740,0,0,0,5,5,3,1,10
3798,2,522621932268555322,0,1,1,6,1,3,1,10
3799,2,-3032442323078708106,0,0,0,3,9,2,1,10
3800,2,7482922999203577444,0,0,0,7,1,4,1,10
3801,2,7390043517513664244,0,0,0,5,8,3,1,10
3802,2,-3692820374739877633,0,1,1,6,2,3,1,10
3803,2,-5979888705333483840,0,0,0,7,5,4,1,10
3804,2,7529173057018729817,0,0,0,7,5,4,1,10
3805,2,4828666312438790570,0,1,1,6,1,3,1,10
3806,2,-80641429679195379,0,1,1,6,3,3,1,10
3807,2,8458290724159055790,0,0,0,7,4,4,1,10
3808,2,-6377894548018020456,0,0,0,5,3,3,1,10
3809,2,2365113757919860397,0,1,1,8,3,4,1,10
3810,2,-6992139299353627861,0,0,0,9,3,5,1,10
3811,2,-3146952239531598496,0,0,0,5,7,3,1,10
3812,2,-2458844943864817983,0,1,1,6,2,3,1,10
3813,2,-1128801510125047415,0,1,1,4,5,2,1,10
3814,2,-8020034494541817996,0,0,0,5,8,3,1,10
3815,2,-7028133904811211414,0,0,0,5,2,3,1,10
3816,2,-992753902650348788,0,0,0,3,6,2,1,10
3817,2,-5506549142605150085,0,0,0,7,1,4,1,10
3818,2,-7938489593882500647,0,1,1,6,1,3,1,10
3819,2,6990264895619104598,0,0,0,11,1,6,1,10
3820,2,-4597359676678241854,0,1,1,8,2,4,1,10
3821,2,1900890347071235830,0,0,0,7,3,4,1,10
3822,2,-2222552960281395555,0,1,1,6,1,3,1,10
3823,2,1725569668585707296,0,0,0,5,2,3,1,10
3824,2,5124773445651112896,0,0,0,9,1,5,1,10
3825,2,4153618514530506784,0,0,0,7,3,4,1,10
3826,2,3871849464095359703,0,0,0,5,8,3,1,10
3827,2,-2175479399001841736,0,1,1,6,3,3,1,10
3828,2,-3711980406624814089,0,0,0,7,4,4,1,10
3829,2,5167971121836337493,0,0,0,7,4,4,1,10
3830,2,2409475561580655347,0,0,0,5,2,3,1,10
3831,2,2736867050776960388,0,0,0,5,5,3,1,10
3832,2,6756540623776712174,0,1,1,4,4,2,1,10
3833,2,-1163735958464955229,0,0,0,5,5,3,1,10
3834,2,8952764504282634545,0,0,0,7,6,4,1,10
3835,2,-8160462576978902821,0,0,0,5,6,3,1,10
3836,2,-9010496673539634114,0,1,1,8,2,4,1,10
3837,2,4542281617365494605,0,0,0,7,2,4,1,10
3838,2,-10349071631553499,0,1,1,6,1,3,1,10
3839,2,7820286281702682763,0,0,0,7,3,4,1,10
3840,2,-2187918505521170667,0,0,0,5,6,3,1,10
3841,2,7272246649584449609,0,1,1,6,1,3,1,10
3842,2,-3632607107090299595,0,0,0,7,3,4,1,10
3843,2,-7785725170193456045,0,1,1,6,1,3,1,10
3844,2,474385115120052916,0,0,0,5,4,3,1,10
3845,2,-8972837111445466430,0,0,0,5,5,3,1,10
3846,2,3646916579815302942,0,0,0,5,5,3,1,10
3847,2,-8300732293662371990,0,0,0,7,1,4,1,10
3848,2,-8493556577723943439,0,1,1,6,6,3,1,10
3849,2,-8029206804231772010,0,1,1,8,2,4,1,10
3850,2,-6847872989639830416,0,1,1,6,3,3,1,10
3851,2,-867970863658853641,0,1,1,6,4,3,1,10
3852,2,5320408550049616054,0,0,0,5,3,3,1,10
3853,2,-2538620267505760040,0,0,0,5,3,3,1,10
3854,2,9075975052306658829,0,0,0,5,6,3,1,10
3855,2,5098182852428132502,0,1,1,8,2,4,1,10
3856,2,-9207615521470272896,0,0,0,5,2,3,1,10
3857,2,3089641431793702479,0,1,1,6,1,3,1,10
3858,2,1787247256381149614,0,0,0,7,1,4,1,10
3859,2,-1543427922518879015,0,1,1,6,2,3,1,10
3860,2,1838517430382987488,0,1,1,6,3,3,1,10
3861,2,7213863126175074806,0,0,0,5,4,3,1,10
3862,2,-2973048306326597538,0,1,1,4,6,2,1,10
3863,2,2847694829515346373,0,0,0,7,2,4,1,10
3864,2,-4411894533325015554,0,0,0,7,2,4,1,10
3865,2,-2527316056525699718,0,0,0,5,6,3,1,10
3866,2,7195251971090093309,0,1,1,8,1,4,1,10
3867,2,-483334434817527471,0,1,1,6,2,3,1,10
3868,2,-2971158179524870383,0,0,0,5,4,3,1,10
3869,2,-3543656460637227585,0,0,0,7,2,4,1,10
3870,2,-9052734604872392002,0,0,0,5,4,3,1,10
3871,2,1006218960881649642,0,1,1,4,4,2,1,10
3872,2,8826164776676901608,0,0,0,5,4,3,1,10
3873,2,2574397574398788955,0,1,1,4,1,2,1,10
3874,2,-2001290289059261527,0,0,0,5,8,3,1,10
3875,2,437791572616515314,0,1,1,6,3,3,1,10
3876,2,-1064868915000700828,0,0,0,5,2,3,1,10
3877,2,-1170992585168281830,0,0,0,9,2,5,1,10
3878,2,6132910168755265306,0,0,0,5,4,3,1,10
3879,2,1020307825355755324,0,0,0,5,3,3,1,10
3880,2,7960909977024206075,0,1,1,6,6,3,1,10
3881,2,-116800529080254344,0,0,0,7,6,4,1,10
3882,2,6721377430591402048,0,0,0,7,2,4,1,10
3883,2,3879294932408638354,0,1,1,6,5,3,1,10
3884,2,8234299227686853431,0,0,0,9,1,5,1,10
3885,2,-6307724957435782102,0,0,0,7,5,4,1,10
3886,2,8059198631499205791,0,1,1,6,7,3,1,10
3887,2,9002186336097426224,0,0,0,7,3,4,1,10
3888,2,757398747650054453,0,0,0,9,1,5,1,10
3889,2,-4574542415323296619,0,1,1,6,6,3,1,10
3890,2,-6239426514371114354,0,0,0,5,5,3,1,10
3891,2,7732638109358826566,0,0,0,7,5,4,1,10
3892,2,3062689396807028519,0,0,0,7,1,4,1,10
3893,2,-4381450001756252587,0,0,0,3,9,2,1,10
3894,2,2172704579145766842,0,1,1,4,5,2,1,10
3895,2,3199002534995912313,0,0,0,5,3,3,1,10
3896,2,-6351437471401871918,0,1,1,4,3,2,1,10
3897,2,-6772937705519760712,0,0,0,7,3,4,1,10
3898,2,-5133709216332230751,0,0,0,3,6,2,1,10
3899,2,-7818126621128530590,0,0,0,5,3,3,1,10
3900,2,5926071182195162385,0,1,1,6,7,3,1,10
3901,2,7966457783321434689,0,0,0,5,4,3,1,10
3902,2,-5343797922203983336,0,0,0,3,6,2,1,10
3903,2,2487951233573241613,0,0,0,5,4,3,1,10
3904,2,706957531120720464,0,0,0,5,6,3,1,10
3905,2,-1950478476491020507,0,0,0,7,2,4,1,10
3906,2,-2756470578144343610,0,0,0,5,2,3,1,10
3907,2,2926100152366357116,0,1,1,6,1,3,1,10
3908,2,-5889323317935380719,0,1,1,6,4,3,1,10
3909,2,6053867085960783825,0,0,0,7,1,4,1,10
3910,2,-7434801583013358938,0,0,0,5,3,3,1,10
3911,2,5961487742106790434,0,1,1,6,6,3,1,10
3912,2,4528204824162520939,0,0,0,7,3,4,1,10
3913,2,-6138213071427270302,0,0,0,9,1,5,1,10
3914,2,-8316549701739401079,0,1,1,8,3,4,1,10
3915,2,-7746496580060180887,0,1,1,4,5,2,1,10
3916,2,-8526666077017386874,0,0,0,7,1,4,1,10
3917,2,-9069535276861128149,0,0,0,3,6,2,1,10
3918,2,-5014584673697307246,0,0,0,7,5,4,1,10
3919,2,2553648922679249964,0,0,0,5,3,3,1,10
3920,2,6295836108904580896,0,1,1,8,2,4,1,10
3921,2,-3305342528073464781,0,0,0,7,3,4,1,10
3922,2,7104594469664929976,0,0,0,7,2,4,1,10
3923,2,6605459028473342781,0,1,1,6,5,3,1,10
3924,2,1570911281004580363,0,0,0,7,1,4,1,10
3925,2,-6658355405601931340,0,0,0,7,1,4,1,10
3926,2,5259235120124132423,0,1,1,6,1,3,1,10
3927,2,-3984232309352734496,0,1,1,8,1,4,1,10
3928,2,-6685701332144116564,0,1,1,8,2,4,1,10
3929,2,8435131475424277917,0,1,1,6,2,3,1,10
3930,2,-6162668662361004961,0,0,0,5,1,3,1,10
3931,2,4162048308099910222,0,1,1,6,1,3,1,10
3932,2,103294894418580862,0,1,1,8,2,4,1,10
3933,2,4320877378676120081,0,0,0,3,8,2,1,10
3934,2,6707094167705841012,0,1,1,6,2,3,1,10
3935,2,-4838446930133551308,0,0,0,3,5,2,1,10
3936,2,7396696240343725197,0,1,1,6,7,3,1,10
3937,2,-2122330488511052058,0,0,0,5,6,3,1,10
3938,2,-1554549002274106676,0,1,1,6,5,3,1,10
3939,2,-7455439943188708303,0,0,0,5,5,3,1,10
3940,2,6341622254362365436,0,0,0,7,1,4,1,10
3941,2,-2073145438976672217,0,1,1,8,2,4,1,10
3942,2,-3544555330801478396,0,1,1,6,3,3,1,10
3943,2,-2299829714225691301,0,0,0,3,9,2,1,10
3944,2,4043438721561472127,0,1,1,6,1,3,1,10
3945,2,3067528357458754707,0,0,0,7,4,4,1,10
3946,2,7579345852390314124,0,1,1,8,2,4,1,10
3947,2,750623384057921723,0,0,0,7,2,4,1,10
3948,2,-429235904396451871,0,0,0,7,6,4,1,10
3949,2,-5107542660796621797,0,0,0,5,6,3,1,10
3950,2,-7872849016556346330,0,1,1,6,3,3,1,10
3951,2,587641369869007052,0,1,1,6,1,3,1,10
3952,2,8616398772039207808,0,0,0,7,5,4,1,10
3953,2,-7585589561894582680,0,0,0,7,2,4,1,10
3954,2,5111789328896845675,0,1,1,4,7,2,1,10
3955,2,-5654888879398926592,0,0,0,5,6,3,1,10
3956,2,4589055026460345548,0,0,0,5,2,3,1,10
3957,2,-8562921420327241902,0,0,0,5,4,3,1,10
3958,2,4548849016175391046,0,1,1,6,1,3,1,10
3959,2,651596439425025595,0,0,0,5,4,3,1,10
3960,2,-8033040831945178677,0,0,0,5,6,3,1,10
3961,2,-6336669438108184726,0,1,1,6,3,3,1,10
3962,2,-1790989757050311050,0,0,0,7,2,4,1,10
3963,2,-4884407777276261034,0,1,1,6,2,3,1,10
3964,2,-7609571452516313192,0,0,0,5,8,3,1,10
3965,2,6380625720139413105,0,1,1,8,1,4,1,10
3966,2,-7311772549138397168,0,0,0,5,7,3,1,10
3967,2,9196324181470673309,0,1,1,6,2,3,1,10
3968,2,-607334946091841312,0,0,0,7,2,4,1,10
3969,2,8297107946045378015,0,0,0,5,4,3,1,10
3970,2,-6037623686928999940,0,0,0,7,5,4,1,10
3971,2,6930010930504157522,0,0,0,5,3,3,1,10
3972,2,3082305150114243683,0,0,0,5,3,3,1,10
3973,2,6247128429280424797,0,1,1,6,2,3,1,10
3974,2,6113316116199766387,0,0,0,5,6,3,1,10
3975,2,-1773708576042121688,0,0,0,7,2,4,1,10
3976,2,1497725147356885881,0,0,0,5,7,3,1,10
3977,2,8319828516271838027,0,0,0,5,4,3,1,10
3978,2,5051406847592991623,0,0,0,5,1,3,1,10
3979,2,-218001042413011000,0,0,0,5,5,3,1,10
3980,2,-1186191315544655734,0,1,1,6,1,3,1,10
3981,2,7613139115830659899,0,0,0,5,3,3,1,10
3982,2,5454534100910730139,0,1,1,8,4,4,1,10
3983,2,-4314106870688262577,0,1,1,8,1,4,1,10
3984,2,-8391296009930343019,0,0,0,5,4,3,1,10
3985,2,3387659263437495412,0,0,0,5,6,3,1,10
3986,2,1499823741735920103,0,0,0,3,6,2,1,10
3987,2,5706728400446657742,0,0,0,7,5,4,1,10
3988,2,-7881759740475690326,0,0,0,9,1,5,1,10
3989,2,-3514986289148121488,0,1,1,6,2,3,1,10
3990,2,-339931218393044491,0,1,1,6,3,3,1,10
3991,2,-1677442248101585975,0,1,1,8,3,4,1,10
3992,2,-7988537895147250576,0,0,0,7,4,4,1,10
3993,2,4844385868677751134,0,1,1,8,1,4,1,10
3994,2,6899197214892214567,0,0,0,3,5,2,1,10
3995,2,-2519726739550037063,0,1,1,4,3,2,1,10
3996,2,3561244884040815264,0,0,0,5,2,3,1,10
3997,2,-8369623239397658464,0,0,0,5,2,3,1,10
3998,2,-251289702583601874,0,1,1,4,1,2,1,10
3999,2,2581317529655074698,0,1,1,6,2,3,1,10
4000,2,4821968183170256519,0,0,0,5,4,3,1,10
4001,2,-5468108195314948786,0,0,0,5,4,3,1,10
4002,2,7130850608751069844,0,0,0,5,4,3,1,10
4003,2,390384772010944285,0,0,0,5,4,3,1,10
4004,2,-2506397252449728120,0,0,0,7,3,4,1,10
4005,2,-6895049201194624846,0,0,0,5,3,3,1,10
4006,2,-5647773049938668748,0,1,1,6,1,3,1,10
4007,2,-2617962547407072825,0,1,1,6,2,3,1,10
4008,2,3255525860381240216,0,1,1,6,4,3,1,10
4009,2,-7589260834494789942,0,0,0,5,1,3,1,10
4010,2,8311161089618959548,0,0,0,5,5,3,1,10
4011,2,6534556263113251024,0,0,0,5,8,3,1,10
4012,2,4659494792683735489,0,0,0,7,2,4,1,10
4013,2,4549473467882909898,0,0,0,5,3,3,1,10
4014,2,-9069643738872635598,0,1,1,6,2,3,1,10
4015,2,7049855551300311542,0,0,0,7,4,4,1,10
4016,2,8330411314230637727,0,1,1,4,5,2,1,10
4017,2,8043048226429964183,0,1,1,4,5,2,1,10
4018,2,-4998731069114305684,0,1,1,8,2,4,1,10
4019,2,3582701915940942311,0,0,0,5,3,3,1,10
4020,2,-613263772631574810,0,0,0,5,5,3,1,10
4021,2,8848462822727259724,0,1,1,4,4,2,1,10
4022,2,5132475830207650198,0,0,0,5,7,3,1,10
4023,2,579912161214899914,0,1,1,6,2,3,1,10
4024,2,5505698770868954074,0,0,0,5,3,3,1,10
4025,2,-2357047999757712199,0,1,1,4,5,2,1,10
4026,2,5502495810746355632,0,1,1,6,3,3,1,10
4027,2,-8168397503197896009,0,1,1,8,2,4,1,10
4028,2,7587616745970980309,0,0,0,7,1,4,1,10
4029,2,2715206025751136735,0,1,1,4,6,2,1,10
4030,2,-3927831477943699442,0,0,0,3,9,2,1,10
4031,2,4537965854557994554,0,0,0,7,2,4,1,10
4032,2,-4679684681332310844,0,1,1,6,5,3,1,10
4033,2,8351820468499478133,0,1,1,6,2,3,1,10
4034,2,-7731863652970819626,0,1,1,8,3,4,1,10
4035,2,-2882834705074562348,0,1,1,4,7,2,1,10
4036,2,4073468940336258218,0,0,0,7,1,4,1,10
4037,2,-2535151999024185498,0,1,1,8,1,4,1,10
4038,2,8146999747003479429,0,0,0,5,7,3,1,10
4039,2,5193672660513951098,0,0,0,5,5,3,1,10
4040,2,-2903293810447148004,0,0,0,5,6,3,1,10
4041,2,-4969139868325883823,0,0,0,5,4,3,1,10
4042,2,7070944733743316843,0,0,0,5,2,3,1,10
4043,2,-471488710487631596,0,0,0,5,3,3,1,10
4044,2,-7598744543877578044,0,0,0,7,4,4,1,10
4045,2,8529606840452591112,0,0,0,7,6,4,1,10
4046,2,-8562484847477693910,0,0,0,5,4,3,1,10
4047,2,4858242472748808447,0,0,0,5,5,3,1,10
4048,2,-4595125254396999713,0,0,0,5,3,3,1,10
4049,2,-1486254383937165039,0,1,1,6,1,3,1,10
4050,2,798727097808922427,0,1,1,4,5,2,1,10
4051,2,-2372506112164775028,0,0,0,5,5,3,1,10
4052,2,999365047718572222,0,0,0,5,7,3,1,10
4053,2,5541596842447986728,0,1,1,6,2,3,1,10
4054,2,-5183737766888082583,0,0,0,5,4,3,1,10
4055,2,-6732682006990820225,0,1,1,6,2,3,1,10
4056,2,8061687911851818825,0,0,0,5,3,3,1,10
4057,2,-4632179686745484613,0,0,0,7,1,4,1,10
4058,2,8101662334035631443,0,0,0,5,5,3,1,10
4059,2,8213825613590679440,0,0,0,5,5,3,1,10
4060,2,-7814089542706843529,0,1,1,6,2,3,1,10
4061,2,2334610633431270252,0,1,1,6,2,3,1,10
4062,2,-8336712600406060050,0,0,0,5,3,3,1,10
4063,2,5289977174883920621,0,1,1,6,4,3,1,10
4064,2,-2116578001232606505,0,0,0,5,4,3,1,10
4065,2,6649430335273183891,0,0,0,7,1,4,1,10
4066,2,-2459609847571573503,0,0,0,5,2,3,1,10
4067,2,9201860255671542198,0,0,0,5,4,3,1,10
4068,2,-1100843387562361590,0,1,1,6,2,3,1,10
4069,2,-8787447925015414598,0,0,0,5,3,3,1,10
4070,2,4648795837850399656,0,0,0,5,6,3,1,10
4071,2,-1865411428738457984,0,0,0,5,5,3,1,10
4072,2,657252581769825350,0,0,0,5,7,3,1,10
4073,2,6286229706178947359,0,1,1,6,5,3,1,10
4074,2,661164278229708498,0,0,0,7,1,4,1,10
4075,2,3807460455658737107,0,0,0,5,2,3,1,10
4076,2,-3085345793007660331,0,0,0,5,6,3,1,10
4077,2,2292963974138078261,0,1,1,6,1,3,1,10
4078,2,1616982586562353091,0,1,1,6,1,3,1,10
4079,2,5256953616902006956,0,1,1,6,2,3,1,10
4080,2,-2141149463557910892,0,0,0,5,4,3,1,10
4081,2,4434464206255043107,0,0,0,5,3,3,1,10
4082,2,-5662077577751443309,0,0,0,5,1,3,1,10
4083,2,1473441295604977404,0,1,1,8,2,4,1,10
4084,2,2612775664338665333,0,1,1,8,1,4,1,10
4085,2,1496714143979027779,0,1,1,6,3,3,1,10
4086,2,-1552578819669153108,0,0,0,5,7,3,1,10
4087,2,-4229811942929403354,0,0,0,7,1,4,1,10
4088,2,8038880351590438397,0,0,0,5,6,3,1,10
4089,2,3241396444012815524,0,0,0,7,2,4,1,10
4090,2,-6989753623843025585,0,0,0,9,2,5,1,10
4091,2,-7725072487303475323,0,0,0,3,8,2,1,10
4092,2,5528321148568170950,0,0,0,5,1,3,1,10
4093,2,-8997367674208362871,0,0,0,5,6,3,1,10
4094,2,-2274656976207655920,0,0,0,5,4,3,1,10
4095,2,-1981131043092464924,0,0,0,7,4,4,1,10
4096,2,8415911152649727998,0,0,0,7,4,4,1,10
4097,2,6670066791749954280,0,0,0,7,6,4,1,10
4098,2,401132406663447894,0,0,0,7,1,4,1,10
4099,2,-3842351961579849468,0,0,0,5,2,3,1,10
4100,2,-4838409390898509337,0,1,1,8,1,4,1,10
4101,2,-1931954644674931220,0,0,0,3,8,2,1,10
4102,2,5406380933868462300,0,1,1,8,1,4,1,10
4103,2,-872752245282854375,0,0,0,5,4,3,1,10
4104,2,3801211830127035221,0,0,0,5,3,3,1,10
4105,2,-6045890390298867084,0,0,0,7,1,4,1,10
4106,2,-8580987729732770253,0,0,0,5,4,3,1,10
4107,2,-3727283577819331507,0,0,0,7,1,4,1,10
4108,2,-4346133261772297933,0,1,1,6,1,3,1,10
4109,2,-6784018263452830574,0,1,1,6,5,3,1,10
4110,2,3338155128952709950,0,0,0,7,7,4,1,10
4111,2,3939987267555663420,0,0,0,5,2,3,1,10
4112,2,-7256478610602909698,0,0,0,5,3,3,1,10
4113,2,-7777040839149620212,0,0,0,5,4,3,1,10
4114,2,7326430774005490356,0,0,0,7,2,4,1,10
4115,2,-5441754594454713993,0,0,0,5,2,3,1,10
4116,2,8095195391948374600,0,0,0,5,1,3,1,10
4117,2,4762431432559042270,0,0,0,5,5,3,1,10
4118,2,-79561439215045983,0,1,1,6,1,3,1,10
4119,2,-4250476123095433983,0,1,1,8,2,4,1,10
4120,2,-8778058767970349258,0,0,0,7,5,4,1,10
4121,2,1067840081485124533,0,0,0,7,3,4,1,10
4122,2,9147614006537763557,0,0,0,7,3,4,1,10
4123,2,8054716387796324309,0,0,0,5,2,3,1,10
4124,2,4651709315768461571,0,1,1,6,2,3,1,10
4125,2,292458060797582454,0,1,1,6,2,3,1,10
4126,2,9096163759399461811,0,1,1,8,2,4,1,10
4127,2,6984444143369995101,0,0,0,5,5,3,1,10
4128,2,2125621035636482939,0,0,0,5,5,3,1,10
4129,2,6045969191341465781,0,0,0,5,7,3,1,10
4130,2,5895819937956482068,0,0,0,7,1,4,1,10
4131,2,-4926593111466631684,0,1,1,8,1,4,1,10
4132,2,-5815781840166788480,0,1,1,4,5,2,1,10
4133,2,-4250637870161483714,0,0,0,5,4,3,1,10
4134,2,-3055340225468379038,0,0,0,7,2,4,1,10
4135,2,-3863883069571525242,0,1,1,6,3,3,1,10
4136,2,7838036578512849033,0,1,1,6,1,3,1,10
4137,2,9137432219398761872,0,0,0,5,2,3,1,10
4138,2,1135613195312324813,0,1,1,6,2,3,1,10
4139,2,96770685582019011,0,0,0,5,4,3,1,10
4140,2,-825966571826989794,0,0,0,5,6,3,1,10
4141,2,8862552695643390045,0,1,1,4,7,2,1,10
4142,2,5780890831942854617,0,0,0,5,5,3,1,10
4143,2,6575759339915611888,0,1,1,6,5,3,1,10
4144,2,-5931632248189988003,0,0,0,5,7,3,1,10
4145,2,8780884954983430156,0,0,0,3,6,2,1,10
4146,2,6983166465213530334,0,1,1,8,1,4,1,10
4147,2,-755388187835660227,0,0,0,5,7,3,1,10
4148,2,-8702132540832860040,0,0,0,5,7,3,1,10
4149,2,-5239695247566358985,0,1,1,6,3,3,1,10
4150,2,6193367285353594503,0,1,1,6,1,3,1,10
4151,2,-832099687667035569,0,0,0,7,3,4,1,10
4152,2,-762573322816089547,0,0,0,7,1,4,1,10
4153,2,-4146876950301542099,0,1,1,6,2,3,1,10
4154,2,-8122248205648772781,0,0,0,7,4,4,1,10
4155,2,2662735969250622912,0,0,0,3,5,2,1,10
4156,2,3626028556526953837,0,0,0,7,1,4,1,10
4157,2,-1541013801137275279,0,1,1,6,3,3,1,10
4158,2,-8704222282021216744,0,1,1,6,1,3,1,10
4159,2,-8870255245371041382,0,0,0,5,7,3,1,10
4160,2,3869831413738609805,0,0,0,3,6,2,1,10
4161,2,-324237694215850695,0,0,0,5,2,3,1,10
4162,2,2004152105818395771,0,0,0,7,1,4,1,10
4163,2,-2874986896488624672,0,0,0,7,1,4,1,10
4164,2,-3606222402162448872,0,1,1,8,4,4,1,10
4165,2,7215517131667439856,0,0,0,11,2,6,1,10
4166,2,1975593423814169976,0,1,1,8,2,4,1,10
4167,2,-5500505350647413242,0,1,1,6,5,3,1,10
4168,2,-4435359358936915166,0,0,0,5,5,3,1,10
4169,2,1383028687790115764,0,1,1,6,3,3,1,10
4170,2,-118865094285092384,0,0,0,5,2,3,1,10
4171,2,-718998528050697357,0,0,0,5,6,3,1,10
4172,2,-1308654730665024042,0,1,1,8,3,4,1,10
4173,2,4912434339750701272,0,0,0,5,3,3,1,10
4174,2,-2104488476903503658,0,0,0,7,2,4,1,10
4175,2,8504876297073979398,0,1,1,6,2,3,1,10
4176,2,-3673971478035595278,0,1,1,6,2,3,1,10
4177,2,-2235055019415222428,0,0,0,5,6,3,1,10
4178,2,1260483962464693842,0,0,0,5,3,3,1,10
4179,2,-3469120207257589618,0,0,0,5,4,3,1,10
4180,2,1565383043976503622,0,0,0,5,5,3,1,10
4181,2,-2613143134542334832,0,1,1,4,6,2,1,10
4182,2,-8322620942375927394,0,0,0,7,1,4,1,10
4183,2,-7306584106822568111,0,0,0,5,1,3,1,10
4184,2,-8778782352127752647,0,0,0,5,5,3,1,10
4185,2,5249797063251750477,0,1,1,6,3,3,1,10
4186,2,7734870588002335707,0,1,1,6,2,3,1,10
4187,2,-157022477532641658,0,0,0,5,5,3,1,10
4188,2,4973510445667415620,0,0,0,5,3,3,1,10
4189,2,3587263541261813180,0,0,0,7,2,4,1,10
4190,2,1312954764912983677,0,0,0,5,1,3,1,10
4191,2,-7894635549645958437,0,0,0,7,2,4,1,10
4192,2,-2907520895680884108,0,0,0,5,4,3,1,10
4193,2,1215633714692805044,0,1,1,4,4,2,1,10
4194,2,-6618960804125914677,0,1,1,6,1,3,1,10
4195,2,-5280978050223946257,0,0,0,5,5,3,1,10
4196,2,-1543991021993413652,0,1,1,6,2,3,1,10
4197,2,-6393064837404348096,0,1,1,10,1,5,1,10
4198,2,7646849987718284128,0,0,0,5,6,3,1,10
4199,2,86048695966916825,0,0,0,7,1,4,1,10
4200,2,-1847139367645554079,0,0,0,7,3,4,1,10
4201,2,7346424551034396191,0,1,1,4,4,2,1,10
4202,2,5462282848195693741,0,1,1,6,2,3,1,10
4203,2,5399020175411836575,0,0,0,5,6,3,1,10
4204,2,-7958207858461447524,0,0,0,5,7,3,1,10
4205,2,-937726819900879037,0,1,1,8,2,4,1,10
4206,2,-2291788449170101900,0,0,0,7,2,4,1,10
4207,2,-2503661939088165184,0,0,0,3,6,2,1,10
4208,2,-3584175994751091460,0,1,1,6,1,3,1,10
4209,2,7851352702108052306,0,0,0,5,6,3,1,10
4210,2,1104012985809548878,0,0,0,7,2,4,1,10
4211,2,-6052709703161821269,0,0,0,7,2,4,1,10
4212,2,-2843461695355323407,0,0,0,7,6,4,1,10
4213,2,-1293405992712533208,0,1,1,8,4,4,1,10
4214,2,-5188045181757198553,0,0,0,5,7,3,1,10
4215,2,2949049515221758278,0,0,0,7,3,4,1,10
4216,2,5245545008192082562,0,0,0,5,4,3,1,10
4217,2,8719959346320788563,0,0,0,9,1,5,1,10
4218,2,5698605285302224317,0,0,0,5,2,3,1,10
4219,2,3002372647758993256,0,0,0,5,3,3,1,10
4220,2,-8960232361520305464,0,1,1,8,4,4,1,10
4221,2,-1561576418465385578,0,0,0,7,2,4,1,10
4222,2,-591214720038582236,0,1,1,6,4,3,1,10
4223,2,-8242458111579093922,0,1,1,6,2,3,1,10
4224,2,3393756178168216689,0,1,1,6,3,3,1,10
4225,2,-4604779041568153754,0,0,0,5,6,3,1,10
4226,2,2815768729719576388,0,1,1,6,1,3,1,10
4227,2,-3645453565643226262,0,0,0,5,8,3,1,10
4228,2,-4976949246936470722,0,1,1,6,5,3,1,10
4229,2,-8394760245756851600,0,0,0,5,4,3,1,10
4230,2,9082605857984507225,0,1,1,8,1,4,1,10
4231,2,7063039475521702719,0,0,0,5,4,3,1,10
4232,2,627907005252728197,0,0,0,5,1,3,1,10
4233,2,-6419816116782342639,0,0,0,7,3,4,1,10
4234,2,3024039470649930867,0,0,0,7,3,4,1,10
4235,2,-175504626849400697,0,0,0,5,6,3,1,10
4236,2,-4195147029254999377,0,0,0,5,6,3,1,10
4237,2,6624130113606014172,0,0,0,5,5,3,1,10
4238,2,-4442311940050621196,0,0,0,7,5,4,1,10
4239,2,-1991084781228910499,0,0,0,5,1,3,1,10
4240,2,1732220863357018555,0,1,1,6,1,3,1,10
4241,2,-216390776967123688,0,0,0,5,6,3,1,10
4242,2,5770923765392745492,0,1,1,8,6,4,1,10
4243,2,5830219591043400403,0,0,0,9,1,5,1,10
4244,2,-3128473411274668103,0,0,0,7,4,4,1,10
4245,2,-7616082863908492480,0,0,0,5,4,3,1,10
4246,2,-2109167731581601184,0,0,0,3,7,2,1,10
4247,2,-5646993507710565011,0,0,0,5,3,3,1,10
4248,2,-7683692749637493167,0,0,0,5,5,3,1,10
4249,2,-4456375304453395327,0,0,0,7,2,4,1,10
4250,2,-2643985694421468617,0,1,1,6,2,3,1,10
4251,2,-4915307475916890715,0,0,0,9,3,5,1,10
4252,2,-6236440690190872006,0,0,0,7,5,4,1,10
4253,2,-2518736633932658369,0,0,0,5,1,3,1,10
4254,2,-2426661710139523508,0,1,1,8,5,4,1,10
4255,2,-4411130943459425435,0,0,0,9,3,5,1,10
4256,2,690697547758424514,0,0,0,5,5,3,1,10
4257,2,5625649148450015120,0,1,1,6,7,3,1,10
4258,2,3515881435017537575,0,1,1,6,2,3,1,10
4259,2,9203333948658205583,0,0,0,9,1,5,1,10
4260,2,3539266495672576845,0,0,0,5,1,3,1,10
4261,2,-2849689226121273921,0,1,1,8,2,4,1,10
4262,2,2195800659685435044,0,0,0,7,6,4,1,10
4263,2,8722973546042698361,0,0,0,7,3,4,1,10
4264,2,-467546319241298994,0,1,1,6,2,3,1,10
4265,2,-918155251723057974,0,0,0,7,6,4,1,10
4266,2,-1609701758271468430,0,1,1,6,1,3,1,10
4267,2,-8748872770848915863,0,0,0,5,5,3,1,10
4268,2,6698639754961907023,0,0,0,7,4,4,1,10
4269,2,-817564189851411739,0,0,0,5,6,3,1,10
4270,2,-5822822288927721836,0,1,1,6,6,3,1,10
4271,2,-9062996382303450594,0,0,0,3,5,2,1,10
4272,2,5971494914094040431,0,0,0,5,5,3,1,10
4273,2,8520104289530287605,0,0,0,7,4,4,1,10
4274,2,-7240121764014701852,0,0,0,7,1,4,1,10
4275,2,1314610732869924679,0,1,1,6,3,3,1,10
4276,2,-3516856215062264865,0,1,1,6,4,3,1,10
4277,2,-5166768877937539562,0,0,0,5,1,3,1,10
4278,2,-4032919837093669237,0,0,0,5,4,3,1,10
4279,2,-7068320496252978935,0,0,0,5,2,3,1,10
4280,2,5470211609485398244,0,0,0,5,6,3,1,10
4281,2,-1007960562824157162,0,1,1,6,1,3,1,10
4282,2,1867592174602302603,0,0,0,5,3,3,1,10
4283,2,-1603634653831854467,0,0,0,5,5,3,1,10
4284,2,3037545932081249240,0,0,0,5,5,3,1,10
4285,2,7855041906148100087,0,0,0,3,7,2,1,10
4286,2,-8766923298449284043,0,0,0,5,2,3,1,10
4287,2,-8296522965591431889,0,0,0,5,6,3,1,10
4288,2,-6436592861092623959,0,0,0,5,8,3,1,10
4289,2,198557912255427441,0,0,0,5,6,3,1,10
4290,2,3576685880604911539,0,0,0,7,4,4,1,10
4291,2,7854784845134807968,0,1,1,8,1,4,1,10
4292,2,1425037314451805017,0,1,1,6,3,3,1,10
4293,2,1342980643705109613,0,0,0,7,2,4,1,10
4294,2,-441177626365541761,0,1,1,6,5,3,1,10
4295,2,-5524800946824207419,0,0,0,5,1,3,1,10
4296,2,-8584562588893154180,0,0,0,5,8,3,1,10
4297,2,5752379505652730763,0,0,0,3,5,2,1,10
4298,2,2229207343542521834,0,0,0,5,1,3,1,10
4299,2,4037331708518421895,0,0,0,7,3,4,1,10
4300,2,4480215718418729405,0,0,0,5,1,3,1,10
4301,2,-3010159321745948003,0,1,1,6,5,3,1,10
4302,2,-1952052878889014890,0,1,1,6,1,3,1,10
4303,2,3988861705989570881,0,1,1,6,6,3,1,10
4304,2,6443568076629442393,0,0,0,7,3,4,1,10
4305,2,-3601245982382756054,0,0,0,5,6,3,1,10
4306,2,4586387679695298044,0,0,0,5,2,3,1,10
4307,2,4512043718238765637,0,1,1,6,1,3,1,10
4308,2,460144068085837730,0,0,0,3,6,2,1,10
4309,2,-8806236424307110676,0,1,1,6,1,3,1,10
4310,2,-3417117633688815896,0,0,0,5,2,3,1,10
4311,2,-6616633314416045737,0,0,0,5,8,3,1,10
4312,2,6101975761576235389,0,0,0,7,3,4,1,10
4313,2,5985472883440425042,0,1,1,6,4,3,1,10
4314,2,-4455031926818549769,0,0,0,7,3,4,1,10
4315,2,-8529972825716015312,0,0,0,5,1,3,1,10
4316,2,8807938588794484453,0,1,1,6,1,3,1,10
4317,2,-5056035356116799233,0,0,0,5,4,3,1,10
4318,2,6250423031522164000,0,0,0,7,5,4,1,10
4319,2,6597628199737507580,0,0,0,5,4,3,1,10
4320,2,-4020750290900935834,0,0,0,5,4,3,1,10
4321,2,6010999233121324105,0,1,1,6,3,3,1,10
4322,2,5935250580775076136,0,0,0,5,5,3,1,10
4323,2,-93622593690828579,0,0,0,5,5,3,1,10
4324,2,-3000551220315749726,0,1,1,8,1,4,1,10
4325,2,-5934071507644352581,0,0,0,7,4,4,1,10
4326,2,-4454353811552496596,0,1,1,6,2,3,1,10
4327,2,6789419422841281638,0,0,0,5,5,3,1,10
4328,2,2826031258244720336,0,0,0,5,3,3,1,10
4329,2,-2066218123166995565,0,1,1,6,2,3,1,10
4330,2,383455340223838747,0,0,0,5,4,3,1,10
4331,2,-2624365590918755552,0,0,0,5,4,3,1,10
4332,2,-3648912375927359688,0,0,0,5,3,3,1,10
4333,2,-45945804505125564,0,0,0,5,4,3,1,10
4334,2,7364469387682605370,0,0,0,5,6,3,1,10
4335,2,3762349036213138184,0,1,1,4,3,2,1,10
4336,2,7548787326965294776,0,0,0,5,4,3,1,10
4337,2,6061229844934885878,0,0,0,5,2,3,1,10
4338,2,362183391300878494,0,1,1,6,1,3,1,10
4339,2,-3613693231054241521,0,1,1,6,3,3,1,10
4340,2,2962049493889452610,0,0,0,5,7,3,1,10
4341,2,-3403465810651025151,0,0,0,5,1,3,1,10
4342,2,5664263769281171125,0,0,0,7,3,4,1,10
4343,2,-119115721564810343,0,1,1,8,1,4,1,10
4344,2,6944608726134048603,0,1,1,6,1,3,1,10
4345,2,489903380239783542,0,0,0,5,5,3,1,10
4346,2,-4832501040123091010,0,0,0,7,4,4,1,10
4347,2,-3439544451495987969,0,1,1,6,2,3,1,10
4348,2,-7554397900729773410,0,0,0,5,6,3,1,10
4349,2,137306501521212822,0,1,1,6,5,3,1,10
4350,2,2961058534919572556,0,1,1,6,3,3,1,10
4351,2,-458702235364923891,0,0,0,7,1,4,1,10
4352,2,181984637366451767,0,1,1,6,4,3,1,10
4353,2,5541092287339379544,0,0,0,9,4,5,1,10
4354,2,-8617173807229313081,0,0,0,7,4,4,1,10
4355,2,3932058481923602564,0,1,1,6,2,3,1,10
4356,2,-5665800569432221591,0,1,1,8,1,4,1,10
4357,2,9109748335872286951,0,0,0,5,4,3,1,10
4358,2,-8574108346635899158,0,0,0,7,2,4,1,10
4359,2,-163291754595665511,0,0,0,5,5,3,1,10
4360,2,-4207904325369161208,0,0,0,5,4,3,1,10
4361,2,8111595961983852066,0,0,0,3,6,2,1,10
4362,2,2599219117875791430,0,1,1,4,8,2,1,10
4363,2,-8012064673619039116,0,1,1,8,1,4,1,10
4364,2,-7812592159157934848,0,1,1,6,4,3,1,10
4365,2,-2976653498316227557,0,0,0,5,2,3,1,10
4366,2,-1835457483639465794,0,0,0,5,5,3,1,10
4367,2,-4653464319892482894,0,0,0,5,3,3,1,10
4368,2,-8027098560412609844,0,1,1,6,3,3,1,10
4369,2,4394224253260519321,0,0,0,7,3,4,1,10
4370,2,7134178559617005065,0,1,1,6,4,3,1,10
4371,2,5708094428263469284,0,0,0,7,5,4,1,10
4372,2,-8107610355923561729,0,1,1,6,4,3,1,10
4373,2,-7084198404736588907,0,0,0,5,4,3,1,10
4374,2,-419241763606441676,0,0,0,5,5,3,1,10
4375,2,-2301111068452715250,0,1,1,8,1,4,1,10
4376,2,-1699550984632968769,0,1,1,6,2,3,1,10
4377,2,-6921353768104805440,0,0,0,5,4,3,1,10
4378,2,-1663403910816229603,0,0,0,5,3,3,1,10
4379,2,5731492356003124520,0,1,1,6,2,3,1,10
4380,2,-3484179576617492923,0,0,0,5,6,3,1,10
4381,2,4946803922639390460,0,0,0,7,4,4,1,10
4382,2,6183837242958386425,0,0,0,5,4,3,1,10
4383,2,1379114281117347745,0,0,0,5,4,3,1,10
4384,2,5532817933329033566,0,0,0,5,3,3,1,10
4385,2,4456061149043698143,0,1,1,8,1,4,1,10
4386,2,-1577325876199756082,0,0,0,5,5,3,1,10
4387,2,-4831168023301101609,0,0,0,7,2,4,1,10
4388,2,-387316537729911827,0,0,0,5,3,3,1,10
4389,2,7890006790892374323,0,0,0,3,9,2,1,10
4390,2,6623821729615390202,0,0,0,5,4,3,1,10
4391,2,-2109884598350913377,0,1,1,6,1,3,1,10
4392,2,-728755645095684761,0,0,0,5,1,3,1,10
4393,2,1208434638465047673,0,0,0,7,4,4,1,10
4394,2,3633077535606435754,0,1,1,4,8,2,1,10
4395,2,-1481725254247283004,0,0,0,9,2,5,1,10
4396,2,2828606469691163221,0,1,1,6,2,3,1,10
4397,2,-1369519867475980191,0,0,0,5,4,3,1,10
4398,2,-695185721075410076,0,0,0,7,1,4,1,10
4399,2,-2592210977513874560,0,0,0,7,1,4,1,10
4400,2,7174188259594279637,0,0,0,5,5,3,1,10
4401,2,7783563581804263763,0,1,1,6,5,3,1,10
4402,2,-866044928689944194,0,0,0,5,3,3,1,10
4403,2,1707206826584461060,0,0,0,3,6,2,1,10
4404,2,-5542884522950178534,0,1,1,4,5,2,1,10
4405,2,-740595301133249047,0,0,0,5,2,3,1,10
4406,2,-5949517100860690012,0,1,1,6,3,3,1,10
4407,2,3239862398393232118,0,0,0,7,4,4,1,10
4408,2,8011097237281763304,0,0,0,7,3,4,1,10
4409,2,-234564541363674766,0,1,1,6,4,3,1,10
4410,2,2228713887001426262,0,0,0,5,8,3,1,10
4411,2,3788373159419071726,0,0,0,5,6,3,1,10
4412,2,-3754436669181695720,0,0,0,9,1,5,1,10
4413,2,2649917735046362737,0,0,0,7,5,4,1,10
4414,2,34713083092507239,0,1,1,6,6,3,1,10
4415,2,-311430840040673032,0,0,0,7,3,4,1,10
4416,2,-3377091946807192550,0,0,0,9,4,5,1,10
4417,2,-6848506116699930339,0,0,0,3,9,2,1,10
4418,2,4825396325275883903,0,0,0,5,7,3,1,10
4419,2,3388985955860597781,0,0,0,7,1,4,1,10
4420,2,-4792728766473866130,0,0,0,7,6,4,1,10
4421,2,7583659606646964703,0,0,0,3,5,2,1,10
4422,2,2355307518515301530,0,1,1,8,2,4,1,10
4423,2,82542103305696953,0,1,1,6,2,3,1,10
4424,2,5405923290565386282,0,0,0,5,6,3,1,10
4425,2,3296856876941385686,0,0,0,7,7,4,1,10
4426,2,4310843261357158791,0,0,0,5,1,3,1,10
4427,2,5877517426575746894,0,1,1,6,1,3,1,10
4428,2,6084221367566138999,0,0,0,7,3,4,1,10
4429,2,-38648547847124138,0,0,0,5,2,3,1,10
4430,2,8027296367596770411,0,0,0,5,1,3,1,10
4431,2,3440802625477033136,0,1,1,8,1,4,1,10
4432,2,-1772149093440858604,0,0,0,7,1,4,1,10
4433,2,9065822113626271844,0,0,0,7,1,4,1,10
4434,2,2999865192958346811,0,0,0,5,5,3,1,10
4435,2,-5749380192564471632,0,1,1,6,5,3,1,10
4436,2,-1792509352270550062,0,0,0,9,1,5,1,10
4437,2,-503162515106858692,0,0,0,5,7,3,1,10
4438,2,6976434017561617221,0,0,0,5,3,3,1,10
4439,2,7991317766581439121,0,0,0,7,1,4,1,10
4440,2,18338123607077141,0,1,1,6,5,3,1,10
4441,2,7002447499879358668,0,0,0,5,3,3,1,10
4442,2,8513280707470780840,0,1,1,4,4,2,1,10
4443,2,-4178257489644811890,0,0,0,5,2,3,1,10
4444,2,-3036632094365875622,0,0,0,5,4,3,1,10
4445,2,757805785592386870,0,1,1,6,2,3,1,10
4446,2,-6626950360880521257,0,0,0,5,2,3,1,10
4447,2,-5429391161927155886,0,0,0,5,7,3,1,10
4448,2,-215465999975189077,0,1,1,6,3,3,1,10
4449,2,5136008199042804306,0,0,0,5,6,3,1,10
4450,2,-1736608152057214182,0,0,0,7,3,4,1,10
4451,2,-5976923140118060418,0,0,0,5,6,3,1,10
4452,2,-7844747825525769940,0,1,1,8,3,4,1,10
4453,2,-7483774586449978327,0,1,1,6,6,3,1,10
4454,2,-5656080279621421556,0,0,0,5,1,3,1,10
4455,2,456766446875451686,0,0,0,5,4,3,1,10
4456,2,-482615755840192110,0,0,0,5,2,3,1,10
4457,2,-4883741825394450053,0,1,1,6,5,3,1,10
4458,2,304592522762962718,0,1,1,6,1,3,1,10
4459,2,-7353533141740430508,0,0,0,5,2,3,1,10
4460,2,-8860609531508979545,0,0,0,7,2,4,1,10
4461,2,4175550334904733242,0,0,0,5,4,3,1,10
4462,2,2371284980275570451,0,1,1,6,6,3,1,10
4463,2,2971543221725097348,0,0,0,5,3,3,1,10
4464,2,-4229762541496198200,0,1,1,8,2,4,1,10
4465,2,1325342459908523533,0,1,1,4,6,2,1,10
4466,2,4696634478988588930,0,1,1,8,1,4,1,10
4467,2,-8941711542453155033,0,0,0,7,5,4,1,10
4468,2,5821877375746538087,0,1,1,6,6,3,1,10
4469,2,3526218371838951118,0,1,1,6,3,3,1,10
4470,2,7447724826340710744,0,1,1,6,1,3,1,10
4471,2,881667997809076512,0,0,0,7,5,4,1,10
4472,2,-1102322606985804663,0,1,1,4,5,2,1,10
4473,2,-3369756854749998324,0,0,0,7,3,4,1,10
4474,2,-4011172473682001069,0,0,0,5,4,3,1,10
4475,2,2469867152145021001,0,0,0,5,7,3,1,10
4476,2,7023697610181425480,0,0,0,5,4,3,1,10
4477,2,-8798506651722619766,0,1,1,6,3,3,1,10
4478,2,-2374104381926381433,0,0,0,5,8,3,1,10
4479,2,3711680757141827567,0,1,1,8,3,4,1,10
4480,2,-3360003077428148910,0,0,0,9,1,5,1,10
4481,2,-4439837778791575874,0,1,1,6,1,3,1,10
4482,2,-3783232813208883491,0,0,0,7,2,4,1,10
4483,2,-6297727247213303726,0,0,0,5,5,3,1,10
4484,2,-4987256740453818008,0,1,1,8,2,4,1,10
4485,2,-3818657841030321837,0,0,0,7,3,4,1,10
4486,2,4128009488208672143,0,0,0,5,4,3,1,10
4487,2,-5819589073867651801,0,1,1,6,2,3,1,10
4488,2,-5288655701201043232,0,0,0,5,6,3,1,10
4489,2,-5331112289362109785,0,0,0,5,1,3,1,10
4490,2,-6031875108906112082,0,0,0,5,3,3,1,10
4491,2,-1569102273204801515,0,1,1,6,1,3,1,10
4492,2,7572030128459534372,0,0,0,7,1,4,1,10
4493,2,-5101626358848226738,0,1,1,4,3,2,1,10
4494,2,-4909544427309468004,0,0,0,7,2,4,1,10
4495,2,7371883830174442299,0,0,0,7,2,4,1,10
4496,2,-5039902670702935247,0,0,0,5,5,3,1,10
4497,2,6302942028152259469,0,1,1,4,8,2,1,10
4498,2,8620603271610017938,0,0,0,7,4,4,1,10
4499,2,-3575875178978786391,0,0,0,5,1,3,1,10
4500,2,2265487973181518873,0,1,1,8,4,4,1,10
4501,2,2472481083535677407,0,0,0,9,1,5,1,10
4502,2,-1520282148077844709,0,0,0,7,1,4,1,10
4503,2,-4752219499798541342,0,0,0,5,4,3,1,10
4504,2,-2357364194842046079,0,0,0,5,4,3,1,10
4505,2,-6113860432592891532,0,1,1,4,3,2,1,10
4506,2,8511267053007020439,0,1,1,6,1,3,1,10
4507,2,4452302986629695072,0,0,0,5,2,3,1,10
4508,2,-3103756756715987677,0,0,0,5,2,3,1,10
4509,2,-1083294045927529043,0,1,1,6,1,3,1,10
4510,2,-9222797788628879431,0,1,1,8,2,4,1,10
4511,2,-1729510898719762416,0,0,0,7,3,4,1,10
4512,2,8282904293887113806,0,0,0,7,1,4,1,10
4513,2,1058212521157744546,0,0,0,7,2,4,1,10
4514,2,-3296043615009361910,0,0,0,7,5,4,1,10
4515,2,-948546358985991470,0,1,1,6,1,3,1,10
4516,2,8213771690227321953,0,0,0,5,7,3,1,10
4517,2,3404568782455437980,0,0,0,5,4,3,1,10
4518,2,-3467268837247295900,0,0,0,7,2,4,1,10
4519,2,6819339969115883514,0,0,0,7,3,4,1,10
4520,2,-2691644880542046893,0,0,0,7,2,4,1,10
4521,2,-3146401059919149925,0,0,0,5,6,3,1,10
4522,2,-7662634911702574473,0,0,0,5,2,3,1,10
4523,2,-3085910328393207086,0,0,0,5,4,3,1,10
4524,2,-2379229398981475282,0,1,1,6,1,3,1,10
4525,2,5558245068308607184,0,1,1,8,4,4,1,10
4526,2,-52076772849572281,0,0,0,5,5,3,1,10
4527,2,6498946502024581910,0,1,1,6,4,3,1,10
4528,2,5072220397659612047,0,1,1,6,3,3,1,10
4529,2,-3264158940970700252,0,0,0,5,3,3,1,10
4530,2,9082933860291830956,0,0,0,5,4,3,1,10
4531,2,-3898082470769877130,0,1,1,6,2,3,1,10
4532,2,348798647986526248,0,0,0,7,4,4,1,10
4533,2,2284227899486696880,0,0,0,5,7,3,1,10
4534,2,-6314621120096591920,0,1,1,6,2,3,1,10
4535,2,5073985503318865943,0,1,1,6,1,3,1,10
4536,2,-812062288468689089,0,0,0,7,2,4,1,10
4537,2,-9102940175959165629,0,1,1,6,3,3,1,10
4538,2,7726185912758968245,0,1,1,6,1,3,1,10
4539,2,2395712545643389202,0,0,0,5,1,3,1,10
4540,2,-8005881501692068564,0,0,0,5,2,3,1,10
4541,2,5913179642671438304,0,0,0,3,9,2,1,10
4542,2,-3350809073696468819,0,1,1,6,2,3,1,10
4543,2,-9049610937736835852,0,0,0,5,5,3,1,10
4544,2,-396300524558398497,0,1,1,6,1,3,1,10
4545,2,9053652897051946556,0,0,0,5,7,3,1,10
4546,2,7411003383445174752,0,1,1,6,1,3,1,10
4547,2,774462292696364861,0,0,0,5,6,3,1,10
4548,2,-8299188628105946793,0,1,1,6,3,3,1,10
4549,2,4692825513027821892,0,1,1,6,1,3,1,10
4550,2,6221191845757453257,0,0,0,3,8,2,1,10
4551,2,-904464956917379359,0,0,0,5,4,3,1,10
4552,2,-4667397705400437204,0,1,1,6,2,3,1,10
4553,2,-8501737476472432491,0,0,0,5,4,3,1,10
4554,2,-8704293333181935943,0,0,0,5,1,3,1,10
4555,2,-5118024160955125558,0,1,1,6,1,3,1,10
4556,2,1999459015133467654,0,0,0,5,4,3,1,10
4557,2,8868380327192204035,0,1,1,6,1,3,1,10
4558,2,2622989075152312659,0,0,0,7,2,4,1,10
4559,2,3733107449745355347,0,1,1,6,1,3,1,10
4560,2,-6977702338126883805,0,0,0,7,1,4,1,10
4561,2,7776717398355172115,0,0,0,5,5,3,1,10
4562,2,3297991829635692302,0,1,1,4,3,2,1,10
4563,2,2143169727174163406,0,1,1,6,3,3,1,10
4564,2,-1336070968624306731,0,0,0,5,6,3,1,10
4565,2,6602036647741917568,0,1,1,6,2,3,1,10
4566,2,-1441683131092937033,0,0,0,5,8,3,1,10
4567,2,7396026370365010688,0,0,0,5,7,3,1,10
4568,2,7204153421872198914,0,0,0,5,5,3,1,10
4569,2,3911276981238126521,0,0,0,5,5,3,1,10
4570,2,7113983966600861932,0,0,0,7,3,4,1,10
4571,2,7484392152801998240,0,0,0,5,5,3,1,10
4572,2,4093044804332087458,0,1,1,6,2,3,1,10
4573,2,9082865801249751649,0,1,1,4,6,2,1,10
4574,2,2774710799416194721,0,1,1,4,3,2,1,10
4575,2,-443741310103428133,0,0,0,7,3,4,1,10
4576,2,-8858937957177708219,0,1,1,6,2,3,1,10
4577,2,-2302864098459747378,0,1,1,8,3,4,1,10
4578,2,5645554163729479583,0,1,1,8,1,4,1,10
4579,2,-6095703014450709805,0,0,0,5,1,3,1,10
4580,2,5634446138658105227,0,0,0,5,7,3,1,10
4581,2,-144712013684674932,0,0,0,7,6,4,1,10
4582,2,-7843874181636278016,0,1,1,6,1,3,1,10
4583,2,-2382415358001332453,0,0,0,5,5,3,1,10
4584,2,6952622952787622569,0,0,0,7,1,4,1,10
4585,2,4450609294186581975,0,1,1,8,2,4,1,10
4586,2,1244529907876676533,0,1,1,4,5,2,1,10
4587,2,6732769016723224381,0,0,0,5,5,3,1,10
4588,2,1388466876889247466,0,0,0,5,4,3,1,10
4589,2,-4612420989446045148,0,0,0,5,3,3,1,10
4590,2,-8430195069444410624,0,0,0,7,1,4,1,10
4591,2,287455914334795316,0,0,0,5,6,3,1,10
4592,2,-2475835405443683284,0,0,0,5,2,3,1,10
4593,2,-5229969747665320040,0,1,1,8,1,4,1,10
4594,2,8983413375209761530,0,1,1,8,1,4,1,10
4595,2,-8333841491632212494,0,0,0,7,1,4,1,10
4596,2,-527060152939013025,0,0,0,7,2,4,1,10
4597,2,4238453760223233167,0,0,0,5,3,3,1,10
4598,2,-3632490047325298930,0,1,1,10,1,5,1,10
4599,2,1550416259789685211,0,0,0,5,4,3,1,10
4600,2,3057283512066988554,0,1,1,6,6,3,1,10
4601,2,6014635620123398679,0,1,1,6,1,3,1,10
4602,2,7732514822930524284,0,0,0,9,2,5,1,10
4603,2,-171003034036244152,0,0,0,5,6,3,1,10
4604,2,4255710372893798086,0,0,0,7,6,4,1,10
4605,2,8832845697821761650,0,1,1,4,6,2,1,10
4606,2,-6438253962714600233,0,0,0,3,5,2,1,10
4607,2,-3283687363360984570,0,0,0,5,5,3,1,10
4608,2,-8922446610459057728,0,1,1,6,3,3,1,10
4609,2,-1137175606061192808,0,1,1,6,3,3,1,10
4610,2,-4863744750989781881,0,1,1,6,1,3,1,10
4611,2,-7335009712852933932,0,0,0,7,1,4,1,10
4612,2,-9220162485069048261,0,1,1,6,1,3,1,10
4613,2,6235967355422700466,0,0,0,5,4,3,1,10
4614,2,-8178839820170505912,0,1,1,6,1,3,1,10
4615,2,8861931383248862696,0,1,1,10,2,5,1,10
4616,2,4406500827000158732,0,1,1,4,4,2,1,10
4617,2,-4293193293689134176,0,0,0,7,1,4,1,10
4618,2,3598429392873223337,0,0,0,5,4,3,1,10
4619,2,-3295214377242061973,0,1,1,4,5,2,1,10
4620,2,2345356583275971612,0,0,0,7,2,4,1,10
4621,2,1352470285754015604,0,0,0,3,8,2,1,10
4622,2,-6512276031972993394,0,1,1,6,2,3,1,10
4623,2,2575683207392056312,0,0,0,5,5,3,1,10
4624,2,8051057563013022442,0,0,0,7,2,4,1,10
4625,2,-9212064823978835723,0,0,0,5,4,3,1,10
4626,2,-5661861691009201233,0,1,1,6,1,3,1,10
4627,2,-2189367002443683039,0,0,0,5,4,3,1,10
4628,2,-5685671474415486201,0,0,0,5,4,3,1,10
4629,2,-1836838547979462627,0,1,1,6,5,3,1,10
4630,2,-5996050385928950761,0,0,0,5,4,3,1,10
4631,2,-751495389661419030,0,0,0,7,1,4,1,10
4632,2,1167005446393288087,0,0,0,5,2,3,1,10
4633,2,-6414332035133456996,0,0,0,7,3,4,1,10
4634,2,-6088355414583694939,0,0,0,7,2,4,1,10
4635,2,2127416507218100556,0,0,0,5,5,3,1,10
4636,2,-7398464362921795882,0,0,0,7,1,4,1,10
4637,2,2329931016919151954,0,0,0,5,3,3,1,10
4638,2,6516353780570977934,0,0,0,5,3,3,1,10
4639,2,-6657189536538850124,0,1,1,6,2,3,1,10
4640,2,5633924726786610321,0,0,0,5,2,3,1,10
4641,2,-264267487050768168,0,0,0,5,5,3,1,10
4642,2,-6343138096139928615,0,1,1,6,4,3,1,10
4643,2,-5395058413673714559,0,1,1,6,2,3,1,10
4644,2,-3773263708711598935,0,0,0,5,6,3,1,10
4645,2,-2228999869242867208,0,0,0,5,7,3,1,10
4646,2,3352605400110948322,0,0,0,5,2,3,1,10
4647,2,-6893962624959483767,0,0,0,7,3,4,1,10
4648,2,8559444061959142292,0,1,1,6,3,3,1,10
4649,2,1959394239877319985,0,0,0,5,1,3,1,10
4650,2,4125848018672917719,0,0,0,3,5,2,1,10
4651,2,-8263347643581263212,0,1,1,8,2,4,1,10
4652,2,-1299974607735586084,0,0,0,5,5,3,1,10
4653,2,-6452507939789960140,0,0,0,5,3,3,1,10
4654,2,2722872952959674174,0,0,0,5,1,3,1,10
4655,2,-2701830490691747616,0,1,1,6,2,3,1,10
4656,2,-4017491149832278115,0,0,0,7,3,4,1,10
4657,2,-7923276058726117271,0,0,0,5,3,3,1,10
4658,2,-2900430191481985939,0,0,0,5,2,3,1,10
4659,2,2390013642129012891,0,0,0,5,5,3,1,10
4660,2,-8885301023018876661,0,0,0,7,1,4,1,10
4661,2,2206342832899306859,0,0,0,5,3,3,1,10
4662,2,-1348005360414363375,0,0,0,5,2,3,1,10
4663,2,815485447340634220,0,0,0,5,4,3,1,10
4664,2,-1703858248763240726,0,0,0,7,5,4,1,10
4665,2,2022163796178514824,0,0,0,5,1,3,1,10
4666,2,7346472945300912040,0,1,1,6,4,3,1,10
4667,2,-8083360519729769749,0,0,0,9,1,5,1,10
4668,2,-1098851606204233708,0,0,0,9,1,5,1,10
4669,2,-196305447095418302,0,0,0,5,6,3,1,10
4670,2,8609847116114777862,0,0,0,3,5,2,1,10
4671,2,-2422757585120229083,0,0,0,5,4,3,1,10
4672,2,-1265121251593338633,0,0,0,9,1,5,1,10
4673,2,-3415294801574819120,0,0,0,5,7,3,1,10
4674,2,6815288322813090004,0,0,0,7,3,4,1,10
4675,2,4682167959708472601,0,1,1,6,2,3,1,10
4676,2,5892810459571474964,0,0,0,7,2,4,1,10
4677,2,-3768423362378110306,0,0,0,5,6,3,1,10
4678,2,1410140407911462924,0,1,1,6,2,3,1,10
4679,2,8993932262399278141,0,1,1,6,3,3,1,10
4680,2,3605608230851413633,0,1,1,6,2,3,1,10
4681,2,7055743710534190536,0,0,0,7,2,4,1,10
4682,2,-1332323374808942721,0,0,0,7,4,4,1,10
4683,2,-3974985951113592327,0,0,0,5,6,3,1,10
4684,2,-7098232332129019288,0,1,1,6,1,3,1,10
4685,2,-1405770957033166429,0,1,1,4,3,2,1,10
4686,2,7515130872325867599,0,0,0,5,1,3,1,10
4687,2,4926733097760748074,0,0,0,5,4,3,1,10
4688,2,5703159924720912774,0,0,0,7,4,4,1,10
4689,2,-4311096994697003211,0,1,1,4,3,2,1,10
4690,2,8404747231618842741,0,1,1,8,4,4,1,10
4691,2,-824025839350563935,0,0,0,5,4,3,1,10
4692,2,9018629188278398381,0,0,0,5,5,3,1,10
4693,2,5480244804990864824,0,0,0,5,3,3,1,10
4694,2,-927588941024157380,0,1,1,4,6,2,1,10
4695,2,-5512164119009699166,0,1,1,8,1,4,1,10
4696,2,1238790563276811586,0,0,0,5,3,3,1,10
4697,2,-3047782187493389029,0,0,0,7,6,4,1,10
4698,2,4441311348562210244,0,1,1,6,2,3,1,10
4699,2,2903745421731713894,0,0,0,5,2,3,1,10
4700,2,-4451175394396931649,0,0,0,5,5,3,1,10
4701,2,8567698693762975872,0,1,1,6,1,3,1,10
4702,2,-1381406972585373312,0,0,0,7,2,4,1,10
4703,2,-3206054661257855847,0,0,0,5,6,3,1,10
4704,2,3860470038209306162,0,0,0,9,5,5,1,10
4705,2,-2193148424064118593,0,0,0,5,4,3,1,10
4706,2,6454343825536276152,0,0,0,7,4,4,1,10
4707,2,8621008729220995548,0,1,1,6,3,3,1,10
4708,2,-9000411917932192323,0,1,1,8,2,4,1,10
4709,2,1057858812745268962,0,1,1,6,3,3,1,10
4710,2,-5447328137169277688,0,0,0,9,3,5,1,10
4711,2,-6221434194409798076,0,1,1,4,6,2,1,10
4712,2,3955558051421463060,0,0,0,5,3,3,1,10
4713,2,1535646357619967655,0,1,1,8,4,4,1,10
4714,2,-1192228144982294561,0,0,0,5,4,3,1,10
4715,2,2427647949303770841,0,0,0,5,4,3,1,10
4716,2,3531279066719287810,0,0,0,7,3,4,1,10
4717,2,-2955236072327489278,0,1,1,6,4,3,1,10
4718,2,2410049515616378113,0,1,1,4,4,2,1,10
4719,2,8673856976662502680,0,1,1,4,4,2,1,10
4720,2,-7941156326897965084,0,0,0,5,4,3,1,10
4721,2,4833469902836192920,0,0,0,9,2,5,1,10
4722,2,8837157527427361542,0,1,1,6,7,3,1,10
4723,2,6454477319823053170,0,0,0,5,4,3,1,10
4724,2,4043248592904208428,0,1,1,6,1,3,1,10
4725,2,-3247340730168094140,0,1,1,6,2,3,1,10
4726,2,6837330329834696665,0,0,0,5,3,3,1,10
4727,2,-2784071305759347253,0,1,1,4,4,2,1,10
4728,2,3779909898735359967,0,1,1,6,6,3,1,10
4729,2,-8582108014560189547,0,0,0,5,3,3,1,10
4730,2,-5033491638767130823,0,0,0,7,2,4,1,10
4731,2,-8899090629261611013,0,0,0,7,6,4,1,10
4732,2,-385944036584766696,0,1,1,6,1,3,1,10
4733,2,3205665927993805134,0,0,0,9,1,5,1,10
4734,2,3395031883687405883,0,0,0,5,2,3,1,10
4735,2,-444363213489423280,0,1,1,6,1,3,1,10
4736,2,701518439758848899,0,1,1,6,3,3,1,10
4737,2,-5309823863897711642,0,0,0,7,1,4,1,10
4738,2,5897875397100380358,0,1,1,6,1,3,1,10
4739,2,6220748316082337802,0,0,0,9,1,5,1,10
4740,2,4053574319023343330,0,0,0,7,3,4,1,10
4741,2,-2408439671966216186,0,1,1,6,3,3,1,10
4742,2,-5007840973072412139,0,0,0,5,5,3,1,10
4743,2,-9102295770110692386,0,0,0,3,7,2,1,10
4744,2,-3391793488890800756,0,0,0,5,6,3,1,10
4745,2,-8559646303804978931,0,0,0,5,3,3,1,10
4746,2,6814927858659488057,0,0,0,5,1,3,1,10
4747,2,8478264000263005812,0,1,1,6,5,3,1,10
4748,2,3637370423494856937,0,0,0,5,6,3,1,10
4749,2,6554155306381491087,0,1,1,6,4,3,1,10
4750,2,5282460066691057813,0,0,0,5,6,3,1,10
4751,2,-1245933930050930967,0,1,1,6,5,3,1,10
4752,2,-5534253996534734345,0,0,0,5,6,3,1,10
4753,2,1944387450237788114,0,0,0,5,6,3,1,10
4754,2,9085232658313899872,0,1,1,6,3,3,1,10
4755,2,-8040223667646556338,0,0,0,5,4,3,1,10
4756,2,2258686240335689672,0,0,0,7,1,4,1,10
4757,2,-6567909653684784049,0,0,0,7,5,4,1,10
4758,2,-8503570892007567322,0,1,1,8,1,4,1,10
4759,2,7844610650369322791,0,1,1,6,4,3,1,10
4760,2,5160076153970324994,0,0,0,7,2,4,1,10
4761,2,1649867159560130615,0,0,0,5,7,3,1,10
4762,2,859520256996081479,0,0,0,9,1,5,1,10
4763,2,719997728832280044,0,1,1,8,3,4,1,10
4764,2,-4962637289850883235,0,0,0,5,8,3,1,10
4765,2,-7396944363526961684,0,0,0,5,7,3,1,10
4766,2,4963406687954788727,0,1,1,6,1,3,1,10
4767,2,8393658885454552459,0,0,0,5,5,3,1,10
4768,2,-659106704868161495,0,1,1,6,1,3,1,10
4769,2,-7871871772422531709,0,0,0,5,1,3,1,10
4770,2,-7765356273205108164,0,0,0,3,6,2,1,10
4771,2,-6064307102545187612,0,0,0,5,5,3,1,10
4772,2,737893365716921541,0,0,0,5,1,3,1,10
4773,2,6813700885540548425,0,1,1,8,2,4,1,10
4774,2,-7040875296971261324,0,1,1,8,2,4,1,10
4775,2,-5220112888619799988,0,0,0,7,2,4,1,10
4776,2,-1185095473039398871,0,0,0,5,3,3,1,10
4777,2,-6713439642185513413,0,0,0,5,4,3,1,10
4778,2,-4803466053731924276,0,0,0,7,5,4,1,10
4779,2,119502955310233099,0,0,0,7,5,4,1,10
4780,2,-7187423802362392995,0,0,0,7,5,4,1,10
4781,2,3643904956652532364,0,0,0,7,2,4,1,10
4782,2,5184789394522484297,0,1,1,6,3,3,1,10
4783,2,2810246249488020702,0,0,0,5,7,3,1,10
4784,2,2036604203239165696,0,0,0,5,5,3,1,10
4785,2,147720298326909987,0,0,0,5,8,3,1,10
4786,2,2978812720012662979,0,0,0,5,4,3,1,10
4787,2,5334287106579540597,0,1,1,4,5,2,1,10
4788,2,-2227467942910045246,0,0,0,7,3,4,1,10
4789,2,1377631257468740890,0,0,0,5,6,3,1,10
4790,2,4822235765924754789,0,0,0,5,7,3,1,10
4791,2,1798954928809976822,0,1,1,8,2,4,1,10
4792,2,-3741559573388448023,0,0,0,5,2,3,1,10
4793,2,7453780796349164608,0,1,1,6,2,3,1,10
4794,2,1190923572047696175,0,0,0,7,4,4,1,10
4795,2,2637456838342521464,0,1,1,6,2,3,1,10
4796,2,7011745095018879440,0,0,0,7,2,4,1,10
4797,2,-643393322997612648,0,0,0,5,6,3,1,10
4798,2,1354386839122132340,0,0,0,5,5,3,1,10
4799,2,-2800091804015741559,0,1,1,8,3,4,1,10
4800,2,-80724804202577052,0,0,0,5,2,3,1,10
4801,2,7052349357684500184,0,0,0,7,1,4,1,10
4802,2,-7658906273423554980,0,1,1,6,1,3,1,10
4803,2,7407165273662289321,0,0,0,7,1,4,1,10
4804,2,-1542990289961881947,0,0,0,7,3,4,1,10
4805,2,-7879906092101358101,0,1,1,8,4,4,1,10
4806,2,-8979915612102706845,0,0,0,3,7,2,1,10
4807,2,3176254989977669325,0,1,1,8,1,4,1,10
4808,2,-8771991959646838485,0,0,0,7,5,4,1,10
4809,2,-3241415252451395729,0,0,0,5,8,3,1,10
4810,2,1544382782731484120,0,1,1,8,3,4,1,10
4811,2,-4612147211380512036,0,1,1,6,2,3,1,10
4812,2,93472631812366751,0,0,0,5,3,3,1,10
4813,2,-2348936318010269896,0,0,0,3,9,2,1,10
4814,2,7040782792118055263,0,1,1,6,1,3,1,10
4815,2,-8175559043283039179,0,0,0,7,3,4,1,10
4816,2,7786032079042774589,0,1,1,8,5,4,1,10
4817,2,7106737101789310155,0,0,0,7,5,4,1,10
4818,2,-1075728688335818128,0,0,0,5,5,3,1,10
4819,2,1605497241076787240,0,1,1,4,8,2,1,10
4820,2,2899936669647704921,0,1,1,6,2,3,1,10
4821,2,-2232728629425121820,0,1,1,8,1,4,1,10
4822,2,-3927526335285046570,0,0,0,9,1,5,1,10
4823,2,4168675845258350968,0,0,0,5,3,3,1,10
4824,2,5727603103096318422,0,1,1,8,1,4,1,10
4825,2,-9004773100710031120,0,1,1,6,2,3,1,10
4826,2,-7577421878283208656,0,0,0,5,3,3,1,10
4827,2,-4274695413568671008,0,0,0,5,3,3,1,10
4828,2,-3491619894057794128,0,1,1,4,2,2,1,10
4829,2,6902077682026788756,0,0,0,5,3,3,1,10
4830,2,-1735598376984739725,0,0,0,7,1,4,1,10
4831,2,3910916052217387402,0,1,1,4,4,2,1,10
4832,2,-6193908125351867276,0,0,0,5,3,3,1,10
4833,2,-2309869730743092956,0,1,1,8,2,4,1,10
4834,2,-4058141494888253338,0,0,0,5,4,3,1,10
4835,2,2586489100113022873,0,0,0,7,4,4,1,10
4836,2,-314537484233446461,0,1,1,6,5,3,1,10
4837,2,-7930550824280105684,0,0,0,7,3,4,1,10
4838,2,6113173314663326244,0,1,1,6,1,3,1,10
4839,2,317086818783364769,0,0,0,9,2,5,1,10
4840,2,3235083806798219219,0,0,0,5,5,3,1,10
4841,2,5799212062587033067,0,1,1,8,1,4,1,10
4842,2,6631235636147506078,0,0,0,5,6,3,1,10
4843,2,476530716965360169,0,1,1,4,5,2,1,10
4844,2,-761038434372273683,0,0,0,5,5,3,1,10
4845,2,-1391441180278349101,0,0,0,7,5,4,1,10
4846,2,7163936371385529623,0,0,0,3,8,2,1,10
4847,2,-6445481405541813712,0,0,0,5,3,3,1,10
4848,2,-6339445273224651024,0,0,0,7,1,4,1,10
4849,2,-6521301236075117813,0,0,0,5,2,3,1,10
4850,2,611094734295009190,0,1,1,8,1,4,1,10
4851,2,1315954391301156261,0,1,1,6,5,3,1,10
4852,2,-7735067156724632115,0,0,0,5,1,3,1,10
4853,2,-7635134465550764051,0,0,0,5,8,3,1,10
4854,2,798971962657856439,0,0,0,5,4,3,1,10
4855,2,1383533000907898094,0,1,1,8,1,4,1,10
4856,2,3166221893209427465,0,0,0,7,2,4,1,10
4857,2,-1356813851856251000,0,0,0,3,7,2,1,10
4858,2,-2062756184541278326,0,1,1,8,4,4,1,10
4859,2,2113343612153594978,0,0,0,5,4,3,1,10
4860,2,-778322841803012546,0,0,0,5,4,3,1,10
4861,2,3487393877544759071,0,1,1,6,6,3,1,10
4862,2,5326659701443538355,0,0,0,7,3,4,1,10
4863,2,6442686020352581327,0,0,0,7,3,4,1,10
4864,2,6275628277835799193,0,0,0,5,1,3,1,10
4865,2,347738813425546663,0,0,0,5,7,3,1,10
4866,2,-6037586217895894120,0,1,1,6,3,3,1,10
4867,2,-275923807867832331,0,0,0,7,3,4,1,10
4868,2,-6284737761413840034,0,1,1,8,4,4,1,10
4869,2,-511255581798658483,0,0,0,5,6,3,1,10
4870,2,2408483202737440758,0,1,1,6,3,3,1,10
4871,2,20255559581972232,0,0,0,5,1,3,1,10
4872,2,-9383704344894624,0,1,1,6,5,3,1,10
4873,2,-7921497051088364818,0,0,0,5,2,3,1,10
4874,2,1586514447318298973,0,1,1,6,4,3,1,10
4875,2,7303539418680637746,0,0,0,3,8,2,1,10
4876,2,-5359063093527820663,0,1,1,8,3,4,1,10
4877,2,8183951760486768286,0,1,1,6,4,3,1,10
4878,2,-8165640397251142481,0,0,0,5,8,3,1,10
4879,2,7668341174674054158,0,0,0,5,3,3,1,10
4880,2,-6032694225040773032,0,0,0,7,3,4,1,10
4881,2,-4889458838971404254,0,0,0,5,3,3,1,10
4882,2,-7669852774021586011,0,1,1,4,7,2,1,10
4883,2,-2989476406264195026,0,0,0,5,5,3,1,10
4884,2,-912604482860123554,0,0,0,5,4,3,1,10
4885,2,1165069046197927029,0,0,0,5,4,3,1,10
4886,2,2226869052168471370,0,0,0,7,2,4,1,10
4887,2,5074373972143500183,0,0,0,9,5,5,1,10
4888,2,-8629253443204562240,0,1,1,8,3,4,1,10
4889,2,4510957173203130695,0,0,0,3,6,2,1,10
4890,2,8392907187921154686,0,0,0,7,1,4,1,10
4891,2,-6723915787590396864,0,0,0,5,2,3,1,10
4892,2,-7575141277294335304,0,0,0,7,3,4,1,10
4893,2,-6136008324683470983,0,0,0,5,4,3,1,10
4894,2,100366529179551860,0,1,1,6,2,3,1,10
4895,2,6151402191644039831,0,0,0,5,6,3,1,10
4896,2,-3779129942157744876,0,1,1,6,5,3,1,10
4897,2,-5895727250851740254,0,0,0,7,1,4,1,10
4898,2,3046674274181346100,0,0,0,5,6,3,1,10
4899,2,-7837473147583452165,0,1,1,6,4,3,1,10
4900,2,-91538517965876043,0,1,1,4,6,2,1,10
4901,2,-7235764474205875571,0,1,1,4,4,2,1,10
4902,2,-5199218322273468902,0,0,0,7,3,4,1,10
4903,2,1177649476535403843,0,0,0,5,2,3,1,10
4904,2,-4579670433124517102,0,0,0,7,1,4,1,10
4905,2,648240737082032057,0,1,1,6,2,3,1,10
4906,2,4343447650372806741,0,1,1,6,4,3,1,10
4907,2,-4308590766539625163,0,0,0,5,5,3,1,10
4908,2,1166172737723627187,0,0,0,5,4,3,1,10
4909,2,-3216862547834817576,0,0,0,5,3,3,1,10
4910,2,-4172443947555878039,0,0,0,7,3,4,1,10
4911,2,-723404788157792496,0,0,0,5,6,3,1,10
4912,2,-2606286179010899530,0,0,0,7,1,4,1,10
4913,2,-1514684993947091632,0,0,0,7,2,4,1,10
4914,2,2690598472679707053,0,1,1,4,5,2,1,10
4915,2,-6537460857314409213,0,0,0,5,4,3,1,10
4916,2,-5279241025590042548,0,1,1,6,5,3,1,10
4917,2,6203214585241277629,0,1,1,6,6,3,1,10
4918,2,159686887126367438,0,1,1,6,1,3,1,10
4919,2,-8581345461870812493,0,1,1,6,5,3,1,10
4920,2,-7481624706385940675,0,0,0,5,3,3,1,10
4921,2,-30297275028754579,0,0,0,9,1,5,1,10
4922,2,475770257234345034,0,0,0,7,2,4,1,10
4923,2,5198794021674258361,0,0,0,9,4,5,1,10
4924,2,6244899919159968352,0,0,0,7,1,4,1,10
4925,2,-2856894716121800222,0,0,0,5,3,3,1,10
4926,2,7352092163977745398,0,0,0,5,2,3,1,10
4927,2,5225359065504850466,0,1,1,6,1,3,1,10
4928,2,286706065750172452,0,0,0,5,2,3,1,10
4929,2,-8521872579014536620,0,1,1,6,2,3,1,10
4930,2,2452555701672317561,0,0,0,5,2,3,1,10
4931,2,7315368837731739885,0,0,0,3,7,2,1,10
4932,2,4880947357679206155,0,1,1,6,1,3,1,10
4933,2,8637640938382555948,0,1,1,6,3,3,1,10
4934,2,-9006778892405745714,0,0,0,5,2,3,1,10
4935,2,3193511670506772112,0,1,1,8,2,4,1,10
4936,2,3816498469503112745,0,0,0,7,3,4,1,10
4937,2,1953647712833207690,0,1,1,8,3,4,1,10
4938,2,6910925752411843526,0,0,0,5,3,3,1,10
4939,2,-4501141371434452108,0,1,1,6,6,3,1,10
4940,2,-8283590786858436183,0,1,1,4,1,2,1,10
4941,2,-4053805655906057279,0,0,0,5,4,3,1,10
4942,2,-465806485414648700,0,0,0,5,5,3,1,10
4943,2,7757773176873488500,0,0,0,5,2,3,1,10
4944,2,1212827566753143368,0,0,0,3,5,2,1,10
4945,2,-3198991557598088234,0,1,1,10,1,5,1,10
4946,2,6927840492396600575,0,1,1,6,1,3,1,10
4947,2,-2828589738850905758,0,0,0,3,8,2,1,10
4948,2,-5837651109396633896,0,0,0,7,5,4,1,10
4949,2,-6236148555502996988,0,0,0,3,6,2,1,10
4950,2,-7737629098956113021,0,0,0,7,3,4,1,10
4951,2,-7328402486721566846,0,1,1,4,6,2,1,10
4952,2,2068208906493328063,0,0,0,7,5,4,1,10
4953,2,-4460038445076270278,0,0,0,5,3,3,1,10
4954,2,-2841586488433063888,0,1,1,12,1,6,1,10
4955,2,-99183350771047411,0,1,1,6,4,3,1,10
4956,2,-258518838167315339,0,1,1,8,3,4,1,10
4957,2,-6076492946496135269,0,1,1,4,2,2,1,10
4958,2,-1518615602346617990,0,0,0,7,7,4,1,10
4959,2,7135321500051196592,0,1,1,6,1,3,1,10
4960,2,4913655718717049865,0,1,1,8,2,4,1,10
4961,2,4577940987654653181,0,0,0,5,5,3,1,10
4962,2,4686431369506106535,0,0,0,7,4,4,1,10
4963,2,6236785660249484298,0,1,1,6,3,3,1,10
4964,2,-3468359689341640291,0,1,1,6,3,3,1,10
4965,2,-1746916865910040213,0,1,1,8,1,4,1,10
4966,2,-6467034427922896812,0,1,1,6,4,3,1,10
4967,2,7587721520521236529,0,1,1,6,2,3,1,10
4968,2,-3955054140325250074,0,0,0,5,8,3,1,10
4969,2,6711204383273389475,0,0,0,5,4,3,1,10
4970,2,1044019188837807856,0,1,1,4,6,2,1,10
4971,2,5790188090556461358,0,1,1,6,1,3,1,10
4972,2,-3025922862253785427,0,1,1,6,1,3,1,10
4973,2,-7559264425661829223,0,0,0,9,1,5,1,10
4974,2,-3287743212537279680,0,0,0,5,7,3,1,10
4975,2,1940423809748239740,0,0,0,5,2,3,1,10
4976,2,-3686649325377904304,0,1,1,6,4,3,1,10
4977,2,-4679176619736621838,0,0,0,7,1,4,1,10
4978,2,-156212797813337894,0,0,0,5,2,3,1,10
4979,2,-7974831299697649011,0,0,0,7,2,4,1,10
4980,2,154703785293925697,0,0,0,7,3,4,1,10
4981,2,-2799029206050585206,0,1,1,6,4,3,1,10
4982,2,-3150495856305802583,0,1,1,6,2,3,1,10
4983,2,8841596844950191941,0,0,0,5,7,3,1,10
4984,2,2614323295306878086,0,0,0,5,6,3,1,10
4985,2,8948102181932760559,0,0,0,7,4,4,1,10
4986,2,3442436459345572207,0,0,0,7,1,4,1,10
4987,2,8271737488782474877,0,0,0,5,4,3,1,10
4988,2,-147956121700890568,0,1,1,4,4,2,1,10
4989,2,7158142412470297059,0,1,1,6,2,3,1,10
4990,2,-1527747286827267522,0,1,1,8,6,4,1,10
4991,2,3249826629912979841,0,0,0,5,7,3,1,10
4992,2,7460723141225715460,0,1,1,6,3,3,1,10
4993,2,-2581518437983254819,0,0,0,5,7,3,1,10
4994,2,1622066195810938110,0,0,0,5,3,3,1,10
4995,2,9163959810080715411,0,1,1,8,2,4,1,10
4996,2,2683378887405067181,0,1,1,8,1,4,1,10
4997,2,1410365442187624073,0,1,1,8,3,4,1,10
4998,2,6458503971860693739,0,1,1,6,1,3,1,10
4999,2,5764018118263068518,0,1,1,8,1,4,1,10
5000,2,7937678444978451335,0,1,1,6,2,3,1,10
5001,2,930714081322117444,0,0,0,11,2,6,1,10
5002,2,8526182245430166804,0,0,0,5,7,3,1,10
5003,2,-7596663668634510429,0,0,0,7,1,4,1,10
5004,2,6845523697264194814,0,0,0,7,2,4,1,10
5005,2,-7012357215985297247,0,0,0,5,1,3,1,10
5006,2,-6936089782546652451,0,1,1,6,4,3,1,10
5007,2,-1848494374678621337,0,0,0,5,3,3,1,10
5008,2,-6265149239706190323,0,1,1,6,4,3,1,10
5009,2,2888393795912253926,0,1,1,6,7,3,1,10
5010,2,-428116294437275522,0,1,1,6,2,3,1,10
5011,2,-6638321312318341693,0,0,0,5,4,3,1,10
5012,2,7238814675793646280,0,0,0,5,2,3,1,10
5013,2,-3204035651726458737,0,0,0,7,1,4,1,10
5014,2,6498231125222397313,0,1,1,6,4,3,1,10
5015,2,-2235715970220757189,0,0,0,9,2,5,1,10
5016,2,797271992622287826,0,1,1,6,2,3,1,10
5017,2,2454230482833369290,0,0,0,5,1,3,1,10
5018,2,2053016372859654984,0,0,0,7,4,4,1,10
5019,2,818074394705136712,0,0,0,7,2,4,1,10
5020,2,5140859246485787879,0,1,1,8,1,4,1,10
5021,2,3165010025597708794,0,0,0,5,1,3,1,10
5022,2,-5457846575330477180,0,1,1,6,3,3,1,10
5023,2,955659920899904470,0,0,0,5,4,3,1,10
5024,2,8152961048177621844,0,0,0,5,1,3,1,10
5025,2,8868917016769642805,0,0,0,5,3,3,1,10
5026,2,7464957167216672447,0,1,1,4,1,2,1,10
5027,2,4310173091320265158,0,1,1,8,3,4,1,10
5028,2,5208282058451553402,0,0,0,5,8,3,1,10
5029,2,-6611458519986521146,0,0,0,5,3,3,1,10
5030,2,-8781583162655720748,0,1,1,8,1,4,1,10
5031,2,8283397848018112877,0,0,0,5,6,3,1,10
5032,2,-4957208417980447665,0,0,0,3,5,2,1,10
5033,2,-3770482011042920021,0,0,0,7,3,4,1,10
5034,2,5382678488945283441,0,0,0,7,3,4,1,10
5035,2,810086921768519700,0,0,0,5,4,3,1,10
5036,2,5643132774581767132,0,1,1,6,4,3,1,10
5037,2,1364765642698645527,0,1,1,6,6,3,1,10
5038,2,-9022697884290773348,0,1,1,6,5,3,1,10
5039,2,-1591014435905867914,0,0,0,5,8,3,1,10
5040,2,474422179715303360,0,0,0,7,2,4,1,10
5041,2,-8838798075428983823,0,1,1,6,1,3,1,10
5042,2,613569399735607083,0,0,0,7,3,4,1,10
5043,2,-4038931573159602108,0,0,0,7,3,4,1,10
5044,2,-8027693327668545877,0,0,0,5,4,3,1,10
5045,2,8694709851185435732,0,0,0,5,4,3,1,10
5046,2,1613099853641766730,0,1,1,6,3,3,1,10
5047,2,-1084510904460706652,0,0,0,5,2,3,1,10
5048,2,-4959701584577585180,0,0,0,5,4,3,1,10
5049,2,-9187520042713084659,0,0,0,5,5,3,1,10
5050,2,9085385268200917241,0,0,0,5,7,3,1,10
5051,2,2829327344578132654,0,1,1,6,4,3,1,10
5052,2,4840247440722334148,0,0,0,5,3,3,1,10
5053,2,163912847521216800,0,1,1,8,3,4,1,10
5054,2,-3023386526116435316,0,1,1,6,2,3,1,10
5055,2,1049785053104807662,0,0,0,5,5,3,1,10
5056,2,6640720621717467193,0,0,0,7,3,4,1,10
5057,2,3511609755539266884,0,0,0,5,4,3,1,10
5058,2,-4352104624303911639,0,0,0,7,4,4,1,10
5059,2,8843545575859044069,0,1,1,6,4,3,1,10
5060,2,6338750133228671812,0,0,0,5,4,3,1,10
5061,2,-5364412294249864606,0,0,0,5,2,3,1,10
5062,2,-6777474119578098867,0,0,0,7,5,4,1,10
5063,2,4962221669804336008,0,0,0,5,6,3,1,10
5064,2,5580709393794790779,0,0,0,5,8,3,1,10
5065,2,-7475324197175613414,0,0,0,5,3,3,1,10
5066,2,-1720355107206867128,0,1,1,6,2,3,1,10
5067,2,-3113200092566273089,0,0,0,7,1,4,1,10
5068,2,-6567612848139865465,0,1,1,8,1,4,1,10
5069,2,122307328906553149,0,0,0,5,4,3,1,10
5070,2,-2673200637454880324,0,0,0,7,2,4,1,10
5071,2,7013100064699289319,0,0,0,7,1,4,1,10
5072,2,-94965138724252249,0,0,0,5,1,3,1,10
5073,2,6029633010907964500,0,0,0,7,1,4,1,10
5074,2,5273403319886762018,0,1,1,4,4,2,1,10
5075,2,436823894165325649,0,0,0,5,2,3,1,10
5076,2,-6972995769518036,0,0,0,7,2,4,1,10
5077,2,-6011098252291182056,0,0,0,7,5,4,1,10
5078,2,5496078138034498372,0,0,0,5,2,3,1,10
5079,2,3581470514738916545,0,1,1,6,2,3,1,10
5080,2,3237466408996122619,0,1,1,6,6,3,1,10
5081,2,6269035439649145848,0,0,0,5,5,3,1,10
5082,2,5135784431686938052,0,0,0,7,1,4,1,10
5083,2,-7205214720320915729,0,0,0,5,1,3,1,10
5084,2,2503482880114511374,0,0,0,5,8,3,1,10
5085,2,-3042545593171685226,0,1,1,6,5,3,1,10
5086,2,-6104924256286336364,0,0,0,5,1,3,1,10
5087,2,-1810296094192394231,0,0,0,7,5,4,1,10
5088,2,3170587407558946035,0,1,1,6,2,3,1,10
5089,2,3813758548985447498,0,0,0,7,2,4,1,10
5090,2,6358910691048620924,0,0,0,5,5,3,1,10
5091,2,5350252077910359855,0,0,0,7,5,4,1,10
5092,2,7356431304344325963,0,0,0,3,8,2,1,10
5093,2,602321223543767965,0,0,0,5,5,3,1,10
5094,2,-3696431587123245160,0,0,0,5,6,3,1,10
5095,2,3368984742611514102,0,0,0,5,4,3,1,10
5096,2,7523973450251505228,0,1,1,6,2,3,1,10
5097,2,677064726377971151,0,0,0,5,3,3,1,10
5098,2,-5145622545941507625,0,0,0,5,5,3,1,10
5099,2,7444734559399795686,0,0,0,5,6,3,1,10
5100,2,-6456127285723113408,0,1,1,6,2,3,1,10
5101,2,-7749871692956037293,0,0,0,7,3,4,1,10
5102,2,-1008580193400934531,0,1,1,4,2,2,1,10
5103,2,-3590930151140415748,0,1,1,8,1,4,1,10
5104,2,-7854198617075794172,0,1,1,8,1,4,1,10
5105,2,6946555029227942990,0,0,0,5,8,3,1,10
5106,2,4365643402072479393,0,0,0,7,6,4,1,10
5107,2,7345080542134626345,0,0,0,7,1,4,1,10
5108,2,-2113353939882322294,0,0,0,5,7,3,1,10
5109,2,-6230003157938156773,0,1,1,6,2,3,1,10
5110,2,-3545696794386971472,0,1,1,6,1,3,1,10
5111,2,-4338472164535679792,0,0,0,5,1,3,1,10
5112,2,2819756368767935319,0,0,0,5,5,3,1,10
5113,2,-5615133511743461687,0,0,0,7,5,4,1,10
5114,2,171313434508008680,0,0,0,5,7,3,1,10
5115,2,8346203698464370252,0,0,0,7,4,4,1,10
5116,2,7375897314639599878,0,1,1,6,3,3,1,10
5117,2,-1542558517459799653,0,1,1,6,1,3,1,10
5118,2,2862150794179153630,0,0,0,7,4,4,1,10
5119,2,4402246558280510568,0,0,0,5,4,3,1,10
5120,2,4368003247991498947,0,0,0,5,7,3,1,10
5121,2,5549797553138966407,0,0,0,5,6,3,1,10
5122,2,426485485376015609,0,0,0,5,2,3,1,10
5123,2,-6410110952654997531,0,1,1,6,3,3,1,10
5124,2,-8107125732802404400,0,0,0,5,6,3,1,10
5125,2,8421723942312145080,0,0,0,7,2,4,1,10
5126,2,3151486711740977908,0,0,0,5,2,3,1,10
5127,2,-1854204231991122697,0,0,0,9,3,5,1,10
5128,2,-3010121387354057213,0,1,1,6,3,3,1,10
5129,2,-4039811967936904179,0,0,0,7,3,4,1,10
5130,2,-2895953031842677664,0,1,1,6,4,3,1,10
5131,2,7117641125006450120,0,0,0,7,1,4,1,10
5132,2,-9090007655929369530,0,1,1,6,1,3,1,10
5133,2,-7883496131634333289,0,0,0,5,2,3,1,10
5134,2,-1674817069607523553,0,0,0,7,3,4,1,10
5135,2,6788709332008381684,0,0,0,5,6,3,1,10
5136,2,2150441878419725078,0,0,0,5,2,3,1,10
5137,2,6016489572452246815,0,1,1,6,4,3,1,10
5138,2,-574000202915791381,0,0,0,5,3,3,1,10
5139,2,-2541143068812322804,0,1,1,8,4,4,1,10
5140,2,6367105553277817093,0,1,1,6,3,3,1,10
5141,2,-7906315169252978531,0,0,0,7,3,4,1,10
5142,2,8986958165572327117,0,0,0,7,2,4,1,10
5143,2,-2917699659686819309,0,0,0,7,2,4,1,10
5144,2,4560055949135290681,0,1,1,8,4,4,1,10
5145,2,-8828692052898312510,0,0,0,7,2,4,1,10
5146,2,-7668999271087214170,0,0,0,5,7,3,1,10
5147,2,-1442248693661659644,0,1,1,8,1,4,1,10
5148,2,-6515819165136600598,0,0,0,7,2,4,1,10
5149,2,8929484699919768943,0,1,1,6,2,3,1,10
5150,2,-2016653880904430935,0,0,0,5,2,3,1,10
5151,2,3417071122630351178,0,0,0,5,3,3,1,10
5152,2,-3261913934505747737,0,1,1,6,4,3,1,10
5153,2,8515945755137300540,0,0,0,5,2,3,1,10
5154,2,-5482384581722123041,0,0,0,3,8,2,1,10
5155,2,-8477704691356555706,0,1,1,6,1,3,1,10
5156,2,6075587141742404626,0,0,0,9,2,5,1,10
5157,2,-7140279385470485774,0,0,0,7,3,4,1,10
5158,2,-8767805128990162782,0,0,0,7,7,4,1,10
5159,2,281774557202669260,0,0,0,7,1,4,1,10
5160,2,564330446555452383,0,0,0,5,2,3,1,10
5161,2,5267878317881635857,0,0,0,7,1,4,1,10
5162,2,-613899232840297950,0,0,0,7,3,4,1,10
5163,2,-5671520651693467994,0,1,1,6,5,3,1,10
5164,2,4140574350053613017,0,0,0,7,5,4,1,10
5165,2,2571823617727563595,0,0,0,5,2,3,1,10
5166,2,-2101085672852387869,0,0,0,5,7,3,1,10
5167,2,-7950695094486346224,0,1,1,6,2,3,1,10
5168,2,173714620304605470,0,0,0,5,5,3,1,10
5169,2,8782283932614721543,0,0,0,7,3,4,1,10
5170,2,-7358413874889617091,0,0,0,7,2,4,1,10
5171,2,8887694758233633850,0,0,0,5,4,3,1,10
5172,2,-1738920208765851938,0,1,1,6,6,3,1,10
5173,2,4916973722477016031,0,0,0,5,7,3,1,10
5174,2,-223838521615428389,0,0,0,5,5,3,1,10
5175,2,7143287243917590986,0,0,0,5,2,3,1,10
5176,2,1862628280135028959,0,0,0,7,3,4,1,10
5177,2,-8757322726052555486,0,0,0,7,4,4,1,10
5178,2,5125536618862823228,0,0,0,5,4,3,1,10
5179,2,-5547708113553570985,0,0,0,7,2,4,1,10
5180,2,-7535422612939548676,0,0,0,9,2,5,1,10
5181,2,-7044203091832679085,0,1,1,6,3,3,1,10
5182,2,7633178021212901685,0,0,0,9,5,5,1,10
5183,2,1845569874495470575,0,0,0,7,1,4,1,10
5184,2,-1434888030720771423,0,1,1,6,4,3,1,10
5185,2,-3483789769782257752,0,1,1,8,1,4,1,10
5186,2,-1966628526307047827,0,0,0,5,3,3,1,10
5187,2,4052570620390459281,0,0,0,5,5,3,1,10
5188,2,3478109541427493713,0,0,0,5,4,3,1,10
5189,2,-2441892744834452597,0,0,0,5,4,3,1,10
5190,2,2445240154464168928,0,0,0,7,5,4,1,10
5191,2,-2788840647178598988,0,0,0,7,1,4,1,10
5192,2,8450412342373732129,0,0,0,5,7,3,1,10
5193,2,-3980498143310690531,0,0,0,7,4,4,1,10
5194,2,-8969649475141464483,0,1,1,6,2,3,1,10
5195,2,-1919153267679128641,0,1,1,6,5,3,1,10
5196,2,-3810529733875590086,0,0,0,5,3,3,1,10
5197,2,-3336022990095590994,0,1,1,6,5,3,1,10
5198,2,8300480227866061064,0,0,0,7,3,4,1,10
5199,2,2405572689729066894,0,1,1,6,3,3,1,10
5200,2,-7129770709940271014,0,1,1,4,1,2,1,10
5201,2,-3483042617362166202,0,0,0,7,6,4,1,10
5202,2,-160699202160878632,0,0,0,7,1,4,1,10
5203,2,-2551944027098113548,0,0,0,7,2,4,1,10
5204,2,4018307732685559636,0,0,0,7,6,4,1,10
5205,2,7626264670050182688,0,0,0,5,1,3,1,10
5206,2,-5009296415402036710,0,1,1,6,5,3,1,10
5207,2,1814286169751499059,0,0,0,5,4,3,1,10
5208,2,-1548757574565226101,0,0,0,5,6,3,1,10
5209,2,5048018560613192489,0,0,0,5,3,3,1,10
5210,2,121483622552221932,0,1,1,6,2,3,1,10
5211,2,7418191122980830085,0,0,0,5,8,3,1,10
5212,2,6535325566444907131,0,1,1,4,2,2,1,10
5213,2,7030374335492643461,0,0,0,5,6,3,1,10
5214,2,-4565959308940155453,0,0,0,5,1,3,1,10
5215,2,-7262258913764398697,0,0,0,7,1,4,1,10
5216,2,5743218943373344561,0,1,1,6,2,3,1,10
5217,2,-4252948269770275061,0,0,0,5,1,3,1,10
5218,2,-8490363857814188826,0,0,0,9,3,5,1,10
5219,2,-3612219689894553335,0,0,0,5,4,3,1,10
5220,2,8276419841685456077,0,1,1,6,2,3,1,10
5221,2,-8918507352328950844,0,0,0,5,5,3,1,10
5222,2,-2414522538690615312,0,0,0,5,2,3,1,10
5223,2,-8689923582204199185,0,0,0,3,8,2,1,10
5224,2,4462359036739866375,0,1,1,8,2,4,1,10
5225,2,-8962222086066833808,0,0,0,7,3,4,1,10
5226,2,456234198693719122,0,0,0,5,2,3,1,10
5227,2,-2871627616472948141,0,0,0,7,2,4,1,10
5228,2,-7452976528503122264,0,0,0,5,4,3,1,10
5229,2,-3800854773288185344,0,1,1,4,2,2,1,10
5230,2,5206475886909239758,0,1,1,6,1,3,1,10
5231,2,2678420716391048880,0,0,0,5,5,3,1,10
5232,2,8324481821208741900,0,0,0,3,8,2,1,10
5233,2,5360953828977760541,0,0,0,5,3,3,1,10
5234,2,-5701081934776145667,0,0,0,5,4,3,1,10
5235,2,-3206688825749150088,0,0,0,5,8,3,1,10
5236,2,472682183725228455,0,0,0,7,2,4,1,10
5237,2,-3695678726730409824,0,1,1,6,3,3,1,10
5238,2,2393796547667861962,0,0,0,7,3,4,1,10
5239,2,-7015250175381742192,0,1,1,6,1,3,1,10
5240,2,3775501824075489916,0,0,0,7,3,4,1,10
5241,2,-8412675853010296296,0,1,1,4,4,2,1,10
5242,2,-2848642231687306763,0,0,0,5,4,3,1,10
5243,2,6024785713055704015,0,0,0,5,3,3,1,10
5244,2,-132238262374365017,0,1,1,4,3,2,1,10
5245,2,3724470381081718343,0,0,0,7,4,4,1,10
5246,2,4101178289978248082,0,0,0,7,4,4,1,10
5247,2,-2462276847013759102,0,0,0,5,8,3,1,10
5248,2,-2440971237554708523,0,1,1,6,2,3,1,10
5249,2,8666527724141809573,0,1,1,6,2,3,1,10
5250,2,1863245995577381767,0,1,1,6,3,3,1,10
5251,2,1132554397296105451,0,0,0,5,1,3,1,10
5252,2,6315867422409170887,0,0,0,5,4,3,1,10
5253,2,4277087013762774236,0,1,1,6,3,3,1,10
5254,2,-7882409108810921967,0,0,0,5,6,3,1,10
5255,2,6111507530680528829,0,0,0,7,1,4,1,10
5256,2,631216153468492499,0,0,0,5,8,3,1,10
5257,2,3570843313434950474,0,1,1,6,3,3,1,10
5258,2,-3672188585614072001,0,0,0,7,2,4,1,10
5259,2,-8670250448574935134,0,0,0,5,2,3,1,10
5260,2,1130039023920135267,0,1,1,6,1,3,1,10
5261,2,7340326505427800450,0,1,1,6,5,3,1,10
5262,2,1746064377797723510,0,1,1,6,2,3,1,10
5263,2,8790046469478709429,0,0,0,5,5,3,1,10
5264,2,-6541145119509293197,0,0,0,5,3,3,1,10
5265,2,7156895664375605707,0,0,0,5,1,3,1,10
5266,2,2751817675721458667,0,0,0,5,6,3,1,10
5267,2,6454252844025198344,0,1,1,6,1,3,1,10
5268,2,7129209841545331991,0,0,0,5,8,3,1,10
5269,2,-1731307285405746017,0,0,0,11,1,6,1,10
5270,2,1849486075551766316,0,0,0,7,2,4,1,10
5271,2,91108367041219616,0,1,1,6,3,3,1,10
5272,2,-3864629498783149325,0,0,0,3,7,2,1,10
5273,2,-1346373033424053459,0,1,1,6,5,3,1,10
5274,2,-3778788948029956712,0,0,0,9,2,5,1,10
5275,2,8130002931750889844,0,0,0,7,1,4,1,10
5276,2,5249573599639896513,0,1,1,8,1,4,1,10
5277,2,-9048107172953959976,0,0,0,5,7,3,1,10
5278,2,8751437890485749218,0,0,0,7,1,4,1,10
5279,2,1970550283071945457,0,1,1,6,1,3,1,10
5280,2,2426187169737036751,0,1,1,6,4,3,1,10
5281,2,7815353730718063287,0,0,0,5,7,3,1,10
5282,2,-2217620464608836206,0,0,0,5,5,3,1,10
5283,2,8635443842908684665,0,0,0,7,1,4,1,10
5284,2,6810487541775723390,0,0,0,3,9,2,1,10
5285,2,-4454984480243310573,0,0,0,5,4,3,1,10
5286,2,-6351883482105307260,0,0,0,7,3,4,1,10
5287,2,4898223136224230751,0,0,0,5,4,3,1,10
5288,2,2635209451963021764,0,0,0,7,1,4,1,10
5289,2,-4627252886434984213,0,0,0,3,6,2,1,10
5290,2,-3765370344893203865,0,0,0,7,3,4,1,10
5291,2,3828477811161508076,0,0,0,5,3,3,1,10
5292,2,-7876328292241474389,0,1,1,6,5,3,1,10
5293,2,-2288964344390583949,0,0,0,5,3,3,1,10
5294,2,-3650707098865219778,0,1,1,6,6,3,1,10
5295,2,7509791509520663262,0,0,0,5,6,3,1,10
5296,2,-7245534525822841392,0,0,0,5,2,3,1,10
5297,2,-2189791540495251056,0,0,0,5,4,3,1,10
5298,2,3077215732341553123,0,0,0,5,2,3,1,10
5299,2,-4828240915378788124,0,0,0,5,5,3,1,10
5300,2,2595216611957440740,0,0,0,5,8,3,1,10
5301,2,-5011897454256258210,0,1,1,6,4,3,1,10
5302,2,-4219018281490430593,0,0,0,5,3,3,1,10
5303,2,7909033699971072547,0,0,0,9,3,5,1,10
5304,2,1097849770705818159,0,1,1,6,2,3,1,10
5305,2,-5907870234171172949,0,0,0,5,5,3,1,10
5306,2,-3736379743520258285,0,1,1,8,1,4,1,10
5307,2,-6867774468899161676,0,1,1,8,3,4,1,10
5308,2,-4447933166261181176,0,0,0,7,2,4,1,10
5309,2,-7068197728047102343,0,0,0,5,1,3,1,10
5310,2,-3815362683640817677,0,0,0,5,2,3,1,10
5311,2,7221058684537800995,0,0,0,5,4,3,1,10
5312,2,2210893350980948574,0,1,1,8,2,4,1,10
5313,2,8036626944058937727,0,0,0,5,3,3,1,10
5314,2,-7357184102624555450,0,0,0,7,2,4,1,10
5315,2,-8925828592739331342,0,0,0,5,7,3,1,10
5316,2,-2026462186916051150,0,0,0,5,2,3,1,10
5317,2,-2578521023234883927,0,1,1,6,1,3,1,10
5318,2,-650616630654762617,0,1,1,8,3,4,1,10
5319,2,-1625157777528533740,0,1,1,6,1,3,1,10
5320,2,-1711455792505752806,0,1,1,4,5,2,1,10
5321,2,5416327940533529236,0,1,1,4,3,2,1,10
5322,2,-4483164219700649721,0,0,0,5,6,3,1,10
5323,2,-4389429042763302030,0,1,1,4,4,2,1,10
5324,2,-6884535408925342016,0,0,0,5,1,3,1,10
5325,2,7237898055542778643,0,1,1,6,2,3,1,10
5326,2,-1005928580245857688,0,0,0,7,2,4,1,10
5327,2,-8507853410274936215,0,0,0,5,5,3,1,10
5328,2,-457694735701769631,0,1,1,10,1,5,1,10
5329,2,-1972288703018368595,0,1,1,8,1,4,1,10
5330,2,-7369221746942275549,0,0,0,5,4,3,1,10
5331,2,1074863719331207498,0,1,1,6,1,3,1,10
5332,2,-6802808485384383409,0,1,1,6,3,3,1,10
5333,2,-2815523933699547620,0,0,0,5,3,3,1,10
5334,2,8900440903930994691,0,1,1,8,3,4,1,10
5335,2,2744366047767741657,0,0,0,5,5,3,1,10
5336,2,8504644353889929072,0,0,0,5,7,3,1,10
5337,2,-3181074580712329009,0,0,0,7,2,4,1,10
5338,2,55617781778577832,0,1,1,6,2,3,1,10
5339,2,3301283301190910415,0,0,0,7,3,4,1,10
5340,2,-383209288281701956,0,0,0,7,4,4,1,10
5341,2,-2683547481262830231,0,0,0,5,3,3,1,10
5342,2,-6563613214614567674,0,1,1,6,2,3,1,10
5343,2,-6509241636020439208,0,1,1,6,1,3,1,10
5344,2,7189812185693295298,0,0,0,9,1,5,1,10
5345,2,-4266716736802939585,0,1,1,4,3,2,1,10
5346,2,4461926942900558051,0,0,0,5,1,3,1,10
5347,2,4939544736413452694,0,0,0,5,5,3,1,10
5348,2,-506558930359135708,0,0,0,5,5,3,1,10
5349,2,-8927560596787879458,0,0,0,5,4,3,1,10
5350,2,-2004859478442589860,0,1,1,6,1,3,1,10
5351,2,-9069118446020197348,0,0,0,7,4,4,1,10
5352,2,5982122759094291990,0,0,0,9,3,5,1,10
5353,2,6516616274194237316,0,0,0,7,4,4,1,10
5354,2,-7064306127582210464,0,0,0,5,2,3,1,10
5355,2,6034879771162760307,0,0,0,5,4,3,1,10
5356,2,4373632813578455523,0,0,0,7,6,4,1,10
5357,2,5350512700685027234,0,0,0,7,1,4,1,10
5358,2,6724605092240253491,0,1,1,6,1,3,1,10
5359,2,-1073557259928841064,0,0,0,7,4,4,1,10
5360,2,-3626492375714444184,0,1,1,6,5,3,1,10
5361,2,3327660920928885600,0,0,0,5,5,3,1,10
5362,2,5844688499526457325,0,0,0,5,2,3,1,10
5363,2,-3337160520365267588,0,0,0,5,3,3,1,10
5364,2,-6024403722152411497,0,0,0,5,3,3,1,10
5365,2,-4580554794153837031,0,0,0,5,3,3,1,10
5366,2,316718604936534521,0,0,0,5,3,3,1,10
5367,2,-5211017452306654845,0,0,0,5,3,3,1,10
5368,2,4771978848519870966,0,0,0,5,5,3,1,10
5369,2,-8909525560185241638,0,0,0,7,2,4,1,10
5370,2,5301564368888287383,0,1,1,6,2,3,1,10
5371,2,-8533286282394669306,0,1,1,6,2,3,1,10
5372,2,1392920830646478621,0,0,0,5,6,3,1,10
5373,2,-835662679402764313,0,1,1,6,1,3,1,10
5374,2,8708876190180757594,0,0,0,5,3,3,1,10
5375,2,-1153144591392941359,0,0,0,5,8,3,1,10
5376,2,6492463903217765436,0,0,0,7,2,4,1,10
5377,2,-8135551087004408009,0,0,0,7,4,4,1,10
5378,2,2017611330507460778,0,1,1,6,3,3,1,10
5379,2,2983150314463126181,0,0,0,5,4,3,1,10
5380,2,8940949785417083794,0,1,1,4,7,2,1,10
5381,2,6759920538609294067,0,0,0,7,2,4,1,10
5382,2,-4945385834432679358,0,0,0,7,5,4,1,10
5383,2,5302467262325917623,0,0,0,7,4,4,1,10
5384,2,-1391260344525893129,0,1,1,6,1,3,1,10
5385,2,6373595677213794043,0,0,0,5,5,3,1,10
5386,2,2509045072408516019,0,0,0,5,7,3,1,10
5387,2,2827195616385122607,0,0,0,9,3,5,1,10
5388,2,-7475990281019689645,0,1,1,8,1,4,1,10
5389,2,-7399325821708029855,0,1,1,6,6,3,1,10
5390,2,2228256786774295008,0,1,1,6,1,3,1,10
5391,2,-8222468206584641878,0,0,0,5,6,3,1,10
5392,2,1300709821334308,0,0,0,7,1,4,1,10
5393,2,-5998285898601553941,0,0,0,7,3,4,1,10
5394,2,7312191835110136448,0,1,1,6,4,3,1,10
5395,2,-1793359868439647559,0,0,0,5,6,3,1,10
5396,2,-4155383159377199363,0,0,0,5,6,3,1,10
5397,2,7526259807032366229,0,1,1,6,5,3,1,10
5398,2,1615731930174006944,0,0,0,7,3,4,1,10
5399,2,8194863636177765728,0,1,1,6,4,3,1,10
5400,2,-8644643762067083007,0,0,0,5,5,3,1,10
5401,2,-7041278919166468595,0,0,0,7,3,4,1,10
5402,2,327707830635407134,0,1,1,6,1,3,1,10
5403,2,5359101866428722840,0,1,1,8,1,4,1,10
5404,2,-8739719517461420948,0,0,0,7,1,4,1,10
5405,2,-5815209057556768970,0,0,0,3,9,2,1,10
5406,2,-4639907519189271249,0,0,0,7,2,4,1,10
5407,2,-231224518701348659,0,1,1,8,1,4,1,10
5408,2,-3057723873877232118,0,1,1,6,2,3,1,10
5409,2,8873013590750795941,0,1,1,6,1,3,1,10
5410,2,3152867175159013593,0,0,0,5,6,3,1,10
5411,2,1264870878763539296,0,0,0,5,2,3,1,10
5412,2,8128228766396789438,0,0,0,7,1,4,1,10
5413,2,7559065445073402663,0,1,1,6,1,3,1,10
5414,2,5504762636628551546,0,0,0,7,2,4,1,10
5415,2,1165267958020947238,0,0,0,7,5,4,1,10
5416,2,-1879340623546120707,0,0,0,5,2,3,1,10
5417,2,5652697445475871289,0,0,0,7,4,4,1,10
5418,2,-3828522868735845825,0,0,0,7,3,4,1,10
5419,2,-5059542863821533465,0,0,0,7,3,4,1,10
5420,2,-480856563782223792,0,0,0,5,3,3,1,10
5421,2,-3787183780710447474,0,0,0,5,8,3,1,10
5422,2,-6082416246689489746,0,1,1,8,2,4,1,10
5423,2,-3107430131457128992,0,0,0,5,6,3,1,10
5424,2,294182132701019606,0,1,1,4,7,2,1,10
5425,2,5028808243719411853,0,0,0,7,6,4,1,10
5426,2,-7601988608268590307,0,0,0,7,1,4,1,10
5427,2,-4705412059712371135,0,0,0,5,5,3,1,10
5428,2,-7296166887669885761,0,0,0,7,3,4,1,10
5429,2,1526176412184875729,0,0,0,5,8,3,1,10
5430,2,1298093641052977464,0,0,0,5,3,3,1,10
5431,2,1972869219876687280,0,1,1,8,5,4,1,10
5432,2,7826002368197882834,0,1,1,6,3,3,1,10
5433,2,-7789313066488863577,0,0,0,5,3,3,1,10
5434,2,1281916022305806463,0,0,0,5,5,3,1,10
5435,2,7628224940327546309,0,0,0,5,5,3,1,10
5436,2,3517303931168590056,0,1,1,8,4,4,1,10
5437,2,-4958981180149048173,0,0,0,5,4,3,1,10
5438,2,4972163795416878789,0,0,0,7,6,4,1,10
5439,2,-779441896987814260,0,1,1,6,2,3,1,10
5440,2,-1937422187854330002,0,0,0,5,1,3,1,10
5441,2,-6221854441413813557,0,1,1,6,2,3,1,10
5442,2,-6775389997218220878,0,1,1,4,4,2,1,10
5443,2,-7442328254592634618,0,1,1,6,2,3,1,10
5444,2,-7473632107811289369,0,0,0,7,3,4,1,10
5445,2,-952190969960344646,0,0,0,3,5,2,1,10
5446,2,-4086014818346847166,0,0,0,9,2,5,1,10
5447,2,1253298702796802471,0,1,1,4,5,2,1,10
5448,2,8678183517882790248,0,1,1,6,4,3,1,10
5449,2,-2429530514464955777,0,0,0,7,4,4,1,10
5450,2,-1379867459309658300,0,0,0,5,2,3,1,10
5451,2,2452690299763018457,0,0,0,7,1,4,1,10
5452,2,-2035337547455364581,0,0,0,3,6,2,1,10
5453,2,-3540834960767243413,0,1,1,4,2,2,1,10
5454,2,5283828111304873437,0,0,0,5,4,3,1,10
5455,2,-6534930103378671752,0,0,0,5,8,3,1,10
5456,2,-4005500024499743812,0,0,0,5,6,3,1,10
5457,2,-2313456771983192441,0,0,0,7,2,4,1,10
5458,2,226729409155759362,0,1,1,8,1,4,1,10
5459,2,-4329788493686778539,0,0,0,5,3,3,1,10
5460,2,-5285169325947879649,0,0,0,5,4,3,1,10
5461,2,7623973772145338892,0,1,1,6,5,3,1,10
5462,2,-150871540759542527,0,1,1,6,1,3,1,10
5463,2,-1582614374503778380,0,0,0,7,4,4,1,10
5464,2,-6461700197149914712,0,0,0,7,1,4,1,10
5465,2,-8846529075125244696,0,0,0,7,3,4,1,10
5466,2,1711375377353244665,0,0,0,5,4,3,1,10
5467,2,-4379212057924576819,0,1,1,6,4,3,1,10
5468,2,-7540010907759221807,0,1,1,6,4,3,1,10
5469,2,-3075417996496668352,0,0,0,5,2,3,1,10
5470,2,-5456747781547063204,0,0,0,3,8,2,1,10
5471,2,8654472572569327950,0,0,0,5,2,3,1,10
5472,2,-2092697053430237272,0,0,0,7,5,4,1,10
5473,2,-2759578304302999832,0,0,0,5,4,3,1,10
5474,2,-4261870711784441996,0,0,0,5,1,3,1,10
5475,2,-6508718273990270761,0,1,1,4,4,2,1,10
5476,2,5294580937267775310,0,0,0,7,1,4,1,10
5477,2,-3965715984020441619,0,1,1,6,4,3,1,10
5478,2,-2841786538920662052,0,0,0,7,1,4,1,10
5479,2,728482116878996092,0,0,0,7,7,4,1,10
5480,2,-8696607946715309191,0,0,0,5,3,3,1,10
5481,2,8985419277386531084,0,1,1,6,5,3,1,10
5482,2,2304761984832839683,0,1,1,10,1,5,1,10
5483,2,-5816853602187722169,0,0,0,5,7,3,1,10
5484,2,-9134999835654733326,0,0,0,7,3,4,1,10
5485,2,5220531181067862072,0,0,0,5,2,3,1,10
5486,2,-4924882937893318483,0,0,0,7,1,4,1,10
5487,2,8024824960780730548,0,0,0,5,6,3,1,10
5488,2,-1804768270136550376,0,0,0,7,1,4,1,10
5489,2,-5971333721309639912,0,0,0,7,1,4,1,10
5490,2,2155646034858668913,0,1,1,6,2,3,1,10
5491,2,894793433654097204,0,1,1,8,4,4,1,10
5492,2,-9150733717493105316,0,0,0,7,1,4,1,10
5493,2,-4992518527775716474,0,0,0,5,7,3,1,10
5494,2,-4366401021439558341,0,0,0,7,3,4,1,10
5495,2,-5218270259561379670,0,1,1,6,3,3,1,10
5496,2,4397045067544140227,0,1,1,8,4,4,1,10
5497,2,-7329296902879457263,0,1,1,8,1,4,1,10
5498,2,538951800396937420,0,0,0,3,7,2,1,10
5499,2,-3357363147041972239,0,1,1,4,8,2,1,10
5500,2,8220441369465472103,0,0,0,7,5,4,1,10
5501,2,3081799839966735996,0,1,1,8,1,4,1,10
5502,2,7226014032613223733,0,0,0,5,5,3,1,10
5503,2,-2267168271542852013,0,0,0,7,2,4,1,10
5504,2,-4262899394529755658,0,1,1,8,3,4,1,10
5505,2,-3249493916285028803,0,1,1,8,3,4,1,10
5506,2,19278470232282208,0,1,1,6,4,3,1,10
5507,2,4073839686855272467,0,0,0,5,8,3,1,10
5508,2,-8546350394097102031,0,0,0,5,4,3,1,10
5509,2,-6104087104739839233,0,0,0,5,3,3,1,10
5510,2,387760125596148103,0,0,0,5,4,3,1,10
5511,2,-8157640086341829403,0,0,0,7,1,4,1,10
5512,2,9166267321340545903,0,1,1,6,3,3,1,10
5513,2,-1473409698579611872,0,0,0,3,8,2,1,10
5514,2,-2290071772006721605,0,0,0,5,3,3,1,10
5515,2,-4059177322101833103,0,1,1,8,2,4,1,10
5516,2,5300340975128061719,0,1,1,6,2,3,1,10
5517,2,1584834882208704051,0,0,0,5,3,3,1,10
5518,2,3447277996775960670,0,0,0,7,1,4,1,10
5519,2,-7321411220730157357,0,0,0,7,2,4,1,10
5520,2,1534961055334755881,0,1,1,10,1,5,1,10
5521,2,-5386686039710148736,0,0,0,5,4,3,1,10
5522,2,-2226490977081536087,0,0,0,9,3,5,1,10
5523,2,5068348009657041694,0,0,0,5,2,3,1,10
5524,2,8282339757743673014,0,0,0,5,4,3,1,10
5525,2,-6933532524250077057,0,1,1,6,2,3,1,10
5526,2,-6151138239701560025,0,1,1,6,4,3,1,10
5527,2,8692447615901533652,0,1,1,6,4,3,1,10
5528,2,-8485465816166642844,0,0,0,5,4,3,1,10
5529,2,-7109315559216568479,0,0,0,5,7,3,1,10
5530,2,-2242250567698850248,0,1,1,8,4,4,1,10
5531,2,-5954318439799362193,0,0,0,5,3,3,1,10
5532,2,8282222040239913451,0,0,0,3,7,2,1,10
5533,2,-388393527685431929,0,0,0,7,1,4,1,10
5534,2,7189608555420958863,0,0,0,5,5,3,1,10
5535,2,-3764555723142425892,0,1,1,6,2,3,1,10
5536,2,-6033101186962288230,0,0,0,5,7,3,1,10
5537,2,1130675798821888520,0,1,1,6,1,3,1,10
5538,2,4178815372478772917,0,0,0,5,5,3,1,10
5539,2,8718715240605713403,0,0,0,7,2,4,1,10
5540,2,7159191008542214610,0,0,0,5,2,3,1,10
5541,2,-129581852892079056,0,0,0,7,1,4,1,10
5542,2,5179806062175201412,0,1,1,6,6,3,1,10
5543,2,-6790509494597636576,0,0,0,5,3,3,1,10
5544,2,8547622554386008202,0,0,0,3,5,2,1,10
5545,2,-858502513949321733,0,0,0,7,4,4,1,10
5546,2,8248896034730934700,0,0,0,5,6,3,1,10
5547,2,470484184337275029,0,0,0,5,2,3,1,10
5548,2,-1518467891103276854,0,0,0,5,6,3,1,10
5549,2,1184525921246346910,0,0,0,5,7,3,1,10
5550,2,7578434422574340145,0,0,0,5,4,3,1,10
5551,2,3110347357401771798,0,0,0,5,5,3,1,10
5552,2,-3101971251941023440,0,0,0,5,5,3,1,10
5553,2,-6923339425675739905,0,0,0,7,3,4,1,10
5554,2,4830464928548594410,0,0,0,5,8,3,1,10
5555,2,-1837715082805797805,0,0,0,5,7,3,1,10
5556,2,-8069488872525663634,0,0,0,5,4,3,1,10
5557,2,-4137717163036790216,0,0,0,7,3,4,1,10
5558,2,1642965305578110980,0,0,0,9,1,5,1,10
5559,2,-951909370653887375,0,0,0,5,5,3,1,10
5560,2,8754447892000146889,0,1,1,6,6,3,1,10
5561,2,-3087043260486759400,0,0,0,5,2,3,1,10
5562,2,-5262644586718917762,0,0,0,3,9,2,1,10
5563,2,5500457384983293834,0,1,1,6,3,3,1,10
5564,2,5648776021961905052,0,0,0,3,8,2,1,10
5565,2,8662069625025439649,0,0,0,7,5,4,1,10
5566,2,-4205445830319553109,0,1,1,8,1,4,1,10
5567,2,-2335431590022712280,0,1,1,4,3,2,1,10
5568,2,-5274845547237479981,0,0,0,9,4,5,1,10
5569,2,-6372664013036125301,0,0,0,5,1,3,1,10
5570,2,7348196448561777075,0,1,1,8,3,4,1,10
5571,2,329759578462728654,0,0,0,7,2,4,1,10
5572,2,-9135246559790183823,0,1,1,8,1,4,1,10
5573,2,-4828457820764503360,0,0,0,5,1,3,1,10
5574,2,-1484402695364176879,0,1,1,6,1,3,1,10
5575,2,-8541187778732061841,0,1,1,10,2,5,1,10
5576,2,-8204658042869163510,0,0,0,7,4,4,1,10
5577,2,7001331544127799006,0,0,0,7,2,4,1,10
5578,2,641999567728974102,0,1,1,8,1,4,1,10
5579,2,-7309163923024588299,0,1,1,6,3,3,1,10
5580,2,8224354332527386185,0,1,1,4,3,2,1,10
5581,2,1018480989667863224,0,1,1,6,2,3,1,10
5582,2,3256216823536446309,0,1,1,6,1,3,1,10
5583,2,-6188348850245202245,0,1,1,6,2,3,1,10
5584,2,7173113776923331691,0,0,0,7,1,4,1,10
5585,2,-4681747411543063339,0,0,0,9,1,5,1,10
5586,2,-1560535847458000267,0,0,0,5,5,3,1,10
5587,2,-7589496916981015020,0,0,0,7,4,4,1,10
5588,2,2195553104097945539,0,1,1,6,3,3,1,10
5589,2,336400940790946288,0,1,1,8,1,4,1,10
5590,2,-9049054022870666990,0,1,1,6,1,3,1,10
5591,2,-5556137518433723966,0,1,1,6,2,3,1,10
5592,2,612309202362839092,0,0,0,7,1,4,1,10
5593,2,2253070402896926582,0,0,0,5,7,3,1,10
5594,2,-858229313015276579,0,1,1,8,1,4,1,10
5595,2,-140324050608745601,0,0,0,7,3,4,1,10
5596,2,262616721790361786,0,1,1,6,5,3,1,10
5597,2,-1335357168409039349,0,0,0,5,5,3,1,10
5598,2,3252061767269220295,0,1,1,6,1,3,1,10
5599,2,-3411240095988965513,0,0,0,5,8,3,1,10
5600,2,1024789133695761889,0,0,0,7,2,4,1,10
5601,2,8742429526073263109,0,0,0,7,1,4,1,10
5602,2,6527057059519035546,0,0,0,7,4,4,1,10
5603,2,8998242274587324108,0,1,1,6,2,3,1,10
5604,2,265199930948088908,0,0,0,3,7,2,1,10
5605,2,-6049826363957413905,0,1,1,6,1,3,1,10
5606,2,-6290439763620432016,0,0,0,5,3,3,1,10
5607,2,-1822843008636077551,0,0,0,5,3,3,1,10
5608,2,-8021877975860852944,0,0,0,7,4,4,1,10
5609,2,4145057943603049224,0,0,0,5,7,3,1,10
5610,2,2820880658916563258,0,0,0,7,1,4,1,10
5611,2,-2008873961112126512,0,0,0,5,2,3,1,10
5612,2,-5559170521055768874,0,1,1,6,3,3,1,10
5613,2,2672563360734579649,0,1,1,6,4,3,1,10
5614,2,-1157060819415397062,0,0,0,5,3,3,1,10
5615,2,5305258751120210692,0,0,0,5,7,3,1,10
5616,2,-1503708172471531748,0,0,0,3,5,2,1,10
5617,2,6404540907718031427,0,0,0,7,3,4,1,10
5618,2,2463304582008114057,0,0,0,5,5,3,1,10
5619,2,-2028061731340147297,0,1,1,6,3,3,1,10
5620,2,-6954824191402693131,0,0,0,5,2,3,1,10
5621,2,-6209589454713663257,0,1,1,4,6,2,1,10
5622,2,-4929981655144883310,0,0,0,5,4,3,1,10
5623,2,4847023264319978246,0,0,0,5,3,3,1,10
5624,2,535996570513895908,0,0,0,5,3,3,1,10
5625,2,5345782280822366907,0,0,0,7,2,4,1,10
5626,2,-2434461344818107755,0,0,0,9,1,5,1,10
5627,2,3100902825731901072,0,0,0,7,2,4,1,10
5628,2,7269917304519520389,0,0,0,5,2,3,1,10
5629,2,2094288501019660804,0,1,1,4,4,2,1,10
5630,2,-7338666070217100763,0,1,1,8,1,4,1,10
5631,2,-6295081915108005366,0,0,0,5,4,3,1,10
5632,2,4099067075516269829,0,0,0,5,5,3,1,10
5633,2,-7684396193902883658,0,0,0,9,1,5,1,10
5634,2,-1957622276453159254,0,1,1,6,4,3,1,10
5635,2,6184265628413212725,0,0,0,5,4,3,1,10
5636,2,-7316823958258129243,0,0,0,9,1,5,1,10
5637,2,-3813304690169606914,0,0,0,11,1,6,1,10
5638,2,163126479132960224,0,1,1,6,2,3,1,10
5639,2,783985608060165959,0,0,0,7,3,4,1,10
5640,2,-3189333387267532998,0,0,0,5,5,3,1,10
5641,2,4181945902684400569,0,0,0,7,3,4,1,10
5642,2,5083484151152983382,0,1,1,6,3,3,1,10
5643,2,6012224187613979494,0,0,0,7,6,4,1,10
5644,2,-1163136778616233552,0,0,0,5,8,3,1,10
5645,2,3258380451917185786,0,0,0,5,3,3,1,10
5646,2,-4594282622694432528,0,0,0,5,2,3,1,10
5647,2,5492329253714438448,0,0,0,5,6,3,1,10
5648,2,-980035349304137598,0,0,0,5,7,3,1,10
5649,2,3637355087213535368,0,0,0,7,2,4,1,10
5650,2,1045920517810452838,0,0,0,5,3,3,1,10
5651,2,3204796710880022582,0,1,1,6,1,3,1,10
5652,2,533707191381378116,0,1,1,6,1,3,1,10
5653,2,1317927034634553437,0,0,0,7,3,4,1,10
5654,2,6932266860353663683,0,1,1,10,1,5,1,10
5655,2,-6775788171280196228,0,1,1,6,4,3,1,10
5656,2,1816549821121901082,0,0,0,5,3,3,1,10
5657,2,-5786804503351834840,0,0,0,5,1,3,1,10
5658,2,6568536159677518566,0,0,0,7,2,4,1,10
5659,2,5966736368777901563,0,0,0,5,6,3,1,10
5660,2,-2336932388593479106,0,0,0,5,3,3,1,10
5661,2,-1966385967267031860,0,0,0,5,4,3,1,10
5662,2,8466223009595940868,0,1,1,6,2,3,1,10
5663,2,5512017847903021344,0,1,1,8,5,4,1,10
5664,2,-6204096969026275714,0,0,0,7,5,4,1,10
5665,2,-1740543161881065761,0,0,0,5,4,3,1,10
5666,2,2066080514772850468,0,0,0,7,1,4,1,10
5667,2,-2022694257917998262,0,0,0,3,6,2,1,10
5668,2,-2551110810810384197,0,0,0,7,3,4,1,10
5669,2,535250262581105452,0,0,0,9,1,5,1,10
5670,2,-2269756181628767582,0,0,0,5,8,3,1,10
5671,2,-8195214681185296305,0,0,0,5,8,3,1,10
5672,2,6317776585720516971,0,1,1,6,1,3,1,10
5673,2,-8074681007699140047,0,0,0,7,2,4,1,10
5674,2,-5012052143015886676,0,0,0,5,1,3,1,10
5675,2,-8726890655624276488,0,1,1,6,3,3,1,10
5676,2,-4373075351542397417,0,1,1,6,5,3,1,10
5677,2,-9036272601757961822,0,0,0,7,5,4,1,10
5678,2,8351761845661944264,0,0,0,7,4,4,1,10
5679,2,-6134282417188417920,0,0,0,5,4,3,1,10
5680,2,932546623271143390,0,0,0,5,6,3,1,10
5681,2,6467783980127848164,0,0,0,5,4,3,1,10
5682,2,2329310185411938124,0,0,0,7,2,4,1,10
5683,2,-3554037096712406247,0,1,1,6,1,3,1,10
5684,2,3893066132971973104,0,0,0,7,1,4,1,10
5685,2,8720981240117080467,0,1,1,6,1,3,1,10
5686,2,-7330512092700481051,0,0,0,5,7,3,1,10
5687,2,-645593250083797401,0,0,0,5,4,3,1,10
5688,2,-888641352753539051,0,0,0,7,2,4,1,10
5689,2,1084817478053567996,0,0,0,5,8,3,1,10
5690,2,-804758036535775215,0,1,1,6,6,3,1,10
5691,2,5343881092068298498,0,0,0,9,3,5,1,10
5692,2,-8891130320413403868,0,0,0,7,3,4,1,10
5693,2,2262878748882483107,0,0,0,7,7,4,1,10
5694,2,-2517818019038999388,0,0,0,5,2,3,1,10
5695,2,4809551363296096761,0,0,0,7,3,4,1,10
5696,2,-7969399702752523892,0,0,0,5,3,3,1,10
5697,2,2524843847965809599,0,0,0,5,5,3,1,10
5698,2,-489408925672432313,0,0,0,7,4,4,1,10
5699,2,-6158768898587351734,0,0,0,5,5,3,1,10
5700,2,-2256331168202300978,0,1,1,6,2,3,1,10
5701,2,3332949923593722809,0,1,1,8,1,4,1,10
5702,2,7928293512495984884,0,1,1,6,3,3,1,10
5703,2,2756153408437477995,0,0,0,7,1,4,1,10
5704,2,2876405070725627136,0,0,0,5,3,3,1,10
5705,2,-3234799734555111503,0,0,0,9,1,5,1,10
5706,2,-3141821548999303556,0,0,0,5,5,3,1,10
5707,2,-6250726404534181692,0,0,0,5,2,3,1,10
5708,2,5114828847700405068,0,0,0,7,7,4,1,10
5709,2,554948831907510521,0,0,0,5,4,3,1,10
5710,2,1441635793937492737,0,0,0,7,2,4,1,10
5711,2,-345508517365784526,0,1,1,6,2,3,1,10
5712,2,-3782954254388839313,0,1,1,8,3,4,1,10
5713,2,3447789755421521048,0,1,1,6,2,3,1,10
5714,2,-3898315151266152324,0,0,0,5,7,3,1,10
5715,2,-7597906555308555386,0,0,0,7,4,4,1,10
5716,2,-5850393650773139910,0,0,0,7,4,4,1,10
5717,2,718558619755281864,0,0,0,5,4,3,1,10
5718,2,2023438257053479992,0,0,0,7,1,4,1,10
5719,2,-8447587824426190076,0,0,0,7,3,4,1,10
5720,2,-2314450885120881900,0,1,1,6,2,3,1,10
5721,2,-6391392621636714376,0,1,1,6,1,3,1,10
5722,2,2126387901877099861,0,1,1,6,2,3,1,10
5723,2,-5086325161712894235,0,1,1,6,1,3,1,10
5724,2,5814466682723043447,0,0,0,7,2,4,1,10
5725,2,-4059009791447778358,0,0,0,7,3,4,1,10
5726,2,3469782694606142278,0,0,0,7,2,4,1,10
5727,2,-5065135639670548011,0,1,1,8,2,4,1,10
5728,2,-1383445553021782673,0,0,0,7,2,4,1,10
5729,2,-1620968996450077546,0,0,0,7,3,4,1,10
5730,2,2663295169768713299,0,1,1,6,1,3,1,10
5731,2,-1582248737033501835,0,1,1,6,7,3,1,10
5732,2,1522653395691497758,0,0,0,9,2,5,1,10
5733,2,2220768180851210214,0,1,1,8,3,4,1,10
5734,2,3739996958128010264,0,1,1,6,4,3,1,10
5735,2,-4931385771641353510,0,1,1,8,4,4,1,10
5736,2,-343624914613903046,0,1,1,6,3,3,1,10
5737,2,4631946738335018360,0,0,0,7,2,4,1,10
5738,2,5220648995275002372,0,0,0,5,2,3,1,10
5739,2,1148628023677096204,0,0,0,5,7,3,1,10
5740,2,8972020732173648013,0,0,0,5,7,3,1,10
5741,2,7470290073850083903,0,0,0,7,3,4,1,10
5742,2,-8565103818005960741,0,1,1,6,1,3,1,10
5743,2,-7653585889752116344,0,0,0,7,1,4,1,10
5744,2,-1425413376482665100,0,0,0,5,4,3,1,10
5745,2,-5526027584057855262,0,0,0,3,8,2,1,10
5746,2,8291024303473717301,0,1,1,6,4,3,1,10
5747,2,7812164621405095615,0,1,1,6,2,3,1,10
5748,2,-7987585879294861215,0,0,0,7,2,4,1,10
5749,2,3766824573419216444,0,0,0,7,4,4,1,10
5750,2,6666608481080034556,0,0,0,3,9,2,1,10
5751,2,-294809170443059051,0,1,1,8,2,4,1,10
5752,2,8818311997311726170,0,0,0,5,2,3,1,10
5753,2,-7965361645356578854,0,0,0,5,2,3,1,10
5754,2,-5471888727490693646,0,0,0,5,4,3,1,10
5755,2,-2692209866257992990,0,0,0,5,4,3,1,10
5756,2,-5441786173961290889,0,0,0,7,1,4,1,10
5757,2,6472139113958531712,0,1,1,6,1,3,1,10
5758,2,-2614961257933344983,0,0,0,7,3,4,1,10
5759,2,-3621541993576516108,0,1,1,4,5,2,1,10
5760,2,-2952124798854811289,0,0,0,5,3,3,1,10
5761,2,4061814771688569508,0,1,1,6,6,3,1,10
5762,2,1305472736565030793,0,0,0,7,1,4,1,10
5763,2,7941551552023520012,0,1,1,6,3,3,1,10
5764,2,6368698777570293228,0,0,0,5,5,3,1,10
5765,2,4376121504773683441,0,1,1,6,3,3,1,10
5766,2,8494449094816894797,0,0,0,7,2,4,1,10
5767,2,-4571204787787874596,0,0,0,5,5,3,1,10
5768,2,1439062749088417114,0,0,0,5,3,3,1,10
5769,2,3698778407046460614,0,1,1,8,2,4,1,10
5770,2,-3360141246632978810,0,0,0,5,3,3,1,10
5771,2,1819791109734102031,0,1,1,6,6,3,1,10
5772,2,-745246640412314340,0,0,0,7,4,4,1,10
5773,2,-7454369039047108939,0,1,1,6,5,3,1,10
5774,2,-8673276024665857129,0,0,0,5,6,3,1,10
5775,2,-263702535943234111,0,0,0,3,8,2,1,10
5776,2,-3827356782218395088,0,0,0,5,5,3,1,10
5777,2,749532175732361988,0,0,0,5,2,3,1,10
5778,2,-5950378286346493513,0,0,0,3,5,2,1,10
5779,2,4828217917467173379,0,0,0,9,1,5,1,10
5780,2,-3413684274779295834,0,0,0,5,5,3,1,10
5781,2,4363827154096538671,0,0,0,7,1,4,1,10
5782,2,1389099346080173938,0,0,0,5,6,3,1,10
5783,2,-5334534009702409127,0,1,1,4,8,2,1,10
5784,2,-5519315040583092956,0,0,0,7,3,4,1,10
5785,2,6543005162562751844,0,0,0,7,4,4,1,10
5786,2,-4019766056930372312,0,0,0,7,3,4,1,10
5787,2,8641901163731654715,0,0,0,3,8,2,1,10
5788,2,6693164136773287269,0,0,0,5,5,3,1,10
5789,2,8516679503350590725,0,1,1,6,1,3,1,10
5790,2,7389319514575858573,0,0,0,5,3,3,1,10
5791,2,1117488697053404055,0,0,0,5,4,3,1,10
5792,2,1787182546173031605,0,0,0,7,4,4,1,10
5793,2,1266351025356920618,0,0,0,3,6,2,1,10
5794,2,5676638354873618983,0,1,1,4,2,2,1,10
5795,2,-7179630306534784691,0,0,0,7,6,4,1,10
5796,2,5851461044647176055,0,1,1,8,1,4,1,10
5797,2,2463646926873751580,0,1,1,8,3,4,1,10
5798,2,-3554346955783514668,0,0,0,5,6,3,1,10
5799,2,-4074384094548548686,0,1,1,8,3,4,1,10
5800,2,6941254704569397407,0,0,0,3,9,2,1,10
5801,2,-2197494859481293093,0,1,1,6,4,3,1,10
5802,2,1505711266435278657,0,0,0,5,5,3,1,10
5803,2,5378575053051352846,0,1,1,6,5,3,1,10
5804,2,-4860535829249509319,0,1,1,6,2,3,1,10
5805,2,-7094838350889390182,0,0,0,5,4,3,1,10
5806,2,-4910271339426725517,0,0,0,3,8,2,1,10
5807,2,-9221631117833767906,0,0,0,7,2,4,1,10
5808,2,1238677900176884192,0,1,1,6,2,3,1,10
5809,2,5570941536230999613,0,0,0,7,3,4,1,10
5810,2,-6295268474627579838,0,0,0,5,3,3,1,10
5811,2,5028488147619426962,0,1,1,8,2,4,1,10
5812,2,-5963196850319799481,0,1,1,8,3,4,1,10
5813,2,1093094400528736482,0,0,0,7,1,4,1,10
5814,2,-783280183567202599,0,0,0,5,4,3,1,10
5815,2,-6382061631115783280,0,0,0,5,4,3,1,10
5816,2,1092461519999990452,0,1,1,10,1,5,1,10
5817,2,-2369838151240340907,0,1,1,8,3,4,1,10
5818,2,-7004469158875015624,0,0,0,5,2,3,1,10
5819,2,3001268992837721135,0,0,0,5,4,3,1,10
5820,2,4274102895135104384,0,0,0,7,4,4,1,10
5821,2,-4365608390381871974,0,1,1,6,2,3,1,10
5822,2,-4783466789131390030,0,0,0,5,3,3,1,10
5823,2,5347930151391289341,0,0,0,5,4,3,1,10
5824,2,-515375610372245864,0,0,0,5,4,3,1,10
5825,2,7358878630574191463,0,1,1,6,2,3,1,10
5826,2,1816847312846126959,0,1,1,8,1,4,1,10
5827,2,-4492777074109195398,0,0,0,7,5,4,1,10
5828,2,498165081075637503,0,1,1,6,1,3,1,10
5829,2,-7908845780308169049,0,0,0,5,3,3,1,10
5830,2,876925579566553835,0,0,0,5,5,3,1,10
5831,2,6382115672862662299,0,0,0,7,5,4,1,10
5832,2,-2696052536164963766,0,0,0,7,1,4,1,10
5833,2,6029195523649676536,0,0,0,5,3,3,1,10
5834,2,-4034862335491375243,0,1,1,6,3,3,1,10
5835,2,-5840818204320315576,0,1,1,8,3,4,1,10
5836,2,8929604987734161698,0,0,0,5,2,3,1,10
5837,2,-8556952266245183954,0,0,0,7,1,4,1,10
5838,2,3920926829047981233,0,0,0,7,1,4,1,10
5839,2,2857996501290830813,0,0,0,5,5,3,1,10
5840,2,-6414997835999251514,0,0,0,7,5,4,1,10
5841,2,-8039976185052402226,0,0,0,5,4,3,1,10
5842,2,-1827001822241638633,0,1,1,6,1,3,1,10
5843,2,5128032880585184685,0,0,0,5,4,3,1,10
5844,2,7760133900121731718,0,1,1,6,1,3,1,10
5845,2,5938685403795334547,0,1,1,4,6,2,1,10
5846,2,-5752717036922118543,0,0,0,5,6,3,1,10
5847,2,4036492360445553530,0,0,0,5,8,3,1,10
5848,2,2742880772694878793,0,1,1,6,4,3,1,10
5849,2,7127642096031381485,0,0,0,5,4,3,1,10
5850,2,-722107055048797087,0,0,0,5,5,3,1,10
5851,2,-3121754935498560513,0,0,0,3,7,2,1,10
5852,2,-3609082696543327480,0,1,1,6,6,3,1,10
5853,2,1199198560221295229,0,1,1,6,3,3,1,10
5854,2,-4593587073515566375,0,1,1,6,1,3,1,10
5855,2,-8511810710859261850,0,0,0,7,4,4,1,10
5856,2,5489044677671136848,0,1,1,8,1,4,1,10
5857,2,4636176540423944347,0,0,0,7,2,4,1,10
5858,2,3754408092343575201,0,0,0,3,7,2,1,10
5859,2,-6823351844464464174,0,1,1,8,2,4,1,10
5860,2,-5070684738227882556,0,0,0,5,5,3,1,10
5861,2,-6122735963896953392,0,0,0,5,4,3,1,10
5862,2,5456059665736462804,0,0,0,5,6,3,1,10
5863,2,618502906011587799,0,0,0,7,4,4,1,10
5864,2,2979809089893562777,0,0,0,7,1,4,1,10
5865,2,-6875444605011984292,0,0,0,7,2,4,1,10
5866,2,1379590863898794595,0,0,0,5,4,3,1,10
5867,2,8404293530180981245,0,0,0,5,2,3,1,10
5868,2,-1772586007807252711,0,0,0,3,6,2,1,10
5869,2,-4615777808599508047,0,1,1,6,3,3,1,10
5870,2,1760174618926067856,0,0,0,7,4,4,1,10
5871,2,-3026060336120128960,0,0,0,7,2,4,1,10
5872,2,-2127468215812231392,0,1,1,6,6,3,1,10
5873,2,3354461685743241974,0,1,1,6,4,3,1,10
5874,2,3454011626350604661,0,0,0,9,4,5,1,10
5875,2,7981512221027035283,0,0,0,9,1,5,1,10
5876,2,5591164310297765026,0,0,0,5,3,3,1,10
5877,2,-5128304797664656507,0,1,1,6,2,3,1,10
5878,2,2885564118019508603,0,0,0,5,3,3,1,10
5879,2,9146576410915055960,0,0,0,7,4,4,1,10
5880,2,7277420261373979427,0,1,1,8,1,4,1,10
5881,2,-1315439574148558995,0,0,0,7,3,4,1,10
5882,2,-8535032157657437469,0,1,1,8,2,4,1,10
5883,2,7540996222009390313,0,0,0,3,8,2,1,10
5884,2,-6353788540769307331,0,1,1,6,2,3,1,10
5885,2,-5201639496654606352,0,0,0,5,2,3,1,10
5886,2,895071717753156672,0,0,0,5,4,3,1,10
5887,2,7028128529780152851,0,0,0,5,6,3,1,10
5888,2,-4156370971065691362,0,0,0,5,7,3,1,10
5889,2,3321915364412837894,0,0,0,5,1,3,1,10
5890,2,-375183533745264901,0,1,1,8,1,4,1,10
5891,2,4820301096504227990,0,0,0,5,2,3,1,10
5892,2,-393907892915023609,0,0,0,5,3,3,1,10
5893,2,6343755837711566553,0,0,0,3,6,2,1,10
5894,2,6222869802415009230,0,0,0,3,7,2,1,10
5895,2,-3545901147941524570,0,0,0,7,2,4,1,10
5896,2,9211630183064036814,0,1,1,6,7,3,1,10
5897,2,7430177257681267271,0,0,0,5,5,3,1,10
5898,2,3926785016953811786,0,0,0,7,3,4,1,10
5899,2,-3740823645320788883,0,1,1,6,1,3,1,10
5900,2,7184814408737108317,0,0,0,5,4,3,1,10
5901,2,8776398808242041187,0,1,1,6,5,3,1,10
5902,2,9207262445886310481,0,1,1,8,1,4,1,10
5903,2,-5766553609742134138,0,0,0,5,4,3,1,10
5904,2,-534468571973711055,0,1,1,6,2,3,1,10
5905,2,5995806966462162677,0,1,1,8,2,4,1,10
5906,2,-4051427481869051236,0,0,0,5,4,3,1,10
5907,2,2857422488661231748,0,0,0,9,3,5,1,10
5908,2,-3909690444684926757,0,0,0,5,7,3,1,10
5909,2,-7824345787563299851,0,0,0,5,7,3,1,10
5910,2,-990519350977610954,0,0,0,5,2,3,1,10
5911,2,-5107242371975015831,0,0,0,7,2,4,1,10
5912,2,975578121478988930,0,0,0,7,3,4,1,10
5913,2,-1990295421733811693,0,1,1,6,5,3,1,10
5914,2,-2943561183005494018,0,1,1,6,1,3,1,10
5915,2,-2432828311844232145,0,0,0,7,4,4,1,10
5916,2,4138095473591454560,0,1,1,6,1,3,1,10
5917,2,4604283728265664050,0,1,1,6,4,3,1,10
5918,2,791196266368152362,0,0,0,5,5,3,1,10
5919,2,8182101092953438787,0,0,0,5,5,3,1,10
5920,2,-8532811026726101951,0,1,1,6,3,3,1,10
5921,2,-1505769472041901335,0,1,1,6,2,3,1,10
5922,2,-5364904119215818817,0,0,0,5,4,3,1,10
5923,2,40056611110942212,0,0,0,7,5,4,1,10
5924,2,295946792365624839,0,0,0,7,4,4,1,10
5925,2,313089947215495937,0,0,0,5,6,3,1,10
5926,2,4401446937344369178,0,0,0,7,1,4,1,10
5927,2,-7252985230681880503,0,0,0,7,1,4,1,10
5928,2,-4750330515642681816,0,0,0,5,4,3,1,10
5929,2,-8609917668386366470,0,0,0,5,7,3,1,10
5930,2,7941329488689448298,0,0,0,5,3,3,1,10
5931,2,418863201170074584,0,1,1,6,4,3,1,10
5932,2,-1228650002301794514,0,0,0,7,3,4,1,10
5933,2,-8852972368149706619,0,0,0,7,4,4,1,10
5934,2,-5523256793427439821,0,0,0,3,9,2,1,10
5935,2,-4401891958413938704,0,1,1,6,5,3,1,10
5936,2,-5974746288851116234,0,0,0,5,5,3,1,10
5937,2,-4263150581351625973,0,1,1,6,4,3,1,10
5938,2,-2271124315505934900,0,0,0,5,3,3,1,10
5939,2,5664248043512599232,0,0,0,5,1,3,1,10
5940,2,314981203168683634,0,1,1,6,3,3,1,10
5941,2,-6637083010928930779,0,0,0,5,1,3,1,10
5942,2,1321910339190957794,0,1,1,6,5,3,1,10
5943,2,-35293570323403795,0,0,0,5,6,3,1,10
5944,2,8520805730354757031,0,0,0,5,3,3,1,10
5945,2,-2082358991097118431,0,0,0,5,4,3,1,10
5946,2,2486549264536604147,0,1,1,6,1,3,1,10
5947,2,8456696844450965264,0,0,0,5,6,3,1,10
5948,2,-2838827490877096784,0,1,1,8,1,4,1,10
5949,2,4550342765384656516,0,0,0,7,3,4,1,10
5950,2,4317182528405867220,0,0,0,5,3,3,1,10
5951,2,3301577570729102902,0,1,1,6,1,3,1,10
5952,2,-626820401121935111,0,0,0,5,4,3,1,10
5953,2,5411957767689165443,0,0,0,5,7,3,1,10
5954,2,3299591756371902508,0,0,0,7,2,4,1,10
5955,2,-3079764163119930274,0,1,1,6,1,3,1,10
5956,2,5936857980468923396,0,1,1,6,3,3,1,10
5957,2,-8295408080593925240,0,0,0,7,4,4,1,10
5958,2,3824099549379027446,0,0,0,7,6,4,1,10
5959,2,3279235565358157823,0,0,0,7,3,4,1,10
5960,2,-3372570522421562905,0,0,0,5,7,3,1,10
5961,2,2497318285309710003,0,1,1,6,1,3,1,10
5962,2,1633328488669023235,0,0,0,5,4,3,1,10
5963,2,-1101114561315121793,0,1,1,6,4,3,1,10
5964,2,5248455811863959500,0,1,1,6,4,3,1,10
5965,2,5239377136516481622,0,0,0,5,1,3,1,10
5966,2,-8121368777840269195,0,1,1,8,1,4,1,10
5967,2,-1524879650601983556,0,0,0,7,2,4,1,10
5968,2,4821776198619284081,0,1,1,6,6,3,1,10
5969,2,-1219792957098246024,0,0,0,5,5,3,1,10
5970,2,5739915147037156934,0,1,1,6,4,3,1,10
5971,2,-6892165225687391097,0,0,0,5,3,3,1,10
5972,2,-8690777396001885018,0,0,0,7,3,4,1,10
5973,2,3383201487141790035,0,1,1,6,3,3,1,10
5974,2,-706500890221264961,0,0,0,3,7,2,1,10
5975,2,4414170531245636389,0,0,0,5,5,3,1,10
5976,2,-8438570299186586159,0,0,0,5,1,3,1,10
5977,2,-2886285160158622249,0,0,0,7,4,4,1,10
5978,2,-5064478343081586431,0,1,1,6,6,3,1,10
5979,2,3708347777464019661,0,0,0,3,9,2,1,10
5980,2,646420275825285229,0,1,1,6,3,3,1,10
5981,2,9032573385295274533,0,1,1,6,3,3,1,10
5982,2,-4425018952121270657,0,0,0,7,2,4,1,10
5983,2,-2014726355869095124,0,0,0,3,7,2,1,10
5984,2,-4606108586462594938,0,0,0,5,3,3,1,10
5985,2,7218834226163097620,0,1,1,8,2,4,1,10
5986,2,-9052780516093826174,0,0,0,5,2,3,1,10
5987,2,-1509177390466957085,0,0,0,7,3,4,1,10
5988,2,8879554352451594814,0,1,1,6,2,3,1,10
5989,2,8261858498000630191,0,0,0,7,1,4,1,10
5990,2,-5479763430037897052,0,0,0,7,1,4,1,10
5991,2,3019669025921198088,0,0,0,9,2,5,1,10
5992,2,6028421411968639052,0,1,1,6,2,3,1,10
5993,2,-3869614768804987980,0,0,0,3,5,2,1,10
5994,2,1205643034402406997,0,0,0,5,4,3,1,10
5995,2,8672107463464750753,0,0,0,7,3,4,1,10
5996,2,6554253854189064824,0,0,0,7,4,4,1,10
5997,2,425420946791219223,0,0,0,5,5,3,1,10
5998,2,3549858402805643098,0,0,0,5,3,3,1,10
5999,2,-526513630548074708,0,0,0,5,3,3,1,10
6000,2,-6022940072571450336,0,1,1,6,2,3,1,10
6001,2,3241626171911491709,0,1,1,6,1,3,1,10
6002,2,-9047192601660858552,0,1,1,6,2,3,1,10
6003,2,7481146213949971226,0,0,0,5,4,3,1,10
6004,2,4225726992295479991,0,0,0,5,3,3,1,10
6005,2,5656838000150106306,0,0,0,5,3,3,1,10
6006,2,-5602380795243874035,0,0,0,9,5,5,1,10
6007,2,7351075766793880911,0,1,1,4,3,2,1,10
6008,2,-8309067151871169472,0,0,0,5,6,3,1,10
6009,2,6697247729812490611,0,1,1,8,3,4,1,10
6010,2,8752662470461888872,0,1,1,6,2,3,1,10
6011,2,-6790826980971062108,0,0,0,5,4,3,1,10
6012,2,298573813087268311,0,0,0,5,3,3,1,10
6013,2,6202354885239507540,0,0,0,7,2,4,1,10
6014,2,3604092753521332588,0,1,1,6,4,3,1,10
6015,2,141196078952998502,0,1,1,6,2,3,1,10
6016,2,3750048508065397288,0,1,1,6,4,3,1,10
6017,2,-506893996651651876,0,0,0,5,4,3,1,10
6018,2,4307839254842483969,0,0,0,5,5,3,1,10
6019,2,7589342256148957396,0,1,1,10,1,5,1,10
6020,2,5081655288706107382,0,1,1,10,1,5,1,10
6021,2,5551617375142971060,0,0,0,7,1,4,1,10
6022,2,-3742831403228933789,0,1,1,6,1,3,1,10
6023,2,8126089596494804388,0,1,1,4,3,2,1,10
6024,2,7891824851725486230,0,1,1,8,1,4,1,10
6025,2,382973202358869052,0,0,0,5,7,3,1,10
6026,2,7349118552813495201,0,0,0,7,5,4,1,10
6027,2,-8996937429154634626,0,0,0,5,2,3,1,10
6028,2,-2232524512193517967,0,1,1,6,3,3,1,10
6029,2,6558780202134741766,0,0,0,5,3,3,1,10
6030,2,-1968863247092883681,0,0,0,7,4,4,1,10
6031,2,1771905493738773887,0,1,1,6,1,3,1,10
6032,2,-319377141223206010,0,0,0,5,3,3,1,10
6033,2,6005431973708366937,0,0,0,5,5,3,1,10
6034,2,-5636478950686116843,0,0,0,5,8,3,1,10
6035,2,7811288638193669048,0,1,1,6,2,3,1,10
6036,2,-7194875431908939803,0,1,1,4,5,2,1,10
6037,2,-8940063617559146577,0,0,0,7,1,4,1,10
6038,2,9063525247460247053,0,0,0,5,1,3,1,10
6039,2,-1429151611259744339,0,1,1,6,2,3,1,10
6040,2,1338760075183902773,0,0,0,7,3,4,1,10
6041,2,5936189564243660087,0,1,1,8,3,4,1,10
6042,2,-7976287569320852887,0,0,0,7,3,4,1,10
6043,2,-3785095417563354665,0,0,0,7,4,4,1,10
6044,2,-9080853187883873233,0,0,0,7,2,4,1,10
6045,2,6551242875980308564,0,0,0,7,1,4,1,10
6046,2,-7416189910478158118,0,1,1,6,3,3,1,10
6047,2,-7233113440702638814,0,0,0,5,4,3,1,10
6048,2,-3235347881911419616,0,1,1,6,2,3,1,10
6049,2,2515333520061020700,0,0,0,7,1,4,1,10
6050,2,-6884332419548194838,0,0,0,5,5,3,1,10
6051,2,-9005805847662069392,0,1,1,6,5,3,1,10
6052,2,466753568900580459,0,0,0,5,5,3,1,10
6053,2,8935201837739662297,0,0,0,5,3,3,1,10
6054,2,-3987869354047428749,0,0,0,3,5,2,1,10
6055,2,-5461928484298318317,0,1,1,6,1,3,1,10
6056,2,-816910871635135995,0,0,0,7,2,4,1,10
6057,2,357480572544838028,0,1,1,6,3,3,1,10
6058,2,3242986631448046374,0,0,0,5,1,3,1,10
6059,2,1201647710377682007,0,1,1,6,2,3,1,10
6060,2,5842837653001339639,0,0,0,7,3,4,1,10
6061,2,397958588526546021,0,0,0,7,1,4,1,10
6062,2,5689227290174751494,0,1,1,6,2,3,1,10
6063,2,8651604365332402678,0,0,0,7,4,4,1,10
6064,2,1315738244212764640,0,1,1,6,4,3,1,10
6065,2,8851432779059307852,0,1,1,8,2,4,1,10
6066,2,6242363633024774122,0,0,0,5,3,3,1,10
6067,2,2319383336805034914,0,1,1,6,1,3,1,10
6068,2,4061604803457747824,0,1,1,6,2,3,1,10
6069,2,-8478760739115495588,0,0,0,7,1,4,1,10
6070,2,8007475969672960510,0,0,0,7,1,4,1,10
6071,2,8580399754885734270,0,0,0,5,4,3,1,10
6072,2,5293506936209961198,0,0,0,9,2,5,1,10
6073,2,-5112823548250869150,0,1,1,6,2,3,1,10
6074,2,-8655467957461358782,0,0,0,7,3,4,1,10
6075,2,8942055073962639269,0,1,1,4,4,2,1,10
6076,2,-4552349142305406285,0,0,0,5,7,3,1,10
6077,2,3873767741101679970,0,0,0,9,2,5,1,10
6078,2,-3545182974805548534,0,0,0,7,2,4,1,10
6079,2,3575071943519849634,0,0,0,7,3,4,1,10
6080,2,2102694895883843757,0,0,0,5,4,3,1,10
6081,2,4360906623243919634,0,1,1,8,2,4,1,10
6082,2,5259256394955337596,0,0,0,7,2,4,1,10
6083,2,-4256377094228127754,0,0,0,7,2,4,1,10
6084,2,3448439991940464349,0,0,0,5,1,3,1,10
6085,2,1897294392773771870,0,0,0,7,2,4,1,10
6086,2,736455396180497941,0,0,0,7,6,4,1,10
6087,2,5649048709581473430,0,0,0,7,2,4,1,10
6088,2,-3670523209585826855,0,0,0,3,8,2,1,10
6089,2,-6909084901101331230,0,1,1,6,1,3,1,10
6090,2,-5939559041923410908,0,1,1,6,4,3,1,10
6091,2,-7499633015477609622,0,1,1,6,4,3,1,10
6092,2,277640674313557835,0,0,0,9,4,5,1,10
6093,2,-1997807674369614477,0,1,1,8,1,4,1,10
6094,2,-2610033934665513394,0,0,0,7,3,4,1,10
6095,2,3194109769095918031,0,1,1,6,3,3,1,10
6096,2,-7888496203690182544,0,1,1,6,1,3,1,10
6097,2,746766354653527191,0,1,1,8,3,4,1,10
6098,2,-2430892995208045048,0,1,1,6,5,3,1,10
6099,2,1024684111220867094,0,0,0,7,1,4,1,10
6100,2,7092087471114351769,0,0,0,5,2,3,1,10
6101,2,7550196823803035911,0,1,1,6,3,3,1,10
6102,2,8642982641460979744,0,0,0,7,3,4,1,10
6103,2,-2784899649921435133,0,0,0,5,1,3,1,10
6104,2,8391050150612727213,0,1,1,6,5,3,1,10
6105,2,-3712957399403015628,0,1,1,4,1,2,1,10
6106,2,9165079774805828405,0,0,0,5,5,3,1,10
6107,2,-4781555179704087730,0,1,1,10,2,5,1,10
6108,2,-3619219691993816922,0,0,0,7,2,4,1,10
6109,2,-3817848731780932928,0,1,1,8,2,4,1,10
6110,2,-101941874766305734,0,0,0,5,4,3,1,10
6111,2,-5236440210303032794,0,1,1,6,4,3,1,10
6112,2,-6738367592603458545,0,0,0,5,2,3,1,10
6113,2,837966096474356480,0,0,0,5,3,3,1,10
6114,2,-838467455639546121,0,0,0,5,3,3,1,10
6115,2,-6634785559311791703,0,0,0,7,5,4,1,10
6116,2,3619269924541929101,0,0,0,5,5,3,1,10
6117,2,3453797192164936577,0,0,0,5,2,3,1,10
6118,2,2497712100847235208,0,0,0,9,1,5,1,10
6119,2,6335643682029900908,0,0,0,9,2,5,1,10
6120,2,-8572939182881741485,0,0,0,5,6,3,1,10
6121,2,-8247751241206222976,0,1,1,8,1,4,1,10
6122,2,-4254332958510065188,0,0,0,7,2,4,1,10
6123,2,-6521857492107471111,0,1,1,6,6,3,1,10
6124,2,-7142507210122620244,0,0,0,7,3,4,1,10
6125,2,4165033527949408112,0,0,0,3,6,2,1,10
6126,2,7590649189619223607,0,0,0,7,3,4,1,10
6127,2,6377683823842538060,0,0,0,5,3,3,1,10
6128,2,1066364692074103925,0,0,0,7,1,4,1,10
6129,2,89664399738573688,0,1,1,6,3,3,1,10
6130,2,-7026713125139969616,0,0,0,5,5,3,1,10
6131,2,-8592875104488001962,0,0,0,5,6,3,1,10
6132,2,3198240677914223263,0,1,1,10,2,5,1,10
6133,2,-4283040132294552077,0,0,0,5,3,3,1,10
6134,2,-6811441208683584588,0,1,1,8,3,4,1,10
6135,2,5121856833544545403,0,0,0,5,1,3,1,10
6136,2,-5972612184308611662,0,0,0,7,1,4,1,10
6137,2,6715785959188907502,0,1,1,8,1,4,1,10
6138,2,-5127715190083399295,0,1,1,6,5,3,1,10
6139,2,-7574120443489437165,0,0,0,5,2,3,1,10
6140,2,930491688453666117,0,1,1,6,3,3,1,10
6141,2,-7214034722479062611,0,0,0,7,4,4,1,10
6142,2,8392734367975462572,0,0,0,5,1,3,1,10
6143,2,-2795507184131740948,0,0,0,7,2,4,1,10
6144,2,6034469477439780487,0,0,0,7,2,4,1,10
6145,2,3143523021079146790,0,1,1,6,1,3,1,10
6146,2,-7187083344070559332,0,1,1,8,3,4,1,10
6147,2,5418239207538009030,0,1,1,10,4,5,1,10
6148,2,-8055095957504709959,0,1,1,6,1,3,1,10
6149,2,2597435823029635204,0,0,0,7,2,4,1,10
6150,2,3573763663575337484,0,0,0,5,5,3,1,10
6151,2,-146900594866852650,0,0,0,5,4,3,1,10
6152,2,5293128224489192882,0,1,1,8,3,4,1,10
6153,2,-2442029494016615771,0,1,1,6,1,3,1,10
6154,2,-8490930169853479027,0,0,0,9,1,5,1,10
6155,2,-5052093811751214012,0,0,0,5,4,3,1,10
6156,2,-5560231867939543974,0,0,0,5,4,3,1,10
6157,2,3353107750081395613,0,0,0,7,2,4,1,10
6158,2,3789686832647993345,0,0,0,7,4,4,1,10
6159,2,-7788507391383877460,0,1,1,6,2,3,1,10
6160,2,8802858145006644015,0,1,1,6,1,3,1,10
6161,2,-9115561384294763727,0,0,0,5,6,3,1,10
6162,2,712235852494880289,0,0,0,5,4,3,1,10
6163,2,-7531470304023833695,0,0,0,5,3,3,1,10
6164,2,-6953767598826957629,0,0,0,5,1,3,1,10
6165,2,8318011427431022429,0,0,0,7,7,4,1,10
6166,2,-8592147493894799367,0,1,1,6,1,3,1,10
6167,2,-3740774130164079578,0,0,0,5,1,3,1,10
6168,2,-2036369867344279493,0,0,0,5,5,3,1,10
6169,2,7711452092874778319,0,0,0,3,6,2,1,10
6170,2,6505302463852907879,0,1,1,8,3,4,1,10
6171,2,693585158829603123,0,0,0,7,3,4,1,10
6172,2,113304679901237202,0,1,1,6,2,3,1,10
6173,2,7536732183217036137,0,0,0,7,2,4,1,10
6174,2,-6241223584347310433,0,1,1,6,4,3,1,10
6175,2,-9009127557664605130,0,0,0,5,2,3,1,10
6176,2,1330115552525887316,0,0,0,5,1,3,1,10
6177,2,-5208968072967852862,0,1,1,6,1,3,1,10
6178,2,-3944800835890412887,0,0,0,5,4,3,1,10
6179,2,-6159991541793956977,0,0,0,5,5,3,1,10
6180,2,4016679147959245475,0,1,1,6,2,3,1,10
6181,2,8035513637009312422,0,0,0,5,6,3,1,10
6182,2,-9181722406293965343,0,0,0,5,6,3,1,10
6183,2,1768444729521272082,0,0,0,7,5,4,1,10
6184,2,-2443682890229287882,0,0,0,5,8,3,1,10
6185,2,-5253930940166203502,0,0,0,5,2,3,1,10
6186,2,3614651753923487863,0,0,0,5,6,3,1,10
6187,2,7476574181791961225,0,0,0,7,2,4,1,10
6188,2,-5204505207276323947,0,1,1,6,4,3,1,10
6189,2,-7849954262451057863,0,0,0,9,2,5,1,10
6190,2,395616198030421229,0,0,0,5,6,3,1,10
6191,2,-8051098475906487760,0,1,1,6,1,3,1,10
6192,2,-2838747534611250210,0,0,0,5,4,3,1,10
6193,2,-7344638645909887743,0,0,0,7,4,4,1,10
6194,2,2601034640515942044,0,1,1,6,2,3,1,10
6195,2,2725044065025035575,0,1,1,8,2,4,1,10
6196,2,3778400252741487171,0,0,0,7,1,4,1,10
6197,2,5612091146266422919,0,1,1,6,6,3,1,10
6198,2,1940768177324994607,0,0,0,5,2,3,1,10
6199,2,157119184404037188,0,0,0,5,3,3,1,10
6200,2,2275235354919281802,0,0,0,5,7,3,1,10
6201,2,-56551867496903145,0,1,1,8,1,4,1,10
6202,2,8147574129853641253,0,0,0,7,2,4,1,10
6203,2,5830536951511463406,0,1,1,8,1,4,1,10
6204,2,6238265429845950347,0,1,1,6,2,3,1,10
6205,2,1343979357654083892,0,1,1,6,1,3,1,10
6206,2,-8115043437451949741,0,1,1,6,4,3,1,10
6207,2,-6491046943106733245,0,1,1,6,1,3,1,10
6208,2,-9140156919227011658,0,1,1,6,2,3,1,10
6209,2,3830114439969969942,0,0,0,5,8,3,1,10
6210,2,2817334529848417632,0,1,1,8,1,4,1,10
6211,2,-4288410501043868093,0,1,1,8,1,4,1,10
6212,2,1895168342870279562,0,0,0,5,5,3,1,10
6213,2,-8141112446236892377,0,0,0,5,3,3,1,10
6214,2,6871643302591989576,0,1,1,4,3,2,1,10
6215,2,58601646023922274,0,0,0,9,2,5,1,10
6216,2,2719368612803301407,0,0,0,5,6,3,1,10
6217,2,5501933960957271941,0,0,0,7,2,4,1,10
6218,2,3758380139162789850,0,0,0,7,1,4,1,10
6219,2,-5610501190959978230,0,0,0,7,1,4,1,10
6220,2,2403161150585620381,0,1,1,6,6,3,1,10
6221,2,-2134642966773102716,0,0,0,3,8,2,1,10
6222,2,-7259640205738291654,0,1,1,8,3,4,1,10
6223,2,-1728102957331433,0,0,0,5,3,3,1,10
6224,2,3404872200198120899,0,1,1,8,4,4,1,10
6225,2,5845023699392967209,0,1,1,6,2,3,1,10
6226,2,3894381534882786911,0,0,0,5,5,3,1,10
6227,2,8151484880125507673,0,0,0,5,2,3,1,10
6228,2,-8390601270567697823,0,1,1,10,1,5,1,10
6229,2,4709198910731474095,0,0,0,5,7,3,1,10
6230,2,-7966749481247250538,0,0,0,5,6,3,1,10
6231,2,533777550904834069,0,1,1,6,1,3,1,10
6232,2,-66371554950495778,0,0,0,5,4,3,1,10
6233,2,5104054650888017158,0,1,1,6,2,3,1,10
6234,2,3971966619938183933,0,1,1,8,1,4,1,10
6235,2,6869475041827560836,0,1,1,10,4,5,1,10
6236,2,2772875475887821746,0,0,0,7,4,4,1,10
6237,2,-4676323847451235249,0,1,1,6,1,3,1,10
6238,2,2154501831713182217,0,1,1,4,8,2,1,10
6239,2,4548369761425411411,0,1,1,6,1,3,1,10
6240,2,1414735290876428525,0,0,0,5,4,3,1,10
6241,2,-4789471840926295711,0,1,1,6,7,3,1,10
6242,2,6409665583184377089,0,1,1,6,1,3,1,10
6243,2,4380789926648944930,0,1,1,6,2,3,1,10
6244,2,373100188667300527,0,0,0,5,4,3,1,10
6245,2,3843326650426893128,0,0,0,7,1,4,1,10
6246,2,4622646543466500480,0,0,0,7,4,4,1,10
6247,2,-6392845103974880763,0,0,0,7,6,4,1,10
6248,2,-5867596277472339794,0,0,0,5,5,3,1,10
6249,2,1921990069554506688,0,0,0,7,2,4,1,10
6250,2,-5921062676215729929,0,0,0,5,5,3,1,10
6251,2,-6145952734043489530,0,0,0,7,5,4,1,10
6252,2,-3379512206294190157,0,0,0,5,5,3,1,10
6253,2,-8925474735907155522,0,0,0,5,4,3,1,10
6254,2,6384634141606248232,0,0,0,5,6,3,1,10
6255,2,-4874091979230551136,0,0,0,5,2,3,1,10
6256,2,-5430331466044282851,0,0,0,7,4,4,1,10
6257,2,-1282132233941031960,0,0,0,7,2,4,1,10
6258,2,-4453572497779375956,0,0,0,5,4,3,1,10
6259,2,-5262623935067246010,0,0,0,7,1,4,1,10
6260,2,7288449527767120988,0,0,0,7,1,4,1,10
6261,2,-6736388388933590249,0,0,0,9,4,5,1,10
6262,2,-5887525045038704274,0,0,0,5,5,3,1,10
6263,2,-5454872504248838438,0,0,0,5,3,3,1,10
6264,2,8659273551565096823,0,0,0,5,5,3,1,10
6265,2,-1375352774715403044,0,0,0,5,3,3,1,10
6266,2,-7569843266999000274,0,1,1,6,2,3,1,10
6267,2,-7117626563767526090,0,0,0,7,1,4,1,10
6268,2,-8945572882621637753,0,0,0,5,4,3,1,10
6269,2,4090916232691099129,0,1,1,6,1,3,1,10
6270,2,2162857572101051392,0,0,0,7,3,4,1,10
6271,2,-7082559688810530905,0,0,0,7,4,4,1,10
6272,2,6861331808802478138,0,0,0,5,1,3,1,10
6273,2,7565494577100446948,0,0,0,7,1,4,1,10
6274,2,983089807334126794,0,0,0,5,5,3,1,10
6275,2,2770780456957466988,0,1,1,8,2,4,1,10
6276,2,-5064220938172561071,0,0,0,3,7,2,1,10
6277,2,-4785348473203893177,0,0,0,7,3,4,1,10
6278,2,1429735054461626313,0,0,0,5,4,3,1,10
6279,2,-1580680498855288517,0,1,1,6,3,3,1,10
6280,2,-7614440840002284255,0,0,0,5,3,3,1,10
6281,2,7056458807468864898,0,0,0,7,5,4,1,10
6282,2,546436384697401100,0,1,1,6,4,3,1,10
6283,2,5767193392060945341,0,1,1,6,3,3,1,10
6284,2,-4851650027554129130,0,0,0,9,4,5,1,10
6285,2,5684974172384430888,0,1,1,6,1,3,1,10
6286,2,3461091925985829624,0,1,1,8,1,4,1,10
6287,2,3164178345304745486,0,1,1,8,1,4,1,10
6288,2,4679892732417548844,0,0,0,5,1,3,1,10
6289,2,-8890874612195228802,0,1,1,6,2,3,1,10
6290,2,-5130726312350742334,0,0,0,5,3,3,1,10
6291,2,2548158558947858494,0,1,1,6,4,3,1,10
6292,2,-2761603608851515532,0,0,0,7,1,4,1,10
6293,2,-4647461480513402113,0,1,1,8,3,4,1,10
6294,2,4059539265776630008,0,0,0,7,4,4,1,10
6295,2,1305591813922480082,0,0,0,5,5,3,1,10
6296,2,-2847287901967885163,0,1,1,8,4,4,1,10
6297,2,-5422443408138279206,0,1,1,6,1,3,1,10
6298,2,-1159321845574572551,0,1,1,6,6,3,1,10
6299,2,-1805428554896350653,0,0,0,5,5,3,1,10
6300,2,4719536581841725000,0,0,0,5,8,3,1,10
6301,2,-7888970031501240462,0,1,1,6,2,3,1,10
6302,2,3940625214028616312,0,0,0,5,5,3,1,10
6303,2,-1649382552858394755,0,0,0,5,4,3,1,10
6304,2,-6123831177165067557,0,1,1,6,1,3,1,10
6305,2,-541192232451306787,0,0,0,5,5,3,1,10
6306,2,6046655711695554557,0,0,0,7,2,4,1,10
6307,2,1300403815033269346,0,1,1,8,2,4,1,10
6308,2,5013655975455252655,0,0,0,5,1,3,1,10
6309,2,-2486302892328935578,0,0,0,5,5,3,1,10
6310,2,-1853702741391696541,0,1,1,8,4,4,1,10
6311,2,3108361996803022149,0,0,0,5,6,3,1,10
6312,2,-6154131542100095813,0,0,0,7,3,4,1,10
6313,2,-2350379425423067636,0,0,0,5,4,3,1,10
6314,2,-2824153380059280037,0,1,1,4,2,2,1,10
6315,2,-6064740112587243409,0,0,0,7,3,4,1,10
6316,2,-3020822512754507514,0,0,0,5,8,3,1,10
6317,2,5359302698748613888,0,0,0,5,2,3,1,10
6318,2,-3456665012530995992,0,0,0,5,3,3,1,10
6319,2,-1689373920458635106,0,1,1,8,2,4,1,10
6320,2,-125705525645481168,0,0,0,7,3,4,1,10
6321,2,-4788509831950149077,0,0,0,5,3,3,1,10
6322,2,-1430565568168504862,0,0,0,7,1,4,1,10
6323,2,-69354507728337023,0,0,0,5,5,3,1,10
6324,2,-3311928462681525526,0,1,1,6,2,3,1,10
6325,2,-5607489996227297883,0,1,1,8,1,4,1,10
6326,2,-5225694354750998157,0,0,0,5,6,3,1,10
6327,2,1233609749307938877,0,0,0,5,3,3,1,10
6328,2,404727620166740089,0,0,0,5,6,3,1,10
6329,2,6062406333774062655,0,0,0,5,7,3,1,10
6330,2,1908189954416131740,0,1,1,8,2,4,1,10
6331,2,-3810105496274183701,0,1,1,6,3,3,1,10
6332,2,-381845244940336329,0,0,0,5,1,3,1,10
6333,2,683079558703120890,0,0,0,5,4,3,1,10
6334,2,4107721558933639345,0,0,0,7,3,4,1,10
6335,2,-1780045650332567017,0,0,0,5,4,3,1,10
6336,2,-4601482896476131310,0,0,0,7,2,4,1,10
6337,2,-4608465686372643698,0,0,0,5,4,3,1,10
6338,2,3363124830034352601,0,1,1,6,1,3,1,10
6339,2,6629193290706161475,0,0,0,7,2,4,1,10
6340,2,-7280623091298832372,0,0,0,5,1,3,1,10
6341,2,-7521687805538845212,0,0,0,9,4,5,1,10
6342,2,-5008652639524715121,0,0,0,5,3,3,1,10
6343,2,2780684057434243938,0,0,0,5,4,3,1,10
6344,2,-3960450516044085575,0,1,1,6,1,3,1,10
6345,2,-4040795996619905380,0,0,0,5,5,3,1,10
6346,2,872801696528488228,0,1,1,6,2,3,1,10
6347,2,3545810969878826589,0,1,1,8,4,4,1,10
6348,2,3744016950867261636,0,0,0,3,8,2,1,10
6349,2,-5642121025603268472,0,1,1,6,1,3,1,10
6350,2,1105916634810847290,0,1,1,8,1,4,1,10
6351,2,-6493793510161989486,0,0,0,5,7,3,1,10
6352,2,6398423307781560938,0,0,0,3,6,2,1,10
6353,2,-2133036186767822545,0,1,1,8,2,4,1,10
6354,2,-4263781372564412598,0,0,0,5,3,3,1,10
6355,2,2137836381033585999,0,0,0,7,6,4,1,10
6356,2,-4625045238633320963,0,1,1,4,5,2,1,10
6357,2,8241404987477339211,0,0,0,9,1,5,1,10
6358,2,8138905109323075103,0,1,1,6,2,3,1,10
6359,2,9136051792121824603,0,1,1,6,3,3,1,10
6360,2,-189476271360470430,0,0,0,5,7,3,1,10
6361,2,-8242607476384438709,0,1,1,4,4,2,1,10
6362,2,-6018360408265226151,0,0,0,7,2,4,1,10
6363,2,641645776336957806,0,1,1,6,2,3,1,10
6364,2,6593680945411473811,0,1,1,6,3,3,1,10
6365,2,2833879002468656850,0,1,1,6,1,3,1,10
6366,2,-6020543612929306132,0,0,0,5,6,3,1,10
6367,2,219184944789077173,0,0,0,5,6,3,1,10
6368,2,-432402447061524705,0,0,0,3,5,2,1,10
6369,2,-3387273701498254538,0,1,1,8,3,4,1,10
6370,2,7583428314268128670,0,1,1,6,3,3,1,10
6371,2,-4985922630980452529,0,0,0,7,3,4,1,10
6372,2,7557446014425863845,0,1,1,8,3,4,1,10
6373,2,7897973959459490050,0,1,1,4,2,2,1,10
6374,2,-6414847654350015604,0,1,1,6,6,3,1,10
6375,2,639103955127154898,0,1,1,6,2,3,1,10
6376,2,9199233854282435164,0,0,0,5,4,3,1,10
6377,2,166764462337097844,0,0,0,5,5,3,1,10
6378,2,4870397158707484581,0,1,1,6,4,3,1,10
6379,2,6550069989208558278,0,0,0,5,4,3,1,10
6380,2,8777791888363786638,0,0,0,7,1,4,1,10
6381,2,3865911876923383552,0,0,0,5,3,3,1,10
6382,2,-7403969994736345043,0,0,0,5,8,3,1,10
6383,2,6298001727927337768,0,0,0,5,3,3,1,10
6384,2,3400943081564391193,0,1,1,6,3,3,1,10
6385,2,2810620582199628235,0,1,1,6,1,3,1,10
6386,2,3888541151628481596,0,0,0,5,1,3,1,10
6387,2,-8348767468483496215,0,0,0,5,3,3,1,10
6388,2,-7673040687485327379,0,0,0,5,5,3,1,10
6389,2,2891467624512981040,0,0,0,5,3,3,1,10
6390,2,-6661489156169143747,0,1,1,4,5,2,1,10
6391,2,4330367811654446189,0,0,0,7,2,4,1,10
6392,2,-7636971244538134128,0,1,1,8,3,4,1,10
6393,2,-8450309929070066113,0,0,0,9,2,5,1,10
6394,2,9030623793812676207,0,0,0,5,7,3,1,10
6395,2,5634587116289447437,0,0,0,3,7,2,1,10
6396,2,-6273142533112598371,0,0,0,7,2,4,1,10
6397,2,2631373113662146361,0,1,1,8,3,4,1,10
6398,2,-7268959923186525849,0,1,1,6,2,3,1,10
6399,2,-7914462312558404459,0,1,1,4,5,2,1,10
6400,2,-7601308736381931712,0,0,0,7,1,4,1,10
6401,2,7222284735823147029,0,0,0,7,3,4,1,10
6402,2,-6081143110644242804,0,0,0,5,3,3,1,10
6403,2,958234783869516230,0,0,0,5,8,3,1,10
6404,2,3704181571133469628,0,1,1,6,1,3,1,10
6405,2,-3280840459255672321,0,1,1,8,2,4,1,10
6406,2,3596545072734894746,0,1,1,6,4,3,1,10
6407,2,-4248920023057685803,0,1,1,6,6,3,1,10
6408,2,-1364093859866698011,0,1,1,8,1,4,1,10
6409,2,-6813275044859675437,0,1,1,4,3,2,1,10
6410,2,9011394315672750624,0,0,0,9,3,5,1,10
6411,2,-8535303989755690262,0,0,0,3,5,2,1,10
6412,2,-9203751169223853402,0,0,0,9,3,5,1,10
6413,2,9145232293608366502,0,0,0,5,7,3,1,10
6414,2,-2755909027259469822,0,0,0,5,3,3,1,10
6415,2,-7579866469093964381,0,0,0,5,1,3,1,10
6416,2,4809073189457479805,0,0,0,5,5,3,1,10
6417,2,3739081520393864510,0,0,0,7,2,4,1,10
6418,2,-1047044184316648457,0,0,0,7,5,4,1,10
6419,2,9135535097103954318,0,0,0,7,1,4,1,10
6420,2,-84328439316963334,0,0,0,5,2,3,1,10
6421,2,-4758549162289315179,0,0,0,5,4,3,1,10
6422,2,281935032596775180,0,0,0,5,5,3,1,10
6423,2,-5494370172429774158,0,1,1,6,4,3,1,10
6424,2,9117654233104620868,0,0,0,7,5,4,1,10
6425,2,8523128087353367898,0,1,1,4,5,2,1,10
6426,2,7659482896752974879,0,0,0,5,4,3,1,10
6427,2,3885582366320325895,0,0,0,3,5,2,1,10
6428,2,-8554232713578193005,0,1,1,6,2,3,1,10
6429,2,-8464250090887977873,0,1,1,8,1,4,1,10
6430,2,-7059943069254948252,0,0,0,7,1,4,1,10
6431,2,6613699780738035449,0,1,1,6,2,3,1,10
6432,2,5070935614204106679,0,0,0,5,3,3,1,10
6433,2,-8901467257898802068,0,1,1,6,5,3,1,10
6434,2,-3554366483156371484,0,0,0,7,3,4,1,10
6435,2,7557450780339993577,0,0,0,5,3,3,1,10
6436,2,-6059248787541662064,0,0,0,5,4,3,1,10
6437,2,-2536435259249939941,0,0,0,5,6,3,1,10
6438,2,-1338308913592930823,0,0,0,7,1,4,1,10
6439,2,-6124636081739929940,0,1,1,6,3,3,1,10
6440,2,-2256774315485705325,0,1,1,4,4,2,1,10
6441,2,-7019408830267566854,0,0,0,7,2,4,1,10
6442,2,-698122042279417388,0,0,0,5,2,3,1,10
6443,2,2445014142964696074,0,1,1,6,5,3,1,10
6444,2,4418309861305738060,0,1,1,6,1,3,1,10
6445,2,-1128287053348488772,0,0,0,5,4,3,1,10
6446,2,3018566265370141431,0,1,1,8,1,4,1,10
6447,2,5347290812355755328,0,0,0,5,2,3,1,10
6448,2,-1758236773213129258,0,0,0,7,4,4,1,10
6449,2,-1115837108980788024,0,0,0,7,4,4,1,10
6450,2,-2572672986041015877,0,0,0,7,1,4,1,10
6451,2,9197356226569071231,0,1,1,6,5,3,1,10
6452,2,-2818955568633916059,0,0,0,7,3,4,1,10
6453,2,-5540250829455684424,0,1,1,6,5,3,1,10
6454,2,8699030183608223180,0,1,1,6,1,3,1,10
6455,2,-8038459675215020694,0,0,0,5,5,3,1,10
6456,2,9141530868561153212,0,0,0,7,1,4,1,10
6457,2,6238015752170357980,0,0,0,7,5,4,1,10
6458,2,6540754085748661416,0,0,0,7,5,4,1,10
6459,2,-8770817421156648036,0,1,1,6,4,3,1,10
6460,2,886588823392705975,0,1,1,4,5,2,1,10
6461,2,1595959419276345269,0,1,1,6,5,3,1,10
6462,2,2974344868322183203,0,0,0,5,7,3,1,10
6463,2,6814026660460235040,0,0,0,9,1,5,1,10
6464,2,-193890295992496189,0,0,0,3,7,2,1,10
6465,2,-541828633806450310,0,1,1,8,1,4,1,10
6466,2,8106987301467698405,0,0,0,5,4,3,1,10
6467,2,7478856094284727031,0,1,1,6,3,3,1,10
6468,2,5283708416887492193,0,0,0,7,2,4,1,10
6469,2,4110103642295919254,0,1,1,6,4,3,1,10
6470,2,6041750026075136234,0,1,1,4,6,2,1,10
6471,2,4453596543394982294,0,1,1,4,5,2,1,10
6472,2,4252605613913986983,0,1,1,8,1,4,1,10
6473,2,-3197611938382855641,0,0,0,5,5,3,1,10
6474,2,5863576326611317249,0,0,0,5,6,3,1,10
6475,2,-1497508776347018395,0,0,0,7,1,4,1,10
6476,2,-1401049971900663106,0,1,1,8,2,4,1,10
6477,2,-6255857905910593407,0,0,0,7,3,4,1,10
6478,2,4319696225893653582,0,0,0,5,3,3,1,10
6479,2,-8474938179751026879,0,0,0,5,4,3,1,10
6480,2,-784981912583395739,0,1,1,4,3,2,1,10
6481,2,-8248533521011324502,0,0,0,5,2,3,1,10
6482,2,-4417765278900496183,0,0,0,5,2,3,1,10
6483,2,-2543222696851816710,0,0,0,5,5,3,1,10
6484,2,-1551758620425566356,0,0,0,7,3,4,1,10
6485,2,3299449840829847515,0,0,0,5,6,3,1,10
6486,2,1657449441501326269,0,1,1,6,2,3,1,10
6487,2,-5540873334846262826,0,1,1,6,7,3,1,10
6488,2,-564640578573945030,0,1,1,6,2,3,1,10
6489,2,2856374471429150213,0,0,0,5,4,3,1,10
6490,2,-8900618122138682551,0,0,0,5,3,3,1,10
6491,2,-5838358670548265204,0,1,1,6,4,3,1,10
6492,2,-900242897189537208,0,0,0,5,1,3,1,10
6493,2,-2762778157858956727,0,1,1,10,1,5,1,10
6494,2,1757840756608087522,0,0,0,7,3,4,1,10
6495,2,-2956633599254757302,0,0,0,5,6,3,1,10
6496,2,166778782481108644,0,0,0,5,5,3,1,10
6497,2,7880016280418672767,0,0,0,9,1,5,1,10
6498,2,-3992622209205499697,0,0,0,5,5,3,1,10
6499,2,-5235624390672446416,0,0,0,5,5,3,1,10
6500,2,2333726856680196719,0,1,1,8,2,4,1,10
6501,2,6609290821602430128,0,0,0,7,3,4,1,10
6502,2,-2021961812602198356,0,0,0,7,4,4,1,10
6503,2,5320100905407369427,0,0,0,5,6,3,1,10
6504,2,-8219557756926440865,0,0,0,5,4,3,1,10
6505,2,3842758794459037084,0,1,1,6,3,3,1,10
6506,2,-522829497823175192,0,0,0,5,2,3,1,10
6507,2,-5964941430329731525,0,1,1,10,2,5,1,10
6508,2,8608642250726322238,0,0,0,7,2,4,1,10
6509,2,-4082193109049462987,0,1,1,6,2,3,1,10
6510,2,-4055328732645081273,0,1,1,8,1,4,1,10
6511,2,-3959678094098652956,0,1,1,6,6,3,1,10
6512,2,-721555319091367575,0,1,1,4,4,2,1,10
6513,2,-3529344046974210782,0,0,0,9,4,5,1,10
6514,2,5507785933117559904,0,0,0,5,4,3,1,10
6515,2,6209896591269186625,0,0,0,3,5,2,1,10
6516,2,-2571042235767360175,0,1,1,6,1,3,1,10
6517,2,5578325817525654845,0,0,0,7,1,4,1,10
6518,2,6797604789308614175,0,0,0,5,4,3,1,10
6519,2,7576609640308995380,0,0,0,5,8,3,1,10
6520,2,-6553749061910936579,0,0,0,7,5,4,1,10
6521,2,3858159483366664726,0,1,1,8,2,4,1,10
6522,2,-1170688815392271547,0,1,1,6,4,3,1,10
6523,2,-8683848362270542696,0,1,1,6,4,3,1,10
6524,2,4208043183496004743,0,0,0,5,3,3,1,10
6525,2,-6978849411751004819,0,1,1,6,1,3,1,10
6526,2,8828576232828434147,0,0,0,5,4,3,1,10
6527,2,-8826382420338775624,0,0,0,7,5,4,1,10
6528,2,4605195787908893595,0,1,1,6,3,3,1,10
6529,2,-2251906529131201861,0,0,0,5,5,3,1,10
6530,2,-4894618359258898717,0,0,0,5,3,3,1,10
6531,2,-1860648789152328492,0,0,0,7,1,4,1,10
6532,2,-296538530975565317,0,0,0,5,3,3,1,10
6533,2,-884178527955404374,0,1,1,6,1,3,1,10
6534,2,9019806043652674175,0,0,0,5,1,3,1,10
6535,2,4257082032488907171,0,0,0,5,8,3,1,10
6536,2,-225993107119805699,0,1,1,6,1,3,1,10
6537,2,5591261552765370521,0,0,0,5,4,3,1,10
6538,2,-4348525423715473208,0,0,0,5,8,3,1,10
6539,2,1054935955809649100,0,1,1,6,2,3,1,10
6540,2,2136350858560451339,0,0,0,7,4,4,1,10
6541,2,-1610004974600057063,0,0,0,7,4,4,1,10
6542,2,8557982560135409440,0,1,1,8,4,4,1,10
6543,2,3968425851119073132,0,0,0,7,5,4,1,10
6544,2,-7449539087517536734,0,1,1,6,3,3,1,10
6545,2,-7582812960976156558,0,1,1,8,2,4,1,10
6546,2,3538391707891277760,0,1,1,6,2,3,1,10
6547,2,916086530633428883,0,0,0,7,5,4,1,10
6548,2,8168148683640151636,0,0,0,5,4,3,1,10
6549,2,-4835996987086572001,0,0,0,5,4,3,1,10
6550,2,-5394641345738397645,0,1,1,6,1,3,1,10
6551,2,-2110018276607914810,0,0,0,5,3,3,1,10
6552,2,-7361002925155313082,0,0,0,5,6,3,1,10
6553,2,-5290600364256273843,0,1,1,6,4,3,1,10
6554,2,4307581651962036185,0,0,0,5,1,3,1,10
6555,2,5570465519410086271,0,0,0,9,1,5,1,10
6556,2,-2397633035455853646,0,0,0,5,2,3,1,10
6557,2,-8449879366095465888,0,0,0,7,2,4,1,10
6558,2,-7012337168497111451,0,0,0,5,3,3,1,10
6559,2,3818717169274575528,0,0,0,3,5,2,1,10
6560,2,-3142390708676100634,0,0,0,5,7,3,1,10
6561,2,5412932705315604847,0,0,0,5,4,3,1,10
6562,2,3604080468316283488,0,0,0,5,1,3,1,10
6563,2,8252386195733895716,0,1,1,6,1,3,1,10
6564,2,-5410345147451327420,0,1,1,8,2,4,1,10
6565,2,-7167162461183722813,0,1,1,8,2,4,1,10
6566,2,-290715296867108957,0,1,1,8,2,4,1,10
6567,2,-5518951756868345529,0,0,0,5,5,3,1,10
6568,2,6708094722987901120,0,0,0,5,4,3,1,10
6569,2,-742903599466052516,0,0,0,5,7,3,1,10
6570,2,-2716394787018650143,0,0,0,9,4,5,1,10
6571,2,-5525114281779221672,0,0,0,5,4,3,1,10
6572,2,6705372245716103781,0,1,1,8,1,4,1,10
6573,2,-1002817655679760020,0,1,1,6,3,3,1,10
6574,2,1199506114454130459,0,0,0,7,1,4,1,10
6575,2,7693015099361990678,0,0,0,7,2,4,1,10
6576,2,6865190721130640336,0,1,1,6,5,3,1,10
6577,2,-5873811883491154727,0,0,0,5,6,3,1,10
6578,2,-6030305281040742871,0,0,0,9,1,5,1,10
6579,2,-5788878044906928592,0,1,1,8,2,4,1,10
6580,2,-78021646183644749,0,1,1,4,2,2,1,10
6581,2,-8875930592314233921,0,0,0,5,2,3,1,10
6582,2,2657330421904090424,0,1,1,6,1,3,1,10
6583,2,-1660776018498306612,0,0,0,7,2,4,1,10
6584,2,-8874229485787487916,0,0,0,5,6,3,1,10
6585,2,-6517744531765411860,0,1,1,6,4,3,1,10
6586,2,-6712451290290103225,0,1,1,6,2,3,1,10
6587,2,-2147985218408617215,0,0,0,5,3,3,1,10
6588,2,-1676751347495936245,0,0,0,5,4,3,1,10
6589,2,-229700841347485085,0,0,0,7,4,4,1,10
6590,2,6920892088606850985,0,0,0,5,3,3,1,10
6591,2,-9166917732960819108,0,1,1,8,2,4,1,10
6592,2,-2156254379768685369,0,0,0,5,1,3,1,10
6593,2,-8502893574744558118,0,0,0,5,4,3,1,10
6594,2,-6366400838174802299,0,0,0,5,3,3,1,10
6595,2,1760596104547539295,0,1,1,4,8,2,1,10
6596,2,-3809349956707422070,0,0,0,5,2,3,1,10
6597,2,-3425608248553594565,0,0,0,5,3,3,1,10
6598,2,1579579517457951065,0,0,0,5,4,3,1,10
6599,2,6974638784921457917,0,0,0,5,6,3,1,10
6600,2,-7639199593065671960,0,0,0,7,4,4,1,10
6601,2,5801518215236682279,0,0,0,7,3,4,1,10
6602,2,-2728930597977175949,0,1,1,8,2,4,1,10
6603,2,-7313382757216526304,0,0,0,7,2,4,1,10
6604,2,1893188604441353613,0,1,1,6,3,3,1,10
6605,2,577162459043954542,0,1,1,6,5,3,1,10
6606,2,-1788054137932332425,0,0,0,5,3,3,1,10
6607,2,5050534715864578084,0,0,0,7,3,4,1,10
6608,2,-8042907478210864716,0,0,0,5,3,3,1,10
6609,2,-3309181668478350440,0,0,0,5,6,3,1,10
6610,2,3600206491028820700,0,1,1,6,4,3,1,10
6611,2,-1488702439730565799,0,1,1,6,2,3,1,10
6612,2,2668152208387415728,0,0,0,5,8,3,1,10
6613,2,2147638013060949855,0,1,1,6,5,3,1,10
6614,2,6223471976427573358,0,1,1,6,1,3,1,10
6615,2,-3154719937000649340,0,0,0,5,2,3,1,10
6616,2,3354255474468192359,0,1,1,6,1,3,1,10
6617,2,-2593701209544100813,0,0,0,9,1,5,1,10
6618,2,4510302531539370958,0,0,0,5,6,3,1,10
6619,2,5362390808560115294,0,0,0,5,2,3,1,10
6620,2,-5520006354500416047,0,0,0,5,4,3,1,10
6621,2,-5453869997395306827,0,0,0,7,1,4,1,10
6622,2,-5609371743141982739,0,1,1,6,5,3,1,10
6623,2,-2664077329623226348,0,1,1,6,1,3,1,10
6624,2,-6949231561378816130,0,1,1,6,1,3,1,10
6625,2,-8486384382929934020,0,0,0,5,5,3,1,10
6626,2,332306518298254997,0,0,0,3,5,2,1,10
6627,2,6920033656181018565,0,0,0,5,4,3,1,10
6628,2,4395357058985440781,0,0,0,9,5,5,1,10
6629,2,1939597624276713043,0,0,0,9,1,5,1,10
6630,2,8509832673156987616,0,1,1,8,1,4,1,10
6631,2,1409440893871030791,0,0,0,5,8,3,1,10
6632,2,4700979809578838198,0,0,0,5,3,3,1,10
6633,2,348215225511899960,0,0,0,5,8,3,1,10
6634,2,4182282382922273726,0,0,0,5,1,3,1,10
6635,2,-4823075043679523485,0,1,1,6,5,3,1,10
6636,2,630448376452981697,0,1,1,6,1,3,1,10
6637,2,-2703881741777268129,0,1,1,6,2,3,1,10
6638,2,-9027710226522608524,0,0,0,9,3,5,1,10
6639,2,2086436367258078420,0,1,1,6,1,3,1,10
6640,2,7405178872131499789,0,0,0,7,2,4,1,10
6641,2,-440711946095802898,0,0,0,5,3,3,1,10
6642,2,7097654394506924312,0,0,0,5,4,3,1,10
6643,2,1675975554576335436,0,1,1,6,1,3,1,10
6644,2,-4132993939554814838,0,1,1,6,1,3,1,10
6645,2,-4421404160486057410,0,0,0,5,4,3,1,10
6646,2,-3604486014586495722,0,1,1,6,4,3,1,10
6647,2,-4440587080758378192,0,0,0,5,1,3,1,10
6648,2,4173743865832840895,0,0,0,5,7,3,1,10
6649,2,7818454660234350688,0,1,1,4,5,2,1,10
6650,2,-8339667765412245074,0,0,0,11,1,6,1,10
6651,2,7712349197050218711,0,0,0,5,1,3,1,10
6652,2,8408771914162759493,0,1,1,6,4,3,1,10
6653,2,3526968572639641750,0,1,1,6,3,3,1,10
6654,2,7867756709358845043,0,0,0,7,1,4,1,10
6655,2,-3247409838138527986,0,1,1,6,1,3,1,10
6656,2,-6343867086011286199,0,1,1,4,3,2,1,10
6657,2,-5605199291285615403,0,1,1,6,1,3,1,10
6658,2,-5821226984093471283,0,0,0,7,1,4,1,10
6659,2,7767103107351100055,0,0,0,5,4,3,1,10
6660,2,-6916094511404471282,0,0,0,5,1,3,1,10
6661,2,-8454790424080047286,0,0,0,5,3,3,1,10
6662,2,1819280323014999928,0,1,1,10,1,5,1,10
6663,2,1488165758463888805,0,0,0,3,7,2,1,10
6664,2,-8420275317132129943,0,1,1,6,5,3,1,10
6665,2,-5220673799016148782,0,1,1,6,1,3,1,10
6666,2,-1248204809416283389,0,0,0,5,7,3,1,10
6667,2,-1457511402210189215,0,0,0,5,3,3,1,10
6668,2,5984424237870527555,0,0,0,5,2,3,1,10
6669,2,2480867626271482752,0,0,0,7,2,4,1,10
6670,2,-8191095385621024686,0,0,0,5,4,3,1,10
6671,2,1976323199739562857,0,0,0,7,3,4,1,10
6672,2,-9086191587995147493,0,0,0,9,1,5,1,10
6673,2,-1949922840576860901,0,0,0,3,8,2,1,10
6674,2,4550967193374034973,0,0,0,5,6,3,1,10
6675,2,2622051495038640716,0,0,0,5,5,3,1,10
6676,2,4748466154841850497,0,0,0,7,1,4,1,10
6677,2,187747375205578141,0,0,0,3,7,2,1,10
6678,2,7486866068847378031,0,1,1,6,5,3,1,10
6679,2,937271199435611663,0,0,0,7,4,4,1,10
6680,2,2640125995015316380,0,0,0,5,3,3,1,10
6681,2,4384397091527323061,0,0,0,5,6,3,1,10
6682,2,3527525398796558631,0,0,0,7,2,4,1,10
6683,2,582685294821595051,0,0,0,5,6,3,1,10
6684,2,421686777337313957,0,1,1,6,3,3,1,10
6685,2,6157962039598215494,0,0,0,5,5,3,1,10
6686,2,6500204671715430010,0,1,1,6,4,3,1,10
6687,2,-7277969098326257012,0,0,0,5,4,3,1,10
6688,2,-8418338581351273110,0,1,1,8,1,4,1,10
6689,2,-8346364940903020058,0,0,0,5,5,3,1,10
6690,2,-2256912487437150353,0,0,0,3,8,2,1,10
6691,2,485613186909951763,0,1,1,6,3,3,1,10
6692,2,8720447522163044812,0,0,0,5,5,3,1,10
6693,2,7210121306527768928,0,0,0,5,5,3,1,10
6694,2,-1580260210845070751,0,0,0,5,3,3,1,10
6695,2,-4909162394895213291,0,0,0,7,3,4,1,10
6696,2,5968404906832067649,0,0,0,7,1,4,1,10
6697,2,-4184064910218079182,0,0,0,5,2,3,1,10
6698,2,5667672761477450113,0,0,0,7,1,4,1,10
6699,2,-1330384577616181669,0,1,1,6,3,3,1,10
6700,2,-8999098831228912046,0,0,0,7,2,4,1,10
6701,2,7275818830640878607,0,0,0,7,6,4,1,10
6702,2,296596314410578258,0,0,0,5,6,3,1,10
6703,2,-1441219173063562976,0,0,0,5,7,3,1,10
6704,2,-7626234261879769826,0,0,0,7,1,4,1,10
6705,2,-2074416569126053281,0,0,0,5,4,3,1,10
6706,2,-7046517756683727061,0,0,0,5,5,3,1,10
6707,2,-3790126052746909034,0,0,0,7,5,4,1,10
6708,2,-1703489583704258602,0,1,1,8,2,4,1,10
6709,2,-7804284779126904134,0,1,1,6,1,3,1,10
6710,2,1470250359302825913,0,1,1,4,3,2,1,10
6711,2,-22102357174343327,0,0,0,7,2,4,1,10
6712,2,-8694641252481026497,0,1,1,6,4,3,1,10
6713,2,-2281392897547328143,0,0,0,7,6,4,1,10
6714,2,-154027907078124166,0,1,1,6,1,3,1,10
6715,2,209819412362229786,0,0,0,7,3,4,1,10
6716,2,-1471541413907196109,0,0,0,5,3,3,1,10
6717,2,5323312188301339141,0,0,0,7,2,4,1,10
6718,2,9181285339779254082,0,0,0,5,2,3,1,10
6719,2,-3511284715066071091,0,1,1,6,2,3,1,10
6720,2,-7053718424545777888,0,0,0,5,2,3,1,10
6721,2,-5736783581673092690,0,0,0,3,6,2,1,10
6722,2,4135675252003210938,0,0,0,9,3,5,1,10
6723,2,-954716192946167173,0,0,0,5,3,3,1,10
6724,2,-3143514049674484089,0,0,0,5,2,3,1,10
6725,2,1390621267095407061,0,1,1,4,1,2,1,10
6726,2,-7100681656636444964,0,0,0,5,1,3,1,10
6727,2,5053365449277379993,0,0,0,7,6,4,1,10
6728,2,-8466716983889852290,0,0,0,5,6,3,1,10
6729,2,4603739891699545754,0,1,1,8,1,4,1,10
6730,2,3949861322916358777,0,0,0,7,2,4,1,10
6731,2,-2474331540510937969,0,0,0,5,3,3,1,10
6732,2,-6161785015497445073,0,0,0,5,4,3,1,10
6733,2,-748155777265924785,0,1,1,8,1,4,1,10
6734,2,-7389899532233583949,0,0,0,5,5,3,1,10
6735,2,-7073361687802619077,0,0,0,5,4,3,1,10
6736,2,6706657603619488855,0,1,1,6,1,3,1,10
6737,2,-2316031185912822022,0,0,0,7,4,4,1,10
6738,2,-2361929129642203773,0,0,0,7,1,4,1,10
6739,2,-365661700615538581,0,0,0,5,1,3,1,10
6740,2,-5240499489376533560,0,0,0,5,7,3,1,10
6741,2,7268455654506228439,0,0,0,5,5,3,1,10
6742,2,-3165305981623825356,0,0,0,7,5,4,1,10
6743,2,-3585344335734839194,0,1,1,6,1,3,1,10
6744,2,-7647659820527862297,0,1,1,4,4,2,1,10
6745,2,-5617603585728114476,0,0,0,7,2,4,1,10
6746,2,3785848242522845670,0,1,1,6,5,3,1,10
6747,2,-2857164141267413148,0,0,0,7,3,4,1,10
6748,2,-7037878582523868114,0,0,0,7,1,4,1,10
6749,2,-7079240107943744492,0,0,0,5,8,3,1,10
6750,2,-6024689002158757364,0,0,0,7,3,4,1,10
6751,2,8906253835716772881,0,1,1,6,3,3,1,10
6752,2,790218071822639531,0,0,0,5,7,3,1,10
6753,2,-1192287933926115987,0,0,0,7,4,4,1,10
6754,2,-7698477853752088850,0,0,0,9,2,5,1,10
6755,2,8558450680973548046,0,0,0,5,2,3,1,10
6756,2,2180769541571225984,0,0,0,5,8,3,1,10
6757,2,6821983457164504553,0,1,1,6,1,3,1,10
6758,2,-3548471568699146200,0,1,1,6,3,3,1,10
6759,2,-1462895844427588496,0,0,0,5,1,3,1,10
6760,2,-2903071520051710623,0,1,1,4,2,2,1,10
6761,2,2463663395540332873,0,0,0,9,2,5,1,10
6762,2,7960938490989119785,0,0,0,9,1,5,1,10
6763,2,-3884563309331996609,0,0,0,7,4,4,1,10
6764,2,-3847952006606570471,0,0,0,3,9,2,1,10
6765,2,4073583971904575613,0,0,0,5,4,3,1,10
6766,2,7722979178909546421,0,0,0,5,6,3,1,10
6767,2,-3816828830310689032,0,1,1,6,2,3,1,10
6768,2,-4211564087106443259,0,0,0,5,4,3,1,10
6769,2,-6090564215674704851,0,1,1,6,2,3,1,10
6770,2,-2356514664673060252,0,0,0,5,3,3,1,10
6771,2,-8806053781474842356,0,1,1,6,2,3,1,10
6772,2,5751503270677149079,0,0,0,5,2,3,1,10
6773,2,-1129956919488518349,0,1,1,6,4,3,1,10
6774,2,-859976995233259744,0,0,0,5,1,3,1,10
6775,2,-3822390218889420705,0,1,1,6,4,3,1,10
6776,2,-2338994330477469228,0,0,0,5,4,3,1,10
6777,2,3387105317293476127,0,1,1,6,2,3,1,10
6778,2,802568019877259691,0,0,0,3,6,2,1,10
6779,2,6845928343984054986,0,0,0,7,3,4,1,10
6780,2,1337102528459565271,0,1,1,6,2,3,1,10
6781,2,-6165268137152595790,0,1,1,4,3,2,1,10
6782,2,5069076997196790295,0,0,0,5,5,3,1,10
6783,2,7052699116272106649,0,1,1,6,2,3,1,10
6784,2,2410870523328025676,0,1,1,6,1,3,1,10
6785,2,-4861521771482139037,0,1,1,6,1,3,1,10
6786,2,2266317388886795084,0,0,0,5,3,3,1,10
6787,2,3248455960006032141,0,0,0,7,1,4,1,10
6788,2,4245993097946733045,0,0,0,5,6,3,1,10
6789,2,-2822905101229678883,0,0,0,5,3,3,1,10
6790,2,6629112526883000709,0,1,1,6,3,3,1,10
6791,2,3924286418216408795,0,0,0,5,4,3,1,10
6792,2,8329692393670527529,0,0,0,7,6,4,1,10
6793,2,-3405617769891594881,0,0,0,5,4,3,1,10
6794,2,5454596815497994451,0,0,0,7,4,4,1,10
6795,2,-7950808765743092053,0,0,0,5,5,3,1,10
6796,2,9006095484768833104,0,1,1,6,4,3,1,10
6797,2,2651227298693394138,0,0,0,3,5,2,1,10
6798,2,-1589468983193746535,0,1,1,6,4,3,1,10
6799,2,-83497801078337126,0,1,1,8,2,4,1,10
6800,2,7218327104449574760,0,1,1,6,1,3,1,10
6801,2,-8765810276409322697,0,0,0,5,1,3,1,10
6802,2,3266344459039504654,0,0,0,5,1,3,1,10
6803,2,1245503742002158008,0,0,0,5,2,3,1,10
6804,2,3412042206902410371,0,0,0,5,4,3,1,10
6805,2,-3624954176240742129,0,0,0,7,2,4,1,10
6806,2,-8476725951372831810,0,1,1,6,2,3,1,10
6807,2,-2532408000513010037,0,0,0,5,7,3,1,10
6808,2,5719830471665486151,0,1,1,4,4,2,1,10
6809,2,-8031245669146122352,0,0,0,7,5,4,1,10
6810,2,8118318895309426697,0,0,0,7,5,4,1,10
6811,2,-4214677093413501046,0,1,1,6,1,3,1,10
6812,2,-9154964863365743508,0,0,0,7,4,4,1,10
6813,2,3840708987361055007,0,0,0,7,2,4,1,10
6814,2,6080614649263749795,0,0,0,5,6,3,1,10
6815,2,-9202234127419644253,0,0,0,5,8,3,1,10
6816,2,-1796134517261404607,0,0,0,5,6,3,1,10
6817,2,-2911390501685037615,0,0,0,5,8,3,1,10
6818,2,-6366646865368471790,0,1,1,6,3,3,1,10
6819,2,1263445215885148854,0,0,0,5,5,3,1,10
6820,2,-2385143605999593688,0,1,1,6,5,3,1,10
6821,2,-7855557795921613328,0,0,0,5,3,3,1,10
6822,2,156298144300561971,0,1,1,10,2,5,1,10
6823,2,-7482532287316973032,0,0,0,5,4,3,1,10
6824,2,5413797138589404694,0,0,0,7,1,4,1,10
6825,2,-3400434407382969220,0,0,0,5,4,3,1,10
6826,2,-7530466342889067338,0,0,0,7,5,4,1,10
6827,2,169171661829137681,0,1,1,6,3,3,1,10
6828,2,-2626278414033414380,0,0,0,7,1,4,1,10
6829,2,477932377373305255,0,1,1,6,4,3,1,10
6830,2,459036194479298973,0,0,0,7,1,4,1,10
6831,2,6625920551310524510,0,0,0,5,6,3,1,10
6832,2,2551542348156537280,0,0,0,7,1,4,1,10
6833,2,-1534656769159690920,0,0,0,7,2,4,1,10
6834,2,9097596660822002881,0,0,0,5,8,3,1,10
6835,2,4856320538725312431,0,0,0,7,1,4,1,10
6836,2,2857999509719562189,0,0,0,5,5,3,1,10
6837,2,-8908573278475282007,0,0,0,5,3,3,1,10
6838,2,3603768957432978765,0,0,0,5,7,3,1,10
6839,2,3888698353893888042,0,0,0,7,1,4,1,10
6840,2,7808786049264769918,0,1,1,6,5,3,1,10
6841,2,-6451665540409014935,0,0,0,5,6,3,1,10
6842,2,1241330096867917889,0,0,0,7,2,4,1,10
6843,2,-3404672415432445209,0,1,1,8,1,4,1,10
6844,2,7976442134289176111,0,0,0,5,5,3,1,10
6845,2,5908256985939211931,0,1,1,6,4,3,1,10
6846,2,-3765952735375446288,0,1,1,6,2,3,1,10
6847,2,-2911750956599863439,0,0,0,5,1,3,1,10
6848,2,-1777693691748581684,0,0,0,7,3,4,1,10
6849,2,4012198056535760117,0,0,0,5,5,3,1,10
6850,2,3840015420671499650,0,1,1,6,3,3,1,10
6851,2,-3472102091348218293,0,1,1,8,2,4,1,10
6852,2,2830832866158690392,0,0,0,5,4,3,1,10
6853,2,1097087391762132066,0,1,1,6,4,3,1,10
6854,2,4139715160081056115,0,0,0,5,5,3,1,10
6855,2,4658330259389430633,0,0,0,7,3,4,1,10
6856,2,6872367927578658920,0,0,0,5,6,3,1,10
6857,2,-4373200003401617535,0,0,0,5,6,3,1,10
6858,2,-5611716908090365934,0,0,0,5,6,3,1,10
6859,2,4000782004961628339,0,0,0,7,3,4,1,10
6860,2,-6281258154114841179,0,0,0,5,7,3,1,10
6861,2,-9101532248687597021,0,0,0,3,5,2,1,10
6862,2,-7107961459230270205,0,1,1,6,3,3,1,10
6863,2,-9027089431349667706,0,1,1,8,2,4,1,10
6864,2,3738323032234309198,0,0,0,3,8,2,1,10
6865,2,-7569981669947700271,0,0,0,5,5,3,1,10
6866,2,7010901306384163006,0,0,0,5,2,3,1,10
6867,2,3535535974376927282,0,0,0,5,2,3,1,10
6868,2,1673251421599975091,0,1,1,8,1,4,1,10
6869,2,-7084173563029556669,0,1,1,6,4,3,1,10
6870,2,532434178487922445,0,0,0,5,7,3,1,10
6871,2,5298983297418171005,0,0,0,5,4,3,1,10
6872,2,-2759273484831014981,0,1,1,6,1,3,1,10
6873,2,-1057145385231025174,0,0,0,5,2,3,1,10
6874,2,-7329220290754374254,0,0,0,7,4,4,1,10
6875,2,6495139195868631582,0,1,1,4,5,2,1,10
6876,2,-740543495495711393,0,0,0,7,3,4,1,10
6877,2,-8884256930440189337,0,0,0,5,3,3,1,10
6878,2,2018923601113324095,0,0,0,5,5,3,1,10
6879,2,8164663380919411779,0,0,0,5,1,3,1,10
6880,2,4900965029058290989,0,0,0,7,4,4,1,10
6881,2,3828766979919402257,0,1,1,6,4,3,1,10
6882,2,-2568688158416424485,0,0,0,5,4,3,1,10
6883,2,5886308251897854731,0,0,0,7,1,4,1,10
6884,2,8213648035355227334,0,1,1,6,1,3,1,10
6885,2,8266817939020229492,0,1,1,6,1,3,1,10
6886,2,5870302456906942084,0,1,1,6,4,3,1,10
6887,2,3757011939905237005,0,0,0,7,1,4,1,10
6888,2,7329685992314241120,0,1,1,6,1,3,1,10
6889,2,-6988311761726863411,0,1,1,8,2,4,1,10
6890,2,-625986623303332312,0,1,1,6,4,3,1,10
6891,2,4049193150050254544,0,1,1,6,2,3,1,10
6892,2,-5173036994942252732,0,0,0,5,4,3,1,10
6893,2,-3223483915848167025,0,0,0,5,1,3,1,10
6894,2,2615986432644116746,0,1,1,6,5,3,1,10
6895,2,-5228924907370950832,0,0,0,7,1,4,1,10
6896,2,4366999320109536337,0,0,0,5,5,3,1,10
6897,2,-2887400902898831392,0,0,0,5,3,3,1,10
6898,2,3762696049422762052,0,0,0,7,1,4,1,10
6899,2,896666702305562752,0,0,0,7,3,4,1,10
6900,2,-2203034020683642761,0,1,1,8,3,4,1,10
6901,2,-633187572122563556,0,1,1,8,2,4,1,10
6902,2,-1986264691605242817,0,0,0,7,2,4,1,10
6903,2,166328215917683394,0,0,0,5,3,3,1,10
6904,2,1661205177923558717,0,0,0,5,5,3,1,10
6905,2,-237972406758939567,0,0,0,5,4,3,1,10
6906,2,4532923349943642940,0,0,0,5,4,3,1,10
6907,2,997800644883862128,0,0,0,5,3,3,1,10
6908,2,5545109235230857532,0,0,0,7,5,4,1,10
6909,2,2623482707207466434,0,1,1,6,3,3,1,10
6910,2,-325738907599519794,0,0,0,5,5,3,1,10
6911,2,-6483222466139807145,0,0,0,5,5,3,1,10
6912,2,392160153103327394,0,1,1,8,1,4,1,10
6913,2,-873866289942100123,0,0,0,7,4,4,1,10
6914,2,-3353753672088580258,0,0,0,5,1,3,1,10
6915,2,-8268656354030868937,0,0,0,5,7,3,1,10
6916,2,8500164322003833776,0,1,1,4,6,2,1,10
6917,2,-576529042435507099,0,0,0,3,9,2,1,10
6918,2,-3635890875623565146,0,0,0,5,5,3,1,10
6919,2,-6812461829892969148,0,1,1,6,5,3,1,10
6920,2,-6329896001044677316,0,0,0,3,5,2,1,10
6921,2,3086890214222370464,0,1,1,6,3,3,1,10
6922,2,7099474953370442294,0,1,1,6,5,3,1,10
6923,2,-3079345016442078040,0,0,0,7,4,4,1,10
6924,2,-7623382767525146320,0,0,0,5,6,3,1,10
6925,2,6093199501112246569,0,0,0,9,2,5,1,10
6926,2,-7683369098856990477,0,1,1,8,1,4,1,10
6927,2,5226815956574493183,0,0,0,5,5,3,1,10
6928,2,-3800800852444841207,0,0,0,5,8,3,1,10
6929,2,1382973694287903431,0,0,0,5,7,3,1,10
6930,2,6310462049602451091,0,0,0,3,7,2,1,10
6931,2,1378584369105348057,0,0,0,5,5,3,1,10
6932,2,-6423157315195257767,0,1,1,8,1,4,1,10
6933,2,6123302073706420341,0,0,0,5,5,3,1,10
6934,2,-2528143162313000926,0,1,1,4,3,2,1,10
6935,2,4089251973895685691,0,0,0,7,2,4,1,10
6936,2,-9167231468612543675,0,1,1,4,1,2,1,10
6937,2,-476846019966117920,0,0,0,7,4,4,1,10
6938,2,8935420687452396671,0,0,0,7,2,4,1,10
6939,2,7571076388024459550,0,0,0,7,4,4,1,10
6940,2,-8030578199843315449,0,0,0,7,1,4,1,10
6941,2,-208868320055197204,0,1,1,6,2,3,1,10
6942,2,8304971746579538655,0,0,0,5,2,3,1,10
6943,2,-6655677608007244049,0,0,0,9,1,5,1,10
6944,2,-6146447224400123795,0,0,0,5,4,3,1,10
6945,2,981471343122832687,0,1,1,8,3,4,1,10
6946,2,-4745048914498870966,0,1,1,6,3,3,1,10
6947,2,-7842126101475463922,0,0,0,5,4,3,1,10
6948,2,-7243280375015785384,0,0,0,5,3,3,1,10
6949,2,-6834056585121288075,0,1,1,6,4,3,1,10
6950,2,68037614145833753,0,0,0,3,5,2,1,10
6951,2,8667731371356428367,0,0,0,5,1,3,1,10
6952,2,2702135720939849279,0,1,1,6,7,3,1,10
6953,2,-5184126437493369542,0,1,1,8,5,4,1,10
6954,2,8300658096358721406,0,1,1,8,4,4,1,10
6955,2,-4051017330176845957,0,0,0,5,7,3,1,10
6956,2,8120482420562709673,0,0,0,7,3,4,1,10
6957,2,4391011301169273395,0,1,1,4,2,2,1,10
6958,2,-7225217362254718980,0,0,0,5,5,3,1,10
6959,2,3812397130022989264,0,0,0,7,4,4,1,10
6960,2,316743226446152118,0,0,0,9,2,5,1,10
6961,2,-7983073176321215035,0,0,0,5,4,3,1,10
6962,2,-6704068867966808341,0,1,1,4,7,2,1,10
6963,2,-4868564721128223363,0,0,0,5,2,3,1,10
6964,2,4434038156872901015,0,0,0,5,2,3,1,10
6965,2,3727927744155748492,0,1,1,8,2,4,1,10
6966,2,-384455760135219722,0,0,0,7,6,4,1,10
6967,2,7589175155668582951,0,1,1,4,1,2,1,10
6968,2,-8054878843739528942,0,0,0,5,3,3,1,10
6969,2,-7515796094165946410,0,0,0,5,1,3,1,10
6970,2,2060556524965545116,0,1,1,4,4,2,1,10
6971,2,-557426749591835801,0,0,0,7,4,4,1,10
6972,2,-3878166096455078913,0,1,1,6,3,3,1,10
6973,2,3607925234358380582,0,1,1,6,1,3,1,10
6974,2,3142533322864559794,0,0,0,7,5,4,1,10
6975,2,3715200566331475786,0,0,0,7,1,4,1,10
6976,2,-439347596379573299,0,0,0,3,9,2,1,10
6977,2,8947311921218207665,0,1,1,6,2,3,1,10
6978,2,6134713057419956959,0,1,1,6,2,3,1,10
6979,2,-2525730571632079665,0,0,0,3,6,2,1,10
6980,2,-7756615832972734979,0,0,0,5,4,3,1,10
6981,2,3037912067255507172,0,1,1,6,2,3,1,10
6982,2,-1503191557749100258,0,0,0,5,4,3,1,10
6983,2,4570341963087386221,0,0,0,3,6,2,1,10
6984,2,-1033209078828735834,0,1,1,8,3,4,1,10
6985,2,2059046917952617692,0,1,1,6,2,3,1,10
6986,2,5835624817166684480,0,0,0,7,2,4,1,10
6987,2,1093496761600892042,0,0,0,7,3,4,1,10
6988,2,4552480000875834096,0,1,1,8,1,4,1,10
6989,2,-6617310393569362452,0,1,1,6,2,3,1,10
6990,2,-13917856386191001,0,0,0,3,6,2,1,10
6991,2,1303949843439337477,0,0,0,5,5,3,1,10
6992,2,-7800238331291238503,0,0,0,7,2,4,1,10
6993,2,-8671781787169756645,0,0,0,7,4,4,1,10
6994,2,1820443378441360525,0,0,0,5,2,3,1,10
6995,2,2854478280907416749,0,0,0,5,6,3,1,10
6996,2,-1647198423708846221,0,0,0,9,2,5,1,10
6997,2,-2651168030480069213,0,0,0,5,5,3,1,10
6998,2,4167887984747448571,0,1,1,4,3,2,1,10
6999,2,-6145397366937216057,0,1,1,4,6,2,1,10
7000,2,6622791744407229923,0,0,0,5,3,3,1,10
7001,2,2428817019334690163,0,1,1,6,4,3,1,10
7002,2,9083171574397058770,0,1,1,6,5,3,1,10
7003,2,-3069267974389752180,0,0,0,5,2,3,1,10
7004,2,4124156126045833572,0,1,1,6,3,3,1,10
7005,2,6926930310166487470,0,0,0,7,2,4,1,10
7006,2,-561956813120278907,0,0,0,9,1,5,1,10
7007,2,-4537409599496316760,0,0,0,7,1,4,1,10
7008,2,1184264670643517954,0,0,0,5,6,3,1,10
7009,2,-4350764338369931222,0,1,1,6,2,3,1,10
7010,2,2777221971708792669,0,0,0,5,6,3,1,10
7011,2,-2653917817768312131,0,0,0,5,5,3,1,10
7012,2,3762694856519542752,0,1,1,6,1,3,1,10
7013,2,4255239403744380658,0,1,1,6,4,3,1,10
7014,2,6055563522080611828,0,0,0,7,3,4,1,10
7015,2,3100282428303199454,0,1,1,6,1,3,1,10
7016,2,-3034730753709729358,0,0,0,5,1,3,1,10
7017,2,-1356093758398265659,0,0,0,7,3,4,1,10
7018,2,3461538559402635962,0,0,0,5,5,3,1,10
7019,2,-8104606647725631212,0,1,1,6,1,3,1,10
7020,2,3100143538556181316,0,1,1,6,3,3,1,10
7021,2,-4274967025515278956,0,1,1,6,3,3,1,10
7022,2,6019664367064508532,0,0,0,7,4,4,1,10
7023,2,3644187377470162396,0,0,0,5,5,3,1,10
7024,2,-2562806732612973583,0,0,0,5,2,3,1,10
7025,2,7178626755762053384,0,1,1,4,3,2,1,10
7026,2,-2528938056478321993,0,0,0,5,5,3,1,10
7027,2,-3881599851923011417,0,1,1,4,1,2,1,10
7028,2,6002492749345766700,0,1,1,4,8,2,1,10
7029,2,-5740339521164781319,0,1,1,6,1,3,1,10
7030,2,-4238950493792320399,0,1,1,6,3,3,1,10
7031,2,-2009519747212847015,0,1,1,6,2,3,1,10
7032,2,6331461523419881723,0,0,0,5,8,3,1,10
7033,2,-3064220011113991688,0,0,0,7,1,4,1,10
7034,2,1466558915711411809,0,0,0,5,5,3,1,10
7035,2,7366808453004519371,0,0,0,7,3,4,1,10
7036,2,-2658094746604337034,0,0,0,5,3,3,1,10
7037,2,-8551766119665722,0,0,0,5,5,3,1,10
7038,2,-6606994399931425382,0,1,1,8,1,4,1,10
7039,2,-6966031708532215734,0,0,0,5,6,3,1,10
7040,2,-5533398552955637171,0,1,1,6,6,3,1,10
7041,2,6675710725143957467,0,0,0,3,9,2,1,10
7042,2,-5465287096872205820,0,0,0,7,7,4,1,10
7043,2,-4342075602127352811,0,1,1,8,1,4,1,10
7044,2,-8592948087892530880,0,0,0,7,4,4,1,10
7045,2,-2721214004671476768,0,1,1,6,1,3,1,10
7046,2,2900202927175640283,0,1,1,6,6,3,1,10
7047,2,8275874401695752418,0,1,1,4,2,2,1,10
7048,2,3530899394762273444,0,0,0,5,4,3,1,10
7049,2,-592203924350784459,0,1,1,8,1,4,1,10
7050,2,-776620026565613778,0,0,0,5,2,3,1,10
7051,2,-1167223397464139175,0,0,0,7,1,4,1,10
7052,2,4014588569848089829,0,0,0,7,1,4,1,10
7053,2,9064169809121602156,0,0,0,7,4,4,1,10
7054,2,-2404978791177576351,0,0,0,5,4,3,1,10
7055,2,863550009832453272,0,0,0,7,4,4,1,10
7056,2,7581530042935049726,0,0,0,5,4,3,1,10
7057,2,6046424738551276492,0,0,0,5,1,3,1,10
7058,2,7212790798169937067,0,1,1,6,2,3,1,10
7059,2,6766757750413792941,0,0,0,7,2,4,1,10
7060,2,-4336386741560888830,0,1,1,4,2,2,1,10
7061,2,-4068758755358581809,0,1,1,6,4,3,1,10
7062,2,8229649492834859929,0,1,1,6,2,3,1,10
7063,2,4858540875625659679,0,0,0,5,6,3,1,10
7064,2,6182954918210709911,0,1,1,6,1,3,1,10
7065,2,9174374821567221412,0,0,0,5,6,3,1,10
7066,2,3337487191375582857,0,1,1,8,2,4,1,10
7067,2,6522028344844694630,0,0,0,5,6,3,1,10
7068,2,3707325641796483190,0,0,0,5,3,3,1,10
7069,2,573103427671413677,0,1,1,6,4,3,1,10
7070,2,-64474611437742288,0,0,0,5,6,3,1,10
7071,2,-8068879698077965458,0,1,1,6,3,3,1,10
7072,2,-2384411246051978259,0,0,0,7,1,4,1,10
7073,2,6825201911800238082,0,0,0,5,7,3,1,10
7074,2,-4202669579264223723,0,0,0,3,5,2,1,10
7075,2,-6906454743570242023,0,1,1,8,1,4,1,10
7076,2,3598265996304609628,0,0,0,9,1,5,1,10
7077,2,2211932568764545261,0,1,1,6,6,3,1,10
7078,2,1536616159430039827,0,1,1,8,4,4,1,10
7079,2,-1691241841996548166,0,0,0,5,3,3,1,10
7080,2,1706252460474987707,0,0,0,5,3,3,1,10
7081,2,-168339858386475412,0,0,0,5,1,3,1,10
7082,2,1901092711241869787,0,0,0,5,4,3,1,10
7083,2,-5180063502066553446,0,0,0,5,1,3,1,10
7084,2,3105888814777216787,0,1,1,6,1,3,1,10
7085,2,1586001912204522931,0,0,0,3,8,2,1,10
7086,2,-3835961784327111568,0,0,0,5,4,3,1,10
7087,2,-2493475918122303114,0,0,0,5,5,3,1,10
7088,2,-7151031800967009024,0,1,1,4,8,2,1,10
7089,2,1387002530979609511,0,1,1,10,1,5,1,10
7090,2,-1361938453817514583,0,1,1,4,1,2,1,10
7091,2,1121433221283621887,0,1,1,6,5,3,1,10
7092,2,-7426803405289908938,0,1,1,6,2,3,1,10
7093,2,-5265050439870265501,0,0,0,7,3,4,1,10
7094,2,9048401435234279858,0,0,0,7,3,4,1,10
7095,2,-896710932242755751,0,1,1,6,5,3,1,10
7096,2,-4222036318915832071,0,0,0,3,9,2,1,10
7097,2,6056996182710744247,0,0,0,5,8,3,1,10
7098,2,-441274994787849589,0,0,0,5,6,3,1,10
7099,2,-1566594950840061540,0,1,1,6,7,3,1,10
7100,2,6080143991645939875,0,1,1,6,3,3,1,10
7101,2,-3512102247987638620,0,1,1,4,4,2,1,10
7102,2,2874467280180944520,0,1,1,8,1,4,1,10
7103,2,-8557695769823213738,0,0,0,5,3,3,1,10
7104,2,-7476115555304827358,0,0,0,5,4,3,1,10
7105,2,7666126537628402145,0,1,1,6,6,3,1,10
7106,2,-217821214964500785,0,0,0,5,4,3,1,10
7107,2,-7225662410662146552,0,0,0,7,1,4,1,10
7108,2,-409113823637643401,0,0,0,5,2,3,1,10
7109,2,2469555840139976537,0,0,0,5,3,3,1,10
7110,2,7351135041781403101,0,0,0,5,1,3,1,10
7111,2,-3617535722730457436,0,1,1,6,4,3,1,10
7112,2,-5427826500214036680,0,1,1,8,1,4,1,10
7113,2,-5927545777219686741,0,0,0,5,8,3,1,10
7114,2,-3271816872983579135,0,0,0,9,4,5,1,10
7115,2,-5767502533211267050,0,0,0,5,2,3,1,10
7116,2,-5356605655789014770,0,0,0,5,2,3,1,10
7117,2,4412054449360048297,0,1,1,6,6,3,1,10
7118,2,-8075747152938459168,0,1,1,6,2,3,1,10
7119,2,-7670585119291645512,0,1,1,6,6,3,1,10
7120,2,-6781778615847538632,0,0,0,5,6,3,1,10
7121,2,-968773304879451687,0,0,0,7,1,4,1,10
7122,2,3635579192911204591,0,0,0,5,7,3,1,10
7123,2,-1392551795646814757,0,1,1,8,2,4,1,10
7124,2,-32300504944335353,0,0,0,5,7,3,1,10
7125,2,-6295496786203734793,0,0,0,7,1,4,1,10
7126,2,-8704383966302705156,0,0,0,7,2,4,1,10
7127,2,1342927660557849669,0,0,0,9,3,5,1,10
7128,2,3787665557276905568,0,1,1,6,5,3,1,10
7129,2,811127667381894513,0,0,0,9,6,5,1,10
7130,2,-4012796043800265306,0,0,0,7,2,4,1,10
7131,2,6054266615838493870,0,0,0,5,7,3,1,10
7132,2,2793962751919368253,0,0,0,7,1,4,1,10
7133,2,3404415335846060521,0,0,0,7,1,4,1,10
7134,2,1899021599419414240,0,0,0,5,5,3,1,10
7135,2,-4907390383466729150,0,0,0,5,3,3,1,10
7136,2,-273209616878833620,0,0,0,7,1,4,1,10
7137,2,-3205688540052107593,0,1,1,6,1,3,1,10
7138,2,-6172453769565188238,0,0,0,5,5,3,1,10
7139,2,-7937213413132484318,0,0,0,7,3,4,1,10
7140,2,-5818136868065684786,0,1,1,8,1,4,1,10
7141,2,3739154857433845861,0,0,0,5,7,3,1,10
7142,2,2199416652572087928,0,0,0,7,3,4,1,10
7143,2,-1531281114045971742,0,1,1,6,2,3,1,10
7144,2,-1651733115942317735,0,1,1,4,4,2,1,10
7145,2,-2392754886607847887,0,0,0,5,7,3,1,10
7146,2,7955726245549852385,0,0,0,5,8,3,1,10
7147,2,8970300406464462605,0,1,1,8,2,4,1,10
7148,2,-2685520177050156521,0,1,1,6,1,3,1,10
7149,2,5692827107184417934,0,0,0,9,2,5,1,10
7150,2,-6875736826611995151,0,0,0,5,1,3,1,10
7151,2,-496706311785428323,0,0,0,5,4,3,1,10
7152,2,-7219908903301636379,0,0,0,9,4,5,1,10
7153,2,2535716360326139811,0,0,0,5,4,3,1,10
7154,2,6863180983785382335,0,0,0,7,1,4,1,10
7155,2,-7924720819594419837,0,1,1,8,4,4,1,10
7156,2,-1475444419393199179,0,0,0,7,1,4,1,10
7157,2,-5984044489592283702,0,0,0,5,3,3,1,10
7158,2,-3558584699530360904,0,1,1,4,4,2,1,10
7159,2,-1708494004979543771,0,0,0,7,3,4,1,10
7160,2,1126332289433091340,0,0,0,5,3,3,1,10
7161,2,4142307449448595986,0,0,0,5,7,3,1,10
7162,2,-7889852724017829094,0,0,0,5,2,3,1,10
7163,2,-7270507304035831078,0,1,1,6,2,3,1,10
7164,2,-972636785144904060,0,0,0,5,4,3,1,10
7165,2,-1863495106890854722,0,1,1,6,2,3,1,10
7166,2,8849723786574898042,0,0,0,5,4,3,1,10
7167,2,-2740740390445386128,0,1,1,4,7,2,1,10
7168,2,-8048845979100079797,0,0,0,7,3,4,1,10
7169,2,829344685381558212,0,1,1,4,5,2,1,10
7170,2,-2254440543117407425,0,0,0,7,1,4,1,10
7171,2,-2575651451663975257,0,0,0,7,1,4,1,10
7172,2,4117713610091457187,0,0,0,7,3,4,1,10
7173,2,5319942963965861199,0,0,0,5,6,3,1,10
7174,2,6393988617199453732,0,0,0,5,3,3,1,10
7175,2,-2010844804099833420,0,1,1,6,2,3,1,10
7176,2,3211579567224355424,0,0,0,7,1,4,1,10
7177,2,702019275321314878,0,0,0,5,3,3,1,10
7178,2,7361155458176954,0,0,0,3,6,2,1,10
7179,2,9131970737723185087,0,1,1,6,2,3,1,10
7180,2,-7438741574753267347,0,0,0,7,1,4,1,10
7181,2,-3113216118897722717,0,1,1,8,2,4,1,10
7182,2,6193846354797070819,0,0,0,7,2,4,1,10
7183,2,641654554773811557,0,0,0,5,8,3,1,10
7184,2,1612907903277060167,0,0,0,7,4,4,1,10
7185,2,4698061505350606404,0,0,0,5,6,3,1,10
7186,2,4853077878476039000,0,1,1,6,4,3,1,10
7187,2,1862067445587868726,0,0,0,5,6,3,1,10
7188,2,5755647222949318016,0,0,0,7,3,4,1,10
7189,2,5526118398062701341,0,1,1,8,3,4,1,10
7190,2,-5826319903860576731,0,1,1,8,1,4,1,10
7191,2,6619962568499120952,0,0,0,5,5,3,1,10
7192,2,-6796935621323619267,0,1,1,8,4,4,1,10
7193,2,-1544475976138236965,0,0,0,5,6,3,1,10
7194,2,-4813627328047378904,0,0,0,7,1,4,1,10
7195,2,-8803377728540978846,0,1,1,6,3,3,1,10
7196,2,2786694655910679225,0,0,0,3,9,2,1,10
7197,2,4121600652728014435,0,0,0,7,3,4,1,10
7198,2,-6739072293342533739,0,0,0,5,2,3,1,10
7199,2,-7154657005732991966,0,1,1,6,2,3,1,10
7200,2,-3256603320055150400,0,0,0,5,4,3,1,10
7201,2,5448660360449187401,0,0,0,5,4,3,1,10
7202,2,-3893940425805539980,0,0,0,3,8,2,1,10
7203,2,7007527530170138072,0,0,0,5,6,3,1,10
7204,2,-886629147406236107,0,1,1,6,3,3,1,10
7205,2,-5479630132058826919,0,0,0,5,6,3,1,10
7206,2,-2270472213358858207,0,1,1,4,5,2,1,10
7207,2,-3358033019497392040,0,1,1,6,1,3,1,10
7208,2,-5932797431781299828,0,0,0,5,7,3,1,10
7209,2,279153766132226066,0,1,1,6,2,3,1,10
7210,2,4606901310716044236,0,1,1,6,2,3,1,10
7211,2,-1018363057680795796,0,0,0,5,6,3,1,10
7212,2,-3343809752860160432,0,0,0,5,3,3,1,10
7213,2,5204284761772346406,0,0,0,3,7,2,1,10
7214,2,2039018984157075191,0,0,0,5,8,3,1,10
7215,2,-6326522560475460784,0,0,0,5,4,3,1,10
7216,2,-5304293917505709154,0,0,0,5,2,3,1,10
7217,2,2130471372339357436,0,1,1,8,1,4,1,10
7218,2,-4058194185852313349,0,0,0,7,1,4,1,10
7219,2,5337306502998610740,0,1,1,6,1,3,1,10
7220,2,-7561489086816116055,0,0,0,5,2,3,1,10
7221,2,6582439419395319342,0,0,0,5,3,3,1,10
7222,2,6643356678110171267,0,0,0,5,4,3,1,10
7223,2,-6145098764168214594,0,0,0,9,3,5,1,10
7224,2,6104747435810606388,0,0,0,5,8,3,1,10
7225,2,8922018294034899979,0,0,0,7,2,4,1,10
7226,2,2105793042419712526,0,1,1,6,1,3,1,10
7227,2,-2609025566881901179,0,0,0,7,1,4,1,10
7228,2,7053805415215750171,0,0,0,7,1,4,1,10
7229,2,-2956711450454377962,0,0,0,5,2,3,1,10
7230,2,-1464338375992359311,0,0,0,5,4,3,1,10
7231,2,-8434767811677591657,0,1,1,8,1,4,1,10
7232,2,795043086455535050,0,0,0,5,8,3,1,10
7233,2,9160518362053538693,0,0,0,5,6,3,1,10
7234,2,4259372672040786259,0,0,0,9,3,5,1,10
7235,2,-2164361995119934988,0,0,0,5,4,3,1,10
7236,2,5056673692468954308,0,0,0,5,4,3,1,10
7237,2,1007561935445053379,0,0,0,7,3,4,1,10
7238,2,1140521641817122736,0,0,0,7,1,4,1,10
7239,2,1393504069681556496,0,0,0,7,1,4,1,10
7240,2,-5622697479160404451,0,0,0,7,3,4,1,10
7241,2,-496914887759620882,0,0,0,5,1,3,1,10
7242,2,-5736786227486054825,0,0,0,5,7,3,1,10
7243,2,5293614687119387477,0,0,0,7,7,4,1,10
7244,2,8262168273859225601,0,0,0,5,4,3,1,10
7245,2,1535994976566964825,0,0,0,7,3,4,1,10
7246,2,-2370752013713999764,0,0,0,5,7,3,1,10
7247,2,-9012254820922847841,0,1,1,6,4,3,1,10
7248,2,3007036907995404331,0,0,0,5,4,3,1,10
7249,2,-4001635212045126900,0,1,1,6,1,3,1,10
7250,2,-6741392968144001562,0,0,0,5,4,3,1,10
7251,2,187424054167897022,0,0,0,7,1,4,1,10
7252,2,6573413345328095854,0,0,0,3,8,2,1,10
7253,2,678284986403110975,0,0,0,5,3,3,1,10
7254,2,-2486223766958595566,0,0,0,7,4,4,1,10
7255,2,6803238141985033207,0,0,0,7,1,4,1,10
7256,2,3603718248593456944,0,1,1,6,1,3,1,10
7257,2,-5309668989651209245,0,1,1,6,1,3,1,10
7258,2,4307347233444749838,0,0,0,5,3,3,1,10
7259,2,-2010336293002924924,0,1,1,6,2,3,1,10
7260,2,-5007795932059422230,0,0,0,7,1,4,1,10
7261,2,-467000776615478503,0,1,1,6,2,3,1,10
7262,2,4477753185956250447,0,1,1,6,2,3,1,10
7263,2,-51800846807073265,0,0,0,5,4,3,1,10
7264,2,6453889492667094953,0,0,0,7,2,4,1,10
7265,2,7901693522434984120,0,0,0,7,1,4,1,10
7266,2,-8603186210305342948,0,0,0,7,7,4,1,10
7267,2,-8602770157037287877,0,0,0,5,1,3,1,10
7268,2,8910356790567798160,0,1,1,6,1,3,1,10
7269,2,8194495934737127371,0,1,1,6,2,3,1,10
7270,2,-1496825066887282672,0,0,0,7,2,4,1,10
7271,2,7634809687569293851,0,1,1,6,2,3,1,10
7272,2,3921374843813230420,0,0,0,7,2,4,1,10
7273,2,-6469079932266709487,0,0,0,5,4,3,1,10
7274,2,174457471790389916,0,0,0,7,3,4,1,10
7275,2,-3478199258393624391,0,0,0,5,2,3,1,10
7276,2,-2502221533090951746,0,0,0,7,1,4,1,10
7277,2,-2539579051006423428,0,0,0,5,8,3,1,10
7278,2,-5377605143192022654,0,0,0,3,6,2,1,10
7279,2,3742902384836619665,0,0,0,7,3,4,1,10
7280,2,6321283110136880429,0,0,0,5,3,3,1,10
7281,2,-2629353470226478158,0,0,0,7,1,4,1,10
7282,2,5432009253552667995,0,0,0,5,2,3,1,10
7283,2,-1474926323454399725,0,1,1,4,7,2,1,10
7284,2,6804208434356145169,0,0,0,5,2,3,1,10
7285,2,3932933444362447503,0,0,0,3,7,2,1,10
7286,2,5429333494388708882,0,0,0,7,3,4,1,10
7287,2,-9006114492963054300,0,0,0,7,1,4,1,10
7288,2,-6755442398688165519,0,0,0,7,4,4,1,10
7289,2,2963453208551433377,0,0,0,5,3,3,1,10
7290,2,-2691383107510531737,0,0,0,9,1,5,1,10
7291,2,2567301396006044573,0,0,0,5,6,3,1,10
7292,2,5105138830999446374,0,0,0,5,3,3,1,10
7293,2,-3984053776793888085,0,0,0,5,4,3,1,10
7294,2,-2650174771799449234,0,1,1,6,1,3,1,10
7295,2,7953717277621716171,0,0,0,5,5,3,1,10
7296,2,613137449552930206,0,1,1,8,4,4,1,10
7297,2,2693595050416047906,0,1,1,6,2,3,1,10
7298,2,-7309682396278228211,0,1,1,6,1,3,1,10
7299,2,-5279009236020541459,0,0,0,5,1,3,1,10
7300,2,-2647064549462906918,0,0,0,7,3,4,1,10
7301,2,-1633932705461239629,0,1,1,6,4,3,1,10
7302,2,9069699050033351809,0,1,1,6,1,3,1,10
7303,2,5396588012256403386,0,0,0,5,6,3,1,10
7304,2,-3491584878580734864,0,0,0,5,1,3,1,10
7305,2,-3231779442708443973,0,0,0,5,2,3,1,10
7306,2,-5063665497023726631,0,0,0,5,5,3,1,10
7307,2,-8951806386676267816,0,0,0,5,3,3,1,10
7308,2,-8152033739326492983,0,1,1,6,1,3,1,10
7309,2,-710820281994296883,0,0,0,5,4,3,1,10
7310,2,-3611677728816298631,0,1,1,6,5,3,1,10
7311,2,-6105487804772720538,0,0,0,5,7,3,1,10
7312,2,-3362643979455053340,0,1,1,6,1,3,1,10
7313,2,288181556174469680,0,1,1,6,1,3,1,10
7314,2,3461346839241585305,0,1,1,8,1,4,1,10
7315,2,7163368446781204083,0,1,1,6,1,3,1,10
7316,2,-4401214514152202542,0,1,1,8,1,4,1,10
7317,2,289765969171240542,0,0,0,5,1,3,1,10
7318,2,5394690157837541316,0,1,1,6,1,3,1,10
7319,2,2112746879777423492,0,0,0,5,3,3,1,10
7320,2,7915360602186447672,0,0,0,7,5,4,1,10
7321,2,-4353730654817857657,0,0,0,5,4,3,1,10
7322,2,-5152870727154560166,0,1,1,6,1,3,1,10
7323,2,6576406637576308754,0,0,0,9,2,5,1,10
7324,2,-1908821834434805808,0,1,1,6,5,3,1,10
7325,2,-257297102243161588,0,1,1,4,5,2,1,10
7326,2,7649489439377466382,0,0,0,7,3,4,1,10
7327,2,-1354806602765790967,0,0,0,5,4,3,1,10
7328,2,1999189876686935784,0,0,0,5,5,3,1,10
7329,2,-6536672217526593532,0,0,0,5,1,3,1,10
7330,2,4682826323671297896,0,0,0,7,5,4,1,10
7331,2,1402567088393258059,0,0,0,5,4,3,1,10
7332,2,31276440408869601,0,0,0,5,5,3,1,10
7333,2,2416844386116541370,0,0,0,7,1,4,1,10
7334,2,8493590695434870851,0,0,0,5,7,3,1,10
7335,2,8622601674129852971,0,0,0,5,6,3,1,10
7336,2,-3912247197248703311,0,0,0,7,3,4,1,10
7337,2,949498352362764844,0,1,1,4,4,2,1,10
7338,2,1222956330344924496,0,1,1,6,3,3,1,10
7339,2,4022403548026193139,0,0,0,5,5,3,1,10
7340,2,665692402253052514,0,0,0,7,1,4,1,10
7341,2,3617442476989509006,0,1,1,6,1,3,1,10
7342,2,-7249301451356997742,0,0,0,7,1,4,1,10
7343,2,-3144704241950631074,0,1,1,6,1,3,1,10
7344,2,-9121153467773461103,0,0,0,7,3,4,1,10
7345,2,-3662556609736079419,0,0,0,5,3,3,1,10
7346,2,2880432371533713633,0,0,0,5,8,3,1,10
7347,2,-5944943468729953506,0,1,1,6,2,3,1,10
7348,2,-8979493252477658641,0,0,0,5,6,3,1,10
7349,2,-6440136142964493075,0,0,0,5,4,3,1,10
7350,2,-3873406709052902809,0,1,1,6,5,3,1,10
7351,2,-2225715198610703529,0,1,1,8,2,4,1,10
7352,2,-203027351155125309,0,0,0,5,3,3,1,10
7353,2,-5800664290145874476,0,1,1,6,3,3,1,10
7354,2,-7706886146384176347,0,0,0,5,4,3,1,10
7355,2,-4167008367457638622,0,0,0,5,2,3,1,10
7356,2,5012638547677828711,0,0,0,7,1,4,1,10
7357,2,-4694743283265783172,0,1,1,6,5,3,1,10
7358,2,4923273472641420911,0,0,0,5,2,3,1,10
7359,2,-631126044700215285,0,1,1,8,2,4,1,10
7360,2,2390668769479074503,0,1,1,6,2,3,1,10
7361,2,-4076816357015313251,0,0,0,5,4,3,1,10
7362,2,-4029172019194312084,0,1,1,6,4,3,1,10
7363,2,-2756929572697507692,0,0,0,5,5,3,1,10
7364,2,8297646317723864549,0,0,0,3,5,2,1,10
7365,2,6626556248075385376,0,1,1,6,6,3,1,10
7366,2,40549216176033431,0,0,0,5,2,3,1,10
7367,2,-3178964953101629776,0,0,0,5,7,3,1,10
7368,2,-8549125721432674473,0,0,0,5,4,3,1,10
7369,2,-6829372016329769051,0,0,0,7,2,4,1,10
7370,2,2165211228828021313,0,0,0,5,5,3,1,10
7371,2,-1187151467848823224,0,0,0,5,7,3,1,10
7372,2,-374492950889750585,0,1,1,6,4,3,1,10
7373,2,-2513935803323993346,0,0,0,7,1,4,1,10
7374,2,4680720343862299404,0,0,0,7,1,4,1,10
7375,2,8959184701098070970,0,1,1,6,1,3,1,10
7376,2,-7134370167717066894,0,0,0,5,8,3,1,10
7377,2,-6164151455224676942,0,0,0,3,7,2,1,10
7378,2,2958961717271323505,0,0,0,9,3,5,1,10
7379,2,6917335364402269781,0,1,1,6,4,3,1,10
7380,2,3111330924439092394,0,0,0,9,1,5,1,10
7381,2,8737059629708277627,0,0,0,7,5,4,1,10
7382,2,-216340670676958917,0,0,0,5,3,3,1,10
7383,2,2839655924166890206,0,1,1,8,4,4,1,10
7384,2,-2821671533295685036,0,1,1,8,2,4,1,10
7385,2,7743415998293375176,0,1,1,6,5,3,1,10
7386,2,8460921312691158026,0,0,0,7,4,4,1,10
7387,2,-7492678950465958387,0,0,0,3,8,2,1,10
7388,2,3374537075401586283,0,1,1,8,2,4,1,10
7389,2,-3554785864684323524,0,0,0,3,7,2,1,10
7390,2,106418878958429138,0,1,1,6,1,3,1,10
7391,2,8417228662732738321,0,1,1,6,4,3,1,10
7392,2,4682839199970558075,0,0,0,5,4,3,1,10
7393,2,7721586812653426221,0,0,0,7,3,4,1,10
7394,2,-3714442930175461543,0,1,1,4,4,2,1,10
7395,2,7392758629289370120,0,1,1,8,1,4,1,10
7396,2,-9207833865886052314,0,0,0,7,1,4,1,10
7397,2,-6825525183445144282,0,0,0,5,4,3,1,10
7398,2,-1822640453930325316,0,0,0,5,2,3,1,10
7399,2,8901496049011112584,0,0,0,5,8,3,1,10
7400,2,3118884524368092067,0,0,0,3,5,2,1,10
7401,2,-3020310274542430619,0,1,1,6,2,3,1,10
7402,2,3914770260994604522,0,0,0,5,8,3,1,10
7403,2,9090333034011962905,0,1,1,8,1,4,1,10
7404,2,-6424213831829926342,0,0,0,3,6,2,1,10
7405,2,48887359138919261,0,0,0,7,3,4,1,10
7406,2,4475312855061226279,0,0,0,9,3,5,1,10
7407,2,8664268228444864185,0,0,0,7,4,4,1,10
7408,2,-3209355659801684279,0,0,0,5,4,3,1,10
7409,2,4735288797576766774,0,1,1,6,1,3,1,10
7410,2,4302581326182151563,0,1,1,10,2,5,1,10
7411,2,1320446679844975958,0,0,0,5,3,3,1,10
7412,2,-3560121274111179198,0,0,0,7,1,4,1,10
7413,2,5690953752027172680,0,0,0,3,8,2,1,10
7414,2,-7479132168187101311,0,0,0,5,7,3,1,10
7415,2,2645371026912578647,0,0,0,5,4,3,1,10
7416,2,7629060113446911531,0,1,1,6,3,3,1,10
7417,2,2669190996463217060,0,0,0,5,5,3,1,10
7418,2,2904919938834911560,0,1,1,8,1,4,1,10
7419,2,-4954107010567362028,0,0,0,7,3,4,1,10
7420,2,729415009367404316,0,0,0,5,5,3,1,10
7421,2,-2206773062853024885,0,0,0,5,4,3,1,10
7422,2,4900412453045036917,0,0,0,5,6,3,1,10
7423,2,90996485317487449,0,0,0,7,1,4,1,10
7424,2,-8223256884693604540,0,0,0,5,5,3,1,10
7425,2,-2347530971200580108,0,0,0,7,4,4,1,10
7426,2,5718440455814193519,0,0,0,3,5,2,1,10
7427,2,532450058308795879,0,0,0,9,2,5,1,10
7428,2,5870672536523370725,0,0,0,5,5,3,1,10
7429,2,3712227287290873354,0,0,0,5,5,3,1,10
7430,2,-1674282883899717646,0,0,0,5,4,3,1,10
7431,2,1816031049302969075,0,0,0,7,4,4,1,10
7432,2,7267702194774966484,0,0,0,7,1,4,1,10
7433,2,7399034187041863596,0,1,1,6,2,3,1,10
7434,2,-7860685074236808307,0,0,0,5,1,3,1,10
7435,2,7268895616594162086,0,0,0,5,7,3,1,10
7436,2,-8231066422716353286,0,0,0,5,6,3,1,10
7437,2,-1828732735258603540,0,0,0,3,9,2,1,10
7438,2,6567712732166218532,0,1,1,6,1,3,1,10
7439,2,814170198260404635,0,0,0,7,2,4,1,10
7440,2,-4691643403089993003,0,1,1,6,4,3,1,10
7441,2,-756138639264757871,0,1,1,8,1,4,1,10
7442,2,-5828846499600166290,0,1,1,8,2,4,1,10
7443,2,5429350853737702755,0,0,0,5,5,3,1,10
7444,2,4835136935563376119,0,0,0,7,3,4,1,10
7445,2,385802231297781140,0,0,0,5,6,3,1,10
7446,2,5676437918588543096,0,1,1,6,4,3,1,10
7447,2,6864337756170104068,0,0,0,3,5,2,1,10
7448,2,-429232697870623098,0,1,1,6,3,3,1,10
7449,2,5985862855991425446,0,1,1,6,1,3,1,10
7450,2,741262908434970144,0,0,0,5,7,3,1,10
7451,2,-3507917744423606154,0,1,1,4,5,2,1,10
7452,2,-6233361290524520517,0,0,0,5,5,3,1,10
7453,2,5007080956094459561,0,1,1,8,1,4,1,10
7454,2,-4237796353946968934,0,1,1,4,7,2,1,10
7455,2,8159893936683180581,0,0,0,7,4,4,1,10
7456,2,-7686260484333105565,0,1,1,8,1,4,1,10
7457,2,-8289948747776881357,0,0,0,5,7,3,1,10
7458,2,791949677836170223,0,0,0,5,2,3,1,10
7459,2,580808796372715890,0,1,1,6,2,3,1,10
7460,2,5049615639163735905,0,1,1,8,3,4,1,10
7461,2,4634109647718782478,0,1,1,12,1,6,1,10
7462,2,6567970988091488633,0,0,0,7,4,4,1,10
7463,2,8959730954313948466,0,0,0,5,7,3,1,10
7464,2,-6607850720854366678,0,0,0,7,3,4,1,10
7465,2,4346009192936365242,0,0,0,7,4,4,1,10
7466,2,3809915178678017641,0,0,0,5,2,3,1,10
7467,2,-1080728399603177939,0,1,1,6,2,3,1,10
7468,2,6150013084197618503,0,1,1,6,1,3,1,10
7469,2,-2679252130439353878,0,1,1,8,2,4,1,10
7470,2,-3070959723335242175,0,0,0,7,5,4,1,10
7471,2,-8275863967325486688,0,1,1,6,1,3,1,10
7472,2,-7765087732130905385,0,0,0,7,1,4,1,10
7473,2,-5813506466490716669,0,1,1,8,2,4,1,10
7474,2,-8251060202760059558,0,1,1,8,2,4,1,10
7475,2,-5790817838949352516,0,0,0,7,5,4,1,10
7476,2,-7522568479167673590,0,0,0,5,7,3,1,10
7477,2,6243649438953112480,0,0,0,5,2,3,1,10
7478,2,-8237282255264164000,0,1,1,6,6,3,1,10
7479,2,7298124897457076772,0,1,1,6,4,3,1,10
7480,2,-859561809653974361,0,0,0,5,4,3,1,10
7481,2,-8079483546955759088,0,1,1,4,1,2,1,10
7482,2,720412714421503440,0,0,0,7,1,4,1,10
7483,2,7418469690711783027,0,1,1,6,3,3,1,10
7484,2,5800362963246573447,0,1,1,6,1,3,1,10
7485,2,-4265505460159881258,0,0,0,5,5,3,1,10
7486,2,-6814427641591789951,0,1,1,8,1,4,1,10
7487,2,-7425919498030151500,0,0,0,3,5,2,1,10
7488,2,3447778001894337815,0,0,0,5,4,3,1,10
7489,2,-2265385266865134295,0,0,0,5,6,3,1,10
7490,2,482371475965499928,0,0,0,7,1,4,1,10
7491,2,99130986211049960,0,1,1,6,2,3,1,10
7492,2,-8449219718908163366,0,0,0,9,4,5,1,10
7493,2,-3233240804608348558,0,0,0,5,7,3,1,10
7494,2,177576734511321746,0,0,0,5,3,3,1,10
7495,2,8035118157231707780,0,1,1,6,1,3,1,10
7496,2,8134982642851812069,0,0,0,5,4,3,1,10
7497,2,7558860847073296080,0,1,1,6,3,3,1,10
7498,2,685908725305846206,0,1,1,6,3,3,1,10
7499,2,-7333166886156314384,0,0,0,5,2,3,1,10
7500,2,-1083165563219072926,0,0,0,5,1,3,1,10
7501,2,3282447257281176215,0,0,0,5,1,3,1,10
7502,2,-3791233754352916544,0,1,1,6,4,3,1,10
7503,2,5772293730131887113,0,0,0,5,5,3,1,10
7504,2,1413228980223495693,0,1,1,4,3,2,1,10
7505,2,-1596699124639358516,0,1,1,6,6,3,1,10
7506,2,5792750164533762448,0,1,1,8,1,4,1,10
7507,2,8050062906588976543,0,0,0,5,4,3,1,10
7508,2,-3697752145720900422,0,1,1,6,1,3,1,10
7509,2,-1434108910151761237,0,0,0,3,5,2,1,10
7510,2,8663409280767514489,0,0,0,5,3,3,1,10
7511,2,-4378855082807969544,0,0,0,5,2,3,1,10
7512,2,7198115451797420493,0,0,0,7,4,4,1,10
7513,2,-5509904310129157086,0,1,1,6,1,3,1,10
7514,2,-1408183994596336742,0,0,0,5,8,3,1,10
7515,2,-8762862912411254453,0,0,0,5,3,3,1,10
7516,2,-258028233832020544,0,1,1,6,4,3,1,10
7517,2,-4131932614959237037,0,1,1,4,3,2,1,10
7518,2,-1979769743036848024,0,0,0,3,9,2,1,10
7519,2,5935215290413282374,0,0,0,7,4,4,1,10
7520,2,-7983665289526560096,0,1,1,6,4,3,1,10
7521,2,8456934326998959894,0,0,0,5,7,3,1,10
7522,2,7727055826158305066,0,0,0,7,2,4,1,10
7523,2,7435025717990548617,0,0,0,5,3,3,1,10
7524,2,-1009747377972313455,0,1,1,6,2,3,1,10
7525,2,543304594292580468,0,0,0,7,3,4,1,10
7526,2,3441699749971125884,0,1,1,6,3,3,1,10
7527,2,-3557595712924492759,0,0,0,7,2,4,1,10
7528,2,813426828792647238,0,0,0,9,2,5,1,10
7529,2,7007112070496147245,0,1,1,6,3,3,1,10
7530,2,5665883331707896013,0,0,0,7,2,4,1,10
7531,2,-6852040720145197266,0,1,1,6,7,3,1,10
7532,2,712421943253750665,0,1,1,4,5,2,1,10
7533,2,8486129190718708531,0,1,1,6,3,3,1,10
7534,2,-1640343866387631391,0,1,1,6,2,3,1,10
7535,2,-4077863532123468267,0,1,1,6,3,3,1,10
7536,2,-5150456938547291207,0,0,0,5,3,3,1,10
7537,2,-346880565782959059,0,1,1,6,3,3,1,10
7538,2,-3108221956076381617,0,1,1,8,1,4,1,10
7539,2,-697557435655729074,0,0,0,7,2,4,1,10
7540,2,-3685424168084889017,0,1,1,6,2,3,1,10
7541,2,-5753012393996035083,0,0,0,5,4,3,1,10
7542,2,2614109430897529859,0,1,1,6,2,3,1,10
7543,2,4183266584947257023,0,1,1,8,1,4,1,10
7544,2,-5266775359276481736,0,0,0,7,3,4,1,10
7545,2,3324136918449430810,0,0,0,5,3,3,1,10
7546,2,-3366479590747434307,0,0,0,5,5,3,1,10
7547,2,7035833002876565055,0,0,0,5,5,3,1,10
7548,2,-1401610046179477082,0,0,0,5,3,3,1,10
7549,2,-5608781164023449249,0,0,0,5,5,3,1,10
7550,2,6189584312000038289,0,1,1,8,5,4,1,10
7551,2,-4355681848364369380,0,0,0,7,2,4,1,10
7552,2,-7443245393504080321,0,0,0,5,3,3,1,10
7553,2,9154397890008390714,0,0,0,3,7,2,1,10
7554,2,-7563161819305685402,0,0,0,5,3,3,1,10
7555,2,6244061614231662230,0,0,0,7,6,4,1,10
7556,2,892096407000896964,0,0,0,5,4,3,1,10
7557,2,8895713725919624534,0,0,0,5,4,3,1,10
7558,2,2074807944609450103,0,1,1,6,3,3,1,10
7559,2,-2505542313161944223,0,1,1,8,2,4,1,10
7560,2,5598786179411353483,0,0,0,3,5,2,1,10
7561,2,8594091660939960081,0,0,0,7,2,4,1,10
7562,2,3942672200483692245,0,1,1,4,5,2,1,10
7563,2,-1421907569490792921,0,0,0,7,2,4,1,10
7564,2,-6378503859191483394,0,1,1,6,1,3,1,10
7565,2,1391704735079937279,0,1,1,8,1,4,1,10
7566,2,6108120812259013346,0,0,0,3,9,2,1,10
7567,2,-1335635835018373884,0,1,1,6,3,3,1,10
7568,2,3035594805575729946,0,1,1,8,2,4,1,10
7569,2,-6977787772445485467,0,0,0,5,6,3,1,10
7570,2,-8086925873714621737,0,0,0,5,5,3,1,10
7571,2,-2981227879309997816,0,1,1,6,1,3,1,10
7572,2,-6570874156825074959,0,1,1,8,1,4,1,10
7573,2,6972655044014309566,0,0,0,5,7,3,1,10
7574,2,1622906861146128447,0,1,1,4,1,2,1,10
7575,2,3850161034116292792,0,0,0,7,3,4,1,10
7576,2,-4883691029844492760,0,1,1,6,3,3,1,10
7577,2,-6773603134758442438,0,0,0,5,4,3,1,10
7578,2,-653266706114083206,0,0,0,9,1,5,1,10
7579,2,6537687151444689550,0,0,0,5,4,3,1,10
7580,2,7667896068471427706,0,1,1,6,2,3,1,10
7581,2,-8036979393001642950,0,0,0,7,4,4,1,10
7582,2,-8873301703490182853,0,1,1,6,1,3,1,10
7583,2,-1957057528993140876,0,0,0,5,4,3,1,10
7584,2,7020094950961397555,0,0,0,5,1,3,1,10
7585,2,8365555699050778070,0,0,0,7,1,4,1,10
7586,2,8247356162482991882,0,0,0,5,2,3,1,10
7587,2,-6589924335359763123,0,0,0,5,1,3,1,10
7588,2,-9165588064641014859,0,1,1,8,3,4,1,10
7589,2,99059884079715927,0,0,0,5,4,3,1,10
7590,2,-8628841052825875517,0,0,0,5,2,3,1,10
7591,2,-2543519340760047251,0,0,0,7,2,4,1,10
7592,2,-3733650344263971337,0,1,1,6,4,3,1,10
7593,2,-7762571095419269187,0,0,0,7,5,4,1,10
7594,2,-3656012039712571626,0,0,0,5,4,3,1,10
7595,2,2931480293964081947,0,0,0,5,7,3,1,10
7596,2,1692826311716976896,0,0,0,7,2,4,1,10
7597,2,-1066836051336834759,0,0,0,7,2,4,1,10
7598,2,-2750723053522531579,0,1,1,6,3,3,1,10
7599,2,-1577494067227668970,0,0,0,5,4,3,1,10
7600,2,-1478429074114913423,0,1,1,4,2,2,1,10
7601,2,-4502082360793454156,0,0,0,5,6,3,1,10
7602,2,144521272897375848,0,1,1,4,4,2,1,10
7603,2,-394296621320495859,0,0,0,5,3,3,1,10
7604,2,-311489633905015303,0,0,0,7,3,4,1,10
7605,2,7029742041955115591,0,1,1,6,1,3,1,10
7606,2,-91984444771020948,0,1,1,4,7,2,1,10
7607,2,-9077225446591753178,0,0,0,5,4,3,1,10
7608,2,-1951734705431260706,0,1,1,6,1,3,1,10
7609,2,-4758345204118859583,0,0,0,7,3,4,1,10
7610,2,-4684677539040685552,0,1,1,6,1,3,1,10
7611,2,4607492264270943096,0,0,0,7,4,4,1,10
7612,2,-3312146606717476997,0,0,0,5,1,3,1,10
7613,2,-1225516572098332123,0,0,0,5,6,3,1,10
7614,2,1502404665625427622,0,1,1,4,6,2,1,10
7615,2,5124640558951164304,0,0,0,7,2,4,1,10
7616,2,1330375216256722108,0,1,1,6,4,3,1,10
7617,2,-570620317763418840,0,0,0,7,3,4,1,10
7618,2,287403098822858840,0,0,0,5,6,3,1,10
7619,2,3130424028205624816,0,0,0,7,3,4,1,10
7620,2,-6579895241266426973,0,0,0,7,3,4,1,10
7621,2,-7879037975066329929,0,0,0,5,5,3,1,10
7622,2,-7924514785453898847,0,0,0,5,5,3,1,10
7623,2,-2122162907361809524,0,1,1,6,2,3,1,10
7624,2,3811398686380482759,0,1,1,8,3,4,1,10
7625,2,3688442830626988655,0,0,0,7,4,4,1,10
7626,2,1944510449421835472,0,1,1,6,3,3,1,10
7627,2,2732604291069369163,0,0,0,7,1,4,1,10
7628,2,1605828286137864656,0,0,0,5,7,3,1,10
7629,2,-8659526711063178973,0,1,1,8,2,4,1,10
7630,2,6234157829151825545,0,1,1,8,2,4,1,10
7631,2,-515586700279779700,0,0,0,7,6,4,1,10
7632,2,5461661885926816764,0,1,1,6,2,3,1,10
7633,2,-8632992489228636325,0,1,1,6,7,3,1,10
7634,2,7836471763833559107,0,0,0,5,4,3,1,10
7635,2,1215182750567295390,0,0,0,5,2,3,1,10
7636,2,-3800376531065894243,0,1,1,6,3,3,1,10
7637,2,-3591742844963343921,0,1,1,10,1,5,1,10
7638,2,-5478953011786222390,0,0,0,5,5,3,1,10
7639,2,4881511124479888966,0,0,0,5,8,3,1,10
7640,2,-4304781332646533735,0,0,0,7,3,4,1,10
7641,2,6313503950079290863,0,1,1,6,2,3,1,10
7642,2,-982764915517697858,0,0,0,5,1,3,1,10
7643,2,-3884744963003640259,0,0,0,7,1,4,1,10
7644,2,-2725408487298600983,0,0,0,9,5,5,1,10
7645,2,123041436828449886,0,0,0,5,1,3,1,10
7646,2,5310685466572103955,0,0,0,7,3,4,1,10
7647,2,1878811778975055280,0,1,1,6,3,3,1,10
7648,2,-1210766657560455654,0,1,1,6,2,3,1,10
7649,2,423184873572330354,0,0,0,5,5,3,1,10
7650,2,4940593079612860816,0,0,0,3,5,2,1,10
7651,2,6485710364602867134,0,0,0,5,3,3,1,10
7652,2,6072364103669509327,0,1,1,4,7,2,1,10
7653,2,-9097753328405577289,0,0,0,5,1,3,1,10
7654,2,-2921611189908356272,0,0,0,5,2,3,1,10
7655,2,-1251410136862812418,0,0,0,7,1,4,1,10
7656,2,-1130771870638366916,0,1,1,6,1,3,1,10
7657,2,-7291199632420564887,0,0,0,5,4,3,1,10
7658,2,-8497315780199992509,0,1,1,6,1,3,1,10
7659,2,8459293731224423414,0,0,0,7,1,4,1,10
7660,2,3969544893451906477,0,1,1,6,3,3,1,10
7661,2,2253623411656939005,0,1,1,4,3,2,1,10
7662,2,7454425441837338798,0,0,0,7,3,4,1,10
7663,2,-8135024943468794971,0,0,0,5,2,3,1,10
7664,2,-7589623634533041155,0,0,0,7,2,4,1,10
7665,2,-7093804253682716520,0,0,0,7,5,4,1,10
7666,2,-4198185347547776089,0,1,1,6,2,3,1,10
7667,2,4300487034776685562,0,0,0,5,1,3,1,10
7668,2,6362170734897704991,0,1,1,6,2,3,1,10
7669,2,-3718638054711172970,0,1,1,6,2,3,1,10
7670,2,8135224220198626202,0,1,1,6,4,3,1,10
7671,2,3168148393687422042,0,0,0,5,4,3,1,10
7672,2,-3458405169502855015,0,0,0,7,1,4,1,10
7673,2,-4212450570997458171,0,1,1,6,4,3,1,10
7674,2,5013882308977728967,0,0,0,5,7,3,1,10
7675,2,6538641467919120414,0,0,0,7,1,4,1,10
7676,2,2060789068663722756,0,0,0,5,6,3,1,10
7677,2,385698969112734759,0,1,1,10,2,5,1,10
7678,2,-3179843704242435135,0,1,1,8,2,4,1,10
7679,2,8246236678016696594,0,0,0,5,5,3,1,10
7680,2,-6375172702597657970,0,1,1,6,3,3,1,10
7681,2,6478516578716772852,0,0,0,7,5,4,1,10
7682,2,3730574664648151536,0,1,1,8,1,4,1,10
7683,2,88640896421718520,0,0,0,5,7,3,1,10
7684,2,782059517703906935,0,0,0,7,1,4,1,10
7685,2,-1410471962119784811,0,0,0,5,1,3,1,10
7686,2,-3489601452106539504,0,0,0,7,4,4,1,10
7687,2,4714468351385340163,0,0,0,5,1,3,1,10
7688,2,107782086393041047,0,0,0,5,4,3,1,10
7689,2,6346997979602735850,0,0,0,5,4,3,1,10
7690,2,-8470101267615744592,0,1,1,6,5,3,1,10
7691,2,5217293901096421980,0,1,1,6,5,3,1,10
7692,2,-8340640109333808169,0,0,0,3,8,2,1,10
7693,2,5874410429874127109,0,1,1,6,2,3,1,10
7694,2,6052953337154208948,0,0,0,5,7,3,1,10
7695,2,-4432505640261780831,0,1,1,4,6,2,1,10
7696,2,-8908529369526209869,0,0,0,5,4,3,1,10
7697,2,-4996131535732902227,0,0,0,5,3,3,1,10
7698,2,-1478782743259790380,0,1,1,6,2,3,1,10
7699,2,-109542960820395679,0,0,0,7,2,4,1,10
7700,2,7688188551567127999,0,0,0,7,3,4,1,10
7701,2,2203561844544118748,0,0,0,5,3,3,1,10
7702,2,5764817597299003163,0,0,0,5,6,3,1,10
7703,2,-1166143326201730143,0,1,1,6,6,3,1,10
7704,2,6961390494744390175,0,1,1,6,2,3,1,10
7705,2,8760012423455322434,0,0,0,5,4,3,1,10
7706,2,2091442075385992296,0,0,0,5,1,3,1,10
7707,2,-396844245337774502,0,0,0,9,2,5,1,10
7708,2,-2428248994981095411,0,1,1,6,4,3,1,10
7709,2,-2183112980750480705,0,0,0,5,4,3,1,10
7710,2,-2543228179778878992,0,1,1,6,2,3,1,10
7711,2,-3440911409735251720,0,0,0,7,3,4,1,10
7712,2,-1720368844675434154,0,1,1,6,1,3,1,10
7713,2,2048955755596999148,0,1,1,6,4,3,1,10
7714,2,3178859447686986938,0,0,0,5,3,3,1,10
7715,2,7110845109464141788,0,0,0,9,1,5,1,10
7716,2,4253799829784516573,0,0,0,5,5,3,1,10
7717,2,7932730076384521363,0,0,0,7,2,4,1,10
7718,2,7447713139303098145,0,1,1,6,3,3,1,10
7719,2,-989966228675942693,0,0,0,5,6,3,1,10
7720,2,2764535016763931671,0,0,0,5,5,3,1,10
7721,2,-555096294221618381,0,1,1,8,2,4,1,10
7722,2,8503913822145673046,0,1,1,6,2,3,1,10
7723,2,-8186503583861496898,0,1,1,8,1,4,1,10
7724,2,-8107393629548041330,0,0,0,5,6,3,1,10
7725,2,-3696144226471857283,0,1,1,8,3,4,1,10
7726,2,4218887033305570780,0,0,0,7,3,4,1,10
7727,2,-1223712514447830848,0,0,0,5,7,3,1,10
7728,2,-1582364936143620257,0,0,0,5,6,3,1,10
7729,2,8180476442146966233,0,1,1,6,2,3,1,10
7730,2,1839356066901801994,0,0,0,5,2,3,1,10
7731,2,7815649470776018707,0,0,0,7,3,4,1,10
7732,2,-4192797951838774597,0,0,0,5,1,3,1,10
7733,2,-739184668935184158,0,0,0,5,2,3,1,10
7734,2,563707226411248268,0,0,0,7,3,4,1,10
7735,2,-115280841306105509,0,1,1,6,3,3,1,10
7736,2,-1045614339962214039,0,0,0,7,6,4,1,10
7737,2,-2663140596835071514,0,1,1,6,4,3,1,10
7738,2,-7986152029234622493,0,0,0,7,6,4,1,10
7739,2,-7551810073341915599,0,1,1,6,2,3,1,10
7740,2,1713371913061273154,0,0,0,5,5,3,1,10
7741,2,851493938503375207,0,0,0,7,3,4,1,10
7742,2,5957985106045191904,0,0,0,7,5,4,1,10
7743,2,-1939927933706671455,0,0,0,5,3,3,1,10
7744,2,3076196847552993716,0,0,0,3,5,2,1,10
7745,2,-3763645507469781860,0,0,0,5,2,3,1,10
7746,2,8593872253596013869,0,0,0,7,3,4,1,10
7747,2,9134406194884594860,0,0,0,5,5,3,1,10
7748,2,-1803762576841514943,0,0,0,5,6,3,1,10
7749,2,1294294576111875313,0,1,1,6,1,3,1,10
7750,2,-2450834100442713660,0,1,1,6,2,3,1,10
7751,2,-4209493156659096121,0,0,0,7,3,4,1,10
7752,2,4028779217792264445,0,0,0,7,4,4,1,10
7753,2,244122692354603650,0,0,0,5,5,3,1,10
7754,2,-5412540661466129547,0,0,0,5,4,3,1,10
7755,2,5994111547964253531,0,1,1,6,1,3,1,10
7756,2,5341908650546703378,0,0,0,7,2,4,1,10
7757,2,6151079868889779876,0,1,1,6,2,3,1,10
7758,2,8987878562630811493,0,0,0,3,9,2,1,10
7759,2,-7105311092662738109,0,1,1,6,2,3,1,10
7760,2,-6197668902167961281,0,0,0,7,2,4,1,10
7761,2,3986893259533317725,0,0,0,5,8,3,1,10
7762,2,-7153213840954036342,0,0,0,5,5,3,1,10
7763,2,-7581033718337021360,0,1,1,6,3,3,1,10
7764,2,-2257163246139007403,0,1,1,6,1,3,1,10
7765,2,279073147841271015,0,0,0,3,5,2,1,10
7766,2,-1785065279808132816,0,0,0,5,7,3,1,10
7767,2,8579170395882267336,0,0,0,7,3,4,1,10
7768,2,-6825493696772143687,0,0,0,7,1,4,1,10
7769,2,6992754670214528561,0,0,0,7,1,4,1,10
7770,2,-5559279984805958793,0,0,0,5,6,3,1,10
7771,2,-9062681175536771869,0,0,0,5,3,3,1,10
7772,2,-4808679140184210202,0,0,0,5,5,3,1,10
7773,2,-6320650172189681315,0,0,0,7,1,4,1,10
7774,2,8478825174511705554,0,0,0,7,3,4,1,10
7775,2,-7327681631535989939,0,1,1,6,2,3,1,10
7776,2,-4165165880247868696,0,1,1,6,3,3,1,10
7777,2,7388525280423039811,0,1,1,6,1,3,1,10
7778,2,2471687312047015561,0,1,1,6,2,3,1,10
7779,2,-6704458034026340953,0,0,0,5,4,3,1,10
7780,2,8691499221908086497,0,1,1,6,1,3,1,10
7781,2,-8836436611620773651,0,1,1,6,3,3,1,10
7782,2,-2227683780419137224,0,1,1,6,3,3,1,10
7783,2,4841561126966049542,0,1,1,6,2,3,1,10
7784,2,-3857889758215659897,0,1,1,6,2,3,1,10
7785,2,3902887604494406169,0,1,1,6,2,3,1,10
7786,2,2425961533953418574,0,0,0,5,7,3,1,10
7787,2,6720573951482141811,0,0,0,7,3,4,1,10
7788,2,-4799557639163597660,0,1,1,6,5,3,1,10
7789,2,626653274292384699,0,1,1,8,3,4,1,10
7790,2,7760518913715752079,0,0,0,7,2,4,1,10
7791,2,-6252001651057318039,0,0,0,5,1,3,1,10
7792,2,-2023197635246389355,0,0,0,5,3,3,1,10
7793,2,-5858332049302060424,0,1,1,6,3,3,1,10
7794,2,-4073247342255642221,0,1,1,8,1,4,1,10
7795,2,4238898966264051801,0,0,0,5,5,3,1,10
7796,2,-2432604011308040244,0,0,0,5,4,3,1,10
7797,2,-3589216793796711125,0,0,0,5,5,3,1,10
7798,2,1272173285745835588,0,0,0,5,8,3,1,10
7799,2,6890376670442179881,0,0,0,5,4,3,1,10
7800,2,-1004079448557672882,0,0,0,9,1,5,1,10
7801,2,-1393182503559026845,0,0,0,3,5,2,1,10
7802,2,1116749259929371236,0,0,0,11,1,6,1,10
7803,2,3367257359052619697,0,0,0,5,1,3,1,10
7804,2,5115864902810716982,0,0,0,5,5,3,1,10
7805,2,-1334882591077119005,0,1,1,6,6,3,1,10
7806,2,-6690339413650437627,0,0,0,9,4,5,1,10
7807,2,6295151805223948349,0,0,0,5,3,3,1,10
7808,2,4549720620919999536,0,1,1,8,2,4,1,10
7809,2,-3031615908066832606,0,0,0,5,3,3,1,10
7810,2,1295426754142927886,0,1,1,8,1,4,1,10
7811,2,4039971760083058702,0,1,1,8,3,4,1,10
7812,2,-2737881088047680769,0,1,1,6,1,3,1,10
7813,2,-8504129575375142455,0,1,1,6,2,3,1,10
7814,2,-1659701810043922243,0,0,0,5,7,3,1,10
7815,2,900802334415141849,0,0,0,5,2,3,1,10
7816,2,1004086389720327159,0,0,0,7,1,4,1,10
7817,2,-248156469458083017,0,0,0,5,6,3,1,10
7818,2,-5931181928740057056,0,0,0,7,4,4,1,10
7819,2,864807382640154182,0,0,0,5,3,3,1,10
7820,2,-8460654973444088701,0,1,1,4,1,2,1,10
7821,2,-2391437237171207168,0,0,0,5,2,3,1,10
7822,2,3772688662593005722,0,0,0,5,6,3,1,10
7823,2,-6388862463072611726,0,0,0,5,3,3,1,10
7824,2,7291563347176063392,0,1,1,4,6,2,1,10
7825,2,3599499195842181226,0,0,0,7,2,4,1,10
7826,2,2733223715703649637,0,0,0,5,5,3,1,10
7827,2,-5736934474481844627,0,0,0,5,4,3,1,10
7828,2,-4204667287434838432,0,0,0,5,3,3,1,10
7829,2,4566801856005561070,0,0,0,5,4,3,1,10
7830,2,-333860296728093430,0,0,0,7,3,4,1,10
7831,2,1920534659662110141,0,0,0,7,2,4,1,10
7832,2,-3915690977624378775,0,1,1,6,3,3,1,10
7833,2,7151458594220760765,0,1,1,6,3,3,1,10
7834,2,8459744687021780970,0,0,0,5,4,3,1,10
7835,2,3448271560896504794,0,0,0,5,4,3,1,10
7836,2,8750937840011260020,0,1,1,4,4,2,1,10
7837,2,-4194083734749646279,0,0,0,5,4,3,1,10
7838,2,7099137201492266681,0,1,1,6,2,3,1,10
7839,2,-8649386743774904656,0,0,0,5,4,3,1,10
7840,2,-2897254607836132146,0,1,1,4,4,2,1,10
7841,2,-7497779812837035657,0,1,1,6,3,3,1,10
7842,2,6265880703467544829,0,0,0,5,3,3,1,10
7843,2,-3424215455048224480,0,0,0,5,3,3,1,10
7844,2,-3642671864521163814,0,1,1,6,2,3,1,10
7845,2,-6336680369231238972,0,1,1,6,2,3,1,10
7846,2,-3105692208880231533,0,1,1,6,4,3,1,10
7847,2,8271398157430226302,0,0,0,5,6,3,1,10
7848,2,-1290890153391882100,0,0,0,7,4,4,1,10
7849,2,3161518991689213725,0,0,0,5,1,3,1,10
7850,2,4990496472713664299,0,0,0,5,4,3,1,10
7851,2,8495478785170497556,0,1,1,6,5,3,1,10
7852,2,-2637372178469278993,0,0,0,5,6,3,1,10
7853,2,7852422674568978613,0,0,0,9,1,5,1,10
7854,2,837362479624222407,0,0,0,5,4,3,1,10
7855,2,-8365030677041178210,0,1,1,4,7,2,1,10
7856,2,6416550299312744097,0,1,1,6,4,3,1,10
7857,2,-7108836590512119437,0,1,1,6,1,3,1,10
7858,2,-985670118513304000,0,1,1,6,2,3,1,10
7859,2,1728314933350484429,0,0,0,7,3,4,1,10
7860,2,-398568828004525742,0,1,1,4,4,2,1,10
7861,2,8779526728761954161,0,1,1,4,3,2,1,10
7862,2,2716180441563379905,0,1,1,6,2,3,1,10
7863,2,2139879799457110468,0,0,0,9,3,5,1,10
7864,2,-5633202564031983287,0,1,1,6,4,3,1,10
7865,2,-8601746650600211074,0,0,0,5,2,3,1,10
7866,2,-579866075519152310,0,1,1,6,2,3,1,10
7867,2,8576740129450407582,0,1,1,8,1,4,1,10
7868,2,7895591664115139550,0,1,1,6,2,3,1,10
7869,2,-5625414247993881187,0,1,1,6,4,3,1,10
7870,2,-5672126956242702546,0,1,1,6,1,3,1,10
7871,2,7089574814692989926,0,0,0,5,7,3,1,10
7872,2,6949967263786703873,0,1,1,6,3,3,1,10
7873,2,-6221276894120860796,0,1,1,6,1,3,1,10
7874,2,-4462698500304281451,0,0,0,7,2,4,1,10
7875,2,8532642374905081372,0,0,0,9,1,5,1,10
7876,2,-8803383352826521422,0,0,0,7,1,4,1,10
7877,2,2357481215087699742,0,0,0,5,4,3,1,10
7878,2,-4082456057937449733,0,0,0,7,6,4,1,10
7879,2,5579953337871574327,0,1,1,6,3,3,1,10
7880,2,8268946391654988678,0,0,0,5,4,3,1,10
7881,2,-212237461827987703,0,0,0,7,1,4,1,10
7882,2,-871330720462883409,0,0,0,5,4,3,1,10
7883,2,-4117549789238376674,0,1,1,6,4,3,1,10
7884,2,-8492506260467628247,0,0,0,5,6,3,1,10
7885,2,-1739883663781418215,0,0,0,3,7,2,1,10
7886,2,-7301900434310849963,0,0,0,5,4,3,1,10
7887,2,-8009185411900673490,0,1,1,6,2,3,1,10
7888,2,4099702308946955734,0,0,0,5,6,3,1,10
7889,2,6436057604035020499,0,1,1,6,1,3,1,10
7890,2,-3952510478905397403,0,1,1,6,6,3,1,10
7891,2,-3955619807901681737,0,1,1,6,4,3,1,10
7892,2,-796069580402913311,0,1,1,4,2,2,1,10
7893,2,-1588564009696478221,0,0,0,7,1,4,1,10
7894,2,1966567579776173225,0,1,1,10,1,5,1,10
7895,2,-1762619338303109505,0,0,0,7,6,4,1,10
7896,2,6379854915692882478,0,0,0,7,3,4,1,10
7897,2,1830150322491645158,0,0,0,7,6,4,1,10
7898,2,3739126224241179587,0,0,0,7,5,4,1,10
7899,2,-3301294712779315907,0,0,0,5,5,3,1,10
7900,2,-2803330440267754313,0,0,0,5,1,3,1,10
7901,2,-1505830606595514543,0,1,1,6,5,3,1,10
7902,2,-8118023384427139420,0,1,1,6,1,3,1,10
7903,2,-1318829112183915233,0,1,1,4,3,2,1,10
7904,2,5165342244235997449,0,0,0,5,7,3,1,10
7905,2,-5659839934343704952,0,1,1,6,3,3,1,10
7906,2,-5148139733392333290,0,1,1,6,4,3,1,10
7907,2,4191276410933752901,0,1,1,4,3,2,1,10
7908,2,9139163348000647367,0,0,0,7,1,4,1,10
7909,2,2316797609343127063,0,0,0,5,4,3,1,10
7910,2,4770835491219726388,0,0,0,5,2,3,1,10
7911,2,1166767421196605507,0,0,0,7,3,4,1,10
7912,2,6926234490324229158,0,1,1,6,2,3,1,10
7913,2,5109329807223794749,0,0,0,5,3,3,1,10
7914,2,5235196401041778413,0,0,0,5,7,3,1,10
7915,2,-2419642469813364573,0,0,0,7,1,4,1,10
7916,2,-8503426002326282128,0,1,1,6,3,3,1,10
7917,2,7334076120019747948,0,0,0,5,4,3,1,10
7918,2,-6112291663100692860,0,1,1,6,3,3,1,10
7919,2,6626655252493046113,0,0,0,5,3,3,1,10
7920,2,-249747950353281407,0,1,1,6,2,3,1,10
7921,2,-6574964937987296821,0,1,1,6,3,3,1,10
7922,2,-7100756074443000814,0,0,0,5,6,3,1,10
7923,2,30378568915805549,0,0,0,5,4,3,1,10
7924,2,4199566130043330893,0,1,1,6,5,3,1,10
7925,2,-7471430482246741580,0,1,1,6,1,3,1,10
7926,2,-6025287111777700861,0,1,1,6,5,3,1,10
7927,2,3923351589343553836,0,1,1,6,2,3,1,10
7928,2,5782134227045557336,0,0,0,7,3,4,1,10
7929,2,2677228390370383414,0,0,0,5,4,3,1,10
7930,2,-3202135130742108011,0,0,0,7,1,4,1,10
7931,2,-6194193653218059016,0,0,0,5,2,3,1,10
7932,2,-7586602794381413828,0,0,0,5,4,3,1,10
7933,2,-4229170536737478508,0,1,1,8,1,4,1,10
7934,2,-3803142116040994724,0,0,0,9,3,5,1,10
7935,2,5189028990481053595,0,0,0,5,4,3,1,10
7936,2,-1542934178341731545,0,0,0,9,1,5,1,10
7937,2,7585239405291412419,0,0,0,5,7,3,1,10
7938,2,5211836897043094721,0,0,0,5,5,3,1,10
7939,2,25830173291872472,0,0,0,7,6,4,1,10
7940,2,-7695975597569422502,0,0,0,5,4,3,1,10
7941,2,3452651731363540720,0,0,0,5,8,3,1,10
7942,2,-9000277925545850754,0,0,0,7,1,4,1,10
7943,2,2407314108657466338,0,0,0,5,3,3,1,10
7944,2,1653632944029706667,0,1,1,6,3,3,1,10
7945,2,-550051868191154184,0,0,0,5,5,3,1,10
7946,2,-415623600217496029,0,0,0,5,1,3,1,10
7947,2,3316202197118722531,0,0,0,5,5,3,1,10
7948,2,-8125358069546441212,0,0,0,3,6,2,1,10
7949,2,6988832485924408815,0,0,0,5,6,3,1,10
7950,2,1411620765255102101,0,0,0,7,3,4,1,10
7951,2,7294791031885687927,0,0,0,7,3,4,1,10
7952,2,-8472809270035464223,0,1,1,6,1,3,1,10
7953,2,2249808407533005722,0,0,0,3,8,2,1,10
7954,2,-1362989319373064310,0,0,0,7,1,4,1,10
7955,2,-3597931084374347730,0,0,0,5,6,3,1,10
7956,2,-7723421958789919530,0,0,0,5,7,3,1,10
7957,2,-4901280203131190796,0,1,1,8,2,4,1,10
7958,2,7711067988794014221,0,0,0,5,6,3,1,10
7959,2,9110030956772902669,0,0,0,7,3,4,1,10
7960,2,1159462469200733959,0,0,0,5,4,3,1,10
7961,2,-6287954951837449555,0,0,0,5,1,3,1,10
7962,2,5992450359368673536,0,0,0,7,7,4,1,10
7963,2,22202642499554061,0,0,0,7,6,4,1,10
7964,2,7953427797973298094,0,1,1,8,1,4,1,10
7965,2,5878679750397094566,0,0,0,5,5,3,1,10
7966,2,1033421949395834773,0,0,0,7,7,4,1,10
7967,2,3224305062843359387,0,0,0,5,6,3,1,10
7968,2,2668392734628104601,0,0,0,5,7,3,1,10
7969,2,5249939692056605814,0,1,1,6,2,3,1,10
7970,2,8950472339309752277,0,1,1,6,4,3,1,10
7971,2,-8056296035864014569,0,0,0,7,3,4,1,10
7972,2,6843400736299409322,0,0,0,5,4,3,1,10
7973,2,-1646599097124824344,0,1,1,8,2,4,1,10
7974,2,2273917625861404953,0,0,0,5,5,3,1,10
7975,2,8092150664054584661,0,1,1,6,2,3,1,10
7976,2,-5415809801321370795,0,1,1,6,1,3,1,10
7977,2,-3260724383896196229,0,0,0,5,5,3,1,10
7978,2,-3792931354327142765,0,0,0,5,5,3,1,10
7979,2,-2937418383170834401,0,0,0,5,4,3,1,10
7980,2,-609266723854874843,0,0,0,7,2,4,1,10
7981,2,8781921962838157537,0,0,0,5,5,3,1,10
7982,2,-2063559062237207098,0,1,1,4,7,2,1,10
7983,2,-7128353348392240976,0,1,1,6,4,3,1,10
7984,2,7486163088603199799,0,0,0,7,3,4,1,10
7985,2,-7837586777640174208,0,0,0,7,3,4,1,10
7986,2,3812290809078449418,0,1,1,6,5,3,1,10
7987,2,4891491692932740410,0,0,0,5,2,3,1,10
7988,2,-8333388086392729155,0,0,0,7,2,4,1,10
7989,2,-8305202979334849036,0,0,0,7,4,4,1,10
7990,2,7443501958792694281,0,0,0,5,2,3,1,10
7991,2,-6955922316389571231,0,0,0,7,1,4,1,10
7992,2,3761053318143859068,0,0,0,5,3,3,1,10
7993,2,7529462244738251659,0,1,1,8,2,4,1,10
7994,2,359720732142362693,0,0,0,5,4,3,1,10
7995,2,-5909841266358149953,0,0,0,5,1,3,1,10
7996,2,2127084993062326350,0,1,1,8,2,4,1,10
7997,2,4629095831851148999,0,0,0,3,5,2,1,10
7998,2,2972460608248579984,0,0,0,9,3,5,1,10
7999,2,-4981922208607072930,0,0,0,5,4,3,1,10
8000,2,2443398740208384929,0,0,0,5,5,3,1,10
8001,2,8073977395179749856,0,0,0,7,3,4,1,10
8002,2,-1138748993132557679,0,1,1,6,4,3,1,10
8003,2,-2182450278142074303,0,1,1,6,1,3,1,10
8004,2,-4341010318633171721,0,1,1,6,3,3,1,10
8005,2,-1812926935507836097,0,0,0,5,4,3,1,10
8006,2,-2209445297046502074,0,0,0,7,1,4,1,10
8007,2,5418513400120895963,0,0,0,5,4,3,1,10
8008,2,8393631807944747108,0,0,0,7,1,4,1,10
8009,2,7205081852647540740,0,0,0,5,2,3,1,10
8010,2,-5837451155909411971,0,1,1,8,3,4,1,10
8011,2,722605508616671381,0,1,1,6,4,3,1,10
8012,2,-995023794972642541,0,0,0,5,6,3,1,10
8013,2,8735784554698765954,0,0,0,7,4,4,1,10
8014,2,-3516332256183025831,0,1,1,6,1,3,1,10
8015,2,5949032906174917453,0,0,0,9,2,5,1,10
8016,2,-6235904137644011071,0,0,0,5,5,3,1,10
8017,2,34495034715697342,0,0,0,7,1,4,1,10
8018,2,-6550949872830994477,0,0,0,5,8,3,1,10
8019,2,-2042401670721924654,0,0,0,5,4,3,1,10
8020,2,2187610897465192256,0,0,0,5,4,3,1,10
8021,2,6150112372832483059,0,0,0,7,1,4,1,10
8022,2,3147549825193449271,0,0,0,7,2,4,1,10
8023,2,-2609013989328074391,0,1,1,6,5,3,1,10
8024,2,-152594637681892618,0,0,0,7,4,4,1,10
8025,2,757693791151069712,0,1,1,6,2,3,1,10
8026,2,6175646817808044451,0,0,0,7,1,4,1,10
8027,2,-2192452104633286837,0,1,1,6,2,3,1,10
8028,2,-6966011467270803621,0,1,1,6,2,3,1,10
8029,2,225663981067329080,0,0,0,7,1,4,1,10
8030,2,-6926014173375487093,0,0,0,5,3,3,1,10
8031,2,8871708593858089764,0,0,0,5,1,3,1,10
8032,2,7738148701339914367,0,0,0,5,4,3,1,10
8033,2,-3388480106729673407,0,0,0,5,7,3,1,10
8034,2,-6507874904851097544,0,0,0,7,2,4,1,10
8035,2,-6051512495798931050,0,0,0,7,2,4,1,10
8036,2,-3101375479231669631,0,0,0,5,8,3,1,10
8037,2,-571227241680709322,0,0,0,5,3,3,1,10
8038,2,-2116235876939251644,0,1,1,8,1,4,1,10
8039,2,8487087263106825908,0,0,0,3,8,2,1,10
8040,2,5613869512440080409,0,0,0,5,5,3,1,10
8041,2,4677114603157597909,0,0,0,5,8,3,1,10
8042,2,3209026951336888351,0,1,1,6,3,3,1,10
8043,2,-6700710176689418105,0,0,0,5,4,3,1,10
8044,2,-1705916376699184881,0,1,1,4,2,2,1,10
8045,2,-7888420677240023022,0,0,0,9,4,5,1,10
8046,2,-2498616764988727667,0,0,0,5,4,3,1,10
8047,2,6463141092878465421,0,0,0,5,4,3,1,10
8048,2,2523417444310884545,0,1,1,8,2,4,1,10
8049,2,-1866366916882706798,0,0,0,3,7,2,1,10
8050,2,1537274716482562854,0,0,0,9,1,5,1,10
8051,2,5576007370649117493,0,1,1,8,2,4,1,10
8052,2,-5314630858854325087,0,1,1,6,4,3,1,10
8053,2,-4195349298370978255,0,0,0,5,3,3,1,10
8054,2,-492349632219736875,0,0,0,5,5,3,1,10
8055,2,1017001428765587556,0,0,0,5,3,3,1,10
8056,2,1436862653826443957,0,0,0,7,5,4,1,10
8057,2,8135455794743031677,0,1,1,6,5,3,1,10
8058,2,5804484594810919002,0,0,0,5,6,3,1,10
8059,2,-2496911003416764429,0,1,1,6,3,3,1,10
8060,2,-5406074903523174378,0,1,1,8,1,4,1,10
8061,2,3450351627535618616,0,0,0,5,4,3,1,10
8062,2,8488481472039513800,0,1,1,4,6,2,1,10
8063,2,-6461576887366121682,0,0,0,5,5,3,1,10
8064,2,4263086311604420465,0,1,1,4,5,2,1,10
8065,2,-7325718899792142375,0,0,0,7,1,4,1,10
8066,2,1711192713933030407,0,1,1,6,1,3,1,10
8067,2,3714960533309488214,0,0,0,5,6,3,1,10
8068,2,-1870281458877120631,0,1,1,6,1,3,1,10
8069,2,-7906738774064624116,0,1,1,6,6,3,1,10
8070,2,-1561732330399417005,0,0,0,5,6,3,1,10
8071,2,9176741102678382880,0,0,0,9,3,5,1,10
8072,2,-2974362907336838733,0,0,0,5,6,3,1,10
8073,2,9183116984054733102,0,0,0,5,4,3,1,10
8074,2,298874758923997115,0,0,0,3,9,2,1,10
8075,2,697333296416537909,0,1,1,4,4,2,1,10
8076,2,2681555240321214552,0,0,0,5,3,3,1,10
8077,2,-1865081791494918447,0,0,0,5,2,3,1,10
8078,2,5887859204103988899,0,1,1,8,2,4,1,10
8079,2,8189640518285531312,0,0,0,5,3,3,1,10
8080,2,-2873662007819502218,0,0,0,7,1,4,1,10
8081,2,-3680976946358738882,0,1,1,6,3,3,1,10
8082,2,4117515760477739586,0,0,0,5,3,3,1,10
8083,2,3279517743901787811,0,0,0,7,2,4,1,10
8084,2,7320491852026671392,0,1,1,4,4,2,1,10
8085,2,-8829297807026068242,0,1,1,6,2,3,1,10
8086,2,4870302175795820069,0,1,1,4,4,2,1,10
8087,2,2296907489339914130,0,0,0,5,5,3,1,10
8088,2,-9016603068633212934,0,1,1,6,3,3,1,10
8089,2,6052897963462651152,0,1,1,8,5,4,1,10
8090,2,7180310236845199274,0,1,1,8,4,4,1,10
8091,2,-749522043768968203,0,1,1,8,2,4,1,10
8092,2,-5917106576451216963,0,1,1,4,4,2,1,10
8093,2,2461363840237077511,0,0,0,5,1,3,1,10
8094,2,4212400340375153798,0,0,0,7,3,4,1,10
8095,2,-6082260085040906565,0,0,0,5,6,3,1,10
8096,2,770830186561601465,0,1,1,6,1,3,1,10
8097,2,-2187649414720437527,0,1,1,6,3,3,1,10
8098,2,-8115937952190826176,0,1,1,6,2,3,1,10
8099,2,6365835553247494082,0,0,0,7,2,4,1,10
8100,2,-1961420089348205746,0,0,0,5,5,3,1,10
8101,2,-8974033391822728447,0,1,1,6,3,3,1,10
8102,2,595121182795354035,0,0,0,5,3,3,1,10
8103,2,6417925264744521312,0,0,0,7,3,4,1,10
8104,2,7088859613117287538,0,1,1,6,1,3,1,10
8105,2,8135833969447927885,0,1,1,6,3,3,1,10
8106,2,1366003939621244304,0,0,0,5,5,3,1,10
8107,2,5669139300847625181,0,0,0,7,2,4,1,10
8108,2,-4720434366140739538,0,0,0,7,3,4,1,10
8109,2,4865845211980553216,0,0,0,3,5,2,1,10
8110,2,-2713382403284043046,0,0,0,5,2,3,1,10
8111,2,-1510466860274237962,0,1,1,8,1,4,1,10
8112,2,-6037791117094944991,0,1,1,4,2,2,1,10
8113,2,1274893285669482241,0,1,1,4,1,2,1,10
8114,2,1444561167697395816,0,1,1,6,3,3,1,10
8115,2,7724492824618867036,0,0,0,7,1,4,1,10
8116,2,6659368380009092091,0,0,0,5,2,3,1,10
8117,2,402507031802772587,0,1,1,6,1,3,1,10
8118,2,7915417593853226598,0,1,1,6,2,3,1,10
8119,2,-4646965837689336781,0,0,0,7,2,4,1,10
8120,2,-206715707264183805,0,0,0,5,1,3,1,10
8121,2,2065149805608784907,0,0,0,9,2,5,1,10
8122,2,7219776762900632276,0,1,1,6,2,3,1,10
8123,2,-3539515209616617325,0,0,0,7,1,4,1,10
8124,2,8067811620500865938,0,1,1,6,1,3,1,10
8125,2,-2457081948282637083,0,0,0,5,5,3,1,10
8126,2,6156508269325475845,0,1,1,6,1,3,1,10
8127,2,-679808152832127221,0,1,1,4,4,2,1,10
8128,2,7168679645389359254,0,0,0,7,1,4,1,10
8129,2,-8253059109001871440,0,1,1,8,4,4,1,10
8130,2,-5209889960775490782,0,0,0,5,7,3,1,10
8131,2,-2000858211893216999,0,0,0,5,2,3,1,10
8132,2,-1045563666499832560,0,1,1,8,2,4,1,10
8133,2,-1981296087463544491,0,0,0,7,2,4,1,10
8134,2,8175655604076563109,0,0,0,5,5,3,1,10
8135,2,3184267017711825843,0,0,0,5,7,3,1,10
8136,2,7091220551395704726,0,1,1,6,4,3,1,10
8137,2,-7187830601172492940,0,1,1,4,2,2,1,10
8138,2,8597721627100134622,0,1,1,6,2,3,1,10
8139,2,-8500267769171455551,0,0,0,7,5,4,1,10
8140,2,-4870485383185088558,0,1,1,8,2,4,1,10
8141,2,3147942232237048030,0,0,0,7,3,4,1,10
8142,2,-326358658162835854,0,1,1,6,4,3,1,10
8143,2,-8206097244869091680,0,0,0,11,1,6,1,10
8144,2,5972383406016216320,0,1,1,6,5,3,1,10
8145,2,-1197649002169433060,0,0,0,7,3,4,1,10
8146,2,-5917671266432669482,0,0,0,7,3,4,1,10
8147,2,-7598510152496449376,0,1,1,6,2,3,1,10
8148,2,-6815495725546025868,0,1,1,6,1,3,1,10
8149,2,-7835437562108176921,0,0,0,7,1,4,1,10
8150,2,-4167149203886739240,0,0,0,5,6,3,1,10
8151,2,6246184451697458055,0,1,1,10,1,5,1,10
8152,2,6586027222752837650,0,0,0,5,4,3,1,10
8153,2,-109655705545947730,0,0,0,5,6,3,1,10
8154,2,-3259955193015386857,0,1,1,8,1,4,1,10
8155,2,-2575031031300359411,0,1,1,6,2,3,1,10
8156,2,-4621042011208293164,0,0,0,5,3,3,1,10
8157,2,3573216649947309587,0,0,0,7,2,4,1,10
8158,2,-7875246808528565114,0,0,0,5,3,3,1,10
8159,2,-742081810817315490,0,0,0,5,3,3,1,10
8160,2,-1203937497259880120,0,0,0,7,3,4,1,10
8161,2,9201797191028621166,0,0,0,5,6,3,1,10
8162,2,8236242275932515565,0,0,0,5,2,3,1,10
8163,2,1812263689896125851,0,0,0,7,3,4,1,10
8164,2,3985145663429870607,0,0,0,5,2,3,1,10
8165,2,5430569091641283144,0,0,0,7,1,4,1,10
8166,2,-7176384124608757400,0,1,1,6,4,3,1,10
8167,2,8095852028305096281,0,0,0,3,5,2,1,10
8168,2,482367545034265184,0,0,0,5,5,3,1,10
8169,2,-555971047280219679,0,0,0,5,2,3,1,10
8170,2,-788239858975172378,0,0,0,3,7,2,1,10
8171,2,8750103991895364640,0,1,1,6,1,3,1,10
8172,2,-9072944858174347646,0,0,0,5,3,3,1,10
8173,2,1382144679677968044,0,1,1,6,4,3,1,10
8174,2,-4911169509491206997,0,1,1,4,2,2,1,10
8175,2,-4533370186236989459,0,0,0,7,2,4,1,10
8176,2,-9213236549267780011,0,0,0,5,2,3,1,10
8177,2,-3936853181004355378,0,0,0,5,8,3,1,10
8178,2,503933490590047950,0,0,0,5,4,3,1,10
8179,2,-7574983999644794448,0,1,1,6,3,3,1,10
8180,2,736074965608110538,0,1,1,6,6,3,1,10
8181,2,-6207919845149089118,0,0,0,5,5,3,1,10
8182,2,-4442643990493122372,0,0,0,7,2,4,1,10
8183,2,4651038480434924239,0,1,1,6,3,3,1,10
8184,2,6687659231056300390,0,0,0,5,6,3,1,10
8185,2,5912815768507964215,0,0,0,7,3,4,1,10
8186,2,6881887580534335923,0,1,1,6,2,3,1,10
8187,2,2132348509120567457,0,0,0,5,6,3,1,10
8188,2,-3944973247905837884,0,0,0,5,6,3,1,10
8189,2,1763873394325788880,0,0,0,7,5,4,1,10
8190,2,-1234250895744010936,0,0,0,3,6,2,1,10
8191,2,6953454741218889460,0,1,1,4,5,2,1,10
8192,2,-4005866729184014064,0,0,0,5,3,3,1,10
8193,2,-14635972732671133,0,0,0,7,2,4,1,10
8194,2,-1483940737804631582,0,0,0,5,3,3,1,10
8195,2,9176843398209077896,0,1,1,6,1,3,1,10
8196,2,317848489073942412,0,1,1,8,3,4,1,10
8197,2,4420519162715205403,0,1,1,8,1,4,1,10
8198,2,-7113805686153214148,0,1,1,8,1,4,1,10
8199,2,4740703726649828242,0,0,0,5,4,3,1,10
8200,2,2139339707017972750,0,0,0,5,1,3,1,10
8201,2,7346896575346269911,0,0,0,5,6,3,1,10
8202,2,-7368030973518045977,0,0,0,5,4,3,1,10
8203,2,6804573517812496442,0,0,0,7,2,4,1,10
8204,2,8486015706983019392,0,1,1,6,1,3,1,10
8205,2,-1981245035214981464,0,0,0,5,2,3,1,10
8206,2,-8000158988377448251,0,0,0,3,7,2,1,10
8207,2,-1274463675551766755,0,1,1,6,4,3,1,10
8208,2,6386217014769289823,0,0,0,5,6,3,1,10
8209,2,-5351850990422661545,0,0,0,9,2,5,1,10
8210,2,5516464787496414607,0,0,0,3,7,2,1,10
8211,2,-7425958273953918517,0,0,0,7,1,4,1,10
8212,2,8331445019673639741,0,0,0,5,4,3,1,10
8213,2,-8851054869367565348,0,0,0,5,3,3,1,10
8214,2,8934767232597156176,0,0,0,5,4,3,1,10
8215,2,4610684374730145610,0,0,0,5,6,3,1,10
8216,2,-6397984790426839744,0,0,0,7,2,4,1,10
8217,2,3404495635142602216,0,1,1,8,3,4,1,10
8218,2,-5876214796170988568,0,1,1,8,3,4,1,10
8219,2,2141499195839125137,0,0,0,5,4,3,1,10
8220,2,-1801291375549887840,0,1,1,4,4,2,1,10
8221,2,6691490241901399644,0,1,1,6,2,3,1,10
8222,2,-6671726946008490613,0,0,0,7,2,4,1,10
8223,2,-4773510490096932594,0,0,0,5,8,3,1,10
8224,2,713104782678671149,0,0,0,7,5,4,1,10
8225,2,7279287405383462096,0,0,0,5,8,3,1,10
8226,2,-1285570891900007105,0,0,0,7,3,4,1,10
8227,2,-887654438524334815,0,0,0,3,9,2,1,10
8228,2,2471538942640891590,0,1,1,6,3,3,1,10
8229,2,-2208361657758850803,0,0,0,5,7,3,1,10
8230,2,-4454178797053333663,0,0,0,5,7,3,1,10
8231,2,-605075091615381345,0,1,1,6,6,3,1,10
8232,2,3796936882784138211,0,0,0,7,2,4,1,10
8233,2,7680793618824738195,0,0,0,5,2,3,1,10
8234,2,-6851515394465364959,0,1,1,6,3,3,1,10
8235,2,2071225685302332239,0,0,0,3,6,2,1,10
8236,2,-1653431947455326708,0,1,1,4,4,2,1,10
8237,2,-4445369876300772844,0,1,1,6,2,3,1,10
8238,2,-8402854787791534591,0,1,1,6,4,3,1,10
8239,2,3068704965090670960,0,0,0,5,6,3,1,10
8240,2,2441800275643009119,0,1,1,8,4,4,1,10
8241,2,5150991841159038455,0,1,1,6,1,3,1,10
8242,2,5531169713496531034,0,0,0,5,2,3,1,10
8243,2,4411640686605387314,0,0,0,5,2,3,1,10
8244,2,4170326067479687182,0,0,0,5,5,3,1,10
8245,2,-881943136252388650,0,0,0,9,1,5,1,10
8246,2,7840096272380442070,0,1,1,10,3,5,1,10
8247,2,3882138495945350712,0,0,0,5,5,3,1,10
8248,2,533919987668355807,0,0,0,5,3,3,1,10
8249,2,5144970444392208128,0,0,0,5,4,3,1,10
8250,2,6608866119596816119,0,0,0,5,7,3,1,10
8251,2,3514083886186979868,0,0,0,7,1,4,1,10
8252,2,-6088601770488812118,0,1,1,4,8,2,1,10
8253,2,8813711707193198584,0,0,0,5,7,3,1,10
8254,2,8282865209956747407,0,0,0,5,7,3,1,10
8255,2,3013001098753274091,0,0,0,3,7,2,1,10
8256,2,-6928501883681238305,0,1,1,6,3,3,1,10
8257,2,50465427776122100,0,0,0,7,6,4,1,10
8258,2,8709561384620505670,0,0,0,5,4,3,1,10
8259,2,-735203734995238235,0,1,1,6,1,3,1,10
8260,2,7927601211111979261,0,0,0,5,5,3,1,10
8261,2,-999653847812720290,0,0,0,9,2,5,1,10
8262,2,8031082080293260568,0,0,0,5,3,3,1,10
8263,2,-432450852664159554,0,0,0,7,3,4,1,10
8264,2,-569992847849713380,0,1,1,6,2,3,1,10
8265,2,3035947651903596375,0,1,1,6,6,3,1,10
8266,2,-7470182252068550188,0,0,0,5,4,3,1,10
8267,2,-7460380865262085472,0,0,0,5,4,3,1,10
8268,2,4696241987085843812,0,0,0,5,5,3,1,10
8269,2,695311423953279535,0,1,1,6,5,3,1,10
8270,2,-4405733731191674978,0,0,0,5,2,3,1,10
8271,2,1972251926134119463,0,1,1,6,3,3,1,10
8272,2,3647291225076440980,0,0,0,5,4,3,1,10
8273,2,-7433566260558196498,0,1,1,6,1,3,1,10
8274,2,3105090389622555245,0,0,0,7,2,4,1,10
8275,2,442363281682136099,0,1,1,4,4,2,1,10
8276,2,-1088611489948354692,0,0,0,3,8,2,1,10
8277,2,7576148308851566799,0,1,1,6,1,3,1,10
8278,2,7694293048182186382,0,1,1,6,3,3,1,10
8279,2,1680527922395426009,0,0,0,5,6,3,1,10
8280,2,-1049889695765900926,0,0,0,5,5,3,1,10
8281,2,-27238520132948033,0,0,0,5,5,3,1,10
8282,2,4595397164296195615,0,0,0,5,4,3,1,10
8283,2,-981664401286387581,0,0,0,5,5,3,1,10
8284,2,2946099310257145121,0,1,1,6,3,3,1,10
8285,2,-4616058450764331294,0,0,0,3,5,2,1,10
8286,2,3853953839466756501,0,0,0,7,1,4,1,10
8287,2,6688410159936256971,0,0,0,5,4,3,1,10
8288,2,6314054760049869670,0,0,0,7,6,4,1,10
8289,2,5222690189809734927,0,1,1,6,6,3,1,10
8290,2,-7979512616090586058,0,0,0,5,4,3,1,10
8291,2,3923255418915954772,0,0,0,9,2,5,1,10
8292,2,-5734479867245644430,0,1,1,4,7,2,1,10
8293,2,-1116196661814752945,0,1,1,6,2,3,1,10
8294,2,4312112558889710496,0,0,0,7,4,4,1,10
8295,2,-2842921815256225999,0,1,1,4,6,2,1,10
8296,2,-3199323731556291846,0,1,1,6,1,3,1,10
8297,2,-6816596755447337630,0,0,0,5,5,3,1,10
8298,2,-4306628247794046656,0,0,0,7,3,4,1,10
8299,2,6077388729382810476,0,0,0,7,2,4,1,10
8300,2,6861232923559844042,0,0,0,5,2,3,1,10
8301,2,-7764648196368824263,0,0,0,5,7,3,1,10
8302,2,192954730410518748,0,0,0,5,5,3,1,10
8303,2,2093273993958524033,0,0,0,7,6,4,1,10
8304,2,2515504139261585213,0,0,0,7,2,4,1,10
8305,2,-7678901932871315331,0,0,0,5,2,3,1,10
8306,2,6094387193673309962,0,1,1,6,4,3,1,10
8307,2,455248643041546464,0,0,0,5,3,3,1,10
8308,2,6667071061902741703,0,0,0,7,1,4,1,10
8309,2,5767267032243252999,0,0,0,7,1,4,1,10
8310,2,-1981260653147662410,0,1,1,6,4,3,1,10
8311,2,2588214980016222318,0,0,0,5,3,3,1,10
8312,2,4666027665919938668,0,1,1,4,5,2,1,10
8313,2,-3817989206449237658,0,0,0,5,2,3,1,10
8314,2,-886391092334291808,0,0,0,7,1,4,1,10
8315,2,284758871959983876,0,1,1,6,1,3,1,10
8316,2,8738295628322316358,0,0,0,5,8,3,1,10
8317,2,-5575510482525369252,0,1,1,8,4,4,1,10
8318,2,-6581916665622334500,0,1,1,6,2,3,1,10
8319,2,-1083398336554033425,0,0,0,7,4,4,1,10
8320,2,3467150042433423362,0,1,1,6,7,3,1,10
8321,2,4652302651427098209,0,1,1,6,3,3,1,10
8322,2,6393434940826609232,0,0,0,5,4,3,1,10
8323,2,7328439607829848942,0,0,0,9,1,5,1,10
8324,2,-5302745849076794525,0,0,0,5,3,3,1,10
8325,2,-7660763920122174945,0,0,0,5,5,3,1,10
8326,2,5534887666729907769,0,0,0,7,2,4,1,10
8327,2,-6886806531770897608,0,0,0,5,6,3,1,10
8328,2,-3276225017402062658,0,0,0,7,1,4,1,10
8329,2,2330806915179184372,0,0,0,5,3,3,1,10
8330,2,-4352585974851330650,0,0,0,5,6,3,1,10
8331,2,5764581358556357363,0,1,1,4,3,2,1,10
8332,2,5217068328659375997,0,0,0,5,1,3,1,10
8333,2,4230793798056129907,0,1,1,6,2,3,1,10
8334,2,-5339948959114007301,0,1,1,6,4,3,1,10
8335,2,-6255750640365541442,0,0,0,5,3,3,1,10
8336,2,4360242649708443293,0,0,0,7,2,4,1,10
8337,2,-8891773019029090845,0,1,1,6,5,3,1,10
8338,2,-5474140065449672336,0,1,1,6,2,3,1,10
8339,2,-3542173916039143000,0,1,1,8,1,4,1,10
8340,2,-6283411764872889553,0,0,0,5,5,3,1,10
8341,2,-7158801656778285378,0,0,0,5,5,3,1,10
8342,2,6728637091953888144,0,0,0,7,4,4,1,10
8343,2,6628863632925093430,0,0,0,5,4,3,1,10
8344,2,4076856431933861594,0,1,1,6,3,3,1,10
8345,2,-4256123064804190925,0,0,0,5,1,3,1,10
8346,2,-7679977863454579269,0,1,1,6,3,3,1,10
8347,2,786540800650484449,0,0,0,7,5,4,1,10
8348,2,-8717771735744147881,0,0,0,5,6,3,1,10
8349,2,-5815804368737805915,0,1,1,8,1,4,1,10
8350,2,7493131585116682916,0,0,0,7,6,4,1,10
8351,2,-1676343096170106986,0,1,1,6,5,3,1,10
8352,2,-1586434515905816588,0,1,1,6,3,3,1,10
8353,2,2736230311908606507,0,1,1,8,1,4,1,10
8354,2,6958495869888150483,0,0,0,7,1,4,1,10
8355,2,4699542816935364916,0,0,0,5,5,3,1,10
8356,2,-6254146419665720814,0,1,1,8,1,4,1,10
8357,2,-8831797857236839154,0,0,0,5,1,3,1,10
8358,2,-953499461791324125,0,0,0,5,2,3,1,10
8359,2,8263409670910723089,0,0,0,7,4,4,1,10
8360,2,-4609303556719955545,0,0,0,5,2,3,1,10
8361,2,309413650792717133,0,0,0,9,2,5,1,10
8362,2,8384965997613900357,0,0,0,7,3,4,1,10
8363,2,2753862579695040118,0,0,0,5,4,3,1,10
8364,2,1030495822436100285,0,0,0,5,3,3,1,10
8365,2,-7577595407124954340,0,0,0,7,5,4,1,10
8366,2,1409522215459542844,0,0,0,5,5,3,1,10
8367,2,-233899180673647842,0,0,0,5,5,3,1,10
8368,2,3102962551641908465,0,0,0,7,1,4,1,10
8369,2,-3198437924524518816,0,0,0,5,6,3,1,10
8370,2,2760619458287563999,0,0,0,7,1,4,1,10
8371,2,-7097733066925831237,0,0,0,5,6,3,1,10
8372,2,-2148679570929453579,0,1,1,8,1,4,1,10
8373,2,-6996425542171612875,0,0,0,5,2,3,1,10
8374,2,3017385986246455387,0,0,0,5,7,3,1,10
8375,2,3953191923547335537,0,0,0,5,7,3,1,10
8376,2,-4319287643693132786,0,0,0,5,4,3,1,10
8377,2,-8413639250840136600,0,0,0,5,5,3,1,10
8378,2,-3749563222408307538,0,0,0,7,6,4,1,10
8379,2,-1228119640240692903,0,0,0,5,6,3,1,10
8380,2,1512347041752522390,0,0,0,7,3,4,1,10
8381,2,-3665051052424941570,0,1,1,4,2,2,1,10
8382,2,6998981157379543341,0,0,0,7,4,4,1,10
8383,2,8443039292402975488,0,0,0,5,1,3,1,10
8384,2,-2888493490749216133,0,0,0,5,4,3,1,10
8385,2,6397990411030796715,0,1,1,4,4,2,1,10
8386,2,4486116925276872703,0,0,0,5,6,3,1,10
8387,2,-2127256869686472987,0,1,1,6,1,3,1,10
8388,2,-6443538521085894466,0,0,0,7,3,4,1,10
8389,2,4639054846286476124,0,0,0,3,9,2,1,10
8390,2,-8840664324640318305,0,0,0,7,3,4,1,10
8391,2,6517693848592029438,0,0,0,5,7,3,1,10
8392,2,-8695060362006106890,0,0,0,3,6,2,1,10
8393,2,-5606523898532842066,0,0,0,5,4,3,1,10
8394,2,1708914591800554078,0,0,0,7,3,4,1,10
8395,2,7721712685248510772,0,0,0,5,3,3,1,10
8396,2,-640198658933883957,0,0,0,9,1,5,1,10
8397,2,418502271701979764,0,1,1,6,1,3,1,10
8398,2,-8431023949219853602,0,0,0,5,8,3,1,10
8399,2,-114263633439165470,0,1,1,6,5,3,1,10
8400,2,-1415391237860980357,0,0,0,5,5,3,1,10
8401,2,2300446526547191605,0,1,1,4,6,2,1,10
8402,2,3355260415532532888,0,0,0,7,3,4,1,10
8403,2,-3817009738920956838,0,0,0,5,3,3,1,10
8404,2,-5922526940891725737,0,0,0,7,4,4,1,10
8405,2,1490693357187547051,0,0,0,5,5,3,1,10
8406,2,7766831975886125399,0,0,0,7,4,4,1,10
8407,2,-7416845476866822816,0,1,1,8,1,4,1,10
8408,2,-679970924745988281,0,0,0,7,3,4,1,10
8409,2,6379305411176835141,0,0,0,5,3,3,1,10
8410,2,844374485220447419,0,0,0,7,1,4,1,10
8411,2,6361259657188530093,0,1,1,4,8,2,1,10
8412,2,488775021750411330,0,0,0,7,3,4,1,10
8413,2,-7083882179751771,0,0,0,7,4,4,1,10
8414,2,4044061303429118647,0,1,1,8,3,4,1,10
8415,2,-280789761622774163,0,0,0,3,6,2,1,10
8416,2,-1234461709498124585,0,0,0,7,3,4,1,10
8417,2,-8761364855264051677,0,0,0,7,2,4,1,10
8418,2,6894347797055258132,0,0,0,7,1,4,1,10
8419,2,5551395526071792065,0,0,0,5,6,3,1,10
8420,2,-7414719769266880856,0,0,0,7,4,4,1,10
8421,2,6214349063622692425,0,0,0,7,4,4,1,10
8422,2,9186695943041312492,0,0,0,7,5,4,1,10
8423,2,7152211353543838014,0,1,1,6,2,3,1,10
8424,2,-3170661189265145367,0,0,0,5,1,3,1,10
8425,2,-3395888695893145258,0,0,0,7,3,4,1,10
8426,2,-5310493585630262993,0,0,0,5,6,3,1,10
8427,2,5378052772591976044,0,0,0,5,2,3,1,10
8428,2,-1879930793247686683,0,1,1,6,1,3,1,10
8429,2,-1551925247804160837,0,1,1,6,4,3,1,10
8430,2,8072046087988079393,0,0,0,5,6,3,1,10
8431,2,7259228535406544713,0,0,0,5,7,3,1,10
8432,2,42394254122564473,0,1,1,4,3,2,1,10
8433,2,-9119898512049793632,0,0,0,9,3,5,1,10
8434,2,-1551095046177080358,0,0,0,7,2,4,1,10
8435,2,8745954510980112579,0,0,0,7,2,4,1,10
8436,2,4738094645968148887,0,0,0,7,4,4,1,10
8437,2,8942999964481065824,0,1,1,10,1,5,1,10
8438,2,5655016919026391493,0,0,0,7,1,4,1,10
8439,2,767811271711127873,0,0,0,5,3,3,1,10
8440,2,-3752345783880839227,0,1,1,6,5,3,1,10
8441,2,6803873887057799688,0,0,0,3,9,2,1,10
8442,2,1921439543194675489,0,1,1,6,1,3,1,10
8443,2,7916168941869001499,0,1,1,6,3,3,1,10
8444,2,-1657635748782857572,0,0,0,5,3,3,1,10
8445,2,8798199986311920860,0,0,0,9,4,5,1,10
8446,2,2856135242914740867,0,0,0,5,6,3,1,10
8447,2,6803395521814562589,0,1,1,6,3,3,1,10
8448,2,1609207716192613449,0,1,1,6,2,3,1,10
8449,2,1426591411974707411,0,0,0,7,1,4,1,10
8450,2,2261263351607951698,0,0,0,7,3,4,1,10
8451,2,4380934327421824777,0,0,0,5,7,3,1,10
8452,2,5793712278679151374,0,0,0,9,1,5,1,10
8453,2,-2876346480686369002,0,0,0,5,3,3,1,10
8454,2,-2590348802799052214,0,0,0,5,3,3,1,10
8455,2,-1209427077376360430,0,1,1,6,1,3,1,10
8456,2,-995253274738362430,0,0,0,5,8,3,1,10
8457,2,-4375146608645894267,0,0,0,7,4,4,1,10
8458,2,-4287168724387257862,0,1,1,8,2,4,1,10
8459,2,7374533184112495969,0,0,0,5,4,3,1,10
8460,2,206872368146818125,0,1,1,6,3,3,1,10
8461,2,3426745873052285746,0,0,0,7,1,4,1,10
8462,2,-1785442472400512186,0,0,0,7,1,4,1,10
8463,2,2052727023154801299,0,0,0,9,1,5,1,10
8464,2,-2695223197692833234,0,1,1,4,4,2,1,10
8465,2,1493820676859832035,0,1,1,8,4,4,1,10
8466,2,5081467892617733605,0,0,0,5,2,3,1,10
8467,2,-9083852913685936583,0,0,0,5,6,3,1,10
8468,2,-7114147959959633675,0,0,0,9,1,5,1,10
8469,2,-6503234784519973484,0,0,0,5,6,3,1,10
8470,2,-8997177205817948957,0,1,1,8,1,4,1,10
8471,2,3270417295285146710,0,1,1,6,5,3,1,10
8472,2,2931840119097144520,0,0,0,9,1,5,1,10
8473,2,6901153195233211123,0,0,0,7,1,4,1,10
8474,2,-3124122361706040031,0,0,0,7,3,4,1,10
8475,2,-3193505987900094235,0,0,0,7,3,4,1,10
8476,2,-5082747365267180318,0,1,1,8,1,4,1,10
8477,2,5712696082305037795,0,1,1,8,1,4,1,10
8478,2,665005692911244240,0,1,1,6,3,3,1,10
8479,2,9100108745731580497,0,0,0,5,4,3,1,10
8480,2,-5147392765146752496,0,1,1,4,4,2,1,10
8481,2,-4055230459473816839,0,1,1,6,4,3,1,10
8482,2,1789304056879486202,0,1,1,6,1,3,1,10
8483,2,3762670193520231419,0,0,0,13,1,7,1,10
8484,2,-2779533504800608974,0,0,0,5,4,3,1,10
8485,2,761072897467481858,0,0,0,7,6,4,1,10
8486,2,-5643265974601266695,0,0,0,7,4,4,1,10
8487,2,5570720443291869368,0,0,0,7,4,4,1,10
8488,2,-1232619787357317696,0,0,0,3,9,2,1,10
8489,2,7115868623425929595,0,0,0,7,2,4,1,10
8490,2,481223953543788542,0,0,0,5,1,3,1,10
8491,2,-855956514115603120,0,0,0,5,4,3,1,10
8492,2,-6661839551569045438,0,0,0,7,6,4,1,10
8493,2,720242638152095511,0,1,1,6,1,3,1,10
8494,2,1310516465589321355,0,0,0,7,3,4,1,10
8495,2,-1237734009797815552,0,1,1,6,4,3,1,10
8496,2,-8061645944325495593,0,0,0,5,3,3,1,10
8497,2,-4227333823299722179,0,0,0,5,8,3,1,10
8498,2,8230119826245062137,0,0,0,5,1,3,1,10
8499,2,-6642543424982926855,0,1,1,6,3,3,1,10
8500,2,75164593347704239,0,0,0,5,5,3,1,10
8501,2,-8725572595239028856,0,0,0,5,7,3,1,10
8502,2,-214442141320352269,0,0,0,5,7,3,1,10
8503,2,8287895823098774495,0,1,1,8,1,4,1,10
8504,2,1898967954420891025,0,0,0,5,3,3,1,10
8505,2,-8434996069774107579,0,0,0,5,4,3,1,10
8506,2,3429564675655078905,0,1,1,6,2,3,1,10
8507,2,-1657154529104339382,0,1,1,6,4,3,1,10
8508,2,-1187916836638022058,0,0,0,7,1,4,1,10
8509,2,6216611400598568184,0,1,1,6,6,3,1,10
8510,2,-6803093578245895713,0,0,0,5,3,3,1,10
8511,2,392801609225475400,0,1,1,6,3,3,1,10
8512,2,-7864887107672252564,0,0,0,7,1,4,1,10
8513,2,-5402736826982705705,0,0,0,5,7,3,1,10
8514,2,-4852417928549718965,0,1,1,6,3,3,1,10
8515,2,-3847935313141994023,0,1,1,6,1,3,1,10
8516,2,1632791309638990932,0,0,0,7,2,4,1,10
8517,2,6354223658136434509,0,1,1,10,2,5,1,10
8518,2,1100672232295270714,0,0,0,7,4,4,1,10
8519,2,-8097198001566068622,0,0,0,7,2,4,1,10
8520,2,-562380457055165661,0,0,0,5,3,3,1,10
8521,2,-487352042155157383,0,1,1,8,2,4,1,10
8522,2,-5374648022506109317,0,0,0,7,3,4,1,10
8523,2,2032372963937698683,0,0,0,7,3,4,1,10
8524,2,8294810116324477701,0,1,1,6,1,3,1,10
8525,2,-353242956577850964,0,0,0,5,3,3,1,10
8526,2,8918391865153140786,0,1,1,6,2,3,1,10
8527,2,7464792804032951761,0,0,0,9,2,5,1,10
8528,2,-3887043612458726730,0,1,1,6,4,3,1,10
8529,2,6338011356536887023,0,1,1,4,7,2,1,10
8530,2,-7755587484580642985,0,0,0,5,5,3,1,10
8531,2,-1003674139314808508,0,0,0,5,2,3,1,10
8532,2,-6381880746731555065,0,0,0,5,3,3,1,10
8533,2,5465922926692018811,0,0,0,7,3,4,1,10
8534,2,-1317723793132140491,0,0,0,5,4,3,1,10
8535,2,1408044430429015322,0,0,0,5,6,3,1,10
8536,2,6315166362131648863,0,0,0,7,6,4,1,10
8537,2,-7779451587518562498,0,0,0,5,3,3,1,10
8538,2,9209705387495006443,0,0,0,7,1,4,1,10
8539,2,5086853709595596938,0,0,0,7,4,4,1,10
8540,2,-4307323040922122697,0,0,0,5,4,3,1,10
8541,2,5436204798037218141,0,1,1,8,2,4,1,10
8542,2,3227323861725519854,0,1,1,8,2,4,1,10
8543,2,7740967923137869122,0,0,0,7,4,4,1,10
8544,2,-4197167915024581731,0,0,0,5,2,3,1,10
8545,2,7266806352353135276,0,0,0,7,1,4,1,10
8546,2,2659593747431332485,0,0,0,7,2,4,1,10
8547,2,4202411117029714402,0,1,1,6,4,3,1,10
8548,2,-7465023133903245390,0,0,0,5,1,3,1,10
8549,2,-8968127771836813000,0,0,0,7,4,4,1,10
8550,2,1740759930021882700,0,0,0,7,3,4,1,10
8551,2,-6800338124672486273,0,1,1,6,1,3,1,10
8552,2,-179506256591296724,0,1,1,8,1,4,1,10
8553,2,8903826298456870334,0,0,0,3,9,2,1,10
8554,2,-2178522417080072014,0,0,0,5,8,3,1,10
8555,2,-7532395531253119711,0,0,0,5,8,3,1,10
8556,2,-2694579243319710763,0,1,1,6,3,3,1,10
8557,2,1357273528879989809,0,0,0,5,7,3,1,10
8558,2,-4300219792938947718,0,1,1,8,3,4,1,10
8559,2,-319117098513168315,0,0,0,5,7,3,1,10
8560,2,-815062313571345654,0,0,0,7,3,4,1,10
8561,2,-5422135339318556616,0,0,0,7,3,4,1,10
8562,2,-4660165602260794050,0,1,1,8,1,4,1,10
8563,2,-9081979935163973285,0,0,0,5,8,3,1,10
8564,2,-4846767338855381956,0,0,0,5,3,3,1,10
8565,2,-6191320695011483731,0,1,1,6,2,3,1,10
8566,2,97712288178210535,0,1,1,4,5,2,1,10
8567,2,4858891717368853833,0,1,1,8,2,4,1,10
8568,2,52407646923085682,0,0,0,5,7,3,1,10
8569,2,1093648172838941983,0,0,0,5,1,3,1,10
8570,2,-274805812546226378,0,1,1,8,3,4,1,10
8571,2,9006870236572853478,0,0,0,5,4,3,1,10
8572,2,-4996631418013473850,0,0,0,7,5,4,1,10
8573,2,3670189665697790545,0,1,1,6,3,3,1,10
8574,2,3065040359113857343,0,0,0,5,7,3,1,10
8575,2,4308469207257421696,0,1,1,6,1,3,1,10
8576,2,2691225496972617187,0,1,1,6,3,3,1,10
8577,2,4677404726822935225,0,0,0,7,4,4,1,10
8578,2,2975409598238466793,0,0,0,7,6,4,1,10
8579,2,3392992973936293207,0,0,0,5,3,3,1,10
8580,2,-5403783939778124146,0,1,1,6,1,3,1,10
8581,2,1843491436952206849,0,0,0,5,2,3,1,10
8582,2,6943658764711232367,0,1,1,8,2,4,1,10
8583,2,-7035400485067328993,0,0,0,7,3,4,1,10
8584,2,-8082147935025829606,0,1,1,6,2,3,1,10
8585,2,266270822211279498,0,0,0,5,3,3,1,10
8586,2,1839941217687730657,0,0,0,7,2,4,1,10
8587,2,-8238108980083849342,0,0,0,7,5,4,1,10
8588,2,-6256042729481475598,0,1,1,6,2,3,1,10
8589,2,8221070601893582820,0,0,0,5,6,3,1,10
8590,2,-8216755684478190684,0,0,0,5,6,3,1,10
8591,2,7976349139250167708,0,1,1,6,1,3,1,10
8592,2,-5767615663978042093,0,0,0,7,3,4,1,10
8593,2,8182784549906792792,0,0,0,7,2,4,1,10
8594,2,2682355398465694446,0,1,1,6,1,3,1,10
8595,2,6427836490796584829,0,0,0,5,7,3,1,10
8596,2,-7535029502454096754,0,0,0,5,5,3,1,10
8597,2,8253246848626100318,0,0,0,5,2,3,1,10
8598,2,-2671539356833112757,0,1,1,6,2,3,1,10
8599,2,-6204212535320870485,0,0,0,5,2,3,1,10
8600,2,-6953245646860552437,0,1,1,8,2,4,1,10
8601,2,772531907350107943,0,0,0,5,2,3,1,10
8602,2,-9045337912611868133,0,0,0,7,1,4,1,10
8603,2,1351866886615232669,0,0,0,7,1,4,1,10
8604,2,7503051118048202305,0,0,0,5,5,3,1,10
8605,2,-365665496777657580,0,0,0,7,1,4,1,10
8606,2,7668560034145745169,0,0,0,7,3,4,1,10
8607,2,-7175756965165952703,0,0,0,7,2,4,1,10
8608,2,-3927329059543624321,0,1,1,8,1,4,1,10
8609,2,4449117242734260028,0,0,0,7,4,4,1,10
8610,2,-5517241176690579275,0,0,0,5,5,3,1,10
8611,2,-3157119064194347658,0,0,0,7,1,4,1,10
8612,2,-2224033103624110041,0,0,0,5,2,3,1,10
8613,2,2582829961978343146,0,0,0,5,5,3,1,10
8614,2,-8584579322677910301,0,0,0,5,3,3,1,10
8615,2,7404999334437777043,0,0,0,5,3,3,1,10
8616,2,145709452517371949,0,0,0,7,1,4,1,10
8617,2,-8433727724229216227,0,0,0,3,6,2,1,10
8618,2,5439051492238628170,0,1,1,6,1,3,1,10
8619,2,-5495778293149657121,0,0,0,3,8,2,1,10
8620,2,-262082236851309412,0,0,0,5,1,3,1,10
8621,2,929420336818066951,0,1,1,4,8,2,1,10
8622,2,-6280858511377527825,0,0,0,5,2,3,1,10
8623,2,8814608287923507478,0,0,0,5,2,3,1,10
8624,2,9202010279055906833,0,1,1,8,4,4,1,10
8625,2,-7194656886779278449,0,0,0,7,2,4,1,10
8626,2,-8341389580802212953,0,0,0,5,4,3,1,10
8627,2,-7190184232302763798,0,0,0,7,1,4,1,10
8628,2,3488905355106697022,0,0,0,5,3,3,1,10
8629,2,7199222948943353295,0,1,1,6,3,3,1,10
8630,2,-3425437946624754016,0,0,0,7,4,4,1,10
8631,2,1667619486107514752,0,1,1,8,1,4,1,10
8632,2,7481315654630954856,0,0,0,7,1,4,1,10
8633,2,-1618890561285423466,0,0,0,5,2,3,1,10
8634,2,-7240766665466827560,0,0,0,5,8,3,1,10
8635,2,-4416234867893327633,0,0,0,5,2,3,1,10
8636,2,8966163152461010154,0,1,1,6,2,3,1,10
8637,2,6764493547707317990,0,1,1,6,5,3,1,10
8638,2,6353524061457842852,0,0,0,5,6,3,1,10
8639,2,1420976924967286725,0,1,1,6,3,3,1,10
8640,2,-2444054529342455376,0,0,0,5,7,3,1,10
8641,2,-4256172845492326025,0,1,1,6,5,3,1,10
8642,2,5989567626898429739,0,0,0,5,3,3,1,10
8643,2,2502695502396845953,0,0,0,7,3,4,1,10
8644,2,5188209315838106557,0,0,0,7,2,4,1,10
8645,2,1924328925209646387,0,1,1,4,4,2,1,10
8646,2,2005893355941126889,0,1,1,6,2,3,1,10
8647,2,8636949854381035290,0,0,0,7,1,4,1,10
8648,2,-3963930322464259163,0,0,0,7,1,4,1,10
8649,2,-1995018389638062152,0,0,0,7,3,4,1,10
8650,2,-1469571149180938707,0,0,0,5,6,3,1,10
8651,2,-6201405975280663690,0,1,1,8,2,4,1,10
8652,2,7515395767759797011,0,0,0,5,4,3,1,10
8653,2,-6002049832502992935,0,0,0,7,3,4,1,10
8654,2,9173346237250502554,0,0,0,5,4,3,1,10
8655,2,-5511825743083965964,0,1,1,6,2,3,1,10
8656,2,-4906214583464643771,0,0,0,5,4,3,1,10
8657,2,-4287098821677928419,0,0,0,3,7,2,1,10
8658,2,204512863923815082,0,1,1,8,3,4,1,10
8659,2,-261467689326030109,0,0,0,7,6,4,1,10
8660,2,-2645391924452365429,0,0,0,5,5,3,1,10
8661,2,4384255813211830591,0,0,0,5,5,3,1,10
8662,2,-1777456484667400666,0,0,0,7,2,4,1,10
8663,2,8833787662938643464,0,0,0,5,4,3,1,10
8664,2,-5206086629512126517,0,1,1,6,2,3,1,10
8665,2,9023739531922310316,0,0,0,5,2,3,1,10
8666,2,-4646287888190143825,0,1,1,6,4,3,1,10
8667,2,-418780833188611300,0,0,0,7,2,4,1,10
8668,2,729082174042998528,0,0,0,5,5,3,1,10
8669,2,344347187385147144,0,0,0,3,6,2,1,10
8670,2,-8654467712922109639,0,0,0,5,6,3,1,10
8671,2,-8148252045332471732,0,0,0,5,7,3,1,10
8672,2,-5529814986841857610,0,0,0,7,1,4,1,10
8673,2,-2350092378221000023,0,0,0,7,3,4,1,10
8674,2,1337719105524701579,0,0,0,7,4,4,1,10
8675,2,8064567573300713655,0,0,0,5,3,3,1,10
8676,2,-6656332341215455088,0,0,0,5,1,3,1,10
8677,2,1703783797705605658,0,0,0,5,2,3,1,10
8678,2,-6276349406647365440,0,0,0,5,6,3,1,10
8679,2,75501477899204852,0,1,1,6,4,3,1,10
8680,2,2017875111465577155,0,1,1,6,1,3,1,10
8681,2,-677723315933590886,0,0,0,7,1,4,1,10
8682,2,6296267547764488136,0,0,0,7,5,4,1,10
8683,2,-7332871903915485303,0,0,0,7,1,4,1,10
8684,2,6917084431981931672,0,1,1,6,1,3,1,10
8685,2,3646970365076756122,0,0,0,5,3,3,1,10
8686,2,-4447805450279929368,0,0,0,5,3,3,1,10
8687,2,-5678394809273084043,0,0,0,7,4,4,1,10
8688,2,-4541588764820367890,0,1,1,6,4,3,1,10
8689,2,5117188044676364355,0,0,0,5,3,3,1,10
8690,2,-3168630591871235274,0,1,1,6,2,3,1,10
8691,2,7367689382215320231,0,1,1,6,3,3,1,10
8692,2,4507665881948463285,0,0,0,5,6,3,1,10
8693,2,1023805242998285294,0,0,0,5,4,3,1,10
8694,2,1186888260525043486,0,1,1,6,7,3,1,10
8695,2,1813560622776628356,0,1,1,8,1,4,1,10
8696,2,-2895892947010832524,0,1,1,6,4,3,1,10
8697,2,6948195453128983209,0,0,0,5,5,3,1,10
8698,2,-2717056573472387361,0,1,1,8,1,4,1,10
8699,2,-7544914960776080283,0,0,0,7,3,4,1,10
8700,2,1061227704277201859,0,1,1,6,4,3,1,10
8701,2,-1627963192305380167,0,1,1,8,1,4,1,10
8702,2,-9055349117913243633,0,1,1,6,2,3,1,10
8703,2,-6320722720772055018,0,0,0,7,4,4,1,10
8704,2,987738475077086418,0,1,1,6,2,3,1,10
8705,2,-6948635237208792046,0,0,0,7,4,4,1,10
8706,2,-8457316029977945325,0,1,1,6,1,3,1,10
8707,2,4270761246090577497,0,0,0,7,1,4,1,10
8708,2,6130927734749304289,0,0,0,3,5,2,1,10
8709,2,5150924497600530145,0,0,0,7,4,4,1,10
8710,2,2404002038125937064,0,0,0,5,3,3,1,10
8711,2,4202889912339763553,0,0,0,11,2,6,1,10
8712,2,-3104542257944580922,0,1,1,6,2,3,1,10
8713,2,3946035334981267971,0,0,0,7,5,4,1,10
8714,2,8791075084367885661,0,0,0,5,3,3,1,10
8715,2,1618122911331246424,0,0,0,5,4,3,1,10
8716,2,-2480033263166130070,0,0,0,5,6,3,1,10
8717,2,1846743422957689739,0,0,0,3,8,2,1,10
8718,2,6153298995294494230,0,0,0,5,6,3,1,10
8719,2,8252416108805846745,0,0,0,5,1,3,1,10
8720,2,6911833106816341836,0,0,0,7,2,4,1,10
8721,2,-2970248013231919808,0,0,0,7,1,4,1,10
8722,2,-4928646288732872565,0,0,0,5,1,3,1,10
8723,2,-1161926971844620938,0,0,0,7,4,4,1,10
8724,2,-8364286547961209348,0,0,0,7,3,4,1,10
8725,2,-3650434234479065316,0,0,0,7,3,4,1,10
8726,2,-6583552253074332474,0,0,0,5,5,3,1,10
8727,2,253630341949212211,0,0,0,5,5,3,1,10
8728,2,-342744226729572959,0,1,1,6,4,3,1,10
8729,2,-7999218837911498290,0,0,0,5,7,3,1,10
8730,2,1116371884053867689,0,0,0,3,9,2,1,10
8731,2,-1790703851801746935,0,0,0,5,3,3,1,10
8732,2,4254362246899100276,0,1,1,6,5,3,1,10
8733,2,-535466799680036551,0,1,1,4,4,2,1,10
8734,2,-3378858405000856986,0,0,0,7,1,4,1,10
8735,2,3269197653743848548,0,0,0,5,3,3,1,10
8736,2,-5268500575785297341,0,0,0,5,6,3,1,10
8737,2,-3764124730975901965,0,0,0,7,4,4,1,10
8738,2,3970884697413273349,0,1,1,6,3,3,1,10
8739,2,4387238620394059174,0,0,0,5,3,3,1,10
8740,2,-4845177218130906385,0,0,0,5,2,3,1,10
8741,2,-7159806609766271801,0,0,0,5,2,3,1,10
8742,2,8394039634832148705,0,1,1,8,2,4,1,10
8743,2,-391786657999094366,0,0,0,7,1,4,1,10
8744,2,-8040627097308720914,0,0,0,7,5,4,1,10
8745,2,7072630083162705715,0,0,0,5,6,3,1,10
8746,2,-5717693797308921301,0,0,0,7,7,4,1,10
8747,2,3932310376758881825,0,0,0,5,3,3,1,10
8748,2,5372691666452336073,0,0,0,5,1,3,1,10
8749,2,4101648015868137451,0,0,0,9,1,5,1,10
8750,2,8886656529027813222,0,0,0,7,2,4,1,10
8751,2,363909876237682016,0,0,0,5,3,3,1,10
8752,2,-8164608747212697953,0,0,0,5,2,3,1,10
8753,2,5175840863448520788,0,0,0,5,4,3,1,10
8754,2,6513969511120719337,0,0,0,5,6,3,1,10
8755,2,503704014597853328,0,0,0,5,6,3,1,10
8756,2,-539432823932329311,0,0,0,5,5,3,1,10
8757,2,2759575805981692938,0,0,0,7,2,4,1,10
8758,2,2352771873974678112,0,0,0,5,1,3,1,10
8759,2,-3726367665559218603,0,1,1,6,1,3,1,10
8760,2,-9205549232637234796,0,1,1,6,1,3,1,10
8761,2,5352901144044211034,0,0,0,5,4,3,1,10
8762,2,-4692457627084589236,0,0,0,7,3,4,1,10
8763,2,-2007271888128011960,0,0,0,5,7,3,1,10
8764,2,-336189453166658990,0,1,1,8,3,4,1,10
8765,2,-839332846574729784,0,0,0,3,6,2,1,10
8766,2,5403341435837959038,0,1,1,6,2,3,1,10
8767,2,-1924528532069909899,0,1,1,6,1,3,1,10
8768,2,5567876308655300937,0,0,0,5,4,3,1,10
8769,2,-4012698493821617013,0,0,0,5,3,3,1,10
8770,2,788513485451905184,0,1,1,6,7,3,1,10
8771,2,-5498065669077212195,0,0,0,5,4,3,1,10
8772,2,-3272101128814932230,0,0,0,5,4,3,1,10
8773,2,-4513070340851294964,0,0,0,5,6,3,1,10
8774,2,7763554937516800428,0,1,1,6,1,3,1,10
8775,2,-8233995786351058187,0,0,0,7,1,4,1,10
8776,2,1028454523131125371,0,0,0,5,3,3,1,10
8777,2,8699341013069994859,0,0,0,5,4,3,1,10
8778,2,-1244061187717254798,0,0,0,7,2,4,1,10
8779,2,-652228301515076826,0,1,1,6,1,3,1,10
8780,2,-6337827954740601866,0,0,0,5,4,3,1,10
8781,2,-4174667736486128390,0,1,1,8,1,4,1,10
8782,2,4755347486870384919,0,0,0,9,1,5,1,10
8783,2,7710158597530810443,0,0,0,7,4,4,1,10
8784,2,6368122174407873320,0,0,0,5,1,3,1,10
8785,2,-7394216033955495232,0,0,0,7,3,4,1,10
8786,2,-1545800258047402351,0,1,1,6,5,3,1,10
8787,2,-2357532834704824010,0,0,0,5,6,3,1,10
8788,2,8440884242631699938,0,0,0,5,3,3,1,10
8789,2,-8206963484158149641,0,1,1,6,1,3,1,10
8790,2,2426172670333913900,0,0,0,5,4,3,1,10
8791,2,9103816328353622571,0,0,0,5,3,3,1,10
8792,2,8087390019433357964,0,0,0,7,3,4,1,10
8793,2,2265363770229065869,0,1,1,6,2,3,1,10
8794,2,-3994481000880518649,0,0,0,5,8,3,1,10
8795,2,-5463297771411828894,0,0,0,3,8,2,1,10
8796,2,-4638635182908018019,0,0,0,5,5,3,1,10
8797,2,-7610897896355380313,0,1,1,6,3,3,1,10
8798,2,-6909747923718318440,0,0,0,5,7,3,1,10
8799,2,-7569017065026207863,0,0,0,7,4,4,1,10
8800,2,6097263945195354404,0,1,1,6,2,3,1,10
8801,2,-4476386979611472358,0,0,0,3,6,2,1,10
8802,2,4936221003110517540,0,0,0,7,4,4,1,10
8803,2,-884819517868995007,0,0,0,5,5,3,1,10
8804,2,-121083012810897086,0,1,1,8,2,4,1,10
8805,2,5334543037502492913,0,0,0,7,2,4,1,10
8806,2,-4106077908694292664,0,0,0,7,2,4,1,10
8807,2,-3807233391435438436,0,1,1,10,2,5,1,10
8808,2,-3343187618134483794,0,0,0,5,4,3,1,10
8809,2,-625033450433687574,0,0,0,7,1,4,1,10
8810,2,2459783368195974771,0,0,0,5,4,3,1,10
8811,2,-2983692418098461274,0,0,0,5,4,3,1,10
8812,2,-647202806753734096,0,0,0,7,6,4,1,10
8813,2,-7545238427354739720,0,1,1,8,2,4,1,10
8814,2,3373968002009261673,0,1,1,6,3,3,1,10
8815,2,-4501746032091839271,0,0,0,7,1,4,1,10
8816,2,969352716025953318,0,1,1,6,1,3,1,10
8817,2,4619220927186957762,0,0,0,5,4,3,1,10
8818,2,3726294218888846785,0,1,1,6,2,3,1,10
8819,2,2352379359744767142,0,1,1,6,3,3,1,10
8820,2,-6446051484540502270,0,1,1,4,3,2,1,10
8821,2,-7709230703825358813,0,1,1,6,2,3,1,10
8822,2,-6815829425665858968,0,0,0,7,1,4,1,10
8823,2,-3239549602036300045,0,0,0,5,5,3,1,10
8824,2,4617498118841663433,0,1,1,6,2,3,1,10
8825,2,6165531740560532136,0,0,0,5,6,3,1,10
8826,2,1244269705787965469,0,0,0,9,2,5,1,10
8827,2,7417198671069989272,0,0,0,9,2,5,1,10
8828,2,-8940356223069887851,0,0,0,5,4,3,1,10
8829,2,-1005263234681234411,0,0,0,5,5,3,1,10
8830,2,2756279754519830258,0,1,1,6,4,3,1,10
8831,2,5716095909865615585,0,1,1,6,6,3,1,10
8832,2,-8776358291466249963,0,1,1,8,1,4,1,10
8833,2,1706261817038259424,0,0,0,5,6,3,1,10
8834,2,-9092181733229577775,0,0,0,5,1,3,1,10
8835,2,3767865085713330703,0,0,0,7,4,4,1,10
8836,2,3440481929391227144,0,1,1,6,3,3,1,10
8837,2,2833838005528388020,0,0,0,7,2,4,1,10
8838,2,-7427845062018603787,0,1,1,6,4,3,1,10
8839,2,7768455581855509975,0,0,0,5,4,3,1,10
8840,2,79723829521715909,0,0,0,5,3,3,1,10
8841,2,5902352496024184304,0,1,1,6,2,3,1,10
8842,2,-2920825123941653395,0,0,0,5,2,3,1,10
8843,2,-5375249653141116191,0,0,0,5,3,3,1,10
8844,2,-2263829427575644233,0,1,1,6,2,3,1,10
8845,2,-6504511965106596314,0,0,0,5,3,3,1,10
8846,2,3098748479364403868,0,0,0,5,7,3,1,10
8847,2,-6416595172947976118,0,0,0,9,5,5,1,10
8848,2,-5472138305212423975,0,1,1,6,3,3,1,10
8849,2,-5740376591731950948,0,0,0,7,3,4,1,10
8850,2,-4658429564883069252,0,0,0,5,1,3,1,10
8851,2,-3067665003835142110,0,0,0,7,6,4,1,10
8852,2,2135886494816933182,0,0,0,5,3,3,1,10
8853,2,8699918521819046350,0,0,0,5,6,3,1,10
8854,2,8244650550754421590,0,0,0,7,2,4,1,10
8855,2,-6306160038862523921,0,1,1,6,5,3,1,10
8856,2,-3432106753364987765,0,0,0,7,3,4,1,10
8857,2,9081741513902895850,0,0,0,5,7,3,1,10
8858,2,5083969060406932683,0,0,0,7,2,4,1,10
8859,2,-858220599036580567,0,0,0,7,3,4,1,10
8860,2,-7458374134488360581,0,1,1,6,4,3,1,10
8861,2,1643073513764409426,0,0,0,5,4,3,1,10
8862,2,-1940011818744141873,0,0,0,5,2,3,1,10
8863,2,-1754590381532240964,0,1,1,6,2,3,1,10
8864,2,6995625578964056154,0,0,0,7,6,4,1,10
8865,2,414499619727395358,0,1,1,6,4,3,1,10
8866,2,1501593351707672552,0,0,0,5,5,3,1,10
8867,2,-7038259091678638967,0,0,0,5,2,3,1,10
8868,2,3961380908485203339,0,0,0,5,2,3,1,10
8869,2,6380768068324466839,0,1,1,6,5,3,1,10
8870,2,-2090326140892641805,0,0,0,7,1,4,1,10
8871,2,-6883613409315021340,0,1,1,8,1,4,1,10
8872,2,-8696229132312131581,0,0,0,5,4,3,1,10
8873,2,-5921345514924222787,0,0,0,5,2,3,1,10
8874,2,2184118759938991776,0,0,0,5,4,3,1,10
8875,2,-978549777346443241,0,0,0,5,8,3,1,10
8876,2,-7046537740017306677,0,0,0,3,7,2,1,10
8877,2,-3481161921879042877,0,0,0,5,5,3,1,10
8878,2,-5783897914013837071,0,0,0,7,1,4,1,10
8879,2,-2231952316068479010,0,0,0,5,6,3,1,10
8880,2,-5171689550749558655,0,0,0,3,5,2,1,10
8881,2,2908640108096690829,0,0,0,3,6,2,1,10
8882,2,5545573302449607871,0,0,0,5,3,3,1,10
8883,2,-7444998019346736918,0,1,1,6,3,3,1,10
8884,2,-3474103676990558249,0,0,0,5,4,3,1,10
8885,2,-669427446591978951,0,0,0,5,1,3,1,10
8886,2,-266504391943464651,0,1,1,6,3,3,1,10
8887,2,-5206384227093925794,0,0,0,5,4,3,1,10
8888,2,-5933888677199487981,0,0,0,5,5,3,1,10
8889,2,5816617295272399507,0,1,1,4,6,2,1,10
8890,2,-2082756926232902829,0,0,0,5,7,3,1,10
8891,2,8762381926570977109,0,0,0,9,2,5,1,10
8892,2,-6191619676637862258,0,0,0,7,2,4,1,10
8893,2,-983262825532661345,0,1,1,8,1,4,1,10
8894,2,-2134301356131109780,0,0,0,7,6,4,1,10
8895,2,-3766358908361003686,0,0,0,5,3,3,1,10
8896,2,-408234596247073227,0,1,1,8,2,4,1,10
8897,2,-8128386681671153901,0,0,0,5,7,3,1,10
8898,2,-7517846943908378456,0,0,0,5,4,3,1,10
8899,2,-7308579661218604306,0,1,1,8,1,4,1,10
8900,2,6677352231429826059,0,1,1,4,4,2,1,10
8901,2,-2461332445643759910,0,0,0,5,2,3,1,10
8902,2,8212990868372020611,0,1,1,8,1,4,1,10
8903,2,-1724704602856662011,0,0,0,7,6,4,1,10
8904,2,8276103898434470821,0,1,1,6,2,3,1,10
8905,2,-2591784713865700462,0,0,0,5,7,3,1,10
8906,2,-5945597640305809332,0,0,0,5,3,3,1,10
8907,2,-3885784562905437559,0,1,1,6,2,3,1,10
8908,2,2448983058818678188,0,0,0,5,7,3,1,10
8909,2,-2675957957910304497,0,1,1,6,2,3,1,10
8910,2,3636347489977375911,0,0,0,3,7,2,1,10
8911,2,4839851850112506070,0,0,0,5,7,3,1,10
8912,2,-2583664241828644257,0,1,1,6,4,3,1,10
8913,2,-4996009523526967594,0,0,0,5,5,3,1,10
8914,2,-8767496120543747317,0,0,0,5,3,3,1,10
8915,2,317683264220310588,0,1,1,8,2,4,1,10
8916,2,-3529931981196931570,0,0,0,5,5,3,1,10
8917,2,6798023354279297698,0,0,0,5,5,3,1,10
8918,2,4035067509483282245,0,0,0,7,2,4,1,10
8919,2,-8420339463193081983,0,0,0,7,3,4,1,10
8920,2,-8021251678867707488,0,0,0,5,7,3,1,10
8921,2,-4161417126350431517,0,0,0,7,2,4,1,10
8922,2,8280588099925165812,0,1,1,6,6,3,1,10
8923,2,-5048106142215903908,0,1,1,8,3,4,1,10
8924,2,731972397792254222,0,1,1,6,1,3,1,10
8925,2,8283447589173203258,0,1,1,6,3,3,1,10
8926,2,-5884152840337373174,0,0,0,7,2,4,1,10
8927,2,12264764410995451,0,0,0,5,6,3,1,10
8928,2,958921560626139622,0,1,1,6,2,3,1,10
8929,2,-6310641659332745985,0,1,1,8,2,4,1,10
8930,2,-4551400183927849135,0,0,0,5,2,3,1,10
8931,2,6907591871210691198,0,0,0,7,1,4,1,10
8932,2,4200051862907212233,0,0,0,7,4,4,1,10
8933,2,-1553878002632954437,0,0,0,5,6,3,1,10
8934,2,-427407415395320092,0,1,1,6,1,3,1,10
8935,2,2728666941507407225,0,0,0,5,3,3,1,10
8936,2,-7589025444107465492,0,0,0,5,5,3,1,10
8937,2,-7827288800732942930,0,0,0,7,2,4,1,10
8938,2,5137089072545359025,0,0,0,7,4,4,1,10
8939,2,-833085371501453450,0,1,1,6,3,3,1,10
8940,2,9141956441496169627,0,1,1,8,2,4,1,10
8941,2,-5287950213485890486,0,0,0,7,7,4,1,10
8942,2,-3374835022299430658,0,1,1,6,3,3,1,10
8943,2,-3118821705869467535,0,1,1,6,1,3,1,10
8944,2,7522072822439583154,0,0,0,5,6,3,1,10
8945,2,-7483050442102566730,0,0,0,5,3,3,1,10
8946,2,-880760688666964767,0,1,1,8,2,4,1,10
8947,2,6904864506697082714,0,1,1,6,2,3,1,10
8948,2,4775960816767250210,0,0,0,9,2,5,1,10
8949,2,-2071193082530278324,0,0,0,7,4,4,1,10
8950,2,-1440275783764201273,0,0,0,5,1,3,1,10
8951,2,-5442022537983050601,0,0,0,7,4,4,1,10
8952,2,2211276854098198642,0,0,0,9,1,5,1,10
8953,2,8231803548707251483,0,1,1,6,2,3,1,10
8954,2,1703523239004347118,0,1,1,6,3,3,1,10
8955,2,-2712937206291442561,0,1,1,6,3,3,1,10
8956,2,3979822454067773499,0,1,1,6,2,3,1,10
8957,2,-1611298016049373083,0,0,0,5,7,3,1,10
8958,2,3442236211826877930,0,0,0,7,2,4,1,10
8959,2,7538302554102946271,0,0,0,3,9,2,1,10
8960,2,5467678357628615339,0,0,0,9,1,5,1,10
8961,2,-6816154207494664926,0,0,0,7,1,4,1,10
8962,2,8613233556199591716,0,1,1,8,3,4,1,10
8963,2,-4514589292190693255,0,1,1,6,2,3,1,10
8964,2,-3288805829118806013,0,0,0,7,1,4,1,10
8965,2,6262571969587994236,0,0,0,7,2,4,1,10
8966,2,8297229545595682134,0,1,1,6,2,3,1,10
8967,2,-593320897664395391,0,0,0,7,3,4,1,10
8968,2,7662835932739660569,0,1,1,6,4,3,1,10
8969,2,-1526086749994957231,0,0,0,5,3,3,1,10
8970,2,6754769668298250000,0,1,1,6,1,3,1,10
8971,2,-8972699177956051938,0,0,0,5,7,3,1,10
8972,2,-8003047157097353257,0,0,0,5,4,3,1,10
8973,2,-128967694268770380,0,1,1,8,1,4,1,10
8974,2,4507667492180781367,0,0,0,5,2,3,1,10
8975,2,3977200917577337839,0,1,1,6,2,3,1,10
8976,2,-7191612036916815430,0,1,1,4,4,2,1,10
8977,2,-7319409978194445972,0,1,1,8,2,4,1,10
8978,2,3489645466797268352,0,0,0,5,5,3,1,10
8979,2,-8244064178335455357,0,0,0,5,1,3,1,10
8980,2,-7080901235572747693,0,0,0,5,6,3,1,10
8981,2,3426334925923281012,0,0,0,7,3,4,1,10
8982,2,2930696316966109433,0,0,0,5,4,3,1,10
8983,2,4848012597383484639,0,0,0,7,5,4,1,10
8984,2,-1614171698714327094,0,0,0,7,2,4,1,10
8985,2,2130605591137700473,0,0,0,5,5,3,1,10
8986,2,5530357588176034433,0,0,0,9,1,5,1,10
8987,2,6995186994603647485,0,0,0,7,2,4,1,10
8988,2,-6555760888234005674,0,0,0,7,1,4,1,10
8989,2,-6019160078642835361,0,0,0,5,2,3,1,10
8990,2,-5738235985296830133,0,1,1,6,1,3,1,10
8991,2,5621311758978606919,0,0,0,5,3,3,1,10
8992,2,-1246603970722922554,0,1,1,6,4,3,1,10
8993,2,-3463164010125924163,0,1,1,6,5,3,1,10
8994,2,2872403971538314079,0,0,0,3,7,2,1,10
8995,2,4378528000894263840,0,0,0,5,5,3,1,10
8996,2,-1678365416412448773,0,1,1,6,2,3,1,10
8997,2,6012579216402350684,0,0,0,5,5,3,1,10
8998,2,-5401037278672376807,0,0,0,5,3,3,1,10
8999,2,5512856249945497435,0,1,1,6,1,3,1,10
9000,2,3042527060757865835,0,0,0,5,4,3,1,10
9001,2,1420693735277616827,0,0,0,7,3,4,1,10
9002,2,-660315565131646296,0,1,1,6,2,3,1,10
9003,2,93729937298175426,0,0,0,5,2,3,1,10
9004,2,-1900501944597907808,0,0,0,3,7,2,1,10
9005,2,-4966662819602369394,0,1,1,6,1,3,1,10
9006,2,-1270259358104078192,0,0,0,5,4,3,1,10
9007,2,5515017067043410064,0,0,0,5,6,3,1,10
9008,2,6751494023637288375,0,0,0,5,4,3,1,10
9009,2,1010174620202148411,0,0,0,5,6,3,1,10
9010,2,6804992592056868905,0,0,0,5,2,3,1,10
9011,2,4184831826436966903,0,1,1,6,3,3,1,10
9012,2,1941616768290141922,0,0,0,5,7,3,1,10
9013,2,3893795370201772124,0,0,0,5,4,3,1,10
9014,2,315208726790390557,0,1,1,6,3,3,1,10
9015,2,8868407267255686556,0,0,0,5,6,3,1,10
9016,2,-5742130466554829082,0,0,0,5,3,3,1,10
9017,2,-6873489448839175105,0,1,1,6,1,3,1,10
9018,2,-1454029407426846482,0,0,0,7,4,4,1,10
9019,2,8333188771068148502,0,0,0,5,4,3,1,10
9020,2,-4269617418283030114,0,1,1,4,5,2,1,10
9021,2,-519646370499845527,0,0,0,5,3,3,1,10
9022,2,2951280458337586542,0,0,0,7,2,4,1,10
9023,2,2655547158183321714,0,0,0,7,3,4,1,10
9024,2,-8831051196246550410,0,1,1,8,2,4,1,10
9025,2,8781741694591017231,0,1,1,6,1,3,1,10
9026,2,6276025158479390532,0,0,0,5,1,3,1,10
9027,2,5236900930787042482,0,0,0,5,4,3,1,10
9028,2,-7298093937923411728,0,0,0,5,4,3,1,10
9029,2,6488522888515562139,0,0,0,5,3,3,1,10
9030,2,6037801161635995246,0,0,0,5,4,3,1,10
9031,2,4175432417180093001,0,1,1,6,3,3,1,10
9032,2,4020257058967585571,0,1,1,6,3,3,1,10
9033,2,6054927274750406701,0,0,0,5,6,3,1,10
9034,2,-3400933120424719686,0,0,0,7,4,4,1,10
9035,2,-3573875408964701792,0,0,0,7,2,4,1,10
9036,2,-2017561155126267849,0,0,0,7,2,4,1,10
9037,2,7424594417930431511,0,0,0,5,5,3,1,10
9038,2,-9108002369237249461,0,0,0,7,1,4,1,10
9039,2,2115140797667124117,0,0,0,5,4,3,1,10
9040,2,3038602513181309162,0,0,0,7,2,4,1,10
9041,2,-4851741625747254176,0,1,1,6,5,3,1,10
9042,2,-2647895583920627686,0,1,1,6,3,3,1,10
9043,2,5303684693192764407,0,0,0,5,1,3,1,10
9044,2,8154919718327589902,0,1,1,6,1,3,1,10
9045,2,4936179948561915202,0,0,0,5,3,3,1,10
9046,2,-7505503043870037389,0,0,0,7,1,4,1,10
9047,2,-3918819373703478261,0,0,0,5,1,3,1,10
9048,2,-2382642834162350840,0,0,0,5,2,3,1,10
9049,2,-180485094727365715,0,0,0,5,4,3,1,10
9050,2,8127463179265067380,0,0,0,5,2,3,1,10
9051,2,6131629797543070986,0,1,1,6,5,3,1,10
9052,2,5575449528648960595,0,1,1,6,1,3,1,10
9053,2,1547860555242592194,0,0,0,5,2,3,1,10
9054,2,-3620287882089570927,0,0,0,7,2,4,1,10
9055,2,-7823167163656037728,0,0,0,5,6,3,1,10
9056,2,508916704046218235,0,0,0,5,4,3,1,10
9057,2,-45426648595308712,0,0,0,5,5,3,1,10
9058,2,8641335485009200659,0,0,0,5,7,3,1,10
9059,2,-2109294212108710545,0,0,0,7,3,4,1,10
9060,2,4004906051694019107,0,1,1,6,5,3,1,10
9061,2,6978005481608341626,0,0,0,5,5,3,1,10
9062,2,-4910111694160844908,0,1,1,6,1,3,1,10
9063,2,1390865013536947594,0,1,1,8,2,4,1,10
9064,2,-5054373921734800513,0,1,1,8,4,4,1,10
9065,2,4655357513116578790,0,0,0,5,3,3,1,10
9066,2,-4154570615181344124,0,0,0,7,4,4,1,10
9067,2,-4617191273935031046,0,0,0,7,4,4,1,10
9068,2,3818411536581250010,0,1,1,6,4,3,1,10
9069,2,3357067639778418576,0,0,0,7,3,4,1,10
9070,2,8268211691657124263,0,0,0,5,5,3,1,10
9071,2,-59038225247651267,0,0,0,5,3,3,1,10
9072,2,5065399203718515346,0,0,0,7,3,4,1,10
9073,2,4001941231223707933,0,1,1,6,4,3,1,10
9074,2,3736913673974605973,0,1,1,6,3,3,1,10
9075,2,-8740675636095554878,0,1,1,8,2,4,1,10
9076,2,-3631787587299901161,0,1,1,6,2,3,1,10
9077,2,6193533027096420457,0,0,0,5,2,3,1,10
9078,2,4205277113500248633,0,1,1,6,4,3,1,10
9079,2,-205657726854339218,0,1,1,6,1,3,1,10
9080,2,5695065871128103280,0,1,1,6,4,3,1,10
9081,2,-5018944303274993151,0,1,1,4,8,2,1,10
9082,2,9093310147173183315,0,0,0,5,1,3,1,10
9083,2,2610180228481828122,0,0,0,5,6,3,1,10
9084,2,-4333479747531809611,0,0,0,3,6,2,1,10
9085,2,-5389493916365868631,0,0,0,5,7,3,1,10
9086,2,-2693709745528814346,0,1,1,10,1,5,1,10
9087,2,-5181903703261598958,0,1,1,6,3,3,1,10
9088,2,2451975246943625622,0,0,0,3,5,2,1,10
9089,2,4983778796182539480,0,0,0,9,1,5,1,10
9090,2,-94447973489202422,0,1,1,4,4,2,1,10
9091,2,6765472722208659863,0,1,1,6,1,3,1,10
9092,2,6379572733842442962,0,1,1,6,1,3,1,10
9093,2,5496432972974755127,0,0,0,5,4,3,1,10
9094,2,-8184488309123933493,0,0,0,5,4,3,1,10
9095,2,-4654685822634254754,0,1,1,6,2,3,1,10
9096,2,8993517037712049601,0,0,0,5,4,3,1,10
9097,2,3993382045838025510,0,1,1,4,4,2,1,10
9098,2,8278767104383802696,0,0,0,5,1,3,1,10
9099,2,-151668425298326256,0,0,0,5,7,3,1,10
9100,2,7756555943577155787,0,0,0,7,4,4,1,10
9101,2,8295620142644146231,0,0,0,7,4,4,1,10
9102,2,148458227417297381,0,0,0,5,4,3,1,10
9103,2,-380109792227915320,0,1,1,6,2,3,1,10
9104,2,3344044607053713903,0,1,1,6,1,3,1,10
9105,2,7024366012417833393,0,1,1,10,3,5,1,10
9106,2,6415750982892668121,0,0,0,5,6,3,1,10
9107,2,-8045743735492140136,0,0,0,7,1,4,1,10
9108,2,835227376038094141,0,0,0,5,4,3,1,10
9109,2,-6567369336979035378,0,0,0,5,1,3,1,10
9110,2,-140818367732451919,0,1,1,6,2,3,1,10
9111,2,-4997761714682839292,0,0,0,7,3,4,1,10
9112,2,5180602827744353116,0,1,1,4,4,2,1,10
9113,2,8902614772298098813,0,1,1,6,4,3,1,10
9114,2,-6815104768716280373,0,1,1,6,3,3,1,10
9115,2,-2748482066499104635,0,0,0,5,2,3,1,10
9116,2,4857068213942710277,0,0,0,9,1,5,1,10
9117,2,-7446691856995880607,0,0,0,7,4,4,1,10
9118,2,-6970464019275217188,0,0,0,5,3,3,1,10
9119,2,-5803875822521391353,0,0,0,7,2,4,1,10
9120,2,-3704564370444894075,0,1,1,8,2,4,1,10
9121,2,6830840142035014352,0,0,0,5,6,3,1,10
9122,2,-5356533044053212821,0,0,0,5,4,3,1,10
9123,2,8121930123028301419,0,0,0,5,6,3,1,10
9124,2,4116944029349390911,0,0,0,7,3,4,1,10
9125,2,-6815463121817916908,0,0,0,3,9,2,1,10
9126,2,4437637581891832659,0,1,1,6,2,3,1,10
9127,2,5688040334335922694,0,0,0,5,6,3,1,10
9128,2,1360744530169706792,0,1,1,6,1,3,1,10
9129,2,1860291207683536686,0,0,0,5,2,3,1,10
9130,2,1646727497815889477,0,0,0,5,5,3,1,10
9131,2,2413209901518472992,0,0,0,5,3,3,1,10
9132,2,-1342108442093115830,0,1,1,10,1,5,1,10
9133,2,-8272305970427068594,0,0,0,7,4,4,1,10
9134,2,7048360011872009796,0,0,0,7,1,4,1,10
9135,2,8222931817453242230,0,0,0,5,3,3,1,10
9136,2,5096813056553510465,0,1,1,6,3,3,1,10
9137,2,4128599005342351196,0,0,0,5,7,3,1,10
9138,2,1412272400113893415,0,1,1,8,2,4,1,10
9139,2,592348717964571577,0,0,0,5,6,3,1,10
9140,2,3238686111842699201,0,0,0,5,7,3,1,10
9141,2,9037322023904882291,0,0,0,5,6,3,1,10
9142,2,7788065776172400666,0,1,1,6,4,3,1,10
9143,2,3751768123058050573,0,0,0,5,7,3,1,10
9144,2,-4701147798683033074,0,0,0,5,2,3,1,10
9145,2,-2451663898175451040,0,1,1,6,1,3,1,10
9146,2,6266243978812956701,0,0,0,9,2,5,1,10
9147,2,-8713086329572778869,0,0,0,7,2,4,1,10
9148,2,-8812517425581419646,0,0,0,5,5,3,1,10
9149,2,8128699750856136743,0,0,0,5,5,3,1,10
9150,2,-3778115964004620669,0,1,1,8,1,4,1,10
9151,2,6537212498866774975,0,0,0,7,2,4,1,10
9152,2,1514494584661069834,0,0,0,5,6,3,1,10
9153,2,8709997383381621374,0,1,1,6,1,3,1,10
9154,2,5856497680875074677,0,0,0,5,2,3,1,10
9155,2,-8965256410081095382,0,0,0,5,4,3,1,10
9156,2,5727438123244617641,0,1,1,8,2,4,1,10
9157,2,8657814552655433809,0,1,1,6,4,3,1,10
9158,2,-1680892091427369875,0,0,0,5,4,3,1,10
9159,2,-3263976649672016447,0,1,1,8,2,4,1,10
9160,2,3775550840194739444,0,0,0,5,4,3,1,10
9161,2,5099680933697923388,0,0,0,7,2,4,1,10
9162,2,-4909581500258572101,0,0,0,7,3,4,1,10
9163,2,-7834643781642768276,0,1,1,4,6,2,1,10
9164,2,1889123886563181461,0,1,1,4,5,2,1,10
9165,2,-3547351707002655212,0,0,0,5,2,3,1,10
9166,2,2488625070712873475,0,1,1,8,2,4,1,10
9167,2,515716691428206728,0,0,0,7,1,4,1,10
9168,2,-3772302512895418679,0,0,0,5,3,3,1,10
9169,2,-2020523763104943266,0,1,1,8,1,4,1,10
9170,2,-5140903337147931203,0,1,1,6,4,3,1,10
9171,2,69926771142916198,0,0,0,7,3,4,1,10
9172,2,1307142994823931874,0,0,0,5,8,3,1,10
9173,2,5749627855989021654,0,0,0,7,5,4,1,10
9174,2,-9153416863284675404,0,1,1,6,3,3,1,10
9175,2,2206102720428142537,0,0,0,5,2,3,1,10
9176,2,-2948638432384203579,0,0,0,7,1,4,1,10
9177,2,-7979509798616749334,0,0,0,5,2,3,1,10
9178,2,5668002002267382152,0,1,1,4,4,2,1,10
9179,2,-3206497589009246612,0,1,1,6,2,3,1,10
9180,2,3111926020984460908,0,0,0,7,2,4,1,10
9181,2,84269337355282237,0,0,0,7,2,4,1,10
9182,2,-304471887335823572,0,1,1,6,2,3,1,10
9183,2,7340550293331506810,0,1,1,8,3,4,1,10
9184,2,3592938085974771557,0,0,0,3,5,2,1,10
9185,2,239193611620519204,0,0,0,5,1,3,1,10
9186,2,4926678969205862248,0,0,0,5,1,3,1,10
9187,2,4536196840922396436,0,0,0,3,5,2,1,10
9188,2,2629820039103294033,0,0,0,7,2,4,1,10
9189,2,-5946529302336548564,0,1,1,6,4,3,1,10
9190,2,8678731736948633944,0,0,0,5,3,3,1,10
9191,2,8204452536105846479,0,1,1,6,2,3,1,10
9192,2,6917626854316501094,0,1,1,6,4,3,1,10
9193,2,-3088680508441939310,0,1,1,8,1,4,1,10
9194,2,-7418793984759836693,0,0,0,5,3,3,1,10
9195,2,2986681217798690355,0,0,0,7,4,4,1,10
9196,2,-5399071786334650386,0,1,1,10,1,5,1,10
9197,2,-4218378141115802167,0,0,0,7,1,4,1,10
9198,2,-2359312356133617563,0,1,1,6,5,3,1,10
9199,2,-4498321501434371523,0,0,0,7,1,4,1,10
9200,2,139420534401356486,0,0,0,5,6,3,1,10
9201,2,-656120160238870792,0,0,0,5,2,3,1,10
9202,2,2151128464738648285,0,0,0,7,1,4,1,10
9203,2,-6021447971684708643,0,0,0,3,7,2,1,10
9204,2,8256538965211235552,0,0,0,7,5,4,1,10
9205,2,170430177127359609,0,0,0,3,9,2,1,10
9206,2,-1672391722838204736,0,0,0,5,1,3,1,10
9207,2,-1659214775092801159,0,0,0,7,1,4,1,10
9208,2,-6717561922670695743,0,0,0,7,2,4,1,10
9209,2,-5617792438759599780,0,0,0,5,4,3,1,10
9210,2,-1155739728251105972,0,0,0,5,6,3,1,10
9211,2,-4936991689729381527,0,1,1,6,3,3,1,10
9212,2,4848741236425656323,0,0,0,9,1,5,1,10
9213,2,-9077116158103134238,0,0,0,5,4,3,1,10
9214,2,-8879815550993183722,0,0,0,7,1,4,1,10
9215,2,-8219502134678702984,0,0,0,5,1,3,1,10
9216,2,-3300748597201642028,0,0,0,5,5,3,1,10
9217,2,1989682532252554242,0,0,0,5,2,3,1,10
9218,2,-3137194471872848508,0,1,1,6,1,3,1,10
9219,2,6457373790788990313,0,1,1,8,1,4,1,10
9220,2,7792086428249180534,0,0,0,5,5,3,1,10
9221,2,6177182299171536359,0,0,0,5,8,3,1,10
9222,2,-335354266940682924,0,0,0,7,6,4,1,10
9223,2,-4599002559402110352,0,1,1,4,2,2,1,10
9224,2,-4976228376557866307,0,0,0,5,5,3,1,10
9225,2,1000420563323112559,0,0,0,5,4,3,1,10
9226,2,-5243826253263829229,0,0,0,5,2,3,1,10
9227,2,440685494028223925,0,1,1,4,7,2,1,10
9228,2,-8361383838510298476,0,0,0,5,7,3,1,10
9229,2,-4843244447227744338,0,1,1,8,3,4,1,10
9230,2,3010082551920835751,0,1,1,6,1,3,1,10
9231,2,8449711305619728853,0,1,1,8,1,4,1,10
9232,2,-6411820871517070984,0,1,1,6,2,3,1,10
9233,2,159212260827204457,0,0,0,5,5,3,1,10
9234,2,-3629664486500426554,0,1,1,6,2,3,1,10
9235,2,5326000356737471584,0,1,1,6,3,3,1,10
9236,2,1503208918357270011,0,0,0,5,4,3,1,10
9237,2,-8935824926044751460,0,1,1,6,1,3,1,10
9238,2,8894696125806107004,0,0,0,5,2,3,1,10
9239,2,3571053395850297436,0,0,0,7,2,4,1,10
9240,2,2484139152016915266,0,0,0,5,4,3,1,10
9241,2,7219106604963568885,0,0,0,5,4,3,1,10
9242,2,2173625749795159721,0,1,1,6,2,3,1,10
9243,2,-8184123819845695296,0,0,0,5,7,3,1,10
9244,2,1490448546557278088,0,0,0,9,2,5,1,10
9245,2,4807057014771303254,0,0,0,5,6,3,1,10
9246,2,-9200714480463570815,0,1,1,10,2,5,1,10
9247,2,2827062803020935930,0,0,0,5,1,3,1,10
9248,2,-5919072951764219239,0,0,0,5,6,3,1,10
9249,2,3966857546364213334,0,1,1,8,1,4,1,10
9250,2,7924540233983617546,0,0,0,5,7,3,1,10
9251,2,-6417812181218850454,0,1,1,8,3,4,1,10
9252,2,6750316027091041367,0,0,0,5,2,3,1,10
9253,2,7986435886581540801,0,1,1,6,1,3,1,10
9254,2,4740521747468186529,0,1,1,6,4,3,1,10
9255,2,6073158037695694309,0,0,0,7,3,4,1,10
9256,2,3551981971227611961,0,1,1,6,1,3,1,10
9257,2,2764649782779277332,0,1,1,6,6,3,1,10
9258,2,-3081475054794307210,0,0,0,5,3,3,1,10
9259,2,-5367333772153107405,0,1,1,8,1,4,1,10
9260,2,6937279617595331271,0,0,0,5,3,3,1,10
9261,2,-9191852465710627582,0,0,0,7,3,4,1,10
9262,2,-5268494443715413493,0,0,0,5,4,3,1,10
9263,2,7533512340366292112,0,0,0,5,5,3,1,10
9264,2,-6829228302857385441,0,0,0,5,5,3,1,10
9265,2,6553788753174905329,0,0,0,5,5,3,1,10
9266,2,8896164210694538424,0,1,1,6,4,3,1,10
9267,2,6081949316890846767,0,0,0,7,1,4,1,10
9268,2,5115783724298973811,0,1,1,6,4,3,1,10
9269,2,-7044274120788276099,0,0,0,7,1,4,1,10
9270,2,-512843731043983318,0,0,0,5,3,3,1,10
9271,2,8990847927955046834,0,1,1,4,4,2,1,10
9272,2,-8807747463823467127,0,0,0,7,1,4,1,10
9273,2,-5974368665456007435,0,0,0,5,5,3,1,10
9274,2,4371978002771431648,0,0,0,5,4,3,1,10
9275,2,3240112640215129012,0,1,1,4,4,2,1,10
9276,2,2704732902197736506,0,0,0,7,2,4,1,10
9277,2,-8371740249480064295,0,0,0,5,2,3,1,10
9278,2,1824139311875542957,0,0,0,5,4,3,1,10
9279,2,-2042634542147762369,0,0,0,7,1,4,1,10
9280,2,6176970578012898547,0,0,0,5,6,3,1,10
9281,2,936487224454431586,0,0,0,9,3,5,1,10
9282,2,4071232056753635385,0,0,0,9,1,5,1,10
9283,2,7285888466997375062,0,0,0,3,8,2,1,10
9284,2,5472926515392848439,0,0,0,5,2,3,1,10
9285,2,-3273055896615215110,0,0,0,5,4,3,1,10
9286,2,-5017700682069657728,0,0,0,5,4,3,1,10
9287,2,-7067580563111950739,0,0,0,5,4,3,1,10
9288,2,-3010212572195925734,0,1,1,8,1,4,1,10
9289,2,4220025752417949375,0,0,0,5,7,3,1,10
9290,2,-8350329767574285743,0,0,0,7,2,4,1,10
9291,2,-8339086785087244565,0,0,0,5,5,3,1,10
9292,2,1081876723705579463,0,1,1,8,2,4,1,10
9293,2,6809471024534126341,0,1,1,6,2,3,1,10
9294,2,-3843975750177793072,0,0,0,5,6,3,1,10
9295,2,4209819315976452015,0,1,1,6,2,3,1,10
9296,2,-1150541110643459076,0,1,1,6,1,3,1,10
9297,2,2691939554082589649,0,0,0,5,7,3,1,10
9298,2,-5180031607266786316,0,0,0,7,4,4,1,10
9299,2,-1090695806687731320,0,0,0,5,6,3,1,10
9300,2,-7588662543290203767,0,0,0,5,3,3,1,10
9301,2,551926133854277214,0,0,0,7,4,4,1,10
9302,2,390069189708965386,0,0,0,5,6,3,1,10
9303,2,3116994997483608764,0,0,0,7,2,4,1,10
9304,2,-6091852841856583467,0,0,0,3,7,2,1,10
9305,2,-8222972329404249956,0,0,0,5,6,3,1,10
9306,2,8303888139486601008,0,1,1,6,1,3,1,10
9307,2,-8698418933037821566,0,1,1,8,3,4,1,10
9308,2,-8952883059227095719,0,0,0,5,4,3,1,10
9309,2,-4504410708358033492,0,1,1,6,3,3,1,10
9310,2,1733262869332473051,0,1,1,6,1,3,1,10
9311,2,-2820048523895273848,0,0,0,5,5,3,1,10
9312,2,4895348365153928226,0,0,0,7,1,4,1,10
9313,2,-4530851339066638747,0,1,1,6,3,3,1,10
9314,2,-1510139207337440431,0,0,0,5,1,3,1,10
9315,2,-3788698371349747859,0,1,1,6,1,3,1,10
9316,2,9049641051962268243,0,0,0,5,5,3,1,10
9317,2,7553539837183915986,0,0,0,5,4,3,1,10
9318,2,-8205722875984466896,0,0,0,5,2,3,1,10
9319,2,-275025921002817208,0,0,0,5,5,3,1,10
9320,2,-8918055923195055199,0,1,1,6,1,3,1,10
9321,2,-8695213207028368974,0,0,0,5,3,3,1,10
9322,2,-5520254582351029019,0,1,1,4,3,2,1,10
9323,2,5019823091662295839,0,0,0,5,2,3,1,10
9324,2,-500299547012687659,0,0,0,5,6,3,1,10
9325,2,7618069554171592439,0,1,1,6,5,3,1,10
9326,2,-1970721769408625354,0,1,1,6,1,3,1,10
9327,2,634381176625260657,0,0,0,5,5,3,1,10
9328,2,-2571257546557323698,0,1,1,4,8,2,1,10
9329,2,-6982225614043631032,0,0,0,5,8,3,1,10
9330,2,-1880970729254574663,0,1,1,6,2,3,1,10
9331,2,-7173254388742347859,0,1,1,8,1,4,1,10
9332,2,-3922594487712331140,0,0,0,7,3,4,1,10
9333,2,-5331663292496072578,0,0,0,5,5,3,1,10
9334,2,7342035970912755290,0,1,1,8,5,4,1,10
9335,2,-5754925180604084040,0,1,1,6,4,3,1,10
9336,2,-2175362917669211034,0,0,0,5,5,3,1,10
9337,2,6752076833052171050,0,1,1,4,5,2,1,10
9338,2,3618747483062109401,0,1,1,6,1,3,1,10
9339,2,6580167360511547243,0,1,1,6,2,3,1,10
9340,2,5565784415189439013,0,0,0,7,5,4,1,10
9341,2,-4205268789070054642,0,0,0,5,5,3,1,10
9342,2,-5876366011791848631,0,0,0,5,5,3,1,10
9343,2,-4136882608156719597,0,0,0,7,3,4,1,10
9344,2,3182585802056597351,0,0,0,7,4,4,1,10
9345,2,5596346839532335776,0,1,1,8,5,4,1,10
9346,2,-2286028907218372973,0,0,0,5,5,3,1,10
9347,2,-2848595021156766736,0,1,1,4,4,2,1,10
9348,2,4992140872789951469,0,0,0,5,3,3,1,10
9349,2,-7364452198290571126,0,0,0,5,1,3,1,10
9350,2,-230550232913500943,0,1,1,4,2,2,1,10
9351,2,1425992568114512822,0,0,0,7,1,4,1,10
9352,2,-4797626237891919347,0,1,1,4,3,2,1,10
9353,2,-1971335987720744404,0,1,1,8,1,4,1,10
9354,2,382839150611031155,0,1,1,6,1,3,1,10
9355,2,-2172276658270654962,0,0,0,3,8,2,1,10
9356,2,-6096395596078910160,0,1,1,8,1,4,1,10
9357,2,-305821057644042727,0,1,1,8,4,4,1,10
9358,2,-6038170211122194051,0,0,0,5,4,3,1,10
9359,2,-2970152886205187050,0,0,0,3,5,2,1,10
9360,2,7537318303614926933,0,0,0,3,7,2,1,10
9361,2,-6229599227186528619,0,0,0,7,5,4,1,10
9362,2,7847612093940413767,0,0,0,9,3,5,1,10
9363,2,1929707259461159389,0,0,0,7,6,4,1,10
9364,2,1544759804999945357,0,1,1,10,3,5,1,10
9365,2,8107891138045240350,0,0,0,5,2,3,1,10
9366,2,8935078382575254620,0,0,0,5,2,3,1,10
9367,2,523488046500145384,0,0,0,5,5,3,1,10
9368,2,-1815771855642462339,0,0,0,5,4,3,1,10
9369,2,7201235139975903200,0,0,0,3,5,2,1,10
9370,2,-661185516569354981,0,0,0,9,2,5,1,10
9371,2,3676238442641480368,0,1,1,6,1,3,1,10
9372,2,8657160865068798431,0,0,0,5,7,3,1,10
9373,2,-7333719658534218177,0,0,0,5,4,3,1,10
9374,2,-8913347317284448711,0,0,0,5,3,3,1,10
9375,2,-7144613249706304734,0,0,0,5,4,3,1,10
9376,2,-8368901059018052096,0,1,1,6,4,3,1,10
9377,2,3291343736261658961,0,0,0,5,5,3,1,10
9378,2,7694524783796251966,0,0,0,7,2,4,1,10
9379,2,6948940146016369437,0,1,1,6,2,3,1,10
9380,2,6486636116933705284,0,1,1,8,1,4,1,10
9381,2,21747364934781793,0,0,0,7,4,4,1,10
9382,2,-498237260632509181,0,1,1,6,4,3,1,10
9383,2,7299997542086347511,0,0,0,7,2,4,1,10
9384,2,-3768722594336423010,0,1,1,6,4,3,1,10
9385,2,9213143747446544750,0,0,0,5,4,3,1,10
9386,2,224138729267815482,0,0,0,7,2,4,1,10
9387,2,-4312921066288507655,0,0,0,3,9,2,1,10
9388,2,-4079132861075633128,0,0,0,7,2,4,1,10
9389,2,8604626796367271337,0,0,0,7,3,4,1,10
9390,2,2064456492777126886,0,0,0,7,1,4,1,10
9391,2,3665341541948958686,0,0,0,7,3,4,1,10
9392,2,94507150201045329,0,1,1,6,2,3,1,10
9393,2,-7782659809807074821,0,0,0,5,5,3,1,10
9394,2,3407149651167116766,0,0,0,5,8,3,1,10
9395,2,-6617192635977780904,0,1,1,4,1,2,1,10
9396,2,-7454177383249475846,0,0,0,5,4,3,1,10
9397,2,-6762947832962491780,0,0,0,5,2,3,1,10
9398,2,179480996670059343,0,0,0,7,1,4,1,10
9399,2,7745720105109727371,0,0,0,7,4,4,1,10
9400,2,2908818315828914520,0,0,0,3,8,2,1,10
9401,2,-5586563827752077315,0,0,0,5,5,3,1,10
9402,2,5718715389552608055,0,1,1,10,2,5,1,10
9403,2,-6729819933239162736,0,1,1,6,2,3,1,10
9404,2,-2659146833077691450,0,0,0,5,1,3,1,10
9405,2,4862027340390261375,0,0,0,3,6,2,1,10
9406,2,255788652220373227,0,0,0,3,7,2,1,10
9407,2,4770928069645638388,0,0,0,5,2,3,1,10
9408,2,8825420700076902191,0,0,0,5,5,3,1,10
9409,2,5135625992891231162,0,0,0,5,2,3,1,10
9410,2,7588951026496608913,0,0,0,5,4,3,1,10
9411,2,6581663561289060918,0,0,0,7,5,4,1,10
9412,2,8024402268996298904,0,1,1,8,1,4,1,10
9413,2,6628883923196717463,0,0,0,5,4,3,1,10
9414,2,350285680887213991,0,1,1,4,6,2,1,10
9415,2,2552226881934881868,0,0,0,5,5,3,1,10
9416,2,2384166591721160596,0,0,0,7,1,4,1,10
9417,2,-3029375423165904714,0,0,0,9,1,5,1,10
9418,2,1818761982868821882,0,0,0,3,8,2,1,10
9419,2,1242200223467132191,0,0,0,5,2,3,1,10
9420,2,3100022208287804622,0,0,0,7,3,4,1,10
9421,2,5397985801030741737,0,0,0,9,2,5,1,10
9422,2,-1038590528025243728,0,0,0,7,1,4,1,10
9423,2,2107492919825129738,0,1,1,6,2,3,1,10
9424,2,7855811791967903875,0,0,0,5,4,3,1,10
9425,2,2733350658949705143,0,0,0,7,4,4,1,10
9426,2,4428111710371203775,0,1,1,8,1,4,1,10
9427,2,6044662888129312607,0,0,0,5,4,3,1,10
9428,2,1284766424598427909,0,1,1,10,1,5,1,10
9429,2,7768303616408913114,0,0,0,5,3,3,1,10
9430,2,680319257018775155,0,0,0,5,5,3,1,10
9431,2,5541267746255443170,0,1,1,6,3,3,1,10
9432,2,4947596057163379001,0,0,0,5,6,3,1,10
9433,2,4607602564135220417,0,0,0,5,2,3,1,10
9434,2,2269886927553696364,0,0,0,7,3,4,1,10
9435,2,-4120564176311284148,0,0,0,7,4,4,1,10
9436,2,8465810721699594010,0,0,0,5,4,3,1,10
9437,2,-1574045014074580721,0,0,0,5,5,3,1,10
9438,2,-1980829292841789795,0,1,1,6,1,3,1,10
9439,2,-7347061460291675447,0,0,0,7,1,4,1,10
9440,2,-5060815855746203084,0,0,0,7,2,4,1,10
9441,2,1576361972316144410,0,1,1,4,2,2,1,10
9442,2,1948858801492453839,0,0,0,7,2,4,1,10
9443,2,8306027319409110650,0,0,0,5,3,3,1,10
9444,2,984234902362595881,0,0,0,5,4,3,1,10
9445,2,-4350460656764801939,0,1,1,8,1,4,1,10
9446,2,5581351261605341212,0,0,0,5,4,3,1,10
9447,2,5272147438872208628,0,1,1,6,2,3,1,10
9448,2,-581139236643750608,0,0,0,7,3,4,1,10
9449,2,-1311251578343712442,0,0,0,5,7,3,1,10
9450,2,262042888978315636,0,1,1,8,1,4,1,10
9451,2,5582357184331856832,0,0,0,7,1,4,1,10
9452,2,6422862315262011025,0,1,1,6,3,3,1,10
9453,2,3612109695318086425,0,1,1,6,4,3,1,10
9454,2,5989310272048625691,0,0,0,7,1,4,1,10
9455,2,3316868942595185881,0,0,0,5,5,3,1,10
9456,2,-237512474441698006,0,0,0,3,7,2,1,10
9457,2,-1636273226136329461,0,0,0,5,5,3,1,10
9458,2,-3863647991168981207,0,1,1,6,1,3,1,10
9459,2,-2996771362948318927,0,0,0,5,4,3,1,10
9460,2,-2801396868663811603,0,0,0,7,3,4,1,10
9461,2,-674041431447595913,0,0,0,5,6,3,1,10
9462,2,3638697325375830281,0,1,1,6,1,3,1,10
9463,2,-8715236436531170516,0,0,0,7,2,4,1,10
9464,2,-3869887274329475489,0,0,0,7,4,4,1,10
9465,2,4755379469886556013,0,1,1,8,1,4,1,10
9466,2,2630425311076804090,0,1,1,8,2,4,1,10
9467,2,227232222769781026,0,0,0,5,4,3,1,10
9468,2,-599035867013625061,0,0,0,5,3,3,1,10
9469,2,4454361252468396846,0,1,1,6,4,3,1,10
9470,2,-422417438474235247,0,0,0,7,2,4,1,10
9471,2,-3837101474897416222,0,0,0,5,8,3,1,10
9472,2,431929233297167949,0,0,0,7,2,4,1,10
9473,2,1476009305745488049,0,1,1,4,4,2,1,10
9474,2,3732459102410999349,0,1,1,8,3,4,1,10
9475,2,-3267918314334925526,0,0,0,7,2,4,1,10
9476,2,-6173409601011856840,0,0,0,5,4,3,1,10
9477,2,1678200190416020770,0,0,0,5,8,3,1,10
9478,2,569124135274869154,0,1,1,6,4,3,1,10
9479,2,-1138553803870879184,0,0,0,5,7,3,1,10
9480,2,3687890858584507312,0,0,0,5,3,3,1,10
9481,2,-3287767053529430947,0,1,1,6,1,3,1,10
9482,2,8211735517025650023,0,0,0,5,6,3,1,10
9483,2,4256579678310815260,0,0,0,5,5,3,1,10
9484,2,2428129535005149345,0,0,0,5,4,3,1,10
9485,2,-5127341394935946377,0,0,0,5,2,3,1,10
9486,2,-4459706987347650456,0,0,0,7,2,4,1,10
9487,2,-324366675845017461,0,1,1,6,2,3,1,10
9488,2,-289528484526795130,0,0,0,7,1,4,1,10
9489,2,-5426761607034346698,0,0,0,5,4,3,1,10
9490,2,6905093831096229468,0,1,1,8,2,4,1,10
9491,2,6317471622809637902,0,0,0,5,2,3,1,10
9492,2,1690888152839340274,0,1,1,6,6,3,1,10
9493,2,452023247662381716,0,0,0,7,5,4,1,10
9494,2,3251648181723082319,0,1,1,6,3,3,1,10
9495,2,-2936469456353277783,0,0,0,5,3,3,1,10
9496,2,4077785132674261003,0,0,0,5,6,3,1,10
9497,2,-4070261229559903936,0,0,0,3,6,2,1,10
9498,2,-5080587223356974814,0,1,1,10,2,5,1,10
9499,2,9966022904419924,0,1,1,8,1,4,1,10
9500,2,-8408033076247785718,0,0,0,7,2,4,1,10
9501,2,1659995416897485340,0,0,0,5,7,3,1,10
9502,2,4486936133201301510,0,0,0,5,4,3,1,10
9503,2,-4319649043459018883,0,0,0,5,4,3,1,10
9504,2,-6470774045023372612,0,0,0,5,2,3,1,10
9505,2,7486632095834600896,0,1,1,8,1,4,1,10
9506,2,3481929109246106373,0,0,0,5,4,3,1,10
9507,2,3637272082432027524,0,0,0,7,3,4,1,10
9508,2,5924541269786628,0,1,1,4,5,2,1,10
9509,2,-5571684609621990154,0,1,1,6,5,3,1,10
9510,2,948088185473867641,0,0,0,5,4,3,1,10
9511,2,-1799084007978290882,0,1,1,6,5,3,1,10
9512,2,9122124493655448151,0,0,0,7,6,4,1,10
9513,2,5550574712663524156,0,1,1,6,1,3,1,10
9514,2,-1451816480270256493,0,0,0,5,5,3,1,10
9515,2,-546600296872578701,0,1,1,6,3,3,1,10
9516,2,-8499852563627548098,0,0,0,5,5,3,1,10
9517,2,-216225179738488507,0,1,1,8,2,4,1,10
9518,2,4931017350234788821,0,1,1,6,3,3,1,10
9519,2,-4586135149196398240,0,1,1,8,4,4,1,10
9520,2,7016813394224880599,0,0,0,7,4,4,1,10
9521,2,8479546808922978168,0,0,0,5,4,3,1,10
9522,2,5951160873627057048,0,1,1,6,4,3,1,10
9523,2,-5670661899900754634,0,0,0,11,1,6,1,10
9524,2,4562925731291845973,0,0,0,3,9,2,1,10
9525,2,-3817646410494384017,0,0,0,7,2,4,1,10
9526,2,8276975734780512647,0,0,0,5,5,3,1,10
9527,2,-7870385865665029479,0,0,0,9,1,5,1,10
9528,2,4599875604170265980,0,1,1,8,1,4,1,10
9529,2,-7861939139025267846,0,0,0,5,7,3,1,10
9530,2,-2616605389164132574,0,1,1,6,6,3,1,10
9531,2,-1617210534274305247,0,1,1,4,6,2,1,10
9532,2,-2631305624800126427,0,0,0,3,7,2,1,10
9533,2,6462064999479334682,0,0,0,3,5,2,1,10
9534,2,2152663114959655485,0,0,0,5,3,3,1,10
9535,2,375295651893489372,0,0,0,5,4,3,1,10
9536,2,4355876791547897536,0,0,0,5,3,3,1,10
9537,2,-3964095817731873914,0,0,0,5,4,3,1,10
9538,2,-1547305432022477954,0,1,1,10,1,5,1,10
9539,2,2924481392482682570,0,0,0,3,9,2,1,10
9540,2,-6398771015411752243,0,0,0,7,4,4,1,10
9541,2,6868712778211196201,0,0,0,7,1,4,1,10
9542,2,-5303244719838427934,0,0,0,9,2,5,1,10
9543,2,-8698181236267903136,0,0,0,5,4,3,1,10
9544,2,-5833690617319143326,0,0,0,5,2,3,1,10
9545,2,-2323258277588152543,0,0,0,5,5,3,1,10
9546,2,-779871671809619912,0,0,0,5,4,3,1,10
9547,2,6792279602938616582,0,0,0,5,4,3,1,10
9548,2,-784116673018813784,0,0,0,5,3,3,1,10
9549,2,-5696763902634357310,0,0,0,5,6,3,1,10
9550,2,-3371049537313239644,0,0,0,7,1,4,1,10
9551,2,4754074358544217241,0,0,0,5,5,3,1,10
9552,2,-4715231879005201314,0,0,0,5,5,3,1,10
9553,2,4251562853331659025,0,0,0,7,2,4,1,10
9554,2,8557078952624605726,0,0,0,5,3,3,1,10
9555,2,-2817944052205057558,0,0,0,7,1,4,1,10
9556,2,-4262875264060236203,0,0,0,7,1,4,1,10
9557,2,-851317397156343990,0,0,0,5,2,3,1,10
9558,2,4869550683644755441,0,0,0,5,6,3,1,10
9559,2,-7122314837206815172,0,1,1,8,1,4,1,10
9560,2,4721854694305758706,0,1,1,6,3,3,1,10
9561,2,3766902397832986459,0,1,1,8,1,4,1,10
9562,2,7974077673124907836,0,0,0,3,9,2,1,10
9563,2,-1389862545432126262,0,0,0,7,2,4,1,10
9564,2,6704660657784060847,0,1,1,6,2,3,1,10
9565,2,1667232073776229222,0,1,1,6,4,3,1,10
9566,2,382536591453281396,0,0,0,5,4,3,1,10
9567,2,-6681682945807023297,0,0,0,7,1,4,1,10
9568,2,-3020355891298365031,0,0,0,7,1,4,1,10
9569,2,-5841481217492948157,0,0,0,5,4,3,1,10
9570,2,7907654094506859232,0,0,0,7,5,4,1,10
9571,2,-5340800998284714949,0,0,0,5,5,3,1,10
9572,2,-1314537717501439533,0,0,0,3,5,2,1,10
9573,2,-8729459352607801605,0,0,0,3,6,2,1,10
9574,2,-486475426107738852,0,1,1,6,1,3,1,10
9575,2,-3750600777217156651,0,0,0,7,1,4,1,10
9576,2,7113279075897513234,0,0,0,7,4,4,1,10
9577,2,-41751328699784882,0,0,0,5,5,3,1,10
9578,2,8234762573550548375,0,0,0,5,7,3,1,10
9579,2,-7060249953337270252,0,0,0,7,1,4,1,10
9580,2,-8376767958840297184,0,1,1,8,1,4,1,10
9581,2,6749991635895298606,0,0,0,3,8,2,1,10
9582,2,-208503883817522924,0,0,0,5,4,3,1,10
9583,2,-672824529897271435,0,0,0,7,1,4,1,10
9584,2,8114295301354860378,0,0,0,5,4,3,1,10
9585,2,9140187722550395202,0,0,0,7,6,4,1,10
9586,2,1437422938432230701,0,0,0,5,3,3,1,10
9587,2,-8197782199593836696,0,0,0,7,7,4,1,10
9588,2,1592040418921536306,0,0,0,5,6,3,1,10
9589,2,165125268749246564,0,0,0,5,2,3,1,10
9590,2,-2183731306233037109,0,1,1,6,2,3,1,10
9591,2,-7032811996894639917,0,0,0,5,3,3,1,10
9592,2,1198241436753281197,0,1,1,8,4,4,1,10
9593,2,7191706021300266532,0,0,0,5,5,3,1,10
9594,2,-4568796832785940305,0,0,0,7,3,4,1,10
9595,2,-672059247063908211,0,0,0,5,6,3,1,10
9596,2,-2965134030458486043,0,0,0,5,6,3,1,10
9597,2,-1110495900863547326,0,0,0,5,4,3,1,10
9598,2,3210946463155712493,0,1,1,8,2,4,1,10
9599,2,-8117137551420997148,0,0,0,5,4,3,1,10
9600,2,4321080604537041544,0,0,0,7,1,4,1,10
9601,2,-5081412498464180681,0,1,1,8,3,4,1,10
9602,2,789369224036228204,0,0,0,5,7,3,1,10
9603,2,1484655497129847064,0,1,1,6,2,3,1,10
9604,2,-1160773870098387881,0,1,1,6,2,3,1,10
9605,2,-6539455475961529427,0,0,0,7,2,4,1,10
9606,2,-4322980780925877401,0,0,0,5,4,3,1,10
9607,2,-6369123931594646051,0,1,1,8,2,4,1,10
9608,2,-2204572297322805336,0,0,0,5,1,3,1,10
9609,2,-8214266684854062334,0,0,0,9,3,5,1,10
9610,2,5493189892412701166,0,0,0,5,7,3,1,10
9611,2,2304674737134177757,0,0,0,5,2,3,1,10
9612,2,-1954829381667777307,0,0,0,9,1,5,1,10
9613,2,-1937544844338874422,0,0,0,5,7,3,1,10
9614,2,-1837607233166964378,0,0,0,5,4,3,1,10
9615,2,7774093975483676468,0,1,1,6,3,3,1,10
9616,2,1169827412951657483,0,0,0,5,7,3,1,10
9617,2,-5686933182433113782,0,1,1,8,3,4,1,10
9618,2,1844058324189145093,0,1,1,6,2,3,1,10
9619,2,5301223208798864114,0,0,0,5,3,3,1,10
9620,2,-3218106256647976148,0,1,1,6,1,3,1,10
9621,2,-2786654232853017346,0,0,0,5,2,3,1,10
9622,2,1042462392777981783,0,0,0,7,2,4,1,10
9623,2,8736639217933840285,0,0,0,5,4,3,1,10
9624,2,-1022638206235409171,0,1,1,6,1,3,1,10
9625,2,-7214827611571511021,0,0,0,5,3,3,1,10
9626,2,5657569844083507900,0,1,1,8,1,4,1,10
9627,2,-5582474831882597460,0,0,0,5,6,3,1,10
9628,2,3025562022425050889,0,1,1,8,1,4,1,10
9629,2,-5098653660981592339,0,0,0,5,2,3,1,10
9630,2,-6665139062949210649,0,0,0,5,6,3,1,10
9631,2,2078741713535762445,0,0,0,5,5,3,1,10
9632,2,-9026115374851309364,0,0,0,5,3,3,1,10
9633,2,6570933855602584995,0,1,1,6,1,3,1,10
9634,2,-5975362981220088992,0,0,0,5,3,3,1,10
9635,2,-4138332914827662688,0,1,1,8,1,4,1,10
9636,2,-1149919685822525032,0,1,1,6,3,3,1,10
9637,2,-355363383288118146,0,0,0,5,7,3,1,10
9638,2,-7354682318584413437,0,0,0,5,8,3,1,10
9639,2,-7297672328048228167,0,0,0,7,5,4,1,10
9640,2,4376008074389743459,0,0,0,3,9,2,1,10
9641,2,-7719340273435755138,0,0,0,5,3,3,1,10
9642,2,6131058920650084479,0,1,1,8,1,4,1,10
9643,2,-6802704031003594334,0,0,0,5,3,3,1,10
9644,2,-1312074026038893257,0,1,1,10,3,5,1,10
9645,2,4922901111327889365,0,1,1,6,2,3,1,10
9646,2,7047238371691909592,0,1,1,10,2,5,1,10
9647,2,-1401865712616873706,0,1,1,6,6,3,1,10
9648,2,2454373393948551601,0,0,0,5,7,3,1,10
9649,2,108702574474349161,0,0,0,5,5,3,1,10
9650,2,-7844139800765952538,0,0,0,7,3,4,1,10
9651,2,7627477918723690952,0,0,0,7,1,4,1,10
9652,2,5135217420758543747,0,1,1,6,2,3,1,10
9653,2,-7854077506168388010,0,1,1,8,1,4,1,10
9654,2,-4163488757309476140,0,1,1,8,2,4,1,10
9655,2,102403703807551450,0,0,0,5,3,3,1,10
9656,2,-2615694979743747597,0,0,0,5,4,3,1,10
9657,2,-909425874118522518,0,1,1,6,1,3,1,10
9658,2,-3995417928355140447,0,0,0,5,2,3,1,10
9659,2,-4062059103278011546,0,0,0,7,1,4,1,10
9660,2,6488262707964018521,0,0,0,7,2,4,1,10
9661,2,6383456559294333096,0,1,1,6,1,3,1,10
9662,2,-7051549745648186462,0,1,1,8,1,4,1,10
9663,2,-4055942783119682823,0,0,0,5,5,3,1,10
9664,2,-2661897308742896731,0,0,0,7,1,4,1,10
9665,2,-4346391622501729594,0,0,0,5,4,3,1,10
9666,2,7866796182810163966,0,0,0,5,1,3,1,10
9667,2,-2059137294149132782,0,1,1,8,3,4,1,10
9668,2,-1210176785807105834,0,0,0,7,7,4,1,10
9669,2,9204080243252488878,0,0,0,5,3,3,1,10
9670,2,8033150659080390449,0,1,1,6,4,3,1,10
9671,2,-8513200571254997080,0,1,1,6,1,3,1,10
9672,2,-5736021494929966204,0,0,0,7,1,4,1,10
9673,2,4540754852509268481,0,0,0,3,8,2,1,10
9674,2,7790418881641755786,0,0,0,5,3,3,1,10
9675,2,-7805384536546699103,0,0,0,5,6,3,1,10
9676,2,1328269361445509463,0,1,1,8,4,4,1,10
9677,2,-7654358373133980785,0,0,0,5,6,3,1,10
9678,2,7326748655354963372,0,0,0,5,6,3,1,10
9679,2,7436704951636263516,0,1,1,6,1,3,1,10
9680,2,494147042246393741,0,0,0,7,2,4,1,10
9681,2,7647836308285246944,0,1,1,8,1,4,1,10
9682,2,6654070853161128465,0,1,1,6,6,3,1,10
9683,2,-6702280081174304472,0,1,1,8,2,4,1,10
9684,2,2251003157212971384,0,1,1,4,3,2,1,10
9685,2,-7998600791343383122,0,0,0,5,4,3,1,10
9686,2,4366601822320168066,0,0,0,3,8,2,1,10
9687,2,-1016658320398666038,0,0,0,5,3,3,1,10
9688,2,-637689917548794114,0,0,0,7,7,4,1,10
9689,2,4032803251259783273,0,1,1,6,1,3,1,10
9690,2,6210877349453601184,0,1,1,6,1,3,1,10
9691,2,6329745574107565308,0,1,1,6,3,3,1,10
9692,2,-3073862515533458665,0,1,1,6,2,3,1,10
9693,2,-1394238640367583566,0,1,1,6,2,3,1,10
9694,2,62187981884511839,0,0,0,7,1,4,1,10
9695,2,4229284139149529064,0,0,0,5,2,3,1,10
9696,2,-6782887242386554285,0,1,1,6,3,3,1,10
9697,2,712786413312640736,0,0,0,7,4,4,1,10
9698,2,7402975118399630981,0,0,0,5,3,3,1,10
9699,2,-6420843617987149647,0,0,0,3,5,2,1,10
9700,2,-8849797538761066158,0,1,1,6,5,3,1,10
9701,2,1422895723186978686,0,0,0,5,6,3,1,10
9702,2,-4139448148245273808,0,1,1,8,3,4,1,10
9703,2,-3175670748225722390,0,0,0,5,6,3,1,10
9704,2,4788440723564710729,0,0,0,5,2,3,1,10
9705,2,1390619316044669386,0,0,0,7,4,4,1,10
9706,2,-2156506649287122611,0,1,1,6,3,3,1,10
9707,2,-5136955835181789156,0,1,1,4,5,2,1,10
9708,2,-6514711683920535420,0,0,0,5,1,3,1,10
9709,2,6024794736231289912,0,0,0,5,4,3,1,10
9710,2,-5237834170271029214,0,0,0,5,5,3,1,10
9711,2,-7756431001491599291,0,0,0,5,4,3,1,10
9712,2,3155578192080618718,0,0,0,3,9,2,1,10
9713,2,-476043216723108626,0,1,1,6,6,3,1,10
9714,2,1548414592171999172,0,1,1,6,2,3,1,10
9715,2,-6046944803862895020,0,1,1,4,4,2,1,10
9716,2,7173975711895062090,0,0,0,5,6,3,1,10
9717,2,-3515721969269873595,0,0,0,3,8,2,1,10
9718,2,1788477534541004706,0,0,0,5,2,3,1,10
9719,2,2529468697637527982,0,0,0,7,5,4,1,10
9720,2,6879094052376683342,0,1,1,6,1,3,1,10
9721,2,5208545329547315022,0,1,1,8,3,4,1,10
9722,2,1911246413071541496,0,0,0,5,5,3,1,10
9723,2,-4769526566500770388,0,0,0,5,4,3,1,10
9724,2,-201397316451563133,0,1,1,6,2,3,1,10
9725,2,3187539222820846154,0,0,0,5,4,3,1,10
9726,2,3220614596334500189,0,0,0,5,5,3,1,10
9727,2,-7667892072321463269,0,1,1,6,5,3,1,10
9728,2,-5719289373081705450,0,0,0,5,8,3,1,10
9729,2,-7615065110422078671,0,1,1,6,2,3,1,10
9730,2,-3753021455703340746,0,0,0,5,5,3,1,10
9731,2,4541858263699050426,0,0,0,5,2,3,1,10
9732,2,-516200258880947638,0,0,0,7,4,4,1,10
9733,2,-939327230144850899,0,0,0,7,4,4,1,10
9734,2,774123552125758016,0,0,0,3,6,2,1,10
9735,2,-6306573050337466689,0,1,1,8,2,4,1,10
9736,2,-6663141296863355404,0,0,0,5,4,3,1,10
9737,2,7977744576098381340,0,0,0,3,9,2,1,10
9738,2,2121628242329817610,0,0,0,5,4,3,1,10
9739,2,219946606890689875,0,0,0,5,3,3,1,10
9740,2,-8562434969991468547,0,0,0,5,5,3,1,10
9741,2,-2747654756240739567,0,0,0,7,4,4,1,10
9742,2,-2981134814117839752,0,0,0,9,3,5,1,10
9743,2,6677429609499164689,0,1,1,6,3,3,1,10
9744,2,8840289472852234468,0,0,0,7,1,4,1,10
9745,2,6658750716243722450,0,0,0,5,4,3,1,10
9746,2,6316059547428037186,0,1,1,8,1,4,1,10
9747,2,3292959138228496011,0,0,0,5,3,3,1,10
9748,2,-5785887860722861254,0,1,1,8,4,4,1,10
9749,2,8503442599835954012,0,1,1,6,1,3,1,10
9750,2,-1014429059406200974,0,1,1,8,1,4,1,10
9751,2,89510237500190149,0,1,1,6,4,3,1,10
9752,2,2498122422383900195,0,0,0,7,2,4,1,10
9753,2,-5892324801788145829,0,0,0,5,4,3,1,10
9754,2,-541599480591767062,0,0,0,5,3,3,1,10
9755,2,-8417745128966829384,0,0,0,7,3,4,1,10
9756,2,-1282865704878296613,0,0,0,7,6,4,1,10
9757,2,661556625368822963,0,0,0,5,1,3,1,10
9758,2,831787053636138972,0,1,1,6,1,3,1,10
9759,2,-901635176411079472,0,0,0,5,5,3,1,10
9760,2,-1327558444048297937,0,0,0,7,1,4,1,10
9761,2,-3654917833792995078,0,0,0,5,8,3,1,10
9762,2,4163395738489075280,0,0,0,5,6,3,1,10
9763,2,-2704225083056355217,0,0,0,5,5,3,1,10
9764,2,-7470606930293325056,0,0,0,7,4,4,1,10
9765,2,7409860287286409723,0,0,0,9,1,5,1,10
9766,2,3285339098288172961,0,0,0,5,5,3,1,10
9767,2,-7068784162631245464,0,0,0,7,2,4,1,10
9768,2,5699612716388252356,0,1,1,6,2,3,1,10
9769,2,4512775399687739444,0,1,1,6,4,3,1,10
9770,2,9128717279354683904,0,0,0,5,3,3,1,10
9771,2,-5533360939474147964,0,0,0,5,3,3,1,10
9772,2,1618320326600205573,0,1,1,6,2,3,1,10
9773,2,2936029056081930584,0,1,1,6,3,3,1,10
9774,2,3067927332553164272,0,0,0,7,4,4,1,10
9775,2,9167320320866846464,0,1,1,6,2,3,1,10
9776,2,738503182644329183,0,1,1,6,4,3,1,10
9777,2,-6251457304005705009,0,0,0,5,7,3,1,10
9778,2,2951104517519672520,0,0,0,7,3,4,1,10
9779,2,-1145315659411273971,0,0,0,7,3,4,1,10
9780,2,-6154712126195228794,0,1,1,6,4,3,1,10
9781,2,-6017965032492366799,0,0,0,5,6,3,1,10
9782,2,793613615108292404,0,1,1,6,1,3,1,10
9783,2,4790142267810832463,0,1,1,6,2,3,1,10
9784,2,-9098202318227632450,0,1,1,6,1,3,1,10
9785,2,8733315006644906447,0,1,1,4,2,2,1,10
9786,2,-7557760072126446668,0,0,0,5,4,3,1,10
9787,2,-4116318693909102241,0,1,1,6,4,3,1,10
9788,2,-8620024630544622751,0,1,1,8,2,4,1,10
9789,2,-7882669095295783126,0,1,1,6,1,3,1,10
9790,2,6661670385757345052,0,0,0,3,9,2,1,10
9791,2,3533507298339755849,0,1,1,6,3,3,1,10
9792,2,2015594231877172701,0,0,0,5,6,3,1,10
9793,2,-494155044301307526,0,1,1,8,1,4,1,10
9794,2,5516418488451014931,0,0,0,7,2,4,1,10
9795,2,-671819454040299505,0,0,0,5,4,3,1,10
9796,2,5863189984708309683,0,0,0,5,4,3,1,10
9797,2,-5141769571514203608,0,1,1,6,4,3,1,10
9798,2,-9018539842847963500,0,0,0,5,3,3,1,10
9799,2,-8668459911962002140,0,0,0,9,1,5,1,10
9800,2,-1461897982205597447,0,1,1,6,2,3,1,10
9801,2,-357845055982741164,0,1,1,8,3,4,1,10
9802,2,-8899966149651256209,0,0,0,7,1,4,1,10
9803,2,-5326694099641328143,0,1,1,6,6,3,1,10
9804,2,5068987740909912281,0,1,1,6,2,3,1,10
9805,2,-1812489861945878448,0,1,1,8,1,4,1,10
9806,2,7879860913598277577,0,1,1,6,7,3,1,10
9807,2,8631074560540908115,0,1,1,6,1,3,1,10
9808,2,1034366432433134096,0,0,0,3,6,2,1,10
9809,2,7576838072678738978,0,1,1,8,2,4,1,10
9810,2,-5706807518367026536,0,0,0,5,4,3,1,10
9811,2,5297842576630129947,0,0,0,3,6,2,1,10
9812,2,-4698576019676155280,0,0,0,3,9,2,1,10
9813,2,-6147028838295494650,0,1,1,8,1,4,1,10
9814,2,5730420180930638376,0,1,1,6,4,3,1,10
9815,2,-2506802498092794227,0,0,0,7,2,4,1,10
9816,2,8132845735431459934,0,1,1,6,3,3,1,10
9817,2,6366137550892068842,0,0,0,5,3,3,1,10
9818,2,-6498727152416305768,0,1,1,6,3,3,1,10
9819,2,7733820486212038369,0,0,0,9,1,5,1,10
9820,2,-5221702812455905964,0,1,1,8,1,4,1,10
9821,2,1669102868214016753,0,0,0,5,3,3,1,10
9822,2,4599983005662565470,0,1,1,4,8,2,1,10
9823,2,-960059709479907130,0,0,0,5,3,3,1,10
9824,2,-1415863327137618848,0,0,0,5,4,3,1,10
9825,2,8402093933124855281,0,0,0,9,2,5,1,10
9826,2,8351041702802011327,0,0,0,5,2,3,1,10
9827,2,-1283454722703283238,0,0,0,5,6,3,1,10
9828,2,-8539414464679597916,0,0,0,7,2,4,1,10
9829,2,7190237090403728884,0,1,1,8,2,4,1,10
9830,2,-2545348094297521576,0,1,1,8,1,4,1,10
9831,2,-8305009773303046349,0,0,0,7,5,4,1,10
9832,2,-1494073084541947948,0,0,0,3,5,2,1,10
9833,2,-2248008502575387973,0,0,0,5,6,3,1,10
9834,2,3459725176920214680,0,0,0,5,7,3,1,10
9835,2,4841881648251460569,0,0,0,7,1,4,1,10
9836,2,1844705849366719675,0,0,0,5,2,3,1,10
9837,2,-6670083476285431498,0,0,0,7,5,4,1,10
9838,2,6389779076566549827,0,0,0,7,4,4,1,10
9839,2,-6555447692863901879,0,1,1,6,1,3,1,10
9840,2,595753720818910646,0,0,0,5,3,3,1,10
9841,2,-2102841404320004595,0,0,0,5,6,3,1,10
9842,2,3180833893213730544,0,0,0,5,8,3,1,10
9843,2,-3720023901960921612,0,0,0,9,1,5,1,10
9844,2,1358273022275105591,0,0,0,7,5,4,1,10
9845,2,858469761225158682,0,0,0,5,1,3,1,10
9846,2,-8109385736027386996,0,1,1,4,4,2,1,10
9847,2,4491766158925303229,0,0,0,5,5,3,1,10
9848,2,6320179847491087939,0,0,0,5,1,3,1,10
9849,2,-805227331591816467,0,0,0,5,3,3,1,10
9850,2,6958744083460268758,0,0,0,3,7,2,1,10
9851,2,2647685637624250495,0,1,1,8,1,4,1,10
9852,2,-326185800215646475,0,1,1,6,3,3,1,10
9853,2,-8698224972531652281,0,0,0,5,1,3,1,10
9854,2,271448430389410016,0,0,0,7,1,4,1,10
9855,2,-1520932798335902075,0,0,0,5,2,3,1,10
9856,2,5532082217615604473,0,0,0,5,5,3,1,10
9857,2,1506840850346973087,0,1,1,6,5,3,1,10
9858,2,511997487150537876,0,0,0,7,2,4,1,10
9859,2,-4116097912464551664,0,0,0,3,5,2,1,10
9860,2,3910999712648528913,0,0,0,5,5,3,1,10
9861,2,-8647844665046581600,0,0,0,5,2,3,1,10
9862,2,-1731168362210871763,0,0,0,5,4,3,1,10
9863,2,9043870638460562645,0,0,0,5,6,3,1,10
9864,2,7727339744533943956,0,0,0,7,5,4,1,10
9865,2,7777099344297166249,0,1,1,6,3,3,1,10
9866,2,-6257912670189707846,0,0,0,7,2,4,1,10
9867,2,-4972636881458041732,0,0,0,9,3,5,1,10
9868,2,4691264415011395562,0,0,0,5,7,3,1,10
9869,2,6389853779241674059,0,0,0,5,3,3,1,10
9870,2,-7925737987684384354,0,0,0,5,4,3,1,10
9871,2,-5850238655435900126,0,0,0,5,3,3,1,10
9872,2,3956220052119655697,0,0,0,3,5,2,1,10
9873,2,-6584298545692206641,0,1,1,6,5,3,1,10
9874,2,2429439659639758098,0,0,0,5,5,3,1,10
9875,2,3857999795497504472,0,1,1,6,3,3,1,10
9876,2,-4506829419157921509,0,0,0,5,5,3,1,10
9877,2,6981963165892863406,0,0,0,5,5,3,1,10
9878,2,-314239146710417758,0,0,0,9,4,5,1,10
9879,2,-4649457971238186207,0,1,1,4,2,2,1,10
9880,2,1270867640702190510,0,0,0,7,2,4,1,10
9881,2,-8356285210031053802,0,1,1,6,3,3,1,10
9882,2,6070449740485254828,0,0,0,7,3,4,1,10
9883,2,5717110943692481400,0,0,0,7,2,4,1,10
9884,2,3475061347709597570,0,0,0,5,3,3,1,10
9885,2,1689464762230041452,0,1,1,6,1,3,1,10
9886,2,3471756776032847332,0,0,0,9,2,5,1,10
9887,2,6951533742673384904,0,0,0,7,5,4,1,10
9888,2,-499178816944604953,0,1,1,6,3,3,1,10
9889,2,-3160723827879346235,0,1,1,6,2,3,1,10
9890,2,-7391904417783364653,0,0,0,5,3,3,1,10
9891,2,4625667520765269234,0,0,0,5,5,3,1,10
9892,2,3862775291597595708,0,0,0,5,4,3,1,10
9893,2,-7236211777883941525,0,1,1,8,1,4,1,10
9894,2,-3994355863897868973,0,0,0,5,3,3,1,10
9895,2,7661876788516653899,0,0,0,5,1,3,1,10
9896,2,6121102301715637369,0,0,0,5,4,3,1,10
9897,2,1281493419771061086,0,1,1,6,4,3,1,10
9898,2,2506151799495990037,0,0,0,5,5,3,1,10
9899,2,-4248728022194774757,0,0,0,5,6,3,1,10
9900,2,440248348981916070,0,0,0,5,4,3,1,10
9901,2,3307616337991288272,0,1,1,6,4,3,1,10
9902,2,-2966606351337144293,0,0,0,9,1,5,1,10
9903,2,3200711856275583774,0,0,0,7,4,4,1,10
9904,2,5121663710408253282,0,0,0,3,9,2,1,10
9905,2,5684523223760548008,0,1,1,6,1,3,1,10
9906,2,-3005007251749392322,0,0,0,5,6,3,1,10
9907,2,-7306343587908545273,0,1,1,8,1,4,1,10
9908,2,5890193153557936989,0,1,1,6,2,3,1,10
9909,2,151462699473220096,0,0,0,7,1,4,1,10
9910,2,-2164744208149987671,0,0,0,7,1,4,1,10
9911,2,6718783415282521081,0,0,0,5,3,3,1,10
9912,2,3312855209328901085,0,1,1,6,2,3,1,10
9913,2,-3900107129653640025,0,0,0,5,3,3,1,10
9914,2,7117958277350120540,0,1,1,8,2,4,1,10
9915,2,3862616413843129612,0,0,0,5,5,3,1,10
9916,2,-7614874893211648451,0,0,0,5,1,3,1,10
9917,2,2477838285957804704,0,0,0,5,6,3,1,10
9918,2,-3231531887378366806,0,0,0,7,1,4,1,10
9919,2,-810842195964556338,0,1,1,6,3,3,1,10
9920,2,5412091109682959722,0,0,0,7,1,4,1,10
9921,2,-4942715844395120735,0,1,1,6,1,3,1,10
9922,2,-8198726469087570501,0,1,1,6,2,3,1,10
9923,2,2407916174369240255,0,0,0,5,3,3,1,10
9924,2,-1878844955195103131,0,1,1,8,3,4,1,10
9925,2,6753722339375076245,0,0,0,7,6,4,1,10
9926,2,-758341395787885813,0,1,1,6,3,3,1,10
9927,2,8766155086342971347,0,1,1,6,4,3,1,10
9928,2,-4770482587716968253,0,0,0,3,9,2,1,10
9929,2,4277778538552982811,0,1,1,6,4,3,1,10
9930,2,-72923379306987543,0,0,0,7,2,4,1,10
9931,2,-5887381443738731788,0,0,0,5,4,3,1,10
9932,2,8249588111587469616,0,0,0,5,7,3,1,10
9933,2,8779781552781321220,0,0,0,5,3,3,1,10
9934,2,7557275808916120569,0,1,1,6,5,3,1,10
9935,2,-8445322506549506946,0,1,1,6,4,3,1,10
9936,2,4882163239124564967,0,1,1,8,1,4,1,10
9937,2,-7053357939693022248,0,1,1,6,3,3,1,10
9938,2,68941356736199602,0,1,1,8,2,4,1,10
9939,2,-2874925217615311423,0,1,1,8,3,4,1,10
9940,2,8036305417617473852,0,0,0,5,2,3,1,10
9941,2,2448097815087531602,0,0,0,7,4,4,1,10
9942,2,-6223425754969719071,0,0,0,7,1,4,1,10
9943,2,-5946201002316475005,0,0,0,5,5,3,1,10
9944,2,8089609472670498322,0,0,0,7,1,4,1,10
9945,2,-2089305938477910560,0,1,1,6,3,3,1,10
9946,2,539565007109535524,0,1,1,6,1,3,1,10
9947,2,-8175832707748834693,0,0,0,5,1,3,1,10
9948,2,1948036882216407653,0,1,1,8,2,4,1,10
9949,2,5432547701398945828,0,0,0,7,2,4,1,10
9950,2,947322275763103344,0,1,1,6,3,3,1,10
9951,2,-6207734277319109161,0,0,0,5,5,3,1,10
9952,2,5405192293655119810,0,0,0,9,1,5,1,10
9953,2,948620291455228021,0,1,1,6,6,3,1,10
9954,2,-1345923061366669940,0,1,1,6,2,3,1,10
9955,2,-4042194276122972745,0,0,0,7,5,4,1,10
9956,2,-109495752431276086,0,0,0,5,6,3,1,10
9957,2,626965966792837727,0,1,1,6,2,3,1,10
9958,2,6137251626701218452,0,0,0,7,2,4,1,10
9959,2,-123136002725032017,0,0,0,5,2,3,1,10
9960,2,-8681085687297764685,0,0,0,7,2,4,1,10
9961,2,9190783854607944735,0,0,0,7,3,4,1,10
9962,2,3700384613413095286,0,0,0,7,2,4,1,10
9963,2,531248337774793545,0,0,0,5,2,3,1,10
9964,2,-5118156486857593402,0,0,0,5,4,3,1,10
9965,2,352560840213193000,0,0,0,5,2,3,1,10
9966,2,-5015307120592465800,0,0,0,5,5,3,1,10
9967,2,3662118671628319873,0,0,0,7,1,4,1,10
9968,2,-4157987724410322462,0,0,0,7,4,4,1,10
9969,2,-5386477424940151648,0,1,1,6,1,3,1,10
9970,2,-4661965944913163600,0,1,1,8,2,4,1,10
9971,2,4595597106304325191,0,1,1,8,3,4,1,10
9972,2,-2050109828218801672,0,0,0,5,6,3,1,10
9973,2,2245876925114635235,0,0,0,7,1,4,1,10
9974,2,1113252573164401291,0,0,0,5,7,3,1,10
9975,2,1550768998775708929,0,0,0,5,3,3,1,10
9976,2,-8033553430440676979,0,1,1,6,6,3,1,10
9977,2,-1219350261105143553,0,1,1,6,4,3,1,10
9978,2,-2646602936111510969,0,0,0,5,3,3,1,10
9979,2,4316875369369155846,0,0,0,5,5,3,1,10
9980,2,-2260588295705509061,0,1,1,6,1,3,1,10
9981,2,-2268086687182088905,0,0,0,5,5,3,1,10
9982,2,-2503717934836989832,0,0,0,7,6,4,1,10
9983,2,2951506026605185316,0,0,0,5,2,3,1,10
9984,2,-40158063375251665,0,1,1,4,5,2,1,10
9985,2,-5806457491070166143,0,0,0,3,7,2,1,10
9986,2,8588825761640294023,0,0,0,5,5,3,1,10
9987,2,-768032504308024038,0,0,0,3,9,2,1,10
9988,2,-6371780849261504083,0,0,0,7,6,4,1,10
9989,2,-4315494525872796920,0,1,1,8,2,4,1,10
9990,2,-7362823855499708626,0,1,1,10,3,5,1,10
9991,2,-3627626236748857313,0,0,0,5,2,3,1,10
9992,2,4645075940362305928,0,1,1,6,6,3,1,10
9993,2,2113347808375310762,0,0,0,5,7,3,1,10
9994,2,-1356297171577557763,0,1,1,6,4,3,1,10
9995,2,-9024334102445345959,0,0,0,5,8,3,1,10
9996,2,-2491641633418776918,0,1,1,6,3,3,1,10
9997,2,-8405722396935233926,0,0,0,5,3,3,1,10
9998,2,6513694674707409112,0,1,1,6,3,3,1,10
9999,2,-1186125063489832857,0,0,0,5,2,3,1,10
10000,2,7401672643329804434,0,1,1,6,4,3,1,10
