simulationId,cowboyCount,seed,starterId,winnerId,winnerOffsetFromStarter,totalShots,winnerRemainingHp,winnerShotsFired,winnerKills,winnerTotalDamageDealt
1,200,7622549244507814510,0,125,125,777,2,6,4,14
2,200,-176823638348867382,0,133,133,769,3,4,2,11
3,200,4653291594555506559,0,150,150,741,3,4,2,14
4,200,-5429547764223392703,0,140,140,764,1,3,1,4
5,200,1354699720820100286,0,154,154,749,1,10,7,24
6,200,-8558099095430985091,0,116,116,754,3,4,2,7
7,200,7566729063232618657,0,162,162,744,1,4,2,15
8,200,-8796280036588025189,0,147,147,762,3,3,1,6
9,200,-1904176087077157359,0,133,133,751,6,3,1,7
10,200,-5950808297819701377,0,138,138,746,1,6,3,17
11,200,8202580055274905697,0,140,140,752,2,7,4,20
12,200,2069697956329713381,0,150,150,742,4,3,2,4
13,200,2331882227666649723,0,136,136,744,2,4,1,9
14,200,-6907155114764864074,0,140,140,786,1,6,3,18
15,200,5743542032431768924,0,97,97,743,6,5,3,20
16,200,1754090216629634460,0,129,129,738,3,2,1,8
17,200,3000933636146778561,0,147,147,766,1,7,3,15
18,200,-818370409442154536,0,140,140,743,3,6,5,14
19,200,-6494085369291419358,0,122,122,755,1,5,2,12
20,200,-4831476700427871918,0,127,127,763,1,8,6,20
21,200,-7164822578341529121,0,144,144,751,2,3,1,9
22,200,-6681209751587204111,0,140,140,742,4,6,4,19
23,200,-2785428037848741191,0,157,157,759,3,5,3,10
24,200,4092339821109795117,0,149,149,759,1,9,7,17
25,200,3063383483373029763,0,117,117,755,3,3,1,7
26,200,3373133630133326305,0,148,148,767,4,3,2,8
27,200,493181087642310936,0,143,143,745,1,10,7,16
28,200,-1746716152221018267,0,157,157,735,6,5,3,15
29,200,446462409193912975,0,104,104,745,8,2,2,6
30,200,1193011675842738652,0,117,117,748,1,6,4,15
31,200,4831360065858792877,0,147,147,769,1,3,2,6
32,200,8575571794862233545,0,139,139,763,3,6,3,15
33,200,345942164528489626,0,115,115,747,1,5,2,11
34,200,7448151043156876008,0,149,149,741,5,5,4,15
35,200,5239964932791844568,0,97,97,752,1,7,3,15
36,200,-9173191548526301637,0,162,162,755,6,2,1,6
37,200,-2161688254686019728,0,123,123,759,4,5,3,12
38,200,-4645889046326623902,0,154,154,773,3,3,1,7
39,200,-4846666793570864531,0,82,82,743,1,4,2,14
40,200,8504972586755124527,0,129,129,745,3,3,1,10
41,200,2012197841368315278,0,132,132,751,2,3,2,12
42,200,-6052823257482687111,0,139,139,770,1,7,5,17
43,200,8951238588419643446,0,143,143,760,4,5,3,9
44,200,8373285886730576944,0,157,157,769,1,6,2,14
45,200,-6024011126309681497,0,140,140,748,7,3,1,9
46,200,-3199751378429683278,0,144,144,775,2,6,4,12
47,200,-205079082719447953,0,140,140,762,2,4,1,8
48,200,-1230956723516543396,0,113,113,742,1,4,1,10
49,200,9009170572123666977,0,146,146,754,3,3,2,10
50,200,502512276757557602,0,174,174,736,1,6,4,13
51,200,-6468460926580581816,0,156,156,770,2,5,2,8
52,200,-1041959172619497245,0,158,158,758,4,5,3,5
53,200,-3176141123837156967,0,155,155,768,1,5,2,17
54,200,-1250743467814938825,0,140,140,738,2,3,2,5
55,200,2802790474057045607,0,152,152,750,9,2,2,6
56,200,1594636887908444555,0,89,89,755,5,5,4,9
57,200,2247049277431032667,0,107,107,741,2,3,2,6
58,200,-2141993941735040080,0,123,123,755,2,8,4,21
59,200,4950414587910089059,0,127,127,756,1,5,2,9
60,200,4024558437153402159,0,135,135,738,1,6,3,15
61,200,8460830073364808938,0,140,140,752,4,6,3,11
62,200,-8861481111054564448,0,154,154,743,3,13,11,40
63,200,5151774012177519178,0,129,129,767,2,4,2,13
64,200,6091217547875219003,0,135,135,760,1,5,3,9
65,200,-2747216630518444674,0,139,139,743,5,8,6,19
66,200,-3120053898601644369,0,151,151,776,2,8,6,10
67,200,3034305960001825052,0,121,121,741,2,3,1,3
68,200,530950165320721202,0,113,113,753,5,7,6,15
69,200,-3239810975889385343,0,124,124,773,6,1,1,2
70,200,8355546087979150809,0,131,131,738,2,4,2,14
71,200,-469783043654121139,0,148,148,744,3,7,4,16
72,200,-8860139790373583575,0,170,170,744,4,5,3,19
73,200,3078272170296328209,0,159,159,718,2,5,2,11
74,200,1861223411033487853,0,167,167,742,1,3,1,13
75,200,6371430372172172359,0,162,162,730,4,5,3,14
76,200,558336081978973769,0,162,162,746,5,3,1,7
77,200,-4684935535263414398,0,137,137,764,4,6,3,14
78,200,4274643094731897359,0,143,143,735,4,3,2,9
79,200,-974467266348133402,0,154,154,755,1,6,4,13
80,200,2876010997474373712,0,163,163,768,3,4,1,12
81,200,2556742473257242073,0,124,124,747,3,4,1,11
82,200,3881636367721409078,0,158,158,779,8,2,1,4
83,200,-4283235462372645638,0,114,114,752,1,5,2,10
84,200,-5435618743545341167,0,141,141,753,2,4,2,7
85,200,8287095643659210833,0,147,147,745,1,5,2,12
86,200,8922802869860413870,0,116,116,753,5,2,1,2
87,200,-8768726520343391800,0,147,147,778,3,4,1,11
88,200,4372297092407986927,0,158,158,764,4,4,2,10
89,200,1825614279441251546,0,136,136,750,1,5,2,16
90,200,-8762036456603649640,0,153,153,744,1,5,3,10
91,200,3126602431026017417,0,123,123,743,2,5,3,11
92,200,-6850303691888806042,0,142,142,735,2,3,1,9
93,200,-8236622947874188139,0,136,136,760,1,4,3,6
94,200,-7308026951116254363,0,135,135,766,1,3,2,10
95,200,7503361998593243626,0,145,145,738,5,4,2,10
96,200,-5497387776322637437,0,110,110,748,4,5,3,13
97,200,-1268344063882912167,0,124,124,767,3,3,1,8
98,200,-4537393245351792801,0,169,169,731,1,4,1,10
99,200,7007109389799046027,0,137,137,754,6,4,2,10
100,200,2541384518595445350,0,131,131,746,2,2,1,6
101,200,3350996714279151922,0,172,172,758,2,4,1,14
102,200,-6122081210866785503,0,126,126,772,6,4,3,10
103,200,3642725993278335616,0,121,121,756,1,5,3,12
104,200,-6310069696443000377,0,175,175,768,1,5,2,10
105,200,1047077068562554588,0,139,139,756,2,3,2,5
106,200,-6852892927081889767,0,149,149,772,1,4,2,7
107,200,-4257256642702636589,0,147,147,772,1,4,2,8
108,200,-5029367128408372113,0,148,148,763,2,6,4,12
109,200,7607616885527668300,0,142,142,752,1,5,3,9
110,200,26434227140393485,0,125,125,764,1,9,5,18
111,200,9209768725001713919,0,147,147,759,1,5,3,16
112,200,-3085924346636983622,0,147,147,758,1,7,4,12
113,200,8675964771217511976,0,149,149,763,2,3,1,8
114,200,4907356856337128851,0,139,139,754,3,6,4,20
115,200,-4666966213610434953,0,155,155,750,3,7,4,18
116,200,-4926837390399736036,0,118,118,761,2,10,5,26
117,200,-8336891457433127094,0,148,148,767,1,3,2,6
118,200,516544900739520151,0,145,145,756,5,3,2,5
119,200,-7283127629127876067,0,122,122,761,2,4,2,10
120,200,-1032635651569392488,0,148,148,744,4,5,3,16
121,200,7769363128375121728,0,149,149,766,4,3,2,9
122,200,-430746176916896039,0,155,155,757,3,8,5,18
123,200,8651847374258448331,0,140,140,764,1,4,2,8
124,200,2224671235021342026,0,176,176,740,6,4,3,10
125,200,-1465474966042121521,0,147,147,750,6,4,3,11
126,200,5232730891868007532,0,134,134,756,5,6,4,9
127,200,1361460470342695374,0,176,176,767,2,5,3,9
128,200,-1356467568661118753,0,130,130,749,2,3,1,9
129,200,-7614506031958753172,0,138,138,752,2,6,3,16
130,200,-8971519793056376775,0,164,164,761,5,3,2,10
131,200,3022396495612605285,0,131,131,748,2,3,1,7
132,200,8290662160158026520,0,116,116,758,1,4,1,12
133,200,3843035322279117505,0,145,145,758,6,3,2,8
134,200,-5189416922603801478,0,170,170,765,3,2,1,2
135,200,-5124300315598734522,0,105,105,776,2,2,1,4
136,200,3837517114234352203,0,158,158,738,1,4,2,11
137,200,-2950185444045550802,0,145,145,755,1,4,2,8
138,200,426757442594773823,0,158,158,749,4,3,2,5
139,200,-4820788126042546662,0,141,141,751,4,9,7,24
140,200,5946862575678741986,0,142,142,757,1,8,4,22
141,200,8974981299390694470,0,136,136,762,2,5,3,10
142,200,-6087080048868049684,0,148,148,750,4,3,1,6
143,200,-3281028519374219011,0,153,153,747,1,7,3,16
144,200,8805111005440957657,0,146,146,763,1,12,9,32
145,200,-945914340663370674,0,138,138,774,3,3,1,6
146,200,3620470311692998329,0,145,145,772,1,8,4,12
147,200,-7847918107806780417,0,124,124,748,1,7,4,16
148,200,-1981419207827807164,0,160,160,745,6,4,2,11
149,200,8917890496236750785,0,128,128,771,2,4,1,9
150,200,2436476489404250417,0,152,152,745,6,3,1,6
151,200,-8587433980523025243,0,116,116,762,1,7,5,16
152,200,-6769828358835675705,0,136,136,753,1,2,1,4
153,200,-3332833132237761586,0,145,145,747,2,8,4,12
154,200,6975984797426359987,0,152,152,779,2,7,4,12
155,200,-6059495332086747032,0,129,129,757,5,4,3,13
156,200,4452296053357995548,0,148,148,729,1,5,2,11
157,200,-4323948211146815272,0,122,122,759,2,2,1,6
158,200,3776308515824177652,0,167,167,764,2,7,4,13
159,200,-2448083839464855756,0,88,88,753,1,6,3,11
160,200,-2641245394580726895,0,121,121,739,2,4,2,12
161,200,2192876119456537845,0,144,144,756,7,3,2,10
162,200,-6690699831491533701,0,113,113,729,1,3,1,7
163,200,-8242276007236563477,0,158,158,772,6,2,1,8
164,200,-5642516344152327033,0,114,114,755,5,3,2,8
165,200,-3238749104845523344,0,164,164,758,1,6,3,18
166,200,-2814418992306178780,0,127,127,760,3,5,2,11
167,200,-5673131306224066336,0,127,127,735,1,6,3,12
168,200,29831252693456372,0,131,131,737,1,8,6,22
169,200,7016585409083752008,0,151,151,764,3,5,2,12
170,200,908195957096416926,0,141,141,754,1,6,3,13
171,200,-7531173376727640483,0,153,153,742,4,4,2,10
172,200,7209757496494277090,0,128,128,766,3,5,3,13
173,200,5291995938437694126,0,131,131,763,2,2,1,4
174,200,5880094698660718061,0,153,153,764,2,6,4,18
175,200,-7265269715823122147,0,141,141,754,7,3,2,7
176,200,-4873275261915122194,0,137,137,747,7,3,2,15
177,200,-1159345103379502709,0,158,158,756,4,5,2,18
178,200,-5555833939274768152,0,175,175,797,2,2,1,4
179,200,-6221400059438910766,0,141,141,742,4,3,1,5
180,200,-5951664687497584183,0,126,126,726,5,2,1,6
181,200,-5112357295890222344,0,155,155,724,5,2,2,6
182,200,-1298152709108151108,0,180,180,739,5,6,4,17
183,200,-6119810466464770400,0,136,136,775,4,4,1,13
184,200,2502297348298907067,0,136,136,733,5,2,1,4
185,200,5240029132549311427,0,131,131,758,1,3,1,6
186,200,2849857456777649255,0,131,131,759,1,3,1,6
187,200,5357231713588214688,0,169,169,752,3,3,1,5
188,200,2470418174820690203,0,148,148,753,4,4,3,12
189,200,-4205413717588758543,0,137,137,756,4,3,1,7
190,200,-190994909066885314,0,145,145,778,2,4,1,8
191,200,5643015977550698334,0,107,107,762,2,5,4,9
192,200,-6149718818074887976,0,147,147,760,7,5,4,18
193,200,-5292947416913470154,0,140,140,741,1,6,1,11
194,200,7725237031423721319,0,155,155,760,6,2,1,6
195,200,-5657309207377328036,0,145,145,749,5,4,3,8
196,200,5671188520636863987,0,98,98,755,4,3,2,11
197,200,-8067556877535570561,0,145,145,750,4,8,4,22
198,200,1388559965909645408,0,130,130,747,1,4,2,11
199,200,-1541781829703729011,0,144,144,756,1,10,6,27
200,200,-4692008703275938814,0,146,146,751,2,9,6,20
201,200,5921825753287209320,0,149,149,735,2,5,4,13
202,200,-7215400166977438346,0,148,148,739,2,6,4,15
203,200,7205195152113270746,0,106,106,750,2,4,2,6
204,200,8555390363154737071,0,150,150,745,4,5,3,14
205,200,-6544356438121168186,0,113,113,749,9,1,1,2
206,200,-24092370755839921,0,106,106,737,1,3,1,9
207,200,-840322277581955423,0,124,124,757,2,4,2,9
208,200,5998048010865198391,0,116,116,760,5,3,2,11
209,200,-4847606256852973793,0,152,152,781,2,4,2,11
210,200,-2380848368725129375,0,136,136,759,1,5,2,12
211,200,5147840700923570224,0,138,138,781,2,6,3,14
212,200,-1353014960296005908,0,159,159,766,2,6,3,16
213,200,-1598501290525054419,0,146,146,744,1,6,3,17
214,200,1961923140490118264,0,125,125,769,4,3,1,6
215,200,-8505615486224464562,0,95,95,748,2,5,2,13
216,200,3517719450423692212,0,147,147,776,2,5,2,10
217,200,3105389479535564896,0,151,151,745,4,7,5,25
218,200,5214840725170559796,0,133,133,768,6,3,2,6
219,200,6293562631990310579,0,172,172,761,1,4,2,9
220,200,-3335407372536324729,0,130,130,772,4,5,3,7
221,200,4329349046570819928,0,141,141,766,1,5,2,9
222,200,-3946251753802068088,0,134,134,756,5,4,3,10
223,200,-2497641178949689460,0,146,146,772,3,5,3,14
224,200,-1598467579073753100,0,181,181,749,3,3,2,7
225,200,-7219157151722771858,0,145,145,733,3,3,1,6
226,200,-4661110030385310659,0,157,157,748,2,7,4,20
227,200,7268898499307905016,0,121,121,762,1,6,2,11
228,200,5073513302777484957,0,87,87,746,1,4,2,4
229,200,-4340584654648921812,0,103,103,734,5,3,2,9
230,200,5747655616131207533,0,146,146,781,6,4,2,14
231,200,-853986668421251187,0,123,123,746,1,8,4,20
232,200,-6485978991128421450,0,134,134,759,5,6,4,15
233,200,5768638224355024336,0,150,150,755,2,6,3,15
234,200,2458075869634312968,0,141,141,762,3,5,3,12
235,200,-8489808341758400557,0,138,138,750,4,4,2,10
236,200,8024946309956992650,0,115,115,765,1,4,2,8
237,200,3052355172840400334,0,138,138,740,4,3,1,7
238,200,7442647678929516370,0,144,144,755,2,4,1,10
239,200,-8626307378104996153,0,168,168,768,3,2,1,7
240,200,4089073642559267318,0,138,138,752,5,4,2,8
241,200,-2236296439523492277,0,123,123,740,7,2,1,7
242,200,3016743768788637027,0,131,131,744,3,7,5,16
243,200,4188166251872219482,0,168,168,747,1,8,5,19
244,200,-3762730370391684372,0,136,136,759,4,2,1,6
245,200,3740820769933958818,0,120,120,759,3,3,2,4
246,200,2497223835397723045,0,134,134,762,4,5,3,14
247,200,1245211740268461552,0,114,114,756,4,4,3,10
248,200,3596120228953640690,0,96,96,761,3,5,3,11
249,200,-8485958391061015837,0,131,131,755,1,4,1,9
250,200,-3530187989459650982,0,133,133,748,1,4,2,12
251,200,1557329990257135330,0,128,128,780,6,2,2,8
252,200,-5014070775909231968,0,124,124,753,1,4,1,10
253,200,8185066700082241103,0,151,151,772,1,7,4,15
254,200,1187857640806559252,0,125,125,722,3,2,1,6
255,200,4592621929158808828,0,149,149,740,4,4,2,6
256,200,-2733519790676682714,0,142,142,775,2,7,3,18
257,200,-9010965276370915874,0,129,129,762,2,5,3,17
258,200,3441661738905144891,0,128,128,740,1,4,2,12
259,200,-1194913879455673857,0,126,126,768,3,8,5,18
260,200,4193196702897053123,0,143,143,743,1,10,6,21
261,200,506810623762930361,0,154,154,752,4,3,2,8
262,200,-5265939102537952373,0,164,164,770,1,7,5,16
263,200,8342510994338939680,0,120,120,768,3,5,3,12
264,200,5449764782182861903,0,153,153,758,3,4,2,10
265,200,9057600608023772352,0,147,147,767,2,5,3,16
266,200,4141399907197696659,0,131,131,742,1,4,2,5
267,200,-6377290153117213817,0,158,158,764,1,6,3,12
268,200,4028413048081249714,0,113,113,735,2,3,1,9
269,200,-4936952770567959292,0,139,139,743,3,4,2,13
270,200,-3833402471891802570,0,161,161,715,5,2,2,8
271,200,-611234609857737006,0,144,144,773,6,5,4,9
272,200,1836329554843149162,0,139,139,747,1,5,2,13
273,200,-6271604032169027506,0,153,153,762,3,5,2,11
274,200,-7649378181101267410,0,138,138,755,4,4,2,11
275,200,-4117742096427242609,0,134,134,756,3,14,11,23
276,200,-426418587539229430,0,134,134,749,1,10,6,27
277,200,-3482144798703779433,0,126,126,733,4,4,2,8
278,200,-4380576730621465212,0,143,143,761,1,5,1,14
279,200,471985320383546821,0,155,155,752,3,5,3,16
280,200,3767412502644510389,0,144,144,754,1,4,1,9
281,200,-3981726802433878898,0,131,131,745,4,3,2,8
282,200,-7129907778307929831,0,130,130,769,4,3,2,6
283,200,353075872508588396,0,146,146,747,2,5,2,14
284,200,8933881702211590055,0,162,162,754,1,7,4,17
285,200,5870060683144538133,0,133,133,768,2,5,2,11
286,200,-6167737670428187103,0,138,138,747,3,4,3,10
287,200,-1481915643660530448,0,131,131,768,1,9,4,26
288,200,-42555890764871508,0,131,131,740,2,5,2,15
289,200,4789677843557388484,0,150,150,741,4,5,2,15
290,200,5603914325809731747,0,127,127,766,4,3,1,7
291,200,2257671157984811954,0,145,145,762,2,5,3,11
292,200,-3981914003719714137,0,118,118,750,6,8,6,17
293,200,-1854622150355557531,0,142,142,766,3,5,3,13
294,200,5561257292223402490,0,160,160,759,3,3,2,8
295,200,-4884363201328877433,0,141,141,755,3,5,2,16
296,200,-4139487150730386163,0,134,134,756,1,7,4,21
297,200,3760748672159352694,0,135,135,755,1,4,2,11
298,200,-8354605131265263785,0,153,153,735,3,12,9,23
299,200,-5942291489905924041,0,158,158,761,4,4,2,7
300,200,-6366786982554665881,0,112,112,761,1,8,4,23
301,200,4987517799179524522,0,129,129,726,2,6,3,18
302,200,2993790680894572604,0,139,139,728,2,4,1,8
303,200,9148108519035745279,0,113,113,740,4,6,4,13
304,200,356053416089542868,0,124,124,739,1,6,5,11
305,200,-1153170656627237272,0,166,166,765,2,5,3,16
306,200,2893755259742999810,0,160,160,729,3,3,1,7
307,200,-2846964163748940784,0,148,148,764,3,3,1,5
308,200,3066658862155213956,0,147,147,750,2,9,5,21
309,200,-2727414419329055670,0,137,137,743,1,4,1,8
310,200,-4763808482497477292,0,135,135,772,1,4,1,9
311,200,-4663998541886316019,0,128,128,748,3,4,1,6
312,200,3401440039618196030,0,101,101,756,4,5,4,12
313,200,8411459461634897568,0,123,123,771,2,3,1,6
314,200,7940202431231995570,0,142,142,754,1,4,2,11
315,200,2320893009249504145,0,187,187,751,1,4,2,10
316,200,-1189509341924688933,0,131,131,741,3,8,6,22
317,200,5352533821174972395,0,126,126,756,2,7,4,25
318,200,1832868611604740847,0,161,161,770,1,5,2,18
319,200,-2456234631830758233,0,139,139,750,1,4,1,10
320,200,-1089146873941124920,0,118,118,764,2,6,4,17
321,200,-4830145270073459614,0,143,143,741,2,3,1,6
322,200,4591227604811538100,0,137,137,752,1,4,2,15
323,200,-7517952184663344560,0,155,155,766,4,4,3,17
324,200,2759393873959435400,0,148,148,762,1,5,3,7
325,200,-3192076090308535184,0,114,114,774,1,10,6,20
326,200,-3518252645608431621,0,124,124,736,3,6,4,12
327,200,-6678954914849788671,0,177,177,779,5,3,2,8
328,200,1051009122719280432,0,141,141,753,1,9,5,28
329,200,-199266881384466636,0,133,133,747,6,5,4,14
330,200,-562237344018420588,0,154,154,740,4,4,2,11
331,200,4631360110322506530,0,165,165,750,3,4,3,7
332,200,-6088734372525309462,0,152,152,775,3,7,3,15
333,200,-4567376467868996353,0,131,131,750,1,6,3,18
334,200,-6043706588882026333,0,127,127,743,5,6,3,13
335,200,-2435838256127503472,0,141,141,739,3,3,2,9
336,200,6756029625274839410,0,130,130,744,1,4,2,6
337,200,3064267014396074458,0,135,135,783,1,3,1,5
338,200,-7107167595673559776,0,108,108,746,1,3,1,11
339,200,7914520723125430299,0,141,141,762,1,5,2,14
340,200,-3939801719671590756,0,126,126,755,1,4,2,9
341,200,7447551660642179069,0,170,170,737,2,7,4,17
342,200,-3312509276445913515,0,132,132,744,2,3,1,7
343,200,1671232814223333385,0,126,126,743,9,1,1,3
344,200,-8997380063345516340,0,158,158,756,1,5,2,9
345,200,7066319119836090969,0,157,157,758,8,3,2,12
346,200,2051562411276173924,0,145,145,756,2,3,2,7
347,200,6633696047227603601,0,147,147,741,3,5,3,14
348,200,8053753224416136828,0,119,119,746,1,8,5,18
349,200,8081798847255029519,0,130,130,768,1,7,4,21
350,200,1686173169983516607,0,124,124,768,3,7,6,15
351,200,-6741191890070349471,0,177,177,768,2,8,5,19
352,200,7551669735035125690,0,134,134,748,8,2,2,2
353,200,817322641040841207,0,147,147,762,6,4,2,8
354,200,-7681608518701036626,0,156,156,765,3,5,2,17
355,200,6813244192803531545,0,122,122,754,3,7,3,15
356,200,-799567251315813721,0,137,137,753,5,4,3,14
357,200,6463463733073614618,0,127,127,753,3,4,3,10
358,200,-3603365709834776371,0,144,144,761,1,4,2,12
359,200,-7475064080194904626,0,137,137,752,4,5,3,16
360,200,-7141271899617235975,0,125,125,740,1,6,4,15
361,200,-3645313680115038920,0,113,113,740,3,4,2,10
362,200,-813606537018452598,0,124,124,755,3,6,4,13
363,200,6077188741552898440,0,143,143,770,1,6,3,14
364,200,-5889240790349597319,0,149,149,756,6,2,2,6
365,200,8460047888651790403,0,150,150,728,1,12,6,24
366,200,5811333872113808043,0,163,163,760,1,11,7,16
367,200,9061771253406507715,0,108,108,764,6,5,3,10
368,200,718880064193883270,0,155,155,760,1,8,5,19
369,200,-5732102379876084766,0,140,140,744,3,5,3,15
370,200,6742280374751132102,0,143,143,732,1,6,3,15
371,200,5181125386420020466,0,153,153,765,6,2,1,5
372,200,-834104396270075759,0,184,184,766,1,6,4,13
373,200,-3132157644125213201,0,137,137,754,2,9,6,25
374,200,-466210819174466616,0,152,152,787,1,4,2,8
375,200,-6446779205686661897,0,144,144,766,4,5,3,14
376,200,-5043496799542115937,0,122,122,764,5,3,2,9
377,200,331600363706155258,0,129,129,775,5,7,5,12
378,200,2632571912175624047,0,151,151,748,2,8,4,28
379,200,7259434726428318637,0,156,156,750,3,4,3,14
380,200,7034773605526970058,0,130,130,761,7,1,1,1
381,200,-2378807064512389437,0,141,141,735,2,4,2,12
382,200,7044002907889436624,0,110,110,785,1,5,2,8
383,200,-7467986275928762273,0,169,169,746,1,4,2,11
384,200,-7710964463403764544,0,159,159,751,5,3,2,4
385,200,-1797319639737052477,0,112,112,756,3,4,3,12
386,200,6648804362421930705,0,147,147,749,3,5,3,10
387,200,-6092895600319714483,0,171,171,754,5,3,1,6
388,200,6677731808203156546,0,149,149,756,6,6,4,12
389,200,-8290431848890866524,0,169,169,746,3,9,5,20
390,200,822470599114602416,0,182,182,745,3,9,6,27
391,200,-440745167956154322,0,87,87,748,1,4,2,13
392,200,5493254706132871335,0,140,140,770,2,3,2,8
393,200,9110007253430282949,0,153,153,756,2,7,5,17
394,200,3828546001588759930,0,132,132,756,2,3,1,9
395,200,954358573689120937,0,146,146,758,1,5,2,15
396,200,4673329353811134038,0,155,155,756,3,4,1,10
397,200,8951106077823315127,0,141,141,768,3,4,2,6
398,200,-2955788004876631659,0,148,148,756,4,3,1,7
399,200,-3074617922874386725,0,118,118,760,2,4,2,10
400,200,-2069238736506574513,0,111,111,766,2,6,3,9
401,200,5142285657910056386,0,166,166,753,2,3,2,5
402,200,-5718166377548646857,0,161,161,762,2,5,2,10
403,200,-2871135245862434860,0,103,103,715,1,8,5,21
404,200,-5470290219754087517,0,152,152,758,4,4,2,11
405,200,6513239277378205537,0,105,105,743,1,5,2,9
406,200,-1937526650582908692,0,168,168,758,3,4,2,9
407,200,4053606368753870361,0,139,139,752,3,10,6,24
408,200,-8685931211186045961,0,140,140,758,1,6,3,19
409,200,753476599907605441,0,166,166,762,3,2,1,2
410,200,7629449046163267860,0,93,93,758,3,3,1,8
411,200,-7165006901954417628,0,113,113,737,3,3,1,9
412,200,-278983357706912762,0,113,113,782,1,5,3,12
413,200,6679654565873428551,0,135,135,732,7,3,2,9
414,200,-4190755768947603870,0,175,175,772,5,5,4,12
415,200,8738829291820281567,0,124,124,776,4,4,2,9
416,200,-6408956391818137828,0,138,138,760,3,3,2,6
417,200,6080893915112984583,0,132,132,762,4,5,3,12
418,200,8338116970483255134,0,141,141,757,3,11,8,27
419,200,-765449995369154515,0,120,120,766,5,5,3,10
420,200,7206399308001339547,0,142,142,747,3,6,3,17
421,200,-4702905487158716851,0,128,128,739,2,6,4,16
422,200,1597001207848986596,0,145,145,754,3,6,3,15
423,200,-5991885943191703198,0,121,121,745,3,3,2,8
424,200,8732933234154285690,0,157,157,754,9,2,2,4
425,200,-8548631991035879144,0,98,98,760,4,3,1,10
426,200,-8215727050752168029,0,124,124,743,3,5,3,9
427,200,-2619328012761457211,0,139,139,750,4,9,5,22
428,200,182458834583790529,0,150,150,733,4,7,5,13
429,200,-9162346926953260134,0,106,106,764,1,7,4,16
430,200,-1369199353322860385,0,182,182,776,2,7,5,13
431,200,1299309702837331221,0,149,149,762,1,9,7,21
432,200,7441283111589658382,0,147,147,744,2,4,1,11
433,200,-1384188605853914951,0,163,163,738,3,7,3,17
434,200,3640669997955440048,0,163,163,765,1,4,2,8
435,200,7981275472775572993,0,139,139,746,4,3,1,9
436,200,8283764711150764307,0,124,124,766,3,4,2,9
437,200,-2352370805791922799,0,147,147,782,3,4,2,9
438,200,-5147310076202069759,0,110,110,779,3,3,1,12
439,200,-9201325968796251985,0,110,110,765,2,5,3,10
440,200,655144395457361685,0,136,136,742,2,6,5,13
441,200,3908628233485368304,0,117,117,743,6,4,2,9
442,200,4259219119874400913,0,164,164,779,2,6,3,16
443,200,6492006978787436854,0,127,127,761,3,4,2,5
444,200,5824038880760083823,0,167,167,756,5,4,3,7
445,200,4287545667298051289,0,162,162,755,6,5,4,8
446,200,7863954918594178741,0,134,134,770,2,4,2,13
447,200,2259789538798252579,0,140,140,764,2,7,4,15
448,200,-6583220104838502899,0,165,165,751,4,4,2,12
449,200,-8309676404741965054,0,139,139,763,5,4,2,12
450,200,2397235078220737684,0,132,132,738,3,5,3,8
451,200,4699390104985784056,0,160,160,777,2,6,3,12
452,200,-8655620574724659470,0,155,155,740,2,4,2,12
453,200,8012186223757638997,0,149,149,764,4,6,3,16
454,200,2749848532295906474,0,126,126,763,1,7,4,14
455,200,-1013635701383389528,0,100,100,748,4,7,4,21
456,200,7094131107054975154,0,136,136,737,5,3,1,6
457,200,67079307814084979,0,145,145,747,1,4,2,11
458,200,1802229122610337605,0,128,128,755,1,7,4,22
459,200,-2622746272502387171,0,139,139,759,1,3,1,6
460,200,-3949227922422858504,0,106,106,771,1,3,1,6
461,200,-4289042721400056276,0,152,152,750,4,9,8,20
462,200,-7289428355998612725,0,141,141,725,4,2,1,7
463,200,-241695527116750157,0,143,143,738,3,4,2,12
464,200,-6364886391143316223,0,123,123,739,1,2,1,6
465,200,-2273530337300556280,0,150,150,750,7,2,1,6
466,200,-8688392759291413645,0,150,150,759,1,3,2,9
467,200,-6279954669395217222,0,145,145,735,5,6,4,15
468,200,-5304247503455899616,0,159,159,731,2,3,1,10
469,200,708007719791634881,0,140,140,760,3,7,3,14
470,200,505129841863794503,0,162,162,764,5,2,1,6
471,200,1287486904444099063,0,171,171,723,1,3,1,10
472,200,5096072508755630648,0,132,132,728,4,3,2,8
473,200,8742498532144020167,0,169,169,759,1,5,3,12
474,200,-7625610483566936280,0,153,153,752,5,4,2,10
475,200,7380182592402866211,0,126,126,739,1,9,6,16
476,200,-7781326526565967291,0,143,143,762,1,4,2,11
477,200,8945088625879987643,0,130,130,774,3,9,7,19
478,200,7601489115278246922,0,146,146,746,3,4,1,8
479,200,-8388658742111897749,0,156,156,750,2,8,5,14
480,200,8620979480002941139,0,166,166,739,5,6,3,16
481,200,2924365767143193844,0,131,131,764,4,4,2,11
482,200,-1953688382615706189,0,159,159,728,1,4,2,5
483,200,-5771253704239338258,0,166,166,774,4,2,1,4
484,200,-7778348975659547003,0,168,168,767,2,9,7,24
485,200,9190655018936085245,0,146,146,745,4,4,2,12
486,200,4091395485076812097,0,127,127,742,2,7,3,17
487,200,8955899908250686786,0,123,123,762,1,5,2,12
488,200,-3961763867478205808,0,138,138,741,5,4,3,10
489,200,-3767739475351788267,0,145,145,746,2,4,3,9
490,200,-7390507330521440351,0,140,140,780,3,10,8,19
491,200,8271665169127991024,0,92,92,746,2,6,4,12
492,200,691807103339905341,0,131,131,771,2,3,2,5
493,200,6915051682548907437,0,142,142,758,6,2,2,4
494,200,-1214507360614351848,0,157,157,754,1,4,1,12
495,200,2297474915129042164,0,133,133,745,4,2,1,5
496,200,8835966317586977386,0,143,143,750,4,5,2,12
497,200,-1261574111467706642,0,134,134,757,7,6,5,15
498,200,5771867014127409854,0,145,145,772,3,5,2,9
499,200,2215001555593705790,0,126,126,754,1,7,4,15
500,200,1631183689968052234,0,143,143,759,1,7,4,19
501,200,-7895992092184021712,0,133,133,727,1,7,4,18
502,200,1090010200436399870,0,128,128,753,1,3,1,9
503,200,-7666429517588455629,0,127,127,757,8,3,2,9
504,200,-963728968369320800,0,142,142,728,5,3,3,5
505,200,5625747461391298948,0,147,147,774,2,6,3,20
506,200,-6007433476670008808,0,172,172,760,4,5,3,14
507,200,-4943281702996779476,0,109,109,749,1,7,5,16
508,200,-6558658218656286264,0,160,160,735,6,4,2,11
509,200,3468304562144377900,0,149,149,746,7,3,1,6
510,200,-9122018711400068705,0,111,111,770,2,3,1,6
511,200,3167657053855978485,0,140,140,783,1,6,4,12
512,200,4502928103781623471,0,145,145,742,7,2,1,5
513,200,-8479868467629211875,0,147,147,767,6,2,2,4
514,200,-8272831089411465732,0,127,127,751,1,8,6,12
515,200,5528419593055883088,0,125,125,751,5,6,3,10
516,200,-4946096044363225450,0,109,109,755,4,9,6,23
517,200,-6602694869557219196,0,155,155,747,1,7,5,24
518,200,7860098468719243497,0,144,144,760,4,2,1,6
519,200,-4059373647691924880,0,189,189,734,4,7,5,21
520,200,-3422683990109087918,0,170,170,773,5,4,2,8
521,200,2191833176427652414,0,162,162,777,1,8,6,18
522,200,2320977485372998646,0,145,145,734,4,4,2,8
523,200,3372472370515219838,0,133,133,753,2,2,1,5
524,200,9196961642534035407,0,134,134,750,5,3,2,7
525,200,-4174276368278457506,0,132,132,771,2,2,1,9
526,200,-1490086673694351609,0,133,133,770,3,5,4,8
527,200,3359944516664099096,0,166,166,743,1,10,7,23
528,200,-1519119564038422904,0,103,103,736,6,2,1,5
529,200,-449277456985955157,0,135,135,747,6,3,2,9
530,200,6780643421540107987,0,155,155,760,4,4,3,15
531,200,5924391909141584077,0,145,145,745,3,3,1,10
532,200,8585930323063154705,0,113,113,753,8,2,2,6
533,200,-3009956243572934369,0,130,130,762,4,3,1,10
534,200,3993718459332363111,0,120,120,730,2,4,2,9
535,200,4606419796508958114,0,129,129,747,3,7,4,16
536,200,7622991739202647438,0,145,145,762,2,8,5,20
537,200,5915879600702503273,0,125,125,754,1,3,1,7
538,200,-6349218183755991390,0,143,143,739,4,4,3,6
539,200,-9086540292151381872,0,113,113,745,2,5,3,10
540,200,-3007621923965492423,0,138,138,743,4,4,3,10
541,200,2020590165834619244,0,122,122,725,4,6,2,16
542,200,4341795819650122423,0,190,190,776,2,6,5,11
543,200,7047391059534322947,0,166,166,757,3,3,2,6
544,200,-2565509465519120673,0,142,142,750,2,4,2,12
545,200,-8653051245477401922,0,159,159,754,1,5,2,14
546,200,-8379104972864094035,0,162,162,771,3,7,3,22
547,200,1982502622682297180,0,137,137,769,1,8,4,21
548,200,-1158146048972036508,0,153,153,754,1,5,2,13
549,200,1716943521475895082,0,167,167,757,7,4,2,8
550,200,-6912001651674790174,0,140,140,747,2,4,3,9
551,200,-5859909968547040400,0,153,153,743,3,6,3,19
552,200,2257743539211220538,0,142,142,758,1,6,4,12
553,200,3900783325912324910,0,140,140,741,1,5,3,9
554,200,-1134117603461365884,0,141,141,784,1,6,4,15
555,200,-2064035397229263096,0,105,105,755,2,3,1,10
556,200,1624125300673906670,0,164,164,742,1,10,6,20
557,200,-8812065308697732994,0,139,139,745,2,4,1,11
558,200,-5780653784626049257,0,140,140,770,1,9,5,16
559,200,-6183573279048922017,0,138,138,776,1,6,1,16
560,200,-1712187466088734564,0,105,105,749,3,5,3,12
561,200,-4175816567338788737,0,130,130,749,3,4,2,7
562,200,2883006854819662578,0,142,142,748,1,6,4,11
563,200,-2538731276127981401,0,152,152,748,2,5,2,14
564,200,9138127877884768117,0,150,150,742,6,2,2,2
565,200,-6265045117529938228,0,131,131,758,2,3,1,8
566,200,-3856577742269202495,0,128,128,751,4,4,2,7
567,200,-8703444824833926524,0,141,141,756,1,2,1,4
568,200,-852699686322455488,0,104,104,744,2,8,5,20
569,200,2343581861657226165,0,156,156,751,2,6,4,10
570,200,-5948030483708983292,0,141,141,776,1,5,2,9
571,200,5768996791695729807,0,137,137,775,1,11,6,28
572,200,-729263075550616105,0,157,157,748,3,8,4,16
573,200,-7371227935676969285,0,131,131,762,7,3,2,11
574,200,3353965954389095055,0,134,134,746,1,3,1,5
575,200,5186073235412707284,0,127,127,737,3,3,2,12
576,200,-3920871824556724059,0,131,131,769,1,5,3,11
577,200,6158644969080056086,0,144,144,738,2,3,1,5
578,200,-8563106058492724984,0,113,113,759,3,5,3,16
579,200,7419094898876356180,0,147,147,771,4,2,1,4
580,200,8895267235172984111,0,161,161,754,2,6,3,16
581,200,-8363620574915098577,0,144,144,746,2,5,3,10
582,200,5258381791508727405,0,117,117,748,3,3,1,6
583,200,4687353338123085188,0,157,157,778,6,4,2,17
584,200,4542484101697404552,0,128,128,746,3,6,4,13
585,200,5950062684538421286,0,160,160,760,1,5,3,7
586,200,-6719756618498863733,0,164,164,752,4,3,1,10
587,200,617350330728548556,0,127,127,778,4,5,2,13
588,200,1238229920545614043,0,148,148,742,4,4,3,8
589,200,5490973947136200269,0,121,121,754,3,4,2,10
590,200,-1716042895111245945,0,136,136,758,3,8,5,23
591,200,-3996769956044063734,0,115,115,748,1,10,5,26
592,200,3993520891512639460,0,146,146,755,5,9,7,18
593,200,166748145512450986,0,153,153,729,4,2,1,6
594,200,9058053103947821657,0,143,143,746,1,5,4,11
595,200,-2462161291655913972,0,138,138,747,2,6,3,12
596,200,5778042927352741239,0,73,73,757,4,5,3,12
597,200,7470778025340776313,0,129,129,759,3,3,1,6
598,200,-922914274036021428,0,149,149,745,1,5,3,14
599,200,1880401453447469849,0,141,141,753,4,6,4,18
600,200,4965927256785733624,0,113,113,713,4,4,1,9
601,200,7797723438811046312,0,154,154,759,2,6,4,11
602,200,2536152855971783040,0,151,151,753,1,6,2,13
603,200,-6374297127422597271,0,107,107,764,1,5,1,10
604,200,-7666589740181892894,0,147,147,766,6,2,1,2
605,200,-5008688377284813478,0,139,139,755,4,4,2,13
606,200,-8778520098460427160,0,138,138,752,3,5,2,8
607,200,-5107018797172291160,0,126,126,782,2,6,4,10
608,200,2562834987466167105,0,145,145,746,2,3,1,7
609,200,-5808763365851307163,0,117,117,745,1,7,3,18
610,200,4153853966842032717,0,159,159,747,1,5,2,7
611,200,5680031095572755831,0,173,173,738,3,5,3,18
612,200,-2924816978135219657,0,121,121,768,3,4,1,8
613,200,6686015133283433683,0,168,168,758,4,7,4,15
614,200,-7679288335379758392,0,134,134,761,9,2,2,8
615,200,-2747723841879853589,0,152,152,760,5,3,1,5
616,200,4358325120334329722,0,137,137,747,2,6,3,14
617,200,-1129544715355091611,0,151,151,746,3,7,5,17
618,200,-8409524851261757108,0,164,164,759,3,4,2,8
619,200,6427127429581613068,0,144,144,763,2,6,3,9
620,200,8236277473930342868,0,124,124,755,6,2,1,5
621,200,2848785449183786507,0,134,134,742,2,12,8,26
622,200,8626997488584336282,0,129,129,748,5,5,3,12
623,200,-7308515258248018600,0,127,127,745,5,5,3,16
624,200,-6722911480423832670,0,118,118,744,2,5,4,9
625,200,-7856483833668040851,0,135,135,751,1,4,1,10
626,200,8978738451720472650,0,137,137,750,5,5,4,11
627,200,-6265477635242770883,0,138,138,731,9,3,3,7
628,200,-9097117299982184106,0,115,115,762,3,5,3,12
629,200,5339019673633817701,0,168,168,775,3,5,3,9
630,200,-502036819416806071,0,131,131,759,6,6,5,12
631,200,1561971706495820962,0,108,108,773,2,2,1,6
632,200,4227131803367833590,0,127,127,762,1,6,3,13
633,200,6488321475945100419,0,109,109,769,9,3,3,9
634,200,3716572881105624661,0,134,134,746,4,4,2,7
635,200,-5494099562871396769,0,159,159,764,3,4,2,8
636,200,-7839981341878619238,0,152,152,756,2,6,3,9
637,200,-6229012718151743864,0,100,100,754,1,9,6,20
638,200,-2978443752059747453,0,119,119,756,1,6,3,14
639,200,-7640069707987232832,0,147,147,756,2,4,3,7
640,200,-189984639016206863,0,161,161,766,1,7,4,13
641,200,4946257041899733739,0,129,129,747,5,3,1,10
642,200,8138681787831965626,0,140,140,761,3,11,8,23
643,200,-7623752017310806522,0,165,165,742,3,4,2,7
644,200,-4224969475637896003,0,159,159,767,2,4,2,16
645,200,204985370822053463,0,130,130,742,1,6,3,9
646,200,-4194619193996013770,0,159,159,761,3,5,3,9
647,200,8490203674349717990,0,154,154,751,3,2,1,6
648,200,-8638696633206347694,0,112,112,732,1,7,4,22
649,200,4835106508989037611,0,148,148,754,2,4,1,10
650,200,6648830967865822725,0,138,138,761,7,3,3,6
651,200,-5700860634815221240,0,90,90,756,6,6,5,16
652,200,-6575713810337443301,0,157,157,739,2,6,2,16
653,200,619190220508180728,0,119,119,761,4,6,2,15
654,200,7301667116721720973,0,155,155,766,5,4,2,8
655,200,8242008095891398025,0,120,120,751,2,5,2,9
656,200,7635364343554618133,0,135,135,758,3,3,2,8
657,200,2025685544460719367,0,118,118,781,1,5,2,8
658,200,-4329622861373073404,0,140,140,749,1,8,6,17
659,200,-5438836071455871367,0,193,193,768,2,3,1,8
660,200,6210266950577433171,0,120,120,749,1,6,4,16
661,200,-737200404888611119,0,138,138,762,5,9,8,24
662,200,-4878756662982392585,0,115,115,734,3,6,4,15
663,200,8920886268423552094,0,153,153,756,1,5,2,15
664,200,-2324307382672929928,0,129,129,749,3,8,6,22
665,200,1954913086004804997,0,117,117,777,1,6,2,13
666,200,-7932264662440699452,0,125,125,772,5,3,2,6
667,200,5198551810820542127,0,115,115,759,1,2,1,6
668,200,-2257887682256921280,0,131,131,746,1,6,3,12
669,200,5626471401692564357,0,152,152,743,2,6,2,17
670,200,2697373206631541535,0,120,120,732,1,7,4,15
671,200,5441517379930580826,0,144,144,751,1,4,2,10
672,200,-1168719844135278601,0,145,145,772,1,9,4,20
673,200,6991120936320905449,0,155,155,741,2,3,1,11
674,200,8557586989733303441,0,153,153,767,4,3,2,7
675,200,-5638650774096782017,0,113,113,754,3,4,2,7
676,200,-6400752778337954816,0,147,147,751,2,4,1,9
677,200,-4240623976175989254,0,124,124,758,9,1,1,2
678,200,-3937985564545138956,0,129,129,766,9,1,1,1
679,200,5294667334917359283,0,152,152,748,1,4,2,12
680,200,1600794599869634639,0,144,144,752,3,7,4,16
681,200,-1153470376203876936,0,120,120,747,3,3,1,8
682,200,793572195422091000,0,131,131,755,3,3,2,6
683,200,3057293731646731262,0,124,124,740,3,6,3,16
684,200,7186387117676820719,0,149,149,762,1,6,2,19
685,200,-8832646481396522923,0,135,135,781,3,7,4,17
686,200,573150642495198114,0,150,150,766,2,3,1,6
687,200,-8542329088232195619,0,112,112,742,2,9,6,19
688,200,-937582461077236354,0,89,89,758,3,8,6,19
689,200,-3763007203866378824,0,135,135,754,2,5,3,12
690,200,-1665919282313794360,0,158,158,751,2,8,4,17
691,200,-4103793045378020352,0,108,108,763,4,4,2,11
692,200,3789201073447339948,0,139,139,777,8,2,1,7
693,200,5756727727777323003,0,156,156,759,7,3,2,12
694,200,8238891411495018902,0,159,159,740,3,2,1,7
695,200,-1635595208993380467,0,126,126,750,2,4,3,6
696,200,-6164135865759968832,0,122,122,764,2,5,3,10
697,200,-4100362900003531282,0,137,137,734,6,1,1,3
698,200,9125143586066968331,0,143,143,758,2,5,3,9
699,200,2191588464847179164,0,129,129,729,3,5,2,15
700,200,-8322353781072388845,0,147,147,747,3,3,1,12
701,200,3281640547462770065,0,138,138,744,4,4,2,11
702,200,3892692370344515197,0,151,151,754,3,4,2,7
703,200,-7399693291743179336,0,157,157,765,7,3,2,11
704,200,-1610791526232962926,0,118,118,753,3,7,5,11
705,200,-2927663709528615267,0,150,150,773,6,3,1,8
706,200,-7281611839672380399,0,133,133,767,2,4,2,10
707,200,1583135794432778340,0,133,133,758,7,3,1,7
708,200,1674279721760311104,0,130,130,751,2,10,7,19
709,200,-6082288165486424836,0,146,146,762,1,4,1,10
710,200,1917131537105642820,0,134,134,767,1,5,2,14
711,200,-7530555278359391852,0,146,146,747,6,5,3,11
712,200,-4672151539449229646,0,128,128,747,7,5,3,8
713,200,555994956041708365,0,134,134,725,1,9,6,23
714,200,-858479477806375067,0,110,110,744,8,3,2,8
715,200,9079781933193493296,0,154,154,753,4,8,5,15
716,200,-2082298428142365295,0,170,170,754,6,5,4,15
717,200,-2631853359219137183,0,138,138,745,1,4,2,9
718,200,8272108122645894680,0,137,137,758,6,6,4,15
719,200,-1804644792757170283,0,130,130,749,7,2,1,9
720,200,-5064672959663660516,0,130,130,750,3,4,1,8
721,200,7219511737277237953,0,152,152,753,3,4,1,9
722,200,3101419038066758100,0,169,169,746,1,5,3,9
723,200,7377788135683617811,0,98,98,753,2,12,7,20
724,200,6970640389417347235,0,153,153,757,6,2,1,6
725,200,-8098276914537826011,0,138,138,743,5,5,4,8
726,200,-6784287251333163418,0,117,117,780,3,4,2,10
727,200,-8341414928140162192,0,122,122,782,4,2,1,5
728,200,-193981059351578099,0,116,116,744,6,3,1,5
729,200,8525489991394072318,0,128,128,741,5,5,3,10
730,200,829276838110460268,0,119,119,726,2,8,6,15
731,200,6109414502816862307,0,114,114,762,5,4,1,6
732,200,717373498097271379,0,137,137,755,1,4,1,7
733,200,-8219475623683346963,0,112,112,739,2,5,3,14
734,200,1611192206832666843,0,131,131,734,7,6,5,18
735,200,-7515601645813833702,0,148,148,727,1,9,7,21
736,200,4616027628173645570,0,129,129,731,5,3,1,12
737,200,3159937691045338442,0,155,155,741,4,2,1,6
738,200,704969445051236730,0,134,134,751,3,2,1,9
739,200,-4219457174414863179,0,139,139,765,1,5,2,14
740,200,-4555937777064946243,0,126,126,760,2,6,3,19
741,200,-5681405390757585762,0,137,137,762,1,7,4,18
742,200,-2630460332156054172,0,124,124,736,1,3,1,6
743,200,-4114903090789658680,0,132,132,741,5,5,3,8
744,200,-2330373555703934279,0,105,105,740,3,3,1,11
745,200,4673908465503604265,0,162,162,732,1,9,6,22
746,200,4578111394877702794,0,114,114,760,2,4,2,12
747,200,-6957574278587181859,0,141,141,729,1,5,3,13
748,200,4003786049401558848,0,152,152,755,4,3,2,10
749,200,3592986233089040733,0,127,127,737,3,5,2,13
750,200,2419619277793114415,0,106,106,756,4,8,5,20
751,200,-8792027644306631696,0,146,146,758,1,8,3,19
752,200,-9189503949451792338,0,143,143,756,4,3,1,8
753,200,-8790022744064735904,0,153,153,778,1,6,3,13
754,200,7527975708339589738,0,162,162,754,3,3,1,8
755,200,-8827203254327786511,0,132,132,763,2,2,1,8
756,200,-911420653835056009,0,146,146,769,1,3,1,9
757,200,-8047784705244206194,0,119,119,755,6,3,2,5
758,200,6851519547912541863,0,129,129,765,6,4,3,12
759,200,6497175321026858309,0,150,150,735,5,5,2,10
760,200,-1781767952397210721,0,134,134,759,1,13,8,27
761,200,-7194196643684967947,0,152,152,755,1,4,1,8
762,200,-6924096408651377626,0,107,107,755,1,5,3,12
763,200,3188143530024043590,0,143,143,734,2,3,1,6
764,200,-5097771795945448384,0,132,132,764,5,3,2,7
765,200,-2879779816402793000,0,126,126,754,3,5,3,12
766,200,-1512512430590179973,0,156,156,747,2,3,1,4
767,200,-137734319784184898,0,153,153,745,4,5,3,11
768,200,-97253082904982904,0,145,145,753,8,3,2,5
769,200,-130114716305478099,0,164,164,747,3,6,4,10
770,200,-2290761710654142452,0,154,154,759,5,3,2,8
771,200,2239006509502019440,0,140,140,733,4,3,2,6
772,200,8651133502603861688,0,153,153,764,1,3,1,6
773,200,3903283307883040287,0,158,158,728,9,2,2,2
774,200,3577880227487621783,0,104,104,752,3,5,3,11
775,200,-5093040269901207921,0,157,157,755,1,4,3,6
776,200,4107852913113443238,0,103,103,776,1,8,5,20
777,200,8225596696272879500,0,169,169,755,2,3,2,10
778,200,-8853890235031118935,0,130,130,755,3,3,1,6
779,200,-7173034446263890363,0,127,127,722,6,2,1,7
780,200,-76374265160749764,0,120,120,768,5,4,3,10
781,200,1988824082467927431,0,145,145,748,1,3,1,11
782,200,-1962233599402074073,0,118,118,758,3,4,2,9
783,200,-4913695286534046674,0,113,113,750,1,4,2,11
784,200,-4594394905922447625,0,160,160,735,3,2,1,4
785,200,4222444361552426711,0,128,128,759,2,5,3,13
786,200,5911613344523860425,0,159,159,773,2,9,7,12
787,200,8271804960806803674,0,129,129,740,1,4,2,14
788,200,1320267479660524136,0,127,127,752,3,6,3,13
789,200,7194103254041518199,0,132,132,757,5,5,3,13
790,200,-4026641994589874790,0,141,141,751,8,3,2,7
791,200,-8764551643818143154,0,138,138,737,4,2,1,6
792,200,2596527542970092982,0,136,136,729,5,7,5,15
793,200,-6826919594218997740,0,133,133,758,4,6,4,12
794,200,-4823079973850850694,0,164,164,755,1,5,2,14
795,200,489730088253757059,0,131,131,735,2,4,2,13
796,200,-5773421119804311013,0,108,108,743,3,4,3,10
797,200,4155261230267338386,0,172,172,766,3,3,1,8
798,200,-330164777305796708,0,146,146,753,3,11,8,26
799,200,-6256768559648825882,0,164,164,761,1,5,3,14
800,200,8633697779525851747,0,135,135,760,2,5,3,12
801,200,-5481153512862682489,0,156,156,743,3,3,1,10
802,200,-9217557798315830520,0,130,130,761,2,5,3,13
803,200,-1416435549025876521,0,129,129,776,4,4,2,6
804,200,-7878232968117780112,0,166,166,759,5,3,2,3
805,200,-5580272034045529409,0,143,143,735,3,5,2,12
806,200,-2114092845510090726,0,99,99,766,2,5,3,13
807,200,7008773506911189802,0,150,150,748,7,3,2,12
808,200,1249416590871421112,0,115,115,752,1,6,3,22
809,200,5525289587461976246,0,143,143,752,4,7,5,13
810,200,-5720267782895475199,0,83,83,741,3,6,3,9
811,200,-4979661588885277527,0,121,121,744,1,4,2,8
812,200,5218731115621893829,0,137,137,745,1,3,1,6
813,200,6475334729444770593,0,173,173,763,1,4,2,10
814,200,997950650801794625,0,107,107,772,2,5,3,10
815,200,-2441883868180677233,0,172,172,746,1,7,4,14
816,200,6406274821311802804,0,169,169,753,3,5,2,12
817,200,-4738992337090729883,0,124,124,736,1,7,5,15
818,200,-2330831161671281871,0,150,150,750,7,3,2,4
819,200,460802687263215630,0,158,158,756,3,2,1,6
820,200,7564158801102363063,0,134,134,747,2,5,2,13
821,200,2648120257888651550,0,147,147,752,3,3,2,11
822,200,-4532208821077834114,0,146,146,728,3,6,4,12
823,200,4043394766966587338,0,103,103,762,2,3,2,7
824,200,6646346769445488531,0,164,164,750,7,2,1,6
825,200,-4775130822827210086,0,129,129,776,8,2,2,6
826,200,166594811644143527,0,137,137,760,5,3,2,6
827,200,-6505933228395760548,0,151,151,765,7,3,2,5
828,200,-4554272596639978718,0,143,143,772,2,4,2,11
829,200,-8652608511541776036,0,156,156,759,3,4,2,5
830,200,-132218690150864258,0,138,138,775,5,5,3,8
831,200,7003117984512308177,0,141,141,754,5,6,4,10
832,200,1512063312311877075,0,123,123,742,1,5,2,10
833,200,7110199232971985817,0,132,132,764,2,4,2,9
834,200,2624218924945329581,0,142,142,736,4,4,3,9
835,200,-5795661303037149911,0,119,119,763,1,7,3,17
836,200,9204180384875420965,0,152,152,769,2,6,3,15
837,200,-6334501830604252226,0,119,119,742,5,2,1,6
838,200,3480148326006513967,0,124,124,784,3,3,1,4
839,200,-7469441834072739112,0,163,163,748,2,8,4,21
840,200,-7791341947657881297,0,118,118,774,1,6,3,13
841,200,6208533372828539624,0,138,138,767,4,7,4,16
842,200,2736270323286269138,0,150,150,742,1,6,4,21
843,200,-2953661748661283513,0,124,124,787,1,7,3,15
844,200,-4840264240840944869,0,119,119,749,1,6,4,13
845,200,-2433187147262170262,0,137,137,746,1,4,2,12
846,200,-2625617452749781316,0,120,120,736,3,5,3,9
847,200,2972901159648906580,0,115,115,747,1,3,1,11
848,200,-9115585146415477849,0,155,155,746,2,9,6,28
849,200,-8474167496347032757,0,139,139,756,1,7,6,20
850,200,324834713615739363,0,136,136,753,2,4,2,12
851,200,1179732107970774734,0,149,149,772,2,4,2,12
852,200,-2283476506104036957,0,132,132,770,2,5,2,11
853,200,618605415004559045,0,128,128,756,4,3,1,7
854,200,-1116525566358037357,0,141,141,757,7,2,1,6
855,200,-9157767488421831942,0,159,159,745,1,6,2,12
856,200,-6504065248216170379,0,129,129,753,2,5,1,9
857,200,1402250684060756679,0,151,151,744,2,7,4,17
858,200,8166243931981911788,0,140,140,764,5,7,5,20
859,200,-6357000498665043183,0,125,125,761,1,4,1,12
860,200,-4271185767796932968,0,147,147,755,2,4,2,12
861,200,7020514506693261172,0,123,123,755,2,6,3,16
862,200,-6541761074080704158,0,125,125,762,1,4,1,4
863,200,-2292601268234007873,0,116,116,742,4,3,1,8
864,200,7411278621617810456,0,136,136,742,3,4,2,7
865,200,-408510961777870174,0,133,133,773,2,4,2,5
866,200,-5356899636786748613,0,119,119,761,7,9,7,20
867,200,3613240337070889638,0,167,167,746,1,5,3,11
868,200,-6903427084377763561,0,175,175,743,1,4,2,10
869,200,-3125043248384468388,0,147,147,763,3,5,4,10
870,200,-808187802581370604,0,139,139,774,1,7,4,13
871,200,3855847289713324761,0,153,153,736,1,6,2,15
872,200,8154599158035840076,0,151,151,752,1,4,2,8
873,200,2536057287361656673,0,137,137,745,2,7,5,16
874,200,2713352589099154269,0,155,155,759,4,5,4,15
875,200,121986182723566945,0,157,157,766,1,7,4,12
876,200,492120859338080639,0,118,118,747,1,4,1,15
877,200,932965167853211554,0,124,124,766,3,5,3,10
878,200,2749490683366280408,0,144,144,765,5,4,3,13
879,200,-1835400132900085572,0,134,134,772,1,3,1,10
880,200,-544532904998189042,0,77,77,739,4,4,2,10
881,200,-6917033186577616696,0,139,139,743,1,5,3,13
882,200,-6676749848310281954,0,163,163,758,5,9,7,16
883,200,504570887083367000,0,164,164,773,1,2,1,7
884,200,-7546766209561466516,0,174,174,726,2,6,4,14
885,200,-5613479591278085461,0,132,132,734,1,5,2,19
886,200,-333886308814157030,0,120,120,748,4,6,4,15
887,200,-7872283810477020899,0,138,138,760,2,5,2,12
888,200,4889644907610627996,0,132,132,738,8,2,2,6
889,200,599548626099171804,0,150,150,750,1,3,1,11
890,200,-979640624624254068,0,165,165,747,2,3,1,7
891,200,5155796667806582752,0,133,133,754,2,9,6,21
892,200,2476665614246085562,0,137,137,764,7,3,2,8
893,200,-8027088702960836068,0,134,134,766,3,2,1,5
894,200,7649995767197802375,0,130,130,741,2,8,3,21
895,200,1747196730047461361,0,125,125,770,2,4,2,12
896,200,8477188296496929906,0,150,150,759,1,5,2,17
897,200,-5808987217060802333,0,117,117,752,1,5,2,12
898,200,-2457112558039695629,0,105,105,751,6,4,3,9
899,200,5965616054099352462,0,143,143,747,4,8,6,14
900,200,6848939474762382471,0,145,145,750,5,2,2,4
901,200,-6601415996160262182,0,158,158,736,1,4,2,13
902,200,-68922840897209588,0,174,174,749,1,6,4,15
903,200,7159214853873655917,0,131,131,758,6,5,3,12
904,200,-4657349968775368370,0,133,133,741,2,3,2,11
905,200,-3350441459732316319,0,123,123,747,3,9,6,29
906,200,8131148341427371233,0,107,107,733,2,8,5,19
907,200,6825586665887939126,0,160,160,760,1,3,1,6
908,200,8879440991739560240,0,131,131,774,1,8,3,27
909,200,4550691673206935818,0,119,119,728,2,5,2,12
910,200,5450552045637821398,0,131,131,745,1,6,2,14
911,200,-3287025016480240377,0,139,139,746,5,2,1,5
912,200,8346174039730944556,0,92,92,771,1,8,6,18
913,200,1273047588930411036,0,129,129,740,1,6,3,8
914,200,-4418513396402947038,0,158,158,757,4,3,2,9
915,200,-791457963442133010,0,149,149,756,4,6,3,13
916,200,1942771417557356626,0,164,164,762,4,6,5,10
917,200,-4358639224225929711,0,143,143,760,1,5,3,11
918,200,111621447588283730,0,165,165,748,1,5,2,11
919,200,3916994937685176178,0,120,120,767,3,5,3,14
920,200,-6367999184089887671,0,143,143,768,5,6,4,11
921,200,-2274042634679846632,0,146,146,750,4,3,1,3
922,200,1778144181136820420,0,149,149,760,3,5,2,7
923,200,6456304274742237195,0,124,124,753,4,2,1,6
924,200,-7588905468831430198,0,118,118,744,7,3,3,10
925,200,-5917230197456325997,0,142,142,751,5,4,2,8
926,200,-7314044793876955091,0,139,139,763,2,4,1,11
927,200,-5060935943969533787,0,134,134,747,2,6,3,14
928,200,5862586573937673762,0,136,136,750,2,5,3,14
929,200,-6548096243369410662,0,103,103,763,2,5,1,16
930,200,6713037904953920532,0,147,147,763,2,5,3,17
931,200,1427301075538689314,0,149,149,762,1,5,3,8
932,200,-8532264004061675852,0,158,158,749,4,5,4,9
933,200,-2006012116514529929,0,151,151,754,4,3,2,3
934,200,-5840885685564491180,0,100,100,750,1,4,2,12
935,200,3913393184130638037,0,140,140,762,2,6,4,16
936,200,1905907169395285877,0,115,115,749,4,3,1,10
937,200,-4454314930156213208,0,140,140,749,1,3,2,10
938,200,3292537267123379358,0,157,157,738,2,10,6,19
939,200,4829725669912975623,0,175,175,740,4,8,6,17
940,200,85444404320780654,0,145,145,755,5,3,2,5
941,200,-8851982633404624671,0,150,150,754,8,2,2,2
942,200,6631728651434028788,0,123,123,768,4,3,2,9
943,200,-4417045326521047179,0,110,110,752,3,4,2,9
944,200,5881705996884769086,0,145,145,764,2,5,3,12
945,200,-3608538843761088377,0,128,128,751,2,2,1,6
946,200,78766780709244463,0,104,104,747,2,3,1,9
947,200,-6351966363755492144,0,144,144,733,1,7,5,13
948,200,-2382334886316001899,0,134,134,759,3,3,1,6
949,200,-5708967194040972747,0,149,149,763,4,5,2,13
950,200,6484214771448348283,0,177,177,751,6,5,3,6
951,200,-9118891025772547268,0,125,125,755,2,4,2,9
952,200,-5761906694678565446,0,140,140,744,2,7,4,15
953,200,-7461376367919392325,0,168,168,748,7,3,2,5
954,200,2766036825642385878,0,141,141,735,2,6,3,19
955,200,-8447980701651293999,0,144,144,774,4,5,3,12
956,200,4403096252583174150,0,119,119,746,2,7,3,16
957,200,143774754669439514,0,176,176,728,6,2,1,6
958,200,-6641775465730408812,0,139,139,737,2,4,2,10
959,200,-455879772917634531,0,124,124,760,1,5,3,16
960,200,-2160276858021289881,0,164,164,738,2,3,1,4
961,200,-2888376958802956279,0,130,130,743,8,5,4,9
962,200,-7088795349768948258,0,129,129,746,2,14,9,25
963,200,-1633618206112039775,0,127,127,758,1,4,1,8
964,200,-1752422861594364194,0,152,152,744,1,3,2,9
965,200,-5505120117921741709,0,135,135,753,1,6,2,15
966,200,-3347739301918488018,0,138,138,741,7,3,2,5
967,200,-9012619734774884017,0,121,121,760,1,6,3,17
968,200,323256161141984769,0,130,130,752,4,3,2,10
969,200,-7785039618417985801,0,119,119,744,4,8,7,18
970,200,835429443500234196,0,149,149,785,3,7,4,13
971,200,-7860557026053019885,0,138,138,757,3,4,2,7
972,200,4214623409899794810,0,109,109,748,3,5,3,18
973,200,-6293545936533688217,0,99,99,738,8,5,4,13
974,200,-8819186011205643916,0,154,154,739,1,8,6,20
975,200,-8284106416513448633,0,183,183,748,2,4,2,10
976,200,-8649246020755628922,0,161,161,755,1,6,3,12
977,200,-6232834317051517623,0,171,171,767,6,4,3,10
978,200,5291590041945213574,0,141,141,755,3,4,2,5
979,200,2153692596343432764,0,143,143,763,3,7,5,21
980,200,-761921353558337418,0,153,153,769,2,3,1,10
981,200,-3329607183727716263,0,161,161,766,2,6,4,17
982,200,-8147288770007275051,0,158,158,761,2,3,1,9
983,200,-3677107538178786888,0,134,134,773,2,4,1,9
984,200,3047758408352983857,0,175,175,757,3,3,1,9
985,200,-19097507581317883,0,132,132,756,1,5,2,8
986,200,5845874269021112833,0,134,134,769,3,6,3,15
987,200,-2421894982000957581,0,140,140,757,3,3,2,8
988,200,-2894943087567104591,0,165,165,756,5,3,1,10
989,200,-6326687444997273105,0,93,93,761,3,4,1,7
990,200,-6906504183536083459,0,153,153,744,3,11,8,36
991,200,-7515308229624325735,0,163,163,744,2,6,4,11
992,200,-582016864485956991,0,154,154,757,2,4,2,13
993,200,5146392891201211247,0,143,143,759,1,5,2,15
994,200,-8655563619588036719,0,120,120,744,3,3,1,7
995,200,5156644492374579019,0,147,147,761,2,3,1,7
996,200,1439506133565719622,0,128,128,746,4,5,2,8
997,200,-5227798666547100145,0,155,155,773,6,3,2,6
998,200,-4802585894114460200,0,163,163,768,5,6,5,14
999,200,-856790661613719778,0,136,136,748,3,3,1,9
1000,200,-8799678523336260557,0,115,115,755,3,3,2,10
1001,200,6732626489464199437,0,138,138,728,1,3,1,6
1002,200,-6383693105471872061,0,139,139,756,2,3,1,7
1003,200,6942090501196132762,0,145,145,740,1,6,3,11
1004,200,-1456245903900049261,0,171,171,747,6,2,1,7
1005,200,8001095623539871964,0,175,175,764,3,6,3,17
1006,200,-4528614177208504683,0,146,146,766,3,3,2,11
1007,200,3232519856667130812,0,156,156,777,1,9,5,25
1008,200,-3070947293332735165,0,171,171,765,2,4,3,5
1009,200,-6227264637878675037,0,139,139,764,4,6,5,14
1010,200,-4099688373389263770,0,128,128,742,3,3,1,6
1011,200,3799484143829062004,0,140,140,743,8,2,2,2
1012,200,546388151987976244,0,120,120,734,2,7,4,12
1013,200,-5425503919016869444,0,139,139,768,1,5,2,9
1014,200,-7334280756767425888,0,131,131,774,2,5,3,13
1015,200,-1487854572836370392,0,162,162,761,4,3,2,10
1016,200,-7921350234834654226,0,148,148,749,3,4,2,6
1017,200,1345322954173795383,0,139,139,745,1,5,3,10
1018,200,5051020601252199557,0,157,157,737,2,7,4,13
1019,200,7825883824679633199,0,148,148,712,4,5,3,11
1020,200,6342553262767372808,0,167,167,740,4,4,2,10
1021,200,-1114382013210406060,0,128,128,769,4,2,1,3
1022,200,2457785799934845350,0,178,178,746,2,4,1,9
1023,200,2640078587250963543,0,131,131,750,5,2,1,5
1024,200,-7213723181893663823,0,119,119,786,1,4,1,11
1025,200,6980571961143556877,0,131,131,767,3,6,4,15
1026,200,-7552120598419452819,0,146,146,732,5,3,2,5
1027,200,8145965926271322720,0,159,159,764,3,5,2,7
1028,200,-7767888153162758614,0,125,125,777,5,8,7,28
1029,200,-8373528675032075382,0,134,134,771,4,5,4,12
1030,200,-5867165717251741547,0,147,147,775,4,8,6,19
1031,200,7017196028105623423,0,137,137,757,3,5,3,14
1032,200,981637865570421066,0,130,130,746,2,6,4,15
1033,200,2833964429510609834,0,124,124,746,4,6,5,8
1034,200,3439171565144588716,0,153,153,738,3,2,1,5
1035,200,-3951819986674661924,0,99,99,745,1,9,4,17
1036,200,-6567437160864293383,0,138,138,725,3,7,5,17
1037,200,1986119578363253633,0,125,125,766,6,3,2,6
1038,200,-4740795767239644776,0,119,119,767,2,4,2,15
1039,200,3013847871405572116,0,167,167,738,1,8,3,18
1040,200,3534125156674628789,0,152,152,756,1,6,3,15
1041,200,-8213677231885578540,0,116,116,752,2,5,3,12
1042,200,1894384132857736975,0,118,118,761,8,1,1,1
1043,200,-7536098237957035081,0,130,130,729,1,6,5,13
1044,200,-8232834124708441072,0,159,159,755,5,5,3,14
1045,200,-5756235941824694369,0,145,145,772,1,3,1,9
1046,200,7024329728420815901,0,134,134,757,4,5,2,6
1047,200,-7006579475619093557,0,141,141,728,3,3,2,9
1048,200,1277973419003008815,0,128,128,747,2,5,3,11
1049,200,-7718040004484706161,0,164,164,761,1,2,1,9
1050,200,-1272330123340450654,0,163,163,758,3,4,3,8
1051,200,6956968685859447623,0,133,133,758,6,5,4,13
1052,200,-6476810758797419444,0,108,108,753,4,3,1,10
1053,200,149398515905677193,0,138,138,747,3,3,2,9
1054,200,4698909214634003665,0,152,152,759,2,9,5,17
1055,200,-8606922568908566631,0,126,126,747,4,5,3,13
1056,200,-6952420270146356426,0,124,124,740,4,5,3,12
1057,200,-6245539228022167519,0,160,160,742,2,9,6,15
1058,200,3295862173771206579,0,145,145,751,2,6,4,9
1059,200,-8870121851557014751,0,162,162,768,1,8,4,19
1060,200,3557355491176045516,0,134,134,737,7,3,2,7
1061,200,8525540962409209380,0,124,124,784,4,4,2,8
1062,200,7160397908874648994,0,155,155,738,6,4,2,8
1063,200,7286824065203537843,0,109,109,746,1,8,5,17
1064,200,-7959212594357836666,0,157,157,754,2,6,4,10
1065,200,-6431258457189857266,0,135,135,748,2,3,2,5
1066,200,5268970803393915598,0,139,139,753,2,6,3,14
1067,200,1538566038767874329,0,152,152,771,1,4,2,14
1068,200,-6281129708932056852,0,116,116,745,6,1,1,1
1069,200,3578951060319885716,0,118,118,744,1,3,2,6
1070,200,1104480544257746363,0,149,149,766,4,4,3,10
1071,200,4467729507565012879,0,171,171,768,4,5,2,9
1072,200,8865665732806019100,0,146,146,743,7,4,3,13
1073,200,-7234692759496225252,0,157,157,756,1,6,4,19
1074,200,-3731411600496611903,0,132,132,733,6,3,2,8
1075,200,-1390625027696012731,0,148,148,759,1,3,1,10
1076,200,5165594003619277640,0,139,139,765,5,5,3,10
1077,200,-5379394623994582208,0,102,102,762,2,3,1,5
1078,200,8246958171908118923,0,149,149,750,4,5,3,15
1079,200,5718519570339107297,0,133,133,762,3,3,1,5
1080,200,-4421764348571806666,0,121,121,743,4,3,2,11
1081,200,-1474995500087127217,0,133,133,748,5,2,1,5
1082,200,8287834942137273753,0,121,121,773,1,10,5,25
1083,200,3935592405131901690,0,150,150,759,1,3,2,3
1084,200,-6194976305715196994,0,134,134,758,5,2,2,4
1085,200,-4815646941425506356,0,142,142,755,3,5,2,12
1086,200,-1865641546984774978,0,138,138,750,5,5,3,13
1087,200,-3957391563367661410,0,125,125,761,1,7,5,18
1088,200,7884694481219436624,0,136,136,767,4,7,5,17
1089,200,-6349462870896690195,0,132,132,753,7,6,4,18
1090,200,2944201387159952546,0,156,156,773,2,5,3,10
1091,200,-3669692562611245363,0,134,134,751,1,4,2,14
1092,200,-8065869165155703701,0,139,139,750,1,7,4,16
1093,200,6380081103373014813,0,113,113,742,1,4,2,9
1094,200,-570692594130292671,0,135,135,748,2,7,3,14
1095,200,3662340730263868667,0,164,164,757,1,5,3,14
1096,200,-1256848557280387801,0,135,135,754,4,6,3,15
1097,200,3993392136835630970,0,147,147,754,5,3,2,7
1098,200,3630661425974352490,0,144,144,763,6,4,3,16
1099,200,1535177484479201426,0,145,145,764,8,2,2,4
1100,200,1618909533979508908,0,153,153,750,3,3,2,7
1101,200,8588672039814005847,0,158,158,751,6,4,3,12
1102,200,-7614864417222506944,0,129,129,748,6,7,5,16
1103,200,4333138898364090222,0,129,129,733,5,3,2,9
1104,200,7823889092517389497,0,142,142,743,8,5,4,13
1105,200,-6461858829844553540,0,160,160,750,2,4,2,8
1106,200,245135183795667901,0,147,147,769,1,8,4,14
1107,200,4992898705647100511,0,141,141,760,6,4,2,9
1108,200,-803132156746236642,0,142,142,747,4,3,2,6
1109,200,7111210998766505441,0,151,151,756,1,3,1,5
1110,200,-60639127785910742,0,146,146,747,2,4,2,11
1111,200,110211618544097194,0,162,162,761,2,5,2,17
1112,200,3265837904044378690,0,156,156,747,4,6,4,17
1113,200,3997298756161023415,0,157,157,746,1,12,8,38
1114,200,-9106442101546409303,0,135,135,726,5,5,3,12
1115,200,4232390766128543113,0,160,160,746,8,4,4,8
1116,200,-7824476955222763619,0,121,121,752,1,5,3,12
1117,200,-2470855409592109729,0,92,92,741,1,4,2,10
1118,200,6257381151960753835,0,131,131,740,1,7,4,26
1119,200,1126866584603106470,0,155,155,749,2,7,4,13
1120,200,1837698441809709631,0,114,114,753,3,4,2,12
1121,200,1150913194910244784,0,163,163,758,2,4,2,5
1122,200,-5382085539335872902,0,66,66,747,8,3,2,11
1123,200,5518558546344909476,0,135,135,751,7,3,2,10
1124,200,624671482784415560,0,118,118,757,3,4,2,11
1125,200,-2155059096224649291,0,83,83,750,1,7,3,17
1126,200,252182412836336560,0,117,117,764,1,5,3,13
1127,200,-5956705731370150762,0,118,118,764,2,7,3,16
1128,200,-8580812589907707282,0,147,147,770,7,5,3,17
1129,200,1581396057495880493,0,172,172,764,2,7,4,14
1130,200,2939495373913983934,0,165,165,769,4,2,1,6
1131,200,-4608891839008439930,0,149,149,757,4,6,5,16
1132,200,5792586201417180282,0,171,171,749,1,5,2,9
1133,200,3936580981264004362,0,179,179,766,2,8,5,20
1134,200,3495696532348120679,0,124,124,766,1,3,1,7
1135,200,3883119462233781488,0,136,136,752,1,6,3,18
1136,200,-4013690948890076725,0,133,133,760,2,5,3,9
1137,200,6601370413562122226,0,153,153,761,3,4,2,8
1138,200,8640012168829172802,0,158,158,728,1,6,4,14
1139,200,-3884442785674790588,0,144,144,742,6,4,3,16
1140,200,5521702077710551249,0,145,145,729,1,7,4,23
1141,200,6172059121909485761,0,114,114,734,1,6,4,19
1142,200,1889360912056350011,0,158,158,759,1,6,3,19
1143,200,-8348178119472448921,0,161,161,760,2,3,2,4
1144,200,706940743621812371,0,132,132,758,9,2,2,8
1145,200,-5792977493938734843,0,129,129,728,5,4,3,8
1146,200,-3439520525144486126,0,148,148,756,2,4,2,9
1147,200,5086615683744071730,0,145,145,789,3,4,2,8
1148,200,7056384772072918826,0,143,143,758,1,7,5,12
1149,200,6727570627528520065,0,144,144,736,2,3,1,7
1150,200,221023395596049370,0,105,105,750,4,5,3,11
1151,200,-1174400111393638158,0,170,170,744,3,4,2,11
1152,200,-5679713936597675965,0,135,135,747,2,6,3,20
1153,200,3140198932194360490,0,154,154,762,2,6,2,10
1154,200,7170385800259895420,0,149,149,750,2,6,3,12
1155,200,-8229318390495194138,0,133,133,772,5,4,2,8
1156,200,-4638749136392877151,0,140,140,756,3,4,3,5
1157,200,211495686116768045,0,121,121,757,1,6,3,14
1158,200,-928091632605021390,0,119,119,751,2,5,3,7
1159,200,-4819754570629403707,0,113,113,775,3,3,1,5
1160,200,3203808806696010649,0,126,126,777,8,5,4,16
1161,200,-2733960081695001497,0,155,155,753,2,4,2,4
1162,200,889735465752279564,0,156,156,762,5,2,1,9
1163,200,1258672997076648245,0,146,146,760,2,7,3,18
1164,200,-6532831345610402923,0,124,124,741,2,7,5,19
1165,200,-4511561447043363605,0,137,137,749,4,4,2,12
1166,200,-6703049032228241042,0,131,131,757,3,3,2,8
1167,200,-2154071158883990187,0,122,122,770,2,4,2,9
1168,200,-3857052395360649582,0,147,147,733,1,5,3,14
1169,200,-3705379616097147648,0,139,139,730,3,4,2,12
1170,200,-6372006800599080304,0,179,179,737,1,5,2,11
1171,200,-6163010058012560332,0,134,134,767,5,5,3,10
1172,200,3932361879683534241,0,113,113,759,5,6,3,14
1173,200,-4811429496946760415,0,177,177,749,5,4,1,8
1174,200,3679771980986810877,0,139,139,758,3,3,1,9
1175,200,1067810016233029463,0,120,120,765,6,2,1,5
1176,200,4599198610284576361,0,144,144,751,4,4,2,10
1177,200,4256064938591063675,0,121,121,749,2,3,1,12
1178,200,-2168298873532486124,0,148,148,746,3,2,1,6
1179,200,-4619965560713000905,0,121,121,746,8,4,3,16
1180,200,-5947393842166595165,0,127,127,756,2,5,1,9
1181,200,1573163757953326450,0,115,115,747,5,3,1,8
1182,200,-8045444399008316022,0,140,140,748,2,6,3,18
1183,200,-1366158606745670975,0,149,149,764,2,8,5,18
1184,200,-3772899470973253219,0,151,151,786,3,2,1,7
1185,200,-8826692502342124516,0,140,140,756,4,2,1,4
1186,200,8920498751202782694,0,153,153,734,5,7,6,10
1187,200,-5718730841370585132,0,149,149,765,3,3,1,9
1188,200,-167526545911863112,0,146,146,742,2,3,1,9
1189,200,-7088319112622177084,0,164,164,771,3,8,4,22
1190,200,-6385876235399734780,0,144,144,789,3,10,8,26
1191,200,-1838811258204569658,0,143,143,758,7,2,2,8
1192,200,3233034008258838506,0,143,143,765,3,4,3,15
1193,200,3520911776556307560,0,114,114,742,1,3,1,8
1194,200,4901801235342385299,0,127,127,752,3,7,5,18
1195,200,2928918031305936096,0,140,140,777,3,3,2,12
1196,200,4066152354350202173,0,126,126,759,3,4,2,5
1197,200,3604911191803391292,0,143,143,763,1,8,4,17
1198,200,-4121552073891896681,0,160,160,746,1,6,4,17
1199,200,4831357962732809693,0,143,143,734,1,2,1,5
1200,200,-2790490447760971186,0,101,101,744,3,8,6,18
1201,200,4054708890109503781,0,135,135,752,2,8,4,16
1202,200,5353054008994251239,0,138,138,764,4,6,4,19
1203,200,5367823001861124207,0,168,168,757,3,3,2,11
1204,200,4804564934900992719,0,133,133,767,2,6,2,13
1205,200,3178473560607292479,0,156,156,734,1,5,2,11
1206,200,-3300015444683053136,0,125,125,745,5,6,3,12
1207,200,-6330709677051008070,0,132,132,740,5,3,2,8
1208,200,2814483964762491653,0,108,108,737,1,9,6,21
1209,200,5439386113202358104,0,152,152,747,1,6,4,14
1210,200,764494269719485168,0,160,160,765,2,4,1,5
1211,200,-2983996943219262761,0,177,177,752,4,2,1,5
1212,200,-5879087943402619318,0,144,144,742,4,3,2,6
1213,200,-6694289543443514766,0,112,112,745,1,3,2,10
1214,200,2764375954644150012,0,127,127,752,5,4,3,9
1215,200,4753839048682227539,0,133,133,734,4,2,1,6
1216,200,6492983629788671372,0,106,106,793,2,3,1,6
1217,200,-3198309318623426747,0,154,154,754,2,3,1,9
1218,200,-7877849818404302342,0,133,133,748,2,7,3,20
1219,200,-5125245647351110739,0,151,151,756,5,4,3,8
1220,200,-4026421029547444787,0,151,151,749,7,3,2,7
1221,200,8760920490842923962,0,152,152,739,5,3,1,8
1222,200,5757905197745382248,0,141,141,764,3,3,2,9
1223,200,2296636136372303323,0,142,142,764,6,3,2,8
1224,200,-4186749888688130399,0,126,126,737,2,5,2,10
1225,200,-2947918183887512463,0,137,137,741,5,3,2,7
1226,200,-2159131431974110573,0,140,140,730,1,7,3,18
1227,200,-6483463208340131387,0,142,142,752,1,9,6,24
1228,200,2982369509995860147,0,164,164,767,2,7,4,16
1229,200,7963468470764304188,0,134,134,748,4,6,2,15
1230,200,-768475996314618591,0,135,135,754,4,3,1,10
1231,200,-8311728298425850935,0,140,140,730,5,2,2,4
1232,200,8432707640331007040,0,150,150,740,3,5,4,10
1233,200,1580283872611198370,0,136,136,741,1,11,7,22
1234,200,449312774721250696,0,152,152,760,2,5,2,17
1235,200,-5679469204610888906,0,159,159,769,1,5,3,15
1236,200,7033860870731644826,0,143,143,743,3,3,1,8
1237,200,-6126864919601805475,0,116,116,756,5,3,1,5
1238,200,-7677506044884821612,0,133,133,729,1,4,3,6
1239,200,7778678740967998673,0,99,99,745,3,4,1,9
1240,200,533761832976952742,0,143,143,765,3,5,3,12
1241,200,-629750863883125540,0,144,144,757,3,4,2,9
1242,200,-5492001181944696603,0,156,156,774,1,10,7,27
1243,200,229761239328638291,0,140,140,760,1,8,4,17
1244,200,-8798036549296991138,0,139,139,743,7,1,1,3
1245,200,-8814264461899183678,0,104,104,755,1,9,6,31
1246,200,-346888373450587282,0,141,141,758,3,7,5,24
1247,200,-1901328382552300568,0,156,156,769,1,7,3,19
1248,200,-5182832408218815663,0,133,133,751,2,5,3,12
1249,200,2384051935700485989,0,126,126,755,2,6,4,15
1250,200,6705218915869038583,0,144,144,765,1,7,3,16
1251,200,2042580003210589361,0,144,144,747,1,4,2,10
1252,200,-5110870628604653026,0,157,157,749,3,5,2,12
1253,200,8451812614385526608,0,161,161,763,2,6,4,8
1254,200,-8662325941985367396,0,152,152,736,2,4,2,11
1255,200,-1723845683225939133,0,103,103,748,2,3,1,5
1256,200,-4925045766510399748,0,157,157,785,1,6,3,17
1257,200,-3217566499455908415,0,146,146,727,1,3,2,6
1258,200,580875716266541901,0,144,144,762,3,4,2,9
1259,200,5309728646698450214,0,71,71,731,1,14,10,30
1260,200,-229542298209223371,0,146,146,760,1,10,8,22
1261,200,7672430928030207019,0,113,113,768,5,5,3,11
1262,200,-5445287967080801204,0,106,106,724,2,2,1,4
1263,200,5388020378781883480,0,148,148,744,5,4,1,11
1264,200,7526809245426201511,0,133,133,745,2,8,5,22
1265,200,6862564203398505398,0,119,119,764,5,5,4,9
1266,200,7215050082962725042,0,140,140,778,6,2,1,2
1267,200,3945936179915071943,0,118,118,745,1,7,3,15
1268,200,-2522815049504822462,0,163,163,757,6,4,2,11
1269,200,771505839196551098,0,88,88,758,3,5,3,7
1270,200,7797626354890656489,0,140,140,758,6,3,1,7
1271,200,-7381879360735326246,0,113,113,756,3,3,1,7
1272,200,-2793325855990837876,0,101,101,726,2,11,8,27
1273,200,6036673961109899336,0,165,165,733,2,6,4,17
1274,200,-2273671825590252749,0,127,127,723,4,4,3,11
1275,200,-4255866280702274327,0,147,147,763,6,3,2,11
1276,200,-4174819065004174560,0,172,172,736,1,7,4,13
1277,200,-8872583317994959711,0,153,153,759,2,5,4,21
1278,200,2271102765947805218,0,134,134,724,3,7,3,18
1279,200,-3305473168654936640,0,157,157,757,2,6,4,16
1280,200,-320382635245628886,0,140,140,737,1,4,2,11
1281,200,4082697931727742396,0,160,160,763,3,6,4,11
1282,200,-4285964653107909858,0,140,140,768,2,5,2,13
1283,200,-7981898935588435935,0,133,133,746,3,5,4,17
1284,200,1706917296611745005,0,148,148,768,2,7,3,18
1285,200,-532825923521371964,0,154,154,765,2,5,2,5
1286,200,-5635537848268242205,0,178,178,768,1,6,2,11
1287,200,-7169923662500356802,0,151,151,772,1,7,3,16
1288,200,4238180790381768765,0,164,164,754,4,3,2,10
1289,200,-1126271856792122984,0,154,154,755,1,4,1,7
1290,200,-8393737233416473089,0,170,170,770,1,7,3,18
1291,200,-3342209460688094141,0,183,183,765,5,2,1,3
1292,200,4930317836835779077,0,115,115,755,1,6,4,11
1293,200,-6237016474316485302,0,137,137,737,3,4,2,9
1294,200,-6722652291477177512,0,144,144,746,4,8,5,19
1295,200,-4075111993002373942,0,166,166,755,2,7,5,21
1296,200,4102333514388045763,0,150,150,751,2,7,4,19
1297,200,1913581720553499809,0,169,169,759,1,8,5,19
1298,200,250509657847080613,0,161,161,765,6,4,3,10
1299,200,8280235636126011748,0,120,120,723,4,2,1,5
1300,200,-8100414146911367929,0,151,151,729,1,4,2,11
1301,200,8551335232991329943,0,104,104,759,2,8,5,23
1302,200,1419718511045144304,0,132,132,726,4,4,1,9
1303,200,1297742059810984471,0,133,133,759,1,4,2,9
1304,200,5016298192038924792,0,128,128,729,1,8,4,17
1305,200,1129344984371561178,0,129,129,742,3,3,1,10
1306,200,-1047104250610367206,0,159,159,760,2,3,1,4
1307,200,-6909826445705996581,0,151,151,747,4,3,1,6
1308,200,4198045717955807694,0,129,129,759,7,4,3,16
1309,200,5836673154096038991,0,113,113,758,4,5,3,12
1310,200,-8434612358659524009,0,128,128,758,2,8,5,24
1311,200,-8432542845166947812,0,169,169,762,3,5,3,9
1312,200,-8838614015053217447,0,148,148,761,4,3,2,11
1313,200,5684599874801077131,0,117,117,739,5,3,1,8
1314,200,4292418524596713134,0,151,151,768,6,3,3,7
1315,200,2037125710233738043,0,147,147,739,4,8,5,12
1316,200,3490304718797403513,0,153,153,771,2,9,6,24
1317,200,-6415925690269507240,0,128,128,745,2,3,2,8
1318,200,-7735785885888217222,0,141,141,755,2,4,2,11
1319,200,1109411019217574157,0,157,157,764,4,3,1,8
1320,200,-510385130804264541,0,140,140,742,4,3,2,5
1321,200,8594075869668991287,0,128,128,744,3,3,1,9
1322,200,-2753906236397974036,0,148,148,752,2,6,4,17
1323,200,1724811823445802074,0,117,117,748,2,4,1,6
1324,200,-8697741838106567069,0,138,138,741,4,6,3,17
1325,200,79851474237955032,0,133,133,758,7,2,1,4
1326,200,-6645370056629537402,0,154,154,757,5,7,6,17
1327,200,-5683636036216837537,0,155,155,750,1,3,1,9
1328,200,-2974029887995269164,0,173,173,755,1,5,1,10
1329,200,2680061803237886371,0,137,137,753,1,9,6,26
1330,200,1068314071054359201,0,131,131,741,2,4,2,10
1331,200,7711383318730798925,0,145,145,732,4,4,2,8
1332,200,6745663228815320105,0,133,133,747,7,3,2,3
1333,200,5112768545201589554,0,162,162,781,3,4,2,8
1334,200,-3227575702538848024,0,103,103,747,5,3,1,8
1335,200,1033961437787033799,0,149,149,755,2,5,3,13
1336,200,-1831385164168732120,0,150,150,773,6,3,2,8
1337,200,5555157222775850452,0,110,110,759,2,5,3,12
1338,200,-6209852115316295205,0,134,134,740,2,3,2,8
1339,200,6646003256565086312,0,129,129,738,1,4,2,13
1340,200,-1199425236025129046,0,164,164,738,1,5,2,10
1341,200,7327220144954749452,0,132,132,763,5,5,4,6
1342,200,7507814554282351437,0,117,117,745,7,4,3,11
1343,200,-2077714092858225093,0,127,127,743,4,2,1,7
1344,200,-3368927040713017315,0,120,120,735,2,4,2,7
1345,200,-1412603229909114351,0,149,149,749,6,3,2,6
1346,200,5898773763446220263,0,158,158,759,2,2,1,7
1347,200,6849213542670641985,0,129,129,781,2,7,4,20
1348,200,-1344264314740622590,0,157,157,777,1,6,3,15
1349,200,5883043441340611148,0,121,121,741,3,8,4,17
1350,200,3982192874447713187,0,144,144,768,8,2,1,6
1351,200,6783950257666313199,0,154,154,743,4,4,3,8
1352,200,-7741632156256245137,0,125,125,745,4,5,2,15
1353,200,3010116309081048540,0,134,134,752,1,4,2,6
1354,200,2052424120804361809,0,119,119,729,1,7,4,21
1355,200,8153893954554481325,0,143,143,754,2,4,1,15
1356,200,7647776859820896653,0,126,126,774,1,7,4,18
1357,200,-7237034668310914795,0,127,127,763,5,4,4,8
1358,200,5514599512234978837,0,123,123,752,1,4,2,12
1359,200,67195492304267864,0,135,135,754,5,4,3,9
1360,200,-8267583833758442725,0,136,136,791,1,5,3,12
1361,200,4441781518934868988,0,154,154,784,6,6,5,12
1362,200,-1151874304628817945,0,151,151,776,3,4,2,14
1363,200,29952666507538624,0,110,110,759,3,7,5,15
1364,200,-1370796915653906455,0,158,158,744,1,4,1,12
1365,200,1340142134214874317,0,120,120,763,1,3,1,9
1366,200,8671522445491166225,0,160,160,754,2,4,3,14
1367,200,1574136534225817899,0,128,128,761,3,5,3,8
1368,200,-4079128783488817826,0,126,126,744,3,5,4,13
1369,200,-4904992203969910154,0,123,123,761,4,3,2,8
1370,200,8274238730854040757,0,134,134,748,4,3,1,9
1371,200,-9052890236275022128,0,141,141,772,3,5,2,16
1372,200,8931714167674215411,0,109,109,747,6,3,1,11
1373,200,3175517686679721753,0,173,173,765,1,5,2,7
1374,200,-6819577263552461755,0,150,150,738,4,7,5,15
1375,200,252735000278204253,0,144,144,759,2,5,2,14
1376,200,-8764704259063173706,0,170,170,755,2,6,3,12
1377,200,1737316907333227150,0,142,142,741,3,3,1,8
1378,200,-8612706763085405175,0,174,174,768,5,6,5,19
1379,200,2754844677404980594,0,147,147,742,2,9,7,18
1380,200,-5891553046916035384,0,146,146,760,7,1,1,3
1381,200,3028734167633165534,0,143,143,737,2,7,5,18
1382,200,-215113708661411172,0,135,135,757,5,3,1,5
1383,200,539038638304008996,0,142,142,753,3,6,3,19
1384,200,3869718709103096287,0,161,161,743,7,5,3,12
1385,200,8971349747324645577,0,145,145,747,6,2,2,2
1386,200,-7082437416070997393,0,143,143,765,6,1,1,4
1387,200,5363752923071132795,0,115,115,783,2,4,2,8
1388,200,1694125507625917125,0,152,152,753,8,3,2,11
1389,200,4148485161894487617,0,110,110,760,4,5,1,10
1390,200,-8116916657816008635,0,167,167,751,2,6,2,16
1391,200,2372334780432187892,0,114,114,740,1,8,4,21
1392,200,3701155210824472791,0,141,141,770,6,6,4,11
1393,200,5608590042080683245,0,123,123,755,2,5,2,15
1394,200,4930202167943881141,0,134,134,754,3,3,2,7
1395,200,-7014827833613722881,0,146,146,775,2,7,4,14
1396,200,-7098060028478099578,0,153,153,738,5,3,1,10
1397,200,135232393528280743,0,132,132,749,1,4,2,8
1398,200,-7833845670087078996,0,130,130,767,1,9,6,21
1399,200,3765456728373008514,0,163,163,758,1,5,1,10
1400,200,2647676935227851481,0,174,174,752,1,4,2,7
1401,200,-859285843168884226,0,130,130,749,1,8,5,20
1402,200,-2275817405698015000,0,133,133,768,3,9,6,27
1403,200,1969254283429826388,0,144,144,767,3,2,1,7
1404,200,-8600022133538138646,0,156,156,753,2,6,3,16
1405,200,6706941091059922101,0,107,107,743,3,6,3,18
1406,200,-6039353316142794626,0,133,133,758,1,6,3,18
1407,200,-5703040879084873021,0,155,155,750,1,4,2,12
1408,200,-4084967986333902491,0,134,134,738,5,6,4,17
1409,200,-4501679060008483262,0,135,135,743,3,3,2,8
1410,200,7360610451942562900,0,134,134,750,4,5,3,8
1411,200,4020554381655324431,0,162,162,742,5,9,7,21
1412,200,6989864665280514572,0,146,146,769,6,3,1,6
1413,200,3736222259242875472,0,137,137,746,1,3,1,8
1414,200,141040600348757928,0,145,145,749,3,5,4,8
1415,200,4737284988159896556,0,140,140,750,3,6,3,14
1416,200,7917053215343746869,0,152,152,761,2,8,6,20
1417,200,1238713541076654909,0,131,131,771,9,2,2,4
1418,200,7803019192395859335,0,119,119,743,3,6,4,15
1419,200,563519499830347524,0,122,122,751,3,4,2,10
1420,200,-1721304105624106678,0,123,123,728,3,5,2,16
1421,200,-5419650453317720931,0,151,151,776,1,4,2,4
1422,200,-6312234470492133545,0,142,142,756,2,3,2,10
1423,200,5931571982036838003,0,137,137,762,2,5,2,11
1424,200,-7242054220527910840,0,140,140,779,2,6,2,10
1425,200,-764373046631909963,0,167,167,760,2,11,7,27
1426,200,1240173503789894477,0,131,131,731,1,6,4,10
1427,200,3005903046143415113,0,133,133,731,5,1,1,1
1428,200,-4526923736101789119,0,121,121,782,1,3,1,6
1429,200,6955678865924854784,0,153,153,766,5,4,3,11
1430,200,-934067350384624904,0,130,130,757,3,9,5,21
1431,200,8075753503431879692,0,122,122,754,4,9,7,13
1432,200,7859018432793960922,0,123,123,735,5,2,1,2
1433,200,1129433534012489134,0,152,152,768,7,2,1,5
1434,200,8457109391503509940,0,127,127,756,2,5,3,12
1435,200,-5911813290866417869,0,108,108,761,1,9,6,24
1436,200,-7473066620549659443,0,133,133,756,2,7,5,18
1437,200,-6653106619216245728,0,119,119,724,2,6,2,17
1438,200,-7616674997942174920,0,149,149,746,5,3,2,10
1439,200,-3288722340191930964,0,129,129,752,9,1,1,2
1440,200,-4433792754252139928,0,128,128,738,4,7,5,14
1441,200,7706883565005825646,0,128,128,753,4,4,2,10
1442,200,-3780044170989487607,0,156,156,758,1,4,2,10
1443,200,7012265691479010646,0,146,146,743,1,4,2,16
1444,200,-2750289304246414835,0,123,123,781,1,7,5,16
1445,200,-618447694243216415,0,144,144,751,1,5,2,13
1446,200,-5253060903171875324,0,133,133,749,2,8,4,17
1447,200,-7988504477890616440,0,88,88,768,1,8,4,21
1448,200,6372697588263713200,0,135,135,766,2,4,2,7
1449,200,8139029383660551801,0,154,154,749,4,3,2,8
1450,200,4612698527432164056,0,181,181,759,2,7,5,14
1451,200,2485737422292176776,0,138,138,772,3,3,2,8
1452,200,5403931838864141404,0,153,153,742,1,4,2,6
1453,200,-4465328238241270424,0,142,142,734,2,4,1,9
1454,200,5319527357100011145,0,154,154,747,4,7,4,20
1455,200,6035622096782019861,0,150,150,758,2,7,5,17
1456,200,4902180912038275246,0,168,168,742,6,5,4,20
1457,200,6043714736034873236,0,158,158,734,2,7,3,14
1458,200,4005969580873287663,0,137,137,765,8,2,1,5
1459,200,3193070804123301598,0,127,127,765,2,4,3,7
1460,200,1474207838518200152,0,175,175,777,2,4,1,9
1461,200,8071605242616917529,0,155,155,752,2,4,1,6
1462,200,7038342762359184693,0,146,146,749,6,4,3,9
1463,200,-9167491204199673591,0,127,127,764,1,5,2,10
1464,200,-9170040576814126688,0,152,152,779,2,3,1,7
1465,200,-8836279032310620475,0,125,125,768,1,5,4,10
1466,200,-6372931350750217638,0,151,151,746,6,2,1,6
1467,200,9032671564590662573,0,131,131,736,1,6,2,13
1468,200,1167724424482289630,0,110,110,756,3,7,5,18
1469,200,9157556304055819931,0,115,115,731,3,7,2,16
1470,200,5868812337094004659,0,125,125,731,3,6,3,13
1471,200,4015360564138747224,0,165,165,740,3,4,2,11
1472,200,-9060823160548659199,0,151,151,757,1,5,3,9
1473,200,1424276398353341520,0,130,130,746,4,3,1,7
1474,200,-8684864194726762393,0,117,117,773,2,10,7,25
1475,200,-4166203885609101943,0,110,110,747,2,11,7,26
1476,200,7743979897595741195,0,149,149,746,2,4,3,9
1477,200,8351178034478738129,0,146,146,742,3,5,3,16
1478,200,-4709424615734841102,0,135,135,739,6,4,3,8
1479,200,-7063266267139119305,0,132,132,748,1,8,5,19
1480,200,-370026211286562672,0,131,131,767,1,7,4,17
1481,200,470207692998349755,0,134,134,752,5,4,1,6
1482,200,-7067803992661766750,0,119,119,767,2,8,5,17
1483,200,-8715696563636544696,0,124,124,754,1,4,1,13
1484,200,-1309096751398948036,0,105,105,756,2,2,1,2
1485,200,-898595107061351966,0,118,118,774,4,4,2,6
1486,200,579425933899612445,0,132,132,773,4,3,2,9
1487,200,5157386016840870683,0,106,106,734,1,5,2,11
1488,200,5151284362668992842,0,126,126,755,2,3,1,9
1489,200,1370972767791778763,0,117,117,774,1,6,3,8
1490,200,2959225201728987865,0,118,118,726,4,5,3,12
1491,200,5050991218593243903,0,149,149,763,4,7,4,13
1492,200,8535935798661897741,0,131,131,733,3,4,2,8
1493,200,8774158633083946545,0,132,132,775,4,3,2,7
1494,200,-6874497007032490589,0,143,143,755,1,6,4,11
1495,200,-4245986159573939015,0,144,144,763,2,4,2,9
1496,200,3629003602728436075,0,160,160,760,7,4,2,7
1497,200,4796529311669864067,0,149,149,768,1,4,2,6
1498,200,2610401058709433881,0,154,154,750,3,5,3,14
1499,200,514318523733486082,0,150,150,738,3,4,2,8
1500,200,-9189279807031558564,0,114,114,755,1,5,2,17
1501,200,7285166263071534436,0,150,150,742,4,9,6,23
1502,200,4595336554527193392,0,120,120,745,5,3,1,11
1503,200,-6957411724825624825,0,156,156,769,1,5,2,11
1504,200,-190338011287025296,0,146,146,745,4,5,4,9
1505,200,7108209858398900523,0,138,138,748,2,8,6,18
1506,200,3111548609644155566,0,136,136,748,1,7,5,15
1507,200,7917282628446481639,0,156,156,763,1,10,8,22
1508,200,-4650045955195338938,0,132,132,777,2,4,2,7
1509,200,5875880115548274785,0,136,136,741,3,7,4,17
1510,200,593792230643604400,0,174,174,753,5,2,2,6
1511,200,5399881485343726649,0,126,126,742,1,6,3,12
1512,200,-1949571005324979434,0,139,139,773,2,8,4,17
1513,200,6379066933643056197,0,131,131,749,3,6,3,11
1514,200,4359083551753298214,0,135,135,750,1,10,6,29
1515,200,3724557894466844547,0,112,112,738,1,3,1,11
1516,200,2678286618393742632,0,123,123,753,3,2,1,7
1517,200,-348354378317147317,0,91,91,750,2,3,1,10
1518,200,430846988369707602,0,152,152,749,2,4,2,9
1519,200,-2738590605846268476,0,143,143,762,1,4,2,5
1520,200,-8302046036831692453,0,163,163,762,2,5,1,10
1521,200,-5689929983582723176,0,145,145,771,2,5,2,12
1522,200,-2617908525583571123,0,130,130,728,1,4,3,10
1523,200,-2743570170127092501,0,123,123,750,3,4,2,8
1524,200,-2217323982862244449,0,106,106,765,2,5,3,7
1525,200,2408758486558936456,0,158,158,773,2,5,3,11
1526,200,-6574133112691603582,0,124,124,747,5,3,1,5
1527,200,8731285138263417949,0,144,144,754,7,3,2,7
1528,200,503726402681770107,0,116,116,748,1,6,3,16
1529,200,407198566211587625,0,140,140,747,1,7,4,11
1530,200,6067914540441190449,0,102,102,753,4,3,2,3
1531,200,-4489507710292033677,0,146,146,762,3,2,1,3
1532,200,3182338860365326216,0,131,131,771,1,11,7,25
1533,200,2613625515055249853,0,155,155,783,1,5,2,12
1534,200,3738631406254829,0,147,147,750,3,6,4,12
1535,200,-210926006848792583,0,106,106,753,2,6,3,10
1536,200,7421139395309467123,0,135,135,785,4,5,2,11
1537,200,1141744002453188156,0,147,147,752,2,7,1,13
1538,200,2202606507532788767,0,118,118,748,2,7,4,19
1539,200,1311107829891526833,0,114,114,764,1,10,6,24
1540,200,-1265704836777024769,0,116,116,768,6,2,1,6
1541,200,6050322563352139215,0,156,156,766,5,8,5,17
1542,200,3259594651848962433,0,132,132,785,1,5,2,9
1543,200,814606490555066318,0,169,169,759,2,3,1,7
1544,200,1229262878114062465,0,128,128,746,3,4,2,8
1545,200,-8956834085811259050,0,145,145,777,2,6,3,14
1546,200,-6342095042300643165,0,76,76,761,1,8,4,24
1547,200,1624132398402072953,0,141,141,734,3,3,1,8
1548,200,-7734409253093185182,0,151,151,740,2,2,1,5
1549,200,3223135826883093219,0,126,126,751,3,3,2,6
1550,200,-2210608903905061527,0,151,151,746,2,6,3,15
1551,200,-6381484278149111216,0,116,116,745,4,6,4,18
1552,200,3998626537838415905,0,153,153,750,2,4,2,9
1553,200,776699261056536637,0,125,125,727,4,5,2,9
1554,200,-127754844250464118,0,131,131,753,3,7,5,16
1555,200,-280188145842615838,0,119,119,738,3,3,1,10
1556,200,-6773868945956905650,0,136,136,748,4,3,1,5
1557,200,-639736190020881058,0,135,135,754,2,3,1,5
1558,200,1366914852457100819,0,168,168,751,7,2,1,6
1559,200,3242363067962547508,0,139,139,754,1,8,4,21
1560,200,3919486015086673424,0,135,135,737,2,4,1,10
1561,200,-556451716311888138,0,175,175,752,3,4,2,7
1562,200,2319907447435807715,0,150,150,752,2,8,5,25
1563,200,1904491379872035135,0,132,132,773,2,8,5,19
1564,200,-3344115893609676128,0,145,145,770,1,4,2,12
1565,200,-8777873543949826843,0,132,132,754,1,4,2,13
1566,200,8786690030297471020,0,127,127,753,3,3,1,10
1567,200,-39812806196181649,0,130,130,736,2,7,4,12
1568,200,-4674106696334840628,0,141,141,757,4,7,6,21
1569,200,-8111929789182993212,0,119,119,772,1,4,2,7
1570,200,-832435639383308296,0,143,143,741,4,5,4,13
1571,200,3280673278970551845,0,142,142,744,2,7,4,15
1572,200,-2861824376378110347,0,128,128,753,1,7,4,29
1573,200,890342606415232093,0,123,123,758,5,1,1,2
1574,200,931148967331464610,0,89,89,739,1,6,3,15
1575,200,8734992145285672759,0,175,175,781,3,3,1,10
1576,200,319185035171723281,0,137,137,766,4,3,1,5
1577,200,-781260739330491345,0,119,119,747,3,3,2,7
1578,200,2781274327059877721,0,139,139,769,3,3,1,5
1579,200,3159900570951439979,0,101,101,775,2,4,2,10
1580,200,1682253352248784681,0,136,136,747,9,3,3,9
1581,200,4623962088793770475,0,166,166,749,4,2,1,5
1582,200,-2395089665221993056,0,144,144,772,2,3,1,9
1583,200,-2108106816016980481,0,145,145,749,5,5,3,8
1584,200,6346420369098581212,0,144,144,756,2,4,2,7
1585,200,2742993242132110073,0,115,115,741,5,4,3,5
1586,200,7826095750644619729,0,144,144,740,5,8,6,26
1587,200,-6869090369060700380,0,145,145,744,1,3,1,6
1588,200,-3356760490660658085,0,146,146,768,3,7,5,17
1589,200,5309594180014190324,0,134,134,764,5,10,7,24
1590,200,-283259702033341291,0,157,157,763,1,7,6,14
1591,200,8825040642308897918,0,131,131,747,1,3,1,6
1592,200,-1491340624582446741,0,133,133,769,3,3,2,7
1593,200,-8532016960172809686,0,129,129,754,4,6,4,15
1594,200,-794330745487594387,0,169,169,749,3,4,1,12
1595,200,-5475610654607414106,0,118,118,748,5,3,2,11
1596,200,-5580027122959655194,0,153,153,767,1,8,5,15
1597,200,3581670388636667933,0,131,131,764,4,6,4,15
1598,200,3042852010516190253,0,133,133,758,4,4,2,10
1599,200,-2957052080633996120,0,132,132,795,2,4,1,11
1600,200,-6715502431259466438,0,147,147,747,1,5,3,13
1601,200,-323485560520571388,0,150,150,741,1,4,1,12
1602,200,-86174262607713925,0,111,111,766,3,4,2,8
1603,200,5266441747403371141,0,123,123,734,4,2,1,4
1604,200,-4864976895559180056,0,143,143,756,1,5,3,6
1605,200,-3764353123379034805,0,158,158,775,1,3,1,8
1606,200,-6284276198439376043,0,145,145,773,3,4,2,9
1607,200,3166668481757583282,0,157,157,744,3,6,4,22
1608,200,3412702466617794822,0,127,127,753,5,3,1,4
1609,200,7252413601257756174,0,159,159,764,5,2,1,6
1610,200,-2538732813212295032,0,108,108,757,3,3,1,6
1611,200,-2574314093362744424,0,108,108,739,4,4,3,8
1612,200,-1739249285524265538,0,143,143,786,1,5,2,13
1613,200,6041429338409052578,0,144,144,762,2,4,1,15
1614,200,6214998806328081977,0,128,128,752,4,3,1,7
1615,200,4281611624232121874,0,137,137,750,3,4,3,10
1616,200,-2583307514484560179,0,134,134,751,3,2,1,7
1617,200,4316347242253176077,0,159,159,777,1,7,4,15
1618,200,-2019577183651897760,0,152,152,746,4,4,3,16
1619,200,690168649543692786,0,118,118,749,6,3,2,10
1620,200,852787745601182213,0,137,137,754,2,6,3,7
1621,200,4102036731645995913,0,129,129,741,2,4,3,11
1622,200,-2792678211950344632,0,139,139,755,2,4,2,10
1623,200,-306162470111557765,0,135,135,755,3,9,4,19
1624,200,-4347739167582580277,0,149,149,746,3,3,1,7
1625,200,-8610763546002956027,0,157,157,769,4,8,6,18
1626,200,554667301575671057,0,119,119,743,3,5,3,12
1627,200,-1972717737072812312,0,163,163,763,3,4,3,12
1628,200,-2549023835062203495,0,121,121,737,1,6,4,9
1629,200,-3657424285514802012,0,134,134,773,3,3,2,7
1630,200,-5830070490813795794,0,147,147,749,1,5,3,10
1631,200,4309642659700404964,0,103,103,743,4,5,3,7
1632,200,6649775291879495293,0,109,109,759,1,5,2,7
1633,200,4506738353487909691,0,145,145,761,4,3,1,11
1634,200,2524423182055994344,0,153,153,763,4,2,1,4
1635,200,-8419125921360958703,0,141,141,770,2,3,2,8
1636,200,1319487183310453145,0,117,117,758,3,6,3,8
1637,200,-3076038534476430889,0,133,133,754,4,3,2,9
1638,200,4667061208755238360,0,117,117,761,1,4,2,11
1639,200,-3596185953647819135,0,155,155,763,8,2,1,7
1640,200,-8250883165493697887,0,157,157,749,2,4,2,7
1641,200,1065538758057394229,0,128,128,769,1,4,2,9
1642,200,3560402803671951217,0,160,160,729,7,5,3,12
1643,200,-7271135824872860096,0,146,146,754,5,4,2,10
1644,200,629066274345428064,0,162,162,749,4,9,7,17
1645,200,3369132400396854089,0,112,112,761,6,3,1,4
1646,200,6863425023136406132,0,126,126,763,3,5,2,8
1647,200,280825508353771464,0,133,133,750,2,7,4,16
1648,200,-4702926439258241741,0,137,137,723,8,3,2,9
1649,200,196207300898287544,0,154,154,804,2,4,3,11
1650,200,-647324522075637383,0,133,133,750,1,7,3,18
1651,200,8431022940367994762,0,131,131,771,3,4,2,13
1652,200,7603707630266834316,0,140,140,759,6,2,1,6
1653,200,567471456097475677,0,116,116,765,4,3,2,5
1654,200,-4017495030037475731,0,145,145,748,2,3,1,6
1655,200,-9117155123005668500,0,105,105,751,2,4,2,8
1656,200,-8007217626298136976,0,147,147,737,1,6,3,11
1657,200,9072080954935289031,0,127,127,747,1,6,4,17
1658,200,-2730580486575482610,0,142,142,765,2,5,2,14
1659,200,8374525664025343302,0,109,109,765,2,4,2,10
1660,200,-5669133775029921798,0,121,121,740,6,5,3,13
1661,200,6988089083854842809,0,143,143,750,1,5,1,14
1662,200,-7757797508526344847,0,132,132,756,1,9,4,24
1663,200,-5460361868720038556,0,112,112,770,2,2,1,6
1664,200,3702676662926702550,0,141,141,768,5,2,1,4
1665,200,9045090913486908842,0,149,149,733,7,5,3,7
1666,200,-1282815522883300739,0,163,163,751,2,5,2,13
1667,200,-8836203910219119353,0,181,181,748,1,6,3,16
1668,200,-6838652177172219962,0,143,143,752,1,8,5,13
1669,200,-3423132029903240381,0,143,143,772,1,8,4,16
1670,200,-5801030668092458898,0,145,145,762,3,8,4,25
1671,200,8350635230332936420,0,113,113,766,1,8,6,18
1672,200,-8786327888129932255,0,106,106,744,3,7,3,13
1673,200,3409972668550067171,0,141,141,722,4,3,2,4
1674,200,8226639564676816722,0,20,20,752,3,9,6,20
1675,200,-4288324442107819101,0,136,136,764,1,7,5,17
1676,200,-1399339511987871153,0,150,150,736,4,5,2,11
1677,200,-4407542383641405410,0,139,139,764,3,10,8,19
1678,200,-4829517383413934705,0,151,151,748,1,4,1,11
1679,200,-7509593011580006303,0,135,135,767,2,5,3,9
1680,200,8682444629397749582,0,148,148,767,4,3,1,8
1681,200,4082776639663131706,0,147,147,741,2,8,5,17
1682,200,4772261390053062235,0,98,98,749,3,3,2,5
1683,200,834360936470381870,0,118,118,780,1,7,2,14
1684,200,-5265172005343572432,0,150,150,771,1,3,1,9
1685,200,-5834693862474812752,0,151,151,761,1,5,2,11
1686,200,551158600590602307,0,153,153,743,5,1,1,5
1687,200,-8573696393397095024,0,165,165,759,3,5,4,14
1688,200,6345696165702366875,0,123,123,750,5,2,1,7
1689,200,5111979397780162225,0,153,153,759,2,5,3,14
1690,200,-86458704929088603,0,144,144,753,1,4,2,7
1691,200,-7294366268375556865,0,131,131,755,1,8,4,15
1692,200,-5876506185579719865,0,139,139,757,5,6,4,11
1693,200,-494966576800285025,0,120,120,745,1,5,2,14
1694,200,6893231476331110709,0,146,146,757,3,5,4,11
1695,200,1926833643872072039,0,110,110,765,5,2,1,4
1696,200,-166436805311250301,0,174,174,751,3,7,4,11
1697,200,-4447818469089608049,0,130,130,750,4,8,6,13
1698,200,-1637670979306278788,0,176,176,745,1,3,2,6
1699,200,4822242989930659241,0,114,114,740,4,2,1,9
1700,200,-2848425638960760143,0,134,134,772,1,4,2,10
1701,200,8890813675337865934,0,139,139,746,2,6,3,19
1702,200,471530017362708052,0,130,130,745,1,3,1,10
1703,200,3561043464060242969,0,143,143,743,2,2,1,5
1704,200,874435705189665990,0,132,132,742,3,5,4,12
1705,200,-4944912085650036135,0,144,144,742,5,4,1,12
1706,200,-5212735094366698643,0,133,133,751,6,2,2,4
1707,200,-4915777221403582207,0,123,123,738,4,4,2,9
1708,200,6803335165649800907,0,134,134,746,3,2,1,3
1709,200,-1214229525294814877,0,150,150,743,3,4,1,17
1710,200,768282901159023308,0,125,125,769,4,4,2,12
1711,200,151776843439129885,0,146,146,742,4,3,1,11
1712,200,-5765144113817078690,0,143,143,772,2,8,5,20
1713,200,7910431868005788627,0,114,114,758,4,3,2,7
1714,200,-2296013895249665977,0,123,123,761,3,6,4,13
1715,200,1054677328889454622,0,126,126,752,2,9,6,30
1716,200,-1373223333582034126,0,162,162,737,2,5,2,14
1717,200,-5865414478943428669,0,141,141,760,1,3,1,11
1718,200,-5541471494755246326,0,142,142,766,3,5,2,7
1719,200,-955643158679739609,0,136,136,741,6,2,1,5
1720,200,-7904565381381273206,0,155,155,750,2,8,5,15
1721,200,-1204624623821365246,0,125,125,757,2,4,2,9
1722,200,2124502186081361940,0,140,140,724,4,6,3,10
1723,200,4504328962599125843,0,163,163,762,1,7,4,9
1724,200,8522319300189834434,0,151,151,748,3,4,2,14
1725,200,-8632697002274531693,0,169,169,742,1,3,1,11
1726,200,-2529983147975821126,0,160,160,763,1,9,4,23
1727,200,7237870589324362797,0,144,144,749,1,3,1,10
1728,200,-1238774634254768186,0,154,154,739,7,3,2,3
1729,200,-1897396297887355092,0,111,111,750,2,3,2,3
1730,200,3271518006482237732,0,138,138,732,1,7,5,21
1731,200,-7577777947952524746,0,153,153,758,1,7,4,9
1732,200,7539373802204455321,0,144,144,761,3,10,7,23
1733,200,-7140656612869776968,0,141,141,762,4,3,2,7
1734,200,7687831278831710924,0,160,160,784,1,5,2,11
1735,200,-1089284875841884830,0,138,138,754,2,6,3,15
1736,200,-82158100208352304,0,124,124,769,4,6,4,12
1737,200,6607160915665853653,0,150,150,768,3,4,1,5
1738,200,701215290191924994,0,130,130,751,2,3,1,8
1739,200,5309387508475847579,0,165,165,755,1,6,3,16
1740,200,-6207424643440748268,0,137,137,756,4,2,1,4
1741,200,-9065687009034258345,0,147,147,742,2,5,3,14
1742,200,2867269088801420650,0,152,152,735,1,7,4,20
1743,200,-2048810803126658243,0,123,123,746,8,2,1,5
1744,200,3022572108440583076,0,130,130,767,2,4,1,8
1745,200,1033057356607330243,0,162,162,767,3,3,1,8
1746,200,2129922523710718587,0,114,114,803,1,8,6,21
1747,200,5077446533567475096,0,127,127,765,1,6,3,12
1748,200,-1648616379524959280,0,122,122,766,5,2,2,10
1749,200,2362298344319309013,0,120,120,740,1,5,2,13
1750,200,-4643746213627179518,0,124,124,732,4,3,2,4
1751,200,-559511628400242318,0,149,149,772,7,3,2,7
1752,200,-5989270613852903809,0,144,144,753,1,7,3,16
1753,200,-3795771286279075334,0,164,164,766,6,3,2,12
1754,200,3978300695418651037,0,154,154,747,3,7,5,14
1755,200,8228372709113648514,0,147,147,751,5,4,2,14
1756,200,1716341608038421418,0,178,178,766,2,3,1,11
1757,200,663603777826256087,0,129,129,746,6,2,1,3
1758,200,-6180459095390011583,0,161,161,775,4,3,2,10
1759,200,-6397275365287613706,0,161,161,759,1,5,2,14
1760,200,-6296181431685896993,0,149,149,762,1,3,1,5
1761,200,-5051096087980201792,0,151,151,748,1,4,2,11
1762,200,4045334653979711413,0,146,146,777,3,5,3,16
1763,200,-6180630205495181330,0,140,140,749,5,4,2,9
1764,200,1914645572918266815,0,156,156,775,6,2,1,6
1765,200,3967946074632032578,0,149,149,742,3,3,1,8
1766,200,3469826569540423956,0,149,149,751,7,3,2,7
1767,200,-8586603315568203266,0,147,147,750,1,4,2,12
1768,200,-3910590570782674816,0,152,152,762,5,5,2,14
1769,200,-6420481713480563559,0,115,115,773,3,5,1,11
1770,200,-4344358494459200177,0,124,124,758,9,1,1,2
1771,200,4218968318896480432,0,102,102,740,1,7,5,20
1772,200,244017960807149675,0,125,125,754,3,4,2,12
1773,200,8941739680093972026,0,153,153,769,4,8,5,28
1774,200,-1991630921893322583,0,137,137,739,1,3,1,10
1775,200,-7437089191721187328,0,133,133,750,1,6,3,16
1776,200,-470589146944066465,0,135,135,767,2,7,5,15
1777,200,-5978934296752006837,0,141,141,760,1,5,2,12
1778,200,7915757905722976313,0,115,115,764,3,9,8,18
1779,200,-5724841548861895970,0,133,133,762,3,3,1,3
1780,200,7346955016115316556,0,127,127,746,4,4,3,9
1781,200,863370341227168550,0,126,126,748,1,2,1,3
1782,200,4003604673939402859,0,124,124,764,1,5,3,14
1783,200,7104135260814984623,0,153,153,747,4,4,2,10
1784,200,-3923012821108575047,0,151,151,751,2,5,2,16
1785,200,-3280786622911472166,0,175,175,749,1,10,7,22
1786,200,3072337077085068159,0,124,124,732,8,2,1,4
1787,200,3698986845813768397,0,160,160,756,5,5,2,19
1788,200,-7558334249063352513,0,120,120,779,1,3,1,10
1789,200,-2163120132027508054,0,168,168,768,6,2,1,5
1790,200,326066951337408521,0,158,158,751,2,4,3,6
1791,200,6916983913513614082,0,111,111,755,1,4,2,9
1792,200,-8391770936571629812,0,112,112,761,1,6,2,8
1793,200,8411421368087549068,0,147,147,752,1,4,1,11
1794,200,-20805395062556817,0,150,150,760,1,2,1,6
1795,200,-3853121836900056047,0,143,143,742,3,3,2,6
1796,200,-1704389653631248287,0,163,163,748,1,6,4,15
1797,200,-487549782415781206,0,125,125,753,1,7,4,12
1798,200,3952391917870822511,0,165,165,752,1,3,2,7
1799,200,1329360384378382125,0,163,163,769,3,3,1,9
1800,200,4959168786434349588,0,144,144,725,4,10,7,25
1801,200,-7224469723546608924,0,166,166,768,2,8,5,21
1802,200,4081832931554036118,0,146,146,749,3,4,2,9
1803,200,4368713173675353472,0,125,125,766,5,2,1,2
1804,200,3503189332727415823,0,136,136,754,3,6,3,13
1805,200,-8005077513722801075,0,134,134,759,5,2,1,6
1806,200,-1360142027543513143,0,155,155,740,5,3,2,9
1807,200,-6876378105054871386,0,161,161,746,1,8,6,20
1808,200,-1129584069787378225,0,112,112,772,1,5,3,14
1809,200,-8270128054483781206,0,136,136,742,1,4,2,10
1810,200,-6977452797994754880,0,132,132,742,1,5,2,15
1811,200,7915272445869085999,0,140,140,748,6,4,3,7
1812,200,3684536551539475686,0,125,125,746,3,6,4,14
1813,200,-787424457769788426,0,109,109,762,9,3,3,6
1814,200,-5226105504518768250,0,154,154,745,5,5,4,11
1815,200,44522079116150048,0,122,122,743,5,7,3,13
1816,200,-4698719552569091207,0,123,123,735,3,2,1,3
1817,200,4134601339983901921,0,138,138,729,4,3,1,10
1818,200,8666716121666914555,0,136,136,757,3,2,1,4
1819,200,7528008939857785459,0,141,141,764,7,4,3,6
1820,200,-5375940226336569662,0,98,98,790,2,5,3,14
1821,200,-8837365623422678708,0,129,129,776,9,1,1,4
1822,200,-3206155163673647534,0,181,181,752,2,4,3,12
1823,200,-505115609577354862,0,133,133,726,1,5,3,11
1824,200,5097637859734420879,0,123,123,756,4,8,5,18
1825,200,6465628942954945486,0,161,161,751,2,7,5,16
1826,200,5134198179704357779,0,142,142,765,2,4,2,14
1827,200,8629291560549309408,0,163,163,748,7,1,1,5
1828,200,6147660542623311553,0,128,128,756,1,6,3,15
1829,200,-982757512298451150,0,144,144,747,5,5,3,6
1830,200,-8744651337584054246,0,146,146,770,2,2,1,7
1831,200,9205081406221781552,0,146,146,745,5,3,2,7
1832,200,-3094712554214979633,0,136,136,739,3,5,3,9
1833,200,6582129143277148407,0,120,120,761,1,5,2,11
1834,200,-7524845124487925994,0,98,98,732,2,5,4,15
1835,200,-122170575064187060,0,108,108,773,3,5,3,8
1836,200,8107857792733332288,0,126,126,725,5,7,5,20
1837,200,-1524676711958076465,0,133,133,768,2,8,4,13
1838,200,-587581538346099189,0,149,149,766,2,8,5,21
1839,200,4765247072515144303,0,137,137,754,3,11,8,21
1840,200,5705032008535959348,0,127,127,716,2,4,3,5
1841,200,7873541953322828320,0,122,122,753,2,8,5,18
1842,200,5670384675119655760,0,117,117,715,2,9,6,24
1843,200,-1081071501753849397,0,126,126,760,4,4,3,10
1844,200,-5926928611762107428,0,167,167,747,1,6,3,18
1845,200,-5645586808841367418,0,126,126,752,4,5,3,8
1846,200,3006298064276200594,0,138,138,738,2,4,2,7
1847,200,6710133682039510277,0,144,144,766,2,3,2,7
1848,200,6342047798640296446,0,129,129,766,2,5,1,12
1849,200,5491344314847209551,0,137,137,768,5,4,3,10
1850,200,5097003802086057295,0,133,133,769,1,6,3,11
1851,200,2263245241490003892,0,134,134,746,1,4,1,10
1852,200,-473314191510957710,0,135,135,749,2,3,1,3
1853,200,6158471991955931645,0,181,181,736,4,4,3,9
1854,200,-718265242928820900,0,141,141,764,1,4,2,7
1855,200,-8071319557104653339,0,152,152,735,1,5,3,16
1856,200,-6309461613632141401,0,179,179,748,4,5,4,12
1857,200,-6591399134895118392,0,143,143,746,1,3,1,7
1858,200,3679436504957708128,0,138,138,743,3,4,2,7
1859,200,-5565962754320808806,0,145,145,757,5,2,1,9
1860,200,460640849110996510,0,117,117,759,2,6,4,17
1861,200,-8989244474994657255,0,137,137,776,4,5,3,11
1862,200,3141124869226846039,0,166,166,753,5,8,5,19
1863,200,8205065560950765638,0,132,132,773,2,3,1,6
1864,200,-3716666383197273874,0,161,161,739,3,5,3,16
1865,200,2555478013340907537,0,108,108,741,3,3,1,5
1866,200,1134344828712741135,0,109,109,751,4,7,4,16
1867,200,-8332843859517998254,0,153,153,752,3,4,3,12
1868,200,-6651880418160730817,0,144,144,772,2,3,1,5
1869,200,3206938633051551232,0,151,151,732,4,5,3,16
1870,200,3426119457071101614,0,115,115,786,1,7,3,21
1871,200,8312728237101460124,0,142,142,761,6,4,2,11
1872,200,-5344546509764419633,0,149,149,763,1,8,4,19
1873,200,-8023593523336463378,0,144,144,772,3,7,5,18
1874,200,-7140655516020482262,0,152,152,748,1,2,1,3
1875,200,7825993617235518963,0,138,138,768,2,3,1,7
1876,200,8689267739900689264,0,132,132,765,2,4,2,11
1877,200,8811646980700901909,0,129,129,746,4,7,5,15
1878,200,-4391572840450765617,0,142,142,746,5,6,5,14
1879,200,-5394310772122371428,0,154,154,743,6,1,1,5
1880,200,-3036495863326879865,0,93,93,752,1,3,1,6
1881,200,-8584670305557032604,0,136,136,763,6,4,3,7
1882,200,-6414353774899115075,0,129,129,754,1,8,5,19
1883,200,825974149257534928,0,149,149,761,1,4,3,12
1884,200,-596994676451809649,0,175,175,752,6,5,3,13
1885,200,-4181648854491167234,0,131,131,727,9,2,2,2
1886,200,-3577691525780721560,0,129,129,748,6,3,2,7
1887,200,-247971487440111813,0,143,143,753,1,8,5,14
1888,200,-5901119103343819628,0,121,121,770,1,3,1,10
1889,200,-5543297987461783111,0,145,145,738,2,3,1,9
1890,200,2079703977943059990,0,165,165,757,4,3,1,9
1891,200,-8397917437772612737,0,149,149,773,1,7,4,21
1892,200,-7328464853666413127,0,145,145,736,1,10,8,24
1893,200,-8013405792630391136,0,152,152,725,4,2,1,6
1894,200,5923173832506441060,0,115,115,735,2,6,3,10
1895,200,5715130755549615791,0,169,169,744,7,2,1,6
1896,200,739785344858508466,0,115,115,764,1,5,2,21
1897,200,-8594697995390619279,0,169,169,759,4,5,2,10
1898,200,3811333731429446338,0,127,127,758,4,6,3,16
1899,200,-1137721648804878636,0,130,130,751,1,5,3,12
1900,200,-5434620682709335733,0,151,151,744,8,2,1,4
1901,200,-5536164276702319584,0,124,124,731,1,9,4,22
1902,200,-2251151483420285710,0,114,114,768,1,10,8,18
1903,200,-66284307672349076,0,113,113,743,4,3,2,9
1904,200,6017123727747456735,0,136,136,751,3,9,5,20
1905,200,744034171106766930,0,125,125,758,3,4,3,7
1906,200,2436988758253699981,0,140,140,729,1,5,1,10
1907,200,-9116343154203744538,0,122,122,741,3,5,2,11
1908,200,8385432198180508385,0,138,138,763,1,9,5,21
1909,200,4378321804301079011,0,110,110,732,1,4,2,13
1910,200,4525009105357651326,0,112,112,768,3,3,1,9
1911,200,3328475198544739111,0,138,138,756,1,5,3,11
1912,200,-5877566513167979689,0,172,172,772,1,11,7,34
1913,200,-485933447702361759,0,142,142,746,2,8,3,18
1914,200,1771586420529551236,0,116,116,743,4,12,8,29
1915,200,4879671273945756168,0,135,135,772,4,2,1,3
1916,200,-2685373682995325607,0,112,112,768,3,3,1,5
1917,200,-4733804739995380082,0,158,158,771,5,4,3,12
1918,200,1033101064712475317,0,140,140,752,5,5,3,12
1919,200,1608544996562452693,0,127,127,765,4,5,2,15
1920,200,-3116514119136302185,0,142,142,760,6,4,2,8
1921,200,8061475044170183393,0,134,134,761,4,6,3,16
1922,200,-6338823605447449866,0,129,129,736,3,7,5,15
1923,200,-1217394809732825649,0,145,145,742,4,4,2,9
1924,200,-4481624959114734383,0,115,115,756,6,3,2,8
1925,200,-704116446854425594,0,132,132,751,1,3,1,6
1926,200,-6652992503501015677,0,128,128,779,3,4,2,6
1927,200,-7336113689164035413,0,156,156,766,1,5,2,10
1928,200,-2629054038798192036,0,133,133,744,4,4,3,14
1929,200,-1089559055840772518,0,156,156,764,4,3,2,3
1930,200,-6666317948309190802,0,141,141,761,1,5,2,11
1931,200,1021351018797649682,0,140,140,755,3,4,1,12
1932,200,4595575739189550756,0,145,145,742,1,5,2,17
1933,200,1802398116364380016,0,149,149,732,5,4,3,11
1934,200,7333406575230520343,0,166,166,757,4,2,1,7
1935,200,-1493542881613249761,0,132,132,753,1,3,1,9
1936,200,6273247421911956388,0,143,143,741,7,6,4,10
1937,200,5111009155706661006,0,166,166,746,6,3,2,7
1938,200,2395936148666524601,0,150,150,745,6,3,1,8
1939,200,3234847725029935588,0,153,153,753,1,4,3,14
1940,200,-576826192842894993,0,162,162,732,1,3,1,6
1941,200,3338651308297552176,0,126,126,758,2,4,2,10
1942,200,6563834306979160542,0,180,180,764,5,1,1,3
1943,200,5515203269875456997,0,147,147,748,2,5,3,10
1944,200,-8247516958979965781,0,146,146,764,1,9,6,26
1945,200,-3635638979272775292,0,149,149,748,3,4,2,11
1946,200,5617846811491361765,0,140,140,749,6,7,6,20
1947,200,4703908635074265498,0,124,124,775,4,8,4,21
1948,200,3114092439827754257,0,147,147,740,4,3,2,9
1949,200,4320028821526279405,0,118,118,744,1,8,2,18
1950,200,-4340915747827746941,0,154,154,747,2,5,3,12
1951,200,4265770415292685810,0,115,115,752,4,4,2,10
1952,200,-6258159833881480209,0,122,122,746,3,4,2,12
1953,200,-269298293263039359,0,169,169,753,5,3,2,11
1954,200,1575751404627382590,0,133,133,760,2,4,2,12
1955,200,-5293442079785645877,0,128,128,740,5,3,2,7
1956,200,-7494165642156121435,0,150,150,746,3,3,1,8
1957,200,3991534890185804171,0,130,130,745,4,3,2,7
1958,200,-2150804475962060044,0,137,137,742,2,6,3,13
1959,200,-8757125350527452805,0,133,133,771,7,3,1,6
1960,200,1940289647686727979,0,129,129,743,5,1,1,1
1961,200,5552599996413220873,0,133,133,752,4,8,4,22
1962,200,-1948274359737179565,0,85,85,752,2,6,4,17
1963,200,-4344926495969296054,0,131,131,734,2,3,1,7
1964,200,8951302026947814538,0,133,133,764,1,3,1,12
1965,200,-621951065478297298,0,144,144,756,1,7,3,14
1966,200,5972336131527692126,0,163,163,759,1,6,4,13
1967,200,2259140386716849653,0,117,117,766,3,3,1,6
1968,200,-6971338088022143650,0,173,173,741,1,9,6,27
1969,200,-2951700238819889695,0,146,146,763,1,5,2,20
1970,200,-68978406668514578,0,107,107,786,2,6,4,11
1971,200,-663284825903715283,0,132,132,754,2,5,3,10
1972,200,5244841597691426395,0,126,126,765,3,2,1,4
1973,200,-7063337382297005763,0,148,148,752,2,3,1,9
1974,200,-7699169447513559761,0,134,134,752,2,4,1,10
1975,200,-6238516862521155050,0,120,120,747,4,3,1,8
1976,200,-7712648321469666619,0,109,109,741,3,7,4,14
1977,200,3919350590755588879,0,127,127,747,1,4,2,10
1978,200,3504750289530735647,0,123,123,765,4,4,2,14
1979,200,2126683959193450953,0,123,123,747,5,4,3,10
1980,200,-2854130000759522058,0,141,141,760,1,4,2,6
1981,200,3795008089964700251,0,144,144,748,1,4,2,9
1982,200,-6592709878265994734,0,136,136,736,2,4,2,13
1983,200,1560355221777474514,0,166,166,744,1,4,2,11
1984,200,-7485909150233144100,0,152,152,755,3,4,2,9
1985,200,-7305129453068992552,0,142,142,769,2,5,3,16
1986,200,-2750133537795341264,0,154,154,766,3,3,1,6
1987,200,-834592401950500430,0,129,129,762,8,2,1,7
1988,200,4216230094225526392,0,142,142,766,5,4,2,9
1989,200,8284197988534874223,0,161,161,743,2,7,5,20
1990,200,-4252414074842191627,0,153,153,770,1,7,4,22
1991,200,-3442065507496703906,0,178,178,729,8,5,4,11
1992,200,-7972971425552848800,0,124,124,754,2,6,3,18
1993,200,1442250680118409152,0,140,140,782,4,8,4,12
1994,200,-7783056854305046863,0,148,148,765,1,7,4,19
1995,200,5018117773074336446,0,151,151,770,5,7,3,17
1996,200,7168868009992421949,0,142,142,764,3,4,2,11
1997,200,-1658899216828796260,0,145,145,757,1,8,3,18
1998,200,-2114867917769616890,0,129,129,760,4,3,2,8
1999,200,5361154555176940591,0,152,152,746,4,4,2,10
2000,200,-6125069922790085810,0,115,115,743,4,6,4,13
2001,200,8748592993461668236,0,130,130,763,2,2,1,5
2002,200,-912554602749541267,0,131,131,741,4,3,2,6
2003,200,6925673941130390273,0,138,138,753,3,11,9,21
2004,200,5963160023926489316,0,137,137,771,2,4,2,13
2005,200,478223706216706889,0,129,129,766,3,4,3,11
2006,200,2703335164928905905,0,164,164,763,5,5,4,9
2007,200,-1633994954219433222,0,149,149,746,1,4,1,7
2008,200,-2544567620302283548,0,154,154,756,5,5,3,11
2009,200,9166295641508562754,0,128,128,768,3,8,6,13
2010,200,2701106927809637233,0,136,136,749,4,2,1,7
2011,200,1174947863147988946,0,143,143,755,6,2,1,7
2012,200,-9207258632603233208,0,131,131,757,2,5,3,10
2013,200,-5135118213241249767,0,153,153,759,1,12,9,26
2014,200,-7287343484795677277,0,172,172,751,1,4,2,13
2015,200,-6704836131115620427,0,127,127,747,6,4,3,11
2016,200,-92762856535947874,0,146,146,760,2,3,2,5
2017,200,-2835366050413212122,0,137,137,743,4,3,2,9
2018,200,7912443515180984076,0,141,141,758,2,10,7,16
2019,200,-8972392443800506940,0,128,128,753,1,7,4,13
2020,200,-6788487344460122233,0,156,156,786,1,8,5,21
2021,200,-7730332991327610382,0,147,147,752,2,4,2,10
2022,200,1510652502432139976,0,135,135,744,6,2,1,2
2023,200,-3320773582526587756,0,143,143,764,3,7,4,20
2024,200,-7639681391905306823,0,138,138,784,1,6,3,17
2025,200,8962729821830813374,0,129,129,747,2,5,2,11
2026,200,-4560549822627014712,0,154,154,755,3,5,3,14
2027,200,-4721477689244223315,0,150,150,758,1,4,1,9
2028,200,1873560293502347006,0,140,140,734,3,4,2,10
2029,200,-3729660819279444742,0,144,144,761,3,4,2,6
2030,200,-6763325857011927217,0,150,150,772,2,3,2,9
2031,200,679292882028778252,0,106,106,761,7,5,3,15
2032,200,-3919857058315473741,0,150,150,757,3,5,3,13
2033,200,7296106389123581134,0,132,132,756,6,6,4,13
2034,200,-85903478317180043,0,132,132,734,6,5,3,13
2035,200,-8000512265300679775,0,149,149,755,5,3,2,5
2036,200,-6856985198582845366,0,133,133,739,3,8,5,22
2037,200,7024060139531999380,0,134,134,736,3,4,2,11
2038,200,4344356553579316644,0,145,145,777,3,4,2,10
2039,200,-994056092806237230,0,166,166,763,1,5,3,14
2040,200,3686140568856918600,0,154,154,748,1,6,4,16
2041,200,7523265406291801947,0,144,144,727,2,3,2,14
2042,200,-7999657351318479586,0,107,107,763,6,3,3,9
2043,200,3336817039661603062,0,137,137,768,3,7,4,13
2044,200,-599836014822702521,0,146,146,742,4,5,2,12
2045,200,6141649744911691622,0,156,156,767,1,4,3,7
2046,200,-7944209423346248332,0,153,153,757,1,5,3,15
2047,200,8748064810126851803,0,87,87,775,7,4,3,6
2048,200,8831008223881854325,0,113,113,764,4,4,3,11
2049,200,-459816557733914453,0,148,148,738,1,5,2,13
2050,200,7373590855732389136,0,148,148,746,1,6,3,15
2051,200,-3112547375773056447,0,138,138,747,2,3,1,3
2052,200,-5092128969279029996,0,132,132,766,3,4,2,11
2053,200,-4051563071305689259,0,146,146,764,3,7,5,16
2054,200,617831545052531628,0,156,156,766,2,6,3,13
2055,200,-2697055598309172387,0,120,120,770,2,5,2,11
2056,200,-1255545559543669512,0,154,154,748,3,5,3,11
2057,200,-654439956305727933,0,141,141,751,6,3,2,7
2058,200,-7710261240432629543,0,135,135,754,7,3,2,9
2059,200,3212956829704132695,0,138,138,747,6,4,3,15
2060,200,-7543411647892979188,0,155,155,755,4,4,2,10
2061,200,5005268225488085382,0,138,138,756,2,9,3,25
2062,200,6714089370776527482,0,146,146,770,2,4,2,7
2063,200,5592385847230080972,0,154,154,744,3,3,1,6
2064,200,-8429127220501468979,0,161,161,732,6,3,2,9
2065,200,-3137729217293604633,0,122,122,753,2,4,1,13
2066,200,2228561867245886278,0,144,144,750,1,6,2,16
2067,200,5112199540532687692,0,144,144,746,1,5,3,11
2068,200,-7698563339708398643,0,123,123,742,3,5,4,19
2069,200,-5178333637298507170,0,145,145,748,1,7,3,13
2070,200,9036194708545943881,0,154,154,748,1,5,2,6
2071,200,7044746065522313693,0,119,119,765,1,7,3,18
2072,200,2127928528341658161,0,123,123,748,1,8,6,19
2073,200,-4492722189944441700,0,145,145,752,1,4,3,15
2074,200,-7244709798690358173,0,126,126,717,1,5,3,13
2075,200,7435473479602821750,0,155,155,745,1,11,6,24
2076,200,1365571393381340724,0,119,119,735,1,4,3,11
2077,200,-5313556928173092478,0,141,141,734,7,2,1,5
2078,200,-9154325708954229561,0,150,150,766,3,4,2,13
2079,200,5665198102787964549,0,135,135,771,2,6,3,11
2080,200,8792171163741451170,0,160,160,752,4,4,2,9
2081,200,-6874200837531416408,0,112,112,743,4,5,3,13
2082,200,-4117568294143940226,0,122,122,744,7,2,1,5
2083,200,-141820505060338582,0,155,155,760,1,7,5,24
2084,200,-5192393019604779426,0,114,114,768,5,2,1,2
2085,200,2942761158715505111,0,164,164,743,1,5,2,12
2086,200,-2287990907959755038,0,140,140,760,1,6,2,18
2087,200,-4315518793190184454,0,135,135,741,4,6,3,16
2088,200,-1170528946178690852,0,122,122,749,2,3,1,7
2089,200,-1675102957824329841,0,139,139,760,7,4,2,8
2090,200,4086055411839020323,0,134,134,762,1,10,7,22
2091,200,-9187488102342084868,0,123,123,740,5,2,1,2
2092,200,-8189539223074995545,0,142,142,748,1,9,7,22
2093,200,-9143678047784605310,0,144,144,748,3,3,1,8
2094,200,5375068506181072581,0,146,146,759,5,5,3,9
2095,200,183899884810643375,0,126,126,765,3,5,3,10
2096,200,8079068109935015644,0,126,126,755,5,4,2,8
2097,200,-3614109426711134441,0,147,147,765,5,2,1,3
2098,200,-4452922501488029920,0,146,146,719,3,3,1,10
2099,200,239354613802547011,0,128,128,733,2,4,2,10
2100,200,-2214449289288533330,0,133,133,753,2,9,7,20
2101,200,-651097023061216792,0,139,139,746,4,7,5,20
2102,200,-4838437108804099873,0,134,134,749,4,4,2,13
2103,200,4877649540728429147,0,138,138,757,1,4,1,8
2104,200,1724729897104430048,0,141,141,761,2,4,2,12
2105,200,4907613413650143300,0,145,145,737,1,5,3,16
2106,200,3844201695054357634,0,151,151,737,2,5,3,12
2107,200,-4331994398612391535,0,115,115,773,1,5,2,12
2108,200,-5926919442521792690,0,146,146,753,3,5,3,16
2109,200,-8560236654296496210,0,152,152,763,2,7,5,15
2110,200,-5085943961928071460,0,137,137,735,3,4,2,9
2111,200,-4773142140774679566,0,139,139,769,2,3,2,5
2112,200,900524903822483300,0,111,111,744,3,4,3,10
2113,200,-4990658776610617508,0,138,138,765,3,3,1,10
2114,200,-7637101533249658987,0,125,125,754,4,3,2,6
2115,200,550705703972643198,0,133,133,762,6,3,2,6
2116,200,-5189864099858294107,0,109,109,768,5,5,4,14
2117,200,-5153908148955704648,0,153,153,729,4,9,6,15
2118,200,-4423282144303761496,0,122,122,746,4,3,1,11
2119,200,-3923232121204773463,0,133,133,767,1,6,3,14
2120,200,-2506568768541013467,0,162,162,788,2,5,3,13
2121,200,-6510521984633312285,0,104,104,750,5,5,3,12
2122,200,-727231474569289754,0,131,131,754,1,6,3,13
2123,200,-351920236373483043,0,147,147,751,6,3,1,8
2124,200,-7664184743449372656,0,145,145,756,7,3,1,7
2125,200,3894202432291716653,0,150,150,748,1,7,4,20
2126,200,8681820847547996018,0,123,123,736,1,4,2,7
2127,200,-826569349283559434,0,133,133,769,4,3,2,6
2128,200,-2673317843186422239,0,158,158,749,2,6,3,14
2129,200,3418245881014866078,0,128,128,750,4,5,3,13
2130,200,8966398135005020740,0,149,149,763,5,4,2,10
2131,200,8743046857026161860,0,137,137,773,1,6,3,10
2132,200,4495932260805383211,0,126,126,757,2,4,2,9
2133,200,-51416601694926735,0,128,128,770,2,4,1,9
2134,200,-362907953879732314,0,131,131,741,3,7,4,15
2135,200,569354688214035085,0,142,142,743,2,3,2,11
2136,200,1563857929054068372,0,128,128,757,4,2,1,4
2137,200,-6003137156259316845,0,124,124,758,3,3,1,8
2138,200,6588679442209681594,0,146,146,765,7,6,5,17
2139,200,-1957088240854162552,0,163,163,725,4,5,3,7
2140,200,-900346923369485099,0,166,166,765,2,5,2,9
2141,200,-6991009252040289496,0,141,141,730,3,3,1,4
2142,200,8174784074598694641,0,142,142,757,6,8,5,16
2143,200,5604364028521319522,0,140,140,742,1,3,2,7
2144,200,-960163872186042373,0,162,162,738,1,10,6,29
2145,200,-6233549114056180217,0,160,160,758,2,4,2,10
2146,200,-5632275194082970987,0,116,116,738,2,2,1,4
2147,200,8877078269608470205,0,160,160,772,1,5,3,10
2148,200,-8099046575099875031,0,135,135,759,1,7,4,10
2149,200,-8262537873916185799,0,138,138,760,8,3,3,7
2150,200,-2828235757443151552,0,161,161,747,4,3,1,5
2151,200,-7113188871441314900,0,146,146,737,2,3,1,8
2152,200,-8503833172145557484,0,147,147,734,8,3,2,8
2153,200,-6179791223227497346,0,112,112,749,1,12,8,24
2154,200,-7122137422140490653,0,155,155,746,6,5,3,12
2155,200,-3747228045214587335,0,142,142,760,2,8,5,17
2156,200,-8099833132610113147,0,169,169,768,3,4,1,8
2157,200,-1743745355288002361,0,148,148,724,2,5,2,17
2158,200,8679274493440911297,0,135,135,738,2,5,3,12
2159,200,-667326265941541408,0,159,159,757,4,5,4,8
2160,200,4523148437279958491,0,129,129,751,4,9,6,24
2161,200,-526631065034955075,0,160,160,757,4,4,2,13
2162,200,-363344048932208655,0,127,127,757,1,8,5,15
2163,200,4354002028832035089,0,180,180,768,1,4,2,10
2164,200,7328160416490229638,0,146,146,760,3,4,3,11
2165,200,-457812731302516935,0,153,153,754,1,7,4,21
2166,200,-6872407681979033377,0,159,159,731,1,5,2,11
2167,200,-5130339443699826767,0,135,135,760,5,4,3,15
2168,200,4729077982738051469,0,148,148,729,5,3,1,11
2169,200,1608077222617118666,0,145,145,757,2,7,3,15
2170,200,-7269963217718625205,0,151,151,776,1,3,1,8
2171,200,-4591406978896411239,0,144,144,762,4,2,1,2
2172,200,-1754033942749164023,0,154,154,741,1,4,1,14
2173,200,5641530834898597170,0,147,147,752,2,6,3,15
2174,200,-7998662115098636216,0,136,136,751,2,5,3,16
2175,200,-5211611937594751722,0,146,146,767,1,8,3,23
2176,200,-1243026926328302424,0,123,123,763,1,9,5,22
2177,200,-5989841949878299159,0,146,146,764,2,4,3,7
2178,200,-2015643946387075650,0,145,145,768,2,10,6,22
2179,200,3572120256219341160,0,132,132,743,6,4,3,7
2180,200,-1654223855535578837,0,114,114,717,4,5,4,10
2181,200,5073834009316273305,0,168,168,754,1,4,1,10
2182,200,-6166202654089148695,0,118,118,751,6,4,3,10
2183,200,-4662595060355438269,0,122,122,759,4,4,2,10
2184,200,4084938352588319208,0,160,160,752,2,9,7,23
2185,200,1605716459924322976,0,112,112,760,1,6,4,8
2186,200,3008165687139614169,0,161,161,737,4,4,2,10
2187,200,-1182816010074173104,0,142,142,754,4,3,2,8
2188,200,5961598228183547464,0,142,142,765,6,2,1,6
2189,200,7552664767017587345,0,150,150,759,3,6,3,12
2190,200,5465426986726017776,0,145,145,742,5,2,2,4
2191,200,5300057751420337837,0,106,106,765,3,3,1,10
2192,200,-8013595056154479286,0,138,138,750,1,5,3,15
2193,200,-3116505423590896973,0,151,151,764,5,3,2,6
2194,200,4100322487293399911,0,123,123,745,3,3,1,7
2195,200,-5873724216272756375,0,124,124,747,1,4,2,8
2196,200,5226057786692856831,0,142,142,733,1,4,3,14
2197,200,-1725204581688623232,0,133,133,781,1,4,2,11
2198,200,-320326453677076535,0,148,148,770,1,5,3,12
2199,200,8181019411321741065,0,125,125,738,1,6,3,18
2200,200,-128122172727741428,0,139,139,761,4,4,3,9
2201,200,-7771044614082206168,0,154,154,766,2,12,9,28
2202,200,-2982654958269717899,0,110,110,767,1,6,4,17
2203,200,-6885771283248116474,0,122,122,756,4,6,3,17
2204,200,3306177539206205995,0,119,119,755,3,5,3,14
2205,200,1575926925967421195,0,177,177,757,6,5,3,9
2206,200,-4763257756150170080,0,150,150,765,1,4,2,12
2207,200,7836637460116421453,0,123,123,783,1,8,4,14
2208,200,6102957525476035754,0,145,145,740,4,5,3,19
2209,200,-8234801516110645181,0,163,163,763,1,3,1,7
2210,200,3905801472078519377,0,108,108,741,2,3,1,8
2211,200,7007227795172576957,0,152,152,784,3,11,8,21
2212,200,-7290607943475770902,0,146,146,755,7,3,2,7
2213,200,-4805867693816016872,0,145,145,763,2,6,3,15
2214,200,-5017947920533044252,0,137,137,747,5,4,2,11
2215,200,1400295871209204652,0,135,135,765,3,6,4,14
2216,200,-4915428045328285983,0,170,170,741,2,6,4,14
2217,200,7416332324792534921,0,148,148,739,3,8,4,23
2218,200,-6490480802303893624,0,168,168,757,1,4,1,14
2219,200,5582161318780334179,0,107,107,757,4,6,5,16
2220,200,-7929584617206977127,0,110,110,754,2,7,3,22
2221,200,-7157048858213739318,0,146,146,767,4,3,2,8
2222,200,-8066850208610425791,0,133,133,738,9,2,2,6
2223,200,4666831200883785629,0,145,145,752,1,3,1,5
2224,200,-583002323005246546,0,139,139,757,1,10,5,24
2225,200,-1967523569808685632,0,140,140,749,1,5,2,10
2226,200,-905048653729380378,0,138,138,758,2,6,4,24
2227,200,3323173349238135564,0,144,144,770,5,3,3,5
2228,200,-8600127942946019116,0,130,130,758,6,7,6,11
2229,200,8665199025087693447,0,119,119,736,2,6,3,14
2230,200,-393877079457445980,0,125,125,759,1,9,6,22
2231,200,1457312917275463124,0,121,121,736,1,6,3,14
2232,200,2734656201785412943,0,136,136,763,4,3,1,11
2233,200,855622320681836525,0,150,150,752,2,13,10,32
2234,200,5279957885580787321,0,109,109,762,2,3,1,9
2235,200,7048617553364412174,0,122,122,760,4,7,5,21
2236,200,1322169425556899962,0,164,164,726,3,7,5,21
2237,200,9131867104794378740,0,122,122,749,2,4,2,7
2238,200,-6332737905527141447,0,152,152,761,1,4,2,8
2239,200,6691833074716001351,0,142,142,739,3,4,2,7
2240,200,-2701273452867700927,0,135,135,744,1,4,2,8
2241,200,-8652494746628338093,0,121,121,726,2,7,5,20
2242,200,-8780315577381484147,0,130,130,750,2,6,3,14
2243,200,-1404843559623545858,0,128,128,756,1,2,1,7
2244,200,4613405546584378022,0,162,162,737,1,7,4,20
2245,200,-544338767128088842,0,133,133,739,3,6,4,12
2246,200,7095546126573638511,0,154,154,749,1,5,3,8
2247,200,-5212221459889801175,0,162,162,732,4,6,4,16
2248,200,-3039788594613897665,0,147,147,750,3,4,3,11
2249,200,8136504700360205434,0,133,133,743,2,5,3,13
2250,200,5706073949860912304,0,142,142,746,6,3,2,7
2251,200,1630227537033089201,0,138,138,759,5,5,2,17
2252,200,343418526872465078,0,136,136,752,6,10,9,31
2253,200,8818790537160583346,0,122,122,763,2,8,5,19
2254,200,-1536089011489679629,0,116,116,754,3,5,3,18
2255,200,3015067548093838833,0,146,146,762,1,5,3,12
2256,200,-4810779034293635000,0,160,160,764,1,5,2,12
2257,200,-3905622726898949851,0,160,160,757,5,5,3,10
2258,200,6775279887529306287,0,140,140,754,7,2,1,5
2259,200,-8872121115235722437,0,148,148,748,2,3,1,7
2260,200,3496375868686370119,0,130,130,764,3,5,2,21
2261,200,1580718481643331981,0,141,141,741,1,8,5,23
2262,200,3002665275593667504,0,117,117,760,3,8,5,18
2263,200,4628499115709288787,0,114,114,749,4,4,3,11
2264,200,-8394867030712785768,0,128,128,739,5,5,4,11
2265,200,5756932465719787097,0,151,151,760,4,2,1,5
2266,200,-3761069696718492778,0,145,145,767,1,4,3,10
2267,200,-1049527400392785678,0,131,131,757,3,4,2,13
2268,200,-3316803186771001290,0,168,168,752,2,5,3,17
2269,200,4497692308662333228,0,129,129,754,2,7,5,15
2270,200,-7637799540222657452,0,137,137,758,3,8,6,15
2271,200,-240722416106965692,0,132,132,744,3,3,1,8
2272,200,-6306955313580332115,0,121,121,760,2,4,2,15
2273,200,8408642042991083868,0,143,143,764,1,5,3,11
2274,200,6489443015915618482,0,136,136,746,3,6,3,13
2275,200,-1172809788991900054,0,107,107,746,2,3,1,6
2276,200,1191483593760326303,0,116,116,740,6,6,4,17
2277,200,6727789965938170483,0,150,150,746,3,3,1,5
2278,200,-1144781194834212660,0,148,148,763,3,4,2,10
2279,200,1896209309265671161,0,138,138,759,5,3,2,6
2280,200,-2762660991438874813,0,120,120,768,5,4,1,10
2281,200,-7284590286620734798,0,152,152,737,4,2,1,7
2282,200,-396632554648358766,0,124,124,737,5,5,3,16
2283,200,7182186806904995706,0,140,140,745,5,3,1,8
2284,200,-3491534534075240223,0,144,144,761,1,5,2,19
2285,200,5663648931211538313,0,142,142,741,6,2,2,6
2286,200,-5340768593648417210,0,145,145,763,2,3,2,10
2287,200,8227124157941241576,0,120,120,762,3,5,3,9
2288,200,8955104883054008919,0,138,138,772,4,4,2,9
2289,200,-1169510564675557856,0,106,106,753,1,9,5,19
2290,200,1632832135476855040,0,136,136,744,8,3,2,7
2291,200,-7673300242666946763,0,136,136,761,1,5,3,12
2292,200,-6086788076495929193,0,162,162,748,5,2,1,5
2293,200,4397660888558947794,0,138,138,759,2,6,4,13
2294,200,-1250799075012622547,0,162,162,737,4,5,3,13
2295,200,-8617471662655377723,0,154,154,743,6,1,1,2
2296,200,-5043602146055790297,0,171,171,732,3,7,4,13
2297,200,8764643876650162860,0,146,146,738,5,4,3,6
2298,200,6376867623352157452,0,138,138,773,1,6,2,14
2299,200,797842978500364272,0,156,156,756,2,4,2,8
2300,200,2496991087699691679,0,140,140,747,3,4,2,13
2301,200,-7402968726636562446,0,143,143,746,2,3,1,11
2302,200,3498173913936401200,0,150,150,742,4,2,1,8
2303,200,-8371330761118866556,0,153,153,736,2,5,3,16
2304,200,-6241850382545313490,0,103,103,768,2,5,2,9
2305,200,3804946243219290779,0,126,126,773,4,2,1,3
2306,200,-807200305922839295,0,141,141,751,4,4,2,11
2307,200,-8098700001053512894,0,165,165,736,4,2,1,6
2308,200,-482783140885491434,0,122,122,749,1,4,2,5
2309,200,2518020947846046672,0,125,125,760,2,4,2,10
2310,200,24964506834040634,0,148,148,753,1,4,2,11
2311,200,5787253380068508765,0,147,147,767,1,6,4,19
2312,200,-8445820776195757780,0,129,129,751,4,7,3,21
2313,200,6316224434545242993,0,114,114,756,2,3,1,4
2314,200,-5149007844230195604,0,115,115,783,3,3,1,12
2315,200,1378203755503340030,0,123,123,749,2,4,2,10
2316,200,3155370302971355993,0,159,159,764,1,5,2,19
2317,200,4458979811469150864,0,134,134,748,5,2,1,6
2318,200,-1401988427830356614,0,91,91,754,1,6,4,17
2319,200,960043094726989762,0,126,126,754,3,2,1,6
2320,200,-7841072402860297957,0,136,136,753,2,5,3,14
2321,200,1657809013153422835,0,145,145,751,1,7,4,16
2322,200,6494648426751433756,0,153,153,757,5,4,3,9
2323,200,5349579826396505146,0,137,137,754,1,3,1,10
2324,200,-127170672939705852,0,130,130,762,2,6,4,12
2325,200,859278691938302102,0,162,162,754,3,4,2,7
2326,200,356449856311096668,0,130,130,757,1,5,3,13
2327,200,-1633381796906996887,0,142,142,762,2,9,6,19
2328,200,-768795522058851782,0,144,144,753,1,7,2,19
2329,200,-8951930114119643609,0,134,134,747,1,6,4,7
2330,200,-3494724254683584997,0,143,143,757,7,3,2,11
2331,200,4001548634541517130,0,145,145,763,1,4,2,11
2332,200,-320939080170622730,0,128,128,759,3,4,2,6
2333,200,333401090352422281,0,150,150,734,7,2,1,6
2334,200,-8098414147454938227,0,167,167,773,3,6,4,14
2335,200,-7252166103045381048,0,121,121,744,4,3,2,5
2336,200,1930804123959021317,0,144,144,762,5,2,1,5
2337,200,6545798782040531793,0,133,133,752,1,7,4,14
2338,200,-6186689772325733959,0,151,151,743,3,4,2,6
2339,200,535940581088004036,0,148,148,757,1,8,5,19
2340,200,-823773917831899830,0,143,143,736,1,4,1,12
2341,200,263000078158060620,0,148,148,750,4,6,3,13
2342,200,2030167301640516090,0,178,178,757,4,4,2,10
2343,200,-6091973536781758829,0,102,102,757,1,6,2,16
2344,200,4432300127452672826,0,134,134,775,2,6,4,11
2345,200,-2283842934830770185,0,148,148,746,2,6,3,14
2346,200,-5043978990964782720,0,143,143,748,3,4,2,11
2347,200,-1755478004766130819,0,146,146,760,3,7,4,13
2348,200,5790815247628596574,0,171,171,751,1,8,6,19
2349,200,500947362541165317,0,114,114,761,3,8,5,17
2350,200,6238103976492492752,0,146,146,766,2,5,3,13
2351,200,1965358391980142015,0,134,134,751,5,5,3,10
2352,200,-3241937022589119531,0,161,161,736,4,3,2,7
2353,200,2222684330219377117,0,106,106,734,1,7,5,12
2354,200,8666260382930502976,0,156,156,745,3,4,2,13
2355,200,-4397236861152991350,0,135,135,767,2,4,1,8
2356,200,4513456684939153615,0,107,107,772,1,8,4,18
2357,200,1566111119818822426,0,168,168,758,2,4,1,7
2358,200,4190561603430707580,0,150,150,741,1,10,7,30
2359,200,9192541574680595586,0,121,121,758,1,6,3,11
2360,200,8811903003224909587,0,116,116,755,1,4,2,10
2361,200,2627625319530361353,0,120,120,736,1,3,1,8
2362,200,-355241477451011580,0,165,165,747,5,4,3,8
2363,200,784253722891899455,0,118,118,753,4,4,3,12
2364,200,-7112600370732185478,0,164,164,755,1,4,2,11
2365,200,659517475677905198,0,129,129,750,1,4,2,12
2366,200,-8776517506992324437,0,134,134,744,1,7,5,16
2367,200,-3185345151302726449,0,158,158,767,1,4,2,9
2368,200,6724801932439301233,0,139,139,726,6,2,2,4
2369,200,1545906996217128127,0,173,173,754,8,3,3,6
2370,200,8289181640218874393,0,142,142,757,2,4,1,13
2371,200,-625163020812744398,0,142,142,745,2,7,4,9
2372,200,-6763069255492522373,0,140,140,747,3,4,2,12
2373,200,3444236633687921959,0,124,124,751,3,4,2,7
2374,200,-7724869865762894774,0,128,128,741,1,4,2,12
2375,200,-8023821621835368483,0,155,155,774,1,6,4,14
2376,200,3978436489423862957,0,138,138,748,2,3,1,8
2377,200,3359556508777607557,0,145,145,754,2,8,4,14
2378,200,8341839259574322446,0,139,139,750,3,5,3,13
2379,200,-1855339869432731848,0,108,108,755,2,8,4,19
2380,200,-7367843116657371599,0,108,108,762,1,3,1,7
2381,200,356044210674549291,0,156,156,765,6,2,1,8
2382,200,-783452395506720633,0,157,157,744,3,5,3,13
2383,200,-3553363325209063904,0,141,141,734,3,4,3,8
2384,200,8067376811407169987,0,133,133,754,4,3,2,5
2385,200,1139406194194516767,0,176,176,765,5,4,1,10
2386,200,-8633183758081439827,0,121,121,734,3,3,2,5
2387,200,-4353135944968493467,0,132,132,765,5,5,3,11
2388,200,5505946012273730615,0,150,150,762,4,3,1,10
2389,200,8397547066976964253,0,165,165,765,5,6,4,11
2390,200,7649643320667811533,0,141,141,747,1,3,1,10
2391,200,9074297261174216525,0,135,135,775,3,3,1,7
2392,200,-78405662392647951,0,115,115,756,5,5,4,5
2393,200,-1754358375385505902,0,142,142,765,1,5,2,9
2394,200,-3184259975379194874,0,137,137,758,5,3,2,10
2395,200,-6722262163715411952,0,135,135,759,3,4,2,10
2396,200,-2718097701706998165,0,162,162,744,3,2,1,6
2397,200,7278987747570598947,0,150,150,768,8,2,2,2
2398,200,3365166014206811595,0,123,123,764,4,3,2,7
2399,200,-325823119089192359,0,151,151,744,4,4,2,10
2400,200,348647677927452850,0,127,127,754,3,7,5,17
2401,200,6456714280626448420,0,116,116,773,5,6,3,12
2402,200,-4479479731198877340,0,153,153,741,7,2,2,4
2403,200,-975846497415041845,0,153,153,739,5,3,1,4
2404,200,2279747878140967914,0,141,141,731,5,4,3,12
2405,200,9208997394227421090,0,116,116,750,4,5,4,10
2406,200,-6927810050709415572,0,146,146,777,3,3,2,6
2407,200,-8203801778794846854,0,158,158,762,4,3,2,10
2408,200,5665439585187761350,0,112,112,784,1,5,2,8
2409,200,3981314678390651226,0,156,156,769,1,9,6,19
2410,200,231686035926795348,0,139,139,749,2,4,3,11
2411,200,-817473960204839826,0,127,127,743,2,6,4,13
2412,200,-987081459975211760,0,139,139,761,2,7,3,13
2413,200,8188162949509603647,0,142,142,750,7,3,2,8
2414,200,-5845023335651237153,0,139,139,766,3,4,2,11
2415,200,-7844087605078692316,0,166,166,752,2,7,4,16
2416,200,3576237981357480487,0,151,151,757,1,4,3,4
2417,200,7340484319023272696,0,147,147,740,2,9,6,21
2418,200,6669380497989037732,0,128,128,759,3,3,1,6
2419,200,7072438570576903692,0,137,137,745,3,8,6,23
2420,200,-3951417684307651716,0,156,156,755,2,5,3,12
2421,200,1991818167433534559,0,126,126,741,5,3,2,6
2422,200,-4941514219401387888,0,135,135,760,1,6,2,11
2423,200,7183978541754814732,0,143,143,762,3,4,1,15
2424,200,8264178880631118100,0,151,151,736,1,8,6,20
2425,200,-8556482628134162429,0,123,123,767,1,5,4,13
2426,200,355057642835298145,0,136,136,768,5,3,2,9
2427,200,7231853294383591419,0,132,132,746,2,3,1,7
2428,200,-6998019280922623479,0,145,145,765,4,3,1,7
2429,200,7938993138671847335,0,96,96,744,4,4,2,13
2430,200,-5250785967318569428,0,133,133,747,1,4,2,9
2431,200,4380652259545098791,0,111,111,768,4,4,1,9
2432,200,2934922914991969033,0,169,169,753,8,2,2,6
2433,200,5535543167422600897,0,121,121,778,5,2,2,4
2434,200,-7597549405096619305,0,165,165,731,6,4,3,9
2435,200,5574140311649972176,0,144,144,731,5,3,2,9
2436,200,2357512425329614037,0,112,112,760,2,5,3,16
2437,200,-1843857311704904452,0,152,152,740,4,2,1,6
2438,200,-5497945494179304289,0,124,124,759,2,5,2,11
2439,200,-5632130021838963542,0,149,149,762,1,8,4,25
2440,200,-3742527731330127165,0,132,132,754,1,6,4,12
2441,200,7202883600442697910,0,142,142,758,3,14,11,36
2442,200,-3282165433750830444,0,126,126,754,1,3,1,6
2443,200,-5229526961846824353,0,136,136,761,1,7,3,17
2444,200,8826015993432490301,0,135,135,757,2,2,1,3
2445,200,-1749390396964284030,0,126,126,749,1,7,4,17
2446,200,4342994966551138840,0,153,153,749,7,3,2,6
2447,200,8314832700384019211,0,122,122,754,2,4,2,7
2448,200,-2069528516510536640,0,122,122,732,2,4,2,14
2449,200,-7301622553258085720,0,152,152,743,4,3,1,8
2450,200,-5201497603750378140,0,164,164,791,2,4,2,6
2451,200,-779037978030617666,0,149,149,734,1,4,2,11
2452,200,5813811403009727966,0,111,111,758,3,8,6,21
2453,200,7624654125463776672,0,125,125,765,2,3,1,10
2454,200,1961951626062592515,0,132,132,744,1,4,2,11
2455,200,8279095538403032830,0,130,130,756,6,4,2,8
2456,200,-84837582693147460,0,163,163,739,5,7,5,19
2457,200,-8110374183762215781,0,130,130,748,2,7,4,18
2458,200,-5729711348640786603,0,138,138,759,1,7,3,15
2459,200,-345296036857888958,0,153,153,754,3,7,5,21
2460,200,-5063671175812709739,0,136,136,758,1,6,2,20
2461,200,-5431622490804048646,0,135,135,744,1,8,6,13
2462,200,7882649609282974990,0,143,143,749,3,5,2,14
2463,200,-6022215432469411464,0,152,152,760,1,6,4,13
2464,200,-852382267542091083,0,122,122,768,1,4,3,11
2465,200,-1193111141633369644,0,141,141,768,1,4,2,9
2466,200,-3231240925028511308,0,176,176,755,8,2,1,6
2467,200,3179210052957179775,0,128,128,767,2,5,3,10
2468,200,5141536173235744894,0,160,160,736,7,2,1,3
2469,200,2520624710274559605,0,123,123,772,2,8,4,20
2470,200,2566289550217451812,0,175,175,764,1,5,2,9
2471,200,2266182004145267374,0,166,166,750,1,4,1,8
2472,200,-8525901372133057049,0,142,142,769,2,4,2,9
2473,200,5612770138200701145,0,136,136,747,2,4,2,7
2474,200,8975017604619696909,0,143,143,768,2,3,1,9
2475,200,-5744213805715755444,0,141,141,778,2,7,3,17
2476,200,8152621881101838839,0,162,162,755,1,3,1,9
2477,200,2670267597550193717,0,163,163,750,6,4,2,7
2478,200,6033236296951189875,0,160,160,753,4,6,4,12
2479,200,-4639487884415942123,0,122,122,756,3,4,2,6
2480,200,292277205666522959,0,125,125,776,2,3,1,3
2481,200,-1167137895754484881,0,138,138,770,2,4,2,10
2482,200,-4578903915296401618,0,152,152,760,2,4,2,9
2483,200,4751213167297703100,0,141,141,754,4,3,1,8
2484,200,-1067298881552104802,0,138,138,771,3,3,2,12
2485,200,-321072575802543199,0,151,151,756,3,2,1,5
2486,200,-437391056768487832,0,140,140,759,3,4,2,16
2487,200,7388327656025646691,0,158,158,748,1,4,2,7
2488,200,5078565046105403690,0,162,162,743,3,4,2,10
2489,200,2659140732395101850,0,146,146,755,2,12,9,28
2490,200,8332971235101931299,0,180,180,761,1,3,2,6
2491,200,-7574560996053644508,0,141,141,758,1,6,2,11
2492,200,-2022834379383247026,0,154,154,772,2,5,2,11
2493,200,-1972577941881211556,0,118,118,740,2,2,1,5
2494,200,830636083789968817,0,151,151,768,1,4,1,8
2495,200,1124378960724338060,0,131,131,771,2,4,2,11
2496,200,8528356976609332982,0,112,112,779,3,4,2,9
2497,200,495166534054353567,0,129,129,744,1,5,2,8
2498,200,-3478823501440841414,0,168,168,760,6,2,1,5
2499,200,-3410067277789755110,0,120,120,762,3,4,2,10
2500,200,-4894599782819490268,0,126,126,762,6,4,3,12
2501,200,-5497768772667370163,0,125,125,755,2,5,3,11
2502,200,-282228308248579527,0,172,172,772,1,7,4,16
2503,200,-1813821662546985787,0,161,161,768,3,3,2,6
2504,200,6032339248466341231,0,148,148,754,2,6,3,11
2505,200,-5201051142971677948,0,158,158,764,5,1,1,1
2506,200,-1020972868362376961,0,122,122,737,2,3,1,7
2507,200,-7181377572105505421,0,142,142,740,5,9,6,31
2508,200,6609227895872986751,0,143,143,767,1,11,9,15
2509,200,929262860708780695,0,132,132,763,5,1,1,3
2510,200,1581831207915095087,0,132,132,747,1,4,2,12
2511,200,-889253865239175037,0,142,142,736,1,4,1,15
2512,200,-5241421274778934638,0,142,142,739,2,10,6,27
2513,200,8722414455691615885,0,126,126,745,3,3,2,7
2514,200,-5385874744213278912,0,136,136,756,1,7,4,15
2515,200,-1543584576542147004,0,135,135,737,6,4,3,12
2516,200,-2047982500947296006,0,155,155,742,3,2,1,3
2517,200,-4806575209184403551,0,158,158,761,1,5,2,8
2518,200,5130979725809250559,0,166,166,748,3,9,6,19
2519,200,7555706090022882427,0,155,155,773,3,3,1,7
2520,200,-1798900905482568291,0,160,160,748,1,10,7,13
2521,200,3678804161636839232,0,130,130,748,4,8,5,15
2522,200,-6130673209284640246,0,167,167,767,2,5,3,7
2523,200,7604547857225220321,0,151,151,774,1,13,8,32
2524,200,673140433865545588,0,128,128,760,9,2,2,6
2525,200,-1657902436329496050,0,152,152,751,5,3,1,11
2526,200,4896507272280437589,0,101,101,738,1,5,2,14
2527,200,-2135762332393008221,0,138,138,762,2,7,4,14
2528,200,-5566384255392442612,0,152,152,760,2,4,2,5
2529,200,5175656582470861409,0,141,141,767,1,3,1,7
2530,200,3370346387448341673,0,120,120,755,1,5,2,12
2531,200,2956484372781488609,0,134,134,746,2,5,3,14
2532,200,447641817635482888,0,156,156,760,1,5,3,16
2533,200,566944057209213636,0,158,158,777,2,5,1,12
2534,200,2236547666132896544,0,77,77,762,3,5,2,15
2535,200,1886472435165573167,0,151,151,775,5,7,4,12
2536,200,-8593075624682725220,0,143,143,756,3,5,3,12
2537,200,-4007039017834405770,0,153,153,744,1,3,1,7
2538,200,-2589047464649013333,0,130,130,733,6,3,2,5
2539,200,1321868826564097302,0,156,156,754,4,5,3,16
2540,200,7966160846507445780,0,153,153,715,1,8,6,26
2541,200,-1574244236927834647,0,166,166,746,3,6,2,10
2542,200,-5033160578220094068,0,138,138,748,1,2,1,4
2543,200,-2500482461775703148,0,135,135,747,2,4,1,10
2544,200,-821965553103112885,0,112,112,748,8,11,10,17
2545,200,7394718864255892803,0,134,134,740,2,5,2,8
2546,200,-2195097265130497828,0,153,153,769,8,3,2,9
2547,200,2053992998783507864,0,116,116,751,1,9,5,30
2548,200,-8957941959672932300,0,132,132,756,4,5,3,11
2549,200,4449352070097085152,0,132,132,753,4,4,2,11
2550,200,-5886710460662221562,0,143,143,756,3,3,2,7
2551,200,5302994253182400135,0,137,137,739,1,6,3,16
2552,200,4058961942923733333,0,142,142,755,1,5,3,13
2553,200,-4876387540421441587,0,140,140,737,1,4,1,10
2554,200,-689426586437119158,0,176,176,735,4,6,3,18
2555,200,7355841159661751738,0,126,126,766,2,6,2,15
2556,200,-3399563984490575289,0,146,146,754,1,5,3,11
2557,200,5570699293830394959,0,104,104,742,4,7,5,10
2558,200,-8234421555476909765,0,148,148,743,4,5,4,12
2559,200,-7078073642059355907,0,146,146,743,2,4,3,13
2560,200,-1055450162240267720,0,145,145,737,4,4,2,7
2561,200,-4569376061369320869,0,149,149,753,5,4,2,10
2562,200,-1045240902737424574,0,123,123,746,1,6,2,11
2563,200,-7096450437505302766,0,156,156,751,2,7,4,13
2564,200,2605430746473419880,0,146,146,774,2,4,2,8
2565,200,-1000945207337142245,0,171,171,763,5,1,1,2
2566,200,-6909828910279559400,0,134,134,757,3,9,5,25
2567,200,2617238343569105452,0,118,118,757,3,2,1,5
2568,200,-436838056441987409,0,129,129,750,3,2,1,5
2569,200,-8908021052667581841,0,127,127,754,3,5,2,13
2570,200,4812176025955177040,0,114,114,756,1,6,3,15
2571,200,6985710700105939573,0,153,153,749,2,3,1,9
2572,200,3824528751386535926,0,154,154,744,3,7,4,23
2573,200,-1034045431823167639,0,165,165,743,1,4,2,7
2574,200,8811856457063829707,0,135,135,762,4,4,3,14
2575,200,178605751436103816,0,130,130,747,3,3,2,7
2576,200,-547473777149004103,0,133,133,741,4,3,2,13
2577,200,-8111369747739698992,0,130,130,747,2,6,4,14
2578,200,-3357388414126219455,0,152,152,779,1,8,5,14
2579,200,9119572290902239223,0,152,152,760,1,7,4,25
2580,200,-8609876403188463732,0,141,141,733,2,5,3,13
2581,200,4615269229830680222,0,131,131,758,2,6,3,11
2582,200,1318343972164545983,0,104,104,766,1,17,12,36
2583,200,-849501742870746682,0,152,152,736,1,3,1,10
2584,200,5542130070046530451,0,152,152,754,2,7,4,18
2585,200,8531700142902149506,0,149,149,743,3,5,2,10
2586,200,-133212039241726429,0,136,136,751,5,4,3,14
2587,200,4500814447370919662,0,169,169,748,6,4,2,6
2588,200,7239045830575462152,0,100,100,764,1,3,1,8
2589,200,-2291784670533358241,0,149,149,752,1,7,5,20
2590,200,3515060352803353250,0,108,108,738,5,3,1,5
2591,200,4483017984896203483,0,140,140,764,1,7,4,23
2592,200,5687351120055340984,0,139,139,745,3,7,3,18
2593,200,-8989388344437330997,0,105,105,761,4,3,2,6
2594,200,-3748163709355543485,0,115,115,767,3,5,3,12
2595,200,2237606543424566767,0,125,125,763,3,8,5,22
2596,200,-2046115847797757050,0,166,166,762,4,3,1,7
2597,200,6532407192318629521,0,186,186,732,3,9,7,19
2598,200,6979677805727091042,0,163,163,762,3,5,3,12
2599,200,6840352351806650365,0,148,148,774,2,6,4,15
2600,200,813354276007399143,0,130,130,751,1,5,2,13
2601,200,-8580234456775443921,0,138,138,729,8,1,1,5
2602,200,8031518452120388654,0,154,154,743,2,2,1,5
2603,200,-5985882128740887858,0,179,179,768,1,4,1,11
2604,200,8798341159259609957,0,132,132,729,1,6,2,18
2605,200,314559005881366617,0,131,131,768,5,5,2,12
2606,200,-4659158241094110934,0,165,165,753,5,3,2,10
2607,200,5156929629620358303,0,147,147,744,1,3,1,7
2608,200,-869201514046521827,0,89,89,765,2,11,8,22
2609,200,4274566606051506804,0,143,143,745,5,1,1,4
2610,200,-4178255473761448528,0,159,159,755,4,5,3,9
2611,200,6866389698410412705,0,146,146,754,3,2,1,6
2612,200,8971955886373604928,0,149,149,742,1,10,6,20
2613,200,-8209312379563199460,0,123,123,782,2,3,2,10
2614,200,5355162169856773737,0,136,136,765,3,6,3,11
2615,200,2749563430456847224,0,152,152,761,4,7,4,17
2616,200,3624291647448759189,0,164,164,743,6,6,4,9
2617,200,-6596298708820478562,0,133,133,775,5,5,3,14
2618,200,8513615295183615446,0,138,138,766,2,4,2,8
2619,200,-6782742948711308867,0,138,138,765,4,5,3,12
2620,200,8780272909276302581,0,123,123,786,1,5,3,12
2621,200,-7670410551286165890,0,126,126,763,1,3,1,5
2622,200,-7912245873332487477,0,131,131,750,2,8,6,22
2623,200,692534512147684988,0,142,142,757,3,5,3,16
2624,200,-8267270383880524082,0,156,156,749,1,3,2,7
2625,200,-8073044033360592909,0,122,122,740,3,3,1,9
2626,200,-5079762943603589394,0,134,134,749,9,1,1,1
2627,200,8458225444253629367,0,148,148,749,2,3,1,10
2628,200,8776835249341305249,0,147,147,745,3,7,3,17
2629,200,3572629009235541862,0,130,130,717,5,4,3,14
2630,200,-1363681604522142404,0,142,142,750,7,3,2,11
2631,200,-1672499699221522720,0,146,146,739,4,4,2,11
2632,200,1432805932165683333,0,139,139,731,7,4,3,11
2633,200,418854561649068279,0,140,140,771,7,3,2,7
2634,200,1284071201244715141,0,142,142,742,1,3,2,5
2635,200,5726505150482500451,0,121,121,744,6,6,5,18
2636,200,8074595060816107425,0,147,147,760,1,5,3,9
2637,200,-5643110130491145736,0,138,138,754,1,5,4,15
2638,200,-8247694119754673685,0,89,89,749,2,5,2,16
2639,200,-3054935582115349222,0,138,138,742,1,2,1,5
2640,200,-173192965264153931,0,159,159,762,7,4,3,10
2641,200,3265890755390106480,0,148,148,782,1,4,3,6
2642,200,7623741158133247847,0,138,138,752,4,8,5,20
2643,200,2536385430574379735,0,153,153,760,3,3,2,5
2644,200,8488117009008077714,0,152,152,760,2,3,1,8
2645,200,767865188275725465,0,142,142,763,1,3,1,6
2646,200,2149737169162062404,0,138,138,754,1,6,3,17
2647,200,7286524630935404766,0,104,104,760,3,4,2,9
2648,200,8157488961775497373,0,161,161,743,3,4,2,11
2649,200,3561702113190509922,0,174,174,746,3,4,1,11
2650,200,7123222764668157346,0,177,177,775,4,3,1,9
2651,200,-4969988481255947417,0,177,177,756,2,7,3,17
2652,200,-7326876761492620463,0,124,124,736,2,8,4,17
2653,200,-6282538506590070547,0,135,135,742,3,7,5,18
2654,200,-4581174486060086028,0,134,134,753,1,8,5,18
2655,200,-7660972758445889248,0,117,117,752,6,2,2,4
2656,200,2553825702376795834,0,129,129,755,7,4,3,11
2657,200,-57036273329594350,0,169,169,762,2,10,7,24
2658,200,-3405917760813524350,0,159,159,748,2,4,3,9
2659,200,-3651506734939599446,0,139,139,776,2,10,6,30
2660,200,6615567675930895866,0,123,123,757,2,12,8,33
2661,200,-6841741709482540069,0,137,137,749,2,4,2,12
2662,200,-7568862198073283096,0,132,132,772,3,8,4,17
2663,200,-4896308741383511016,0,141,141,755,1,4,2,11
2664,200,-133179065194650937,0,154,154,746,5,6,4,19
2665,200,-598838402705059834,0,127,127,761,2,5,3,9
2666,200,-6625030057580393835,0,112,112,749,2,4,2,7
2667,200,8386893985084698995,0,126,126,750,2,6,3,12
2668,200,1818767235551136747,0,169,169,786,5,6,5,14
2669,200,8766192749844745606,0,115,115,753,3,7,4,15
2670,200,3504022486664549965,0,125,125,758,2,2,1,3
2671,200,4651676939085928248,0,137,137,745,5,3,2,7
2672,200,4696497958794705859,0,111,111,755,2,9,6,17
2673,200,-1303604709825956606,0,127,127,773,7,5,4,11
2674,200,-4269920971891732568,0,161,161,776,3,3,1,10
2675,200,-937248884595855913,0,115,115,748,5,1,1,4
2676,200,1039263440975879873,0,144,144,731,3,3,2,6
2677,200,278079093705814357,0,105,105,742,8,3,2,9
2678,200,-9160238142847429487,0,127,127,743,5,3,2,6
2679,200,3838574802645184310,0,172,172,748,4,6,4,12
2680,200,-3615041394001796630,0,141,141,767,1,4,1,7
2681,200,738254019201069580,0,155,155,764,2,5,2,7
2682,200,-7112594831304558393,0,142,142,776,4,4,2,7
2683,200,-1267045434969788115,0,156,156,741,2,2,1,8
2684,200,-6111102970278874791,0,130,130,746,2,4,1,11
2685,200,-58174002362167829,0,147,147,759,2,4,1,7
2686,200,4579615849524210783,0,126,126,755,4,2,1,9
2687,200,1023134652965613576,0,148,148,752,2,4,2,10
2688,200,-8211864614737754438,0,145,145,744,6,3,2,7
2689,200,7783287725077362024,0,157,157,746,4,3,1,8
2690,200,6342120723635597888,0,125,125,754,1,3,1,11
2691,200,-8716363272990316280,0,130,130,734,4,4,2,10
2692,200,6249932512454002640,0,156,156,763,1,6,3,15
2693,200,9193323479591449902,0,113,113,753,1,4,1,6
2694,200,-3211431994139367771,0,152,152,762,7,3,2,9
2695,200,321992794877281506,0,148,148,748,4,3,1,6
2696,200,2889618250076632303,0,110,110,755,2,4,2,8
2697,200,-6749486927046375268,0,143,143,758,6,8,6,26
2698,200,1088110418266117535,0,151,151,750,9,1,1,2
2699,200,-547566879561035202,0,152,152,766,1,3,1,8
2700,200,-1148239641651173502,0,157,157,770,2,10,7,26
2701,200,5708675233319173188,0,133,133,743,3,8,6,19
2702,200,2889890943249605009,0,142,142,754,1,3,1,13
2703,200,-1329049857893494727,0,133,133,754,5,1,1,1
2704,200,8079528501397069958,0,120,120,758,2,10,6,28
2705,200,6142032677963260012,0,150,150,772,6,2,2,6
2706,200,8114491421867309490,0,127,127,752,6,5,4,12
2707,200,-6209092477587453724,0,153,153,764,1,6,3,15
2708,200,-7160846524052543731,0,136,136,773,4,4,2,15
2709,200,-4236230780422534256,0,132,132,745,4,7,4,18
2710,200,1174529101584392334,0,143,143,784,1,9,5,26
2711,200,-8105424555458462782,0,156,156,756,4,3,1,10
2712,200,5192866244781651645,0,136,136,754,4,4,2,8
2713,200,-5181534012025082658,0,121,121,743,2,5,2,11
2714,200,-7541112407102520698,0,134,134,734,2,12,9,34
2715,200,-2843615552615573426,0,110,110,764,3,2,1,6
2716,200,-5329742539729322417,0,143,143,748,7,1,1,4
2717,200,-3895367263711252808,0,145,145,743,1,6,4,16
2718,200,1553835728566541387,0,131,131,749,2,11,8,25
2719,200,-4955661901068302221,0,140,140,739,5,8,5,17
2720,200,-2347485121539805680,0,121,121,744,5,4,3,10
2721,200,-7045012028674102986,0,158,158,756,7,4,3,9
2722,200,1845093564717150567,0,120,120,741,6,2,1,5
2723,200,4917610730046573330,0,142,142,741,1,3,1,8
2724,200,-1729545334536825246,0,122,122,759,4,2,1,7
2725,200,164401077854971041,0,153,153,759,5,3,2,7
2726,200,-3001316983557090636,0,151,151,765,1,2,1,6
2727,200,-5356559586934497665,0,135,135,732,1,6,3,14
2728,200,-8965298985554094532,0,135,135,746,1,4,2,7
2729,200,5396629028752321529,0,113,113,765,1,5,2,12
2730,200,-8153682033575840542,0,114,114,760,4,3,1,4
2731,200,-8693603282512200956,0,146,146,752,5,4,2,9
2732,200,-3508208926667908698,0,134,134,749,4,5,3,15
2733,200,6521158978435215217,0,134,134,745,3,2,1,7
2734,200,6015461078351025910,0,114,114,748,4,4,2,10
2735,200,-5104121523858694819,0,157,157,743,6,5,4,15
2736,200,8199417998116481087,0,92,92,749,1,11,8,21
2737,200,6154331461135021805,0,135,135,757,2,5,3,14
2738,200,952221942658332869,0,131,131,762,4,4,3,12
2739,200,257912348520358203,0,121,121,746,4,3,2,5
2740,200,-6120427071749209161,0,128,128,771,1,4,2,9
2741,200,7635159209031148683,0,158,158,748,1,7,5,13
2742,200,-3600690593733959299,0,123,123,773,3,4,2,10
2743,200,-7512446845644330047,0,133,133,743,2,6,3,17
2744,200,6612798540607182421,0,115,115,732,7,2,1,5
2745,200,4226342272025364247,0,82,82,745,4,8,5,17
2746,200,6917337942442047005,0,149,149,758,2,7,4,18
2747,200,-8347393806130010614,0,173,173,765,1,6,3,19
2748,200,-1087317855114677903,0,121,121,745,1,6,4,15
2749,200,7536305514255318165,0,154,154,749,1,3,1,9
2750,200,1625444729184608248,0,159,159,768,3,8,4,19
2751,200,-4079899796228569183,0,176,176,772,3,5,2,10
2752,200,-8071522084177552389,0,123,123,753,3,3,2,8
2753,200,8413999394175984827,0,125,125,744,2,15,11,40
2754,200,-581495450844986569,0,133,133,755,2,4,1,7
2755,200,3928116993995452679,0,153,153,754,5,8,6,17
2756,200,-3057410308509011725,0,140,140,760,1,4,1,9
2757,200,-5829479645841939596,0,148,148,745,2,4,2,8
2758,200,7981372115271238995,0,127,127,754,2,5,3,17
2759,200,7015609288906610224,0,179,179,765,1,6,4,14
2760,200,-682623703593054738,0,124,124,774,4,4,1,8
2761,200,3613815696179721054,0,155,155,756,3,4,2,10
2762,200,-2996100233121487969,0,174,174,730,2,4,2,9
2763,200,-397131445826832122,0,139,139,760,2,6,4,21
2764,200,1901452238927597976,0,183,183,749,2,5,4,13
2765,200,-360511072816330675,0,147,147,736,3,2,1,7
2766,200,6811191497428490684,0,133,133,758,2,3,2,8
2767,200,-2477447370309798939,0,115,115,770,2,6,3,14
2768,200,6028640782735551020,0,156,156,743,6,4,3,8
2769,200,339218807728390598,0,126,126,777,8,5,4,9
2770,200,-817641572652361694,0,173,173,761,6,9,7,22
2771,200,796577732919268381,0,175,175,787,4,3,1,4
2772,200,-5686541351928089602,0,152,152,765,1,5,3,20
2773,200,-1201668797116338811,0,163,163,748,3,3,1,12
2774,200,2112343418903071390,0,159,159,760,5,3,2,8
2775,200,-7848094145791343500,0,144,144,756,1,3,1,5
2776,200,-9149874119862622222,0,142,142,750,3,3,2,8
2777,200,2476062001414085111,0,165,165,735,1,7,6,16
2778,200,-1759446293235274034,0,122,122,752,2,5,4,12
2779,200,1193202821694572449,0,142,142,749,3,7,5,18
2780,200,477136150030014977,0,167,167,762,1,8,5,13
2781,200,-8416749662490265408,0,154,154,752,2,3,2,7
2782,200,8144496730315553447,0,158,158,749,7,3,2,10
2783,200,5049248514984477394,0,144,144,739,5,5,3,11
2784,200,-8186403901458757701,0,153,153,770,6,6,3,15
2785,200,1142124467675140407,0,143,143,736,5,3,2,5
2786,200,-4480131765413883152,0,144,144,752,6,5,3,12
2787,200,-5946226950251718617,0,133,133,758,3,5,2,7
2788,200,448946297683687104,0,129,129,748,7,1,1,2
2789,200,-8136406967432117531,0,141,141,736,4,4,3,8
2790,200,2534990582495171012,0,142,142,749,1,4,1,12
2791,200,5595431291025248564,0,162,162,745,3,3,2,7
2792,200,-345224010421148858,0,124,124,756,2,6,4,14
2793,200,-3547959296540764150,0,145,145,743,2,5,3,12
2794,200,8389954172731743508,0,118,118,751,1,3,1,6
2795,200,-670375965475759741,0,150,150,738,4,6,4,13
2796,200,2706228945533402775,0,181,181,760,1,8,5,15
2797,200,712581151405172760,0,137,137,762,4,5,3,16
2798,200,7891114186160114979,0,148,148,743,1,7,4,17
2799,200,1806362505885174032,0,123,123,764,2,4,2,11
2800,200,8765405082584857999,0,139,139,767,2,6,4,19
2801,200,-1739447204458444234,0,106,106,763,2,9,3,18
2802,200,3427435824291554056,0,137,137,736,4,7,4,17
2803,200,-4015005822836375861,0,103,103,795,2,5,3,13
2804,200,789940363184518946,0,140,140,729,3,3,1,7
2805,200,-8737572559014783042,0,174,174,785,5,4,2,6
2806,200,-74152443945758929,0,130,130,740,3,9,5,27
2807,200,2172759473688922906,0,129,129,765,7,3,2,8
2808,200,-1416181135406525740,0,113,113,733,6,3,1,5
2809,200,-1537846634032447809,0,128,128,786,2,6,2,15
2810,200,-8932200917019834408,0,148,148,738,2,6,3,16
2811,200,2291016348910971476,0,90,90,742,5,4,3,13
2812,200,-6992080829109827777,0,142,142,740,2,3,1,3
2813,200,-7738533390153112453,0,136,136,741,3,6,4,12
2814,200,8798159409368969111,0,152,152,746,6,3,2,7
2815,200,8774021516246110023,0,154,154,752,6,3,1,6
2816,200,-8082855496746981231,0,146,146,767,1,6,3,17
2817,200,4270593300778997738,0,152,152,759,6,3,2,10
2818,200,5101364342412135378,0,146,146,758,9,1,1,4
2819,200,-1937497097814016590,0,104,104,740,4,4,3,12
2820,200,-7363317007824812277,0,117,117,754,7,3,2,10
2821,200,-6872262548823239626,0,177,177,771,4,6,4,10
2822,200,-8229350950708999354,0,130,130,735,4,3,1,9
2823,200,-3802117155185281844,0,123,123,760,2,4,2,11
2824,200,-9188251420940165757,0,155,155,779,1,4,2,10
2825,200,5152485767276630845,0,128,128,756,3,3,1,10
2826,200,8590574632279694467,0,167,167,728,1,8,5,21
2827,200,-3836837314726630981,0,113,113,770,4,2,1,5
2828,200,-2435067221888659486,0,121,121,765,2,4,1,7
2829,200,6647692229151502354,0,180,180,769,9,4,4,6
2830,200,682952993528599659,0,139,139,744,6,1,1,1
2831,200,1429886200138732062,0,139,139,746,4,4,2,6
2832,200,1028629820323608999,0,128,128,767,5,5,2,11
2833,200,8955340711435327869,0,166,166,764,1,2,1,3
2834,200,-6241554472023513929,0,141,141,758,1,9,6,21
2835,200,3367508255044714116,0,117,117,750,2,4,2,5
2836,200,3614092155148242019,0,119,119,778,5,4,1,6
2837,200,2891097064377767030,0,151,151,743,1,6,3,13
2838,200,-8240597731974913422,0,111,111,744,4,4,2,10
2839,200,-6680197820586326797,0,163,163,754,1,3,1,7
2840,200,-8142745753557746117,0,140,140,766,1,6,2,13
2841,200,-7765854780576641363,0,152,152,728,4,4,2,11
2842,200,-5392612536696660868,0,123,123,752,1,4,2,13
2843,200,2661023277161331554,0,125,125,749,3,11,9,35
2844,200,2808942823041976425,0,121,121,771,2,4,2,9
2845,200,4373939178365763845,0,122,122,788,2,5,3,10
2846,200,-5059836119664770552,0,134,134,784,3,3,2,5
2847,200,6500544656303489598,0,136,136,747,3,3,2,7
2848,200,-6898846274564278853,0,154,154,741,4,6,4,16
2849,200,1773916445470892565,0,139,139,728,2,3,1,9
2850,200,-6106286186205652706,0,142,142,768,1,8,4,18
2851,200,1438125513642254057,0,155,155,758,2,3,1,4
2852,200,4716823000860672275,0,135,135,730,2,8,4,22
2853,200,-8523199346878224218,0,150,150,771,3,2,1,7
2854,200,-522275585304427238,0,136,136,778,1,4,1,8
2855,200,-3770849708749216202,0,114,114,741,1,11,7,20
2856,200,724716575914247141,0,119,119,755,1,3,1,6
2857,200,3281297359668895288,0,136,136,749,3,4,2,11
2858,200,5842739579048484139,0,123,123,761,2,3,1,8
2859,200,-8245037753104238865,0,132,132,735,2,3,1,11
2860,200,-5541666023368756036,0,142,142,738,3,5,3,8
2861,200,-8839137156198317700,0,152,152,755,1,7,4,17
2862,200,5510160282522718933,0,131,131,743,4,4,2,6
2863,200,482465010178360399,0,155,155,735,4,3,2,11
2864,200,-5548416304300100171,0,142,142,750,2,6,3,14
2865,200,167155235603560667,0,135,135,793,2,7,3,16
2866,200,-6588237135905560465,0,153,153,744,3,4,2,16
2867,200,5447154099362689160,0,179,179,781,1,5,3,11
2868,200,3858602253446066946,0,148,148,747,1,5,2,13
2869,200,7212373049318708462,0,94,94,746,2,9,8,21
2870,200,-5041949950100736090,0,139,139,774,1,7,4,17
2871,200,1213501231642834751,0,114,114,751,6,4,2,9
2872,200,6281867896738058600,0,116,116,757,8,3,2,7
2873,200,9169881126764897027,0,128,128,745,1,3,1,7
2874,200,2942926228220200952,0,179,179,749,1,3,2,6
2875,200,8812431660255127563,0,127,127,749,1,5,2,13
2876,200,-2795514583817884479,0,145,145,761,2,3,1,8
2877,200,8260413044658065311,0,142,142,761,2,5,3,10
2878,200,3978684347795092794,0,157,157,767,6,3,2,7
2879,200,6537504322968416505,0,154,154,759,1,4,1,9
2880,200,-960340273831352709,0,144,144,748,4,2,1,6
2881,200,689608509417838839,0,161,161,724,2,5,2,12
2882,200,-230818485129042413,0,137,137,751,7,2,1,5
2883,200,-5087650333173679861,0,141,141,746,1,4,1,13
2884,200,-2892185593553746920,0,135,135,762,3,2,1,7
2885,200,-8489689467839655563,0,119,119,766,1,7,5,17
2886,200,4207568647407014526,0,126,126,753,5,5,3,11
2887,200,-5215262829977777484,0,168,168,748,6,4,3,9
2888,200,1203499542483443116,0,148,148,751,2,4,2,12
2889,200,8548975833766801977,0,63,63,755,3,10,6,25
2890,200,-247087906260919732,0,137,137,756,8,3,2,12
2891,200,8969650966624226910,0,131,131,760,7,3,2,5
2892,200,-4857264479168095134,0,151,151,755,1,5,3,12
2893,200,-2827232293197529707,0,129,129,773,2,6,3,16
2894,200,5605175205327268768,0,146,146,753,2,3,1,10
2895,200,-6842023664657132316,0,123,123,747,4,3,1,8
2896,200,8100234022038669559,0,108,108,759,2,6,4,11
2897,200,-8681554868753206896,0,149,149,765,1,4,2,10
2898,200,7990552138282350961,0,159,159,767,7,4,3,9
2899,200,-5476508693187857896,0,138,138,766,1,4,1,5
2900,200,8193640620099430973,0,142,142,755,3,6,2,10
2901,200,8520699598768065124,0,127,127,767,1,7,5,18
2902,200,5128591307472044555,0,149,149,755,7,6,4,16
2903,200,-3504667059175332034,0,123,123,753,1,6,3,14
2904,200,-5742155405261868134,0,116,116,771,2,5,3,13
2905,200,-8813433296058198783,0,98,98,735,1,5,3,12
2906,200,-48752492380134002,0,151,151,752,1,3,1,9
2907,200,-1747535747622183537,0,148,148,766,3,3,1,9
2908,200,425817579638555526,0,165,165,731,6,7,5,18
2909,200,9158854129857696136,0,133,133,740,4,5,4,14
2910,200,355207190058912878,0,139,139,765,5,4,3,12
2911,200,8099763732836888760,0,138,138,733,5,3,3,5
2912,200,-1057104298006711791,0,137,137,741,1,4,1,11
2913,200,-2730866641244772912,0,149,149,767,3,6,4,13
2914,200,461848024031108593,0,148,148,764,1,5,2,15
2915,200,3161710812191983960,0,162,162,757,5,4,2,11
2916,200,4145193407652966234,0,135,135,748,1,4,3,12
2917,200,-5912374136787279900,0,143,143,754,2,4,3,13
2918,200,-3350631980720863564,0,158,158,753,4,4,2,15
2919,200,-8853766144344586363,0,166,166,749,2,5,3,13
2920,200,-6734480160761564647,0,138,138,761,5,6,3,15
2921,200,-5225990034912933758,0,148,148,753,4,10,9,20
2922,200,6967557755262045991,0,149,149,762,4,3,2,8
2923,200,-7392342579231998648,0,123,123,761,1,3,1,9
2924,200,2661977299602781718,0,139,139,763,2,3,2,4
2925,200,-5991421415364524642,0,142,142,761,3,4,1,8
2926,200,-3585167568318479860,0,165,165,751,8,5,4,18
2927,200,3404524773558843676,0,126,126,755,2,2,1,10
2928,200,-1836950677552575825,0,136,136,763,8,6,5,16
2929,200,3520579398430346461,0,121,121,769,3,5,3,14
2930,200,6171345830306816764,0,125,125,748,4,4,2,7
2931,200,3695384762889461875,0,125,125,764,1,5,2,13
2932,200,-8565075520620220074,0,117,117,775,2,3,1,6
2933,200,-7536562966885030373,0,140,140,749,4,3,1,10
2934,200,481054415873848546,0,151,151,752,2,4,2,7
2935,200,-582628428198094287,0,158,158,732,1,7,4,18
2936,200,4847887133726247953,0,138,138,746,1,8,4,15
2937,200,6158152328938143205,0,124,124,740,4,8,5,23
2938,200,5725513160386629757,0,93,93,748,4,3,2,9
2939,200,6982292010683746607,0,118,118,757,1,4,1,11
2940,200,-7251415002901980167,0,128,128,772,4,5,2,13
2941,200,7391619725698467840,0,112,112,752,1,7,4,20
2942,200,942758959901608675,0,142,142,769,1,4,1,11
2943,200,6370408892744505017,0,165,165,745,1,3,2,6
2944,200,-8213341959909978181,0,124,124,776,1,6,3,21
2945,200,3080767570091241952,0,123,123,757,1,3,2,11
2946,200,7260496258780130297,0,134,134,750,1,4,2,6
2947,200,7435729458190748944,0,148,148,743,4,4,3,8
2948,200,6701772436444045850,0,151,151,787,2,5,3,8
2949,200,4560516408935310641,0,148,148,745,9,1,1,2
2950,200,4724200245257598203,0,118,118,750,2,3,2,7
2951,200,996285031361217001,0,134,134,741,1,10,8,27
2952,200,4847974018290960491,0,138,138,770,4,6,3,8
2953,200,-7074361845068129710,0,150,150,721,5,2,1,6
2954,200,-778371814324668678,0,133,133,766,3,5,4,5
2955,200,-8559292550708932371,0,169,169,756,1,8,4,20
2956,200,-3422361843257298665,0,136,136,748,2,4,2,12
2957,200,-2536069618485904683,0,143,143,747,4,11,8,27
2958,200,2623968719254927705,0,121,121,748,6,6,3,14
2959,200,58610747621189175,0,146,146,753,6,5,3,13
2960,200,-4833327205017136612,0,117,117,758,2,7,4,21
2961,200,-4251166656330771455,0,122,122,744,4,2,1,7
2962,200,-2743969819407323056,0,139,139,759,4,6,3,15
2963,200,-5098482081900259111,0,142,142,758,3,4,2,7
2964,200,-7169321638486718579,0,153,153,738,1,6,2,13
2965,200,-8080482874517284528,0,144,144,774,3,3,2,3
2966,200,6122083980168856425,0,138,138,765,1,7,3,13
2967,200,-3870620508926306985,0,151,151,743,1,11,7,21
2968,200,-672210002083757554,0,108,108,751,2,2,1,4
2969,200,775799952293558001,0,140,140,744,1,3,2,3
2970,200,-1517202776833481722,0,140,140,754,1,5,2,14
2971,200,243724818774923306,0,137,137,775,4,6,4,9
2972,200,-1290682102069885608,0,122,122,753,2,2,1,7
2973,200,-8389940939742677945,0,149,149,755,2,4,2,10
2974,200,2141635602583630809,0,152,152,748,4,7,4,21
2975,200,2174480623672670270,0,113,113,745,2,7,5,23
2976,200,-3293385703444203845,0,123,123,747,6,8,5,20
2977,200,1937173568519497320,0,102,102,752,6,2,2,4
2978,200,-2707512528395142295,0,141,141,750,1,5,3,7
2979,200,1923964122762740084,0,147,147,768,3,4,2,9
2980,200,-6113044938086384745,0,121,121,770,2,4,1,6
2981,200,8723940932735759006,0,171,171,752,2,4,3,15
2982,200,-5836430890329526124,0,121,121,756,5,4,2,15
2983,200,-6541733095275356383,0,147,147,763,2,9,7,15
2984,200,897969872152881122,0,121,121,744,1,10,5,23
2985,200,-6135889093091041046,0,135,135,747,1,6,3,10
2986,200,-6427316842945032953,0,149,149,774,1,4,1,12
2987,200,-5629130277704968563,0,116,116,740,5,2,1,4
2988,200,5044644337652350117,0,130,130,761,2,4,3,6
2989,200,-8431611616468124036,0,130,130,756,2,4,2,9
2990,200,7556995177925883080,0,150,150,761,3,3,1,8
2991,200,1058425892365259125,0,141,141,753,1,3,1,9
2992,200,5995608813324662399,0,141,141,754,5,2,1,5
2993,200,8543245492704137276,0,108,108,745,1,5,2,11
2994,200,2655052345405484205,0,156,156,752,8,4,3,9
2995,200,-8619735001060689782,0,93,93,748,3,3,1,6
2996,200,-4400648783052461024,0,133,133,764,4,6,4,16
2997,200,-8530912189671156411,0,149,149,786,6,6,4,16
2998,200,-3060681517866442526,0,136,136,733,4,2,1,6
2999,200,7151535893170298352,0,136,136,756,3,8,5,20
3000,200,3390092359858797775,0,126,126,751,2,6,4,16
3001,200,741893782054082916,0,144,144,739,1,6,3,13
3002,200,7104051059200801639,0,161,161,759,1,6,3,16
3003,200,6132005235844822976,0,154,154,752,2,4,2,14
3004,200,-4533814143313129755,0,155,155,757,1,4,2,9
3005,200,-8008967908557564003,0,150,150,753,8,3,2,8
3006,200,3820538130640292496,0,123,123,748,2,4,2,7
3007,200,-2182351521093227898,0,114,114,755,2,8,5,25
3008,200,-5782679169374740912,0,134,134,745,2,7,4,18
3009,200,3668379218105068710,0,133,133,760,2,4,1,8
3010,200,-2006724119213705341,0,144,144,747,7,3,2,7
3011,200,-605481955454606397,0,144,144,757,6,5,3,15
3012,200,-7535751238037562607,0,106,106,768,4,4,2,13
3013,200,8718743405173168491,0,133,133,743,5,5,3,16
3014,200,-4939446016350335811,0,153,153,748,2,5,2,9
3015,200,-1231652902308314004,0,121,121,740,2,8,4,21
3016,200,988534287031982014,0,136,136,772,1,6,4,17
3017,200,3266591852499735944,0,127,127,748,4,2,1,3
3018,200,-327253803090047858,0,115,115,745,1,9,5,18
3019,200,-7437783819547026583,0,150,150,765,2,4,2,8
3020,200,-2968876794452523007,0,144,144,763,1,5,3,15
3021,200,2534554172117955026,0,141,141,766,1,4,3,11
3022,200,-2128380055720700008,0,153,153,764,3,5,3,10
3023,200,-2198606292935249897,0,141,141,754,3,5,3,10
3024,200,-5689428262506377450,0,118,118,726,1,9,5,24
3025,200,-1273488730283783473,0,146,146,743,3,7,3,22
3026,200,-4911174575884000428,0,133,133,754,8,4,3,8
3027,200,-6619679564530836281,0,148,148,769,1,7,3,17
3028,200,-4453539596820930991,0,151,151,729,9,2,2,6
3029,200,2495540592112192312,0,153,153,746,2,4,2,9
3030,200,8011638740161626253,0,120,120,764,5,5,2,10
3031,200,-5561845138331846340,0,134,134,751,1,5,2,15
3032,200,5705000069710603158,0,128,128,749,2,4,3,9
3033,200,1981087644967435902,0,130,130,751,2,5,3,8
3034,200,5371569724445503970,0,161,161,752,5,5,2,8
3035,200,-4434128779495287503,0,130,130,767,4,6,4,15
3036,200,-8207864737395521569,0,145,145,738,1,10,6,25
3037,200,8917905825490432835,0,140,140,737,9,1,1,2
3038,200,975906054789009992,0,139,139,759,2,5,3,15
3039,200,-2463429262469938479,0,138,138,743,3,3,2,8
3040,200,1170135017309552058,0,122,122,736,3,3,2,10
3041,200,-8174021087695065635,0,136,136,756,2,7,3,14
3042,200,-8279831450741847161,0,133,133,733,5,4,1,11
3043,200,4550743804818878781,0,160,160,738,2,3,1,9
3044,200,8646743333042134984,0,131,131,762,3,4,3,6
3045,200,8205803038795573974,0,153,153,757,1,6,2,14
3046,200,-6775027578990863176,0,111,111,748,4,6,4,15
3047,200,-801698345637210358,0,113,113,757,1,8,4,22
3048,200,-1367877682291269824,0,110,110,760,2,3,2,7
3049,200,8931024483415306606,0,117,117,770,1,5,3,14
3050,200,8545334278912995533,0,163,163,756,7,2,2,2
3051,200,-9156063687529517888,0,162,162,736,4,5,2,19
3052,200,510871865982812777,0,132,132,740,2,4,2,10
3053,200,-7148583240231422441,0,152,152,776,1,5,3,20
3054,200,-5582487133679713015,0,147,147,744,2,8,4,23
3055,200,-5206139321822038180,0,185,185,745,3,3,2,7
3056,200,-5294270709897415901,0,155,155,755,8,1,1,1
3057,200,-7671788063779582728,0,151,151,743,2,4,2,9
3058,200,8421516177941716868,0,152,152,754,3,8,5,19
3059,200,9163478630387737294,0,159,159,761,3,5,2,11
3060,200,506145288869518687,0,150,150,768,3,6,3,18
3061,200,-4674728676344877972,0,144,144,742,4,4,3,10
3062,200,-8623314630378891864,0,136,136,744,3,3,1,7
3063,200,-5585981575585043332,0,147,147,751,1,3,1,9
3064,200,8666946257976024482,0,139,139,772,1,7,4,20
3065,200,-4409753056724172928,0,146,146,758,7,3,2,10
3066,200,-4714414961252048201,0,142,142,744,1,4,2,7
3067,200,6676977832335269310,0,154,154,743,1,3,2,12
3068,200,999248327694139271,0,130,130,742,3,2,1,7
3069,200,1613468811668867192,0,143,143,765,4,3,2,11
3070,200,-1550319010348396990,0,138,138,771,3,5,2,13
3071,200,-5885803716420430240,0,116,116,746,4,4,2,11
3072,200,2748860872679951418,0,140,140,748,2,6,2,17
3073,200,5126229251396014922,0,147,147,781,2,12,8,28
3074,200,-9001532032172678477,0,146,146,747,1,12,8,26
3075,200,-8000366069702056157,0,140,140,760,2,6,3,13
3076,200,-7048980602594940675,0,175,175,747,1,5,3,12
3077,200,2151870333888608289,0,131,131,738,1,10,7,19
3078,200,-7829074558694771772,0,120,120,759,3,3,1,4
3079,200,9057458852627610683,0,149,149,766,1,4,2,14
3080,200,-4113723258648656474,0,152,152,767,4,4,1,10
3081,200,8031917077337664987,0,148,148,767,1,5,2,12
3082,200,4420917662676514054,0,146,146,770,1,7,4,22
3083,200,5278393335388592082,0,129,129,749,1,7,4,19
3084,200,3906582900592696095,0,152,152,748,3,2,1,6
3085,200,-202937266431316852,0,167,167,761,6,3,1,5
3086,200,-4527064242463186852,0,150,150,760,2,3,2,3
3087,200,-1427758816713335676,0,162,162,754,2,4,1,12
3088,200,-8330041049065375259,0,150,150,735,2,7,5,13
3089,200,2313056608415686649,0,161,161,763,2,6,4,13
3090,200,-6147898272334140291,0,146,146,750,5,4,3,10
3091,200,-1614620496388888607,0,141,141,760,3,4,3,9
3092,200,-2499081214121514870,0,136,136,755,3,10,8,28
3093,200,1999823714637474334,0,113,113,763,1,3,1,6
3094,200,-8995288514289659019,0,156,156,750,1,8,5,20
3095,200,-2632021536821805841,0,152,152,776,2,4,2,11
3096,200,-8480882402207919564,0,108,108,726,5,4,2,12
3097,200,-2599923411939773015,0,142,142,754,1,4,2,12
3098,200,2758824368106236196,0,168,168,783,1,5,2,9
3099,200,-2890156139819041115,0,127,127,763,2,4,2,16
3100,200,28044100754031899,0,116,116,749,1,9,7,26
3101,200,-7935003793888667524,0,149,149,722,3,2,1,7
3102,200,-6634731881326280259,0,127,127,754,3,7,5,16
3103,200,-2999759309223036303,0,123,123,762,1,5,3,9
3104,200,-242454867679985394,0,143,143,760,5,3,2,8
3105,200,2143901824824952366,0,129,129,757,3,2,1,7
3106,200,7698836194163320905,0,143,143,769,4,4,2,11
3107,200,-487637986483223885,0,106,106,770,2,5,3,16
3108,200,-5869816333049195025,0,117,117,756,2,3,1,8
3109,200,8120577299734336139,0,107,107,749,3,3,2,10
3110,200,5929052486020261154,0,151,151,759,4,4,2,10
3111,200,-6714367675329701568,0,153,153,737,2,4,2,11
3112,200,5677485449053147699,0,149,149,749,2,3,2,8
3113,200,2094325517217743888,0,151,151,736,3,3,2,5
3114,200,-369190203325459336,0,134,134,762,3,6,4,9
3115,200,-8446109853205714464,0,144,144,747,4,6,3,22
3116,200,-8728035316455669405,0,155,155,791,6,1,1,1
3117,200,1861911334046185072,0,147,147,745,7,4,3,8
3118,200,-1619964953093911345,0,150,150,755,2,4,1,9
3119,200,-7210895629108685617,0,127,127,764,1,6,3,11
3120,200,6073975207597259421,0,138,138,746,2,3,1,4
3121,200,6261042502280039697,0,128,128,735,3,4,2,11
3122,200,-5688238476080114305,0,153,153,748,2,2,1,6
3123,200,4555380686075676992,0,135,135,754,3,4,3,16
3124,200,-1699918830134132973,0,110,110,761,3,7,5,13
3125,200,2298789992256910736,0,152,152,760,1,6,3,20
3126,200,8789472211407334707,0,140,140,760,3,2,1,2
3127,200,-2521058582150090795,0,151,151,732,7,5,4,11
3128,200,7216875085501540491,0,125,125,758,2,6,3,14
3129,200,8361458708787165753,0,155,155,759,8,3,3,5
3130,200,4135779105821794411,0,141,141,777,1,6,2,14
3131,200,-3918610346406664919,0,135,135,759,2,4,1,8
3132,200,3828929908779984861,0,143,143,775,1,6,2,13
3133,200,7540304084393550991,0,123,123,763,1,4,2,10
3134,200,-931328204100276230,0,136,136,742,3,9,8,21
3135,200,-8743627976667610042,0,147,147,800,4,5,2,10
3136,200,5179727149625037689,0,152,152,750,4,3,2,7
3137,200,7318983165946933194,0,155,155,761,2,6,3,10
3138,200,8379600950464235400,0,136,136,752,1,8,5,22
3139,200,4535580886595993903,0,116,116,752,2,5,3,8
3140,200,4123940973511476702,0,120,120,767,1,8,5,26
3141,200,-8505330776950863020,0,148,148,764,2,6,3,17
3142,200,1130240267607917584,0,115,115,763,1,4,2,8
3143,200,-6428074996513991848,0,90,90,759,2,10,7,29
3144,200,3396492652922276900,0,144,144,740,6,5,3,14
3145,200,-3420477861335470773,0,159,159,736,5,4,3,14
3146,200,325766963007425123,0,146,146,781,3,2,1,2
3147,200,-649949874787831768,0,135,135,758,3,3,1,7
3148,200,532291743957083251,0,122,122,744,6,4,2,5
3149,200,-7302179708681997053,0,143,143,746,2,3,1,9
3150,200,7345076293088144804,0,157,157,751,5,3,1,5
3151,200,-8302076684109097602,0,159,159,749,5,4,2,8
3152,200,1801702079992319113,0,106,106,754,1,10,7,27
3153,200,2446277484415032705,0,168,168,756,2,4,3,11
3154,200,-8568437998394743349,0,116,116,747,2,7,3,18
3155,200,-3039789373296450519,0,138,138,760,3,4,1,11
3156,200,-2643900418087641031,0,134,134,750,3,5,4,13
3157,200,-1158161754528546816,0,135,135,745,2,4,3,7
3158,200,4278008695117338146,0,116,116,754,1,5,3,11
3159,200,-7886693253925729681,0,141,141,735,1,9,5,26
3160,200,7201699709314074598,0,128,128,748,3,8,5,19
3161,200,-2009779612653263248,0,143,143,751,1,4,2,11
3162,200,4897611745649664970,0,133,133,760,2,8,4,20
3163,200,2797743894597107335,0,141,141,757,1,3,1,5
3164,200,-3218613780389071092,0,157,157,750,5,3,2,9
3165,200,-9177998322268901902,0,144,144,753,2,8,4,23
3166,200,-105659106114659273,0,116,116,774,6,5,4,13
3167,200,-6653196983792727777,0,159,159,749,8,6,5,20
3168,200,8455886640413735608,0,149,149,747,2,5,3,9
3169,200,3320643604137605469,0,105,105,738,3,5,2,13
3170,200,3367956273770507184,0,120,120,773,6,3,2,5
3171,200,8228591694035312598,0,160,160,747,2,5,3,13
3172,200,-7912206948561364981,0,158,158,765,1,7,4,20
3173,200,-1775892707502410819,0,138,138,746,6,3,2,3
3174,200,-8725029875363060784,0,150,150,749,3,6,3,16
3175,200,830802112799395779,0,157,157,749,2,5,2,11
3176,200,-6214239432185283910,0,178,178,758,3,4,2,6
3177,200,5082350566770533070,0,123,123,744,2,9,5,18
3178,200,-4746981993212718584,0,169,169,766,1,5,2,15
3179,200,-726509346709882900,0,142,142,741,3,4,2,8
3180,200,1869200440792167313,0,175,175,764,3,6,3,18
3181,200,4338645541212948869,0,141,141,739,7,2,2,2
3182,200,8956876648010851866,0,158,158,747,4,5,1,10
3183,200,6015789873260811216,0,141,141,757,1,3,1,7
3184,200,-92483516318038293,0,116,116,748,3,5,1,10
3185,200,-3259487643856905592,0,134,134,756,2,5,2,10
3186,200,-3070499757894719329,0,133,133,767,2,6,3,14
3187,200,-6099531205552384546,0,129,129,765,1,6,2,17
3188,200,8139649797234641724,0,174,174,726,5,3,2,10
3189,200,4568705471735003825,0,159,159,754,1,9,5,24
3190,200,-8754161487925673597,0,150,150,754,4,3,2,11
3191,200,4180835441726083579,0,84,84,742,1,7,5,17
3192,200,2828217554434774920,0,132,132,752,1,5,3,10
3193,200,3104051913978581902,0,103,103,752,1,6,3,15
3194,200,-6148459515747185020,0,159,159,758,4,4,3,8
3195,200,163200891344189441,0,126,126,765,3,6,4,15
3196,200,-2147953929892888087,0,141,141,754,4,5,3,14
3197,200,-8245409261383502364,0,158,158,743,4,2,1,7
3198,200,2776420535364225462,0,121,121,751,2,4,2,9
3199,200,860104832620928570,0,131,131,778,4,3,2,7
3200,200,-287190314650423796,0,148,148,766,1,4,1,12
3201,200,-5956411088538760152,0,152,152,758,4,4,3,10
3202,200,-7121103464026095615,0,110,110,771,2,3,1,10
3203,200,-5015009565319259159,0,122,122,768,1,5,3,12
3204,200,-1625844439179973708,0,160,160,750,5,4,2,12
3205,200,-2962047936645341948,0,128,128,724,5,7,5,20
3206,200,6487142936303671201,0,170,170,764,1,6,3,16
3207,200,-1689453228849269823,0,154,154,748,4,3,1,5
3208,200,8651640770485626166,0,178,178,782,3,3,1,4
3209,200,2800034381374512600,0,109,109,739,2,5,2,15
3210,200,4485212288973350566,0,138,138,748,3,6,4,19
3211,200,-8893656220985766292,0,140,140,773,2,5,2,12
3212,200,2078099520283237884,0,157,157,736,3,7,4,20
3213,200,5905278401979209015,0,110,110,769,1,6,3,19
3214,200,7657155500955179378,0,131,131,769,4,3,1,9
3215,200,-5048928591197223675,0,143,143,742,3,2,1,7
3216,200,-5529007219524091645,0,130,130,760,3,4,2,10
3217,200,-5871640821419176602,0,144,144,751,1,7,4,11
3218,200,1035281000897161534,0,152,152,765,3,7,4,20
3219,200,6071371141267356574,0,128,128,744,6,4,3,8
3220,200,-6594120394495869092,0,152,152,760,1,4,2,8
3221,200,-2062611487005239584,0,133,133,772,1,5,2,12
3222,200,-8690120495842860396,0,131,131,772,1,8,4,22
3223,200,-1578259809237333061,0,146,146,750,1,10,7,18
3224,200,-8404762146494480722,0,133,133,770,3,7,4,15
3225,200,-8636561925589935404,0,89,89,777,1,12,7,31
3226,200,-5834369814064448554,0,164,164,765,1,8,5,25
3227,200,-8452392065086341419,0,174,174,753,2,3,1,11
3228,200,1237251950617941938,0,112,112,740,2,5,3,12
3229,200,-5531630595478225499,0,151,151,751,1,3,1,5
3230,200,1237969467277966262,0,168,168,753,1,3,1,9
3231,200,2182939066481940697,0,157,157,738,5,4,2,12
3232,200,-1395359256726690634,0,142,142,727,1,8,5,13
3233,200,-1570878450552237719,0,158,158,770,1,7,4,11
3234,200,-8467187153114697796,0,131,131,747,2,3,1,10
3235,200,7246464986925052582,0,159,159,772,5,2,1,5
3236,200,-6682511810846859237,0,144,144,754,2,5,3,10
3237,200,2969094008657582187,0,155,155,734,4,3,2,8
3238,200,-5907386242687438140,0,141,141,748,2,4,1,10
3239,200,-9133342432456612717,0,134,134,748,4,9,7,24
3240,200,-1492232808180935977,0,108,108,762,2,4,1,12
3241,200,-4706863798867044438,0,151,151,756,4,5,3,9
3242,200,3633845177101370237,0,106,106,760,1,11,8,22
3243,200,5985998432692781286,0,153,153,754,3,2,1,6
3244,200,5963314107486671604,0,149,149,742,4,4,3,12
3245,200,-8610190522476299945,0,139,139,755,1,7,4,21
3246,200,-7964405131221783829,0,114,114,750,3,4,2,13
3247,200,7310194350916001373,0,142,142,768,4,5,4,12
3248,200,2190541877371572751,0,179,179,752,5,4,2,10
3249,200,-5165804447211094181,0,160,160,733,3,4,3,4
3250,200,-686243873187204379,0,118,118,745,1,3,1,7
3251,200,3001925705559995049,0,131,131,738,1,4,2,10
3252,200,2986543021471923162,0,143,143,758,3,3,1,10
3253,200,-6585514619567372850,0,159,159,772,4,4,3,10
3254,200,-7846940343613379433,0,131,131,746,6,2,2,6
3255,200,5219646314432249071,0,98,98,755,3,3,1,5
3256,200,-1331058436770716518,0,144,144,762,4,6,4,13
3257,200,6125436549253944705,0,151,151,774,3,3,2,5
3258,200,8334804963275458306,0,153,153,764,1,4,1,10
3259,200,5271950498128969797,0,151,151,741,4,4,2,6
3260,200,-4595724948966193239,0,142,142,751,2,10,7,25
3261,200,7469439194640238198,0,129,129,745,8,2,2,4
3262,200,-667904307384257161,0,147,147,748,2,11,7,26
3263,200,-9214524239974314437,0,121,121,750,3,3,1,4
3264,200,-4468099697396034059,0,130,130,758,3,6,4,11
3265,200,-6442344156908719518,0,154,154,758,4,2,1,8
3266,200,2144543204135331360,0,142,142,759,4,7,5,15
3267,200,3567349217355161935,0,129,129,770,1,10,6,27
3268,200,-1114472247085984641,0,94,94,779,1,5,3,17
3269,200,2576485352068265778,0,135,135,765,1,4,1,14
3270,200,510573556426229879,0,143,143,760,1,9,4,20
3271,200,1953444039238141815,0,114,114,764,5,3,2,9
3272,200,5531296208432302814,0,156,156,741,2,9,7,19
3273,200,-375517529915455102,0,153,153,739,4,4,2,8
3274,200,248322115125715917,0,126,126,746,1,4,1,11
3275,200,2516064191119170716,0,147,147,750,2,5,2,19
3276,200,791659799632462265,0,126,126,770,1,3,1,9
3277,200,-1735597624491337945,0,146,146,756,2,6,2,9
3278,200,-2029693825814921788,0,136,136,752,1,5,2,13
3279,200,-4825279594967296743,0,168,168,735,2,3,2,11
3280,200,5908271902738010449,0,123,123,737,3,4,3,10
3281,200,-4939244998972458585,0,140,140,766,4,3,2,6
3282,200,5653305858371670229,0,136,136,727,2,7,4,17
3283,200,-5213741365599594432,0,169,169,748,2,4,2,9
3284,200,2599171227672756212,0,139,139,764,3,4,2,12
3285,200,5896758220874954940,0,164,164,758,5,11,9,15
3286,200,2594333297047130828,0,153,153,715,2,7,4,19
3287,200,9218565782349261525,0,141,141,749,5,7,5,9
3288,200,-6109452555471277941,0,134,134,772,1,6,3,10
3289,200,2314493114204544213,0,169,169,759,1,5,3,17
3290,200,4652034851661122375,0,127,127,745,1,5,3,19
3291,200,-6974840906776630895,0,131,131,776,5,2,1,2
3292,200,5190964574278770957,0,133,133,756,3,5,3,12
3293,200,-7679298744630750827,0,150,150,731,5,4,2,9
3294,200,3301289939976272442,0,161,161,752,2,3,1,6
3295,200,2565241510367581088,0,169,169,754,3,4,2,9
3296,200,8152653028858034441,0,136,136,756,2,5,2,13
3297,200,-8519872425647515566,0,116,116,736,5,2,1,6
3298,200,-5875891298769138067,0,123,123,742,2,7,4,12
3299,200,-2007975712441653981,0,184,184,737,2,5,2,9
3300,200,-6418721514347845599,0,135,135,766,2,3,1,9
3301,200,-5540477727700202857,0,136,136,757,2,5,3,12
3302,200,7268479599804984316,0,141,141,740,1,6,4,17
3303,200,1440331818375807407,0,116,116,740,3,3,1,8
3304,200,9089439384059679881,0,161,161,769,8,5,4,13
3305,200,-6783713900883219294,0,135,135,758,1,6,3,14
3306,200,4146244270505362135,0,116,116,759,2,5,3,6
3307,200,7296694096769658573,0,133,133,755,3,9,7,27
3308,200,697935000104901004,0,138,138,765,4,2,1,5
3309,200,1574644817313370087,0,141,141,763,1,5,2,12
3310,200,-8087457697888537280,0,152,152,749,5,3,3,9
3311,200,1124990253155884664,0,128,128,758,1,3,1,6
3312,200,-5019744733746211321,0,194,194,743,2,5,2,9
3313,200,-7660596705501444725,0,165,165,759,1,6,3,11
3314,200,-3921070095093772721,0,115,115,745,1,3,1,7
3315,200,7746161804499683746,0,157,157,773,1,4,2,10
3316,200,2415834750342662892,0,116,116,762,3,6,3,12
3317,200,1297638211813990633,0,118,118,769,1,3,1,6
3318,200,1589918965246199921,0,127,127,762,7,1,1,2
3319,200,8572253929931561647,0,149,149,753,2,5,3,8
3320,200,-2136895122173441599,0,157,157,758,2,6,4,10
3321,200,499592078437681681,0,144,144,731,2,6,4,19
3322,200,524928962073060325,0,136,136,759,2,6,4,10
3323,200,-8852980926434023433,0,158,158,764,1,8,4,18
3324,200,-9056869528961944801,0,151,151,771,4,3,1,6
3325,200,-151276469411536828,0,138,138,760,5,2,1,5
3326,200,-598298873834025666,0,163,163,735,3,7,4,18
3327,200,-8218043050648633783,0,112,112,730,1,7,4,14
3328,200,-5068590709546253005,0,141,141,741,4,3,1,5
3329,200,-8466118843495273350,0,146,146,738,3,6,5,12
3330,200,-2830399845579746332,0,118,118,752,3,4,1,9
3331,200,1129821105200020323,0,158,158,777,4,3,2,11
3332,200,6424129065502227007,0,142,142,754,5,5,2,14
3333,200,-2509374947360562212,0,145,145,772,4,6,3,14
3334,200,-7010399295997644654,0,126,126,767,1,4,2,11
3335,200,4060550482961807483,0,101,101,746,4,3,1,5
3336,200,-2761388790558525670,0,134,134,752,1,8,5,20
3337,200,-3553836421523916215,0,149,149,774,1,4,3,9
3338,200,2355380217970842585,0,154,154,756,3,5,3,14
3339,200,1812176382964073657,0,120,120,732,3,3,2,6
3340,200,3468378860426955180,0,134,134,750,3,4,3,11
3341,200,-2887973430982998827,0,126,126,756,1,8,3,24
3342,200,-1409231353283595108,0,139,139,708,2,5,2,10
3343,200,-412684114698342470,0,133,133,754,5,2,1,4
3344,200,-8188262331068598412,0,158,158,740,2,8,5,15
3345,200,-4507899165051622330,0,157,157,749,7,2,1,8
3346,200,4750977063850325650,0,155,155,758,2,5,3,13
3347,200,-9081649853648198641,0,138,138,740,2,2,1,3
3348,200,5776150900562369538,0,123,123,770,6,3,1,5
3349,200,-680630951573000298,0,121,121,763,7,2,1,3
3350,200,2526687667218170056,0,169,169,745,8,3,2,6
3351,200,5018275844666003900,0,152,152,738,5,4,3,6
3352,200,8182531960731588476,0,163,163,743,2,3,2,9
3353,200,5775419792877500020,0,144,144,745,3,6,4,17
3354,200,2830061986379951132,0,157,157,762,1,3,2,6
3355,200,-8625138638564480839,0,132,132,764,8,2,1,3
3356,200,-7928714830609314531,0,134,134,747,2,6,4,11
3357,200,-2632355370342648894,0,148,148,761,1,6,4,13
3358,200,-8320669996407655997,0,148,148,746,6,4,3,8
3359,200,6751965383596630900,0,142,142,753,4,7,4,11
3360,200,-5339358359929278030,0,131,131,739,4,2,1,6
3361,200,-7389525006724687848,0,171,171,755,7,5,4,13
3362,200,-3342434040270495293,0,169,169,741,2,4,1,10
3363,200,2735096967791550797,0,175,175,727,3,3,2,11
3364,200,-5818273235202627045,0,132,132,744,1,4,2,15
3365,200,8319271964419576896,0,139,139,765,6,2,1,7
3366,200,-7751457178506886,0,156,156,770,1,8,6,8
3367,200,6450810798325649689,0,158,158,744,1,12,9,26
3368,200,5941774628395465168,0,131,131,754,2,3,1,11
3369,200,-6165858429052884040,0,159,159,757,2,5,1,14
3370,200,-5992444144668939755,0,119,119,736,4,4,2,10
3371,200,-1602347001427137632,0,146,146,734,6,3,2,10
3372,200,7276047544478810457,0,132,132,756,1,6,4,16
3373,200,-3035616959485257933,0,138,138,753,6,6,5,14
3374,200,-6481252823297679590,0,105,105,769,5,5,4,14
3375,200,1047275973786484255,0,123,123,742,2,5,2,8
3376,200,9217056807739837653,0,106,106,752,4,2,1,8
3377,200,2311562921237952280,0,142,142,762,4,2,1,6
3378,200,3214632046028657887,0,117,117,768,4,3,1,4
3379,200,3854566123589436615,0,151,151,769,1,8,5,20
3380,200,-594534613384105356,0,133,133,726,2,4,2,8
3381,200,-3630604295588932095,0,178,178,758,1,5,1,11
3382,200,-6999971350952988912,0,180,180,747,5,2,1,6
3383,200,-1436241159405382340,0,122,122,736,6,4,2,8
3384,200,4067315932948922621,0,110,110,749,1,6,3,16
3385,200,5042190502867401534,0,151,151,739,6,2,2,6
3386,200,8219218981919358765,0,141,141,772,2,4,2,13
3387,200,669379885146069270,0,115,115,752,3,6,4,14
3388,200,-1482089781700002231,0,144,144,749,3,4,2,13
3389,200,-4337331045603783344,0,141,141,752,6,3,2,8
3390,200,7464420718394059529,0,112,112,738,1,6,2,12
3391,200,1219466014216181859,0,127,127,752,2,5,2,11
3392,200,-6107173845967112762,0,131,131,737,2,4,3,12
3393,200,-8411571160387058578,0,155,155,769,1,5,3,12
3394,200,-334217349934636212,0,126,126,748,1,6,3,16
3395,200,-4207513618031766493,0,136,136,736,2,6,4,18
3396,200,-85301253698251019,0,145,145,746,4,3,2,7
3397,200,381207386128395523,0,115,115,753,2,3,2,6
3398,200,2586510115622988274,0,129,129,743,4,9,6,19
3399,200,2589644195610325195,0,146,146,764,3,4,2,10
3400,200,-3123224075701378069,0,154,154,777,2,5,2,12
3401,200,7415301972475722286,0,128,128,752,4,7,5,19
3402,200,-7049257821522777909,0,134,134,779,2,7,4,20
3403,200,-8309684372331532093,0,134,134,751,3,3,1,9
3404,200,-4865611729690841132,0,182,182,747,3,7,4,16
3405,200,-7215463320593487808,0,144,144,774,2,4,1,10
3406,200,3029491373890918393,0,143,143,752,8,2,1,4
3407,200,-5145999387780481304,0,155,155,762,3,6,3,14
3408,200,-6055496926736634516,0,131,131,760,6,1,1,1
3409,200,299850057583718210,0,131,131,758,1,4,2,6
3410,200,5622017149127341172,0,114,114,766,1,6,2,14
3411,200,3205000580166027531,0,144,144,764,4,5,4,11
3412,200,3584952145504095620,0,143,143,740,3,3,2,8
3413,200,3768903714705884524,0,147,147,740,3,5,2,13
3414,200,8330609743511832201,0,121,121,745,1,3,1,9
3415,200,5229574970176891503,0,145,145,774,5,6,4,15
3416,200,-7506612231889539709,0,129,129,765,1,5,2,15
3417,200,5790646294746771887,0,156,156,747,2,5,2,13
3418,200,8037326162694682711,0,130,130,737,2,3,1,5
3419,200,-5028329385108560305,0,141,141,722,2,8,5,20
3420,200,-7142894420368501278,0,162,162,723,2,3,1,8
3421,200,-3882192964541616596,0,142,142,758,1,3,1,11
3422,200,-3202926071364961199,0,127,127,763,4,4,2,9
3423,200,827570572221051478,0,145,145,747,5,5,3,12
3424,200,1898354670717077679,0,125,125,735,4,4,3,9
3425,200,4824401204126227131,0,125,125,747,2,6,3,16
3426,200,-5072753026272312385,0,124,124,759,3,4,2,10
3427,200,5213837876498600229,0,145,145,750,1,4,1,9
3428,200,2538410078637187083,0,150,150,752,3,6,4,15
3429,200,1306312172435357541,0,150,150,765,5,3,1,3
3430,200,1343595192662885692,0,152,152,782,1,8,4,15
3431,200,3847428355662183632,0,140,140,749,2,5,2,10
3432,200,-1889217264686941012,0,100,100,750,1,7,4,16
3433,200,8703416444871155434,0,128,128,767,3,3,2,10
3434,200,-1920659067236232391,0,28,28,752,2,7,5,20
3435,200,6926008092930629985,0,136,136,744,1,6,4,17
3436,200,-2250524260699732900,0,173,173,763,3,4,2,11
3437,200,-2542399239170598596,0,123,123,748,3,3,1,6
3438,200,6006722384790143609,0,150,150,760,1,7,4,11
3439,200,7316606503368484692,0,155,155,755,1,2,1,8
3440,200,-3826204874393735049,0,139,139,764,6,4,3,7
3441,200,8912132475963465218,0,145,145,765,5,4,4,14
3442,200,-5901460769250008941,0,160,160,751,1,5,2,14
3443,200,2848281102704823833,0,144,144,741,1,9,6,25
3444,200,-2193809274762875791,0,165,165,746,1,10,6,23
3445,200,-1660675972434481386,0,127,127,775,1,7,3,16
3446,200,6778638869793880692,0,141,141,769,4,4,1,12
3447,200,5619233277994849942,0,177,177,766,7,1,1,3
3448,200,3600450516733199438,0,160,160,750,3,6,4,11
3449,200,5711766852989973256,0,134,134,768,1,12,7,34
3450,200,-2147932281336827174,0,119,119,744,6,4,3,7
3451,200,6699165108287765922,0,155,155,745,1,4,2,10
3452,200,-2994075000198601944,0,152,152,751,8,2,1,2
3453,200,-2204465830538291304,0,109,109,738,1,3,2,6
3454,200,-5281037013181749031,0,152,152,764,1,4,1,12
3455,200,-2500115166576376181,0,148,148,754,6,4,2,11
3456,200,1107924455186489773,0,155,155,753,3,2,1,4
3457,200,2022332423950419007,0,143,143,756,4,3,2,7
3458,200,-8817169631134486950,0,143,143,753,6,2,1,4
3459,200,-7980371659697171055,0,168,168,776,1,4,1,9
3460,200,-7642663279849888609,0,146,146,750,1,4,2,12
3461,200,8917463422281538727,0,156,156,748,2,8,6,24
3462,200,-7150338817639412073,0,147,147,747,4,3,1,10
3463,200,8307866513983871592,0,156,156,738,5,2,1,5
3464,200,-8868009045899818158,0,141,141,755,1,6,3,15
3465,200,1286963562675917615,0,138,138,753,4,6,4,15
3466,200,5169644448489399457,0,132,132,759,5,8,4,26
3467,200,5273562184581434042,0,156,156,750,2,2,1,7
3468,200,-5036762121501462991,0,147,147,762,5,2,1,6
3469,200,-853751231886062744,0,128,128,745,7,4,3,13
3470,200,6248707794918670810,0,154,154,750,6,1,1,1
3471,200,-1608378488269345629,0,147,147,760,4,8,6,18
3472,200,-6862895945042531015,0,143,143,749,3,8,5,19
3473,200,-2715067850828444518,0,151,151,753,4,5,2,12
3474,200,-3705124670693956485,0,133,133,731,2,5,3,14
3475,200,-1174526603119742669,0,152,152,754,1,3,1,7
3476,200,-1388617779530150277,0,157,157,743,2,3,1,10
3477,200,6727732417867990080,0,144,144,764,1,8,2,21
3478,200,7624228610388196879,0,135,135,742,6,4,3,13
3479,200,8779922541986373360,0,154,154,732,3,4,3,8
3480,200,-1523726622559671137,0,133,133,756,8,2,1,5
3481,200,3811653306956159111,0,138,138,762,6,8,6,17
3482,200,-8404811375539697162,0,142,142,744,6,2,2,4
3483,200,-4507678783327597487,0,118,118,778,1,4,2,11
3484,200,-5579811192350001828,0,163,163,755,4,6,3,12
3485,200,9128135045556456148,0,145,145,770,5,4,3,12
3486,200,-6971169067516939292,0,150,150,752,3,3,1,10
3487,200,-3992271205942089148,0,158,158,746,9,2,2,8
3488,200,-5599665709472270335,0,161,161,758,2,7,5,16
3489,200,-7711773668388197829,0,140,140,758,1,3,1,9
3490,200,4805387146111290975,0,158,158,764,4,3,2,8
3491,200,1939736321016585897,0,117,117,731,3,5,3,15
3492,200,-4129107758978612240,0,159,159,764,1,5,3,14
3493,200,4074800587774203400,0,158,158,752,1,7,5,13
3494,200,-588443717853783740,0,130,130,742,7,1,1,4
3495,200,-6852103085267472684,0,137,137,778,2,5,3,10
3496,200,5407202535150442269,0,148,148,757,1,3,1,10
3497,200,-2643632436950773702,0,131,131,741,3,2,1,6
3498,200,4880237396399888450,0,143,143,756,7,1,1,1
3499,200,-3304995676078474737,0,149,149,738,2,6,4,11
3500,200,6275808343836679315,0,130,130,743,1,7,4,21
3501,200,-6265353886450507773,0,119,119,749,3,6,3,18
3502,200,-1236677959496238755,0,118,118,751,1,6,2,16
3503,200,2789768185239192597,0,151,151,778,2,3,1,9
3504,200,-5947075242506077457,0,151,151,724,8,3,2,6
3505,200,-8956508465299012535,0,169,169,750,3,6,4,18
3506,200,1529947542229994349,0,127,127,762,2,10,5,25
3507,200,-8880510857957486695,0,133,133,731,2,5,2,15
3508,200,-5528701340563164445,0,160,160,751,1,5,3,12
3509,200,-8570249835044522456,0,127,127,752,2,6,3,13
3510,200,-5948226133527903076,0,110,110,745,1,4,2,12
3511,200,-8451968537621788483,0,136,136,757,1,7,4,12
3512,200,2913600620658462132,0,137,137,768,2,6,3,14
3513,200,-2308645912144823442,0,152,152,772,6,2,1,3
3514,200,3421995380335712492,0,137,137,757,7,2,2,8
3515,200,274160899367354267,0,136,136,773,3,3,1,13
3516,200,4475935385917135805,0,143,143,750,2,5,3,11
3517,200,8880502183250544926,0,122,122,760,5,3,1,7
3518,200,1117114271463989423,0,156,156,751,2,5,3,16
3519,200,-8637933493361757504,0,134,134,780,3,3,1,9
3520,200,1661734397625107178,0,138,138,738,1,7,4,20
3521,200,4116153542085588462,0,81,81,756,7,2,1,7
3522,200,-3304683483167764723,0,150,150,748,6,6,5,14
3523,200,5031252089993619884,0,142,142,755,4,5,2,11
3524,200,-5489523817250464450,0,155,155,726,5,3,1,4
3525,200,5025165814426123464,0,157,157,758,3,10,7,25
3526,200,-7306215802038142847,0,169,169,760,1,5,2,8
3527,200,3863008609817190227,0,152,152,750,7,3,1,7
3528,200,-3809839618734971059,0,136,136,746,9,2,2,6
3529,200,-1157076914913161395,0,146,146,748,1,5,3,12
3530,200,3810828644991494492,0,120,120,715,4,7,4,19
3531,200,-8603248421313479521,0,153,153,765,2,4,2,16
3532,200,1512124331531304642,0,143,143,762,4,5,3,11
3533,200,3437323800646301773,0,132,132,750,2,5,2,10
3534,200,-3984974964960900031,0,146,146,752,2,5,2,10
3535,200,-1006727817762577685,0,182,182,749,4,7,5,13
3536,200,2097680616554606811,0,116,116,770,4,9,7,20
3537,200,-746612373199122864,0,80,80,744,5,5,2,14
3538,200,-7773951522371772249,0,129,129,741,9,1,1,4
3539,200,-8400564315740502391,0,183,183,755,1,6,3,10
3540,200,-4044617130174375704,0,123,123,762,3,4,2,13
3541,200,-321452303989967344,0,142,142,748,4,3,2,7
3542,200,5113456231215595867,0,150,150,774,3,5,3,8
3543,200,8527051572160796990,0,160,160,770,2,4,2,8
3544,200,5971073556411961039,0,119,119,752,2,9,6,21
3545,200,3885120810204673277,0,136,136,735,4,3,1,11
3546,200,-2710945465023137029,0,118,118,791,2,4,1,10
3547,200,773588890975913153,0,155,155,753,1,3,1,4
3548,200,-4558138031231982197,0,139,139,763,2,4,1,8
3549,200,3958340728218915768,0,145,145,749,3,3,1,8
3550,200,731788319508394619,0,121,121,752,2,4,2,6
3551,200,6157354233757152575,0,97,97,739,4,6,4,17
3552,200,5616330063113091496,0,144,144,740,1,7,5,22
3553,200,-3801035591317843816,0,153,153,776,1,5,4,12
3554,200,-1744748596251878492,0,165,165,754,1,7,3,14
3555,200,-1837609232666856486,0,123,123,746,2,7,5,21
3556,200,-4437839059087863863,0,127,127,767,1,6,2,17
3557,200,-2763978270905408984,0,153,153,750,2,3,2,13
3558,200,6434595620359454608,0,141,141,746,6,2,1,7
3559,200,8296570340748005669,0,97,97,751,2,2,1,6
3560,200,3642730393836667683,0,155,155,756,3,7,3,14
3561,200,1616150049596197286,0,128,128,750,4,2,1,6
3562,200,-5167463083813137616,0,155,155,765,5,7,5,12
3563,200,-7214018141791445079,0,168,168,753,4,4,2,9
3564,200,567651107422454783,0,153,153,747,6,4,2,10
3565,200,7786017733055886726,0,140,140,755,4,3,2,7
3566,200,3443294585625173446,0,143,143,733,5,2,1,6
3567,200,4245785636828577380,0,137,137,754,3,4,3,8
3568,200,-564241602715670980,0,125,125,762,3,7,4,10
3569,200,1324064257753658350,0,142,142,766,2,7,5,20
3570,200,-1597603295352754325,0,109,109,732,4,4,2,7
3571,200,-316836329839692987,0,145,145,756,3,6,4,15
3572,200,-1720186034461376566,0,168,168,758,3,3,2,10
3573,200,3350885034522752311,0,135,135,762,3,4,1,13
3574,200,-7503238558451341430,0,102,102,745,1,11,8,23
3575,200,-6917483094588123727,0,140,140,745,1,3,2,8
3576,200,-7726952906580175056,0,124,124,759,5,5,4,6
3577,200,9023373946669604466,0,171,171,755,2,9,7,27
3578,200,7164273968529197923,0,130,130,752,4,6,4,16
3579,200,5021326234040338689,0,149,149,763,3,5,3,11
3580,200,4977636252445385222,0,151,151,749,2,8,6,19
3581,200,-405661045099156511,0,126,126,744,2,5,3,12
3582,200,-2410381083236832119,0,139,139,767,2,3,1,8
3583,200,3399866019518187266,0,132,132,742,1,7,3,15
3584,200,-5497508250133064836,0,134,134,770,1,4,2,12
3585,200,-5788383086986189959,0,145,145,765,2,7,4,18
3586,200,2168760218336763748,0,142,142,722,2,7,6,17
3587,200,1427627037035936371,0,146,146,739,5,3,2,9
3588,200,-2979399693224559918,0,129,129,741,7,4,3,4
3589,200,-3031736240906545305,0,113,113,741,2,11,9,20
3590,200,-4480651316128857680,0,148,148,755,3,3,1,9
3591,200,-4911481580314433142,0,120,120,766,3,4,2,10
3592,200,2973120263799370206,0,132,132,749,1,3,1,5
3593,200,4292834519718000776,0,140,140,744,1,4,2,5
3594,200,5816838759645221117,0,129,129,742,1,5,1,13
3595,200,-4961309906280779664,0,111,111,757,2,6,4,12
3596,200,-6701648151216481399,0,149,149,765,2,6,3,14
3597,200,8355402558959466735,0,167,167,766,2,5,3,14
3598,200,-407255141124452051,0,155,155,723,5,4,3,8
3599,200,8133299833096080320,0,147,147,745,1,5,3,13
3600,200,-7798538725466885550,0,148,148,739,2,6,4,18
3601,200,-6135717416052507037,0,160,160,739,5,3,2,12
3602,200,9206425710976025336,0,110,110,744,2,6,3,20
3603,200,1058244752514544396,0,111,111,733,5,8,5,17
3604,200,3807491091264644809,0,137,137,760,1,10,6,23
3605,200,1739255313082705118,0,146,146,752,8,2,2,4
3606,200,-4501667897508042133,0,119,119,723,1,9,7,27
3607,200,5670487449855542104,0,133,133,747,1,7,3,15
3608,200,-2632163655841378795,0,132,132,764,5,5,4,10
3609,200,-605669234298531569,0,172,172,754,1,5,3,13
3610,200,3594253137413907812,0,137,137,764,4,2,1,8
3611,200,-6116422689756268131,0,136,136,758,1,7,5,14
3612,200,6989477049323659375,0,134,134,747,2,3,1,8
3613,200,-7407231223591415079,0,141,141,751,4,5,2,12
3614,200,3812123909874029080,0,129,129,749,3,6,3,14
3615,200,6861890159994387783,0,118,118,751,1,3,1,9
3616,200,-9086192898254731355,0,111,111,754,2,4,3,10
3617,200,-7601482409531303982,0,126,126,755,5,5,3,13
3618,200,5364687367676118414,0,117,117,762,3,7,3,12
3619,200,3834283604698348216,0,118,118,760,5,6,4,16
3620,200,-6051887854240563816,0,148,148,767,2,7,4,22
3621,200,8780254097268452805,0,138,138,740,5,5,2,9
3622,200,-5186539379061435870,0,90,90,773,2,13,10,33
3623,200,2948754253548801475,0,129,129,768,1,3,1,8
3624,200,-1006542733926712642,0,147,147,747,4,4,2,4
3625,200,3211011503044384048,0,122,122,728,7,2,1,5
3626,200,5402249939717430787,0,143,143,740,3,5,1,16
3627,200,3726174546222922801,0,148,148,719,1,3,2,9
3628,200,-6850448017055566688,0,181,181,756,6,2,1,4
3629,200,5866791170704712647,0,133,133,754,4,6,4,10
3630,200,-5358092903262025292,0,161,161,752,5,2,1,5
3631,200,3010464301732446271,0,152,152,743,1,5,2,14
3632,200,4752415762207288413,0,152,152,739,1,5,3,7
3633,200,5255769525635086063,0,137,137,771,3,3,1,4
3634,200,-262776738022726002,0,148,148,751,3,3,1,7
3635,200,7908123471321801502,0,158,158,766,1,5,1,8
3636,200,-6180529056051917530,0,137,137,750,1,2,1,3
3637,200,-191494240364644797,0,129,129,746,4,5,3,11
3638,200,7014857186516319549,0,144,144,745,1,4,2,9
3639,200,7162372715358955378,0,139,139,768,5,2,1,7
3640,200,1676952594630515392,0,144,144,764,3,8,4,16
3641,200,-4882680707026360813,0,127,127,735,6,2,1,6
3642,200,4690992266806223935,0,124,124,770,2,7,5,16
3643,200,-665408683114413100,0,146,146,730,3,4,2,11
3644,200,4458349764374458373,0,112,112,776,2,5,2,13
3645,200,6079260524435474912,0,111,111,733,5,2,2,4
3646,200,6526476519746856553,0,116,116,750,2,6,4,17
3647,200,4686682761428643152,0,119,119,726,1,5,4,14
3648,200,-6981901413598835357,0,139,139,747,1,4,2,7
3649,200,7346501120696833762,0,148,148,758,1,6,4,15
3650,200,1252947452284680545,0,154,154,750,2,10,6,23
3651,200,5834526116269634024,0,163,163,764,6,8,6,19
3652,200,7892191134753863515,0,148,148,756,1,10,6,28
3653,200,6090285657204012674,0,110,110,753,2,5,2,16
3654,200,5905884342584951844,0,147,147,743,2,5,2,11
3655,200,6968275405321757455,0,122,122,773,3,7,3,15
3656,200,-3838156506880678653,0,105,105,754,3,5,3,13
3657,200,-7984366179517130528,0,156,156,733,4,5,3,15
3658,200,-2159866399527488126,0,125,125,766,1,3,1,9
3659,200,5712976891267878958,0,136,136,767,3,5,3,11
3660,200,3162769236997799557,0,129,129,763,3,3,2,8
3661,200,350264271883376462,0,164,164,746,1,5,2,12
3662,200,1309976077758147229,0,140,140,735,6,2,1,9
3663,200,591847823805059362,0,137,137,777,1,3,2,8
3664,200,4747688268499233694,0,159,159,746,1,5,2,16
3665,200,4158087698036975314,0,106,106,764,1,3,1,9
3666,200,-625855060376181394,0,160,160,756,1,5,3,12
3667,200,-6930509326509743940,0,174,174,760,6,3,1,6
3668,200,-2868188279038316001,0,117,117,755,4,3,2,6
3669,200,-8935855279578015064,0,139,139,733,5,4,2,8
3670,200,-8280399892280028352,0,155,155,730,7,1,1,1
3671,200,5716322735991686976,0,161,161,766,9,2,2,10
3672,200,-4923278021506767760,0,142,142,777,9,2,2,4
3673,200,-3305942046165158210,0,115,115,731,3,3,2,7
3674,200,7262846877058933555,0,138,138,753,3,5,3,10
3675,200,2873469120252237030,0,139,139,759,3,4,2,7
3676,200,-2247360551819173880,0,107,107,776,2,4,2,9
3677,200,-264944870380924361,0,141,141,761,1,5,2,12
3678,200,-3581673002816557894,0,121,121,753,2,5,3,16
3679,200,5179059933381389405,0,132,132,761,6,2,2,6
3680,200,-5824896500322821130,0,153,153,729,3,8,7,18
3681,200,7242287344321006057,0,129,129,766,6,4,2,6
3682,200,-4981250369812994531,0,98,98,748,1,6,3,10
3683,200,-7317932275837199037,0,137,137,762,5,3,2,9
3684,200,-8212500949786867877,0,129,129,772,3,3,1,10
3685,200,8584452506673251038,0,140,140,752,5,3,2,6
3686,200,-855264544924161288,0,149,149,742,7,5,4,13
3687,200,-5990566669647343954,0,136,136,740,1,7,4,25
3688,200,-8317158710921398290,0,103,103,766,5,2,1,5
3689,200,2749415069026106583,0,161,161,756,1,9,5,26
3690,200,-6675014100101295430,0,159,159,742,1,4,1,4
3691,200,-993259447063168602,0,130,130,778,1,3,1,6
3692,200,5040973711996201078,0,136,136,786,1,5,3,13
3693,200,-4081513984550341436,0,134,134,736,5,3,1,7
3694,200,-8071501578944178393,0,148,148,749,2,6,3,19
3695,200,-2185346706976033880,0,132,132,729,5,2,2,6
3696,200,-1141715610161182892,0,160,160,753,4,3,2,9
3697,200,-2907367845123958963,0,159,159,738,1,9,6,20
3698,200,-1303582936680035625,0,134,134,761,2,4,3,9
3699,200,-5177960328763061979,0,156,156,766,4,4,2,5
3700,200,-2696593627145120522,0,183,183,778,4,4,2,16
3701,200,372566914958967628,0,128,128,745,3,3,1,12
3702,200,1084333227004354485,0,133,133,746,2,2,1,6
3703,200,5346120392450271232,0,106,106,795,1,4,2,9
3704,200,9198101980322370149,0,152,152,766,1,4,2,9
3705,200,-8488146565082424239,0,159,159,762,1,5,2,12
3706,200,-3655855431369343616,0,166,166,746,3,3,2,9
3707,200,4573352710270016020,0,135,135,766,1,6,3,13
3708,200,-5554002021783011400,0,127,127,763,5,3,1,8
3709,200,6003871274639551773,0,138,138,760,9,1,1,4
3710,200,896310255068702797,0,126,126,753,3,3,1,6
3711,200,4973955615651811244,0,138,138,758,3,4,2,6
3712,200,7165839955141782174,0,107,107,719,4,3,2,8
3713,200,-6684423063930168793,0,111,111,746,1,4,1,16
3714,200,5081763862346299139,0,119,119,726,4,6,4,11
3715,200,4634280110133819913,0,106,106,737,3,4,2,15
3716,200,-2276041913788740391,0,124,124,745,5,4,2,13
3717,200,-1784490398631435238,0,178,178,745,4,6,4,13
3718,200,-5928418379016119843,0,117,117,758,2,3,2,4
3719,200,5814388993324905952,0,152,152,746,7,5,4,10
3720,200,-8333611338841474371,0,134,134,783,2,12,6,25
3721,200,3981406061590968917,0,127,127,768,6,4,3,7
3722,200,1383151784559849708,0,132,132,753,5,3,1,7
3723,200,8773010979334374873,0,129,129,759,3,5,3,11
3724,200,8165766236434014645,0,144,144,748,1,4,2,11
3725,200,-8294538476794356375,0,137,137,767,6,3,2,8
3726,200,7698699568197956243,0,130,130,773,1,3,2,8
3727,200,2653350741330042129,0,148,148,756,1,6,3,14
3728,200,3962125708379084479,0,161,161,779,1,3,1,9
3729,200,1511104605381513631,0,160,160,752,3,5,3,11
3730,200,8588378194130592265,0,167,167,764,5,7,3,16
3731,200,4928979488229865881,0,139,139,765,2,6,3,12
3732,200,-7970545500360608533,0,172,172,757,3,8,4,19
3733,200,2265756203141243248,0,163,163,733,3,5,4,10
3734,200,-2134946836961503782,0,139,139,752,1,4,1,7
3735,200,-4004752223151059212,0,157,157,758,9,1,1,1
3736,200,6764231411648105439,0,157,157,744,2,3,1,10
3737,200,1851972695486902283,0,120,120,754,2,5,3,8
3738,200,-3770023974526038426,0,156,156,772,3,6,2,17
3739,200,4508580327586627741,0,164,164,772,7,2,2,6
3740,200,5300133173034786390,0,160,160,740,4,5,3,13
3741,200,-5790702560298935342,0,134,134,733,2,8,5,20
3742,200,-7258968918598427551,0,134,134,769,4,5,4,14
3743,200,-1289846414995821441,0,132,132,746,4,5,3,13
3744,200,799938503104327836,0,148,148,754,3,4,2,11
3745,200,-6339887284020694819,0,134,134,762,2,4,2,6
3746,200,-4620003039930656942,0,132,132,767,2,4,2,16
3747,200,8851805673907225979,0,168,168,759,6,2,1,4
3748,200,-1161607212778510572,0,152,152,761,1,7,3,19
3749,200,5834115218699185013,0,86,86,760,3,6,2,14
3750,200,-3106534684281347052,0,133,133,770,2,5,3,13
3751,200,2257813823468305894,0,135,135,765,1,5,2,12
3752,200,-4995087363884731213,0,144,144,766,2,6,3,18
3753,200,6461442110048750234,0,141,141,756,1,7,4,16
3754,200,-8020261415205811369,0,143,143,752,1,8,6,16
3755,200,-2718742513271832056,0,141,141,773,6,3,1,4
3756,200,-7454221707321927294,0,146,146,761,4,3,1,9
3757,200,-4136275449962974594,0,144,144,754,4,4,2,11
3758,200,-4140664329660227553,0,137,137,770,5,6,3,16
3759,200,9205764235870077598,0,131,131,769,5,3,1,6
3760,200,4503968492323860767,0,131,131,756,1,7,4,18
3761,200,5028929620034232072,0,157,157,752,5,4,3,11
3762,200,-5170801861750442428,0,163,163,755,2,8,5,22
3763,200,8863186744972496728,0,137,137,747,4,2,1,6
3764,200,1806388045447319868,0,142,142,730,2,7,4,17
3765,200,-8568373072836401582,0,141,141,755,8,3,2,6
3766,200,-1205968619918137103,0,166,166,735,3,7,6,11
3767,200,3562870879744524636,0,120,120,758,2,7,5,28
3768,200,-3099404739057125345,0,143,143,745,2,10,6,21
3769,200,8382492508093303596,0,154,154,763,2,8,4,21
3770,200,-3004536529581854426,0,146,146,747,9,2,2,6
3771,200,7240271743992739265,0,147,147,767,5,4,2,7
3772,200,7965795821481806625,0,136,136,755,2,5,3,10
3773,200,-2461713013436883050,0,121,121,758,8,4,3,8
3774,200,6279920053783071798,0,133,133,732,3,4,2,14
3775,200,-6684294522899654635,0,189,189,772,2,11,7,26
3776,200,7155356496941622575,0,115,115,748,1,6,3,17
3777,200,6326194763261785929,0,127,127,760,1,4,1,8
3778,200,-3267204684006378935,0,182,182,759,2,5,3,13
3779,200,-2729215369887564584,0,156,156,736,5,2,2,6
3780,200,-7480980889664719540,0,129,129,757,3,3,1,10
3781,200,-482425399715206609,0,141,141,754,3,6,3,8
3782,200,-2093155136659055397,0,187,187,751,2,3,2,5
3783,200,5912437721900207102,0,138,138,759,1,11,7,21
3784,200,308872688472141069,0,132,132,756,3,3,1,6
3785,200,7365579595651049191,0,148,148,738,3,3,1,9
3786,200,8811168244860509499,0,144,144,763,1,6,4,12
3787,200,-176489975114237071,0,102,102,733,3,4,2,13
3788,200,3950710535395999515,0,156,156,761,4,5,3,14
3789,200,7279722977281185090,0,110,110,753,3,6,4,16
3790,200,1954368843808817933,0,138,138,748,5,4,3,9
3791,200,-4162411212421834355,0,168,168,760,3,3,2,10
3792,200,6700728848728747445,0,141,141,776,4,6,5,13
3793,200,3057333069046859977,0,129,129,745,1,5,3,9
3794,200,1761723715654669001,0,128,128,737,5,5,3,17
3795,200,-6248444613794568285,0,173,173,767,1,7,3,18
3796,200,-9025237398807074517,0,88,88,746,9,1,1,2
3797,200,2475819116238930740,0,120,120,742,2,2,1,2
3798,200,522621932268555322,0,140,140,741,2,6,4,15
3799,200,-3032442323078708106,0,133,133,743,1,11,6,28
3800,200,7482922999203577444,0,120,120,776,3,5,2,10
3801,200,7390043517513664244,0,120,120,776,2,3,2,7
3802,200,-3692820374739877633,0,143,143,759,1,5,2,16
3803,200,-5979888705333483840,0,145,145,750,2,6,3,13
3804,200,7529173057018729817,0,130,130,751,3,4,2,7
3805,200,4828666312438790570,0,169,169,763,2,6,3,12
3806,200,-80641429679195379,0,159,159,756,1,4,2,11
3807,200,8458290724159055790,0,152,152,749,5,3,2,11
3808,200,-6377894548018020456,0,168,168,758,1,7,4,14
3809,200,2365113757919860397,0,127,127,764,2,7,4,11
3810,200,-6992139299353627861,0,157,157,733,9,2,2,2
3811,200,-3146952239531598496,0,130,130,774,5,3,2,7
3812,200,-2458844943864817983,0,158,158,748,6,2,2,4
3813,200,-1128801510125047415,0,136,136,773,5,5,3,7
3814,200,-8020034494541817996,0,127,127,740,2,4,1,7
3815,200,-7028133904811211414,0,156,156,762,5,4,2,12
3816,200,-992753902650348788,0,141,141,741,4,3,2,8
3817,200,-5506549142605150085,0,134,134,766,2,5,2,17
3818,200,-7938489593882500647,0,131,131,785,1,4,2,6
3819,200,6990264895619104598,0,128,128,735,1,8,5,24
3820,200,-4597359676678241854,0,149,149,768,5,2,1,6
3821,200,1900890347071235830,0,140,140,752,1,5,2,8
3822,200,-2222552960281395555,0,166,166,739,3,3,1,4
3823,200,1725569668585707296,0,151,151,769,1,5,1,14
3824,200,5124773445651112896,0,128,128,752,4,7,5,13
3825,200,4153618514530506784,0,126,126,765,2,7,3,18
3826,200,3871849464095359703,0,127,127,760,4,4,2,13
3827,200,-2175479399001841736,0,120,120,764,3,3,1,5
3828,200,-3711980406624814089,0,135,135,769,5,2,1,7
3829,200,5167971121836337493,0,127,127,743,5,5,3,10
3830,200,2409475561580655347,0,106,106,742,4,6,4,18
3831,200,2736867050776960388,0,144,144,757,1,3,1,9
3832,200,6756540623776712174,0,141,141,755,2,5,3,12
3833,200,-1163735958464955229,0,165,165,744,4,6,3,21
3834,200,8952764504282634545,0,57,57,754,2,3,1,9
3835,200,-8160462576978902821,0,160,160,754,3,5,4,14
3836,200,-9010496673539634114,0,163,163,755,3,6,3,16
3837,200,4542281617365494605,0,118,118,743,2,9,6,14
3838,200,-10349071631553499,0,159,159,742,3,6,5,16
3839,200,7820286281702682763,0,117,117,761,2,3,1,5
3840,200,-2187918505521170667,0,159,159,765,4,2,1,5
3841,200,7272246649584449609,0,160,160,753,6,2,1,7
3842,200,-3632607107090299595,0,146,146,751,1,2,1,3
3843,200,-7785725170193456045,0,55,55,781,3,3,1,8
3844,200,474385115120052916,0,143,143,741,2,5,4,12
3845,200,-8972837111445466430,0,132,132,757,3,5,3,14
3846,200,3646916579815302942,0,159,159,746,3,10,8,25
3847,200,-8300732293662371990,0,167,167,753,5,2,1,3
3848,200,-8493556577723943439,0,134,134,765,5,6,4,11
3849,200,-8029206804231772010,0,169,169,769,3,2,1,4
3850,200,-6847872989639830416,0,147,147,767,1,7,3,18
3851,200,-867970863658853641,0,141,141,765,4,11,8,19
3852,200,5320408550049616054,0,144,144,741,4,5,3,15
3853,200,-2538620267505760040,0,136,136,764,1,10,8,21
3854,200,9075975052306658829,0,131,131,753,8,2,1,3
3855,200,5098182852428132502,0,142,142,760,5,4,2,12
3856,200,-9207615521470272896,0,131,131,748,8,3,2,8
3857,200,3089641431793702479,0,124,124,730,2,5,4,14
3858,200,1787247256381149614,0,134,134,764,4,4,3,8
3859,200,-1543427922518879015,0,132,132,749,3,8,5,22
3860,200,1838517430382987488,0,132,132,733,1,8,6,16
3861,200,7213863126175074806,0,120,120,763,2,9,7,17
3862,200,-2973048306326597538,0,129,129,736,2,7,5,10
3863,200,2847694829515346373,0,167,167,747,2,4,1,8
3864,200,-4411894533325015554,0,124,124,748,2,3,1,7
3865,200,-2527316056525699718,0,149,149,760,2,8,5,24
3866,200,7195251971090093309,0,132,132,760,1,5,2,8
3867,200,-483334434817527471,0,151,151,750,2,5,1,13
3868,200,-2971158179524870383,0,166,166,775,2,3,1,8
3869,200,-3543656460637227585,0,132,132,747,2,7,4,15
3870,200,-9052734604872392002,0,134,134,746,5,2,2,4
3871,200,1006218960881649642,0,134,134,746,4,5,4,9
3872,200,8826164776676901608,0,144,144,760,1,4,1,13
3873,200,2574397574398788955,0,158,158,739,1,11,6,23
3874,200,-2001290289059261527,0,128,128,767,1,6,4,9
3875,200,437791572616515314,0,141,141,746,6,6,4,11
3876,200,-1064868915000700828,0,166,166,751,4,3,1,6
3877,200,-1170992585168281830,0,123,123,770,8,2,1,4
3878,200,6132910168755265306,0,122,122,750,2,4,2,13
3879,200,1020307825355755324,0,146,146,745,2,10,6,20
3880,200,7960909977024206075,0,146,146,755,6,5,5,15
3881,200,-116800529080254344,0,167,167,749,2,2,1,9
3882,200,6721377430591402048,0,143,143,750,1,4,2,11
3883,200,3879294932408638354,0,182,182,761,4,5,2,11
3884,200,8234299227686853431,0,154,154,758,4,4,2,11
3885,200,-6307724957435782102,0,135,135,735,6,3,2,5
3886,200,8059198631499205791,0,137,137,762,2,5,2,11
3887,200,9002186336097426224,0,169,169,765,4,6,4,12
3888,200,757398747650054453,0,106,106,749,1,7,4,16
3889,200,-4574542415323296619,0,144,144,742,3,5,3,14
3890,200,-6239426514371114354,0,140,140,765,1,6,3,16
3891,200,7732638109358826566,0,185,185,774,3,4,2,10
3892,200,3062689396807028519,0,150,150,730,4,5,4,8
3893,200,-4381450001756252587,0,116,116,747,1,3,1,4
3894,200,2172704579145766842,0,164,164,751,5,4,3,13
3895,200,3199002534995912313,0,158,158,740,1,4,2,9
3896,200,-6351437471401871918,0,139,139,736,2,4,2,4
3897,200,-6772937705519760712,0,141,141,758,4,3,2,4
3898,200,-5133709216332230751,0,137,137,758,6,3,2,10
3899,200,-7818126621128530590,0,141,141,749,1,3,1,10
3900,200,5926071182195162385,0,148,148,733,2,7,4,15
3901,200,7966457783321434689,0,145,145,768,2,8,5,18
3902,200,-5343797922203983336,0,159,159,737,7,3,1,11
3903,200,2487951233573241613,0,111,111,762,1,2,1,7
3904,200,706957531120720464,0,140,140,744,2,4,1,7
3905,200,-1950478476491020507,0,168,168,753,2,4,2,13
3906,200,-2756470578144343610,0,131,131,748,5,3,2,3
3907,200,2926100152366357116,0,177,177,761,1,2,1,4
3908,200,-5889323317935380719,0,92,92,772,4,4,2,7
3909,200,6053867085960783825,0,145,145,758,1,3,1,13
3910,200,-7434801583013358938,0,119,119,769,6,4,2,9
3911,200,5961487742106790434,0,126,126,753,2,3,1,9
3912,200,4528204824162520939,0,144,144,744,8,5,4,14
3913,200,-6138213071427270302,0,154,154,755,3,6,4,14
3914,200,-8316549701739401079,0,135,135,775,1,4,1,9
3915,200,-7746496580060180887,0,109,109,736,3,3,2,9
3916,200,-8526666077017386874,0,141,141,764,4,5,4,11
3917,200,-9069535276861128149,0,127,127,751,5,3,2,9
3918,200,-5014584673697307246,0,145,145,767,6,1,1,1
3919,200,2553648922679249964,0,163,163,753,4,4,2,7
3920,200,6295836108904580896,0,118,118,766,1,3,1,7
3921,200,-3305342528073464781,0,142,142,777,3,5,3,17
3922,200,7104594469664929976,0,131,131,771,2,5,2,13
3923,200,6605459028473342781,0,156,156,774,1,3,1,9
3924,200,1570911281004580363,0,153,153,738,8,5,4,10
3925,200,-6658355405601931340,0,77,77,760,2,9,5,24
3926,200,5259235120124132423,0,137,137,744,1,6,4,21
3927,200,-3984232309352734496,0,119,119,762,1,5,2,12
3928,200,-6685701332144116564,0,155,155,776,1,4,1,9
3929,200,8435131475424277917,0,151,151,760,4,8,6,22
3930,200,-6162668662361004961,0,112,112,750,6,3,3,11
3931,200,4162048308099910222,0,155,155,757,1,5,2,15
3932,200,103294894418580862,0,160,160,766,3,4,2,11
3933,200,4320877378676120081,0,152,152,743,1,6,4,15
3934,200,6707094167705841012,0,116,116,769,2,8,6,23
3935,200,-4838446930133551308,0,131,131,740,2,4,2,7
3936,200,7396696240343725197,0,178,178,746,1,7,5,18
3937,200,-2122330488511052058,0,139,139,745,6,2,1,6
3938,200,-1554549002274106676,0,115,115,756,5,7,4,20
3939,200,-7455439943188708303,0,125,125,748,5,5,4,11
3940,200,6341622254362365436,0,140,140,757,6,2,1,6
3941,200,-2073145438976672217,0,153,153,760,4,6,5,15
3942,200,-3544555330801478396,0,160,160,761,4,2,1,5
3943,200,-2299829714225691301,0,143,143,743,7,3,2,8
3944,200,4043438721561472127,0,157,157,731,5,1,1,3
3945,200,3067528357458754707,0,129,129,746,3,4,2,8
3946,200,7579345852390314124,0,138,138,747,4,6,4,18
3947,200,750623384057921723,0,117,117,768,4,5,3,7
3948,200,-429235904396451871,0,140,140,744,3,6,4,11
3949,200,-5107542660796621797,0,129,129,745,2,2,1,2
3950,200,-7872849016556346330,0,150,150,755,1,4,2,9
3951,200,587641369869007052,0,152,152,758,7,5,4,12
3952,200,8616398772039207808,0,127,127,743,1,8,5,18
3953,200,-7585589561894582680,0,135,135,760,9,2,2,6
3954,200,5111789328896845675,0,143,143,743,1,8,5,22
3955,200,-5654888879398926592,0,153,153,767,2,7,5,17
3956,200,4589055026460345548,0,145,145,743,2,7,4,18
3957,200,-8562921420327241902,0,165,165,739,1,5,3,8
3958,200,4548849016175391046,0,116,116,744,1,4,3,18
3959,200,651596439425025595,0,174,174,755,3,2,1,4
3960,200,-8033040831945178677,0,132,132,744,1,6,3,21
3961,200,-6336669438108184726,0,164,164,769,7,5,4,9
3962,200,-1790989757050311050,0,144,144,730,4,2,1,2
3963,200,-4884407777276261034,0,138,138,747,4,5,3,8
3964,200,-7609571452516313192,0,126,126,773,2,8,5,18
3965,200,6380625720139413105,0,132,132,770,4,3,2,4
3966,200,-7311772549138397168,0,141,141,764,2,4,2,10
3967,200,9196324181470673309,0,120,120,751,4,5,3,12
3968,200,-607334946091841312,0,169,169,762,1,6,4,17
3969,200,8297107946045378015,0,141,141,756,2,3,1,6
3970,200,-6037623686928999940,0,166,166,765,5,4,3,8
3971,200,6930010930504157522,0,135,135,741,2,8,4,15
3972,200,3082305150114243683,0,150,150,768,1,4,1,12
3973,200,6247128429280424797,0,115,115,779,1,9,6,20
3974,200,6113316116199766387,0,127,127,753,2,6,4,14
3975,200,-1773708576042121688,0,124,124,762,2,7,4,10
3976,200,1497725147356885881,0,131,131,767,2,6,3,16
3977,200,8319828516271838027,0,155,155,736,7,4,3,9
3978,200,5051406847592991623,0,159,159,775,2,5,3,14
3979,200,-218001042413011000,0,155,155,751,3,9,6,21
3980,200,-1186191315544655734,0,127,127,752,5,4,2,11
3981,200,7613139115830659899,0,151,151,748,3,8,4,20
3982,200,5454534100910730139,0,144,144,743,4,4,2,9
3983,200,-4314106870688262577,0,127,127,751,1,5,2,10
3984,200,-8391296009930343019,0,145,145,774,5,4,2,10
3985,200,3387659263437495412,0,152,152,740,6,4,2,6
3986,200,1499823741735920103,0,67,67,751,2,6,3,18
3987,200,5706728400446657742,0,168,168,750,5,6,4,20
3988,200,-7881759740475690326,0,157,157,754,2,4,2,10
3989,200,-3514986289148121488,0,127,127,755,1,7,4,13
3990,200,-339931218393044491,0,154,154,736,5,3,1,4
3991,200,-1677442248101585975,0,143,143,756,4,4,3,12
3992,200,-7988537895147250576,0,135,135,771,1,7,3,14
3993,200,4844385868677751134,0,125,125,758,2,6,3,15
3994,200,6899197214892214567,0,118,118,765,1,3,1,3
3995,200,-2519726739550037063,0,129,129,727,5,3,2,10
3996,200,3561244884040815264,0,143,143,754,2,2,1,3
3997,200,-8369623239397658464,0,167,167,749,1,6,2,16
3998,200,-251289702583601874,0,135,135,736,1,4,2,7
3999,200,2581317529655074698,0,143,143,761,1,9,6,27
4000,200,4821968183170256519,0,153,153,769,1,5,2,7
4001,200,-5468108195314948786,0,150,150,750,3,4,2,8
4002,200,7130850608751069844,0,139,139,752,2,5,3,10
4003,200,390384772010944285,0,121,121,765,2,8,5,13
4004,200,-2506397252449728120,0,181,181,741,1,7,4,22
4005,200,-6895049201194624846,0,133,133,751,1,5,2,12
4006,200,-5647773049938668748,0,154,154,732,1,4,2,5
4007,200,-2617962547407072825,0,176,176,741,4,5,3,15
4008,200,3255525860381240216,0,160,160,739,3,4,1,11
4009,200,-7589260834494789942,0,143,143,751,3,4,2,15
4010,200,8311161089618959548,0,119,119,749,1,8,5,24
4011,200,6534556263113251024,0,128,128,751,5,6,4,14
4012,200,4659494792683735489,0,122,122,754,2,6,3,16
4013,200,4549473467882909898,0,114,114,771,1,5,2,11
4014,200,-9069643738872635598,0,117,117,733,1,4,2,13
4015,200,7049855551300311542,0,127,127,741,1,8,4,17
4016,200,8330411314230637727,0,152,152,751,2,4,1,8
4017,200,8043048226429964183,0,181,181,748,5,4,1,10
4018,200,-4998731069114305684,0,141,141,752,2,3,1,9
4019,200,3582701915940942311,0,148,148,736,3,4,2,11
4020,200,-613263772631574810,0,150,150,741,5,2,1,2
4021,200,8848462822727259724,0,155,155,754,3,2,1,2
4022,200,5132475830207650198,0,119,119,774,5,3,1,8
4023,200,579912161214899914,0,137,137,745,1,8,5,18
4024,200,5505698770868954074,0,137,137,749,1,4,1,7
4025,200,-2357047999757712199,0,129,129,767,2,5,3,11
4026,200,5502495810746355632,0,159,159,763,2,3,1,7
4027,200,-8168397503197896009,0,137,137,742,6,7,5,17
4028,200,7587616745970980309,0,111,111,745,6,2,1,6
4029,200,2715206025751136735,0,140,140,746,2,3,1,10
4030,200,-3927831477943699442,0,134,134,753,1,6,3,17
4031,200,4537965854557994554,0,157,157,760,3,3,1,10
4032,200,-4679684681332310844,0,128,128,757,4,6,3,12
4033,200,8351820468499478133,0,133,133,754,3,6,3,11
4034,200,-7731863652970819626,0,88,88,756,4,5,2,7
4035,200,-2882834705074562348,0,163,163,763,5,8,6,19
4036,200,4073468940336258218,0,164,164,761,6,4,2,10
4037,200,-2535151999024185498,0,165,165,759,3,2,1,5
4038,200,8146999747003479429,0,154,154,748,3,5,4,11
4039,200,5193672660513951098,0,142,142,769,1,3,2,7
4040,200,-2903293810447148004,0,117,117,736,1,4,2,15
4041,200,-4969139868325883823,0,103,103,744,5,5,3,20
4042,200,7070944733743316843,0,136,136,746,3,6,4,19
4043,200,-471488710487631596,0,149,149,762,1,4,2,13
4044,200,-7598744543877578044,0,107,107,776,1,8,6,16
4045,200,8529606840452591112,0,121,121,750,1,4,1,15
4046,200,-8562484847477693910,0,122,122,746,3,6,2,17
4047,200,4858242472748808447,0,119,119,752,6,6,4,19
4048,200,-4595125254396999713,0,132,132,771,1,4,2,12
4049,200,-1486254383937165039,0,131,131,749,3,6,4,13
4050,200,798727097808922427,0,129,129,772,4,4,1,11
4051,200,-2372506112164775028,0,151,151,748,8,3,2,6
4052,200,999365047718572222,0,145,145,755,2,6,3,15
4053,200,5541596842447986728,0,149,149,759,2,11,7,25
4054,200,-5183737766888082583,0,144,144,740,1,7,4,21
4055,200,-6732682006990820225,0,146,146,773,2,6,3,12
4056,200,8061687911851818825,0,129,129,756,4,5,3,17
4057,200,-4632179686745484613,0,135,135,742,3,11,10,25
4058,200,8101662334035631443,0,125,125,742,1,6,3,13
4059,200,8213825613590679440,0,128,128,747,2,7,4,15
4060,200,-7814089542706843529,0,137,137,750,1,7,3,18
4061,200,2334610633431270252,0,169,169,763,3,4,2,8
4062,200,-8336712600406060050,0,157,157,758,1,4,2,13
4063,200,5289977174883920621,0,142,142,737,6,3,2,5
4064,200,-2116578001232606505,0,137,137,756,2,3,2,7
4065,200,6649430335273183891,0,138,138,751,8,1,1,2
4066,200,-2459609847571573503,0,141,141,741,2,3,1,10
4067,200,9201860255671542198,0,135,135,751,1,4,1,9
4068,200,-1100843387562361590,0,160,160,763,7,4,2,9
4069,200,-8787447925015414598,0,147,147,748,2,3,2,10
4070,200,4648795837850399656,0,142,142,726,1,5,3,9
4071,200,-1865411428738457984,0,156,156,747,1,4,1,8
4072,200,657252581769825350,0,143,143,735,3,3,2,7
4073,200,6286229706178947359,0,102,102,747,8,3,3,8
4074,200,661164278229708498,0,137,137,740,3,5,3,13
4075,200,3807460455658737107,0,139,139,742,1,6,3,18
4076,200,-3085345793007660331,0,166,166,755,1,4,1,9
4077,200,2292963974138078261,0,138,138,728,5,4,2,10
4078,200,1616982586562353091,0,137,137,780,3,4,1,8
4079,200,5256953616902006956,0,154,154,723,2,7,4,19
4080,200,-2141149463557910892,0,130,130,773,3,4,2,12
4081,200,4434464206255043107,0,148,148,769,5,1,1,1
4082,200,-5662077577751443309,0,108,108,768,5,4,3,15
4083,200,1473441295604977404,0,136,136,736,5,2,2,6
4084,200,2612775664338665333,0,166,166,768,1,7,4,12
4085,200,1496714143979027779,0,181,181,751,4,3,2,9
4086,200,-1552578819669153108,0,140,140,735,5,7,5,17
4087,200,-4229811942929403354,0,163,163,762,4,8,6,23
4088,200,8038880351590438397,0,62,62,775,2,10,7,23
4089,200,3241396444012815524,0,159,159,770,2,6,4,8
4090,200,-6989753623843025585,0,148,148,747,3,8,5,31
4091,200,-7725072487303475323,0,147,147,726,2,7,6,19
4092,200,5528321148568170950,0,116,116,767,4,4,2,10
4093,200,-8997367674208362871,0,160,160,768,2,4,2,6
4094,200,-2274656976207655920,0,162,162,758,2,4,1,12
4095,200,-1981131043092464924,0,141,141,757,4,5,3,13
4096,200,8415911152649727998,0,118,118,767,4,5,2,15
4097,200,6670066791749954280,0,151,151,760,1,5,3,14
4098,200,401132406663447894,0,147,147,740,1,6,3,12
4099,200,-3842351961579849468,0,141,141,742,9,1,1,2
4100,200,-4838409390898509337,0,130,130,763,6,4,3,13
4101,200,-1931954644674931220,0,160,160,743,1,5,2,10
4102,200,5406380933868462300,0,166,166,773,2,4,2,9
4103,200,-872752245282854375,0,122,122,736,3,7,6,13
4104,200,3801211830127035221,0,118,118,757,3,3,2,8
4105,200,-6045890390298867084,0,147,147,752,1,5,3,13
4106,200,-8580987729732770253,0,137,137,763,2,5,3,10
4107,200,-3727283577819331507,0,118,118,738,2,4,2,11
4108,200,-4346133261772297933,0,129,129,750,6,6,3,12
4109,200,-6784018263452830574,0,129,129,779,2,5,2,16
4110,200,3338155128952709950,0,115,115,746,3,6,4,13
4111,200,3939987267555663420,0,128,128,745,3,6,4,15
4112,200,-7256478610602909698,0,137,137,750,4,5,3,16
4113,200,-7777040839149620212,0,165,165,754,2,6,4,10
4114,200,7326430774005490356,0,87,87,765,2,5,2,17
4115,200,-5441754594454713993,0,94,94,750,3,7,5,18
4116,200,8095195391948374600,0,177,177,732,6,2,1,7
4117,200,4762431432559042270,0,154,154,763,1,7,4,19
4118,200,-79561439215045983,0,152,152,767,2,4,2,10
4119,200,-4250476123095433983,0,123,123,731,6,5,4,14
4120,200,-8778058767970349258,0,114,114,746,4,6,3,15
4121,200,1067840081485124533,0,154,154,764,1,3,1,8
4122,200,9147614006537763557,0,158,158,764,1,5,2,11
4123,200,8054716387796324309,0,122,122,755,1,7,6,16
4124,200,4651709315768461571,0,123,123,761,4,6,4,19
4125,200,292458060797582454,0,139,139,744,3,4,2,8
4126,200,9096163759399461811,0,164,164,766,1,5,2,13
4127,200,6984444143369995101,0,129,129,750,6,3,2,7
4128,200,2125621035636482939,0,142,142,745,1,5,4,15
4129,200,6045969191341465781,0,141,141,771,9,2,2,4
4130,200,5895819937956482068,0,117,117,741,1,8,5,16
4131,200,-4926593111466631684,0,104,104,781,2,7,3,18
4132,200,-5815781840166788480,0,134,134,763,6,7,6,22
4133,200,-4250637870161483714,0,156,156,738,3,2,1,5
4134,200,-3055340225468379038,0,152,152,773,1,4,2,7
4135,200,-3863883069571525242,0,139,139,748,2,6,2,21
4136,200,7838036578512849033,0,151,151,743,4,6,4,18
4137,200,9137432219398761872,0,143,143,776,3,3,1,12
4138,200,1135613195312324813,0,124,124,754,3,9,6,19
4139,200,96770685582019011,0,149,149,736,2,5,2,12
4140,200,-825966571826989794,0,147,147,765,2,3,1,5
4141,200,8862552695643390045,0,151,151,744,3,6,4,18
4142,200,5780890831942854617,0,139,139,762,1,7,5,23
4143,200,6575759339915611888,0,141,141,762,3,5,2,8
4144,200,-5931632248189988003,0,158,158,748,3,2,1,8
4145,200,8780884954983430156,0,127,127,767,2,3,2,8
4146,200,6983166465213530334,0,158,158,762,4,3,2,7
4147,200,-755388187835660227,0,147,147,768,1,5,3,9
4148,200,-8702132540832860040,0,118,118,761,1,7,2,13
4149,200,-5239695247566358985,0,150,150,776,2,6,4,13
4150,200,6193367285353594503,0,130,130,753,9,3,3,7
4151,200,-832099687667035569,0,128,128,744,4,4,1,9
4152,200,-762573322816089547,0,134,134,749,1,4,2,10
4153,200,-4146876950301542099,0,156,156,774,1,10,5,25
4154,200,-8122248205648772781,0,129,129,768,4,5,2,12
4155,200,2662735969250622912,0,143,143,762,1,3,1,6
4156,200,3626028556526953837,0,170,170,744,1,5,2,9
4157,200,-1541013801137275279,0,124,124,756,1,12,7,27
4158,200,-8704222282021216744,0,116,116,756,2,7,4,13
4159,200,-8870255245371041382,0,177,177,774,2,6,3,15
4160,200,3869831413738609805,0,130,130,747,5,4,3,9
4161,200,-324237694215850695,0,184,184,755,1,9,6,12
4162,200,2004152105818395771,0,159,159,739,5,3,2,9
4163,200,-2874986896488624672,0,105,105,766,9,1,1,1
4164,200,-3606222402162448872,0,121,121,748,5,4,2,8
4165,200,7215517131667439856,0,154,154,777,2,7,5,13
4166,200,1975593423814169976,0,109,109,733,3,4,2,10
4167,200,-5500505350647413242,0,131,131,732,5,3,3,8
4168,200,-4435359358936915166,0,147,147,758,7,5,3,16
4169,200,1383028687790115764,0,139,139,750,1,6,3,18
4170,200,-118865094285092384,0,147,147,767,2,6,4,20
4171,200,-718998528050697357,0,125,125,743,3,6,3,17
4172,200,-1308654730665024042,0,128,128,755,1,6,3,15
4173,200,4912434339750701272,0,174,174,749,1,7,4,16
4174,200,-2104488476903503658,0,152,152,755,2,5,2,14
4175,200,8504876297073979398,0,164,164,761,6,3,2,8
4176,200,-3673971478035595278,0,130,130,757,1,3,1,11
4177,200,-2235055019415222428,0,126,126,757,1,5,3,9
4178,200,1260483962464693842,0,146,146,737,8,3,2,7
4179,200,-3469120207257589618,0,142,142,773,1,7,4,23
4180,200,1565383043976503622,0,146,146,748,1,6,3,17
4181,200,-2613143134542334832,0,124,124,743,3,3,1,4
4182,200,-8322620942375927394,0,138,138,749,2,5,2,8
4183,200,-7306584106822568111,0,102,102,740,1,5,3,13
4184,200,-8778782352127752647,0,136,136,739,3,2,1,5
4185,200,5249797063251750477,0,152,152,768,6,3,2,8
4186,200,7734870588002335707,0,143,143,767,1,4,1,9
4187,200,-157022477532641658,0,142,142,768,2,4,2,12
4188,200,4973510445667415620,0,112,112,762,3,6,3,14
4189,200,3587263541261813180,0,132,132,760,2,6,3,14
4190,200,1312954764912983677,0,153,153,760,5,6,4,19
4191,200,-7894635549645958437,0,164,164,752,1,9,6,17
4192,200,-2907520895680884108,0,145,145,753,1,7,5,14
4193,200,1215633714692805044,0,141,141,773,3,6,2,11
4194,200,-6618960804125914677,0,151,151,746,3,6,4,14
4195,200,-5280978050223946257,0,143,143,768,8,1,1,2
4196,200,-1543991021993413652,0,162,162,763,1,6,4,12
4197,200,-6393064837404348096,0,113,113,760,2,3,1,8
4198,200,7646849987718284128,0,154,154,759,1,5,3,7
4199,200,86048695966916825,0,137,137,755,5,3,2,6
4200,200,-1847139367645554079,0,148,148,764,2,5,3,10
4201,200,7346424551034396191,0,181,181,737,2,3,1,8
4202,200,5462282848195693741,0,123,123,753,2,4,2,9
4203,200,5399020175411836575,0,150,150,736,4,3,1,6
4204,200,-7958207858461447524,0,114,114,761,2,3,1,12
4205,200,-937726819900879037,0,133,133,760,5,4,2,11
4206,200,-2291788449170101900,0,170,170,736,4,6,4,19
4207,200,-2503661939088165184,0,127,127,752,3,5,3,16
4208,200,-3584175994751091460,0,137,137,741,1,8,5,18
4209,200,7851352702108052306,0,132,132,770,3,5,3,14
4210,200,1104012985809548878,0,146,146,765,6,3,2,7
4211,200,-6052709703161821269,0,132,132,769,1,15,10,27
4212,200,-2843461695355323407,0,144,144,731,1,8,4,22
4213,200,-1293405992712533208,0,128,128,775,1,3,2,8
4214,200,-5188045181757198553,0,155,155,729,2,6,4,13
4215,200,2949049515221758278,0,99,99,765,1,3,1,7
4216,200,5245545008192082562,0,153,153,745,1,9,4,20
4217,200,8719959346320788563,0,111,111,730,8,4,3,8
4218,200,5698605285302224317,0,177,177,776,1,5,3,12
4219,200,3002372647758993256,0,133,133,752,3,4,3,11
4220,200,-8960232361520305464,0,150,150,752,2,4,2,6
4221,200,-1561576418465385578,0,139,139,757,3,3,1,10
4222,200,-591214720038582236,0,156,156,737,5,4,3,13
4223,200,-8242458111579093922,0,147,147,748,1,5,4,10
4224,200,3393756178168216689,0,166,166,763,1,13,8,34
4225,200,-4604779041568153754,0,129,129,754,2,3,1,11
4226,200,2815768729719576388,0,145,145,739,3,6,4,8
4227,200,-3645453565643226262,0,117,117,736,6,2,1,4
4228,200,-4976949246936470722,0,154,154,768,2,4,3,13
4229,200,-8394760245756851600,0,133,133,739,5,6,5,16
4230,200,9082605857984507225,0,148,148,750,4,5,2,15
4231,200,7063039475521702719,0,129,129,736,1,5,2,15
4232,200,627907005252728197,0,151,151,765,4,6,2,17
4233,200,-6419816116782342639,0,116,116,767,1,6,4,17
4234,200,3024039470649930867,0,116,116,767,3,5,3,10
4235,200,-175504626849400697,0,167,167,762,5,7,4,12
4236,200,-4195147029254999377,0,162,162,754,6,5,2,10
4237,200,6624130113606014172,0,138,138,751,1,4,2,9
4238,200,-4442311940050621196,0,149,149,775,1,4,2,10
4239,200,-1991084781228910499,0,158,158,761,2,3,1,8
4240,200,1732220863357018555,0,118,118,759,4,4,2,11
4241,200,-216390776967123688,0,149,149,733,4,5,4,10
4242,200,5770923765392745492,0,176,176,762,1,3,2,7
4243,200,5830219591043400403,0,142,142,751,1,7,4,15
4244,200,-3128473411274668103,0,156,156,743,4,4,2,9
4245,200,-7616082863908492480,0,122,122,721,5,2,1,4
4246,200,-2109167731581601184,0,135,135,758,1,5,2,11
4247,200,-5646993507710565011,0,146,146,752,2,5,2,9
4248,200,-7683692749637493167,0,128,128,749,2,3,1,6
4249,200,-4456375304453395327,0,135,135,769,1,4,1,13
4250,200,-2643985694421468617,0,154,154,748,3,10,8,22
4251,200,-4915307475916890715,0,93,93,770,5,4,2,9
4252,200,-6236440690190872006,0,97,97,764,3,3,2,6
4253,200,-2518736633932658369,0,182,182,759,7,4,2,10
4254,200,-2426661710139523508,0,117,117,740,6,4,2,9
4255,200,-4411130943459425435,0,130,130,766,1,3,1,4
4256,200,690697547758424514,0,147,147,759,4,3,2,6
4257,200,5625649148450015120,0,121,121,768,4,3,2,7
4258,200,3515881435017537575,0,130,130,745,3,4,2,13
4259,200,9203333948658205583,0,131,131,740,2,6,3,12
4260,200,3539266495672576845,0,130,130,767,4,4,2,4
4261,200,-2849689226121273921,0,137,137,755,5,2,1,6
4262,200,2195800659685435044,0,135,135,775,2,6,3,12
4263,200,8722973546042698361,0,124,124,760,2,5,3,11
4264,200,-467546319241298994,0,151,151,760,4,2,1,7
4265,200,-918155251723057974,0,122,122,756,3,9,6,21
4266,200,-1609701758271468430,0,132,132,744,6,4,3,13
4267,200,-8748872770848915863,0,147,147,756,2,5,4,10
4268,200,6698639754961907023,0,140,140,723,6,6,3,15
4269,200,-817564189851411739,0,145,145,753,1,4,3,11
4270,200,-5822822288927721836,0,133,133,772,5,5,4,11
4271,200,-9062996382303450594,0,135,135,752,3,7,4,17
4272,200,5971494914094040431,0,149,149,759,5,8,6,20
4273,200,8520104289530287605,0,152,152,722,1,3,1,11
4274,200,-7240121764014701852,0,146,146,763,3,3,1,7
4275,200,1314610732869924679,0,155,155,753,3,4,2,10
4276,200,-3516856215062264865,0,150,150,751,1,6,4,14
4277,200,-5166768877937539562,0,160,160,752,2,7,4,20
4278,200,-4032919837093669237,0,133,133,757,2,5,2,10
4279,200,-7068320496252978935,0,153,153,759,1,5,2,13
4280,200,5470211609485398244,0,142,142,759,3,7,4,16
4281,200,-1007960562824157162,0,113,113,771,1,7,4,14
4282,200,1867592174602302603,0,136,136,738,4,6,4,17
4283,200,-1603634653831854467,0,128,128,765,5,3,1,9
4284,200,3037545932081249240,0,149,149,770,3,5,4,11
4285,200,7855041906148100087,0,96,96,756,3,5,3,15
4286,200,-8766923298449284043,0,147,147,729,6,5,4,9
4287,200,-8296522965591431889,0,132,132,765,3,6,4,14
4288,200,-6436592861092623959,0,135,135,774,2,5,1,14
4289,200,198557912255427441,0,169,169,756,4,4,2,8
4290,200,3576685880604911539,0,141,141,746,7,3,2,7
4291,200,7854784845134807968,0,120,120,750,2,2,1,5
4292,200,1425037314451805017,0,141,141,737,1,4,1,11
4293,200,1342980643705109613,0,129,129,744,2,2,1,9
4294,200,-441177626365541761,0,134,134,748,1,7,3,18
4295,200,-5524800946824207419,0,127,127,760,2,5,3,11
4296,200,-8584562588893154180,0,124,124,757,1,5,3,16
4297,200,5752379505652730763,0,126,126,751,1,8,5,16
4298,200,2229207343542521834,0,165,165,767,1,7,2,20
4299,200,4037331708518421895,0,113,113,740,2,8,4,19
4300,200,4480215718418729405,0,133,133,749,1,4,3,14
4301,200,-3010159321745948003,0,129,129,756,3,4,2,13
4302,200,-1952052878889014890,0,135,135,756,2,4,3,11
4303,200,3988861705989570881,0,134,134,757,2,5,2,18
4304,200,6443568076629442393,0,134,134,737,6,2,1,7
4305,200,-3601245982382756054,0,134,134,745,5,5,3,10
4306,200,4586387679695298044,0,112,112,761,5,4,3,9
4307,200,4512043718238765637,0,154,154,749,8,3,3,7
4308,200,460144068085837730,0,129,129,778,2,4,1,10
4309,200,-8806236424307110676,0,121,121,762,1,4,2,5
4310,200,-3417117633688815896,0,134,134,741,6,3,1,8
4311,200,-6616633314416045737,0,165,165,753,4,4,3,5
4312,200,6101975761576235389,0,150,150,770,1,7,3,18
4313,200,5985472883440425042,0,141,141,759,1,7,5,15
4314,200,-4455031926818549769,0,143,143,743,2,8,5,18
4315,200,-8529972825716015312,0,113,113,735,2,5,3,14
4316,200,8807938588794484453,0,137,137,766,1,4,2,7
4317,200,-5056035356116799233,0,152,152,766,2,6,3,9
4318,200,6250423031522164000,0,103,103,735,3,5,2,14
4319,200,6597628199737507580,0,124,124,768,4,4,2,10
4320,200,-4020750290900935834,0,143,143,744,2,4,2,8
4321,200,6010999233121324105,0,152,152,769,6,4,3,8
4322,200,5935250580775076136,0,130,130,741,2,4,1,12
4323,200,-93622593690828579,0,175,175,773,4,5,3,10
4324,200,-3000551220315749726,0,151,151,748,3,5,3,15
4325,200,-5934071507644352581,0,152,152,762,2,5,3,15
4326,200,-4454353811552496596,0,119,119,739,8,3,3,3
4327,200,6789419422841281638,0,169,169,727,1,5,2,12
4328,200,2826031258244720336,0,131,131,748,4,9,8,20
4329,200,-2066218123166995565,0,121,121,752,3,6,3,13
4330,200,383455340223838747,0,127,127,746,3,3,1,6
4331,200,-2624365590918755552,0,139,139,755,1,4,3,8
4332,200,-3648912375927359688,0,171,171,751,4,7,6,16
4333,200,-45945804505125564,0,136,136,768,1,5,2,15
4334,200,7364469387682605370,0,153,153,763,7,6,4,12
4335,200,3762349036213138184,0,99,99,761,1,15,11,30
4336,200,7548787326965294776,0,146,146,736,2,8,4,29
4337,200,6061229844934885878,0,142,142,764,1,7,4,22
4338,200,362183391300878494,0,154,154,780,1,8,4,15
4339,200,-3613693231054241521,0,149,149,764,3,10,6,19
4340,200,2962049493889452610,0,110,110,733,6,3,1,7
4341,200,-3403465810651025151,0,163,163,745,1,7,4,19
4342,200,5664263769281171125,0,150,150,766,1,6,4,12
4343,200,-119115721564810343,0,164,164,734,2,5,3,16
4344,200,6944608726134048603,0,132,132,754,2,8,7,16
4345,200,489903380239783542,0,139,139,763,3,5,3,13
4346,200,-4832501040123091010,0,165,165,748,6,7,4,21
4347,200,-3439544451495987969,0,145,145,747,3,8,4,17
4348,200,-7554397900729773410,0,132,132,738,5,2,1,3
4349,200,137306501521212822,0,171,171,756,1,3,1,10
4350,200,2961058534919572556,0,172,172,755,2,6,3,18
4351,200,-458702235364923891,0,120,120,752,3,6,4,14
4352,200,181984637366451767,0,95,95,759,3,10,7,29
4353,200,5541092287339379544,0,125,125,762,1,4,1,12
4354,200,-8617173807229313081,0,137,137,794,2,4,1,10
4355,200,3932058481923602564,0,163,163,779,1,9,6,20
4356,200,-5665800569432221591,0,124,124,762,2,6,4,13
4357,200,9109748335872286951,0,138,138,738,4,2,1,7
4358,200,-8574108346635899158,0,128,128,766,3,7,5,19
4359,200,-163291754595665511,0,126,126,753,1,3,1,8
4360,200,-4207904325369161208,0,158,158,754,2,4,2,10
4361,200,8111595961983852066,0,149,149,775,1,6,2,17
4362,200,2599219117875791430,0,149,149,763,6,2,2,6
4363,200,-8012064673619039116,0,144,144,748,1,4,2,14
4364,200,-7812592159157934848,0,127,127,765,2,6,3,14
4365,200,-2976653498316227557,0,164,164,770,4,5,3,17
4366,200,-1835457483639465794,0,141,141,750,4,5,3,11
4367,200,-4653464319892482894,0,135,135,744,1,2,1,4
4368,200,-8027098560412609844,0,122,122,742,2,4,2,10
4369,200,4394224253260519321,0,128,128,747,3,4,2,6
4370,200,7134178559617005065,0,143,143,767,2,3,2,3
4371,200,5708094428263469284,0,140,140,733,6,2,1,4
4372,200,-8107610355923561729,0,143,143,768,2,7,4,13
4373,200,-7084198404736588907,0,112,112,745,1,8,4,14
4374,200,-419241763606441676,0,128,128,740,4,3,2,11
4375,200,-2301111068452715250,0,109,109,748,3,5,2,15
4376,200,-1699550984632968769,0,154,154,750,4,5,3,11
4377,200,-6921353768104805440,0,147,147,755,4,4,3,12
4378,200,-1663403910816229603,0,167,167,748,3,4,2,5
4379,200,5731492356003124520,0,137,137,765,1,2,1,7
4380,200,-3484179576617492923,0,132,132,766,3,4,2,14
4381,200,4946803922639390460,0,108,108,763,4,5,3,14
4382,200,6183837242958386425,0,152,152,767,6,4,2,12
4383,200,1379114281117347745,0,146,146,732,6,3,1,9
4384,200,5532817933329033566,0,136,136,760,1,6,3,14
4385,200,4456061149043698143,0,145,145,743,4,5,3,14
4386,200,-1577325876199756082,0,121,121,746,1,4,2,10
4387,200,-4831168023301101609,0,131,131,745,2,6,5,16
4388,200,-387316537729911827,0,155,155,759,2,2,1,6
4389,200,7890006790892374323,0,164,164,733,6,6,3,16
4390,200,6623821729615390202,0,155,155,767,2,3,1,10
4391,200,-2109884598350913377,0,156,156,756,1,5,3,16
4392,200,-728755645095684761,0,154,154,750,5,2,2,6
4393,200,1208434638465047673,0,115,115,755,4,3,1,7
4394,200,3633077535606435754,0,109,109,748,2,7,3,14
4395,200,-1481725254247283004,0,145,145,762,3,5,3,6
4396,200,2828606469691163221,0,121,121,742,4,4,2,9
4397,200,-1369519867475980191,0,122,122,774,1,6,3,14
4398,200,-695185721075410076,0,98,98,766,3,3,1,10
4399,200,-2592210977513874560,0,111,111,762,3,4,2,12
4400,200,7174188259594279637,0,102,102,749,1,3,1,11
4401,200,7783563581804263763,0,138,138,758,3,3,1,10
4402,200,-866044928689944194,0,122,122,733,4,11,7,29
4403,200,1707206826584461060,0,145,145,763,4,6,4,14
4404,200,-5542884522950178534,0,140,140,758,2,6,3,21
4405,200,-740595301133249047,0,165,165,780,1,11,6,19
4406,200,-5949517100860690012,0,143,143,742,7,5,4,12
4407,200,3239862398393232118,0,137,137,752,2,9,4,21
4408,200,8011097237281763304,0,140,140,749,9,4,4,6
4409,200,-234564541363674766,0,148,148,749,6,4,2,6
4410,200,2228713887001426262,0,154,154,755,1,6,4,14
4411,200,3788373159419071726,0,162,162,754,3,6,3,14
4412,200,-3754436669181695720,0,160,160,775,1,3,1,8
4413,200,2649917735046362737,0,122,122,747,4,4,3,13
4414,200,34713083092507239,0,136,136,767,5,9,8,18
4415,200,-311430840040673032,0,129,129,759,1,4,1,8
4416,200,-3377091946807192550,0,137,137,771,1,5,2,12
4417,200,-6848506116699930339,0,147,147,759,2,3,1,9
4418,200,4825396325275883903,0,122,122,751,3,3,1,8
4419,200,3388985955860597781,0,119,119,741,5,2,1,6
4420,200,-4792728766473866130,0,99,99,757,4,8,6,20
4421,200,7583659606646964703,0,107,107,756,3,5,4,15
4422,200,2355307518515301530,0,126,126,770,4,5,3,12
4423,200,82542103305696953,0,126,126,723,6,4,3,9
4424,200,5405923290565386282,0,153,153,732,5,3,2,8
4425,200,3296856876941385686,0,168,168,760,3,11,8,22
4426,200,4310843261357158791,0,157,157,760,7,3,3,11
4427,200,5877517426575746894,0,122,122,776,4,3,1,6
4428,200,6084221367566138999,0,124,124,774,5,3,1,10
4429,200,-38648547847124138,0,131,131,740,2,11,6,27
4430,200,8027296367596770411,0,133,133,751,2,3,1,7
4431,200,3440802625477033136,0,118,118,764,4,5,2,17
4432,200,-1772149093440858604,0,130,130,748,1,4,2,7
4433,200,9065822113626271844,0,168,168,748,1,3,1,12
4434,200,2999865192958346811,0,140,140,761,2,6,3,13
4435,200,-5749380192564471632,0,145,145,754,2,6,3,9
4436,200,-1792509352270550062,0,104,104,750,1,6,3,14
4437,200,-503162515106858692,0,171,171,748,5,3,2,10
4438,200,6976434017561617221,0,126,126,751,4,4,2,9
4439,200,7991317766581439121,0,115,115,753,2,11,5,29
4440,200,18338123607077141,0,138,138,733,2,4,2,12
4441,200,7002447499879358668,0,122,122,757,4,2,1,6
4442,200,8513280707470780840,0,128,128,757,4,4,3,10
4443,200,-4178257489644811890,0,140,140,764,5,2,1,5
4444,200,-3036632094365875622,0,160,160,758,2,3,1,11
4445,200,757805785592386870,0,120,120,762,1,6,3,14
4446,200,-6626950360880521257,0,154,154,766,9,2,2,2
4447,200,-5429391161927155886,0,103,103,767,6,2,1,4
4448,200,-215465999975189077,0,169,169,751,4,4,2,11
4449,200,5136008199042804306,0,166,166,771,1,8,5,20
4450,200,-1736608152057214182,0,143,143,760,6,7,5,18
4451,200,-5976923140118060418,0,144,144,759,2,5,3,13
4452,200,-7844747825525769940,0,137,137,751,2,5,2,12
4453,200,-7483774586449978327,0,141,141,743,1,8,5,18
4454,200,-5656080279621421556,0,147,147,753,3,3,2,7
4455,200,456766446875451686,0,134,134,751,2,2,1,2
4456,200,-482615755840192110,0,122,122,764,5,4,3,10
4457,200,-4883741825394450053,0,131,131,723,3,3,2,7
4458,200,304592522762962718,0,132,132,750,2,4,2,14
4459,200,-7353533141740430508,0,142,142,755,3,3,1,7
4460,200,-8860609531508979545,0,126,126,748,2,7,4,15
4461,200,4175550334904733242,0,132,132,757,5,3,2,8
4462,200,2371284980275570451,0,163,163,757,5,3,1,10
4463,200,2971543221725097348,0,153,153,746,3,5,3,11
4464,200,-4229762541496198200,0,144,144,764,3,6,4,14
4465,200,1325342459908523533,0,138,138,742,7,3,2,7
4466,200,4696634478988588930,0,124,124,787,2,2,1,2
4467,200,-8941711542453155033,0,144,144,766,3,4,1,10
4468,200,5821877375746538087,0,126,126,761,2,3,2,8
4469,200,3526218371838951118,0,148,148,754,1,4,2,10
4470,200,7447724826340710744,0,97,97,741,3,9,6,18
4471,200,881667997809076512,0,137,137,763,4,6,4,17
4472,200,-1102322606985804663,0,149,149,738,3,8,6,15
4473,200,-3369756854749998324,0,125,125,760,3,6,5,18
4474,200,-4011172473682001069,0,135,135,761,3,6,3,12
4475,200,2469867152145021001,0,157,157,753,5,2,1,5
4476,200,7023697610181425480,0,116,116,771,1,8,5,19
4477,200,-8798506651722619766,0,113,113,765,5,2,1,3
4478,200,-2374104381926381433,0,162,162,764,2,6,2,12
4479,200,3711680757141827567,0,158,158,750,2,4,1,7
4480,200,-3360003077428148910,0,136,136,754,2,4,2,11
4481,200,-4439837778791575874,0,114,114,762,7,2,1,2
4482,200,-3783232813208883491,0,120,120,746,8,1,1,4
4483,200,-6297727247213303726,0,139,139,743,1,11,6,32
4484,200,-4987256740453818008,0,112,112,748,1,5,2,9
4485,200,-3818657841030321837,0,141,141,742,2,5,3,10
4486,200,4128009488208672143,0,141,141,744,4,5,4,13
4487,200,-5819589073867651801,0,163,163,778,3,4,1,8
4488,200,-5288655701201043232,0,149,149,749,4,5,3,14
4489,200,-5331112289362109785,0,109,109,741,2,6,4,16
4490,200,-6031875108906112082,0,149,149,739,4,3,2,7
4491,200,-1569102273204801515,0,140,140,767,5,5,3,10
4492,200,7572030128459534372,0,130,130,743,4,3,1,5
4493,200,-5101626358848226738,0,173,173,754,5,2,2,2
4494,200,-4909544427309468004,0,150,150,770,3,4,3,10
4495,200,7371883830174442299,0,137,137,766,2,7,4,13
4496,200,-5039902670702935247,0,137,137,748,8,3,2,11
4497,200,6302942028152259469,0,158,158,748,4,4,2,7
4498,200,8620603271610017938,0,181,181,757,3,9,6,16
4499,200,-3575875178978786391,0,131,131,743,1,9,5,24
4500,200,2265487973181518873,0,154,154,759,1,4,2,7
4501,200,2472481083535677407,0,158,158,759,2,4,2,5
4502,200,-1520282148077844709,0,147,147,746,4,3,2,5
4503,200,-4752219499798541342,0,162,162,764,5,4,1,9
4504,200,-2357364194842046079,0,183,183,775,4,2,1,5
4505,200,-6113860432592891532,0,152,152,733,5,3,1,4
4506,200,8511267053007020439,0,140,140,763,1,5,3,13
4507,200,4452302986629695072,0,139,139,736,1,4,2,12
4508,200,-3103756756715987677,0,141,141,732,2,5,2,12
4509,200,-1083294045927529043,0,124,124,728,8,4,3,7
4510,200,-9222797788628879431,0,120,120,777,2,3,1,5
4511,200,-1729510898719762416,0,135,135,750,3,9,6,25
4512,200,8282904293887113806,0,126,126,776,2,3,1,9
4513,200,1058212521157744546,0,130,130,739,2,3,1,5
4514,200,-3296043615009361910,0,142,142,771,1,6,3,10
4515,200,-948546358985991470,0,131,131,742,1,3,2,9
4516,200,8213771690227321953,0,133,133,765,4,4,3,9
4517,200,3404568782455437980,0,129,129,765,3,5,1,11
4518,200,-3467268837247295900,0,105,105,759,1,6,3,12
4519,200,6819339969115883514,0,107,107,767,1,7,5,12
4520,200,-2691644880542046893,0,117,117,745,5,4,2,9
4521,200,-3146401059919149925,0,132,132,761,3,4,2,9
4522,200,-7662634911702574473,0,118,118,735,3,6,3,13
4523,200,-3085910328393207086,0,106,106,780,1,7,4,13
4524,200,-2379229398981475282,0,136,136,745,4,5,2,10
4525,200,5558245068308607184,0,147,147,770,1,11,7,19
4526,200,-52076772849572281,0,152,152,764,3,6,4,13
4527,200,6498946502024581910,0,142,142,767,1,10,5,25
4528,200,5072220397659612047,0,156,156,767,1,4,1,13
4529,200,-3264158940970700252,0,158,158,759,1,7,5,16
4530,200,9082933860291830956,0,170,170,777,1,7,3,14
4531,200,-3898082470769877130,0,124,124,757,2,10,6,15
4532,200,348798647986526248,0,143,143,752,4,5,3,12
4533,200,2284227899486696880,0,137,137,745,4,2,1,5
4534,200,-6314621120096591920,0,126,126,715,3,3,2,9
4535,200,5073985503318865943,0,160,160,726,6,2,1,7
4536,200,-812062288468689089,0,133,133,757,6,3,1,5
4537,200,-9102940175959165629,0,161,161,759,2,3,1,5
4538,200,7726185912758968245,0,91,91,777,3,4,2,9
4539,200,2395712545643389202,0,128,128,732,6,2,1,7
4540,200,-8005881501692068564,0,166,166,750,1,4,2,12
4541,200,5913179642671438304,0,149,149,749,4,4,2,8
4542,200,-3350809073696468819,0,137,137,754,1,5,3,8
4543,200,-9049610937736835852,0,134,134,751,4,4,2,7
4544,200,-396300524558398497,0,133,133,771,3,5,3,12
4545,200,9053652897051946556,0,146,146,749,5,3,3,5
4546,200,7411003383445174752,0,141,141,766,5,3,2,7
4547,200,774462292696364861,0,144,144,770,4,3,2,7
4548,200,-8299188628105946793,0,129,129,768,1,5,2,14
4549,200,4692825513027821892,0,137,137,756,3,5,4,18
4550,200,6221191845757453257,0,154,154,772,5,3,1,9
4551,200,-904464956917379359,0,160,160,764,3,6,4,17
4552,200,-4667397705400437204,0,143,143,765,1,6,2,13
4553,200,-8501737476472432491,0,142,142,762,5,2,1,4
4554,200,-8704293333181935943,0,138,138,775,4,3,1,8
4555,200,-5118024160955125558,0,156,156,738,4,4,3,12
4556,200,1999459015133467654,0,106,106,751,4,4,2,10
4557,200,8868380327192204035,0,147,147,751,2,4,2,8
4558,200,2622989075152312659,0,147,147,737,3,7,5,19
4559,200,3733107449745355347,0,155,155,748,7,3,2,6
4560,200,-6977702338126883805,0,133,133,747,3,2,1,5
4561,200,7776717398355172115,0,159,159,762,2,3,1,6
4562,200,3297991829635692302,0,144,144,729,4,9,8,19
4563,200,2143169727174163406,0,150,150,754,7,2,1,4
4564,200,-1336070968624306731,0,142,142,753,2,7,5,17
4565,200,6602036647741917568,0,134,134,748,3,8,5,19
4566,200,-1441683131092937033,0,155,155,753,3,6,4,12
4567,200,7396026370365010688,0,162,162,771,1,3,1,11
4568,200,7204153421872198914,0,68,68,755,5,2,1,7
4569,200,3911276981238126521,0,111,111,769,2,6,3,17
4570,200,7113983966600861932,0,130,130,760,4,2,1,8
4571,200,7484392152801998240,0,113,113,778,1,8,4,15
4572,200,4093044804332087458,0,155,155,751,3,6,4,7
4573,200,9082865801249751649,0,170,170,749,3,2,1,2
4574,200,2774710799416194721,0,102,102,758,1,10,6,29
4575,200,-443741310103428133,0,159,159,748,1,7,4,16
4576,200,-8858937957177708219,0,138,138,756,3,5,2,18
4577,200,-2302864098459747378,0,149,149,769,3,7,5,20
4578,200,5645554163729479583,0,147,147,768,1,8,6,13
4579,200,-6095703014450709805,0,151,151,760,2,4,2,8
4580,200,5634446138658105227,0,132,132,752,4,4,2,10
4581,200,-144712013684674932,0,165,165,755,4,6,3,12
4582,200,-7843874181636278016,0,169,169,745,3,6,4,15
4583,200,-2382415358001332453,0,103,103,759,5,5,3,13
4584,200,6952622952787622569,0,158,158,781,2,3,2,4
4585,200,4450609294186581975,0,168,168,754,1,6,3,18
4586,200,1244529907876676533,0,161,161,772,2,6,2,15
4587,200,6732769016723224381,0,151,151,749,5,3,2,6
4588,200,1388466876889247466,0,148,148,749,4,4,2,12
4589,200,-4612420989446045148,0,141,141,742,1,2,1,10
4590,200,-8430195069444410624,0,121,121,762,1,4,3,11
4591,200,287455914334795316,0,141,141,733,1,3,1,8
4592,200,-2475835405443683284,0,135,135,759,8,5,4,14
4593,200,-5229969747665320040,0,154,154,791,1,5,3,9
4594,200,8983413375209761530,0,134,134,752,1,4,1,9
4595,200,-8333841491632212494,0,163,163,723,3,3,2,8
4596,200,-527060152939013025,0,146,146,724,1,4,2,11
4597,200,4238453760223233167,0,157,157,754,3,3,2,3
4598,200,-3632490047325298930,0,120,120,741,5,6,3,16
4599,200,1550416259789685211,0,142,142,748,5,5,3,12
4600,200,3057283512066988554,0,166,166,748,1,9,4,26
4601,200,6014635620123398679,0,166,166,767,2,5,2,7
4602,200,7732514822930524284,0,104,104,780,4,5,2,8
4603,200,-171003034036244152,0,147,147,741,2,4,1,10
4604,200,4255710372893798086,0,157,157,756,3,9,6,26
4605,200,8832845697821761650,0,128,128,766,1,6,3,13
4606,200,-6438253962714600233,0,104,104,761,6,3,2,10
4607,200,-3283687363360984570,0,109,109,747,3,5,3,13
4608,200,-8922446610459057728,0,164,164,754,3,3,1,10
4609,200,-1137175606061192808,0,143,143,754,3,4,2,10
4610,200,-4863744750989781881,0,130,130,746,1,4,2,17
4611,200,-7335009712852933932,0,111,111,763,5,5,4,12
4612,200,-9220162485069048261,0,130,130,763,1,7,3,21
4613,200,6235967355422700466,0,83,83,751,2,6,3,15
4614,200,-8178839820170505912,0,154,154,741,4,2,1,3
4615,200,8861931383248862696,0,151,151,741,1,6,3,11
4616,200,4406500827000158732,0,167,167,736,2,4,3,5
4617,200,-4293193293689134176,0,169,169,744,3,4,2,8
4618,200,3598429392873223337,0,144,144,764,1,7,3,16
4619,200,-3295214377242061973,0,159,159,734,5,4,3,9
4620,200,2345356583275971612,0,132,132,773,2,8,6,17
4621,200,1352470285754015604,0,135,135,738,4,6,4,13
4622,200,-6512276031972993394,0,130,130,758,8,3,2,6
4623,200,2575683207392056312,0,134,134,768,1,7,3,19
4624,200,8051057563013022442,0,158,158,738,6,3,1,5
4625,200,-9212064823978835723,0,116,116,772,1,4,2,12
4626,200,-5661861691009201233,0,112,112,777,2,9,7,19
4627,200,-2189367002443683039,0,150,150,740,3,5,4,14
4628,200,-5685671474415486201,0,127,127,761,2,4,3,12
4629,200,-1836838547979462627,0,139,139,761,3,6,3,12
4630,200,-5996050385928950761,0,155,155,776,4,7,4,15
4631,200,-751495389661419030,0,161,161,748,4,3,1,5
4632,200,1167005446393288087,0,154,154,753,3,4,2,6
4633,200,-6414332035133456996,0,152,152,752,3,2,1,2
4634,200,-6088355414583694939,0,151,151,758,2,5,3,13
4635,200,2127416507218100556,0,162,162,736,8,2,1,4
4636,200,-7398464362921795882,0,149,149,756,6,2,1,7
4637,200,2329931016919151954,0,149,149,748,4,5,2,13
4638,200,6516353780570977934,0,148,148,757,2,3,1,10
4639,200,-6657189536538850124,0,137,137,754,3,11,7,25
4640,200,5633924726786610321,0,140,140,759,4,7,6,11
4641,200,-264267487050768168,0,150,150,761,1,4,1,13
4642,200,-6343138096139928615,0,122,122,771,2,6,4,14
4643,200,-5395058413673714559,0,153,153,748,2,5,3,15
4644,200,-3773263708711598935,0,131,131,748,3,8,5,17
4645,200,-2228999869242867208,0,127,127,744,2,7,4,13
4646,200,3352605400110948322,0,138,138,741,2,4,1,10
4647,200,-6893962624959483767,0,147,147,761,4,8,5,21
4648,200,8559444061959142292,0,122,122,796,3,5,2,9
4649,200,1959394239877319985,0,130,130,773,1,7,4,16
4650,200,4125848018672917719,0,140,140,743,3,4,2,10
4651,200,-8263347643581263212,0,150,150,756,4,2,1,3
4652,200,-1299974607735586084,0,170,170,765,4,4,3,11
4653,200,-6452507939789960140,0,91,91,764,2,6,3,13
4654,200,2722872952959674174,0,146,146,744,1,3,1,5
4655,200,-2701830490691747616,0,162,162,734,6,4,3,10
4656,200,-4017491149832278115,0,131,131,733,4,3,1,9
4657,200,-7923276058726117271,0,159,159,752,1,4,2,10
4658,200,-2900430191481985939,0,146,146,749,3,6,4,14
4659,200,2390013642129012891,0,127,127,738,4,7,5,11
4660,200,-8885301023018876661,0,130,130,754,1,4,2,11
4661,200,2206342832899306859,0,140,140,741,2,8,7,20
4662,200,-1348005360414363375,0,147,147,757,4,4,2,9
4663,200,815485447340634220,0,118,118,755,2,7,5,21
4664,200,-1703858248763240726,0,150,150,741,9,4,4,8
4665,200,2022163796178514824,0,124,124,752,3,7,5,18
4666,200,7346472945300912040,0,134,134,730,2,5,3,12
4667,200,-8083360519729769749,0,140,140,752,1,5,2,10
4668,200,-1098851606204233708,0,118,118,762,3,5,3,19
4669,200,-196305447095418302,0,119,119,755,3,3,2,10
4670,200,8609847116114777862,0,145,145,743,1,9,5,18
4671,200,-2422757585120229083,0,144,144,748,2,6,4,16
4672,200,-1265121251593338633,0,146,146,732,4,4,2,11
4673,200,-3415294801574819120,0,131,131,737,2,4,2,9
4674,200,6815288322813090004,0,126,126,753,5,5,2,10
4675,200,4682167959708472601,0,162,162,747,2,5,3,11
4676,200,5892810459571474964,0,188,188,770,1,5,2,16
4677,200,-3768423362378110306,0,152,152,747,4,3,1,6
4678,200,1410140407911462924,0,165,165,759,5,5,3,10
4679,200,8993932262399278141,0,110,110,731,2,4,3,10
4680,200,3605608230851413633,0,115,115,730,1,7,3,14
4681,200,7055743710534190536,0,145,145,767,4,3,1,4
4682,200,-1332323374808942721,0,137,137,761,3,7,2,19
4683,200,-3974985951113592327,0,119,119,742,7,3,2,8
4684,200,-7098232332129019288,0,136,136,766,2,3,1,12
4685,200,-1405770957033166429,0,151,151,744,3,2,1,7
4686,200,7515130872325867599,0,155,155,744,3,3,2,9
4687,200,4926733097760748074,0,185,185,725,1,8,3,24
4688,200,5703159924720912774,0,132,132,756,9,2,2,4
4689,200,-4311096994697003211,0,119,119,770,2,5,3,18
4690,200,8404747231618842741,0,152,152,765,2,3,1,9
4691,200,-824025839350563935,0,147,147,759,5,4,2,9
4692,200,9018629188278398381,0,90,90,766,1,5,3,9
4693,200,5480244804990864824,0,125,125,760,3,5,2,17
4694,200,-927588941024157380,0,176,176,756,6,2,2,4
4695,200,-5512164119009699166,0,101,101,749,2,4,2,13
4696,200,1238790563276811586,0,112,112,757,1,3,1,5
4697,200,-3047782187493389029,0,160,160,758,4,6,4,10
4698,200,4441311348562210244,0,152,152,753,6,2,1,10
4699,200,2903745421731713894,0,155,155,769,2,3,1,7
4700,200,-4451175394396931649,0,165,165,732,4,5,4,12
4701,200,8567698693762975872,0,150,150,769,2,8,3,17
4702,200,-1381406972585373312,0,149,149,754,1,3,1,8
4703,200,-3206054661257855847,0,141,141,774,4,3,2,8
4704,200,3860470038209306162,0,154,154,765,5,4,2,7
4705,200,-2193148424064118593,0,128,128,767,2,6,3,13
4706,200,6454343825536276152,0,139,139,750,2,3,1,6
4707,200,8621008729220995548,0,150,150,769,4,3,1,3
4708,200,-9000411917932192323,0,145,145,735,1,4,1,9
4709,200,1057858812745268962,0,154,154,768,2,6,4,14
4710,200,-5447328137169277688,0,134,134,746,1,6,3,14
4711,200,-6221434194409798076,0,161,161,743,4,10,8,20
4712,200,3955558051421463060,0,150,150,769,1,5,2,15
4713,200,1535646357619967655,0,117,117,748,2,5,2,10
4714,200,-1192228144982294561,0,124,124,762,6,3,2,9
4715,200,2427647949303770841,0,163,163,768,1,5,2,17
4716,200,3531279066719287810,0,124,124,756,2,5,4,13
4717,200,-2955236072327489278,0,145,145,775,3,3,1,8
4718,200,2410049515616378113,0,135,135,757,1,4,2,7
4719,200,8673856976662502680,0,150,150,730,4,3,2,10
4720,200,-7941156326897965084,0,145,145,757,3,5,1,11
4721,200,4833469902836192920,0,146,146,735,2,2,1,7
4722,200,8837157527427361542,0,152,152,770,5,1,1,2
4723,200,6454477319823053170,0,157,157,753,1,5,3,14
4724,200,4043248592904208428,0,159,159,728,2,4,2,9
4725,200,-3247340730168094140,0,123,123,762,2,4,2,9
4726,200,6837330329834696665,0,134,134,776,4,3,2,9
4727,200,-2784071305759347253,0,119,119,749,1,4,2,11
4728,200,3779909898735359967,0,128,128,734,1,13,9,40
4729,200,-8582108014560189547,0,157,157,768,1,7,5,18
4730,200,-5033491638767130823,0,165,165,754,3,3,1,6
4731,200,-8899090629261611013,0,132,132,750,5,4,3,7
4732,200,-385944036584766696,0,130,130,744,2,3,1,9
4733,200,3205665927993805134,0,132,132,722,6,2,2,2
4734,200,3395031883687405883,0,135,135,766,2,5,2,16
4735,200,-444363213489423280,0,132,132,761,5,3,2,7
4736,200,701518439758848899,0,170,170,728,1,5,2,18
4737,200,-5309823863897711642,0,141,141,758,3,2,1,5
4738,200,5897875397100380358,0,116,116,774,1,5,3,9
4739,200,6220748316082337802,0,146,146,758,2,3,1,7
4740,200,4053574319023343330,0,139,139,769,1,6,3,16
4741,200,-2408439671966216186,0,119,119,757,4,3,1,3
4742,200,-5007840973072412139,0,139,139,755,4,4,3,9
4743,200,-9102295770110692386,0,138,138,729,1,6,4,11
4744,200,-3391793488890800756,0,138,138,752,1,5,1,16
4745,200,-8559646303804978931,0,124,124,768,6,10,8,21
4746,200,6814927858659488057,0,156,156,772,4,5,3,10
4747,200,8478264000263005812,0,128,128,746,5,5,3,11
4748,200,3637370423494856937,0,144,144,723,1,7,3,24
4749,200,6554155306381491087,0,150,150,759,1,3,1,4
4750,200,5282460066691057813,0,132,132,734,1,4,2,13
4751,200,-1245933930050930967,0,143,143,742,3,10,7,22
4752,200,-5534253996534734345,0,119,119,745,2,4,1,15
4753,200,1944387450237788114,0,120,120,741,2,4,1,13
4754,200,9085232658313899872,0,109,109,748,3,6,4,17
4755,200,-8040223667646556338,0,144,144,739,5,3,2,7
4756,200,2258686240335689672,0,147,147,754,2,5,2,13
4757,200,-6567909653684784049,0,137,137,747,3,4,2,11
4758,200,-8503570892007567322,0,111,111,747,1,6,3,13
4759,200,7844610650369322791,0,138,138,725,4,4,3,10
4760,200,5160076153970324994,0,141,141,742,3,9,6,21
4761,200,1649867159560130615,0,126,126,753,3,4,2,9
4762,200,859520256996081479,0,132,132,732,4,5,4,13
4763,200,719997728832280044,0,164,164,775,3,5,3,11
4764,200,-4962637289850883235,0,114,114,743,9,1,1,3
4765,200,-7396944363526961684,0,145,145,772,3,10,7,20
4766,200,4963406687954788727,0,152,152,765,3,5,3,9
4767,200,8393658885454552459,0,125,125,749,2,3,2,10
4768,200,-659106704868161495,0,117,117,774,1,5,3,9
4769,200,-7871871772422531709,0,143,143,748,6,2,1,8
4770,200,-7765356273205108164,0,137,137,756,5,3,2,11
4771,200,-6064307102545187612,0,145,145,753,1,5,3,8
4772,200,737893365716921541,0,128,128,755,3,8,4,17
4773,200,6813700885540548425,0,131,131,766,2,9,6,28
4774,200,-7040875296971261324,0,126,126,754,1,7,3,17
4775,200,-5220112888619799988,0,149,149,756,1,5,3,11
4776,200,-1185095473039398871,0,127,127,744,6,3,2,5
4777,200,-6713439642185513413,0,129,129,754,1,8,6,14
4778,200,-4803466053731924276,0,138,138,770,1,2,1,4
4779,200,119502955310233099,0,142,142,753,1,9,4,17
4780,200,-7187423802362392995,0,141,141,753,4,2,1,4
4781,200,3643904956652532364,0,111,111,747,1,4,2,8
4782,200,5184789394522484297,0,138,138,750,2,5,3,19
4783,200,2810246249488020702,0,133,133,774,4,4,3,8
4784,200,2036604203239165696,0,111,111,766,1,6,4,14
4785,200,147720298326909987,0,127,127,761,1,4,2,10
4786,200,2978812720012662979,0,163,163,737,4,2,1,6
4787,200,5334287106579540597,0,139,139,762,4,5,3,13
4788,200,-2227467942910045246,0,109,109,753,4,5,3,13
4789,200,1377631257468740890,0,131,131,759,2,3,1,8
4790,200,4822235765924754789,0,167,167,776,4,3,2,6
4791,200,1798954928809976822,0,159,159,768,1,7,4,20
4792,200,-3741559573388448023,0,136,136,754,4,5,3,8
4793,200,7453780796349164608,0,137,137,761,3,4,2,9
4794,200,1190923572047696175,0,129,129,729,6,2,1,7
4795,200,2637456838342521464,0,136,136,746,1,3,1,4
4796,200,7011745095018879440,0,138,138,742,3,10,7,22
4797,200,-643393322997612648,0,161,161,760,5,5,2,17
4798,200,1354386839122132340,0,79,79,766,1,9,6,21
4799,200,-2800091804015741559,0,113,113,752,1,6,4,13
4800,200,-80724804202577052,0,141,141,748,5,4,3,9
4801,200,7052349357684500184,0,146,146,759,4,3,2,4
4802,200,-7658906273423554980,0,119,119,768,5,4,2,5
4803,200,7407165273662289321,0,133,133,755,2,7,5,24
4804,200,-1542990289961881947,0,133,133,739,2,14,8,32
4805,200,-7879906092101358101,0,133,133,777,3,5,3,11
4806,200,-8979915612102706845,0,141,141,745,1,3,1,7
4807,200,3176254989977669325,0,149,149,745,3,4,2,13
4808,200,-8771991959646838485,0,103,103,731,6,5,4,11
4809,200,-3241415252451395729,0,109,109,735,6,6,5,10
4810,200,1544382782731484120,0,139,139,769,4,5,4,13
4811,200,-4612147211380512036,0,150,150,747,3,3,1,7
4812,200,93472631812366751,0,141,141,733,1,5,2,14
4813,200,-2348936318010269896,0,122,122,756,1,6,3,16
4814,200,7040782792118055263,0,130,130,747,2,5,3,10
4815,200,-8175559043283039179,0,139,139,747,5,5,3,15
4816,200,7786032079042774589,0,114,114,747,1,4,2,11
4817,200,7106737101789310155,0,150,150,766,2,2,1,7
4818,200,-1075728688335818128,0,153,153,744,5,2,1,7
4819,200,1605497241076787240,0,168,168,742,2,3,1,8
4820,200,2899936669647704921,0,107,107,759,3,6,4,14
4821,200,-2232728629425121820,0,135,135,759,1,4,1,13
4822,200,-3927526335285046570,0,179,179,760,2,6,3,18
4823,200,4168675845258350968,0,109,109,746,3,5,4,13
4824,200,5727603103096318422,0,151,151,752,2,5,3,12
4825,200,-9004773100710031120,0,160,160,732,8,2,2,2
4826,200,-7577421878283208656,0,113,113,761,6,5,3,14
4827,200,-4274695413568671008,0,108,108,748,6,5,3,9
4828,200,-3491619894057794128,0,152,152,784,1,5,2,11
4829,200,6902077682026788756,0,145,145,744,3,4,3,7
4830,200,-1735598376984739725,0,148,148,730,4,3,2,9
4831,200,3910916052217387402,0,138,138,764,3,7,3,15
4832,200,-6193908125351867276,0,144,144,762,3,4,3,9
4833,200,-2309869730743092956,0,123,123,778,5,5,3,8
4834,200,-4058141494888253338,0,111,111,755,3,5,4,16
4835,200,2586489100113022873,0,95,95,765,2,8,6,17
4836,200,-314537484233446461,0,136,136,739,2,5,3,14
4837,200,-7930550824280105684,0,173,173,739,1,7,4,20
4838,200,6113173314663326244,0,144,144,755,8,4,3,14
4839,200,317086818783364769,0,171,171,750,1,5,3,14
4840,200,3235083806798219219,0,130,130,745,3,5,3,16
4841,200,5799212062587033067,0,141,141,748,2,3,1,8
4842,200,6631235636147506078,0,164,164,774,2,4,1,5
4843,200,476530716965360169,0,103,103,769,2,5,3,16
4844,200,-761038434372273683,0,122,122,773,2,7,4,11
4845,200,-1391441180278349101,0,132,132,763,5,5,4,9
4846,200,7163936371385529623,0,151,151,776,4,4,2,12
4847,200,-6445481405541813712,0,137,137,743,1,4,2,7
4848,200,-6339445273224651024,0,113,113,745,4,4,3,13
4849,200,-6521301236075117813,0,134,134,759,3,4,2,10
4850,200,611094734295009190,0,127,127,726,2,4,3,7
4851,200,1315954391301156261,0,117,117,747,2,5,2,13
4852,200,-7735067156724632115,0,137,137,764,6,2,1,6
4853,200,-7635134465550764051,0,143,143,733,2,6,4,15
4854,200,798971962657856439,0,152,152,773,2,4,2,11
4855,200,1383533000907898094,0,121,121,744,5,9,7,15
4856,200,3166221893209427465,0,111,111,769,4,3,2,7
4857,200,-1356813851856251000,0,154,154,761,6,4,2,15
4858,200,-2062756184541278326,0,161,161,766,6,5,3,15
4859,200,2113343612153594978,0,91,91,769,1,4,3,6
4860,200,-778322841803012546,0,172,172,740,5,4,1,9
4861,200,3487393877544759071,0,152,152,735,6,5,4,12
4862,200,5326659701443538355,0,150,150,744,1,9,5,20
4863,200,6442686020352581327,0,146,146,770,1,6,3,11
4864,200,6275628277835799193,0,153,153,758,5,4,2,14
4865,200,347738813425546663,0,118,118,756,3,2,1,7
4866,200,-6037586217895894120,0,144,144,753,6,2,1,6
4867,200,-275923807867832331,0,150,150,764,6,5,3,9
4868,200,-6284737761413840034,0,152,152,743,2,7,5,18
4869,200,-511255581798658483,0,154,154,761,2,4,2,13
4870,200,2408483202737440758,0,114,114,776,1,3,2,5
4871,200,20255559581972232,0,154,154,759,5,3,1,6
4872,200,-9383704344894624,0,149,149,748,4,5,3,9
4873,200,-7921497051088364818,0,151,151,758,6,3,2,12
4874,200,1586514447318298973,0,179,179,753,5,2,1,4
4875,200,7303539418680637746,0,105,105,760,2,2,1,5
4876,200,-5359063093527820663,0,158,158,771,4,4,3,7
4877,200,8183951760486768286,0,127,127,758,2,5,3,11
4878,200,-8165640397251142481,0,149,149,764,3,4,2,11
4879,200,7668341174674054158,0,131,131,754,3,4,2,8
4880,200,-6032694225040773032,0,156,156,761,2,3,1,6
4881,200,-4889458838971404254,0,127,127,745,1,9,6,30
4882,200,-7669852774021586011,0,90,90,743,1,4,2,8
4883,200,-2989476406264195026,0,149,149,756,1,7,3,16
4884,200,-912604482860123554,0,168,168,751,2,4,2,9
4885,200,1165069046197927029,0,126,126,748,1,7,5,12
4886,200,2226869052168471370,0,154,154,755,6,4,3,9
4887,200,5074373972143500183,0,133,133,771,3,4,2,6
4888,200,-8629253443204562240,0,141,141,773,4,6,5,17
4889,200,4510957173203130695,0,113,113,760,1,8,6,16
4890,200,8392907187921154686,0,124,124,761,3,5,4,17
4891,200,-6723915787590396864,0,94,94,745,2,4,2,6
4892,200,-7575141277294335304,0,139,139,751,1,8,4,18
4893,200,-6136008324683470983,0,170,170,723,1,5,3,12
4894,200,100366529179551860,0,154,154,749,2,4,2,11
4895,200,6151402191644039831,0,153,153,735,2,9,6,25
4896,200,-3779129942157744876,0,117,117,776,1,4,1,12
4897,200,-5895727250851740254,0,138,138,741,3,4,2,8
4898,200,3046674274181346100,0,134,134,745,3,4,3,9
4899,200,-7837473147583452165,0,147,147,757,1,9,6,27
4900,200,-91538517965876043,0,139,139,745,1,6,3,18
4901,200,-7235764474205875571,0,129,129,772,2,5,3,13
4902,200,-5199218322273468902,0,127,127,765,2,10,7,23
4903,200,1177649476535403843,0,105,105,760,5,3,2,9
4904,200,-4579670433124517102,0,136,136,748,6,3,2,8
4905,200,648240737082032057,0,167,167,772,1,8,3,24
4906,200,4343447650372806741,0,125,125,757,2,2,1,5
4907,200,-4308590766539625163,0,173,173,748,1,2,1,6
4908,200,1166172737723627187,0,161,161,750,3,6,4,14
4909,200,-3216862547834817576,0,144,144,764,1,10,7,14
4910,200,-4172443947555878039,0,145,145,756,1,4,2,13
4911,200,-723404788157792496,0,104,104,749,4,8,3,18
4912,200,-2606286179010899530,0,131,131,761,3,7,4,20
4913,200,-1514684993947091632,0,112,112,711,2,3,1,8
4914,200,2690598472679707053,0,147,147,749,2,3,1,5
4915,200,-6537460857314409213,0,143,143,760,4,5,4,16
4916,200,-5279241025590042548,0,128,128,753,3,5,3,10
4917,200,6203214585241277629,0,154,154,750,8,4,3,8
4918,200,159686887126367438,0,116,116,776,1,10,6,15
4919,200,-8581345461870812493,0,147,147,764,2,3,1,13
4920,200,-7481624706385940675,0,152,152,771,1,9,7,16
4921,200,-30297275028754579,0,146,146,757,3,6,3,12
4922,200,475770257234345034,0,139,139,756,1,7,3,13
4923,200,5198794021674258361,0,160,160,751,2,5,3,11
4924,200,6244899919159968352,0,164,164,756,3,3,1,8
4925,200,-2856894716121800222,0,133,133,753,1,5,2,12
4926,200,7352092163977745398,0,124,124,771,6,3,2,10
4927,200,5225359065504850466,0,160,160,747,2,6,3,20
4928,200,286706065750172452,0,138,138,746,1,4,2,11
4929,200,-8521872579014536620,0,128,128,751,3,2,1,3
4930,200,2452555701672317561,0,163,163,752,1,3,1,4
4931,200,7315368837731739885,0,166,166,747,3,5,4,18
4932,200,4880947357679206155,0,136,136,751,5,3,2,8
4933,200,8637640938382555948,0,126,126,758,5,3,2,6
4934,200,-9006778892405745714,0,144,144,769,2,5,1,15
4935,200,3193511670506772112,0,142,142,757,2,4,1,8
4936,200,3816498469503112745,0,120,120,748,3,2,1,2
4937,200,1953647712833207690,0,165,165,752,2,3,1,5
4938,200,6910925752411843526,0,144,144,752,5,3,1,5
4939,200,-4501141371434452108,0,171,171,757,2,8,4,21
4940,200,-8283590786858436183,0,163,163,793,3,5,3,15
4941,200,-4053805655906057279,0,159,159,774,1,6,3,12
4942,200,-465806485414648700,0,144,144,751,5,4,2,7
4943,200,7757773176873488500,0,130,130,765,1,6,4,15
4944,200,1212827566753143368,0,163,163,754,8,4,3,8
4945,200,-3198991557598088234,0,152,152,761,3,3,2,5
4946,200,6927840492396600575,0,154,154,755,3,3,1,7
4947,200,-2828589738850905758,0,146,146,746,4,3,2,7
4948,200,-5837651109396633896,0,159,159,782,2,8,4,21
4949,200,-6236148555502996988,0,148,148,761,1,8,4,21
4950,200,-7737629098956113021,0,150,150,743,3,5,1,13
4951,200,-7328402486721566846,0,155,155,750,3,4,2,6
4952,200,2068208906493328063,0,156,156,763,8,1,1,5
4953,200,-4460038445076270278,0,115,115,772,1,6,4,13
4954,200,-2841586488433063888,0,148,148,755,5,4,3,11
4955,200,-99183350771047411,0,137,137,749,1,3,1,11
4956,200,-258518838167315339,0,138,138,756,4,3,1,5
4957,200,-6076492946496135269,0,135,135,757,4,3,2,6
4958,200,-1518615602346617990,0,162,162,752,7,5,3,16
4959,200,7135321500051196592,0,155,155,763,5,2,1,7
4960,200,4913655718717049865,0,144,144,753,2,9,5,18
4961,200,4577940987654653181,0,151,151,750,2,5,3,12
4962,200,4686431369506106535,0,143,143,751,2,3,1,9
4963,200,6236785660249484298,0,144,144,737,4,2,1,6
4964,200,-3468359689341640291,0,141,141,757,2,6,4,15
4965,200,-1746916865910040213,0,144,144,767,4,5,3,14
4966,200,-6467034427922896812,0,149,149,750,6,3,2,3
4967,200,7587721520521236529,0,131,131,752,2,9,5,13
4968,200,-3955054140325250074,0,136,136,744,1,6,4,17
4969,200,6711204383273389475,0,147,147,763,6,3,2,3
4970,200,1044019188837807856,0,118,118,745,4,3,2,6
4971,200,5790188090556461358,0,137,137,752,1,4,2,4
4972,200,-3025922862253785427,0,111,111,764,1,6,3,8
4973,200,-7559264425661829223,0,116,116,761,1,5,3,10
4974,200,-3287743212537279680,0,150,150,772,4,6,4,18
4975,200,1940423809748239740,0,149,149,754,4,4,3,14
4976,200,-3686649325377904304,0,143,143,770,7,3,1,7
4977,200,-4679176619736621838,0,152,152,758,2,13,10,30
4978,200,-156212797813337894,0,132,132,743,3,4,2,6
4979,200,-7974831299697649011,0,140,140,740,1,4,2,9
4980,200,154703785293925697,0,141,141,741,5,4,3,11
4981,200,-2799029206050585206,0,128,128,746,5,3,2,10
4982,200,-3150495856305802583,0,139,139,762,2,8,5,16
4983,200,8841596844950191941,0,158,158,762,7,2,1,7
4984,200,2614323295306878086,0,141,141,763,2,3,1,8
4985,200,8948102181932760559,0,135,135,764,1,4,2,10
4986,200,3442436459345572207,0,121,121,732,6,6,3,17
4987,200,8271737488782474877,0,135,135,766,4,3,2,10
4988,200,-147956121700890568,0,133,133,755,2,3,1,9
4989,200,7158142412470297059,0,135,135,777,4,6,3,14
4990,200,-1527747286827267522,0,165,165,761,2,10,5,30
4991,200,3249826629912979841,0,145,145,771,1,3,1,7
4992,200,7460723141225715460,0,124,124,753,4,2,1,3
4993,200,-2581518437983254819,0,126,126,758,2,4,1,11
4994,200,1622066195810938110,0,148,148,723,2,7,4,17
4995,200,9163959810080715411,0,101,101,748,1,4,1,10
4996,200,2683378887405067181,0,120,120,754,2,4,1,12
4997,200,1410365442187624073,0,135,135,750,1,10,7,29
4998,200,6458503971860693739,0,133,133,763,3,2,1,2
4999,200,5764018118263068518,0,139,139,746,1,4,2,12
5000,200,7937678444978451335,0,146,146,770,3,8,6,23
5001,200,930714081322117444,0,138,138,749,4,5,3,8
5002,200,8526182245430166804,0,144,144,729,1,6,4,10
5003,200,-7596663668634510429,0,151,151,756,3,4,2,6
5004,200,6845523697264194814,0,139,139,758,2,5,3,15
5005,200,-7012357215985297247,0,122,122,757,5,2,1,7
5006,200,-6936089782546652451,0,117,117,778,2,10,6,26
5007,200,-1848494374678621337,0,134,134,747,1,5,3,8
5008,200,-6265149239706190323,0,154,154,756,4,5,3,10
5009,200,2888393795912253926,0,148,148,748,3,5,3,6
5010,200,-428116294437275522,0,148,148,754,4,5,3,12
5011,200,-6638321312318341693,0,155,155,746,5,4,2,8
5012,200,7238814675793646280,0,129,129,768,1,2,1,6
5013,200,-3204035651726458737,0,138,138,750,1,5,2,11
5014,200,6498231125222397313,0,155,155,745,6,3,1,7
5015,200,-2235715970220757189,0,134,134,774,4,5,3,17
5016,200,797271992622287826,0,139,139,781,1,4,1,12
5017,200,2454230482833369290,0,140,140,774,3,4,2,4
5018,200,2053016372859654984,0,160,160,750,5,4,3,12
5019,200,818074394705136712,0,131,131,758,1,7,5,17
5020,200,5140859246485787879,0,120,120,765,1,4,1,8
5021,200,3165010025597708794,0,138,138,747,4,4,3,12
5022,200,-5457846575330477180,0,149,149,749,1,6,3,14
5023,200,955659920899904470,0,115,115,762,3,3,1,10
5024,200,8152961048177621844,0,150,150,742,6,4,3,9
5025,200,8868917016769642805,0,119,119,722,3,2,1,9
5026,200,7464957167216672447,0,124,124,770,2,6,3,18
5027,200,4310173091320265158,0,136,136,776,3,4,2,6
5028,200,5208282058451553402,0,179,179,755,7,1,1,1
5029,200,-6611458519986521146,0,165,165,758,2,7,5,18
5030,200,-8781583162655720748,0,116,116,743,6,2,2,4
5031,200,8283397848018112877,0,131,131,748,4,3,1,6
5032,200,-4957208417980447665,0,142,142,737,1,9,5,20
5033,200,-3770482011042920021,0,162,162,766,5,4,3,7
5034,200,5382678488945283441,0,118,118,750,1,6,2,16
5035,200,810086921768519700,0,151,151,745,3,5,1,12
5036,200,5643132774581767132,0,147,147,758,2,3,1,9
5037,200,1364765642698645527,0,154,154,790,4,4,2,13
5038,200,-9022697884290773348,0,127,127,764,5,6,5,12
5039,200,-1591014435905867914,0,121,121,777,3,4,2,17
5040,200,474422179715303360,0,121,121,756,5,5,3,11
5041,200,-8838798075428983823,0,121,121,747,2,12,8,19
5042,200,613569399735607083,0,167,167,751,6,4,3,10
5043,200,-4038931573159602108,0,175,175,767,7,2,1,7
5044,200,-8027693327668545877,0,164,164,760,2,4,1,9
5045,200,8694709851185435732,0,138,138,736,5,5,3,7
5046,200,1613099853641766730,0,128,128,768,2,8,4,19
5047,200,-1084510904460706652,0,162,162,727,5,7,5,17
5048,200,-4959701584577585180,0,112,112,757,1,5,3,15
5049,200,-9187520042713084659,0,136,136,771,1,8,3,16
5050,200,9085385268200917241,0,130,130,752,2,5,2,10
5051,200,2829327344578132654,0,153,153,745,6,5,2,13
5052,200,4840247440722334148,0,171,171,757,4,5,3,13
5053,200,163912847521216800,0,144,144,728,4,2,1,3
5054,200,-3023386526116435316,0,152,152,782,1,6,2,13
5055,200,1049785053104807662,0,123,123,776,1,5,2,7
5056,200,6640720621717467193,0,148,148,763,3,5,3,14
5057,200,3511609755539266884,0,149,149,751,3,3,2,8
5058,200,-4352104624303911639,0,138,138,763,1,5,2,13
5059,200,8843545575859044069,0,111,111,732,4,3,2,4
5060,200,6338750133228671812,0,162,162,745,1,4,2,10
5061,200,-5364412294249864606,0,145,145,784,4,4,2,11
5062,200,-6777474119578098867,0,126,126,749,7,4,3,11
5063,200,4962221669804336008,0,159,159,751,1,5,3,11
5064,200,5580709393794790779,0,143,143,736,1,3,1,9
5065,200,-7475324197175613414,0,150,150,749,4,3,2,7
5066,200,-1720355107206867128,0,144,144,747,3,2,1,3
5067,200,-3113200092566273089,0,145,145,755,1,7,4,18
5068,200,-6567612848139865465,0,149,149,750,2,5,3,13
5069,200,122307328906553149,0,148,148,741,2,4,2,6
5070,200,-2673200637454880324,0,138,138,750,3,3,1,6
5071,200,7013100064699289319,0,126,126,751,5,2,1,8
5072,200,-94965138724252249,0,139,139,756,2,5,3,9
5073,200,6029633010907964500,0,145,145,775,4,3,2,9
5074,200,5273403319886762018,0,135,135,764,3,4,2,9
5075,200,436823894165325649,0,155,155,773,3,5,2,11
5076,200,-6972995769518036,0,156,156,767,3,9,6,17
5077,200,-6011098252291182056,0,148,148,753,2,5,4,14
5078,200,5496078138034498372,0,132,132,753,4,7,5,14
5079,200,3581470514738916545,0,145,145,760,2,5,2,13
5080,200,3237466408996122619,0,126,126,749,8,3,2,8
5081,200,6269035439649145848,0,158,158,738,4,7,4,15
5082,200,5135784431686938052,0,131,131,743,3,7,4,11
5083,200,-7205214720320915729,0,136,136,737,4,4,3,10
5084,200,2503482880114511374,0,128,128,759,2,3,1,9
5085,200,-3042545593171685226,0,161,161,751,1,3,1,11
5086,200,-6104924256286336364,0,161,161,741,1,9,7,14
5087,200,-1810296094192394231,0,140,140,759,7,2,1,3
5088,200,3170587407558946035,0,133,133,762,4,3,1,7
5089,200,3813758548985447498,0,166,166,741,2,6,4,21
5090,200,6358910691048620924,0,170,170,777,6,7,5,12
5091,200,5350252077910359855,0,133,133,755,8,3,2,9
5092,200,7356431304344325963,0,135,135,735,3,2,1,2
5093,200,602321223543767965,0,138,138,742,2,3,2,9
5094,200,-3696431587123245160,0,155,155,735,1,3,1,11
5095,200,3368984742611514102,0,129,129,749,7,5,4,13
5096,200,7523973450251505228,0,125,125,753,7,3,2,4
5097,200,677064726377971151,0,124,124,753,1,4,2,8
5098,200,-5145622545941507625,0,150,150,741,1,5,2,10
5099,200,7444734559399795686,0,165,165,775,2,7,5,15
5100,200,-6456127285723113408,0,150,150,751,1,6,3,22
5101,200,-7749871692956037293,0,100,100,767,2,4,1,5
5102,200,-1008580193400934531,0,121,121,772,3,6,4,10
5103,200,-3590930151140415748,0,110,110,743,2,4,1,8
5104,200,-7854198617075794172,0,109,109,752,4,5,3,12
5105,200,6946555029227942990,0,129,129,764,6,3,1,9
5106,200,4365643402072479393,0,106,106,749,1,7,3,16
5107,200,7345080542134626345,0,128,128,754,1,7,4,16
5108,200,-2113353939882322294,0,124,124,732,6,5,4,7
5109,200,-6230003157938156773,0,163,163,752,4,8,4,19
5110,200,-3545696794386971472,0,152,152,734,4,4,2,6
5111,200,-4338472164535679792,0,141,141,738,3,4,2,12
5112,200,2819756368767935319,0,130,130,753,1,2,1,8
5113,200,-5615133511743461687,0,138,138,749,1,8,5,15
5114,200,171313434508008680,0,141,141,750,4,3,2,11
5115,200,8346203698464370252,0,124,124,783,3,4,2,9
5116,200,7375897314639599878,0,109,109,764,1,6,3,10
5117,200,-1542558517459799653,0,154,154,753,3,4,2,14
5118,200,2862150794179153630,0,149,149,753,6,3,1,7
5119,200,4402246558280510568,0,135,135,762,2,4,2,11
5120,200,4368003247991498947,0,142,142,761,2,5,2,14
5121,200,5549797553138966407,0,147,147,761,1,9,5,23
5122,200,426485485376015609,0,127,127,769,5,3,3,9
5123,200,-6410110952654997531,0,137,137,747,3,6,4,10
5124,200,-8107125732802404400,0,148,148,748,3,9,6,13
5125,200,8421723942312145080,0,131,131,773,8,2,2,8
5126,200,3151486711740977908,0,133,133,732,6,5,4,16
5127,200,-1854204231991122697,0,147,147,780,1,6,3,10
5128,200,-3010121387354057213,0,147,147,777,1,7,3,16
5129,200,-4039811967936904179,0,144,144,750,1,3,2,8
5130,200,-2895953031842677664,0,147,147,748,1,6,4,15
5131,200,7117641125006450120,0,149,149,758,3,4,2,10
5132,200,-9090007655929369530,0,140,140,747,8,5,4,12
5133,200,-7883496131634333289,0,140,140,740,4,7,5,19
5134,200,-1674817069607523553,0,127,127,728,2,8,6,28
5135,200,6788709332008381684,0,128,128,753,4,2,1,5
5136,200,2150441878419725078,0,141,141,765,4,8,6,13
5137,200,6016489572452246815,0,134,134,768,3,6,4,15
5138,200,-574000202915791381,0,151,151,755,1,6,3,11
5139,200,-2541143068812322804,0,149,149,750,9,2,2,4
5140,200,6367105553277817093,0,147,147,764,4,4,2,11
5141,200,-7906315169252978531,0,149,149,760,1,3,1,4
5142,200,8986958165572327117,0,163,163,764,3,2,1,4
5143,200,-2917699659686819309,0,107,107,750,4,4,3,15
5144,200,4560055949135290681,0,147,147,748,4,4,3,8
5145,200,-8828692052898312510,0,141,141,751,3,3,2,9
5146,200,-7668999271087214170,0,154,154,771,4,4,2,9
5147,200,-1442248693661659644,0,135,135,745,5,3,2,7
5148,200,-6515819165136600598,0,88,88,736,2,5,4,7
5149,200,8929484699919768943,0,96,96,734,1,5,2,17
5150,200,-2016653880904430935,0,113,113,746,4,4,2,9
5151,200,3417071122630351178,0,127,127,748,1,7,5,13
5152,200,-3261913934505747737,0,154,154,749,4,4,2,7
5153,200,8515945755137300540,0,110,110,747,1,5,3,14
5154,200,-5482384581722123041,0,132,132,746,1,5,2,10
5155,200,-8477704691356555706,0,156,156,744,7,6,5,15
5156,200,6075587141742404626,0,162,162,771,1,4,2,10
5157,200,-7140279385470485774,0,127,127,749,1,5,3,9
5158,200,-8767805128990162782,0,147,147,772,2,4,2,11
5159,200,281774557202669260,0,140,140,740,4,6,4,19
5160,200,564330446555452383,0,168,168,744,1,4,2,11
5161,200,5267878317881635857,0,134,134,737,1,3,1,6
5162,200,-613899232840297950,0,164,164,743,3,3,2,7
5163,200,-5671520651693467994,0,145,145,763,2,4,1,13
5164,200,4140574350053613017,0,119,119,763,1,4,1,9
5165,200,2571823617727563595,0,141,141,745,2,6,4,17
5166,200,-2101085672852387869,0,139,139,745,9,2,2,2
5167,200,-7950695094486346224,0,136,136,771,2,8,5,23
5168,200,173714620304605470,0,157,157,744,2,4,3,12
5169,200,8782283932614721543,0,129,129,764,3,6,3,13
5170,200,-7358413874889617091,0,100,100,752,5,9,7,22
5171,200,8887694758233633850,0,145,145,738,1,4,2,7
5172,200,-1738920208765851938,0,162,162,780,6,5,3,12
5173,200,4916973722477016031,0,166,166,728,3,7,5,15
5174,200,-223838521615428389,0,109,109,767,1,2,1,7
5175,200,7143287243917590986,0,120,120,761,4,4,3,11
5176,200,1862628280135028959,0,143,143,735,8,3,2,9
5177,200,-8757322726052555486,0,165,165,744,7,1,1,4
5178,200,5125536618862823228,0,160,160,730,1,5,4,17
5179,200,-5547708113553570985,0,113,113,732,4,3,2,5
5180,200,-7535422612939548676,0,134,134,787,7,6,5,14
5181,200,-7044203091832679085,0,137,137,753,3,7,4,20
5182,200,7633178021212901685,0,146,146,753,1,8,4,24
5183,200,1845569874495470575,0,146,146,747,1,5,3,17
5184,200,-1434888030720771423,0,125,125,757,3,5,2,14
5185,200,-3483789769782257752,0,162,162,746,2,3,2,9
5186,200,-1966628526307047827,0,164,164,735,1,5,3,9
5187,200,4052570620390459281,0,121,121,748,4,2,1,7
5188,200,3478109541427493713,0,163,163,753,1,11,9,23
5189,200,-2441892744834452597,0,87,87,791,2,8,3,21
5190,200,2445240154464168928,0,164,164,744,3,4,2,7
5191,200,-2788840647178598988,0,118,118,759,3,7,4,16
5192,200,8450412342373732129,0,169,169,764,1,8,5,18
5193,200,-3980498143310690531,0,170,170,751,9,2,2,2
5194,200,-8969649475141464483,0,162,162,757,7,3,2,11
5195,200,-1919153267679128641,0,142,142,737,2,4,1,13
5196,200,-3810529733875590086,0,139,139,736,5,2,1,7
5197,200,-3336022990095590994,0,161,161,760,2,2,1,5
5198,200,8300480227866061064,0,129,129,721,7,2,1,2
5199,200,2405572689729066894,0,137,137,752,6,3,2,10
5200,200,-7129770709940271014,0,136,136,745,1,9,7,28
5201,200,-3483042617362166202,0,153,153,756,7,3,2,4
5202,200,-160699202160878632,0,122,122,748,4,6,4,22
5203,200,-2551944027098113548,0,138,138,737,8,4,3,7
5204,200,4018307732685559636,0,126,126,748,5,3,2,6
5205,200,7626264670050182688,0,154,154,757,7,1,1,1
5206,200,-5009296415402036710,0,140,140,759,4,3,2,9
5207,200,1814286169751499059,0,123,123,760,2,4,1,11
5208,200,-1548757574565226101,0,125,125,748,4,2,1,4
5209,200,5048018560613192489,0,126,126,746,3,5,2,12
5210,200,121483622552221932,0,183,183,743,3,6,3,10
5211,200,7418191122980830085,0,154,154,744,1,9,5,27
5212,200,6535325566444907131,0,131,131,756,2,6,3,12
5213,200,7030374335492643461,0,110,110,766,1,5,2,9
5214,200,-4565959308940155453,0,125,125,734,4,4,2,11
5215,200,-7262258913764398697,0,168,168,755,2,5,3,11
5216,200,5743218943373344561,0,132,132,743,3,5,2,11
5217,200,-4252948269770275061,0,149,149,760,1,5,3,10
5218,200,-8490363857814188826,0,144,144,749,1,3,1,11
5219,200,-3612219689894553335,0,138,138,736,5,4,3,11
5220,200,8276419841685456077,0,112,112,763,1,14,12,31
5221,200,-8918507352328950844,0,128,128,750,3,3,2,9
5222,200,-2414522538690615312,0,162,162,758,1,7,3,15
5223,200,-8689923582204199185,0,151,151,748,7,2,1,6
5224,200,4462359036739866375,0,137,137,771,1,6,4,13
5225,200,-8962222086066833808,0,138,138,768,4,3,2,10
5226,200,456234198693719122,0,142,142,778,2,3,1,5
5227,200,-2871627616472948141,0,155,155,776,1,8,5,27
5228,200,-7452976528503122264,0,135,135,737,1,5,3,12
5229,200,-3800854773288185344,0,115,115,760,6,4,3,9
5230,200,5206475886909239758,0,158,158,761,6,1,1,3
5231,200,2678420716391048880,0,117,117,742,3,5,3,10
5232,200,8324481821208741900,0,126,126,764,2,3,2,7
5233,200,5360953828977760541,0,134,134,748,3,4,1,15
5234,200,-5701081934776145667,0,149,149,757,9,2,2,6
5235,200,-3206688825749150088,0,157,157,768,6,3,2,8
5236,200,472682183725228455,0,160,160,769,2,8,4,18
5237,200,-3695678726730409824,0,139,139,733,1,7,5,9
5238,200,2393796547667861962,0,152,152,742,1,7,4,19
5239,200,-7015250175381742192,0,142,142,745,2,9,5,23
5240,200,3775501824075489916,0,144,144,774,3,3,2,12
5241,200,-8412675853010296296,0,112,112,774,3,5,3,14
5242,200,-2848642231687306763,0,154,154,733,3,2,1,3
5243,200,6024785713055704015,0,133,133,762,1,6,4,21
5244,200,-132238262374365017,0,166,166,751,1,3,2,7
5245,200,3724470381081718343,0,140,140,754,4,5,3,20
5246,200,4101178289978248082,0,133,133,753,4,4,3,14
5247,200,-2462276847013759102,0,143,143,763,6,7,6,18
5248,200,-2440971237554708523,0,144,144,733,4,7,5,16
5249,200,8666527724141809573,0,146,146,765,1,4,1,15
5250,200,1863245995577381767,0,141,141,736,4,5,3,12
5251,200,1132554397296105451,0,134,134,764,4,4,3,5
5252,200,6315867422409170887,0,138,138,734,3,6,4,13
5253,200,4277087013762774236,0,120,120,756,6,3,1,10
5254,200,-7882409108810921967,0,159,159,747,3,5,2,17
5255,200,6111507530680528829,0,132,132,740,1,5,4,12
5256,200,631216153468492499,0,153,153,790,1,5,3,11
5257,200,3570843313434950474,0,137,137,751,5,4,3,12
5258,200,-3672188585614072001,0,130,130,752,2,3,1,8
5259,200,-8670250448574935134,0,125,125,761,2,3,1,10
5260,200,1130039023920135267,0,141,141,765,4,6,3,10
5261,200,7340326505427800450,0,157,157,765,1,4,2,6
5262,200,1746064377797723510,0,131,131,745,2,8,4,19
5263,200,8790046469478709429,0,88,88,746,5,4,2,16
5264,200,-6541145119509293197,0,159,159,742,2,4,1,8
5265,200,7156895664375605707,0,136,136,746,3,4,2,9
5266,200,2751817675721458667,0,131,131,737,3,8,5,19
5267,200,6454252844025198344,0,149,149,736,1,4,2,8
5268,200,7129209841545331991,0,146,146,786,2,5,2,10
5269,200,-1731307285405746017,0,152,152,752,1,6,3,20
5270,200,1849486075551766316,0,133,133,750,5,4,2,16
5271,200,91108367041219616,0,159,159,754,2,6,3,15
5272,200,-3864629498783149325,0,178,178,774,2,5,3,12
5273,200,-1346373033424053459,0,152,152,744,2,7,5,17
5274,200,-3778788948029956712,0,113,113,749,2,3,1,8
5275,200,8130002931750889844,0,159,159,772,1,6,4,12
5276,200,5249573599639896513,0,124,124,761,2,5,2,15
5277,200,-9048107172953959976,0,133,133,750,1,7,4,20
5278,200,8751437890485749218,0,154,154,752,2,9,6,28
5279,200,1970550283071945457,0,130,130,782,3,7,4,15
5280,200,2426187169737036751,0,121,121,745,2,4,2,10
5281,200,7815353730718063287,0,193,193,754,2,6,2,8
5282,200,-2217620464608836206,0,141,141,756,2,3,1,6
5283,200,8635443842908684665,0,152,152,739,4,4,3,14
5284,200,6810487541775723390,0,149,149,756,5,9,7,22
5285,200,-4454984480243310573,0,120,120,775,2,6,3,12
5286,200,-6351883482105307260,0,83,83,761,6,6,3,21
5287,200,4898223136224230751,0,128,128,771,6,3,1,8
5288,200,2635209451963021764,0,126,126,753,5,4,3,11
5289,200,-4627252886434984213,0,149,149,745,2,6,2,12
5290,200,-3765370344893203865,0,136,136,746,4,2,1,4
5291,200,3828477811161508076,0,175,175,772,1,8,5,15
5292,200,-7876328292241474389,0,136,136,765,4,4,2,11
5293,200,-2288964344390583949,0,125,125,743,1,5,1,13
5294,200,-3650707098865219778,0,150,150,768,1,4,1,6
5295,200,7509791509520663262,0,146,146,753,3,3,1,10
5296,200,-7245534525822841392,0,124,124,736,4,3,2,7
5297,200,-2189791540495251056,0,107,107,767,4,5,2,10
5298,200,3077215732341553123,0,107,107,776,3,3,2,5
5299,200,-4828240915378788124,0,133,133,752,2,5,2,12
5300,200,2595216611957440740,0,168,168,764,2,4,3,11
5301,200,-5011897454256258210,0,157,157,715,7,3,2,7
5302,200,-4219018281490430593,0,142,142,753,2,7,5,9
5303,200,7909033699971072547,0,134,134,743,7,7,5,14
5304,200,1097849770705818159,0,139,139,753,2,3,1,8
5305,200,-5907870234171172949,0,120,120,755,1,4,2,9
5306,200,-3736379743520258285,0,113,113,766,2,6,3,11
5307,200,-6867774468899161676,0,148,148,755,4,8,5,20
5308,200,-4447933166261181176,0,138,138,738,2,4,1,6
5309,200,-7068197728047102343,0,160,160,736,4,3,2,7
5310,200,-3815362683640817677,0,134,134,750,1,9,6,29
5311,200,7221058684537800995,0,144,144,779,4,6,3,11
5312,200,2210893350980948574,0,125,125,747,2,3,1,5
5313,200,8036626944058937727,0,158,158,758,1,6,3,13
5314,200,-7357184102624555450,0,155,155,783,2,4,3,10
5315,200,-8925828592739331342,0,144,144,744,1,14,10,32
5316,200,-2026462186916051150,0,111,111,753,3,5,3,11
5317,200,-2578521023234883927,0,135,135,732,5,4,3,12
5318,200,-650616630654762617,0,131,131,741,1,3,2,3
5319,200,-1625157777528533740,0,122,122,728,1,4,2,12
5320,200,-1711455792505752806,0,137,137,743,2,5,3,12
5321,200,5416327940533529236,0,133,133,773,4,4,3,11
5322,200,-4483164219700649721,0,122,122,770,4,4,2,10
5323,200,-4389429042763302030,0,149,149,763,1,4,2,14
5324,200,-6884535408925342016,0,153,153,742,1,6,3,19
5325,200,7237898055542778643,0,112,112,759,1,6,4,16
5326,200,-1005928580245857688,0,130,130,738,5,5,4,24
5327,200,-8507853410274936215,0,143,143,757,3,6,3,14
5328,200,-457694735701769631,0,144,144,771,1,5,2,10
5329,200,-1972288703018368595,0,154,154,758,6,3,2,3
5330,200,-7369221746942275549,0,149,149,755,4,7,4,18
5331,200,1074863719331207498,0,134,134,743,2,3,1,9
5332,200,-6802808485384383409,0,174,174,754,4,8,5,16
5333,200,-2815523933699547620,0,125,125,746,2,4,1,11
5334,200,8900440903930994691,0,166,166,761,2,4,1,9
5335,200,2744366047767741657,0,135,135,750,2,3,1,7
5336,200,8504644353889929072,0,138,138,770,5,2,2,6
5337,200,-3181074580712329009,0,146,146,778,1,6,4,13
5338,200,55617781778577832,0,156,156,741,4,5,3,12
5339,200,3301283301190910415,0,170,170,750,2,5,2,13
5340,200,-383209288281701956,0,150,150,747,5,3,2,5
5341,200,-2683547481262830231,0,142,142,767,2,4,2,9
5342,200,-6563613214614567674,0,128,128,750,7,4,3,12
5343,200,-6509241636020439208,0,140,140,747,6,4,2,11
5344,200,7189812185693295298,0,160,160,754,2,4,2,7
5345,200,-4266716736802939585,0,160,160,728,1,9,5,20
5346,200,4461926942900558051,0,164,164,768,4,2,1,6
5347,200,4939544736413452694,0,134,134,755,5,3,3,5
5348,200,-506558930359135708,0,157,157,750,1,8,4,24
5349,200,-8927560596787879458,0,144,144,754,7,6,4,13
5350,200,-2004859478442589860,0,130,130,766,2,7,4,23
5351,200,-9069118446020197348,0,133,133,737,1,2,1,6
5352,200,5982122759094291990,0,134,134,763,2,7,3,23
5353,200,6516616274194237316,0,144,144,749,2,6,3,13
5354,200,-7064306127582210464,0,162,162,733,2,10,5,22
5355,200,6034879771162760307,0,146,146,731,2,5,4,16
5356,200,4373632813578455523,0,128,128,750,3,9,6,19
5357,200,5350512700685027234,0,147,147,767,2,5,2,11
5358,200,6724605092240253491,0,164,164,754,3,5,3,12
5359,200,-1073557259928841064,0,145,145,752,2,6,4,16
5360,200,-3626492375714444184,0,136,136,751,1,4,2,9
5361,200,3327660920928885600,0,138,138,751,2,4,2,4
5362,200,5844688499526457325,0,156,156,735,5,1,1,2
5363,200,-3337160520365267588,0,123,123,745,4,4,2,6
5364,200,-6024403722152411497,0,169,169,744,6,3,1,6
5365,200,-4580554794153837031,0,144,144,749,1,5,1,14
5366,200,316718604936534521,0,105,105,771,4,3,1,7
5367,200,-5211017452306654845,0,120,120,745,2,5,2,13
5368,200,4771978848519870966,0,172,172,741,5,6,4,14
5369,200,-8909525560185241638,0,144,144,762,2,3,2,9
5370,200,5301564368888287383,0,175,175,761,1,6,3,13
5371,200,-8533286282394669306,0,134,134,750,1,4,2,14
5372,200,1392920830646478621,0,145,145,758,2,2,1,6
5373,200,-835662679402764313,0,98,98,759,1,7,4,16
5374,200,8708876190180757594,0,124,124,731,3,7,5,16
5375,200,-1153144591392941359,0,119,119,748,3,4,2,12
5376,200,6492463903217765436,0,129,129,779,2,8,5,19
5377,200,-8135551087004408009,0,140,140,732,1,9,5,22
5378,200,2017611330507460778,0,138,138,746,2,3,1,9
5379,200,2983150314463126181,0,133,133,734,5,4,3,16
5380,200,8940949785417083794,0,180,180,756,3,7,3,13
5381,200,6759920538609294067,0,123,123,756,1,5,3,8
5382,200,-4945385834432679358,0,177,177,762,1,6,2,18
5383,200,5302467262325917623,0,133,133,753,2,5,2,9
5384,200,-1391260344525893129,0,110,110,763,4,8,7,19
5385,200,6373595677213794043,0,120,120,771,1,5,3,13
5386,200,2509045072408516019,0,130,130,764,2,8,6,20
5387,200,2827195616385122607,0,149,149,752,1,4,2,8
5388,200,-7475990281019689645,0,128,128,746,1,5,2,11
5389,200,-7399325821708029855,0,144,144,751,2,4,1,8
5390,200,2228256786774295008,0,136,136,760,1,5,2,8
5391,200,-8222468206584641878,0,155,155,748,5,5,2,9
5392,200,1300709821334308,0,142,142,746,2,3,1,6
5393,200,-5998285898601553941,0,112,112,762,3,5,2,10
5394,200,7312191835110136448,0,143,143,765,1,10,6,25
5395,200,-1793359868439647559,0,159,159,766,2,5,3,13
5396,200,-4155383159377199363,0,164,164,744,1,3,1,9
5397,200,7526259807032366229,0,144,144,776,4,5,3,14
5398,200,1615731930174006944,0,134,134,754,1,3,2,11
5399,200,8194863636177765728,0,156,156,754,1,5,2,14
5400,200,-8644643762067083007,0,139,139,734,4,7,6,21
5401,200,-7041278919166468595,0,131,131,746,4,6,5,18
5402,200,327707830635407134,0,134,134,767,2,7,5,18
5403,200,5359101866428722840,0,135,135,739,2,5,3,12
5404,200,-8739719517461420948,0,146,146,755,5,8,5,20
5405,200,-5815209057556768970,0,143,143,724,1,3,2,7
5406,200,-4639907519189271249,0,146,146,759,2,5,3,12
5407,200,-231224518701348659,0,145,145,776,4,5,3,14
5408,200,-3057723873877232118,0,143,143,746,5,3,2,7
5409,200,8873013590750795941,0,138,138,751,7,4,3,8
5410,200,3152867175159013593,0,143,143,744,6,3,1,6
5411,200,1264870878763539296,0,119,119,734,5,2,1,5
5412,200,8128228766396789438,0,136,136,758,2,6,3,14
5413,200,7559065445073402663,0,145,145,751,4,3,2,11
5414,200,5504762636628551546,0,150,150,743,3,5,3,10
5415,200,1165267958020947238,0,129,129,729,6,4,2,10
5416,200,-1879340623546120707,0,167,167,744,4,4,2,8
5417,200,5652697445475871289,0,125,125,755,1,7,4,17
5418,200,-3828522868735845825,0,125,125,765,1,6,3,15
5419,200,-5059542863821533465,0,140,140,746,6,5,4,12
5420,200,-480856563782223792,0,113,113,729,3,5,3,12
5421,200,-3787183780710447474,0,153,153,739,2,6,3,18
5422,200,-6082416246689489746,0,114,114,768,2,5,3,9
5423,200,-3107430131457128992,0,147,147,758,6,2,1,2
5424,200,294182132701019606,0,160,160,772,5,3,1,9
5425,200,5028808243719411853,0,138,138,751,2,4,2,8
5426,200,-7601988608268590307,0,154,154,731,2,7,4,15
5427,200,-4705412059712371135,0,119,119,735,4,2,1,7
5428,200,-7296166887669885761,0,134,134,762,1,5,3,10
5429,200,1526176412184875729,0,139,139,769,3,4,2,8
5430,200,1298093641052977464,0,138,138,738,4,3,2,8
5431,200,1972869219876687280,0,130,130,735,1,7,3,16
5432,200,7826002368197882834,0,122,122,738,2,5,2,9
5433,200,-7789313066488863577,0,116,116,757,7,4,3,10
5434,200,1281916022305806463,0,128,128,766,1,4,2,9
5435,200,7628224940327546309,0,139,139,755,3,3,2,7
5436,200,3517303931168590056,0,143,143,758,4,7,5,14
5437,200,-4958981180149048173,0,143,143,751,2,5,3,13
5438,200,4972163795416878789,0,134,134,756,2,3,1,9
5439,200,-779441896987814260,0,157,157,750,1,6,2,15
5440,200,-1937422187854330002,0,109,109,724,4,2,1,4
5441,200,-6221854441413813557,0,123,123,739,3,7,5,12
5442,200,-6775389997218220878,0,149,149,751,3,12,9,19
5443,200,-7442328254592634618,0,125,125,728,1,3,2,6
5444,200,-7473632107811289369,0,141,141,753,6,3,2,7
5445,200,-952190969960344646,0,137,137,732,1,4,2,12
5446,200,-4086014818346847166,0,125,125,743,5,4,3,10
5447,200,1253298702796802471,0,136,136,754,2,4,2,9
5448,200,8678183517882790248,0,146,146,736,3,4,2,5
5449,200,-2429530514464955777,0,148,148,765,7,7,5,12
5450,200,-1379867459309658300,0,147,147,751,5,2,2,6
5451,200,2452690299763018457,0,130,130,730,2,3,1,7
5452,200,-2035337547455364581,0,115,115,738,3,3,2,5
5453,200,-3540834960767243413,0,145,145,743,4,3,2,7
5454,200,5283828111304873437,0,136,136,769,5,3,1,9
5455,200,-6534930103378671752,0,152,152,753,2,2,1,7
5456,200,-4005500024499743812,0,139,139,747,2,6,3,14
5457,200,-2313456771983192441,0,148,148,742,1,4,1,10
5458,200,226729409155759362,0,148,148,766,2,6,3,10
5459,200,-4329788493686778539,0,118,118,765,1,7,4,23
5460,200,-5285169325947879649,0,137,137,754,5,2,1,5
5461,200,7623973772145338892,0,116,116,748,1,4,2,12
5462,200,-150871540759542527,0,124,124,755,2,8,4,18
5463,200,-1582614374503778380,0,146,146,742,3,4,2,11
5464,200,-6461700197149914712,0,144,144,749,9,1,1,4
5465,200,-8846529075125244696,0,97,97,744,2,13,10,29
5466,200,1711375377353244665,0,141,141,761,1,9,5,26
5467,200,-4379212057924576819,0,134,134,753,5,2,1,5
5468,200,-7540010907759221807,0,151,151,753,3,8,5,16
5469,200,-3075417996496668352,0,168,168,773,1,5,3,9
5470,200,-5456747781547063204,0,135,135,781,1,6,3,16
5471,200,8654472572569327950,0,152,152,739,1,5,3,15
5472,200,-2092697053430237272,0,146,146,761,4,7,5,16
5473,200,-2759578304302999832,0,143,143,758,6,4,3,12
5474,200,-4261870711784441996,0,128,128,729,3,8,5,15
5475,200,-6508718273990270761,0,129,129,747,5,5,3,10
5476,200,5294580937267775310,0,157,157,755,2,8,6,14
5477,200,-3965715984020441619,0,145,145,755,4,4,3,10
5478,200,-2841786538920662052,0,146,146,744,3,10,8,18
5479,200,728482116878996092,0,148,148,760,1,4,3,7
5480,200,-8696607946715309191,0,133,133,753,1,6,3,13
5481,200,8985419277386531084,0,116,116,759,2,4,2,10
5482,200,2304761984832839683,0,127,127,776,1,5,2,10
5483,200,-5816853602187722169,0,163,163,756,3,3,1,4
5484,200,-9134999835654733326,0,150,150,752,4,4,2,11
5485,200,5220531181067862072,0,141,141,762,7,3,2,8
5486,200,-4924882937893318483,0,141,141,771,1,7,3,15
5487,200,8024824960780730548,0,151,151,749,4,7,6,9
5488,200,-1804768270136550376,0,149,149,752,4,6,3,18
5489,200,-5971333721309639912,0,114,114,745,1,6,3,10
5490,200,2155646034858668913,0,148,148,762,1,3,1,8
5491,200,894793433654097204,0,152,152,747,1,7,5,15
5492,200,-9150733717493105316,0,143,143,760,4,4,2,7
5493,200,-4992518527775716474,0,154,154,733,3,6,4,11
5494,200,-4366401021439558341,0,144,144,747,2,6,3,15
5495,200,-5218270259561379670,0,148,148,735,5,5,4,8
5496,200,4397045067544140227,0,153,153,751,3,4,1,13
5497,200,-7329296902879457263,0,141,141,756,2,7,3,22
5498,200,538951800396937420,0,119,119,748,1,7,3,17
5499,200,-3357363147041972239,0,137,137,753,2,3,1,7
5500,200,8220441369465472103,0,146,146,747,4,6,5,9
5501,200,3081799839966735996,0,149,149,775,2,3,2,8
5502,200,7226014032613223733,0,140,140,777,3,5,3,16
5503,200,-2267168271542852013,0,131,131,770,4,3,2,12
5504,200,-4262899394529755658,0,137,137,752,2,6,3,18
5505,200,-3249493916285028803,0,168,168,777,3,3,2,9
5506,200,19278470232282208,0,154,154,758,1,6,4,11
5507,200,4073839686855272467,0,139,139,759,4,10,7,26
5508,200,-8546350394097102031,0,116,116,729,2,9,5,26
5509,200,-6104087104739839233,0,124,124,766,6,3,1,10
5510,200,387760125596148103,0,109,109,755,3,8,5,22
5511,200,-8157640086341829403,0,142,142,741,3,3,2,8
5512,200,9166267321340545903,0,140,140,747,5,3,2,10
5513,200,-1473409698579611872,0,143,143,753,1,5,2,11
5514,200,-2290071772006721605,0,87,87,738,3,10,6,24
5515,200,-4059177322101833103,0,140,140,770,1,7,4,21
5516,200,5300340975128061719,0,119,119,762,1,5,3,12
5517,200,1584834882208704051,0,146,146,761,2,5,3,10
5518,200,3447277996775960670,0,132,132,731,6,2,1,4
5519,200,-7321411220730157357,0,125,125,753,2,5,2,13
5520,200,1534961055334755881,0,128,128,758,1,6,4,18
5521,200,-5386686039710148736,0,149,149,758,1,3,1,7
5522,200,-2226490977081536087,0,141,141,744,2,3,1,7
5523,200,5068348009657041694,0,120,120,765,1,5,2,13
5524,200,8282339757743673014,0,144,144,756,1,7,3,11
5525,200,-6933532524250077057,0,131,131,755,1,8,5,15
5526,200,-6151138239701560025,0,145,145,773,1,4,3,12
5527,200,8692447615901533652,0,164,164,759,1,5,3,15
5528,200,-8485465816166642844,0,129,129,758,2,5,3,9
5529,200,-7109315559216568479,0,140,140,770,3,6,3,13
5530,200,-2242250567698850248,0,176,176,751,3,8,5,19
5531,200,-5954318439799362193,0,147,147,732,2,3,1,10
5532,200,8282222040239913451,0,104,104,764,1,4,2,8
5533,200,-388393527685431929,0,121,121,737,2,4,2,13
5534,200,7189608555420958863,0,122,122,743,8,1,1,2
5535,200,-3764555723142425892,0,116,116,740,6,3,2,9
5536,200,-6033101186962288230,0,113,113,762,8,3,2,6
5537,200,1130675798821888520,0,143,143,755,2,3,1,11
5538,200,4178815372478772917,0,128,128,772,1,5,2,13
5539,200,8718715240605713403,0,125,125,772,6,4,3,7
5540,200,7159191008542214610,0,123,123,751,1,8,4,17
5541,200,-129581852892079056,0,143,143,770,1,6,3,10
5542,200,5179806062175201412,0,150,150,753,7,4,3,13
5543,200,-6790509494597636576,0,139,139,756,3,4,1,9
5544,200,8547622554386008202,0,130,130,745,1,4,1,8
5545,200,-858502513949321733,0,128,128,745,1,10,7,20
5546,200,8248896034730934700,0,135,135,761,1,2,1,5
5547,200,470484184337275029,0,142,142,741,4,3,1,7
5548,200,-1518467891103276854,0,150,150,751,3,3,1,7
5549,200,1184525921246346910,0,127,127,769,5,3,2,4
5550,200,7578434422574340145,0,142,142,749,1,5,3,10
5551,200,3110347357401771798,0,118,118,768,6,9,8,17
5552,200,-3101971251941023440,0,129,129,776,1,3,1,3
5553,200,-6923339425675739905,0,150,150,760,1,9,4,17
5554,200,4830464928548594410,0,158,158,754,1,4,2,13
5555,200,-1837715082805797805,0,154,154,748,4,3,2,6
5556,200,-8069488872525663634,0,137,137,761,1,6,4,11
5557,200,-4137717163036790216,0,160,160,776,4,4,2,11
5558,200,1642965305578110980,0,159,159,748,4,6,4,15
5559,200,-951909370653887375,0,136,136,769,2,7,3,14
5560,200,8754447892000146889,0,85,85,762,6,6,5,16
5561,200,-3087043260486759400,0,119,119,750,2,8,6,17
5562,200,-5262644586718917762,0,152,152,785,1,6,3,10
5563,200,5500457384983293834,0,104,104,766,5,7,4,20
5564,200,5648776021961905052,0,130,130,745,5,5,2,9
5565,200,8662069625025439649,0,140,140,763,1,4,2,12
5566,200,-4205445830319553109,0,163,163,759,7,2,1,3
5567,200,-2335431590022712280,0,153,153,749,3,6,3,11
5568,200,-5274845547237479981,0,116,116,760,1,7,5,7
5569,200,-6372664013036125301,0,120,120,748,6,5,3,9
5570,200,7348196448561777075,0,147,147,772,3,4,2,8
5571,200,329759578462728654,0,130,130,760,1,5,2,9
5572,200,-9135246559790183823,0,108,108,742,1,3,1,7
5573,200,-4828457820764503360,0,130,130,748,1,8,4,22
5574,200,-1484402695364176879,0,142,142,778,2,4,2,9
5575,200,-8541187778732061841,0,149,149,764,7,6,5,19
5576,200,-8204658042869163510,0,157,157,742,3,10,8,17
5577,200,7001331544127799006,0,142,142,741,2,9,6,20
5578,200,641999567728974102,0,151,151,747,2,4,2,11
5579,200,-7309163923024588299,0,137,137,739,8,2,1,6
5580,200,8224354332527386185,0,146,146,742,2,7,4,17
5581,200,1018480989667863224,0,161,161,778,5,4,2,9
5582,200,3256216823536446309,0,149,149,747,2,14,9,32
5583,200,-6188348850245202245,0,166,166,773,6,2,1,8
5584,200,7173113776923331691,0,156,156,754,2,6,5,14
5585,200,-4681747411543063339,0,131,131,779,2,7,4,20
5586,200,-1560535847458000267,0,110,110,776,5,3,1,4
5587,200,-7589496916981015020,0,122,122,753,5,4,2,9
5588,200,2195553104097945539,0,145,145,753,1,4,1,11
5589,200,336400940790946288,0,134,134,755,1,5,3,10
5590,200,-9049054022870666990,0,146,146,757,2,3,1,9
5591,200,-5556137518433723966,0,125,125,760,2,4,2,7
5592,200,612309202362839092,0,155,155,784,4,9,6,16
5593,200,2253070402896926582,0,146,146,758,1,7,4,22
5594,200,-858229313015276579,0,118,118,760,2,5,3,9
5595,200,-140324050608745601,0,132,132,755,5,10,6,19
5596,200,262616721790361786,0,131,131,769,4,4,2,8
5597,200,-1335357168409039349,0,154,154,762,8,3,2,3
5598,200,3252061767269220295,0,133,133,743,1,9,6,24
5599,200,-3411240095988965513,0,141,141,754,5,3,1,6
5600,200,1024789133695761889,0,150,150,753,1,4,1,11
5601,200,8742429526073263109,0,166,166,747,4,2,1,8
5602,200,6527057059519035546,0,110,110,769,4,6,2,14
5603,200,8998242274587324108,0,139,139,751,5,3,2,7
5604,200,265199930948088908,0,145,145,749,1,6,4,11
5605,200,-6049826363957413905,0,158,158,774,4,4,2,5
5606,200,-6290439763620432016,0,161,161,761,4,2,1,8
5607,200,-1822843008636077551,0,131,131,753,1,5,3,15
5608,200,-8021877975860852944,0,152,152,745,1,5,2,11
5609,200,4145057943603049224,0,130,130,765,1,4,2,9
5610,200,2820880658916563258,0,143,143,761,4,6,4,13
5611,200,-2008873961112126512,0,140,140,753,6,4,4,12
5612,200,-5559170521055768874,0,151,151,758,1,4,1,11
5613,200,2672563360734579649,0,140,140,747,4,4,3,8
5614,200,-1157060819415397062,0,138,138,766,2,7,4,13
5615,200,5305258751120210692,0,123,123,724,3,4,1,10
5616,200,-1503708172471531748,0,120,120,767,1,2,1,5
5617,200,6404540907718031427,0,148,148,749,2,5,3,10
5618,200,2463304582008114057,0,126,126,753,3,5,2,10
5619,200,-2028061731340147297,0,157,157,756,2,9,5,28
5620,200,-6954824191402693131,0,163,163,757,6,5,4,7
5621,200,-6209589454713663257,0,152,152,751,6,5,3,17
5622,200,-4929981655144883310,0,151,151,757,9,3,3,6
5623,200,4847023264319978246,0,135,135,756,8,3,2,8
5624,200,535996570513895908,0,155,155,760,1,7,5,19
5625,200,5345782280822366907,0,134,134,755,2,4,3,7
5626,200,-2434461344818107755,0,138,138,773,5,1,1,4
5627,200,3100902825731901072,0,137,137,750,6,3,2,11
5628,200,7269917304519520389,0,135,135,746,3,10,8,27
5629,200,2094288501019660804,0,151,151,765,4,4,2,11
5630,200,-7338666070217100763,0,137,137,739,1,7,4,16
5631,200,-6295081915108005366,0,150,150,772,7,2,2,4
5632,200,4099067075516269829,0,143,143,753,1,5,2,13
5633,200,-7684396193902883658,0,156,156,758,2,3,1,6
5634,200,-1957622276453159254,0,136,136,755,1,4,1,10
5635,200,6184265628413212725,0,142,142,725,2,10,7,32
5636,200,-7316823958258129243,0,115,115,757,1,3,1,9
5637,200,-3813304690169606914,0,128,128,760,2,5,2,13
5638,200,163126479132960224,0,126,126,753,6,2,1,6
5639,200,783985608060165959,0,166,166,763,4,4,3,9
5640,200,-3189333387267532998,0,129,129,757,1,6,4,18
5641,200,4181945902684400569,0,137,137,738,5,3,2,6
5642,200,5083484151152983382,0,121,121,766,3,3,1,9
5643,200,6012224187613979494,0,138,138,745,7,3,2,10
5644,200,-1163136778616233552,0,156,156,745,4,4,3,11
5645,200,3258380451917185786,0,155,155,743,1,9,6,21
5646,200,-4594282622694432528,0,161,161,739,7,1,1,2
5647,200,5492329253714438448,0,119,119,752,5,6,4,17
5648,200,-980035349304137598,0,95,95,790,1,4,1,10
5649,200,3637355087213535368,0,139,139,770,1,10,6,20
5650,200,1045920517810452838,0,138,138,769,2,7,5,19
5651,200,3204796710880022582,0,140,140,755,2,6,4,12
5652,200,533707191381378116,0,130,130,752,1,5,2,9
5653,200,1317927034634553437,0,135,135,732,2,4,2,15
5654,200,6932266860353663683,0,138,138,719,4,6,4,14
5655,200,-6775788171280196228,0,149,149,758,3,3,1,11
5656,200,1816549821121901082,0,136,136,766,3,4,2,9
5657,200,-5786804503351834840,0,105,105,770,1,7,4,16
5658,200,6568536159677518566,0,165,165,743,1,3,1,8
5659,200,5966736368777901563,0,148,148,772,1,6,2,11
5660,200,-2336932388593479106,0,161,161,750,3,6,3,14
5661,200,-1966385967267031860,0,111,111,753,5,5,4,12
5662,200,8466223009595940868,0,157,157,751,6,4,2,12
5663,200,5512017847903021344,0,130,130,763,7,1,1,2
5664,200,-6204096969026275714,0,134,134,762,3,4,2,8
5665,200,-1740543161881065761,0,128,128,740,2,5,3,11
5666,200,2066080514772850468,0,134,134,759,4,2,1,4
5667,200,-2022694257917998262,0,133,133,746,4,5,3,10
5668,200,-2551110810810384197,0,133,133,762,4,5,2,12
5669,200,535250262581105452,0,150,150,736,4,7,5,18
5670,200,-2269756181628767582,0,129,129,745,5,1,1,1
5671,200,-8195214681185296305,0,140,140,733,1,4,2,14
5672,200,6317776585720516971,0,159,159,746,5,3,1,8
5673,200,-8074681007699140047,0,147,147,776,1,4,2,9
5674,200,-5012052143015886676,0,132,132,743,1,5,1,8
5675,200,-8726890655624276488,0,147,147,770,4,3,2,5
5676,200,-4373075351542397417,0,140,140,756,2,4,2,16
5677,200,-9036272601757961822,0,149,149,742,2,5,2,14
5678,200,8351761845661944264,0,132,132,759,1,4,2,7
5679,200,-6134282417188417920,0,144,144,768,5,4,3,15
5680,200,932546623271143390,0,160,160,759,5,2,1,5
5681,200,6467783980127848164,0,130,130,769,2,5,2,6
5682,200,2329310185411938124,0,129,129,745,3,5,3,18
5683,200,-3554037096712406247,0,137,137,730,3,4,2,11
5684,200,3893066132971973104,0,135,135,765,2,2,1,2
5685,200,8720981240117080467,0,131,131,755,2,5,2,14
5686,200,-7330512092700481051,0,141,141,742,2,3,1,5
5687,200,-645593250083797401,0,141,141,798,2,4,3,10
5688,200,-888641352753539051,0,129,129,725,1,5,2,13
5689,200,1084817478053567996,0,137,137,737,2,6,3,17
5690,200,-804758036535775215,0,142,142,746,1,5,2,15
5691,200,5343881092068298498,0,140,140,766,2,5,2,11
5692,200,-8891130320413403868,0,154,154,742,1,3,2,7
5693,200,2262878748882483107,0,130,130,753,1,5,3,8
5694,200,-2517818019038999388,0,150,150,753,4,7,5,15
5695,200,4809551363296096761,0,143,143,777,4,3,2,8
5696,200,-7969399702752523892,0,121,121,750,3,3,1,7
5697,200,2524843847965809599,0,132,132,764,1,9,5,20
5698,200,-489408925672432313,0,147,147,753,2,6,3,11
5699,200,-6158768898587351734,0,139,139,771,4,8,4,13
5700,200,-2256331168202300978,0,151,151,754,2,3,2,10
5701,200,3332949923593722809,0,129,129,755,1,4,2,10
5702,200,7928293512495984884,0,139,139,752,4,4,2,14
5703,200,2756153408437477995,0,142,142,749,1,2,1,6
5704,200,2876405070725627136,0,139,139,733,1,7,2,12
5705,200,-3234799734555111503,0,99,99,747,3,3,2,9
5706,200,-3141821548999303556,0,161,161,769,1,3,1,6
5707,200,-6250726404534181692,0,150,150,769,2,6,3,11
5708,200,5114828847700405068,0,133,133,745,2,3,1,10
5709,200,554948831907510521,0,109,109,745,2,3,2,8
5710,200,1441635793937492737,0,143,143,762,3,4,2,11
5711,200,-345508517365784526,0,125,125,745,2,3,2,6
5712,200,-3782954254388839313,0,142,142,757,2,5,2,13
5713,200,3447789755421521048,0,151,151,776,3,3,2,6
5714,200,-3898315151266152324,0,122,122,764,3,4,2,9
5715,200,-7597906555308555386,0,117,117,772,1,5,3,9
5716,200,-5850393650773139910,0,121,121,754,1,3,2,4
5717,200,718558619755281864,0,152,152,758,1,5,2,13
5718,200,2023438257053479992,0,125,125,763,1,9,6,24
5719,200,-8447587824426190076,0,164,164,779,3,4,2,8
5720,200,-2314450885120881900,0,151,151,743,1,8,6,14
5721,200,-6391392621636714376,0,146,146,773,4,3,1,11
5722,200,2126387901877099861,0,139,139,739,1,4,1,4
5723,200,-5086325161712894235,0,115,115,734,2,4,2,7
5724,200,5814466682723043447,0,99,99,770,6,10,7,20
5725,200,-4059009791447778358,0,154,154,754,8,4,3,10
5726,200,3469782694606142278,0,93,93,744,4,3,1,9
5727,200,-5065135639670548011,0,100,100,755,1,6,4,14
5728,200,-1383445553021782673,0,133,133,775,3,3,2,11
5729,200,-1620968996450077546,0,115,115,762,2,6,3,15
5730,200,2663295169768713299,0,151,151,723,9,2,2,6
5731,200,-1582248737033501835,0,125,125,726,7,4,3,12
5732,200,1522653395691497758,0,136,136,758,4,5,4,12
5733,200,2220768180851210214,0,169,169,743,1,5,3,12
5734,200,3739996958128010264,0,151,151,784,1,5,2,13
5735,200,-4931385771641353510,0,157,157,759,1,2,1,8
5736,200,-343624914613903046,0,148,148,741,4,2,1,3
5737,200,4631946738335018360,0,162,162,766,8,3,3,6
5738,200,5220648995275002372,0,149,149,758,3,5,3,12
5739,200,1148628023677096204,0,152,152,754,2,3,1,8
5740,200,8972020732173648013,0,146,146,768,5,5,3,13
5741,200,7470290073850083903,0,126,126,761,3,4,2,7
5742,200,-8565103818005960741,0,122,122,746,5,5,3,7
5743,200,-7653585889752116344,0,179,179,781,1,3,1,10
5744,200,-1425413376482665100,0,132,132,734,4,7,5,16
5745,200,-5526027584057855262,0,140,140,738,1,4,2,11
5746,200,8291024303473717301,0,130,130,763,3,5,3,11
5747,200,7812164621405095615,0,148,148,788,2,7,5,17
5748,200,-7987585879294861215,0,136,136,743,3,7,6,20
5749,200,3766824573419216444,0,153,153,740,4,4,3,9
5750,200,6666608481080034556,0,145,145,752,4,4,2,7
5751,200,-294809170443059051,0,145,145,782,1,3,1,4
5752,200,8818311997311726170,0,141,141,770,2,6,4,14
5753,200,-7965361645356578854,0,158,158,750,2,6,4,14
5754,200,-5471888727490693646,0,107,107,760,4,5,4,12
5755,200,-2692209866257992990,0,108,108,749,3,11,8,21
5756,200,-5441786173961290889,0,141,141,751,2,2,1,2
5757,200,6472139113958531712,0,126,126,755,1,3,1,7
5758,200,-2614961257933344983,0,130,130,763,1,6,3,18
5759,200,-3621541993576516108,0,129,129,735,1,11,7,25
5760,200,-2952124798854811289,0,149,149,747,3,4,2,16
5761,200,4061814771688569508,0,134,134,754,5,4,3,14
5762,200,1305472736565030793,0,132,132,783,5,7,5,10
5763,200,7941551552023520012,0,135,135,740,3,3,1,9
5764,200,6368698777570293228,0,130,130,755,1,7,3,10
5765,200,4376121504773683441,0,124,124,740,5,7,4,13
5766,200,8494449094816894797,0,126,126,779,7,4,3,10
5767,200,-4571204787787874596,0,149,149,760,1,6,3,14
5768,200,1439062749088417114,0,130,130,761,8,3,2,7
5769,200,3698778407046460614,0,123,123,750,1,6,3,11
5770,200,-3360141246632978810,0,132,132,739,1,11,7,29
5771,200,1819791109734102031,0,130,130,743,6,7,5,18
5772,200,-745246640412314340,0,160,160,755,2,4,2,6
5773,200,-7454369039047108939,0,138,138,759,1,10,8,19
5774,200,-8673276024665857129,0,135,135,752,1,7,5,20
5775,200,-263702535943234111,0,147,147,748,2,3,1,10
5776,200,-3827356782218395088,0,158,158,762,3,6,4,16
5777,200,749532175732361988,0,120,120,745,2,2,1,7
5778,200,-5950378286346493513,0,134,134,749,2,5,3,11
5779,200,4828217917467173379,0,171,171,729,4,5,3,14
5780,200,-3413684274779295834,0,128,128,758,1,6,3,15
5781,200,4363827154096538671,0,154,154,762,2,4,2,15
5782,200,1389099346080173938,0,182,182,726,2,5,2,12
5783,200,-5334534009702409127,0,139,139,732,2,3,1,5
5784,200,-5519315040583092956,0,165,165,748,2,7,4,21
5785,200,6543005162562751844,0,139,139,748,5,3,2,7
5786,200,-4019766056930372312,0,125,125,742,5,3,2,7
5787,200,8641901163731654715,0,139,139,749,2,4,2,12
5788,200,6693164136773287269,0,153,153,759,1,5,2,16
5789,200,8516679503350590725,0,129,129,756,6,3,2,6
5790,200,7389319514575858573,0,168,168,737,3,4,1,9
5791,200,1117488697053404055,0,105,105,748,1,5,2,18
5792,200,1787182546173031605,0,146,146,750,1,8,4,20
5793,200,1266351025356920618,0,129,129,762,4,5,2,13
5794,200,5676638354873618983,0,154,154,721,1,6,3,17
5795,200,-7179630306534784691,0,136,136,769,3,7,4,19
5796,200,5851461044647176055,0,150,150,765,5,3,1,7
5797,200,2463646926873751580,0,145,145,757,6,3,1,8
5798,200,-3554346955783514668,0,169,169,757,4,3,1,8
5799,200,-4074384094548548686,0,144,144,747,4,3,2,7
5800,200,6941254704569397407,0,152,152,792,2,5,1,13
5801,200,-2197494859481293093,0,169,169,771,3,5,3,14
5802,200,1505711266435278657,0,143,143,753,1,5,2,8
5803,200,5378575053051352846,0,131,131,737,4,3,2,8
5804,200,-4860535829249509319,0,154,154,754,4,2,1,6
5805,200,-7094838350889390182,0,138,138,734,7,3,2,5
5806,200,-4910271339426725517,0,87,87,755,2,11,6,25
5807,200,-9221631117833767906,0,165,165,766,6,8,6,16
5808,200,1238677900176884192,0,135,135,744,5,3,1,8
5809,200,5570941536230999613,0,141,141,755,3,8,6,25
5810,200,-6295268474627579838,0,142,142,756,1,9,7,16
5811,200,5028488147619426962,0,122,122,738,3,4,3,11
5812,200,-5963196850319799481,0,153,153,729,7,3,2,8
5813,200,1093094400528736482,0,132,132,761,1,6,3,13
5814,200,-783280183567202599,0,122,122,766,3,4,2,12
5815,200,-6382061631115783280,0,145,145,748,1,3,1,10
5816,200,1092461519999990452,0,127,127,769,1,5,3,10
5817,200,-2369838151240340907,0,157,157,767,6,2,1,5
5818,200,-7004469158875015624,0,127,127,766,3,7,6,14
5819,200,3001268992837721135,0,127,127,755,3,4,2,8
5820,200,4274102895135104384,0,130,130,757,7,3,2,8
5821,200,-4365608390381871974,0,128,128,750,3,4,3,8
5822,200,-4783466789131390030,0,169,169,709,3,4,3,13
5823,200,5347930151391289341,0,149,149,744,4,4,2,8
5824,200,-515375610372245864,0,160,160,762,1,6,3,20
5825,200,7358878630574191463,0,152,152,738,1,6,3,16
5826,200,1816847312846126959,0,166,166,740,6,4,3,10
5827,200,-4492777074109195398,0,145,145,744,7,3,2,7
5828,200,498165081075637503,0,154,154,768,1,5,3,9
5829,200,-7908845780308169049,0,136,136,735,7,2,1,4
5830,200,876925579566553835,0,128,128,750,4,5,4,13
5831,200,6382115672862662299,0,170,170,744,4,2,1,5
5832,200,-2696052536164963766,0,140,140,740,2,4,2,8
5833,200,6029195523649676536,0,145,145,758,6,2,1,5
5834,200,-4034862335491375243,0,159,159,764,4,4,2,10
5835,200,-5840818204320315576,0,140,140,748,3,4,2,9
5836,200,8929604987734161698,0,120,120,753,3,5,3,8
5837,200,-8556952266245183954,0,132,132,767,4,7,5,22
5838,200,3920926829047981233,0,157,157,734,1,9,6,17
5839,200,2857996501290830813,0,183,183,744,1,4,1,10
5840,200,-6414997835999251514,0,172,172,751,2,3,1,9
5841,200,-8039976185052402226,0,131,131,761,3,6,3,13
5842,200,-1827001822241638633,0,126,126,750,2,4,2,9
5843,200,5128032880585184685,0,172,172,747,2,9,7,14
5844,200,7760133900121731718,0,150,150,730,3,8,5,15
5845,200,5938685403795334547,0,161,161,738,8,4,3,12
5846,200,-5752717036922118543,0,144,144,757,6,2,1,2
5847,200,4036492360445553530,0,162,162,766,5,4,3,9
5848,200,2742880772694878793,0,131,131,724,2,6,5,18
5849,200,7127642096031381485,0,130,130,760,1,5,2,7
5850,200,-722107055048797087,0,120,120,758,2,6,2,13
5851,200,-3121754935498560513,0,125,125,766,1,5,1,9
5852,200,-3609082696543327480,0,158,158,746,5,1,1,2
5853,200,1199198560221295229,0,166,166,763,1,4,1,10
5854,200,-4593587073515566375,0,141,141,752,3,3,1,5
5855,200,-8511810710859261850,0,154,154,759,3,7,4,18
5856,200,5489044677671136848,0,137,137,754,4,4,3,9
5857,200,4636176540423944347,0,168,168,751,4,4,2,10
5858,200,3754408092343575201,0,164,164,765,2,16,13,28
5859,200,-6823351844464464174,0,99,99,743,6,4,3,14
5860,200,-5070684738227882556,0,138,138,751,1,5,2,9
5861,200,-6122735963896953392,0,116,116,755,1,7,4,20
5862,200,5456059665736462804,0,162,162,778,2,4,2,8
5863,200,618502906011587799,0,135,135,745,1,8,6,23
5864,200,2979809089893562777,0,128,128,766,2,3,1,10
5865,200,-6875444605011984292,0,138,138,725,7,4,3,8
5866,200,1379590863898794595,0,169,169,749,1,3,1,4
5867,200,8404293530180981245,0,109,109,744,2,5,2,12
5868,200,-1772586007807252711,0,134,134,755,2,5,3,14
5869,200,-4615777808599508047,0,144,144,759,4,6,3,15
5870,200,1760174618926067856,0,131,131,756,5,5,3,12
5871,200,-3026060336120128960,0,131,131,743,9,3,3,8
5872,200,-2127468215812231392,0,142,142,736,1,5,2,14
5873,200,3354461685743241974,0,143,143,745,5,4,3,10
5874,200,3454011626350604661,0,139,139,762,1,6,3,10
5875,200,7981512221027035283,0,140,140,752,3,5,3,12
5876,200,5591164310297765026,0,145,145,762,6,5,3,9
5877,200,-5128304797664656507,0,131,131,745,8,2,1,4
5878,200,2885564118019508603,0,167,167,753,1,4,1,8
5879,200,9146576410915055960,0,140,140,764,2,4,2,10
5880,200,7277420261373979427,0,137,137,767,3,4,2,11
5881,200,-1315439574148558995,0,119,119,748,5,5,2,7
5882,200,-8535032157657437469,0,141,141,775,1,10,5,23
5883,200,7540996222009390313,0,131,131,741,9,3,3,5
5884,200,-6353788540769307331,0,134,134,760,3,6,4,12
5885,200,-5201639496654606352,0,128,128,751,3,7,4,18
5886,200,895071717753156672,0,138,138,777,7,4,3,8
5887,200,7028128529780152851,0,130,130,759,2,3,2,9
5888,200,-4156370971065691362,0,120,120,768,4,5,4,8
5889,200,3321915364412837894,0,146,146,743,2,5,3,16
5890,200,-375183533745264901,0,97,97,765,2,7,4,18
5891,200,4820301096504227990,0,159,159,751,2,6,2,19
5892,200,-393907892915023609,0,115,115,762,1,4,1,9
5893,200,6343755837711566553,0,144,144,758,2,7,5,16
5894,200,6222869802415009230,0,136,136,736,3,4,2,12
5895,200,-3545901147941524570,0,108,108,729,4,6,5,15
5896,200,9211630183064036814,0,134,134,755,7,1,1,2
5897,200,7430177257681267271,0,105,105,734,1,8,4,17
5898,200,3926785016953811786,0,135,135,767,5,5,3,14
5899,200,-3740823645320788883,0,123,123,742,4,2,1,7
5900,200,7184814408737108317,0,97,97,747,3,5,2,16
5901,200,8776398808242041187,0,133,133,750,2,4,3,8
5902,200,9207262445886310481,0,156,156,751,1,6,3,13
5903,200,-5766553609742134138,0,90,90,745,2,5,3,10
5904,200,-534468571973711055,0,139,139,741,2,4,2,12
5905,200,5995806966462162677,0,131,131,742,2,3,2,5
5906,200,-4051427481869051236,0,150,150,757,1,3,2,9
5907,200,2857422488661231748,0,166,166,741,3,6,4,10
5908,200,-3909690444684926757,0,132,132,761,1,6,2,15
5909,200,-7824345787563299851,0,120,120,746,2,4,3,7
5910,200,-990519350977610954,0,127,127,757,2,4,1,8
5911,200,-5107242371975015831,0,107,107,745,1,5,1,10
5912,200,975578121478988930,0,114,114,771,1,2,1,7
5913,200,-1990295421733811693,0,108,108,757,6,5,4,20
5914,200,-2943561183005494018,0,153,153,749,1,6,2,11
5915,200,-2432828311844232145,0,150,150,745,4,4,2,10
5916,200,4138095473591454560,0,148,148,767,5,4,2,7
5917,200,4604283728265664050,0,134,134,758,7,2,1,6
5918,200,791196266368152362,0,133,133,739,2,3,1,9
5919,200,8182101092953438787,0,130,130,757,6,4,4,12
5920,200,-8532811026726101951,0,140,140,744,4,4,2,11
5921,200,-1505769472041901335,0,165,165,762,4,5,3,9
5922,200,-5364904119215818817,0,139,139,726,1,7,4,18
5923,200,40056611110942212,0,153,153,764,4,4,3,12
5924,200,295946792365624839,0,147,147,760,3,3,1,7
5925,200,313089947215495937,0,148,148,762,1,6,3,16
5926,200,4401446937344369178,0,135,135,749,8,2,2,8
5927,200,-7252985230681880503,0,154,154,745,2,5,3,12
5928,200,-4750330515642681816,0,127,127,730,3,6,3,22
5929,200,-8609917668386366470,0,138,138,750,3,4,1,7
5930,200,7941329488689448298,0,148,148,721,2,3,1,9
5931,200,418863201170074584,0,162,162,755,1,5,3,9
5932,200,-1228650002301794514,0,132,132,758,2,3,2,5
5933,200,-8852972368149706619,0,89,89,765,4,4,2,10
5934,200,-5523256793427439821,0,140,140,774,3,5,3,10
5935,200,-4401891958413938704,0,122,122,763,1,7,4,21
5936,200,-5974746288851116234,0,151,151,769,4,2,1,6
5937,200,-4263150581351625973,0,146,146,774,3,7,5,13
5938,200,-2271124315505934900,0,157,157,731,3,8,5,15
5939,200,5664248043512599232,0,152,152,750,6,5,3,10
5940,200,314981203168683634,0,149,149,740,3,6,5,16
5941,200,-6637083010928930779,0,139,139,759,1,8,4,20
5942,200,1321910339190957794,0,138,138,766,2,5,3,11
5943,200,-35293570323403795,0,167,167,756,1,4,1,6
5944,200,8520805730354757031,0,125,125,752,4,5,2,12
5945,200,-2082358991097118431,0,148,148,767,4,5,3,7
5946,200,2486549264536604147,0,133,133,769,3,3,1,7
5947,200,8456696844450965264,0,139,139,747,1,5,4,13
5948,200,-2838827490877096784,0,149,149,760,3,4,1,8
5949,200,4550342765384656516,0,123,123,757,5,3,1,6
5950,200,4317182528405867220,0,112,112,745,1,7,4,13
5951,200,3301577570729102902,0,161,161,755,1,7,5,10
5952,200,-626820401121935111,0,140,140,735,3,4,3,5
5953,200,5411957767689165443,0,144,144,756,6,7,5,17
5954,200,3299591756371902508,0,150,150,776,1,3,2,5
5955,200,-3079764163119930274,0,146,146,753,1,8,4,17
5956,200,5936857980468923396,0,153,153,735,6,2,1,6
5957,200,-8295408080593925240,0,172,172,761,4,4,3,12
5958,200,3824099549379027446,0,133,133,750,1,5,2,12
5959,200,3279235565358157823,0,112,112,747,8,2,1,6
5960,200,-3372570522421562905,0,143,143,757,4,5,3,7
5961,200,2497318285309710003,0,128,128,760,2,2,1,5
5962,200,1633328488669023235,0,152,152,757,7,4,2,7
5963,200,-1101114561315121793,0,111,111,742,2,8,5,18
5964,200,5248455811863959500,0,133,133,766,1,6,3,18
5965,200,5239377136516481622,0,107,107,752,1,7,3,23
5966,200,-8121368777840269195,0,154,154,774,1,7,5,17
5967,200,-1524879650601983556,0,144,144,759,4,2,1,4
5968,200,4821776198619284081,0,146,146,752,1,8,5,25
5969,200,-1219792957098246024,0,119,119,733,3,4,3,13
5970,200,5739915147037156934,0,128,128,751,3,5,3,13
5971,200,-6892165225687391097,0,130,130,732,3,5,3,15
5972,200,-8690777396001885018,0,158,158,752,4,4,3,16
5973,200,3383201487141790035,0,118,118,751,1,5,3,14
5974,200,-706500890221264961,0,130,130,742,3,4,2,7
5975,200,4414170531245636389,0,152,152,739,1,3,1,8
5976,200,-8438570299186586159,0,158,158,772,2,7,4,21
5977,200,-2886285160158622249,0,129,129,762,7,4,3,9
5978,200,-5064478343081586431,0,148,148,755,1,7,5,22
5979,200,3708347777464019661,0,114,114,774,3,7,5,14
5980,200,646420275825285229,0,97,97,752,4,3,1,4
5981,200,9032573385295274533,0,140,140,736,5,4,2,10
5982,200,-4425018952121270657,0,133,133,746,1,5,3,15
5983,200,-2014726355869095124,0,155,155,735,1,4,2,9
5984,200,-4606108586462594938,0,131,131,761,4,8,5,22
5985,200,7218834226163097620,0,161,161,750,4,5,4,8
5986,200,-9052780516093826174,0,163,163,762,2,6,4,16
5987,200,-1509177390466957085,0,126,126,778,2,5,3,10
5988,200,8879554352451594814,0,165,165,722,2,7,5,15
5989,200,8261858498000630191,0,134,134,766,4,4,2,10
5990,200,-5479763430037897052,0,145,145,771,5,6,4,13
5991,200,3019669025921198088,0,145,145,763,3,6,3,16
5992,200,6028421411968639052,0,135,135,760,2,7,5,21
5993,200,-3869614768804987980,0,159,159,776,2,3,1,9
5994,200,1205643034402406997,0,152,152,744,2,5,3,11
5995,200,8672107463464750753,0,136,136,745,2,10,7,27
5996,200,6554253854189064824,0,181,181,766,2,4,3,7
5997,200,425420946791219223,0,140,140,784,2,4,1,9
5998,200,3549858402805643098,0,144,144,737,3,4,2,10
5999,200,-526513630548074708,0,144,144,763,9,2,2,8
6000,200,-6022940072571450336,0,124,124,730,2,4,3,12
6001,200,3241626171911491709,0,103,103,746,3,5,3,14
6002,200,-9047192601660858552,0,172,172,760,1,6,3,21
6003,200,7481146213949971226,0,152,152,768,1,8,4,19
6004,200,4225726992295479991,0,129,129,747,1,7,4,18
6005,200,5656838000150106306,0,120,120,770,1,6,3,19
6006,200,-5602380795243874035,0,137,137,754,7,6,5,19
6007,200,7351075766793880911,0,108,108,780,1,9,4,23
6008,200,-8309067151871169472,0,139,139,759,1,8,4,18
6009,200,6697247729812490611,0,163,163,765,5,4,2,10
6010,200,8752662470461888872,0,137,137,746,1,5,3,12
6011,200,-6790826980971062108,0,134,134,762,3,5,3,16
6012,200,298573813087268311,0,129,129,759,3,7,5,17
6013,200,6202354885239507540,0,95,95,732,1,2,1,6
6014,200,3604092753521332588,0,145,145,764,2,6,3,11
6015,200,141196078952998502,0,154,154,724,8,2,1,6
6016,200,3750048508065397288,0,147,147,751,2,4,2,8
6017,200,-506893996651651876,0,139,139,753,4,3,2,10
6018,200,4307839254842483969,0,156,156,760,3,7,4,20
6019,200,7589342256148957396,0,147,147,734,4,6,5,21
6020,200,5081655288706107382,0,162,162,749,1,8,4,17
6021,200,5551617375142971060,0,146,146,723,3,3,2,3
6022,200,-3742831403228933789,0,139,139,751,1,6,3,13
6023,200,8126089596494804388,0,151,151,749,3,3,2,8
6024,200,7891824851725486230,0,153,153,771,3,12,8,33
6025,200,382973202358869052,0,131,131,772,3,6,3,17
6026,200,7349118552813495201,0,127,127,745,4,4,2,11
6027,200,-8996937429154634626,0,109,109,753,1,7,5,19
6028,200,-2232524512193517967,0,123,123,760,3,4,3,7
6029,200,6558780202134741766,0,109,109,742,2,7,3,15
6030,200,-1968863247092883681,0,132,132,781,4,8,7,17
6031,200,1771905493738773887,0,137,137,736,7,4,3,16
6032,200,-319377141223206010,0,140,140,763,3,4,2,11
6033,200,6005431973708366937,0,144,144,746,3,4,2,5
6034,200,-5636478950686116843,0,169,169,760,3,6,2,16
6035,200,7811288638193669048,0,152,152,757,6,5,4,14
6036,200,-7194875431908939803,0,145,145,762,2,3,2,4
6037,200,-8940063617559146577,0,111,111,745,1,3,1,9
6038,200,9063525247460247053,0,149,149,742,5,4,2,14
6039,200,-1429151611259744339,0,157,157,753,1,6,4,15
6040,200,1338760075183902773,0,162,162,734,5,3,2,5
6041,200,5936189564243660087,0,162,162,744,2,9,5,26
6042,200,-7976287569320852887,0,146,146,770,1,5,3,13
6043,200,-3785095417563354665,0,141,141,762,3,4,2,11
6044,200,-9080853187883873233,0,141,141,756,4,3,1,6
6045,200,6551242875980308564,0,147,147,780,2,5,3,11
6046,200,-7416189910478158118,0,138,138,768,2,3,1,8
6047,200,-7233113440702638814,0,119,119,740,1,3,1,4
6048,200,-3235347881911419616,0,116,116,758,3,4,1,7
6049,200,2515333520061020700,0,121,121,757,2,6,3,12
6050,200,-6884332419548194838,0,148,148,763,1,4,3,9
6051,200,-9005805847662069392,0,136,136,749,1,3,1,3
6052,200,466753568900580459,0,152,152,741,1,8,6,18
6053,200,8935201837739662297,0,118,118,754,5,5,3,13
6054,200,-3987869354047428749,0,138,138,751,5,4,4,6
6055,200,-5461928484298318317,0,151,151,746,3,6,3,18
6056,200,-816910871635135995,0,138,138,769,3,5,3,13
6057,200,357480572544838028,0,129,129,749,3,3,2,7
6058,200,3242986631448046374,0,135,135,762,2,5,2,13
6059,200,1201647710377682007,0,143,143,758,1,7,6,16
6060,200,5842837653001339639,0,150,150,733,2,4,3,15
6061,200,397958588526546021,0,114,114,757,4,6,4,11
6062,200,5689227290174751494,0,94,94,754,2,7,5,18
6063,200,8651604365332402678,0,165,165,771,1,3,1,9
6064,200,1315738244212764640,0,138,138,742,2,5,3,14
6065,200,8851432779059307852,0,133,133,755,2,6,3,13
6066,200,6242363633024774122,0,137,137,754,3,11,8,23
6067,200,2319383336805034914,0,144,144,744,1,4,2,10
6068,200,4061604803457747824,0,142,142,751,5,5,4,12
6069,200,-8478760739115495588,0,134,134,736,8,3,2,7
6070,200,8007475969672960510,0,146,146,749,3,7,5,13
6071,200,8580399754885734270,0,48,48,754,1,4,2,11
6072,200,5293506936209961198,0,138,138,765,4,3,1,5
6073,200,-5112823548250869150,0,142,142,758,1,5,2,13
6074,200,-8655467957461358782,0,135,135,737,2,6,4,12
6075,200,8942055073962639269,0,128,128,744,2,4,2,12
6076,200,-4552349142305406285,0,151,151,748,6,4,3,9
6077,200,3873767741101679970,0,137,137,765,2,6,4,16
6078,200,-3545182974805548534,0,121,121,749,6,3,2,6
6079,200,3575071943519849634,0,110,110,785,3,4,2,9
6080,200,2102694895883843757,0,138,138,747,1,4,1,15
6081,200,4360906623243919634,0,86,86,762,1,8,6,14
6082,200,5259256394955337596,0,157,157,785,1,4,1,11
6083,200,-4256377094228127754,0,123,123,769,2,5,2,11
6084,200,3448439991940464349,0,145,145,763,2,6,4,11
6085,200,1897294392773771870,0,137,137,761,2,4,2,8
6086,200,736455396180497941,0,130,130,763,3,5,2,18
6087,200,5649048709581473430,0,146,146,751,4,4,1,13
6088,200,-3670523209585826855,0,147,147,746,1,4,2,11
6089,200,-6909084901101331230,0,140,140,745,6,2,1,7
6090,200,-5939559041923410908,0,168,168,745,1,7,3,23
6091,200,-7499633015477609622,0,158,158,748,4,2,1,5
6092,200,277640674313557835,0,119,119,778,1,7,5,17
6093,200,-1997807674369614477,0,105,105,783,5,3,1,9
6094,200,-2610033934665513394,0,131,131,763,4,2,1,3
6095,200,3194109769095918031,0,154,154,749,3,3,1,10
6096,200,-7888496203690182544,0,155,155,746,4,4,2,13
6097,200,746766354653527191,0,130,130,766,2,5,3,9
6098,200,-2430892995208045048,0,125,125,785,3,9,6,23
6099,200,1024684111220867094,0,159,159,772,3,6,3,12
6100,200,7092087471114351769,0,123,123,745,4,8,5,19
6101,200,7550196823803035911,0,142,142,756,2,2,1,3
6102,200,8642982641460979744,0,152,152,750,3,3,1,5
6103,200,-2784899649921435133,0,145,145,753,5,3,1,10
6104,200,8391050150612727213,0,140,140,760,4,3,2,8
6105,200,-3712957399403015628,0,141,141,746,1,5,3,8
6106,200,9165079774805828405,0,131,131,738,3,2,1,5
6107,200,-4781555179704087730,0,155,155,787,2,9,6,22
6108,200,-3619219691993816922,0,151,151,767,4,2,1,5
6109,200,-3817848731780932928,0,136,136,752,3,4,1,9
6110,200,-101941874766305734,0,139,139,753,2,7,3,17
6111,200,-5236440210303032794,0,149,149,757,2,4,2,13
6112,200,-6738367592603458545,0,159,159,760,4,6,4,13
6113,200,837966096474356480,0,146,146,756,1,5,2,11
6114,200,-838467455639546121,0,146,146,763,5,4,2,8
6115,200,-6634785559311791703,0,143,143,744,5,4,3,12
6116,200,3619269924541929101,0,172,172,766,2,7,3,22
6117,200,3453797192164936577,0,150,150,736,2,2,1,7
6118,200,2497712100847235208,0,126,126,769,2,3,1,7
6119,200,6335643682029900908,0,148,148,742,2,4,2,14
6120,200,-8572939182881741485,0,107,107,764,1,14,8,30
6121,200,-8247751241206222976,0,164,164,773,2,7,4,17
6122,200,-4254332958510065188,0,138,138,749,3,5,3,14
6123,200,-6521857492107471111,0,101,101,725,1,3,1,4
6124,200,-7142507210122620244,0,134,134,751,4,10,7,17
6125,200,4165033527949408112,0,130,130,740,5,5,3,12
6126,200,7590649189619223607,0,133,133,752,2,5,2,14
6127,200,6377683823842538060,0,148,148,749,2,3,2,5
6128,200,1066364692074103925,0,145,145,768,3,4,3,9
6129,200,89664399738573688,0,168,168,752,2,9,6,17
6130,200,-7026713125139969616,0,126,126,758,4,3,1,11
6131,200,-8592875104488001962,0,141,141,774,1,7,3,13
6132,200,3198240677914223263,0,142,142,771,1,5,3,15
6133,200,-4283040132294552077,0,128,128,748,2,7,5,12
6134,200,-6811441208683584588,0,161,161,732,4,3,1,7
6135,200,5121856833544545403,0,115,115,759,1,9,6,23
6136,200,-5972612184308611662,0,130,130,748,2,2,1,3
6137,200,6715785959188907502,0,147,147,755,1,4,1,8
6138,200,-5127715190083399295,0,122,122,759,3,5,3,7
6139,200,-7574120443489437165,0,118,118,744,3,3,1,6
6140,200,930491688453666117,0,147,147,766,2,5,3,17
6141,200,-7214034722479062611,0,133,133,755,6,7,5,18
6142,200,8392734367975462572,0,139,139,775,4,4,2,9
6143,200,-2795507184131740948,0,138,138,768,3,4,2,13
6144,200,6034469477439780487,0,112,112,766,1,6,2,18
6145,200,3143523021079146790,0,119,119,762,2,4,2,5
6146,200,-7187083344070559332,0,130,130,768,1,6,3,14
6147,200,5418239207538009030,0,139,139,754,2,3,1,8
6148,200,-8055095957504709959,0,151,151,734,1,4,2,8
6149,200,2597435823029635204,0,145,145,781,4,3,1,6
6150,200,3573763663575337484,0,172,172,729,5,3,2,4
6151,200,-146900594866852650,0,133,133,744,2,8,5,16
6152,200,5293128224489192882,0,157,157,753,2,7,3,15
6153,200,-2442029494016615771,0,139,139,739,2,4,3,6
6154,200,-8490930169853479027,0,159,159,767,2,2,1,5
6155,200,-5052093811751214012,0,111,111,765,1,4,2,7
6156,200,-5560231867939543974,0,169,169,760,6,4,3,10
6157,200,3353107750081395613,0,133,133,761,1,4,2,10
6158,200,3789686832647993345,0,160,160,758,1,8,5,18
6159,200,-7788507391383877460,0,110,110,769,1,3,1,9
6160,200,8802858145006644015,0,162,162,758,5,5,4,12
6161,200,-9115561384294763727,0,139,139,751,2,3,1,9
6162,200,712235852494880289,0,154,154,740,2,5,3,11
6163,200,-7531470304023833695,0,153,153,747,2,2,1,6
6164,200,-6953767598826957629,0,116,116,749,1,3,1,4
6165,200,8318011427431022429,0,148,148,765,7,3,3,9
6166,200,-8592147493894799367,0,132,132,757,1,8,5,12
6167,200,-3740774130164079578,0,145,145,757,6,4,3,13
6168,200,-2036369867344279493,0,135,135,759,2,7,4,19
6169,200,7711452092874778319,0,120,120,751,1,4,2,10
6170,200,6505302463852907879,0,137,137,743,6,2,2,2
6171,200,693585158829603123,0,118,118,749,1,5,2,13
6172,200,113304679901237202,0,162,162,736,4,5,3,13
6173,200,7536732183217036137,0,124,124,742,1,8,4,24
6174,200,-6241223584347310433,0,121,121,766,4,5,4,11
6175,200,-9009127557664605130,0,174,174,719,2,4,3,13
6176,200,1330115552525887316,0,132,132,755,2,4,3,13
6177,200,-5208968072967852862,0,115,115,757,1,5,2,9
6178,200,-3944800835890412887,0,153,153,747,4,3,1,10
6179,200,-6159991541793956977,0,132,132,743,6,4,3,8
6180,200,4016679147959245475,0,159,159,764,1,9,6,15
6181,200,8035513637009312422,0,116,116,772,5,5,4,9
6182,200,-9181722406293965343,0,128,128,742,4,6,2,17
6183,200,1768444729521272082,0,141,141,746,6,3,2,11
6184,200,-2443682890229287882,0,130,130,753,1,5,2,12
6185,200,-5253930940166203502,0,122,122,745,3,4,2,13
6186,200,3614651753923487863,0,112,112,750,3,6,4,15
6187,200,7476574181791961225,0,105,105,779,2,5,3,7
6188,200,-5204505207276323947,0,148,148,775,4,4,3,9
6189,200,-7849954262451057863,0,99,99,762,1,6,2,11
6190,200,395616198030421229,0,134,134,760,1,4,1,13
6191,200,-8051098475906487760,0,103,103,759,2,7,4,9
6192,200,-2838747534611250210,0,119,119,735,1,5,2,11
6193,200,-7344638645909887743,0,104,104,770,4,3,2,5
6194,200,2601034640515942044,0,122,122,748,2,5,3,11
6195,200,2725044065025035575,0,139,139,750,3,2,1,3
6196,200,3778400252741487171,0,150,150,743,2,4,3,6
6197,200,5612091146266422919,0,137,137,753,1,5,2,7
6198,200,1940768177324994607,0,126,126,754,1,6,3,18
6199,200,157119184404037188,0,152,152,779,2,6,3,16
6200,200,2275235354919281802,0,181,181,775,5,2,2,6
6201,200,-56551867496903145,0,95,95,756,1,5,3,14
6202,200,8147574129853641253,0,128,128,749,3,4,2,10
6203,200,5830536951511463406,0,122,122,762,2,8,3,15
6204,200,6238265429845950347,0,103,103,745,4,4,2,10
6205,200,1343979357654083892,0,150,150,758,1,4,2,6
6206,200,-8115043437451949741,0,159,159,731,4,3,1,10
6207,200,-6491046943106733245,0,144,144,754,3,8,5,16
6208,200,-9140156919227011658,0,128,128,754,6,2,1,7
6209,200,3830114439969969942,0,126,126,752,5,5,2,7
6210,200,2817334529848417632,0,146,146,758,3,4,3,9
6211,200,-4288410501043868093,0,130,130,737,2,5,3,14
6212,200,1895168342870279562,0,121,121,737,2,3,1,10
6213,200,-8141112446236892377,0,127,127,751,7,4,2,10
6214,200,6871643302591989576,0,167,167,747,1,3,1,9
6215,200,58601646023922274,0,146,146,756,2,4,2,12
6216,200,2719368612803301407,0,159,159,740,2,3,1,9
6217,200,5501933960957271941,0,147,147,774,7,2,1,4
6218,200,3758380139162789850,0,123,123,737,2,4,2,11
6219,200,-5610501190959978230,0,144,144,762,5,9,7,28
6220,200,2403161150585620381,0,148,148,742,4,2,1,6
6221,200,-2134642966773102716,0,130,130,758,2,3,2,8
6222,200,-7259640205738291654,0,143,143,738,2,9,6,20
6223,200,-1728102957331433,0,111,111,737,2,5,3,13
6224,200,3404872200198120899,0,139,139,738,3,5,3,15
6225,200,5845023699392967209,0,168,168,736,2,5,3,15
6226,200,3894381534882786911,0,124,124,756,3,3,2,7
6227,200,8151484880125507673,0,138,138,757,1,6,4,13
6228,200,-8390601270567697823,0,140,140,734,6,4,2,8
6229,200,4709198910731474095,0,136,136,739,4,3,2,9
6230,200,-7966749481247250538,0,151,151,774,1,5,3,11
6231,200,533777550904834069,0,159,159,740,2,3,1,4
6232,200,-66371554950495778,0,142,142,783,1,4,1,10
6233,200,5104054650888017158,0,134,134,754,6,3,2,9
6234,200,3971966619938183933,0,126,126,754,2,9,5,22
6235,200,6869475041827560836,0,132,132,752,1,9,6,24
6236,200,2772875475887821746,0,149,149,777,4,8,5,14
6237,200,-4676323847451235249,0,118,118,737,3,6,3,15
6238,200,2154501831713182217,0,134,134,757,5,3,2,6
6239,200,4548369761425411411,0,119,119,759,1,4,2,10
6240,200,1414735290876428525,0,155,155,739,1,3,1,4
6241,200,-4789471840926295711,0,121,121,758,2,2,1,9
6242,200,6409665583184377089,0,161,161,737,1,3,1,6
6243,200,4380789926648944930,0,113,113,761,3,3,1,8
6244,200,373100188667300527,0,161,161,739,5,2,1,8
6245,200,3843326650426893128,0,139,139,750,7,2,2,2
6246,200,4622646543466500480,0,125,125,756,3,4,2,12
6247,200,-6392845103974880763,0,126,126,728,2,5,3,10
6248,200,-5867596277472339794,0,164,164,741,3,3,2,11
6249,200,1921990069554506688,0,141,141,753,2,10,8,23
6250,200,-5921062676215729929,0,128,128,732,1,4,3,10
6251,200,-6145952734043489530,0,96,96,758,2,8,4,19
6252,200,-3379512206294190157,0,120,120,764,5,4,2,12
6253,200,-8925474735907155522,0,113,113,764,2,3,1,6
6254,200,6384634141606248232,0,156,156,752,5,3,2,7
6255,200,-4874091979230551136,0,128,128,770,2,5,3,12
6256,200,-5430331466044282851,0,142,142,743,1,10,7,20
6257,200,-1282132233941031960,0,122,122,752,1,7,3,19
6258,200,-4453572497779375956,0,116,116,732,1,11,7,25
6259,200,-5262623935067246010,0,155,155,748,5,4,3,12
6260,200,7288449527767120988,0,126,126,743,2,6,3,12
6261,200,-6736388388933590249,0,140,140,748,6,3,2,3
6262,200,-5887525045038704274,0,135,135,749,5,8,6,19
6263,200,-5454872504248838438,0,131,131,749,4,5,3,14
6264,200,8659273551565096823,0,121,121,762,2,7,4,11
6265,200,-1375352774715403044,0,142,142,748,4,4,2,15
6266,200,-7569843266999000274,0,149,149,771,4,3,2,9
6267,200,-7117626563767526090,0,153,153,750,8,4,3,10
6268,200,-8945572882621637753,0,138,138,756,8,1,1,3
6269,200,4090916232691099129,0,128,128,759,2,6,4,10
6270,200,2162857572101051392,0,153,153,769,5,5,3,14
6271,200,-7082559688810530905,0,137,137,742,5,7,5,17
6272,200,6861331808802478138,0,124,124,731,1,6,3,12
6273,200,7565494577100446948,0,121,121,770,1,6,3,11
6274,200,983089807334126794,0,137,137,751,2,8,6,19
6275,200,2770780456957466988,0,169,169,771,2,8,5,21
6276,200,-5064220938172561071,0,147,147,775,3,6,3,17
6277,200,-4785348473203893177,0,129,129,747,6,6,5,12
6278,200,1429735054461626313,0,154,154,728,3,4,3,11
6279,200,-1580680498855288517,0,133,133,738,3,3,2,6
6280,200,-7614440840002284255,0,151,151,738,6,2,1,7
6281,200,7056458807468864898,0,167,167,758,2,4,2,9
6282,200,546436384697401100,0,145,145,742,3,5,2,10
6283,200,5767193392060945341,0,152,152,740,4,7,6,16
6284,200,-4851650027554129130,0,123,123,777,1,6,3,16
6285,200,5684974172384430888,0,147,147,739,2,4,2,8
6286,200,3461091925985829624,0,144,144,756,1,4,1,9
6287,200,3164178345304745486,0,126,126,767,2,2,1,7
6288,200,4679892732417548844,0,166,166,747,4,9,7,24
6289,200,-8890874612195228802,0,141,141,742,4,3,2,8
6290,200,-5130726312350742334,0,154,154,742,1,8,5,25
6291,200,2548158558947858494,0,150,150,751,3,4,2,12
6292,200,-2761603608851515532,0,117,117,730,2,5,2,15
6293,200,-4647461480513402113,0,137,137,748,6,5,4,11
6294,200,4059539265776630008,0,131,131,726,1,6,3,12
6295,200,1305591813922480082,0,151,151,764,2,6,3,13
6296,200,-2847287901967885163,0,138,138,748,5,2,1,6
6297,200,-5422443408138279206,0,122,122,752,1,7,4,16
6298,200,-1159321845574572551,0,156,156,774,1,3,1,9
6299,200,-1805428554896350653,0,133,133,728,5,1,1,1
6300,200,4719536581841725000,0,154,154,770,2,5,2,13
6301,200,-7888970031501240462,0,109,109,746,1,3,1,7
6302,200,3940625214028616312,0,158,158,755,5,5,4,13
6303,200,-1649382552858394755,0,139,139,765,1,4,2,10
6304,200,-6123831177165067557,0,120,120,764,3,6,3,14
6305,200,-541192232451306787,0,165,165,734,4,3,1,5
6306,200,6046655711695554557,0,146,146,753,1,5,2,12
6307,200,1300403815033269346,0,142,142,755,6,3,3,5
6308,200,5013655975455252655,0,167,167,748,4,4,2,12
6309,200,-2486302892328935578,0,142,142,719,3,5,2,17
6310,200,-1853702741391696541,0,145,145,759,2,7,5,20
6311,200,3108361996803022149,0,117,117,760,5,3,1,8
6312,200,-6154131542100095813,0,127,127,759,3,5,3,14
6313,200,-2350379425423067636,0,134,134,770,2,6,2,16
6314,200,-2824153380059280037,0,132,132,777,1,6,3,10
6315,200,-6064740112587243409,0,133,133,730,2,5,3,14
6316,200,-3020822512754507514,0,144,144,733,2,7,5,18
6317,200,5359302698748613888,0,147,147,764,2,5,2,16
6318,200,-3456665012530995992,0,142,142,754,3,5,3,14
6319,200,-1689373920458635106,0,139,139,774,4,7,6,17
6320,200,-125705525645481168,0,144,144,763,2,4,2,12
6321,200,-4788509831950149077,0,128,128,745,8,3,2,9
6322,200,-1430565568168504862,0,130,130,751,3,4,3,9
6323,200,-69354507728337023,0,165,165,767,2,5,3,12
6324,200,-3311928462681525526,0,151,151,749,1,6,4,16
6325,200,-5607489996227297883,0,127,127,765,3,4,2,11
6326,200,-5225694354750998157,0,143,143,770,3,7,3,19
6327,200,1233609749307938877,0,132,132,733,5,2,1,6
6328,200,404727620166740089,0,136,136,770,2,4,2,10
6329,200,6062406333774062655,0,152,152,751,2,3,2,7
6330,200,1908189954416131740,0,137,137,737,1,4,2,13
6331,200,-3810105496274183701,0,141,141,738,2,6,4,11
6332,200,-381845244940336329,0,130,130,763,2,5,1,15
6333,200,683079558703120890,0,169,169,739,7,4,4,4
6334,200,4107721558933639345,0,164,164,755,2,5,3,14
6335,200,-1780045650332567017,0,133,133,742,4,3,2,15
6336,200,-4601482896476131310,0,144,144,745,2,6,3,16
6337,200,-4608465686372643698,0,148,148,768,1,6,4,14
6338,200,3363124830034352601,0,141,141,761,1,6,3,17
6339,200,6629193290706161475,0,170,170,750,1,14,11,26
6340,200,-7280623091298832372,0,134,134,736,3,3,1,9
6341,200,-7521687805538845212,0,141,141,751,2,6,2,14
6342,200,-5008652639524715121,0,125,125,754,1,3,1,6
6343,200,2780684057434243938,0,156,156,745,8,2,2,2
6344,200,-3960450516044085575,0,152,152,754,1,6,3,14
6345,200,-4040795996619905380,0,122,122,742,4,3,2,9
6346,200,872801696528488228,0,143,143,749,1,3,1,4
6347,200,3545810969878826589,0,152,152,747,4,8,4,16
6348,200,3744016950867261636,0,116,116,742,1,4,2,9
6349,200,-5642121025603268472,0,121,121,753,3,5,2,13
6350,200,1105916634810847290,0,132,132,777,4,5,2,14
6351,200,-6493793510161989486,0,159,159,760,4,3,2,5
6352,200,6398423307781560938,0,135,135,765,2,5,2,10
6353,200,-2133036186767822545,0,168,168,757,5,3,2,12
6354,200,-4263781372564412598,0,165,165,735,2,7,3,23
6355,200,2137836381033585999,0,139,139,721,1,5,2,16
6356,200,-4625045238633320963,0,132,132,739,4,10,8,21
6357,200,8241404987477339211,0,172,172,786,1,4,2,11
6358,200,8138905109323075103,0,130,130,758,2,5,2,9
6359,200,9136051792121824603,0,138,138,762,5,2,2,6
6360,200,-189476271360470430,0,135,135,755,3,4,2,13
6361,200,-8242607476384438709,0,141,141,749,4,6,4,18
6362,200,-6018360408265226151,0,136,136,736,3,7,4,15
6363,200,641645776336957806,0,138,138,768,3,6,4,17
6364,200,6593680945411473811,0,109,109,754,1,7,4,24
6365,200,2833879002468656850,0,147,147,748,1,5,3,16
6366,200,-6020543612929306132,0,117,117,771,2,4,2,9
6367,200,219184944789077173,0,164,164,773,2,17,14,44
6368,200,-432402447061524705,0,136,136,779,5,2,2,6
6369,200,-3387273701498254538,0,152,152,773,8,3,2,7
6370,200,7583428314268128670,0,144,144,745,1,6,4,12
6371,200,-4985922630980452529,0,148,148,751,2,6,3,17
6372,200,7557446014425863845,0,152,152,760,1,4,2,7
6373,200,7897973959459490050,0,112,112,751,7,3,1,4
6374,200,-6414847654350015604,0,151,151,751,3,2,1,7
6375,200,639103955127154898,0,129,129,771,1,7,4,25
6376,200,9199233854282435164,0,111,111,763,1,6,4,22
6377,200,166764462337097844,0,158,158,760,8,1,1,4
6378,200,4870397158707484581,0,159,159,744,1,4,1,15
6379,200,6550069989208558278,0,168,168,768,3,3,2,6
6380,200,8777791888363786638,0,115,115,768,3,6,3,14
6381,200,3865911876923383552,0,124,124,718,2,5,3,12
6382,200,-7403969994736345043,0,109,109,767,1,4,1,13
6383,200,6298001727927337768,0,145,145,755,5,5,3,13
6384,200,3400943081564391193,0,118,118,762,6,6,4,9
6385,200,2810620582199628235,0,115,115,737,6,3,2,7
6386,200,3888541151628481596,0,132,132,773,2,7,4,17
6387,200,-8348767468483496215,0,134,134,764,1,2,1,2
6388,200,-7673040687485327379,0,127,127,756,2,6,4,21
6389,200,2891467624512981040,0,155,155,763,3,3,2,5
6390,200,-6661489156169143747,0,119,119,751,2,3,1,7
6391,200,4330367811654446189,0,182,182,757,5,11,8,28
6392,200,-7636971244538134128,0,137,137,751,4,7,4,18
6393,200,-8450309929070066113,0,128,128,744,3,4,1,6
6394,200,9030623793812676207,0,146,146,754,3,7,4,22
6395,200,5634587116289447437,0,148,148,757,1,3,1,7
6396,200,-6273142533112598371,0,122,122,760,8,3,2,11
6397,200,2631373113662146361,0,148,148,762,1,4,2,14
6398,200,-7268959923186525849,0,165,165,764,8,1,1,1
6399,200,-7914462312558404459,0,129,129,749,2,5,3,15
6400,200,-7601308736381931712,0,141,141,745,3,5,2,14
6401,200,7222284735823147029,0,144,144,776,1,8,4,13
6402,200,-6081143110644242804,0,150,150,763,1,4,2,8
6403,200,958234783869516230,0,129,129,753,4,3,1,9
6404,200,3704181571133469628,0,115,115,756,2,5,4,6
6405,200,-3280840459255672321,0,135,135,708,2,5,3,13
6406,200,3596545072734894746,0,168,168,744,1,6,3,14
6407,200,-4248920023057685803,0,129,129,770,2,6,3,13
6408,200,-1364093859866698011,0,107,107,746,1,11,8,33
6409,200,-6813275044859675437,0,126,126,757,3,6,3,13
6410,200,9011394315672750624,0,147,147,744,8,1,1,3
6411,200,-8535303989755690262,0,113,113,763,1,6,3,18
6412,200,-9203751169223853402,0,146,146,797,3,5,3,13
6413,200,9145232293608366502,0,125,125,748,4,2,1,9
6414,200,-2755909027259469822,0,156,156,730,3,2,1,7
6415,200,-7579866469093964381,0,134,134,716,7,2,2,2
6416,200,4809073189457479805,0,120,120,747,1,5,2,14
6417,200,3739081520393864510,0,129,129,754,1,4,1,9
6418,200,-1047044184316648457,0,144,144,757,1,4,1,8
6419,200,9135535097103954318,0,141,141,748,6,5,3,16
6420,200,-84328439316963334,0,161,161,760,7,4,3,9
6421,200,-4758549162289315179,0,117,117,761,2,5,4,17
6422,200,281935032596775180,0,146,146,749,4,2,1,9
6423,200,-5494370172429774158,0,143,143,747,2,3,2,5
6424,200,9117654233104620868,0,153,153,743,1,6,2,13
6425,200,8523128087353367898,0,137,137,759,1,4,1,9
6426,200,7659482896752974879,0,158,158,774,4,3,1,8
6427,200,3885582366320325895,0,124,124,756,1,6,2,19
6428,200,-8554232713578193005,0,132,132,760,5,2,1,7
6429,200,-8464250090887977873,0,134,134,750,2,4,2,11
6430,200,-7059943069254948252,0,160,160,747,6,3,2,7
6431,200,6613699780738035449,0,125,125,747,4,4,2,8
6432,200,5070935614204106679,0,131,131,754,1,4,2,9
6433,200,-8901467257898802068,0,154,154,764,1,5,3,17
6434,200,-3554366483156371484,0,126,126,769,4,2,1,5
6435,200,7557450780339993577,0,153,153,739,3,4,3,12
6436,200,-6059248787541662064,0,160,160,766,7,3,2,4
6437,200,-2536435259249939941,0,130,130,747,4,3,2,3
6438,200,-1338308913592930823,0,129,129,762,3,7,4,21
6439,200,-6124636081739929940,0,139,139,757,5,2,1,7
6440,200,-2256774315485705325,0,137,137,747,3,4,2,11
6441,200,-7019408830267566854,0,145,145,756,1,5,1,18
6442,200,-698122042279417388,0,127,127,763,4,8,6,28
6443,200,2445014142964696074,0,164,164,758,5,4,2,9
6444,200,4418309861305738060,0,146,146,759,4,4,2,9
6445,200,-1128287053348488772,0,126,126,740,1,4,2,11
6446,200,3018566265370141431,0,129,129,766,6,5,3,16
6447,200,5347290812355755328,0,146,146,762,3,8,4,24
6448,200,-1758236773213129258,0,132,132,740,1,4,2,9
6449,200,-1115837108980788024,0,135,135,764,2,2,1,6
6450,200,-2572672986041015877,0,124,124,760,2,4,2,11
6451,200,9197356226569071231,0,141,141,775,6,5,3,16
6452,200,-2818955568633916059,0,130,130,754,8,3,2,4
6453,200,-5540250829455684424,0,158,158,758,5,2,2,4
6454,200,8699030183608223180,0,165,165,768,2,7,4,17
6455,200,-8038459675215020694,0,164,164,755,9,2,2,6
6456,200,9141530868561153212,0,131,131,754,1,10,5,29
6457,200,6238015752170357980,0,150,150,771,5,8,5,18
6458,200,6540754085748661416,0,144,144,753,2,6,3,18
6459,200,-8770817421156648036,0,156,156,745,3,3,1,10
6460,200,886588823392705975,0,158,158,761,1,9,5,17
6461,200,1595959419276345269,0,118,118,726,6,5,4,11
6462,200,2974344868322183203,0,143,143,758,1,4,1,12
6463,200,6814026660460235040,0,147,147,749,3,4,2,12
6464,200,-193890295992496189,0,177,177,770,6,3,1,6
6465,200,-541828633806450310,0,152,152,730,6,2,1,7
6466,200,8106987301467698405,0,142,142,735,7,2,1,8
6467,200,7478856094284727031,0,135,135,751,4,2,1,2
6468,200,5283708416887492193,0,127,127,758,1,8,5,16
6469,200,4110103642295919254,0,137,137,734,4,5,3,17
6470,200,6041750026075136234,0,108,108,761,3,3,2,10
6471,200,4453596543394982294,0,141,141,746,5,5,3,16
6472,200,4252605613913986983,0,158,158,752,2,4,2,6
6473,200,-3197611938382855641,0,125,125,758,3,4,2,6
6474,200,5863576326611317249,0,153,153,764,2,4,2,7
6475,200,-1497508776347018395,0,144,144,761,6,2,1,6
6476,200,-1401049971900663106,0,121,121,758,1,5,3,9
6477,200,-6255857905910593407,0,116,116,746,5,5,3,10
6478,200,4319696225893653582,0,139,139,766,1,4,2,8
6479,200,-8474938179751026879,0,136,136,744,2,5,2,14
6480,200,-784981912583395739,0,117,117,743,6,1,1,3
6481,200,-8248533521011324502,0,155,155,750,5,3,1,10
6482,200,-4417765278900496183,0,138,138,766,2,2,1,3
6483,200,-2543222696851816710,0,140,140,737,3,3,1,7
6484,200,-1551758620425566356,0,162,162,767,1,5,2,12
6485,200,3299449840829847515,0,160,160,764,4,3,2,7
6486,200,1657449441501326269,0,107,107,764,7,4,2,10
6487,200,-5540873334846262826,0,139,139,752,4,3,1,4
6488,200,-564640578573945030,0,154,154,740,1,9,6,24
6489,200,2856374471429150213,0,146,146,748,4,4,2,13
6490,200,-8900618122138682551,0,131,131,719,2,5,3,19
6491,200,-5838358670548265204,0,147,147,763,7,5,3,7
6492,200,-900242897189537208,0,189,189,744,2,5,2,12
6493,200,-2762778157858956727,0,139,139,762,2,6,3,15
6494,200,1757840756608087522,0,114,114,756,6,3,2,8
6495,200,-2956633599254757302,0,147,147,776,3,3,1,8
6496,200,166778782481108644,0,164,164,752,1,7,4,14
6497,200,7880016280418672767,0,148,148,741,1,4,2,11
6498,200,-3992622209205499697,0,120,120,745,4,5,3,12
6499,200,-5235624390672446416,0,127,127,774,3,8,4,18
6500,200,2333726856680196719,0,127,127,748,3,6,4,11
6501,200,6609290821602430128,0,140,140,765,3,4,2,8
6502,200,-2021961812602198356,0,172,172,761,1,3,1,13
6503,200,5320100905407369427,0,144,144,724,1,10,5,23
6504,200,-8219557756926440865,0,141,141,743,1,3,1,9
6505,200,3842758794459037084,0,139,139,742,3,5,3,16
6506,200,-522829497823175192,0,136,136,768,1,7,4,13
6507,200,-5964941430329731525,0,135,135,751,7,3,2,8
6508,200,8608642250726322238,0,178,178,732,4,2,1,6
6509,200,-4082193109049462987,0,168,168,741,4,4,2,6
6510,200,-4055328732645081273,0,146,146,746,1,6,3,16
6511,200,-3959678094098652956,0,137,137,766,3,7,5,17
6512,200,-721555319091367575,0,143,143,744,3,6,4,8
6513,200,-3529344046974210782,0,139,139,748,6,4,3,13
6514,200,5507785933117559904,0,139,139,742,2,6,4,17
6515,200,6209896591269186625,0,149,149,736,3,9,7,17
6516,200,-2571042235767360175,0,130,130,769,4,6,3,13
6517,200,5578325817525654845,0,123,123,777,4,4,1,13
6518,200,6797604789308614175,0,133,133,745,1,3,2,7
6519,200,7576609640308995380,0,146,146,760,7,2,1,4
6520,200,-6553749061910936579,0,97,97,774,4,3,2,8
6521,200,3858159483366664726,0,174,174,754,4,9,4,20
6522,200,-1170688815392271547,0,146,146,742,1,4,1,9
6523,200,-8683848362270542696,0,178,178,737,6,5,3,14
6524,200,4208043183496004743,0,150,150,755,7,4,4,10
6525,200,-6978849411751004819,0,124,124,756,8,2,1,7
6526,200,8828576232828434147,0,155,155,765,5,5,4,8
6527,200,-8826382420338775624,0,159,159,761,1,5,2,7
6528,200,4605195787908893595,0,123,123,767,1,9,7,19
6529,200,-2251906529131201861,0,150,150,742,1,4,2,12
6530,200,-4894618359258898717,0,155,155,756,1,5,3,8
6531,200,-1860648789152328492,0,94,94,761,1,4,1,11
6532,200,-296538530975565317,0,127,127,774,1,9,5,21
6533,200,-884178527955404374,0,143,143,761,3,4,1,4
6534,200,9019806043652674175,0,142,142,772,2,4,1,10
6535,200,4257082032488907171,0,136,136,741,3,3,1,9
6536,200,-225993107119805699,0,150,150,767,1,7,4,19
6537,200,5591261552765370521,0,137,137,755,5,3,2,8
6538,200,-4348525423715473208,0,167,167,756,3,3,2,8
6539,200,1054935955809649100,0,141,141,752,5,2,1,6
6540,200,2136350858560451339,0,169,169,752,3,4,2,13
6541,200,-1610004974600057063,0,111,111,768,3,6,5,17
6542,200,8557982560135409440,0,155,155,753,4,5,3,14
6543,200,3968425851119073132,0,152,152,757,3,2,1,5
6544,200,-7449539087517536734,0,131,131,760,8,1,1,2
6545,200,-7582812960976156558,0,136,136,760,2,5,3,14
6546,200,3538391707891277760,0,109,109,756,3,4,2,13
6547,200,916086530633428883,0,135,135,791,2,4,3,10
6548,200,8168148683640151636,0,141,141,744,2,3,1,8
6549,200,-4835996987086572001,0,137,137,776,3,7,4,12
6550,200,-5394641345738397645,0,161,161,755,2,7,3,20
6551,200,-2110018276607914810,0,148,148,744,1,4,2,13
6552,200,-7361002925155313082,0,140,140,767,5,4,3,9
6553,200,-5290600364256273843,0,149,149,742,2,3,1,11
6554,200,4307581651962036185,0,157,157,755,2,4,2,10
6555,200,5570465519410086271,0,132,132,728,1,8,4,17
6556,200,-2397633035455853646,0,147,147,737,1,8,5,28
6557,200,-8449879366095465888,0,118,118,766,5,8,6,16
6558,200,-7012337168497111451,0,150,150,752,4,3,2,5
6559,200,3818717169274575528,0,155,155,762,1,6,3,19
6560,200,-3142390708676100634,0,159,159,768,1,5,2,9
6561,200,5412932705315604847,0,133,133,764,3,9,6,16
6562,200,3604080468316283488,0,143,143,785,2,3,2,9
6563,200,8252386195733895716,0,150,150,734,3,5,3,9
6564,200,-5410345147451327420,0,145,145,769,3,3,2,9
6565,200,-7167162461183722813,0,143,143,747,9,2,2,2
6566,200,-290715296867108957,0,137,137,778,1,4,2,6
6567,200,-5518951756868345529,0,161,161,772,2,2,1,4
6568,200,6708094722987901120,0,134,134,730,2,5,3,12
6569,200,-742903599466052516,0,134,134,769,9,1,1,4
6570,200,-2716394787018650143,0,117,117,752,6,5,3,9
6571,200,-5525114281779221672,0,153,153,763,2,3,2,7
6572,200,6705372245716103781,0,143,143,741,3,3,2,6
6573,200,-1002817655679760020,0,144,144,761,3,7,4,20
6574,200,1199506114454130459,0,132,132,728,2,4,2,11
6575,200,7693015099361990678,0,169,169,750,1,4,2,9
6576,200,6865190721130640336,0,133,133,785,4,7,5,15
6577,200,-5873811883491154727,0,155,155,770,3,6,4,16
6578,200,-6030305281040742871,0,144,144,753,7,4,2,14
6579,200,-5788878044906928592,0,121,121,767,7,5,3,18
6580,200,-78021646183644749,0,127,127,760,4,2,1,5
6581,200,-8875930592314233921,0,139,139,742,1,9,5,21
6582,200,2657330421904090424,0,154,154,776,3,4,2,10
6583,200,-1660776018498306612,0,140,140,750,2,3,2,4
6584,200,-8874229485787487916,0,151,151,763,1,6,2,13
6585,200,-6517744531765411860,0,124,124,746,5,5,3,12
6586,200,-6712451290290103225,0,140,140,744,2,8,5,22
6587,200,-2147985218408617215,0,171,171,761,2,11,7,30
6588,200,-1676751347495936245,0,160,160,748,1,3,1,5
6589,200,-229700841347485085,0,127,127,778,5,2,1,4
6590,200,6920892088606850985,0,163,163,735,4,4,1,10
6591,200,-9166917732960819108,0,156,156,764,3,6,3,16
6592,200,-2156254379768685369,0,142,142,760,2,11,7,25
6593,200,-8502893574744558118,0,126,126,753,1,5,2,12
6594,200,-6366400838174802299,0,141,141,758,6,2,1,5
6595,200,1760596104547539295,0,124,124,746,3,2,1,5
6596,200,-3809349956707422070,0,146,146,747,5,6,4,10
6597,200,-3425608248553594565,0,131,131,760,5,2,1,6
6598,200,1579579517457951065,0,112,112,760,3,4,1,13
6599,200,6974638784921457917,0,156,156,753,5,2,1,5
6600,200,-7639199593065671960,0,167,167,754,2,4,2,4
6601,200,5801518215236682279,0,125,125,756,1,4,2,7
6602,200,-2728930597977175949,0,149,149,750,2,6,3,15
6603,200,-7313382757216526304,0,127,127,746,7,6,4,12
6604,200,1893188604441353613,0,172,172,776,1,2,1,6
6605,200,577162459043954542,0,136,136,736,4,3,1,4
6606,200,-1788054137932332425,0,124,124,740,1,5,2,10
6607,200,5050534715864578084,0,132,132,755,3,5,2,11
6608,200,-8042907478210864716,0,170,170,747,7,2,1,5
6609,200,-3309181668478350440,0,174,174,747,5,4,2,9
6610,200,3600206491028820700,0,148,148,770,3,4,3,6
6611,200,-1488702439730565799,0,141,141,763,1,4,1,10
6612,200,2668152208387415728,0,131,131,752,3,5,2,11
6613,200,2147638013060949855,0,167,167,757,1,7,3,20
6614,200,6223471976427573358,0,154,154,726,2,5,3,15
6615,200,-3154719937000649340,0,128,128,740,5,5,3,7
6616,200,3354255474468192359,0,181,181,754,5,4,2,11
6617,200,-2593701209544100813,0,149,149,763,1,5,2,10
6618,200,4510302531539370958,0,153,153,759,3,3,2,9
6619,200,5362390808560115294,0,115,115,743,6,2,2,4
6620,200,-5520006354500416047,0,124,124,764,1,5,2,15
6621,200,-5453869997395306827,0,167,167,754,5,4,2,11
6622,200,-5609371743141982739,0,125,125,755,2,4,3,8
6623,200,-2664077329623226348,0,152,152,740,1,5,2,11
6624,200,-6949231561378816130,0,157,157,746,2,3,2,6
6625,200,-8486384382929934020,0,157,157,727,3,5,3,16
6626,200,332306518298254997,0,162,162,773,2,8,4,19
6627,200,6920033656181018565,0,136,136,737,1,4,2,14
6628,200,4395357058985440781,0,133,133,761,3,4,2,9
6629,200,1939597624276713043,0,147,147,759,4,2,1,3
6630,200,8509832673156987616,0,95,95,753,2,7,4,19
6631,200,1409440893871030791,0,137,137,751,1,7,3,20
6632,200,4700979809578838198,0,125,125,745,2,6,2,14
6633,200,348215225511899960,0,124,124,751,1,2,1,3
6634,200,4182282382922273726,0,138,138,754,2,4,3,8
6635,200,-4823075043679523485,0,150,150,748,6,2,1,3
6636,200,630448376452981697,0,138,138,754,5,4,2,7
6637,200,-2703881741777268129,0,99,99,753,2,3,2,8
6638,200,-9027710226522608524,0,171,171,737,5,2,1,6
6639,200,2086436367258078420,0,147,147,755,1,6,3,15
6640,200,7405178872131499789,0,144,144,746,1,11,9,25
6641,200,-440711946095802898,0,116,116,760,2,3,2,6
6642,200,7097654394506924312,0,123,123,749,4,2,1,5
6643,200,1675975554576335436,0,162,162,752,5,4,3,6
6644,200,-4132993939554814838,0,120,120,755,6,2,1,7
6645,200,-4421404160486057410,0,112,112,749,2,3,2,8
6646,200,-3604486014586495722,0,149,149,757,2,11,8,24
6647,200,-4440587080758378192,0,114,114,768,3,3,1,11
6648,200,4173743865832840895,0,124,124,719,3,3,2,6
6649,200,7818454660234350688,0,127,127,729,3,5,2,12
6650,200,-8339667765412245074,0,159,159,755,4,4,2,15
6651,200,7712349197050218711,0,149,149,756,3,6,4,12
6652,200,8408771914162759493,0,131,131,783,3,5,1,15
6653,200,3526968572639641750,0,145,145,776,2,6,4,12
6654,200,7867756709358845043,0,161,161,743,1,4,2,11
6655,200,-3247409838138527986,0,146,146,752,4,3,1,7
6656,200,-6343867086011286199,0,125,125,755,1,4,1,10
6657,200,-5605199291285615403,0,142,142,763,4,8,5,21
6658,200,-5821226984093471283,0,147,147,760,2,5,2,11
6659,200,7767103107351100055,0,104,104,738,1,6,2,16
6660,200,-6916094511404471282,0,147,147,742,2,5,3,8
6661,200,-8454790424080047286,0,103,103,766,4,3,2,7
6662,200,1819280323014999928,0,145,145,746,3,4,2,8
6663,200,1488165758463888805,0,115,115,762,1,8,5,15
6664,200,-8420275317132129943,0,133,133,763,3,5,3,10
6665,200,-5220673799016148782,0,140,140,762,1,9,5,23
6666,200,-1248204809416283389,0,163,163,758,1,4,2,10
6667,200,-1457511402210189215,0,131,131,740,8,3,3,5
6668,200,5984424237870527555,0,128,128,754,3,5,3,11
6669,200,2480867626271482752,0,164,164,765,1,10,6,19
6670,200,-8191095385621024686,0,139,139,743,2,5,2,11
6671,200,1976323199739562857,0,97,97,759,2,6,4,11
6672,200,-9086191587995147493,0,126,126,746,2,5,2,15
6673,200,-1949922840576860901,0,183,183,769,1,5,2,11
6674,200,4550967193374034973,0,143,143,767,2,6,3,13
6675,200,2622051495038640716,0,127,127,754,5,6,3,14
6676,200,4748466154841850497,0,138,138,771,1,5,2,11
6677,200,187747375205578141,0,152,152,759,4,4,3,9
6678,200,7486866068847378031,0,157,157,751,4,2,1,4
6679,200,937271199435611663,0,153,153,757,2,7,5,18
6680,200,2640125995015316380,0,137,137,748,3,4,3,9
6681,200,4384397091527323061,0,131,131,752,5,7,4,21
6682,200,3527525398796558631,0,143,143,752,2,3,1,11
6683,200,582685294821595051,0,98,98,743,2,6,4,12
6684,200,421686777337313957,0,166,166,759,5,5,4,15
6685,200,6157962039598215494,0,147,147,756,3,5,3,14
6686,200,6500204671715430010,0,138,138,754,4,8,7,16
6687,200,-7277969098326257012,0,148,148,786,1,8,4,17
6688,200,-8418338581351273110,0,92,92,748,1,6,3,11
6689,200,-8346364940903020058,0,151,151,766,4,5,2,6
6690,200,-2256912487437150353,0,130,130,746,2,9,6,27
6691,200,485613186909951763,0,174,174,759,3,2,1,8
6692,200,8720447522163044812,0,119,119,759,3,3,1,7
6693,200,7210121306527768928,0,142,142,748,8,2,1,6
6694,200,-1580260210845070751,0,167,167,745,3,6,5,13
6695,200,-4909162394895213291,0,145,145,736,4,2,1,6
6696,200,5968404906832067649,0,140,140,750,6,4,3,9
6697,200,-4184064910218079182,0,146,146,751,6,5,4,10
6698,200,5667672761477450113,0,127,127,741,3,5,3,14
6699,200,-1330384577616181669,0,134,134,751,3,4,2,10
6700,200,-8999098831228912046,0,162,162,744,2,10,5,29
6701,200,7275818830640878607,0,159,159,759,2,4,2,13
6702,200,296596314410578258,0,150,150,760,1,4,2,8
6703,200,-1441219173063562976,0,132,132,790,3,3,2,9
6704,200,-7626234261879769826,0,141,141,728,2,10,8,21
6705,200,-2074416569126053281,0,159,159,777,5,2,1,4
6706,200,-7046517756683727061,0,115,115,753,2,3,1,8
6707,200,-3790126052746909034,0,153,153,751,2,6,4,11
6708,200,-1703489583704258602,0,147,147,766,3,5,2,9
6709,200,-7804284779126904134,0,157,157,750,1,5,2,14
6710,200,1470250359302825913,0,120,120,746,3,7,5,21
6711,200,-22102357174343327,0,149,149,748,6,3,3,8
6712,200,-8694641252481026497,0,147,147,745,2,8,4,23
6713,200,-2281392897547328143,0,157,157,714,3,8,6,16
6714,200,-154027907078124166,0,121,121,770,5,4,3,8
6715,200,209819412362229786,0,161,161,753,1,3,1,6
6716,200,-1471541413907196109,0,124,124,772,6,4,2,14
6717,200,5323312188301339141,0,134,134,752,3,5,2,7
6718,200,9181285339779254082,0,150,150,760,1,14,9,32
6719,200,-3511284715066071091,0,146,146,748,6,3,1,8
6720,200,-7053718424545777888,0,143,143,750,4,3,2,8
6721,200,-5736783581673092690,0,131,131,740,1,8,4,30
6722,200,4135675252003210938,0,144,144,752,4,7,6,14
6723,200,-954716192946167173,0,139,139,765,3,4,1,11
6724,200,-3143514049674484089,0,144,144,745,2,2,1,6
6725,200,1390621267095407061,0,124,124,738,7,2,1,8
6726,200,-7100681656636444964,0,155,155,758,5,6,4,18
6727,200,5053365449277379993,0,91,91,742,1,2,1,2
6728,200,-8466716983889852290,0,121,121,759,2,3,1,8
6729,200,4603739891699545754,0,134,134,768,4,4,2,9
6730,200,3949861322916358777,0,129,129,750,2,3,1,11
6731,200,-2474331540510937969,0,119,119,766,2,6,2,8
6732,200,-6161785015497445073,0,130,130,761,2,3,2,4
6733,200,-748155777265924785,0,157,157,773,3,11,8,30
6734,200,-7389899532233583949,0,155,155,748,3,5,3,14
6735,200,-7073361687802619077,0,134,134,759,2,5,3,12
6736,200,6706657603619488855,0,104,104,748,1,4,1,13
6737,200,-2316031185912822022,0,165,165,752,1,3,1,9
6738,200,-2361929129642203773,0,138,138,764,2,3,1,10
6739,200,-365661700615538581,0,156,156,750,3,3,1,8
6740,200,-5240499489376533560,0,146,146,766,3,2,1,3
6741,200,7268455654506228439,0,159,159,745,4,5,2,10
6742,200,-3165305981623825356,0,166,166,762,1,6,2,15
6743,200,-3585344335734839194,0,162,162,773,3,5,3,13
6744,200,-7647659820527862297,0,105,105,751,3,6,2,12
6745,200,-5617603585728114476,0,129,129,779,4,5,2,11
6746,200,3785848242522845670,0,83,83,758,8,5,4,15
6747,200,-2857164141267413148,0,133,133,758,1,6,5,12
6748,200,-7037878582523868114,0,150,150,753,1,5,2,9
6749,200,-7079240107943744492,0,167,167,754,3,7,6,14
6750,200,-6024689002158757364,0,130,130,755,1,8,6,17
6751,200,8906253835716772881,0,140,140,730,8,4,4,10
6752,200,790218071822639531,0,147,147,755,1,4,2,8
6753,200,-1192287933926115987,0,133,133,745,7,2,2,8
6754,200,-7698477853752088850,0,145,145,766,2,5,3,15
6755,200,8558450680973548046,0,136,136,749,3,5,2,11
6756,200,2180769541571225984,0,95,95,754,1,5,2,14
6757,200,6821983457164504553,0,137,137,752,3,5,2,9
6758,200,-3548471568699146200,0,139,139,746,2,6,3,16
6759,200,-1462895844427588496,0,128,128,753,1,5,3,7
6760,200,-2903071520051710623,0,148,148,751,4,3,1,8
6761,200,2463663395540332873,0,158,158,761,2,9,7,18
6762,200,7960938490989119785,0,152,152,744,3,5,3,8
6763,200,-3884563309331996609,0,124,124,742,3,6,4,15
6764,200,-3847952006606570471,0,126,126,759,3,3,1,6
6765,200,4073583971904575613,0,162,162,769,3,5,2,7
6766,200,7722979178909546421,0,132,132,773,6,4,2,9
6767,200,-3816828830310689032,0,152,152,748,5,4,2,10
6768,200,-4211564087106443259,0,113,113,776,5,5,4,17
6769,200,-6090564215674704851,0,125,125,778,4,4,1,15
6770,200,-2356514664673060252,0,157,157,766,4,6,4,18
6771,200,-8806053781474842356,0,137,137,748,3,8,5,20
6772,200,5751503270677149079,0,116,116,741,2,7,5,15
6773,200,-1129956919488518349,0,130,130,747,2,5,3,11
6774,200,-859976995233259744,0,108,108,737,6,4,2,9
6775,200,-3822390218889420705,0,120,120,762,3,5,3,17
6776,200,-2338994330477469228,0,153,153,754,2,4,2,10
6777,200,3387105317293476127,0,146,146,750,2,4,1,9
6778,200,802568019877259691,0,161,161,754,3,5,2,15
6779,200,6845928343984054986,0,131,131,758,2,9,7,24
6780,200,1337102528459565271,0,149,149,732,4,4,2,9
6781,200,-6165268137152595790,0,148,148,736,3,3,2,6
6782,200,5069076997196790295,0,131,131,757,2,6,3,24
6783,200,7052699116272106649,0,161,161,779,1,5,2,12
6784,200,2410870523328025676,0,144,144,759,3,3,1,8
6785,200,-4861521771482139037,0,175,175,761,2,5,3,8
6786,200,2266317388886795084,0,122,122,743,4,3,2,5
6787,200,3248455960006032141,0,127,127,763,5,3,2,5
6788,200,4245993097946733045,0,139,139,772,2,7,5,18
6789,200,-2822905101229678883,0,135,135,762,1,8,4,20
6790,200,6629112526883000709,0,167,167,760,2,6,2,12
6791,200,3924286418216408795,0,158,158,735,3,5,2,11
6792,200,8329692393670527529,0,150,150,749,1,5,1,17
6793,200,-3405617769891594881,0,138,138,766,1,3,1,9
6794,200,5454596815497994451,0,131,131,752,4,3,2,8
6795,200,-7950808765743092053,0,126,126,755,2,8,5,20
6796,200,9006095484768833104,0,155,155,742,2,6,3,10
6797,200,2651227298693394138,0,156,156,747,1,3,2,10
6798,200,-1589468983193746535,0,144,144,751,4,3,2,6
6799,200,-83497801078337126,0,49,49,749,5,7,5,20
6800,200,7218327104449574760,0,133,133,756,1,4,1,6
6801,200,-8765810276409322697,0,125,125,770,7,4,2,11
6802,200,3266344459039504654,0,109,109,752,4,3,1,3
6803,200,1245503742002158008,0,119,119,772,4,2,1,5
6804,200,3412042206902410371,0,146,146,765,4,5,2,7
6805,200,-3624954176240742129,0,156,156,757,3,5,3,13
6806,200,-8476725951372831810,0,137,137,737,1,4,1,11
6807,200,-2532408000513010037,0,137,137,745,1,4,2,10
6808,200,5719830471665486151,0,116,116,722,2,4,1,8
6809,200,-8031245669146122352,0,159,159,745,4,5,2,15
6810,200,8118318895309426697,0,128,128,742,1,6,3,16
6811,200,-4214677093413501046,0,134,134,755,1,3,1,4
6812,200,-9154964863365743508,0,176,176,744,1,2,1,4
6813,200,3840708987361055007,0,123,123,760,2,6,3,13
6814,200,6080614649263749795,0,125,125,739,8,3,2,8
6815,200,-9202234127419644253,0,134,134,748,6,1,1,2
6816,200,-1796134517261404607,0,139,139,741,3,4,1,6
6817,200,-2911390501685037615,0,119,119,751,2,6,2,15
6818,200,-6366646865368471790,0,137,137,753,4,3,2,11
6819,200,1263445215885148854,0,160,160,753,3,6,4,15
6820,200,-2385143605999593688,0,128,128,765,2,3,2,8
6821,200,-7855557795921613328,0,136,136,755,1,6,3,14
6822,200,156298144300561971,0,131,131,766,2,5,3,13
6823,200,-7482532287316973032,0,157,157,740,4,3,2,6
6824,200,5413797138589404694,0,118,118,752,5,9,7,21
6825,200,-3400434407382969220,0,142,142,742,2,5,2,10
6826,200,-7530466342889067338,0,143,143,756,2,3,2,9
6827,200,169171661829137681,0,145,145,767,2,7,5,10
6828,200,-2626278414033414380,0,139,139,756,2,6,3,15
6829,200,477932377373305255,0,145,145,744,2,2,1,6
6830,200,459036194479298973,0,147,147,758,1,3,2,9
6831,200,6625920551310524510,0,154,154,746,2,8,6,16
6832,200,2551542348156537280,0,142,142,744,5,4,3,12
6833,200,-1534656769159690920,0,142,142,747,8,2,1,4
6834,200,9097596660822002881,0,162,162,764,6,4,3,9
6835,200,4856320538725312431,0,138,138,754,2,4,2,9
6836,200,2857999509719562189,0,121,121,774,3,5,3,12
6837,200,-8908573278475282007,0,146,146,734,2,7,5,22
6838,200,3603768957432978765,0,144,144,759,2,8,4,17
6839,200,3888698353893888042,0,132,132,732,1,7,3,17
6840,200,7808786049264769918,0,135,135,757,3,3,2,7
6841,200,-6451665540409014935,0,101,101,744,3,8,4,20
6842,200,1241330096867917889,0,150,150,749,2,6,4,16
6843,200,-3404672415432445209,0,133,133,775,5,1,1,3
6844,200,7976442134289176111,0,133,133,749,3,7,5,20
6845,200,5908256985939211931,0,125,125,737,2,4,1,7
6846,200,-3765952735375446288,0,130,130,736,2,9,6,26
6847,200,-2911750956599863439,0,145,145,776,3,5,3,10
6848,200,-1777693691748581684,0,152,152,738,1,5,4,16
6849,200,4012198056535760117,0,123,123,740,4,5,4,15
6850,200,3840015420671499650,0,138,138,748,8,1,1,3
6851,200,-3472102091348218293,0,142,142,763,2,4,1,10
6852,200,2830832866158690392,0,133,133,750,2,6,4,20
6853,200,1097087391762132066,0,118,118,766,2,11,9,24
6854,200,4139715160081056115,0,123,123,748,3,7,5,15
6855,200,4658330259389430633,0,115,115,753,5,2,1,6
6856,200,6872367927578658920,0,151,151,739,7,4,3,11
6857,200,-4373200003401617535,0,154,154,765,1,5,3,14
6858,200,-5611716908090365934,0,176,176,770,1,9,6,22
6859,200,4000782004961628339,0,126,126,747,2,4,2,7
6860,200,-6281258154114841179,0,132,132,776,1,6,4,14
6861,200,-9101532248687597021,0,129,129,755,2,6,3,15
6862,200,-7107961459230270205,0,138,138,752,7,6,4,11
6863,200,-9027089431349667706,0,116,116,748,3,3,1,12
6864,200,3738323032234309198,0,144,144,754,7,4,3,5
6865,200,-7569981669947700271,0,116,116,761,6,4,3,7
6866,200,7010901306384163006,0,151,151,747,3,9,5,16
6867,200,3535535974376927282,0,162,162,731,1,6,3,7
6868,200,1673251421599975091,0,151,151,755,5,2,1,7
6869,200,-7084173563029556669,0,133,133,759,2,4,2,16
6870,200,532434178487922445,0,153,153,759,6,3,2,7
6871,200,5298983297418171005,0,138,138,752,2,4,2,11
6872,200,-2759273484831014981,0,137,137,768,1,8,5,19
6873,200,-1057145385231025174,0,118,118,752,4,6,3,17
6874,200,-7329220290754374254,0,125,125,775,4,4,3,8
6875,200,6495139195868631582,0,153,153,755,2,4,1,9
6876,200,-740543495495711393,0,168,168,735,2,5,3,9
6877,200,-8884256930440189337,0,137,137,759,1,7,3,21
6878,200,2018923601113324095,0,162,162,743,3,4,2,8
6879,200,8164663380919411779,0,135,135,737,8,2,1,4
6880,200,4900965029058290989,0,148,148,747,2,4,2,9
6881,200,3828766979919402257,0,90,90,740,5,8,6,17
6882,200,-2568688158416424485,0,147,147,754,4,3,2,8
6883,200,5886308251897854731,0,148,148,727,7,1,1,3
6884,200,8213648035355227334,0,128,128,761,2,5,3,9
6885,200,8266817939020229492,0,139,139,782,2,8,5,20
6886,200,5870302456906942084,0,143,143,765,7,8,6,15
6887,200,3757011939905237005,0,105,105,762,1,4,2,7
6888,200,7329685992314241120,0,126,126,745,1,2,1,3
6889,200,-6988311761726863411,0,154,154,774,5,2,1,5
6890,200,-625986623303332312,0,132,132,760,1,8,4,16
6891,200,4049193150050254544,0,131,131,742,6,4,3,9
6892,200,-5173036994942252732,0,153,153,738,5,2,1,4
6893,200,-3223483915848167025,0,109,109,747,3,3,2,7
6894,200,2615986432644116746,0,132,132,759,4,5,3,14
6895,200,-5228924907370950832,0,119,119,743,1,5,3,10
6896,200,4366999320109536337,0,135,135,732,2,2,1,4
6897,200,-2887400902898831392,0,127,127,762,2,8,4,20
6898,200,3762696049422762052,0,116,116,734,2,7,4,15
6899,200,896666702305562752,0,142,142,754,1,4,1,10
6900,200,-2203034020683642761,0,177,177,780,1,3,1,7
6901,200,-633187572122563556,0,126,126,759,1,7,5,18
6902,200,-1986264691605242817,0,144,144,755,3,5,3,8
6903,200,166328215917683394,0,153,153,755,4,4,2,8
6904,200,1661205177923558717,0,96,96,782,6,3,2,6
6905,200,-237972406758939567,0,154,154,742,5,4,3,10
6906,200,4532923349943642940,0,135,135,738,7,1,1,1
6907,200,997800644883862128,0,144,144,771,2,6,5,14
6908,200,5545109235230857532,0,153,153,748,1,3,1,5
6909,200,2623482707207466434,0,120,120,757,1,8,5,24
6910,200,-325738907599519794,0,147,147,752,9,3,3,7
6911,200,-6483222466139807145,0,133,133,766,3,5,2,9
6912,200,392160153103327394,0,118,118,745,2,5,4,14
6913,200,-873866289942100123,0,112,112,740,1,5,2,11
6914,200,-3353753672088580258,0,112,112,745,2,14,9,25
6915,200,-8268656354030868937,0,149,149,750,3,5,3,11
6916,200,8500164322003833776,0,123,123,781,5,3,2,8
6917,200,-576529042435507099,0,124,124,765,3,4,2,12
6918,200,-3635890875623565146,0,145,145,740,5,6,4,20
6919,200,-6812461829892969148,0,155,155,748,1,5,4,15
6920,200,-6329896001044677316,0,138,138,735,2,2,1,6
6921,200,3086890214222370464,0,139,139,762,5,4,3,8
6922,200,7099474953370442294,0,131,131,773,1,10,6,22
6923,200,-3079345016442078040,0,154,154,769,1,7,3,13
6924,200,-7623382767525146320,0,170,170,745,5,6,4,18
6925,200,6093199501112246569,0,136,136,736,1,5,3,13
6926,200,-7683369098856990477,0,144,144,767,1,6,3,15
6927,200,5226815956574493183,0,159,159,729,6,2,1,5
6928,200,-3800800852444841207,0,157,157,771,3,4,2,12
6929,200,1382973694287903431,0,138,138,789,2,9,6,24
6930,200,6310462049602451091,0,154,154,748,1,4,2,7
6931,200,1378584369105348057,0,133,133,780,2,4,1,7
6932,200,-6423157315195257767,0,147,147,758,1,6,4,15
6933,200,6123302073706420341,0,151,151,757,1,4,2,14
6934,200,-2528143162313000926,0,122,122,742,2,7,4,19
6935,200,4089251973895685691,0,137,137,760,2,4,2,10
6936,200,-9167231468612543675,0,152,152,762,3,8,5,22
6937,200,-476846019966117920,0,158,158,757,4,3,2,11
6938,200,8935420687452396671,0,140,140,751,3,6,4,15
6939,200,7571076388024459550,0,126,126,747,4,5,4,19
6940,200,-8030578199843315449,0,119,119,762,2,5,3,15
6941,200,-208868320055197204,0,148,148,755,3,6,4,16
6942,200,8304971746579538655,0,154,154,735,1,5,1,8
6943,200,-6655677608007244049,0,133,133,760,4,3,1,8
6944,200,-6146447224400123795,0,149,149,739,3,4,2,15
6945,200,981471343122832687,0,144,144,761,2,5,2,10
6946,200,-4745048914498870966,0,108,108,736,1,6,3,15
6947,200,-7842126101475463922,0,127,127,744,1,7,4,16
6948,200,-7243280375015785384,0,132,132,738,1,6,3,11
6949,200,-6834056585121288075,0,169,169,763,1,4,2,13
6950,200,68037614145833753,0,141,141,746,4,5,4,14
6951,200,8667731371356428367,0,120,120,744,2,4,1,7
6952,200,2702135720939849279,0,117,117,761,2,3,1,5
6953,200,-5184126437493369542,0,138,138,782,1,5,2,13
6954,200,8300658096358721406,0,145,145,759,2,2,1,6
6955,200,-4051017330176845957,0,131,131,748,7,3,1,6
6956,200,8120482420562709673,0,172,172,753,2,3,2,10
6957,200,4391011301169273395,0,135,135,756,2,5,1,10
6958,200,-7225217362254718980,0,134,134,778,3,6,3,10
6959,200,3812397130022989264,0,144,144,763,4,5,4,13
6960,200,316743226446152118,0,103,103,744,3,8,4,16
6961,200,-7983073176321215035,0,154,154,747,1,8,5,19
6962,200,-6704068867966808341,0,134,134,745,3,8,5,21
6963,200,-4868564721128223363,0,142,142,752,1,7,5,17
6964,200,4434038156872901015,0,159,159,746,1,6,3,12
6965,200,3727927744155748492,0,155,155,753,3,3,2,8
6966,200,-384455760135219722,0,137,137,756,2,7,3,14
6967,200,7589175155668582951,0,143,143,732,6,5,4,11
6968,200,-8054878843739528942,0,152,152,763,1,7,3,17
6969,200,-7515796094165946410,0,121,121,757,1,11,8,25
6970,200,2060556524965545116,0,157,157,777,1,7,4,14
6971,200,-557426749591835801,0,158,158,753,3,4,2,9
6972,200,-3878166096455078913,0,153,153,757,1,5,2,8
6973,200,3607925234358380582,0,139,139,744,5,4,2,12
6974,200,3142533322864559794,0,146,146,750,1,5,3,12
6975,200,3715200566331475786,0,118,118,778,5,4,2,10
6976,200,-439347596379573299,0,147,147,742,2,3,1,4
6977,200,8947311921218207665,0,112,112,739,6,5,4,9
6978,200,6134713057419956959,0,113,113,752,4,2,1,2
6979,200,-2525730571632079665,0,129,129,763,2,4,2,6
6980,200,-7756615832972734979,0,106,106,752,4,4,2,10
6981,200,3037912067255507172,0,127,127,733,4,4,2,8
6982,200,-1503191557749100258,0,147,147,774,6,3,2,5
6983,200,4570341963087386221,0,145,145,760,3,4,2,7
6984,200,-1033209078828735834,0,107,107,775,5,3,1,11
6985,200,2059046917952617692,0,148,148,746,1,4,3,10
6986,200,5835624817166684480,0,146,146,752,3,5,4,9
6987,200,1093496761600892042,0,140,140,733,2,7,5,21
6988,200,4552480000875834096,0,117,117,766,1,3,1,6
6989,200,-6617310393569362452,0,124,124,734,6,5,3,10
6990,200,-13917856386191001,0,141,141,743,1,6,4,13
6991,200,1303949843439337477,0,108,108,758,2,6,3,13
6992,200,-7800238331291238503,0,152,152,768,3,4,2,10
6993,200,-8671781787169756645,0,136,136,744,4,3,1,4
6994,200,1820443378441360525,0,102,102,739,1,7,4,14
6995,200,2854478280907416749,0,110,110,749,2,6,3,15
6996,200,-1647198423708846221,0,142,142,770,4,8,5,21
6997,200,-2651168030480069213,0,142,142,762,7,3,2,5
6998,200,4167887984747448571,0,144,144,752,1,5,3,12
6999,200,-6145397366937216057,0,132,132,759,3,5,3,17
7000,200,6622791744407229923,0,110,110,768,1,3,1,3
7001,200,2428817019334690163,0,140,140,749,3,4,2,6
7002,200,9083171574397058770,0,163,163,761,1,6,4,14
7003,200,-3069267974389752180,0,83,83,755,1,13,9,22
7004,200,4124156126045833572,0,143,143,759,1,6,3,14
7005,200,6926930310166487470,0,150,150,756,3,4,2,11
7006,200,-561956813120278907,0,130,130,758,1,4,2,12
7007,200,-4537409599496316760,0,128,128,741,3,8,4,19
7008,200,1184264670643517954,0,142,142,753,1,8,4,21
7009,200,-4350764338369931222,0,140,140,742,4,6,4,14
7010,200,2777221971708792669,0,129,129,741,5,5,2,16
7011,200,-2653917817768312131,0,125,125,763,2,4,1,9
7012,200,3762694856519542752,0,153,153,745,2,5,3,12
7013,200,4255239403744380658,0,130,130,749,3,3,2,8
7014,200,6055563522080611828,0,138,138,768,3,5,2,17
7015,200,3100282428303199454,0,159,159,742,4,7,4,20
7016,200,-3034730753709729358,0,144,144,748,5,6,4,14
7017,200,-1356093758398265659,0,88,88,753,1,10,5,30
7018,200,3461538559402635962,0,109,109,771,3,4,1,6
7019,200,-8104606647725631212,0,128,128,770,6,3,1,8
7020,200,3100143538556181316,0,147,147,729,1,5,3,9
7021,200,-4274967025515278956,0,148,148,771,3,3,1,8
7022,200,6019664367064508532,0,133,133,766,5,4,1,9
7023,200,3644187377470162396,0,132,132,739,1,5,2,14
7024,200,-2562806732612973583,0,160,160,760,1,3,1,5
7025,200,7178626755762053384,0,134,134,764,1,3,1,6
7026,200,-2528938056478321993,0,149,149,776,5,4,2,9
7027,200,-3881599851923011417,0,136,136,760,3,7,5,12
7028,200,6002492749345766700,0,155,155,753,3,4,3,7
7029,200,-5740339521164781319,0,142,142,753,3,4,3,14
7030,200,-4238950493792320399,0,139,139,775,7,4,2,13
7031,200,-2009519747212847015,0,135,135,763,8,3,2,10
7032,200,6331461523419881723,0,123,123,733,2,8,5,12
7033,200,-3064220011113991688,0,150,150,757,5,3,2,9
7034,200,1466558915711411809,0,131,131,775,4,5,3,12
7035,200,7366808453004519371,0,133,133,771,5,4,1,6
7036,200,-2658094746604337034,0,143,143,760,3,7,5,16
7037,200,-8551766119665722,0,131,131,747,3,5,3,10
7038,200,-6606994399931425382,0,130,130,752,1,3,1,11
7039,200,-6966031708532215734,0,139,139,745,4,5,4,13
7040,200,-5533398552955637171,0,127,127,757,1,7,4,10
7041,200,6675710725143957467,0,130,130,755,1,7,4,17
7042,200,-5465287096872205820,0,155,155,773,2,6,3,16
7043,200,-4342075602127352811,0,134,134,748,2,4,1,10
7044,200,-8592948087892530880,0,129,129,750,2,4,1,13
7045,200,-2721214004671476768,0,138,138,748,1,10,5,24
7046,200,2900202927175640283,0,116,116,767,2,7,4,17
7047,200,8275874401695752418,0,149,149,739,7,2,2,6
7048,200,3530899394762273444,0,136,136,761,2,9,6,16
7049,200,-592203924350784459,0,116,116,730,2,2,1,5
7050,200,-776620026565613778,0,151,151,736,3,7,4,14
7051,200,-1167223397464139175,0,162,162,761,1,5,2,17
7052,200,4014588569848089829,0,118,118,765,1,8,5,17
7053,200,9064169809121602156,0,153,153,775,3,3,2,6
7054,200,-2404978791177576351,0,137,137,777,2,6,4,13
7055,200,863550009832453272,0,161,161,733,3,8,5,14
7056,200,7581530042935049726,0,150,150,738,7,3,2,7
7057,200,6046424738551276492,0,89,89,736,2,4,1,8
7058,200,7212790798169937067,0,138,138,763,2,4,1,12
7059,200,6766757750413792941,0,158,158,741,2,3,1,7
7060,200,-4336386741560888830,0,130,130,763,7,5,4,11
7061,200,-4068758755358581809,0,142,142,758,9,2,2,4
7062,200,8229649492834859929,0,118,118,772,5,5,3,5
7063,200,4858540875625659679,0,159,159,766,1,7,4,23
7064,200,6182954918210709911,0,122,122,743,2,4,1,6
7065,200,9174374821567221412,0,134,134,727,5,2,2,4
7066,200,3337487191375582857,0,133,133,745,1,3,1,7
7067,200,6522028344844694630,0,145,145,764,2,11,6,24
7068,200,3707325641796483190,0,159,159,767,3,3,1,6
7069,200,573103427671413677,0,152,152,759,6,7,4,18
7070,200,-64474611437742288,0,170,170,758,2,7,3,25
7071,200,-8068879698077965458,0,126,126,776,2,4,2,10
7072,200,-2384411246051978259,0,112,112,770,1,6,2,16
7073,200,6825201911800238082,0,152,152,760,2,5,1,18
7074,200,-4202669579264223723,0,164,164,757,1,7,5,19
7075,200,-6906454743570242023,0,139,139,748,1,7,4,18
7076,200,3598265996304609628,0,147,147,741,3,2,1,5
7077,200,2211932568764545261,0,176,176,753,2,4,2,10
7078,200,1536616159430039827,0,146,146,745,8,3,2,13
7079,200,-1691241841996548166,0,143,143,736,2,12,9,24
7080,200,1706252460474987707,0,131,131,729,7,1,1,1
7081,200,-168339858386475412,0,136,136,753,1,3,1,8
7082,200,1901092711241869787,0,151,151,750,1,6,5,15
7083,200,-5180063502066553446,0,111,111,762,1,8,5,16
7084,200,3105888814777216787,0,143,143,748,6,5,3,12
7085,200,1586001912204522931,0,149,149,758,2,2,1,7
7086,200,-3835961784327111568,0,147,147,743,3,6,4,16
7087,200,-2493475918122303114,0,168,168,753,2,4,3,8
7088,200,-7151031800967009024,0,117,117,747,1,5,2,11
7089,200,1387002530979609511,0,134,134,767,1,6,4,14
7090,200,-1361938453817514583,0,143,143,745,1,4,1,4
7091,200,1121433221283621887,0,134,134,774,3,3,2,9
7092,200,-7426803405289908938,0,141,141,752,6,5,3,15
7093,200,-5265050439870265501,0,151,151,751,3,3,1,7
7094,200,9048401435234279858,0,153,153,752,2,4,2,9
7095,200,-896710932242755751,0,116,116,782,5,2,1,3
7096,200,-4222036318915832071,0,144,144,763,1,7,5,17
7097,200,6056996182710744247,0,126,126,751,3,6,4,16
7098,200,-441274994787849589,0,133,133,761,3,4,3,11
7099,200,-1566594950840061540,0,121,121,783,3,3,1,9
7100,200,6080143991645939875,0,132,132,752,3,2,1,5
7101,200,-3512102247987638620,0,130,130,735,6,3,2,7
7102,200,2874467280180944520,0,135,135,765,8,4,3,17
7103,200,-8557695769823213738,0,133,133,771,4,7,4,14
7104,200,-7476115555304827358,0,143,143,750,4,4,3,6
7105,200,7666126537628402145,0,129,129,745,1,6,3,14
7106,200,-217821214964500785,0,135,135,752,4,4,3,9
7107,200,-7225662410662146552,0,136,136,770,2,3,1,4
7108,200,-409113823637643401,0,152,152,732,3,4,2,7
7109,200,2469555840139976537,0,143,143,733,6,3,2,6
7110,200,7351135041781403101,0,147,147,740,3,3,2,11
7111,200,-3617535722730457436,0,117,117,772,1,6,3,22
7112,200,-5427826500214036680,0,150,150,754,4,4,2,10
7113,200,-5927545777219686741,0,148,148,745,6,3,1,8
7114,200,-3271816872983579135,0,143,143,766,4,4,1,9
7115,200,-5767502533211267050,0,157,157,789,4,6,4,22
7116,200,-5356605655789014770,0,143,143,758,2,3,2,8
7117,200,4412054449360048297,0,139,139,736,3,6,4,13
7118,200,-8075747152938459168,0,138,138,726,3,7,3,20
7119,200,-7670585119291645512,0,174,174,759,7,3,2,8
7120,200,-6781778615847538632,0,172,172,759,3,9,5,27
7121,200,-968773304879451687,0,120,120,752,1,7,5,20
7122,200,3635579192911204591,0,132,132,771,1,7,4,14
7123,200,-1392551795646814757,0,147,147,754,1,6,4,12
7124,200,-32300504944335353,0,143,143,756,3,6,4,13
7125,200,-6295496786203734793,0,166,166,762,3,4,1,6
7126,200,-8704383966302705156,0,148,148,756,6,3,2,9
7127,200,1342927660557849669,0,141,141,762,3,6,3,17
7128,200,3787665557276905568,0,149,149,778,5,6,4,12
7129,200,811127667381894513,0,151,151,754,1,6,2,9
7130,200,-4012796043800265306,0,145,145,750,2,6,3,15
7131,200,6054266615838493870,0,133,133,773,1,7,4,17
7132,200,2793962751919368253,0,126,126,751,4,4,2,8
7133,200,3404415335846060521,0,143,143,746,4,11,9,23
7134,200,1899021599419414240,0,103,103,747,6,3,2,8
7135,200,-4907390383466729150,0,139,139,738,6,5,4,15
7136,200,-273209616878833620,0,166,166,753,1,6,4,12
7137,200,-3205688540052107593,0,152,152,762,2,3,1,9
7138,200,-6172453769565188238,0,151,151,750,4,5,4,14
7139,200,-7937213413132484318,0,132,132,749,1,6,4,16
7140,200,-5818136868065684786,0,158,158,760,1,5,2,13
7141,200,3739154857433845861,0,103,103,757,1,6,4,22
7142,200,2199416652572087928,0,143,143,750,6,7,5,20
7143,200,-1531281114045971742,0,128,128,744,2,6,4,10
7144,200,-1651733115942317735,0,146,146,770,1,6,4,19
7145,200,-2392754886607847887,0,119,119,751,3,2,1,6
7146,200,7955726245549852385,0,127,127,768,1,5,3,10
7147,200,8970300406464462605,0,124,124,737,2,5,2,19
7148,200,-2685520177050156521,0,159,159,770,1,5,2,9
7149,200,5692827107184417934,0,115,115,755,4,4,3,9
7150,200,-6875736826611995151,0,116,116,767,5,2,1,3
7151,200,-496706311785428323,0,104,104,777,3,9,7,24
7152,200,-7219908903301636379,0,130,130,753,6,3,2,9
7153,200,2535716360326139811,0,149,149,739,2,7,3,24
7154,200,6863180983785382335,0,136,136,770,1,5,3,13
7155,200,-7924720819594419837,0,133,133,753,8,3,2,7
7156,200,-1475444419393199179,0,128,128,732,1,3,1,8
7157,200,-5984044489592283702,0,149,149,765,1,5,3,17
7158,200,-3558584699530360904,0,136,136,752,5,8,5,23
7159,200,-1708494004979543771,0,158,158,727,5,4,1,13
7160,200,1126332289433091340,0,127,127,759,2,5,4,14
7161,200,4142307449448595986,0,144,144,758,1,5,2,10
7162,200,-7889852724017829094,0,176,176,739,6,6,4,16
7163,200,-7270507304035831078,0,157,157,762,3,6,4,15
7164,200,-972636785144904060,0,115,115,741,1,5,2,14
7165,200,-1863495106890854722,0,164,164,769,1,7,4,11
7166,200,8849723786574898042,0,143,143,749,1,4,2,7
7167,200,-2740740390445386128,0,115,115,758,3,5,2,14
7168,200,-8048845979100079797,0,153,153,755,1,5,3,14
7169,200,829344685381558212,0,129,129,757,6,4,2,10
7170,200,-2254440543117407425,0,148,148,735,1,3,1,10
7171,200,-2575651451663975257,0,137,137,750,5,2,1,4
7172,200,4117713610091457187,0,132,132,759,2,3,2,9
7173,200,5319942963965861199,0,127,127,750,8,2,1,7
7174,200,6393988617199453732,0,162,162,752,1,7,4,20
7175,200,-2010844804099833420,0,132,132,741,1,4,2,9
7176,200,3211579567224355424,0,137,137,758,3,3,1,7
7177,200,702019275321314878,0,120,120,749,4,3,1,3
7178,200,7361155458176954,0,144,144,761,2,8,5,25
7179,200,9131970737723185087,0,167,167,750,2,6,3,11
7180,200,-7438741574753267347,0,173,173,734,5,5,3,12
7181,200,-3113216118897722717,0,139,139,753,2,7,5,21
7182,200,6193846354797070819,0,140,140,758,3,5,3,12
7183,200,641654554773811557,0,147,147,733,4,4,3,17
7184,200,1612907903277060167,0,150,150,760,4,2,1,2
7185,200,4698061505350606404,0,141,141,737,3,8,5,14
7186,200,4853077878476039000,0,135,135,763,2,5,2,10
7187,200,1862067445587868726,0,155,155,755,3,8,5,18
7188,200,5755647222949318016,0,126,126,746,3,2,1,7
7189,200,5526118398062701341,0,175,175,739,4,3,1,5
7190,200,-5826319903860576731,0,135,135,774,3,4,2,10
7191,200,6619962568499120952,0,165,165,755,6,3,2,5
7192,200,-6796935621323619267,0,112,112,766,1,6,3,18
7193,200,-1544475976138236965,0,122,122,766,4,5,3,11
7194,200,-4813627328047378904,0,147,147,746,4,2,1,2
7195,200,-8803377728540978846,0,174,174,730,2,5,2,15
7196,200,2786694655910679225,0,168,168,778,8,1,1,2
7197,200,4121600652728014435,0,163,163,768,4,7,3,13
7198,200,-6739072293342533739,0,139,139,756,6,3,2,10
7199,200,-7154657005732991966,0,137,137,748,1,6,3,14
7200,200,-3256603320055150400,0,137,137,756,6,5,3,8
7201,200,5448660360449187401,0,122,122,762,1,6,3,17
7202,200,-3893940425805539980,0,128,128,738,1,9,6,31
7203,200,7007527530170138072,0,105,105,749,1,7,3,15
7204,200,-886629147406236107,0,135,135,755,4,2,1,6
7205,200,-5479630132058826919,0,152,152,745,8,2,1,4
7206,200,-2270472213358858207,0,171,171,753,1,9,7,17
7207,200,-3358033019497392040,0,114,114,769,3,6,3,14
7208,200,-5932797431781299828,0,153,153,746,2,6,2,20
7209,200,279153766132226066,0,112,112,735,2,9,6,17
7210,200,4606901310716044236,0,138,138,746,1,6,3,11
7211,200,-1018363057680795796,0,167,167,734,4,4,2,10
7212,200,-3343809752860160432,0,137,137,746,2,5,3,17
7213,200,5204284761772346406,0,151,151,772,3,2,1,4
7214,200,2039018984157075191,0,168,168,748,3,5,3,11
7215,200,-6326522560475460784,0,112,112,771,4,2,1,4
7216,200,-5304293917505709154,0,138,138,733,4,3,1,10
7217,200,2130471372339357436,0,149,149,771,3,7,5,13
7218,200,-4058194185852313349,0,146,146,756,1,5,3,10
7219,200,5337306502998610740,0,146,146,760,5,6,3,17
7220,200,-7561489086816116055,0,134,134,748,4,4,3,11
7221,200,6582439419395319342,0,148,148,748,2,5,2,12
7222,200,6643356678110171267,0,139,139,732,1,6,3,9
7223,200,-6145098764168214594,0,135,135,783,2,6,4,9
7224,200,6104747435810606388,0,170,170,757,1,4,2,14
7225,200,8922018294034899979,0,110,110,753,1,5,2,12
7226,200,2105793042419712526,0,119,119,747,3,5,3,15
7227,200,-2609025566881901179,0,120,120,769,2,5,2,16
7228,200,7053805415215750171,0,157,157,769,4,3,1,5
7229,200,-2956711450454377962,0,94,94,753,1,8,5,28
7230,200,-1464338375992359311,0,158,158,746,6,7,6,13
7231,200,-8434767811677591657,0,142,142,761,1,5,3,8
7232,200,795043086455535050,0,126,126,743,2,4,2,12
7233,200,9160518362053538693,0,119,119,729,4,4,2,8
7234,200,4259372672040786259,0,139,139,758,7,3,2,5
7235,200,-2164361995119934988,0,150,150,766,2,3,2,3
7236,200,5056673692468954308,0,121,121,749,2,4,2,8
7237,200,1007561935445053379,0,139,139,769,2,4,3,7
7238,200,1140521641817122736,0,137,137,740,4,3,2,7
7239,200,1393504069681556496,0,132,132,746,2,3,2,7
7240,200,-5622697479160404451,0,124,124,742,4,6,4,17
7241,200,-496914887759620882,0,147,147,761,5,2,2,4
7242,200,-5736786227486054825,0,163,163,752,5,4,2,7
7243,200,5293614687119387477,0,133,133,759,9,5,5,7
7244,200,8262168273859225601,0,111,111,748,4,6,5,10
7245,200,1535994976566964825,0,115,115,744,3,5,3,9
7246,200,-2370752013713999764,0,150,150,750,2,11,8,25
7247,200,-9012254820922847841,0,130,130,749,6,5,3,9
7248,200,3007036907995404331,0,130,130,747,5,4,2,8
7249,200,-4001635212045126900,0,141,141,727,5,2,2,6
7250,200,-6741392968144001562,0,154,154,738,6,3,1,7
7251,200,187424054167897022,0,157,157,741,1,6,4,20
7252,200,6573413345328095854,0,157,157,735,1,6,2,15
7253,200,678284986403110975,0,173,173,742,2,8,5,18
7254,200,-2486223766958595566,0,173,173,742,3,4,2,10
7255,200,6803238141985033207,0,138,138,754,1,8,6,19
7256,200,3603718248593456944,0,123,123,756,1,6,3,12
7257,200,-5309668989651209245,0,122,122,735,5,5,3,11
7258,200,4307347233444749838,0,134,134,755,3,11,7,35
7259,200,-2010336293002924924,0,150,150,726,1,4,2,5
7260,200,-5007795932059422230,0,138,138,779,1,5,2,16
7261,200,-467000776615478503,0,143,143,724,2,7,4,22
7262,200,4477753185956250447,0,130,130,760,9,3,3,11
7263,200,-51800846807073265,0,163,163,779,8,4,3,7
7264,200,6453889492667094953,0,138,138,753,2,7,4,17
7265,200,7901693522434984120,0,148,148,779,4,6,4,16
7266,200,-8603186210305342948,0,150,150,759,6,4,1,11
7267,200,-8602770157037287877,0,147,147,762,2,8,4,18
7268,200,8910356790567798160,0,97,97,779,5,8,5,19
7269,200,8194495934737127371,0,124,124,760,2,5,2,8
7270,200,-1496825066887282672,0,147,147,758,7,2,1,5
7271,200,7634809687569293851,0,151,151,728,5,4,3,8
7272,200,3921374843813230420,0,105,105,728,2,6,3,16
7273,200,-6469079932266709487,0,119,119,752,2,5,3,16
7274,200,174457471790389916,0,128,128,765,5,3,3,3
7275,200,-3478199258393624391,0,153,153,761,1,13,9,29
7276,200,-2502221533090951746,0,144,144,759,2,5,3,11
7277,200,-2539579051006423428,0,131,131,755,5,3,1,10
7278,200,-5377605143192022654,0,134,134,771,3,4,3,14
7279,200,3742902384836619665,0,155,155,735,1,4,1,9
7280,200,6321283110136880429,0,138,138,745,5,5,2,9
7281,200,-2629353470226478158,0,157,157,751,6,1,1,1
7282,200,5432009253552667995,0,104,104,735,2,6,3,12
7283,200,-1474926323454399725,0,132,132,767,4,7,6,14
7284,200,6804208434356145169,0,143,143,770,1,4,1,10
7285,200,3932933444362447503,0,148,148,757,5,4,2,15
7286,200,5429333494388708882,0,162,162,741,5,3,2,11
7287,200,-9006114492963054300,0,97,97,768,4,4,3,11
7288,200,-6755442398688165519,0,122,122,746,4,3,2,3
7289,200,2963453208551433377,0,133,133,731,1,7,4,21
7290,200,-2691383107510531737,0,137,137,758,6,2,2,6
7291,200,2567301396006044573,0,109,109,749,2,3,1,8
7292,200,5105138830999446374,0,128,128,753,1,3,1,9
7293,200,-3984053776793888085,0,164,164,758,5,4,2,9
7294,200,-2650174771799449234,0,159,159,739,3,4,2,8
7295,200,7953717277621716171,0,134,134,744,5,4,3,11
7296,200,613137449552930206,0,140,140,747,2,3,1,8
7297,200,2693595050416047906,0,119,119,760,4,6,4,15
7298,200,-7309682396278228211,0,99,99,745,6,7,4,10
7299,200,-5279009236020541459,0,166,166,734,4,3,1,7
7300,200,-2647064549462906918,0,148,148,752,1,5,3,7
7301,200,-1633932705461239629,0,131,131,763,2,8,6,14
7302,200,9069699050033351809,0,165,165,742,2,5,2,16
7303,200,5396588012256403386,0,160,160,767,5,2,1,5
7304,200,-3491584878580734864,0,154,154,766,1,5,2,15
7305,200,-3231779442708443973,0,165,165,738,4,4,3,12
7306,200,-5063665497023726631,0,134,134,769,1,5,3,9
7307,200,-8951806386676267816,0,134,134,763,5,6,3,14
7308,200,-8152033739326492983,0,149,149,733,2,5,2,12
7309,200,-710820281994296883,0,170,170,772,2,6,3,19
7310,200,-3611677728816298631,0,160,160,750,2,3,2,15
7311,200,-6105487804772720538,0,156,156,753,1,5,2,15
7312,200,-3362643979455053340,0,158,158,775,2,6,3,14
7313,200,288181556174469680,0,133,133,761,3,6,2,15
7314,200,3461346839241585305,0,131,131,782,3,6,3,16
7315,200,7163368446781204083,0,133,133,752,3,5,3,12
7316,200,-4401214514152202542,0,156,156,757,5,3,2,5
7317,200,289765969171240542,0,171,171,766,1,3,1,8
7318,200,5394690157837541316,0,136,136,769,1,4,1,12
7319,200,2112746879777423492,0,154,154,765,3,10,7,16
7320,200,7915360602186447672,0,118,118,751,3,2,1,4
7321,200,-4353730654817857657,0,159,159,757,3,2,1,3
7322,200,-5152870727154560166,0,114,114,754,5,7,4,16
7323,200,6576406637576308754,0,133,133,749,2,3,2,9
7324,200,-1908821834434805808,0,127,127,751,2,5,2,11
7325,200,-257297102243161588,0,157,157,754,3,4,2,13
7326,200,7649489439377466382,0,138,138,740,5,1,1,3
7327,200,-1354806602765790967,0,151,151,743,2,4,1,12
7328,200,1999189876686935784,0,157,157,748,1,7,3,20
7329,200,-6536672217526593532,0,148,148,756,2,7,5,15
7330,200,4682826323671297896,0,138,138,738,2,5,2,11
7331,200,1402567088393258059,0,123,123,739,1,6,4,19
7332,200,31276440408869601,0,124,124,743,3,6,3,18
7333,200,2416844386116541370,0,123,123,744,1,4,1,6
7334,200,8493590695434870851,0,105,105,750,5,2,1,8
7335,200,8622601674129852971,0,145,145,748,3,3,1,7
7336,200,-3912247197248703311,0,140,140,779,4,4,1,9
7337,200,949498352362764844,0,130,130,761,2,6,3,16
7338,200,1222956330344924496,0,138,138,755,2,7,5,16
7339,200,4022403548026193139,0,140,140,758,3,3,2,10
7340,200,665692402253052514,0,136,136,759,3,6,2,16
7341,200,3617442476989509006,0,157,157,764,2,6,3,16
7342,200,-7249301451356997742,0,124,124,747,2,6,4,14
7343,200,-3144704241950631074,0,155,155,751,3,4,2,8
7344,200,-9121153467773461103,0,139,139,769,4,3,2,6
7345,200,-3662556609736079419,0,154,154,769,5,2,1,5
7346,200,2880432371533713633,0,120,120,741,2,14,10,29
7347,200,-5944943468729953506,0,122,122,742,5,3,2,5
7348,200,-8979493252477658641,0,136,136,759,1,4,2,4
7349,200,-6440136142964493075,0,96,96,745,1,5,2,14
7350,200,-3873406709052902809,0,78,78,730,1,6,3,14
7351,200,-2225715198610703529,0,122,122,751,3,8,4,20
7352,200,-203027351155125309,0,123,123,747,1,5,3,14
7353,200,-5800664290145874476,0,142,142,776,7,2,1,4
7354,200,-7706886146384176347,0,144,144,750,1,6,3,18
7355,200,-4167008367457638622,0,161,161,765,4,6,3,12
7356,200,5012638547677828711,0,164,164,761,5,7,5,16
7357,200,-4694743283265783172,0,142,142,749,1,4,2,14
7358,200,4923273472641420911,0,156,156,752,2,4,2,12
7359,200,-631126044700215285,0,154,154,733,8,6,5,15
7360,200,2390668769479074503,0,140,140,740,8,2,1,5
7361,200,-4076816357015313251,0,140,140,772,1,9,6,24
7362,200,-4029172019194312084,0,117,117,759,3,6,4,16
7363,200,-2756929572697507692,0,148,148,747,2,9,6,19
7364,200,8297646317723864549,0,137,137,743,1,9,7,25
7365,200,6626556248075385376,0,134,134,764,2,6,3,13
7366,200,40549216176033431,0,139,139,785,2,7,3,12
7367,200,-3178964953101629776,0,150,150,747,1,4,1,8
7368,200,-8549125721432674473,0,129,129,768,2,3,1,9
7369,200,-6829372016329769051,0,145,145,759,3,6,4,22
7370,200,2165211228828021313,0,128,128,777,2,5,2,16
7371,200,-1187151467848823224,0,126,126,764,6,6,4,11
7372,200,-374492950889750585,0,148,148,746,3,5,3,15
7373,200,-2513935803323993346,0,157,157,725,2,5,3,13
7374,200,4680720343862299404,0,131,131,749,2,7,4,15
7375,200,8959184701098070970,0,155,155,766,5,7,5,16
7376,200,-7134370167717066894,0,141,141,750,2,6,2,20
7377,200,-6164151455224676942,0,148,148,727,4,2,1,6
7378,200,2958961717271323505,0,130,130,749,7,5,3,17
7379,200,6917335364402269781,0,132,132,744,1,4,2,11
7380,200,3111330924439092394,0,132,132,754,2,5,3,14
7381,200,8737059629708277627,0,128,128,764,2,3,1,6
7382,200,-216340670676958917,0,151,151,742,2,4,3,7
7383,200,2839655924166890206,0,132,132,779,4,2,1,3
7384,200,-2821671533295685036,0,157,157,740,6,4,3,9
7385,200,7743415998293375176,0,132,132,758,2,3,1,8
7386,200,8460921312691158026,0,145,145,723,3,5,2,12
7387,200,-7492678950465958387,0,149,149,763,2,2,1,4
7388,200,3374537075401586283,0,159,159,747,3,4,1,10
7389,200,-3554785864684323524,0,129,129,730,3,7,5,13
7390,200,106418878958429138,0,125,125,756,3,4,2,13
7391,200,8417228662732738321,0,149,149,759,1,7,5,13
7392,200,4682839199970558075,0,140,140,760,2,5,3,15
7393,200,7721586812653426221,0,147,147,753,4,3,2,6
7394,200,-3714442930175461543,0,133,133,736,1,3,1,8
7395,200,7392758629289370120,0,154,154,749,6,5,3,8
7396,200,-9207833865886052314,0,154,154,759,1,6,3,20
7397,200,-6825525183445144282,0,137,137,732,3,4,2,14
7398,200,-1822640453930325316,0,134,134,717,6,2,2,2
7399,200,8901496049011112584,0,135,135,752,1,4,2,14
7400,200,3118884524368092067,0,107,107,738,1,5,3,13
7401,200,-3020310274542430619,0,139,139,761,2,3,1,9
7402,200,3914770260994604522,0,134,134,771,2,4,2,10
7403,200,9090333034011962905,0,118,118,774,3,3,1,8
7404,200,-6424213831829926342,0,158,158,752,1,5,2,12
7405,200,48887359138919261,0,137,137,772,3,3,2,13
7406,200,4475312855061226279,0,157,157,729,1,3,1,11
7407,200,8664268228444864185,0,131,131,772,5,2,1,4
7408,200,-3209355659801684279,0,155,155,758,4,3,2,8
7409,200,4735288797576766774,0,130,130,774,1,7,5,20
7410,200,4302581326182151563,0,156,156,753,3,6,2,14
7411,200,1320446679844975958,0,136,136,745,2,6,3,8
7412,200,-3560121274111179198,0,134,134,752,2,3,1,9
7413,200,5690953752027172680,0,152,152,752,1,3,1,10
7414,200,-7479132168187101311,0,142,142,746,2,4,2,10
7415,200,2645371026912578647,0,111,111,752,1,6,4,14
7416,200,7629060113446911531,0,158,158,756,1,7,5,18
7417,200,2669190996463217060,0,129,129,745,2,5,4,8
7418,200,2904919938834911560,0,151,151,765,7,1,1,3
7419,200,-4954107010567362028,0,109,109,771,1,4,1,9
7420,200,729415009367404316,0,109,109,755,1,5,2,14
7421,200,-2206773062853024885,0,148,148,771,3,3,1,6
7422,200,4900412453045036917,0,110,110,750,2,3,1,3
7423,200,90996485317487449,0,135,135,733,1,5,2,16
7424,200,-8223256884693604540,0,142,142,732,9,3,3,8
7425,200,-2347530971200580108,0,143,143,764,5,2,1,9
7426,200,5718440455814193519,0,129,129,768,1,7,4,19
7427,200,532450058308795879,0,143,143,743,2,4,2,12
7428,200,5870672536523370725,0,155,155,754,2,7,5,14
7429,200,3712227287290873354,0,161,161,740,3,4,2,17
7430,200,-1674282883899717646,0,152,152,746,9,3,3,7
7431,200,1816031049302969075,0,152,152,748,1,7,4,14
7432,200,7267702194774966484,0,172,172,760,2,6,3,11
7433,200,7399034187041863596,0,87,87,742,3,5,3,10
7434,200,-7860685074236808307,0,174,174,746,2,3,1,8
7435,200,7268895616594162086,0,145,145,763,2,7,3,15
7436,200,-8231066422716353286,0,144,144,730,2,5,4,8
7437,200,-1828732735258603540,0,138,138,759,2,5,2,12
7438,200,6567712732166218532,0,151,151,759,2,4,1,8
7439,200,814170198260404635,0,142,142,757,6,2,1,5
7440,200,-4691643403089993003,0,146,146,758,1,6,2,18
7441,200,-756138639264757871,0,157,157,739,2,4,1,11
7442,200,-5828846499600166290,0,159,159,761,3,8,6,23
7443,200,5429350853737702755,0,142,142,747,2,2,1,5
7444,200,4835136935563376119,0,128,128,715,2,6,3,15
7445,200,385802231297781140,0,123,123,761,3,4,2,12
7446,200,5676437918588543096,0,124,124,744,3,7,5,15
7447,200,6864337756170104068,0,154,154,753,4,4,3,8
7448,200,-429232697870623098,0,171,171,779,2,6,3,17
7449,200,5985862855991425446,0,139,139,750,2,6,1,14
7450,200,741262908434970144,0,147,147,730,5,5,2,11
7451,200,-3507917744423606154,0,145,145,737,4,6,4,18
7452,200,-6233361290524520517,0,135,135,751,1,9,6,18
7453,200,5007080956094459561,0,122,122,731,3,6,3,14
7454,200,-4237796353946968934,0,173,173,777,4,9,6,20
7455,200,8159893936683180581,0,145,145,766,1,3,2,7
7456,200,-7686260484333105565,0,125,125,750,2,5,3,11
7457,200,-8289948747776881357,0,157,157,737,1,4,2,9
7458,200,791949677836170223,0,109,109,742,4,3,2,5
7459,200,580808796372715890,0,168,168,765,3,3,1,10
7460,200,5049615639163735905,0,105,105,764,3,2,1,5
7461,200,4634109647718782478,0,133,133,755,4,6,3,13
7462,200,6567970988091488633,0,94,94,764,4,4,2,9
7463,200,8959730954313948466,0,129,129,756,6,3,2,5
7464,200,-6607850720854366678,0,123,123,765,7,3,2,7
7465,200,4346009192936365242,0,119,119,757,2,5,2,13
7466,200,3809915178678017641,0,126,126,763,2,5,3,12
7467,200,-1080728399603177939,0,121,121,767,1,7,2,20
7468,200,6150013084197618503,0,135,135,775,3,5,2,7
7469,200,-2679252130439353878,0,116,116,736,5,5,3,12
7470,200,-3070959723335242175,0,129,129,735,1,7,5,24
7471,200,-8275863967325486688,0,128,128,766,3,5,4,7
7472,200,-7765087732130905385,0,157,157,769,4,5,3,11
7473,200,-5813506466490716669,0,125,125,768,5,3,2,9
7474,200,-8251060202760059558,0,145,145,775,3,3,2,6
7475,200,-5790817838949352516,0,140,140,747,2,4,2,9
7476,200,-7522568479167673590,0,120,120,756,1,5,2,14
7477,200,6243649438953112480,0,173,173,752,3,5,2,8
7478,200,-8237282255264164000,0,124,124,750,8,7,6,13
7479,200,7298124897457076772,0,137,137,775,4,10,8,19
7480,200,-859561809653974361,0,190,190,760,4,2,1,3
7481,200,-8079483546955759088,0,160,160,748,4,7,5,22
7482,200,720412714421503440,0,155,155,727,2,3,1,5
7483,200,7418469690711783027,0,163,163,770,4,2,1,5
7484,200,5800362963246573447,0,138,138,773,5,2,1,7
7485,200,-4265505460159881258,0,143,143,755,3,7,5,19
7486,200,-6814427641591789951,0,150,150,762,2,9,5,27
7487,200,-7425919498030151500,0,129,129,729,1,5,2,19
7488,200,3447778001894337815,0,113,113,759,1,5,2,10
7489,200,-2265385266865134295,0,83,83,734,4,6,3,17
7490,200,482371475965499928,0,163,163,788,2,6,3,11
7491,200,99130986211049960,0,117,117,750,1,6,3,8
7492,200,-8449219718908163366,0,159,159,777,1,4,1,7
7493,200,-3233240804608348558,0,131,131,749,5,3,2,5
7494,200,177576734511321746,0,171,171,745,7,3,2,8
7495,200,8035118157231707780,0,118,118,738,5,4,3,8
7496,200,8134982642851812069,0,186,186,746,4,5,3,11
7497,200,7558860847073296080,0,120,120,752,3,4,2,9
7498,200,685908725305846206,0,142,142,741,2,4,1,10
7499,200,-7333166886156314384,0,143,143,730,2,7,4,14
7500,200,-1083165563219072926,0,148,148,754,2,3,2,9
7501,200,3282447257281176215,0,145,145,743,1,3,1,8
7502,200,-3791233754352916544,0,156,156,788,3,2,1,4
7503,200,5772293730131887113,0,136,136,755,3,3,1,5
7504,200,1413228980223495693,0,151,151,754,2,5,2,10
7505,200,-1596699124639358516,0,148,148,745,1,5,1,12
7506,200,5792750164533762448,0,127,127,747,1,5,2,9
7507,200,8050062906588976543,0,129,129,736,1,6,4,12
7508,200,-3697752145720900422,0,136,136,756,7,2,1,7
7509,200,-1434108910151761237,0,148,148,741,4,5,3,12
7510,200,8663409280767514489,0,131,131,758,1,6,2,13
7511,200,-4378855082807969544,0,138,138,738,5,5,3,15
7512,200,7198115451797420493,0,102,102,732,2,4,3,12
7513,200,-5509904310129157086,0,117,117,775,3,3,1,6
7514,200,-1408183994596336742,0,160,160,746,7,6,4,13
7515,200,-8762862912411254453,0,183,183,760,1,6,3,13
7516,200,-258028233832020544,0,154,154,765,1,4,2,8
7517,200,-4131932614959237037,0,141,141,762,1,6,3,13
7518,200,-1979769743036848024,0,135,135,762,1,4,2,8
7519,200,5935215290413282374,0,142,142,764,4,7,4,16
7520,200,-7983665289526560096,0,147,147,746,7,3,2,7
7521,200,8456934326998959894,0,176,176,769,4,3,1,6
7522,200,7727055826158305066,0,132,132,771,3,4,2,10
7523,200,7435025717990548617,0,133,133,765,4,4,3,8
7524,200,-1009747377972313455,0,163,163,762,1,10,6,24
7525,200,543304594292580468,0,140,140,743,4,5,2,13
7526,200,3441699749971125884,0,147,147,777,2,8,4,23
7527,200,-3557595712924492759,0,121,121,772,4,4,3,5
7528,200,813426828792647238,0,129,129,749,7,2,1,4
7529,200,7007112070496147245,0,155,155,741,2,4,1,8
7530,200,5665883331707896013,0,155,155,759,7,3,1,6
7531,200,-6852040720145197266,0,113,113,775,1,6,3,16
7532,200,712421943253750665,0,131,131,739,4,5,3,14
7533,200,8486129190718708531,0,132,132,731,1,7,5,21
7534,200,-1640343866387631391,0,115,115,759,2,5,3,15
7535,200,-4077863532123468267,0,135,135,787,2,5,2,7
7536,200,-5150456938547291207,0,123,123,751,3,5,3,13
7537,200,-346880565782959059,0,144,144,744,3,8,5,23
7538,200,-3108221956076381617,0,131,131,754,1,5,3,13
7539,200,-697557435655729074,0,116,116,759,5,3,2,3
7540,200,-3685424168084889017,0,161,161,763,1,6,3,12
7541,200,-5753012393996035083,0,141,141,755,4,8,5,22
7542,200,2614109430897529859,0,138,138,726,7,3,2,4
7543,200,4183266584947257023,0,145,145,738,5,7,6,16
7544,200,-5266775359276481736,0,150,150,735,1,5,2,17
7545,200,3324136918449430810,0,147,147,772,2,3,2,6
7546,200,-3366479590747434307,0,139,139,756,6,4,3,7
7547,200,7035833002876565055,0,136,136,769,4,7,4,18
7548,200,-1401610046179477082,0,139,139,780,3,8,6,21
7549,200,-5608781164023449249,0,150,150,753,2,2,1,5
7550,200,6189584312000038289,0,119,119,762,1,4,1,8
7551,200,-4355681848364369380,0,136,136,761,1,6,4,15
7552,200,-7443245393504080321,0,125,125,752,5,2,1,4
7553,200,9154397890008390714,0,140,140,754,8,4,3,8
7554,200,-7563161819305685402,0,139,139,756,2,7,6,15
7555,200,6244061614231662230,0,143,143,746,4,4,1,11
7556,200,892096407000896964,0,144,144,743,5,2,2,6
7557,200,8895713725919624534,0,141,141,746,2,5,3,10
7558,200,2074807944609450103,0,150,150,768,3,3,1,6
7559,200,-2505542313161944223,0,156,156,767,1,4,1,11
7560,200,5598786179411353483,0,129,129,750,2,4,2,9
7561,200,8594091660939960081,0,129,129,760,3,4,3,9
7562,200,3942672200483692245,0,144,144,755,3,7,5,14
7563,200,-1421907569490792921,0,135,135,742,7,2,1,2
7564,200,-6378503859191483394,0,140,140,745,2,5,2,14
7565,200,1391704735079937279,0,125,125,768,2,7,5,14
7566,200,6108120812259013346,0,124,124,750,4,9,6,27
7567,200,-1335635835018373884,0,127,127,749,4,4,2,9
7568,200,3035594805575729946,0,135,135,758,1,2,1,3
7569,200,-6977787772445485467,0,156,156,748,6,2,1,3
7570,200,-8086925873714621737,0,132,132,755,2,6,3,14
7571,200,-2981227879309997816,0,118,118,760,5,4,2,9
7572,200,-6570874156825074959,0,134,134,734,2,8,6,18
7573,200,6972655044014309566,0,121,121,767,3,4,3,9
7574,200,1622906861146128447,0,154,154,743,2,9,6,25
7575,200,3850161034116292792,0,134,134,761,1,6,4,14
7576,200,-4883691029844492760,0,139,139,757,1,6,3,19
7577,200,-6773603134758442438,0,127,127,723,4,11,9,36
7578,200,-653266706114083206,0,129,129,759,4,3,1,10
7579,200,6537687151444689550,0,124,124,746,5,2,1,3
7580,200,7667896068471427706,0,137,137,766,2,4,1,13
7581,200,-8036979393001642950,0,153,153,769,3,3,1,5
7582,200,-8873301703490182853,0,148,148,752,3,4,3,7
7583,200,-1957057528993140876,0,150,150,765,4,4,2,8
7584,200,7020094950961397555,0,140,140,731,5,5,3,11
7585,200,8365555699050778070,0,146,146,759,3,11,7,23
7586,200,8247356162482991882,0,187,187,741,1,5,2,11
7587,200,-6589924335359763123,0,137,137,772,5,5,3,14
7588,200,-9165588064641014859,0,135,135,768,6,6,3,21
7589,200,99059884079715927,0,143,143,749,3,7,5,19
7590,200,-8628841052825875517,0,126,126,736,4,4,2,6
7591,200,-2543519340760047251,0,140,140,754,3,2,1,6
7592,200,-3733650344263971337,0,113,113,763,2,7,5,14
7593,200,-7762571095419269187,0,158,158,768,2,5,1,11
7594,200,-3656012039712571626,0,146,146,738,1,6,3,18
7595,200,2931480293964081947,0,128,128,773,7,1,1,2
7596,200,1692826311716976896,0,137,137,773,3,3,1,5
7597,200,-1066836051336834759,0,122,122,743,3,4,3,13
7598,200,-2750723053522531579,0,145,145,750,1,4,2,12
7599,200,-1577494067227668970,0,125,125,738,2,2,1,4
7600,200,-1478429074114913423,0,152,152,754,3,4,1,7
7601,200,-4502082360793454156,0,142,142,752,3,3,1,4
7602,200,144521272897375848,0,133,133,750,6,3,1,7
7603,200,-394296621320495859,0,124,124,748,1,12,7,27
7604,200,-311489633905015303,0,165,165,745,8,2,1,7
7605,200,7029742041955115591,0,166,166,745,7,3,3,8
7606,200,-91984444771020948,0,130,130,751,1,3,2,10
7607,200,-9077225446591753178,0,124,124,749,4,4,2,14
7608,200,-1951734705431260706,0,128,128,743,2,3,1,11
7609,200,-4758345204118859583,0,144,144,752,4,4,3,8
7610,200,-4684677539040685552,0,134,134,752,4,8,5,16
7611,200,4607492264270943096,0,138,138,758,4,5,4,13
7612,200,-3312146606717476997,0,120,120,763,4,5,2,12
7613,200,-1225516572098332123,0,147,147,752,1,9,5,31
7614,200,1502404665625427622,0,124,124,743,4,2,1,3
7615,200,5124640558951164304,0,130,130,758,3,4,2,10
7616,200,1330375216256722108,0,123,123,757,2,3,1,8
7617,200,-570620317763418840,0,136,136,737,6,2,1,2
7618,200,287403098822858840,0,147,147,739,2,3,1,5
7619,200,3130424028205624816,0,150,150,755,5,5,3,11
7620,200,-6579895241266426973,0,132,132,770,2,8,5,17
7621,200,-7879037975066329929,0,130,130,755,6,3,2,7
7622,200,-7924514785453898847,0,119,119,750,5,6,4,13
7623,200,-2122162907361809524,0,128,128,753,3,6,4,15
7624,200,3811398686380482759,0,117,117,756,3,4,2,8
7625,200,3688442830626988655,0,153,153,757,4,2,1,7
7626,200,1944510449421835472,0,125,125,745,2,7,4,14
7627,200,2732604291069369163,0,149,149,774,2,15,9,38
7628,200,1605828286137864656,0,160,160,752,1,8,6,15
7629,200,-8659526711063178973,0,145,145,782,3,3,2,9
7630,200,6234157829151825545,0,143,143,727,5,5,3,14
7631,200,-515586700279779700,0,96,96,759,6,4,3,12
7632,200,5461661885926816764,0,177,177,754,4,6,4,17
7633,200,-8632992489228636325,0,144,144,763,4,4,3,12
7634,200,7836471763833559107,0,118,118,757,9,2,2,4
7635,200,1215182750567295390,0,153,153,762,1,6,4,13
7636,200,-3800376531065894243,0,166,166,761,2,5,3,15
7637,200,-3591742844963343921,0,129,129,761,1,4,1,13
7638,200,-5478953011786222390,0,111,111,730,3,3,2,7
7639,200,4881511124479888966,0,163,163,767,8,2,1,2
7640,200,-4304781332646533735,0,144,144,745,1,4,2,9
7641,200,6313503950079290863,0,138,138,773,1,4,1,10
7642,200,-982764915517697858,0,152,152,746,3,5,3,19
7643,200,-3884744963003640259,0,139,139,767,1,8,4,14
7644,200,-2725408487298600983,0,150,150,740,5,4,3,16
7645,200,123041436828449886,0,117,117,774,1,5,2,16
7646,200,5310685466572103955,0,127,127,777,2,8,3,23
7647,200,1878811778975055280,0,162,162,747,5,3,2,14
7648,200,-1210766657560455654,0,111,111,740,2,6,4,15
7649,200,423184873572330354,0,126,126,756,1,8,5,20
7650,200,4940593079612860816,0,153,153,740,3,5,2,15
7651,200,6485710364602867134,0,167,167,768,2,10,6,25
7652,200,6072364103669509327,0,127,127,759,2,4,2,10
7653,200,-9097753328405577289,0,110,110,752,1,10,7,25
7654,200,-2921611189908356272,0,116,116,745,3,4,2,9
7655,200,-1251410136862812418,0,109,109,764,2,6,3,8
7656,200,-1130771870638366916,0,138,138,741,7,6,5,11
7657,200,-7291199632420564887,0,164,164,740,5,8,7,16
7658,200,-8497315780199992509,0,149,149,744,2,5,3,14
7659,200,8459293731224423414,0,121,121,752,2,7,3,20
7660,200,3969544893451906477,0,113,113,754,2,4,2,10
7661,200,2253623411656939005,0,143,143,760,3,9,6,22
7662,200,7454425441837338798,0,144,144,752,5,5,4,13
7663,200,-8135024943468794971,0,163,163,758,3,5,2,12
7664,200,-7589623634533041155,0,146,146,749,5,2,1,7
7665,200,-7093804253682716520,0,143,143,758,1,6,3,12
7666,200,-4198185347547776089,0,138,138,763,3,6,4,11
7667,200,4300487034776685562,0,129,129,761,2,3,1,10
7668,200,6362170734897704991,0,152,152,742,6,3,3,7
7669,200,-3718638054711172970,0,129,129,753,4,2,1,3
7670,200,8135224220198626202,0,149,149,752,2,4,2,9
7671,200,3168148393687422042,0,161,161,753,5,6,4,18
7672,200,-3458405169502855015,0,122,122,739,2,6,3,10
7673,200,-4212450570997458171,0,149,149,731,2,6,4,13
7674,200,5013882308977728967,0,121,121,761,2,6,2,10
7675,200,6538641467919120414,0,144,144,769,3,6,3,22
7676,200,2060789068663722756,0,141,141,738,1,5,2,10
7677,200,385698969112734759,0,141,141,749,3,3,2,9
7678,200,-3179843704242435135,0,111,111,749,2,4,3,8
7679,200,8246236678016696594,0,130,130,743,4,2,1,6
7680,200,-6375172702597657970,0,143,143,761,1,4,1,7
7681,200,6478516578716772852,0,137,137,763,6,3,1,6
7682,200,3730574664648151536,0,133,133,741,5,4,1,11
7683,200,88640896421718520,0,131,131,745,5,1,1,4
7684,200,782059517703906935,0,130,130,725,6,8,6,25
7685,200,-1410471962119784811,0,121,121,759,2,5,3,17
7686,200,-3489601452106539504,0,153,153,750,2,8,5,25
7687,200,4714468351385340163,0,144,144,742,3,8,6,12
7688,200,107782086393041047,0,172,172,744,1,3,1,7
7689,200,6346997979602735850,0,151,151,754,6,4,2,12
7690,200,-8470101267615744592,0,96,96,749,1,5,2,12
7691,200,5217293901096421980,0,149,149,752,7,3,2,8
7692,200,-8340640109333808169,0,130,130,734,2,4,1,9
7693,200,5874410429874127109,0,129,129,760,5,2,2,6
7694,200,6052953337154208948,0,156,156,749,3,3,1,6
7695,200,-4432505640261780831,0,139,139,757,5,3,1,10
7696,200,-8908529369526209869,0,139,139,774,1,4,2,13
7697,200,-4996131535732902227,0,122,122,756,5,2,1,5
7698,200,-1478782743259790380,0,113,113,737,3,6,2,14
7699,200,-109542960820395679,0,137,137,740,2,7,4,23
7700,200,7688188551567127999,0,132,132,756,1,4,2,10
7701,200,2203561844544118748,0,146,146,768,3,8,5,14
7702,200,5764817597299003163,0,147,147,741,3,3,1,9
7703,200,-1166143326201730143,0,117,117,787,5,6,4,13
7704,200,6961390494744390175,0,131,131,754,2,4,1,12
7705,200,8760012423455322434,0,126,126,751,4,4,3,8
7706,200,2091442075385992296,0,118,118,747,2,6,5,9
7707,200,-396844245337774502,0,49,49,778,5,4,2,8
7708,200,-2428248994981095411,0,163,163,761,3,3,1,9
7709,200,-2183112980750480705,0,123,123,754,1,4,2,5
7710,200,-2543228179778878992,0,126,126,740,3,13,11,34
7711,200,-3440911409735251720,0,160,160,753,8,3,2,7
7712,200,-1720368844675434154,0,129,129,761,2,7,3,17
7713,200,2048955755596999148,0,146,146,737,2,3,1,7
7714,200,3178859447686986938,0,160,160,746,3,6,4,16
7715,200,7110845109464141788,0,122,122,746,1,5,2,13
7716,200,4253799829784516573,0,121,121,776,1,3,1,9
7717,200,7932730076384521363,0,127,127,741,2,5,3,14
7718,200,7447713139303098145,0,154,154,749,1,6,3,15
7719,200,-989966228675942693,0,141,141,740,2,9,5,30
7720,200,2764535016763931671,0,152,152,768,1,8,4,20
7721,200,-555096294221618381,0,164,164,770,2,2,1,4
7722,200,8503913822145673046,0,152,152,772,2,5,2,9
7723,200,-8186503583861496898,0,116,116,748,8,3,2,13
7724,200,-8107393629548041330,0,132,132,731,1,6,2,17
7725,200,-3696144226471857283,0,140,140,755,1,3,1,8
7726,200,4218887033305570780,0,146,146,758,1,5,2,15
7727,200,-1223712514447830848,0,161,161,747,1,11,7,21
7728,200,-1582364936143620257,0,108,108,752,1,5,3,12
7729,200,8180476442146966233,0,170,170,768,5,3,2,7
7730,200,1839356066901801994,0,145,145,732,1,7,5,9
7731,200,7815649470776018707,0,143,143,768,6,1,1,4
7732,200,-4192797951838774597,0,149,149,761,3,3,1,8
7733,200,-739184668935184158,0,160,160,761,1,3,2,6
7734,200,563707226411248268,0,151,151,757,6,4,2,12
7735,200,-115280841306105509,0,149,149,774,1,5,3,16
7736,200,-1045614339962214039,0,116,116,773,1,8,3,10
7737,200,-2663140596835071514,0,136,136,761,1,4,3,10
7738,200,-7986152029234622493,0,143,143,759,1,7,4,14
7739,200,-7551810073341915599,0,132,132,756,3,3,1,5
7740,200,1713371913061273154,0,122,122,770,2,5,2,8
7741,200,851493938503375207,0,136,136,770,5,4,2,6
7742,200,5957985106045191904,0,109,109,778,4,6,4,15
7743,200,-1939927933706671455,0,166,166,756,3,5,3,12
7744,200,3076196847552993716,0,151,151,734,4,6,3,15
7745,200,-3763645507469781860,0,171,171,740,1,8,5,23
7746,200,8593872253596013869,0,133,133,753,5,4,3,11
7747,200,9134406194884594860,0,140,140,735,2,6,3,13
7748,200,-1803762576841514943,0,154,154,740,3,2,1,4
7749,200,1294294576111875313,0,134,134,721,2,4,1,12
7750,200,-2450834100442713660,0,144,144,769,1,6,3,17
7751,200,-4209493156659096121,0,118,118,733,1,4,2,14
7752,200,4028779217792264445,0,129,129,756,1,8,5,23
7753,200,244122692354603650,0,131,131,753,1,6,3,16
7754,200,-5412540661466129547,0,107,107,732,1,4,2,4
7755,200,5994111547964253531,0,158,158,736,4,6,4,13
7756,200,5341908650546703378,0,143,143,763,1,6,4,14
7757,200,6151079868889779876,0,140,140,747,1,4,2,8
7758,200,8987878562630811493,0,126,126,755,3,4,2,6
7759,200,-7105311092662738109,0,158,158,753,6,2,1,7
7760,200,-6197668902167961281,0,157,157,756,1,5,2,17
7761,200,3986893259533317725,0,118,118,756,6,3,2,10
7762,200,-7153213840954036342,0,132,132,759,1,4,1,7
7763,200,-7581033718337021360,0,129,129,752,2,4,2,12
7764,200,-2257163246139007403,0,116,116,749,3,2,1,2
7765,200,279073147841271015,0,110,110,750,2,5,2,14
7766,200,-1785065279808132816,0,133,133,737,1,7,5,12
7767,200,8579170395882267336,0,156,156,751,1,6,2,15
7768,200,-6825493696772143687,0,133,133,771,2,9,6,20
7769,200,6992754670214528561,0,179,179,793,7,2,1,3
7770,200,-5559279984805958793,0,131,131,737,7,2,1,4
7771,200,-9062681175536771869,0,134,134,759,1,5,3,11
7772,200,-4808679140184210202,0,135,135,772,6,4,2,9
7773,200,-6320650172189681315,0,157,157,757,2,4,1,14
7774,200,8478825174511705554,0,173,173,751,1,8,5,19
7775,200,-7327681631535989939,0,152,152,765,2,5,3,15
7776,200,-4165165880247868696,0,152,152,752,3,4,2,10
7777,200,7388525280423039811,0,128,128,761,1,8,5,17
7778,200,2471687312047015561,0,163,163,735,1,6,2,13
7779,200,-6704458034026340953,0,129,129,748,1,4,3,8
7780,200,8691499221908086497,0,111,111,775,1,4,3,10
7781,200,-8836436611620773651,0,156,156,747,5,3,2,6
7782,200,-2227683780419137224,0,160,160,758,5,8,4,20
7783,200,4841561126966049542,0,123,123,748,1,6,3,15
7784,200,-3857889758215659897,0,134,134,759,2,4,1,9
7785,200,3902887604494406169,0,150,150,759,2,5,2,11
7786,200,2425961533953418574,0,134,134,753,2,3,1,9
7787,200,6720573951482141811,0,129,129,754,7,3,2,8
7788,200,-4799557639163597660,0,168,168,782,2,3,2,6
7789,200,626653274292384699,0,96,96,752,1,3,1,5
7790,200,7760518913715752079,0,165,165,741,1,11,7,27
7791,200,-6252001651057318039,0,111,111,738,1,4,2,9
7792,200,-2023197635246389355,0,125,125,756,2,6,4,13
7793,200,-5858332049302060424,0,141,141,744,6,3,1,4
7794,200,-4073247342255642221,0,135,135,758,1,7,5,20
7795,200,4238898966264051801,0,148,148,778,3,6,3,14
7796,200,-2432604011308040244,0,153,153,750,1,5,2,13
7797,200,-3589216793796711125,0,168,168,760,1,6,3,20
7798,200,1272173285745835588,0,135,135,746,1,12,8,29
7799,200,6890376670442179881,0,125,125,751,1,3,2,8
7800,200,-1004079448557672882,0,131,131,736,1,5,2,12
7801,200,-1393182503559026845,0,149,149,757,1,5,3,9
7802,200,1116749259929371236,0,122,122,759,2,5,3,12
7803,200,3367257359052619697,0,147,147,754,4,2,1,2
7804,200,5115864902810716982,0,135,135,774,1,4,2,13
7805,200,-1334882591077119005,0,142,142,738,8,8,7,18
7806,200,-6690339413650437627,0,146,146,749,3,5,3,14
7807,200,6295151805223948349,0,140,140,763,2,6,3,15
7808,200,4549720620919999536,0,142,142,759,5,2,2,4
7809,200,-3031615908066832606,0,163,163,736,2,9,6,21
7810,200,1295426754142927886,0,146,146,735,2,3,1,8
7811,200,4039971760083058702,0,151,151,731,6,8,6,15
7812,200,-2737881088047680769,0,127,127,763,3,7,6,10
7813,200,-8504129575375142455,0,157,157,752,1,4,2,11
7814,200,-1659701810043922243,0,141,141,764,6,3,1,5
7815,200,900802334415141849,0,131,131,749,2,4,2,10
7816,200,1004086389720327159,0,156,156,757,1,7,3,14
7817,200,-248156469458083017,0,164,164,747,1,6,4,8
7818,200,-5931181928740057056,0,119,119,762,1,7,4,14
7819,200,864807382640154182,0,154,154,765,2,5,2,13
7820,200,-8460654973444088701,0,135,135,755,2,2,1,5
7821,200,-2391437237171207168,0,131,131,765,2,3,2,10
7822,200,3772688662593005722,0,142,142,739,3,6,3,17
7823,200,-6388862463072611726,0,137,137,752,1,3,1,10
7824,200,7291563347176063392,0,145,145,737,3,3,1,10
7825,200,3599499195842181226,0,111,111,754,4,2,1,8
7826,200,2733223715703649637,0,139,139,771,3,6,3,17
7827,200,-5736934474481844627,0,156,156,745,7,1,1,2
7828,200,-4204667287434838432,0,154,154,741,4,4,3,14
7829,200,4566801856005561070,0,143,143,746,5,3,2,7
7830,200,-333860296728093430,0,143,143,768,2,6,4,15
7831,200,1920534659662110141,0,122,122,750,4,4,3,11
7832,200,-3915690977624378775,0,155,155,743,1,6,4,10
7833,200,7151458594220760765,0,143,143,768,1,6,4,17
7834,200,8459744687021780970,0,122,122,736,4,10,8,19
7835,200,3448271560896504794,0,156,156,756,1,4,2,11
7836,200,8750937840011260020,0,108,108,740,1,4,2,11
7837,200,-4194083734749646279,0,149,149,757,5,3,2,6
7838,200,7099137201492266681,0,146,146,782,2,4,2,11
7839,200,-8649386743774904656,0,117,117,759,4,9,7,27
7840,200,-2897254607836132146,0,140,140,768,2,4,2,6
7841,200,-7497779812837035657,0,129,129,773,1,6,2,18
7842,200,6265880703467544829,0,158,158,751,2,6,3,13
7843,200,-3424215455048224480,0,129,129,753,1,6,2,16
7844,200,-3642671864521163814,0,106,106,738,4,5,3,14
7845,200,-6336680369231238972,0,112,112,749,2,5,3,13
7846,200,-3105692208880231533,0,122,122,744,1,5,3,10
7847,200,8271398157430226302,0,119,119,748,1,5,2,11
7848,200,-1290890153391882100,0,113,113,768,1,2,1,2
7849,200,3161518991689213725,0,166,166,748,2,4,2,10
7850,200,4990496472713664299,0,145,145,735,5,2,1,9
7851,200,8495478785170497556,0,145,145,729,5,3,1,10
7852,200,-2637372178469278993,0,144,144,748,2,17,13,39
7853,200,7852422674568978613,0,124,124,775,4,9,5,16
7854,200,837362479624222407,0,168,168,766,6,4,4,6
7855,200,-8365030677041178210,0,118,118,778,4,4,2,7
7856,200,6416550299312744097,0,129,129,740,2,4,2,15
7857,200,-7108836590512119437,0,127,127,739,1,7,3,19
7858,200,-985670118513304000,0,131,131,762,1,3,2,6
7859,200,1728314933350484429,0,160,160,755,2,4,2,12
7860,200,-398568828004525742,0,157,157,760,1,5,2,11
7861,200,8779526728761954161,0,164,164,758,2,10,7,31
7862,200,2716180441563379905,0,146,146,759,5,4,3,9
7863,200,2139879799457110468,0,138,138,755,4,9,7,26
7864,200,-5633202564031983287,0,148,148,752,1,7,4,16
7865,200,-8601746650600211074,0,177,177,746,1,5,3,15
7866,200,-579866075519152310,0,130,130,757,4,3,2,8
7867,200,8576740129450407582,0,146,146,749,3,5,3,10
7868,200,7895591664115139550,0,151,151,752,4,6,4,18
7869,200,-5625414247993881187,0,125,125,753,2,6,3,17
7870,200,-5672126956242702546,0,138,138,758,5,3,2,8
7871,200,7089574814692989926,0,132,132,743,5,2,1,7
7872,200,6949967263786703873,0,137,137,757,4,6,4,19
7873,200,-6221276894120860796,0,152,152,746,2,5,3,15
7874,200,-4462698500304281451,0,118,118,741,2,7,4,15
7875,200,8532642374905081372,0,172,172,750,2,3,2,9
7876,200,-8803383352826521422,0,121,121,736,1,4,2,9
7877,200,2357481215087699742,0,109,109,750,2,5,2,13
7878,200,-4082456057937449733,0,151,151,757,3,3,1,8
7879,200,5579953337871574327,0,102,102,751,2,3,1,8
7880,200,8268946391654988678,0,119,119,768,7,5,3,13
7881,200,-212237461827987703,0,134,134,771,4,3,2,7
7882,200,-871330720462883409,0,154,154,747,4,2,1,2
7883,200,-4117549789238376674,0,108,108,749,1,7,4,23
7884,200,-8492506260467628247,0,165,165,778,5,3,1,6
7885,200,-1739883663781418215,0,116,116,734,2,3,2,8
7886,200,-7301900434310849963,0,152,152,768,2,6,4,14
7887,200,-8009185411900673490,0,109,109,764,1,4,3,6
7888,200,4099702308946955734,0,169,169,773,3,4,3,6
7889,200,6436057604035020499,0,133,133,747,1,5,3,17
7890,200,-3952510478905397403,0,126,126,742,6,3,2,7
7891,200,-3955619807901681737,0,107,107,739,1,5,3,13
7892,200,-796069580402913311,0,139,139,736,7,3,1,10
7893,200,-1588564009696478221,0,143,143,776,1,6,4,14
7894,200,1966567579776173225,0,113,113,765,2,8,4,13
7895,200,-1762619338303109505,0,151,151,764,4,5,3,11
7896,200,6379854915692882478,0,132,132,770,2,7,4,13
7897,200,1830150322491645158,0,128,128,747,2,3,2,4
7898,200,3739126224241179587,0,138,138,743,4,3,2,10
7899,200,-3301294712779315907,0,136,136,742,2,5,1,11
7900,200,-2803330440267754313,0,70,70,763,8,2,1,6
7901,200,-1505830606595514543,0,115,115,733,3,3,2,9
7902,200,-8118023384427139420,0,129,129,784,4,3,2,9
7903,200,-1318829112183915233,0,143,143,737,5,5,3,17
7904,200,5165342244235997449,0,116,116,754,1,5,3,11
7905,200,-5659839934343704952,0,114,114,749,5,3,2,9
7906,200,-5148139733392333290,0,133,133,766,1,8,4,22
7907,200,4191276410933752901,0,140,140,744,3,4,3,10
7908,200,9139163348000647367,0,159,159,753,3,4,2,10
7909,200,2316797609343127063,0,131,131,753,4,4,2,9
7910,200,4770835491219726388,0,167,167,766,4,3,2,10
7911,200,1166767421196605507,0,176,176,741,3,7,4,16
7912,200,6926234490324229158,0,122,122,757,3,4,1,12
7913,200,5109329807223794749,0,151,151,760,1,11,8,25
7914,200,5235196401041778413,0,131,131,763,1,5,3,15
7915,200,-2419642469813364573,0,141,141,736,1,2,1,4
7916,200,-8503426002326282128,0,134,134,747,4,4,2,9
7917,200,7334076120019747948,0,99,99,757,2,4,2,10
7918,200,-6112291663100692860,0,144,144,767,1,7,5,21
7919,200,6626655252493046113,0,137,137,751,1,4,2,9
7920,200,-249747950353281407,0,128,128,739,1,5,3,12
7921,200,-6574964937987296821,0,153,153,753,4,3,2,8
7922,200,-7100756074443000814,0,136,136,755,1,4,3,13
7923,200,30378568915805549,0,158,158,739,4,2,1,6
7924,200,4199566130043330893,0,121,121,754,1,5,2,15
7925,200,-7471430482246741580,0,158,158,762,3,4,3,8
7926,200,-6025287111777700861,0,104,104,763,5,4,2,6
7927,200,3923351589343553836,0,147,147,753,3,4,2,10
7928,200,5782134227045557336,0,139,139,751,5,4,3,6
7929,200,2677228390370383414,0,132,132,743,3,6,4,12
7930,200,-3202135130742108011,0,141,141,760,7,3,2,5
7931,200,-6194193653218059016,0,157,157,746,5,4,2,8
7932,200,-7586602794381413828,0,136,136,746,1,5,2,14
7933,200,-4229170536737478508,0,148,148,763,1,7,3,21
7934,200,-3803142116040994724,0,127,127,777,1,7,3,17
7935,200,5189028990481053595,0,135,135,728,2,5,3,12
7936,200,-1542934178341731545,0,109,109,755,3,8,4,17
7937,200,7585239405291412419,0,119,119,757,2,8,4,17
7938,200,5211836897043094721,0,128,128,775,1,6,3,16
7939,200,25830173291872472,0,121,121,768,6,3,1,9
7940,200,-7695975597569422502,0,159,159,746,2,4,2,11
7941,200,3452651731363540720,0,123,123,745,7,2,1,4
7942,200,-9000277925545850754,0,149,149,762,3,4,2,13
7943,200,2407314108657466338,0,135,135,760,2,5,2,15
7944,200,1653632944029706667,0,109,109,738,3,7,4,13
7945,200,-550051868191154184,0,165,165,754,2,9,7,24
7946,200,-415623600217496029,0,148,148,763,2,5,2,9
7947,200,3316202197118722531,0,162,162,762,2,4,1,12
7948,200,-8125358069546441212,0,137,137,746,3,5,3,12
7949,200,6988832485924408815,0,132,132,763,5,3,2,6
7950,200,1411620765255102101,0,134,134,740,5,12,9,33
7951,200,7294791031885687927,0,146,146,760,3,4,1,14
7952,200,-8472809270035464223,0,134,134,774,1,6,3,21
7953,200,2249808407533005722,0,153,153,755,1,4,3,7
7954,200,-1362989319373064310,0,59,59,711,2,3,2,10
7955,200,-3597931084374347730,0,149,149,749,2,5,1,14
7956,200,-7723421958789919530,0,141,141,736,2,4,2,10
7957,200,-4901280203131190796,0,161,161,762,1,5,2,7
7958,200,7711067988794014221,0,144,144,746,3,7,5,19
7959,200,9110030956772902669,0,131,131,753,6,3,1,10
7960,200,1159462469200733959,0,151,151,794,4,3,1,8
7961,200,-6287954951837449555,0,128,128,754,2,4,1,8
7962,200,5992450359368673536,0,115,115,739,2,4,2,13
7963,200,22202642499554061,0,140,140,771,2,7,4,20
7964,200,7953427797973298094,0,108,108,748,2,4,2,9
7965,200,5878679750397094566,0,133,133,750,2,4,2,13
7966,200,1033421949395834773,0,130,130,753,6,2,2,4
7967,200,3224305062843359387,0,138,138,757,4,4,1,14
7968,200,2668392734628104601,0,162,162,752,4,4,2,8
7969,200,5249939692056605814,0,101,101,757,1,4,2,9
7970,200,8950472339309752277,0,158,158,733,4,4,2,8
7971,200,-8056296035864014569,0,124,124,783,5,3,2,8
7972,200,6843400736299409322,0,150,150,766,7,7,6,17
7973,200,-1646599097124824344,0,140,140,742,3,5,3,8
7974,200,2273917625861404953,0,153,153,763,1,3,1,8
7975,200,8092150664054584661,0,171,171,766,5,2,2,6
7976,200,-5415809801321370795,0,159,159,751,2,2,1,2
7977,200,-3260724383896196229,0,134,134,762,8,2,2,6
7978,200,-3792931354327142765,0,163,163,769,3,3,1,5
7979,200,-2937418383170834401,0,140,140,764,1,5,1,16
7980,200,-609266723854874843,0,136,136,753,5,5,3,8
7981,200,8781921962838157537,0,123,123,763,5,8,7,17
7982,200,-2063559062237207098,0,158,158,781,6,2,2,2
7983,200,-7128353348392240976,0,135,135,784,1,5,1,12
7984,200,7486163088603199799,0,162,162,737,4,5,3,11
7985,200,-7837586777640174208,0,104,104,753,1,7,5,15
7986,200,3812290809078449418,0,158,158,775,5,6,4,20
7987,200,4891491692932740410,0,150,150,786,2,7,3,24
7988,200,-8333388086392729155,0,102,102,753,2,6,3,13
7989,200,-8305202979334849036,0,150,150,739,2,4,1,6
7990,200,7443501958792694281,0,116,116,759,1,6,3,13
7991,200,-6955922316389571231,0,148,148,751,5,4,1,8
7992,200,3761053318143859068,0,144,144,765,4,2,1,6
7993,200,7529462244738251659,0,118,118,759,1,3,1,5
7994,200,359720732142362693,0,150,150,783,3,8,3,15
7995,200,-5909841266358149953,0,80,80,746,2,4,2,9
7996,200,2127084993062326350,0,157,157,749,4,7,5,20
7997,200,4629095831851148999,0,151,151,742,2,6,4,15
7998,200,2972460608248579984,0,109,109,738,2,8,4,21
7999,200,-4981922208607072930,0,151,151,750,3,7,5,22
8000,200,2443398740208384929,0,105,105,745,1,5,4,12
8001,200,8073977395179749856,0,130,130,756,3,5,2,11
8002,200,-1138748993132557679,0,149,149,748,2,4,1,13
8003,200,-2182450278142074303,0,133,133,736,4,4,3,12
8004,200,-4341010318633171721,0,127,127,751,3,5,2,11
8005,200,-1812926935507836097,0,121,121,731,3,5,3,11
8006,200,-2209445297046502074,0,97,97,747,1,7,5,20
8007,200,5418513400120895963,0,156,156,763,6,3,2,7
8008,200,8393631807944747108,0,171,171,761,3,4,2,10
8009,200,7205081852647540740,0,127,127,749,2,5,2,10
8010,200,-5837451155909411971,0,151,151,744,2,5,2,17
8011,200,722605508616671381,0,127,127,762,2,6,4,11
8012,200,-995023794972642541,0,149,149,743,3,4,2,14
8013,200,8735784554698765954,0,138,138,760,1,11,7,26
8014,200,-3516332256183025831,0,146,146,775,2,4,1,8
8015,200,5949032906174917453,0,147,147,745,1,4,2,12
8016,200,-6235904137644011071,0,129,129,750,4,6,3,15
8017,200,34495034715697342,0,134,134,753,3,4,2,8
8018,200,-6550949872830994477,0,160,160,782,3,6,3,9
8019,200,-2042401670721924654,0,161,161,729,3,6,4,13
8020,200,2187610897465192256,0,137,137,765,2,6,3,15
8021,200,6150112372832483059,0,128,128,749,2,3,1,7
8022,200,3147549825193449271,0,153,153,774,2,2,1,3
8023,200,-2609013989328074391,0,130,130,762,1,7,5,17
8024,200,-152594637681892618,0,157,157,765,5,3,2,6
8025,200,757693791151069712,0,138,138,765,3,7,4,19
8026,200,6175646817808044451,0,142,142,770,3,3,1,13
8027,200,-2192452104633286837,0,143,143,731,3,2,1,5
8028,200,-6966011467270803621,0,183,183,738,3,5,3,11
8029,200,225663981067329080,0,110,110,731,6,3,1,8
8030,200,-6926014173375487093,0,122,122,766,4,5,3,12
8031,200,8871708593858089764,0,144,144,732,1,5,3,9
8032,200,7738148701339914367,0,142,142,740,4,4,2,13
8033,200,-3388480106729673407,0,96,96,764,5,4,3,7
8034,200,-6507874904851097544,0,144,144,747,4,4,2,8
8035,200,-6051512495798931050,0,146,146,756,1,4,3,10
8036,200,-3101375479231669631,0,138,138,773,4,6,5,16
8037,200,-571227241680709322,0,150,150,752,3,7,5,19
8038,200,-2116235876939251644,0,149,149,755,1,5,3,18
8039,200,8487087263106825908,0,138,138,758,2,5,1,15
8040,200,5613869512440080409,0,127,127,755,2,7,4,13
8041,200,4677114603157597909,0,138,138,723,4,8,5,19
8042,200,3209026951336888351,0,116,116,762,2,5,2,14
8043,200,-6700710176689418105,0,143,143,743,5,4,2,8
8044,200,-1705916376699184881,0,127,127,744,2,10,7,14
8045,200,-7888420677240023022,0,125,125,762,5,2,1,3
8046,200,-2498616764988727667,0,151,151,728,2,5,2,17
8047,200,6463141092878465421,0,146,146,751,2,5,3,12
8048,200,2523417444310884545,0,135,135,756,1,4,2,12
8049,200,-1866366916882706798,0,132,132,757,4,3,2,7
8050,200,1537274716482562854,0,141,141,751,2,4,1,7
8051,200,5576007370649117493,0,146,146,743,1,4,2,7
8052,200,-5314630858854325087,0,135,135,754,2,5,2,15
8053,200,-4195349298370978255,0,149,149,748,3,4,3,9
8054,200,-492349632219736875,0,146,146,744,5,3,2,7
8055,200,1017001428765587556,0,171,171,774,1,4,2,8
8056,200,1436862653826443957,0,159,159,779,2,7,5,10
8057,200,8135455794743031677,0,149,149,743,2,5,3,13
8058,200,5804484594810919002,0,108,108,749,2,4,2,10
8059,200,-2496911003416764429,0,118,118,747,3,4,1,11
8060,200,-5406074903523174378,0,132,132,752,1,4,2,13
8061,200,3450351627535618616,0,135,135,751,2,6,3,15
8062,200,8488481472039513800,0,146,146,738,1,7,3,15
8063,200,-6461576887366121682,0,133,133,747,4,6,4,14
8064,200,4263086311604420465,0,130,130,762,2,4,3,12
8065,200,-7325718899792142375,0,143,143,744,1,4,2,10
8066,200,1711192713933030407,0,145,145,763,2,5,2,9
8067,200,3714960533309488214,0,165,165,746,1,5,3,13
8068,200,-1870281458877120631,0,160,160,753,7,4,3,10
8069,200,-7906738774064624116,0,171,171,762,3,4,2,9
8070,200,-1561732330399417005,0,160,160,766,4,4,2,7
8071,200,9176741102678382880,0,102,102,759,1,9,5,21
8072,200,-2974362907336838733,0,144,144,755,2,6,3,15
8073,200,9183116984054733102,0,133,133,765,4,5,3,8
8074,200,298874758923997115,0,116,116,760,1,5,3,13
8075,200,697333296416537909,0,134,134,756,2,8,5,16
8076,200,2681555240321214552,0,155,155,725,6,6,4,12
8077,200,-1865081791494918447,0,133,133,752,1,7,2,17
8078,200,5887859204103988899,0,117,117,787,2,6,4,11
8079,200,8189640518285531312,0,139,139,731,8,2,1,3
8080,200,-2873662007819502218,0,169,169,758,1,8,5,19
8081,200,-3680976946358738882,0,148,148,764,1,4,1,9
8082,200,4117515760477739586,0,139,139,739,3,5,3,15
8083,200,3279517743901787811,0,129,129,768,7,3,2,7
8084,200,7320491852026671392,0,138,138,754,3,4,2,10
8085,200,-8829297807026068242,0,135,135,738,6,2,2,8
8086,200,4870302175795820069,0,130,130,732,5,3,2,6
8087,200,2296907489339914130,0,131,131,773,4,4,1,9
8088,200,-9016603068633212934,0,154,154,767,3,3,1,5
8089,200,6052897963462651152,0,160,160,752,9,1,1,3
8090,200,7180310236845199274,0,146,146,769,1,4,2,8
8091,200,-749522043768968203,0,121,121,743,5,3,1,9
8092,200,-5917106576451216963,0,132,132,755,1,7,4,11
8093,200,2461363840237077511,0,148,148,761,2,3,2,7
8094,200,4212400340375153798,0,119,119,748,1,6,4,18
8095,200,-6082260085040906565,0,109,109,768,1,8,6,23
8096,200,770830186561601465,0,105,105,738,8,3,2,5
8097,200,-2187649414720437527,0,148,148,765,1,4,2,13
8098,200,-8115937952190826176,0,174,174,732,1,7,4,18
8099,200,6365835553247494082,0,152,152,762,1,6,4,21
8100,200,-1961420089348205746,0,140,140,758,1,3,1,3
8101,200,-8974033391822728447,0,129,129,765,3,2,1,7
8102,200,595121182795354035,0,120,120,740,6,5,3,12
8103,200,6417925264744521312,0,141,141,760,3,7,5,10
8104,200,7088859613117287538,0,150,150,745,4,11,8,22
8105,200,8135833969447927885,0,139,139,740,6,3,2,7
8106,200,1366003939621244304,0,80,80,744,8,2,1,4
8107,200,5669139300847625181,0,134,134,771,1,7,5,11
8108,200,-4720434366140739538,0,133,133,749,1,8,5,22
8109,200,4865845211980553216,0,103,103,734,3,3,2,13
8110,200,-2713382403284043046,0,122,122,766,5,8,6,19
8111,200,-1510466860274237962,0,130,130,771,6,9,8,18
8112,200,-6037791117094944991,0,136,136,764,5,3,1,6
8113,200,1274893285669482241,0,123,123,746,7,5,4,15
8114,200,1444561167697395816,0,151,151,758,6,3,2,10
8115,200,7724492824618867036,0,177,177,751,1,2,1,8
8116,200,6659368380009092091,0,109,109,746,1,5,2,11
8117,200,402507031802772587,0,158,158,743,4,4,3,8
8118,200,7915417593853226598,0,131,131,749,1,4,1,15
8119,200,-4646965837689336781,0,81,81,779,1,10,6,16
8120,200,-206715707264183805,0,151,151,763,1,5,2,16
8121,200,2065149805608784907,0,140,140,752,3,4,2,11
8122,200,7219776762900632276,0,135,135,737,1,7,3,18
8123,200,-3539515209616617325,0,150,150,741,5,6,4,12
8124,200,8067811620500865938,0,143,143,755,1,3,1,4
8125,200,-2457081948282637083,0,141,141,756,1,12,6,22
8126,200,6156508269325475845,0,148,148,759,1,7,4,17
8127,200,-679808152832127221,0,107,107,762,3,4,3,6
8128,200,7168679645389359254,0,125,125,768,7,1,1,1
8129,200,-8253059109001871440,0,135,135,762,1,4,2,7
8130,200,-5209889960775490782,0,124,124,742,2,3,2,7
8131,200,-2000858211893216999,0,103,103,761,4,5,3,13
8132,200,-1045563666499832560,0,145,145,743,2,8,5,17
8133,200,-1981296087463544491,0,128,128,768,1,4,1,10
8134,200,8175655604076563109,0,147,147,738,7,7,6,10
8135,200,3184267017711825843,0,146,146,770,2,7,4,17
8136,200,7091220551395704726,0,142,142,768,1,5,2,15
8137,200,-7187830601172492940,0,140,140,743,6,2,1,8
8138,200,8597721627100134622,0,176,176,744,1,4,2,12
8139,200,-8500267769171455551,0,123,123,753,2,4,2,11
8140,200,-4870485383185088558,0,112,112,744,5,3,1,7
8141,200,3147942232237048030,0,152,152,769,6,4,2,9
8142,200,-326358658162835854,0,151,151,761,1,7,4,22
8143,200,-8206097244869091680,0,155,155,740,1,3,1,9
8144,200,5972383406016216320,0,126,126,755,2,4,2,9
8145,200,-1197649002169433060,0,135,135,738,5,3,1,4
8146,200,-5917671266432669482,0,124,124,739,3,4,2,7
8147,200,-7598510152496449376,0,172,172,759,3,5,2,12
8148,200,-6815495725546025868,0,134,134,752,4,3,2,14
8149,200,-7835437562108176921,0,123,123,769,7,1,1,2
8150,200,-4167149203886739240,0,144,144,784,2,2,1,5
8151,200,6246184451697458055,0,132,132,754,1,6,3,17
8152,200,6586027222752837650,0,148,148,755,1,4,2,8
8153,200,-109655705545947730,0,80,80,762,1,6,2,12
8154,200,-3259955193015386857,0,145,145,746,6,5,3,12
8155,200,-2575031031300359411,0,111,111,749,4,3,1,8
8156,200,-4621042011208293164,0,158,158,754,2,8,5,21
8157,200,3573216649947309587,0,112,112,754,1,5,3,17
8158,200,-7875246808528565114,0,133,133,756,3,3,2,10
8159,200,-742081810817315490,0,139,139,772,5,4,2,10
8160,200,-1203937497259880120,0,140,140,769,1,4,1,9
8161,200,9201797191028621166,0,120,120,768,6,6,5,14
8162,200,8236242275932515565,0,133,133,755,6,6,5,16
8163,200,1812263689896125851,0,143,143,734,2,4,2,4
8164,200,3985145663429870607,0,142,142,764,1,6,2,16
8165,200,5430569091641283144,0,133,133,769,3,4,1,10
8166,200,-7176384124608757400,0,167,167,765,2,7,5,16
8167,200,8095852028305096281,0,143,143,748,8,2,2,6
8168,200,482367545034265184,0,141,141,758,1,4,2,9
8169,200,-555971047280219679,0,127,127,768,7,2,1,6
8170,200,-788239858975172378,0,107,107,751,3,4,3,11
8171,200,8750103991895364640,0,145,145,759,5,2,1,2
8172,200,-9072944858174347646,0,127,127,739,2,6,3,11
8173,200,1382144679677968044,0,127,127,753,1,7,5,19
8174,200,-4911169509491206997,0,175,175,760,3,4,2,6
8175,200,-4533370186236989459,0,91,91,750,2,3,1,4
8176,200,-9213236549267780011,0,166,166,741,3,6,2,12
8177,200,-3936853181004355378,0,116,116,763,1,5,2,13
8178,200,503933490590047950,0,144,144,746,2,6,3,14
8179,200,-7574983999644794448,0,150,150,749,3,3,1,8
8180,200,736074965608110538,0,137,137,762,1,8,4,19
8181,200,-6207919845149089118,0,134,134,739,4,5,3,14
8182,200,-4442643990493122372,0,165,165,760,3,5,3,10
8183,200,4651038480434924239,0,157,157,754,2,10,7,24
8184,200,6687659231056300390,0,130,130,788,2,5,1,8
8185,200,5912815768507964215,0,125,125,752,1,6,3,10
8186,200,6881887580534335923,0,136,136,740,9,6,6,12
8187,200,2132348509120567457,0,119,119,756,5,2,1,4
8188,200,-3944973247905837884,0,126,126,745,4,4,3,12
8189,200,1763873394325788880,0,141,141,748,2,6,4,15
8190,200,-1234250895744010936,0,117,117,768,1,4,2,17
8191,200,6953454741218889460,0,135,135,773,1,4,2,7
8192,200,-4005866729184014064,0,135,135,726,5,3,2,10
8193,200,-14635972732671133,0,118,118,764,5,5,3,12
8194,200,-1483940737804631582,0,149,149,747,5,6,4,10
8195,200,9176843398209077896,0,155,155,769,5,4,2,7
8196,200,317848489073942412,0,114,114,752,1,4,1,13
8197,200,4420519162715205403,0,141,141,746,2,6,4,16
8198,200,-7113805686153214148,0,113,113,751,2,4,2,13
8199,200,4740703726649828242,0,150,150,763,1,9,5,21
8200,200,2139339707017972750,0,122,122,758,2,8,5,13
8201,200,7346896575346269911,0,110,110,753,4,8,6,22
8202,200,-7368030973518045977,0,155,155,757,8,2,1,5
8203,200,6804573517812496442,0,132,132,744,5,2,1,9
8204,200,8486015706983019392,0,135,135,748,3,4,2,10
8205,200,-1981245035214981464,0,111,111,761,3,5,4,9
8206,200,-8000158988377448251,0,150,150,752,5,6,5,12
8207,200,-1274463675551766755,0,143,143,751,5,3,2,5
8208,200,6386217014769289823,0,135,135,741,1,5,3,9
8209,200,-5351850990422661545,0,138,138,741,6,3,2,3
8210,200,5516464787496414607,0,124,124,741,5,7,5,15
8211,200,-7425958273953918517,0,162,162,768,1,7,4,19
8212,200,8331445019673639741,0,115,115,759,1,9,5,21
8213,200,-8851054869367565348,0,142,142,753,1,5,1,12
8214,200,8934767232597156176,0,143,143,772,1,11,6,26
8215,200,4610684374730145610,0,99,99,767,2,4,2,7
8216,200,-6397984790426839744,0,170,170,765,3,8,6,19
8217,200,3404495635142602216,0,130,130,759,3,3,2,6
8218,200,-5876214796170988568,0,144,144,735,2,5,3,11
8219,200,2141499195839125137,0,145,145,730,9,3,3,10
8220,200,-1801291375549887840,0,123,123,777,1,4,1,7
8221,200,6691490241901399644,0,182,182,758,1,2,1,7
8222,200,-6671726946008490613,0,137,137,780,2,4,2,10
8223,200,-4773510490096932594,0,151,151,759,3,7,4,24
8224,200,713104782678671149,0,133,133,762,1,11,7,27
8225,200,7279287405383462096,0,135,135,773,1,5,3,14
8226,200,-1285570891900007105,0,139,139,744,2,4,2,6
8227,200,-887654438524334815,0,155,155,754,1,6,2,9
8228,200,2471538942640891590,0,141,141,747,1,6,3,15
8229,200,-2208361657758850803,0,154,154,745,1,4,1,12
8230,200,-4454178797053333663,0,124,124,760,5,3,1,8
8231,200,-605075091615381345,0,138,138,762,3,4,2,8
8232,200,3796936882784138211,0,138,138,751,8,2,1,5
8233,200,7680793618824738195,0,124,124,739,1,5,3,13
8234,200,-6851515394465364959,0,139,139,747,3,11,7,25
8235,200,2071225685302332239,0,128,128,761,1,6,4,18
8236,200,-1653431947455326708,0,170,170,760,3,4,2,8
8237,200,-4445369876300772844,0,152,152,739,1,6,4,18
8238,200,-8402854787791534591,0,129,129,755,4,3,2,7
8239,200,3068704965090670960,0,128,128,764,1,5,1,12
8240,200,2441800275643009119,0,160,160,764,4,8,6,22
8241,200,5150991841159038455,0,157,157,733,1,7,5,14
8242,200,5531169713496531034,0,128,128,746,3,7,4,15
8243,200,4411640686605387314,0,135,135,747,1,6,4,15
8244,200,4170326067479687182,0,133,133,765,2,5,2,9
8245,200,-881943136252388650,0,125,125,775,1,6,2,13
8246,200,7840096272380442070,0,151,151,738,2,5,3,12
8247,200,3882138495945350712,0,139,139,738,7,1,1,5
8248,200,533919987668355807,0,150,150,755,1,6,3,21
8249,200,5144970444392208128,0,140,140,752,1,2,1,5
8250,200,6608866119596816119,0,142,142,736,4,6,3,15
8251,200,3514083886186979868,0,159,159,740,5,2,1,3
8252,200,-6088601770488812118,0,141,141,747,3,4,2,14
8253,200,8813711707193198584,0,113,113,753,3,3,2,10
8254,200,8282865209956747407,0,117,117,746,2,2,1,4
8255,200,3013001098753274091,0,128,128,737,3,4,2,12
8256,200,-6928501883681238305,0,115,115,761,1,8,6,25
8257,200,50465427776122100,0,141,141,745,2,5,1,16
8258,200,8709561384620505670,0,118,118,763,2,4,1,9
8259,200,-735203734995238235,0,141,141,754,3,4,2,13
8260,200,7927601211111979261,0,143,143,771,3,6,4,12
8261,200,-999653847812720290,0,143,143,754,2,3,1,11
8262,200,8031082080293260568,0,150,150,760,4,8,5,16
8263,200,-432450852664159554,0,106,106,760,5,3,1,3
8264,200,-569992847849713380,0,120,120,756,4,6,2,18
8265,200,3035947651903596375,0,130,130,760,3,6,3,18
8266,200,-7470182252068550188,0,127,127,768,4,4,2,8
8267,200,-7460380865262085472,0,134,134,760,1,5,3,15
8268,200,4696241987085843812,0,168,168,753,4,5,3,18
8269,200,695311423953279535,0,160,160,749,2,8,5,25
8270,200,-4405733731191674978,0,132,132,743,1,5,3,10
8271,200,1972251926134119463,0,165,165,754,7,9,7,25
8272,200,3647291225076440980,0,123,123,750,1,11,8,26
8273,200,-7433566260558196498,0,155,155,767,5,4,2,11
8274,200,3105090389622555245,0,147,147,770,4,5,3,17
8275,200,442363281682136099,0,136,136,734,8,2,1,4
8276,200,-1088611489948354692,0,145,145,756,4,4,2,8
8277,200,7576148308851566799,0,138,138,750,2,6,3,15
8278,200,7694293048182186382,0,139,139,759,3,8,6,19
8279,200,1680527922395426009,0,144,144,751,1,4,2,8
8280,200,-1049889695765900926,0,143,143,757,2,3,1,9
8281,200,-27238520132948033,0,153,153,749,2,5,1,13
8282,200,4595397164296195615,0,119,119,765,5,2,1,5
8283,200,-981664401286387581,0,166,166,781,4,2,1,7
8284,200,2946099310257145121,0,157,157,752,1,6,3,10
8285,200,-4616058450764331294,0,137,137,753,2,4,3,7
8286,200,3853953839466756501,0,136,136,751,2,3,1,6
8287,200,6688410159936256971,0,143,143,770,2,9,6,23
8288,200,6314054760049869670,0,132,132,765,5,4,2,11
8289,200,5222690189809734927,0,156,156,741,5,5,4,14
8290,200,-7979512616090586058,0,144,144,746,3,5,3,16
8291,200,3923255418915954772,0,128,128,747,2,6,4,12
8292,200,-5734479867245644430,0,110,110,751,1,3,1,8
8293,200,-1116196661814752945,0,151,151,770,3,3,1,8
8294,200,4312112558889710496,0,118,118,776,3,7,4,13
8295,200,-2842921815256225999,0,131,131,772,3,3,2,7
8296,200,-3199323731556291846,0,142,142,772,4,7,3,14
8297,200,-6816596755447337630,0,136,136,749,2,5,2,8
8298,200,-4306628247794046656,0,145,145,746,1,4,2,15
8299,200,6077388729382810476,0,134,134,755,1,6,4,13
8300,200,6861232923559844042,0,146,146,760,1,6,4,11
8301,200,-7764648196368824263,0,112,112,769,1,8,5,17
8302,200,192954730410518748,0,122,122,732,3,5,2,18
8303,200,2093273993958524033,0,135,135,773,4,4,2,12
8304,200,2515504139261585213,0,150,150,772,1,5,2,15
8305,200,-7678901932871315331,0,168,168,762,3,5,1,11
8306,200,6094387193673309962,0,132,132,765,4,2,1,2
8307,200,455248643041546464,0,129,129,739,8,4,4,8
8308,200,6667071061902741703,0,131,131,757,6,4,2,12
8309,200,5767267032243252999,0,125,125,757,7,3,2,9
8310,200,-1981260653147662410,0,154,154,747,4,6,5,9
8311,200,2588214980016222318,0,143,143,763,5,6,4,9
8312,200,4666027665919938668,0,144,144,742,1,7,2,15
8313,200,-3817989206449237658,0,145,145,744,2,4,2,7
8314,200,-886391092334291808,0,140,140,760,4,7,5,17
8315,200,284758871959983876,0,133,133,764,2,4,2,13
8316,200,8738295628322316358,0,128,128,747,2,8,5,29
8317,200,-5575510482525369252,0,155,155,762,5,3,2,8
8318,200,-6581916665622334500,0,144,144,750,2,4,3,12
8319,200,-1083398336554033425,0,165,165,757,1,10,6,25
8320,200,3467150042433423362,0,166,166,783,1,8,5,18
8321,200,4652302651427098209,0,129,129,760,7,5,3,13
8322,200,6393434940826609232,0,140,140,746,9,1,1,1
8323,200,7328439607829848942,0,113,113,763,1,10,7,22
8324,200,-5302745849076794525,0,135,135,742,9,2,2,6
8325,200,-7660763920122174945,0,110,110,752,1,4,2,9
8326,200,5534887666729907769,0,153,153,743,4,5,3,16
8327,200,-6886806531770897608,0,152,152,747,5,2,1,3
8328,200,-3276225017402062658,0,134,134,728,2,4,3,10
8329,200,2330806915179184372,0,139,139,758,4,3,2,10
8330,200,-4352585974851330650,0,127,127,732,1,7,5,16
8331,200,5764581358556357363,0,143,143,733,2,5,2,11
8332,200,5217068328659375997,0,143,143,742,1,6,3,14
8333,200,4230793798056129907,0,163,163,741,2,3,2,6
8334,200,-5339948959114007301,0,146,146,757,1,4,2,8
8335,200,-6255750640365541442,0,113,113,733,2,6,3,16
8336,200,4360242649708443293,0,122,122,744,2,6,4,12
8337,200,-8891773019029090845,0,130,130,770,1,6,2,11
8338,200,-5474140065449672336,0,130,130,744,4,3,1,6
8339,200,-3542173916039143000,0,141,141,769,3,7,4,13
8340,200,-6283411764872889553,0,141,141,744,1,5,2,13
8341,200,-7158801656778285378,0,136,136,749,1,3,2,11
8342,200,6728637091953888144,0,141,141,752,3,7,4,15
8343,200,6628863632925093430,0,138,138,746,5,5,3,16
8344,200,4076856431933861594,0,139,139,764,2,3,1,7
8345,200,-4256123064804190925,0,139,139,767,5,4,3,7
8346,200,-7679977863454579269,0,136,136,763,2,5,2,17
8347,200,786540800650484449,0,164,164,755,2,4,2,9
8348,200,-8717771735744147881,0,129,129,756,2,10,5,21
8349,200,-5815804368737805915,0,125,125,790,4,3,1,6
8350,200,7493131585116682916,0,147,147,755,1,5,2,10
8351,200,-1676343096170106986,0,128,128,753,1,6,4,16
8352,200,-1586434515905816588,0,74,74,762,1,4,1,8
8353,200,2736230311908606507,0,168,168,763,5,6,5,8
8354,200,6958495869888150483,0,130,130,744,3,5,3,16
8355,200,4699542816935364916,0,162,162,738,1,6,2,15
8356,200,-6254146419665720814,0,153,153,772,3,6,4,8
8357,200,-8831797857236839154,0,113,113,760,5,4,2,7
8358,200,-953499461791324125,0,158,158,763,2,4,3,13
8359,200,8263409670910723089,0,138,138,765,3,4,2,13
8360,200,-4609303556719955545,0,150,150,737,1,6,3,15
8361,200,309413650792717133,0,134,134,758,3,5,3,12
8362,200,8384965997613900357,0,142,142,752,1,4,1,9
8363,200,2753862579695040118,0,166,166,744,3,4,2,13
8364,200,1030495822436100285,0,126,126,753,5,3,2,6
8365,200,-7577595407124954340,0,143,143,736,7,7,5,18
8366,200,1409522215459542844,0,123,123,744,6,2,1,4
8367,200,-233899180673647842,0,134,134,740,6,2,1,7
8368,200,3102962551641908465,0,145,145,769,4,2,1,6
8369,200,-3198437924524518816,0,157,157,783,1,4,3,6
8370,200,2760619458287563999,0,154,154,758,1,4,1,5
8371,200,-7097733066925831237,0,151,151,760,3,5,2,15
8372,200,-2148679570929453579,0,140,140,751,2,5,2,17
8373,200,-6996425542171612875,0,120,120,754,1,5,2,13
8374,200,3017385986246455387,0,155,155,749,5,2,2,2
8375,200,3953191923547335537,0,137,137,727,6,7,5,19
8376,200,-4319287643693132786,0,166,166,757,1,4,1,10
8377,200,-8413639250840136600,0,136,136,748,2,8,4,19
8378,200,-3749563222408307538,0,139,139,757,2,6,3,12
8379,200,-1228119640240692903,0,150,150,756,2,6,3,16
8380,200,1512347041752522390,0,136,136,764,1,5,3,9
8381,200,-3665051052424941570,0,132,132,740,4,3,1,9
8382,200,6998981157379543341,0,158,158,743,3,2,1,4
8383,200,8443039292402975488,0,140,140,751,1,9,6,20
8384,200,-2888493490749216133,0,143,143,750,3,3,1,6
8385,200,6397990411030796715,0,141,141,750,4,4,2,9
8386,200,4486116925276872703,0,137,137,735,1,9,4,22
8387,200,-2127256869686472987,0,108,108,742,2,5,3,10
8388,200,-6443538521085894466,0,158,158,787,4,2,1,3
8389,200,4639054846286476124,0,98,98,749,2,8,5,20
8390,200,-8840664324640318305,0,126,126,761,3,8,7,18
8391,200,6517693848592029438,0,156,156,757,4,2,1,7
8392,200,-8695060362006106890,0,167,167,744,1,7,4,20
8393,200,-5606523898532842066,0,123,123,757,1,3,2,10
8394,200,1708914591800554078,0,154,154,759,2,3,1,7
8395,200,7721712685248510772,0,161,161,762,2,5,2,16
8396,200,-640198658933883957,0,128,128,742,8,3,2,9
8397,200,418502271701979764,0,120,120,769,6,2,1,3
8398,200,-8431023949219853602,0,132,132,745,7,3,1,5
8399,200,-114263633439165470,0,125,125,738,1,4,2,8
8400,200,-1415391237860980357,0,135,135,746,5,4,3,12
8401,200,2300446526547191605,0,154,154,748,9,1,1,2
8402,200,3355260415532532888,0,157,157,767,5,7,5,17
8403,200,-3817009738920956838,0,142,142,747,2,6,4,17
8404,200,-5922526940891725737,0,118,118,750,6,4,2,14
8405,200,1490693357187547051,0,123,123,770,1,5,2,11
8406,200,7766831975886125399,0,129,129,768,2,3,2,5
8407,200,-7416845476866822816,0,159,159,774,3,6,3,14
8408,200,-679970924745988281,0,139,139,746,2,4,2,5
8409,200,6379305411176835141,0,145,145,752,1,6,2,12
8410,200,844374485220447419,0,138,138,762,1,3,1,6
8411,200,6361259657188530093,0,145,145,749,2,5,3,12
8412,200,488775021750411330,0,142,142,769,2,7,5,23
8413,200,-7083882179751771,0,163,163,762,1,4,2,7
8414,200,4044061303429118647,0,105,105,737,2,3,2,6
8415,200,-280789761622774163,0,170,170,748,2,6,2,9
8416,200,-1234461709498124585,0,169,169,761,4,4,2,11
8417,200,-8761364855264051677,0,124,124,782,2,3,1,10
8418,200,6894347797055258132,0,172,172,755,2,3,1,11
8419,200,5551395526071792065,0,175,175,744,3,5,3,12
8420,200,-7414719769266880856,0,151,151,763,5,4,2,10
8421,200,6214349063622692425,0,130,130,741,4,8,6,21
8422,200,9186695943041312492,0,156,156,760,4,5,4,11
8423,200,7152211353543838014,0,139,139,735,3,3,1,9
8424,200,-3170661189265145367,0,141,141,750,7,3,3,7
8425,200,-3395888695893145258,0,120,120,767,1,6,3,17
8426,200,-5310493585630262993,0,139,139,767,3,8,5,17
8427,200,5378052772591976044,0,132,132,731,1,5,2,12
8428,200,-1879930793247686683,0,147,147,747,2,4,2,7
8429,200,-1551925247804160837,0,123,123,780,4,8,5,22
8430,200,8072046087988079393,0,149,149,766,4,3,1,6
8431,200,7259228535406544713,0,135,135,785,4,2,1,3
8432,200,42394254122564473,0,171,171,726,4,4,1,11
8433,200,-9119898512049793632,0,135,135,733,6,2,2,6
8434,200,-1551095046177080358,0,117,117,765,1,12,7,27
8435,200,8745954510980112579,0,121,121,739,2,2,1,5
8436,200,4738094645968148887,0,148,148,783,1,6,2,14
8437,200,8942999964481065824,0,123,123,778,3,6,3,13
8438,200,5655016919026391493,0,137,137,754,2,2,1,5
8439,200,767811271711127873,0,128,128,738,3,3,1,8
8440,200,-3752345783880839227,0,182,182,749,1,8,6,16
8441,200,6803873887057799688,0,152,152,747,2,5,3,16
8442,200,1921439543194675489,0,128,128,740,5,5,2,17
8443,200,7916168941869001499,0,114,114,753,4,4,2,6
8444,200,-1657635748782857572,0,126,126,751,2,4,2,9
8445,200,8798199986311920860,0,130,130,748,3,5,3,11
8446,200,2856135242914740867,0,160,160,749,3,2,1,6
8447,200,6803395521814562589,0,157,157,757,2,5,3,10
8448,200,1609207716192613449,0,121,121,754,3,3,2,5
8449,200,1426591411974707411,0,122,122,749,5,5,2,13
8450,200,2261263351607951698,0,87,87,763,3,3,1,7
8451,200,4380934327421824777,0,123,123,748,2,3,1,9
8452,200,5793712278679151374,0,149,149,778,4,5,2,10
8453,200,-2876346480686369002,0,159,159,797,2,8,5,25
8454,200,-2590348802799052214,0,138,138,737,5,8,5,24
8455,200,-1209427077376360430,0,154,154,750,1,9,6,27
8456,200,-995253274738362430,0,134,134,761,1,9,5,15
8457,200,-4375146608645894267,0,163,163,747,7,4,3,9
8458,200,-4287168724387257862,0,138,138,765,6,3,1,8
8459,200,7374533184112495969,0,152,152,756,2,4,2,10
8460,200,206872368146818125,0,149,149,754,2,4,1,13
8461,200,3426745873052285746,0,118,118,766,3,3,1,4
8462,200,-1785442472400512186,0,161,161,761,2,5,3,10
8463,200,2052727023154801299,0,149,149,745,6,4,1,8
8464,200,-2695223197692833234,0,132,132,756,1,14,10,32
8465,200,1493820676859832035,0,150,150,763,5,4,3,14
8466,200,5081467892617733605,0,117,117,752,1,7,4,17
8467,200,-9083852913685936583,0,143,143,751,2,6,4,19
8468,200,-7114147959959633675,0,142,142,747,4,3,1,11
8469,200,-6503234784519973484,0,100,100,757,3,4,2,8
8470,200,-8997177205817948957,0,147,147,777,1,10,7,19
8471,200,3270417295285146710,0,65,65,767,4,3,2,7
8472,200,2931840119097144520,0,133,133,755,4,5,3,13
8473,200,6901153195233211123,0,162,162,743,4,3,2,7
8474,200,-3124122361706040031,0,130,130,787,4,3,2,10
8475,200,-3193505987900094235,0,132,132,767,6,4,3,10
8476,200,-5082747365267180318,0,157,157,742,4,9,7,27
8477,200,5712696082305037795,0,148,148,734,6,3,2,7
8478,200,665005692911244240,0,134,134,758,3,6,4,15
8479,200,9100108745731580497,0,133,133,750,1,4,2,14
8480,200,-5147392765146752496,0,120,120,744,3,5,3,12
8481,200,-4055230459473816839,0,143,143,741,2,5,2,13
8482,200,1789304056879486202,0,162,162,748,3,8,3,17
8483,200,3762670193520231419,0,160,160,769,4,3,1,8
8484,200,-2779533504800608974,0,118,118,770,1,6,3,18
8485,200,761072897467481858,0,136,136,750,5,3,2,8
8486,200,-5643265974601266695,0,132,132,737,2,5,2,18
8487,200,5570720443291869368,0,163,163,763,1,5,2,16
8488,200,-1232619787357317696,0,149,149,754,2,6,4,13
8489,200,7115868623425929595,0,170,170,754,6,3,3,6
8490,200,481223953543788542,0,137,137,738,1,10,6,28
8491,200,-855956514115603120,0,144,144,749,8,3,3,3
8492,200,-6661839551569045438,0,100,100,736,2,4,1,11
8493,200,720242638152095511,0,158,158,747,1,5,3,16
8494,200,1310516465589321355,0,160,160,734,8,1,1,2
8495,200,-1237734009797815552,0,143,143,741,3,7,6,21
8496,200,-8061645944325495593,0,172,172,756,1,3,1,7
8497,200,-4227333823299722179,0,145,145,746,2,6,3,10
8498,200,8230119826245062137,0,152,152,790,4,4,1,9
8499,200,-6642543424982926855,0,137,137,769,6,5,3,7
8500,200,75164593347704239,0,119,119,742,3,4,2,15
8501,200,-8725572595239028856,0,122,122,741,4,5,2,13
8502,200,-214442141320352269,0,133,133,775,2,7,3,10
8503,200,8287895823098774495,0,146,146,748,4,3,2,10
8504,200,1898967954420891025,0,94,94,764,1,8,5,18
8505,200,-8434996069774107579,0,147,147,733,4,3,1,11
8506,200,3429564675655078905,0,178,178,756,1,7,3,14
8507,200,-1657154529104339382,0,133,133,742,1,4,2,9
8508,200,-1187916836638022058,0,131,131,745,1,4,2,7
8509,200,6216611400598568184,0,136,136,760,4,7,3,20
8510,200,-6803093578245895713,0,141,141,783,1,5,3,14
8511,200,392801609225475400,0,120,120,739,2,5,3,10
8512,200,-7864887107672252564,0,135,135,754,4,3,2,7
8513,200,-5402736826982705705,0,135,135,759,3,5,3,15
8514,200,-4852417928549718965,0,123,123,766,2,5,2,8
8515,200,-3847935313141994023,0,127,127,750,2,6,4,14
8516,200,1632791309638990932,0,133,133,764,2,5,1,9
8517,200,6354223658136434509,0,131,131,746,1,5,3,13
8518,200,1100672232295270714,0,152,152,755,4,3,1,9
8519,200,-8097198001566068622,0,137,137,764,3,3,2,8
8520,200,-562380457055165661,0,161,161,764,2,8,6,16
8521,200,-487352042155157383,0,168,168,755,6,2,2,2
8522,200,-5374648022506109317,0,139,139,742,2,6,3,15
8523,200,2032372963937698683,0,139,139,734,3,3,1,9
8524,200,8294810116324477701,0,146,146,766,3,5,3,13
8525,200,-353242956577850964,0,183,183,763,6,8,6,18
8526,200,8918391865153140786,0,139,139,762,4,3,2,6
8527,200,7464792804032951761,0,133,133,758,3,5,1,9
8528,200,-3887043612458726730,0,148,148,757,2,4,2,11
8529,200,6338011356536887023,0,144,144,726,3,6,4,17
8530,200,-7755587484580642985,0,152,152,749,4,6,4,11
8531,200,-1003674139314808508,0,126,126,756,1,5,3,12
8532,200,-6381880746731555065,0,125,125,730,1,5,2,14
8533,200,5465922926692018811,0,148,148,749,2,5,3,8
8534,200,-1317723793132140491,0,150,150,757,5,8,6,17
8535,200,1408044430429015322,0,157,157,747,3,6,3,14
8536,200,6315166362131648863,0,146,146,755,3,5,3,14
8537,200,-7779451587518562498,0,140,140,750,2,5,2,11
8538,200,9209705387495006443,0,145,145,743,1,3,1,9
8539,200,5086853709595596938,0,143,143,733,5,7,5,22
8540,200,-4307323040922122697,0,141,141,748,2,7,5,19
8541,200,5436204798037218141,0,159,159,759,3,3,1,8
8542,200,3227323861725519854,0,174,174,764,5,3,2,10
8543,200,7740967923137869122,0,109,109,749,5,5,3,11
8544,200,-4197167915024581731,0,140,140,753,2,10,6,16
8545,200,7266806352353135276,0,120,120,757,6,2,1,3
8546,200,2659593747431332485,0,163,163,760,6,3,2,5
8547,200,4202411117029714402,0,149,149,748,3,4,2,10
8548,200,-7465023133903245390,0,166,166,757,3,4,2,10
8549,200,-8968127771836813000,0,114,114,759,4,4,1,9
8550,200,1740759930021882700,0,156,156,782,1,4,1,13
8551,200,-6800338124672486273,0,139,139,760,2,4,2,8
8552,200,-179506256591296724,0,124,124,753,5,7,6,16
8553,200,8903826298456870334,0,115,115,760,4,7,4,22
8554,200,-2178522417080072014,0,136,136,732,3,7,5,18
8555,200,-7532395531253119711,0,153,153,755,3,4,1,11
8556,200,-2694579243319710763,0,133,133,768,5,3,1,10
8557,200,1357273528879989809,0,113,113,766,5,5,3,15
8558,200,-4300219792938947718,0,130,130,739,1,4,2,6
8559,200,-319117098513168315,0,125,125,758,7,3,2,8
8560,200,-815062313571345654,0,117,117,770,2,7,3,18
8561,200,-5422135339318556616,0,135,135,757,2,5,2,12
8562,200,-4660165602260794050,0,148,148,745,1,4,1,8
8563,200,-9081979935163973285,0,153,153,768,5,5,3,10
8564,200,-4846767338855381956,0,124,124,773,1,6,2,11
8565,200,-6191320695011483731,0,127,127,735,3,7,3,15
8566,200,97712288178210535,0,165,165,742,2,8,6,21
8567,200,4858891717368853833,0,134,134,738,4,3,2,8
8568,200,52407646923085682,0,124,124,734,2,3,1,6
8569,200,1093648172838941983,0,120,120,734,4,6,4,21
8570,200,-274805812546226378,0,145,145,749,1,6,3,23
8571,200,9006870236572853478,0,135,135,757,4,7,5,13
8572,200,-4996631418013473850,0,157,157,753,1,8,5,23
8573,200,3670189665697790545,0,133,133,758,1,4,1,10
8574,200,3065040359113857343,0,133,133,744,1,9,5,23
8575,200,4308469207257421696,0,180,180,770,5,3,1,7
8576,200,2691225496972617187,0,150,150,723,2,8,3,19
8577,200,4677404726822935225,0,159,159,751,6,4,3,17
8578,200,2975409598238466793,0,155,155,758,4,4,2,13
8579,200,3392992973936293207,0,110,110,746,1,5,2,11
8580,200,-5403783939778124146,0,165,165,758,1,4,1,9
8581,200,1843491436952206849,0,124,124,748,5,6,4,18
8582,200,6943658764711232367,0,149,149,759,6,3,2,7
8583,200,-7035400485067328993,0,128,128,737,5,5,4,14
8584,200,-8082147935025829606,0,110,110,775,1,4,2,6
8585,200,266270822211279498,0,126,126,746,4,5,3,10
8586,200,1839941217687730657,0,162,162,758,4,8,5,23
8587,200,-8238108980083849342,0,152,152,758,1,3,2,10
8588,200,-6256042729481475598,0,155,155,725,4,4,3,5
8589,200,8221070601893582820,0,169,169,740,7,2,1,6
8590,200,-8216755684478190684,0,139,139,753,2,8,4,22
8591,200,7976349139250167708,0,138,138,749,1,6,3,14
8592,200,-5767615663978042093,0,152,152,750,2,4,2,10
8593,200,8182784549906792792,0,139,139,732,2,5,3,14
8594,200,2682355398465694446,0,143,143,752,3,5,2,11
8595,200,6427836490796584829,0,93,93,738,1,9,6,29
8596,200,-7535029502454096754,0,107,107,749,2,6,3,16
8597,200,8253246848626100318,0,123,123,746,2,4,1,13
8598,200,-2671539356833112757,0,117,117,740,2,9,5,19
8599,200,-6204212535320870485,0,131,131,749,3,4,2,11
8600,200,-6953245646860552437,0,150,150,760,3,4,2,13
8601,200,772531907350107943,0,122,122,754,4,3,2,10
8602,200,-9045337912611868133,0,152,152,756,2,3,1,6
8603,200,1351866886615232669,0,177,177,728,1,7,5,17
8604,200,7503051118048202305,0,114,114,731,4,2,1,5
8605,200,-365665496777657580,0,133,133,748,5,4,2,9
8606,200,7668560034145745169,0,163,163,764,2,2,1,5
8607,200,-7175756965165952703,0,146,146,737,1,2,1,4
8608,200,-3927329059543624321,0,149,149,768,2,4,1,8
8609,200,4449117242734260028,0,131,131,761,3,5,3,9
8610,200,-5517241176690579275,0,145,145,767,1,7,3,17
8611,200,-3157119064194347658,0,111,111,769,3,4,1,9
8612,200,-2224033103624110041,0,108,108,749,4,4,3,4
8613,200,2582829961978343146,0,121,121,765,5,3,1,9
8614,200,-8584579322677910301,0,102,102,751,1,3,1,4
8615,200,7404999334437777043,0,159,159,749,1,7,5,15
8616,200,145709452517371949,0,159,159,774,2,5,3,12
8617,200,-8433727724229216227,0,133,133,758,2,4,2,15
8618,200,5439051492238628170,0,146,146,774,1,9,4,18
8619,200,-5495778293149657121,0,112,112,751,2,3,2,3
8620,200,-262082236851309412,0,153,153,750,6,4,2,6
8621,200,929420336818066951,0,172,172,739,1,3,2,10
8622,200,-6280858511377527825,0,150,150,762,7,2,1,8
8623,200,8814608287923507478,0,164,164,746,1,5,2,10
8624,200,9202010279055906833,0,159,159,735,2,7,4,16
8625,200,-7194656886779278449,0,186,186,750,3,5,3,13
8626,200,-8341389580802212953,0,147,147,739,1,3,1,6
8627,200,-7190184232302763798,0,141,141,763,2,5,2,11
8628,200,3488905355106697022,0,146,146,770,3,5,3,11
8629,200,7199222948943353295,0,162,162,765,3,3,2,8
8630,200,-3425437946624754016,0,147,147,774,1,7,3,14
8631,200,1667619486107514752,0,110,110,739,1,8,5,23
8632,200,7481315654630954856,0,140,140,766,4,4,2,10
8633,200,-1618890561285423466,0,150,150,777,5,7,4,22
8634,200,-7240766665466827560,0,156,156,771,6,2,1,5
8635,200,-4416234867893327633,0,123,123,749,6,6,5,18
8636,200,8966163152461010154,0,136,136,754,6,2,1,6
8637,200,6764493547707317990,0,135,135,767,1,7,4,16
8638,200,6353524061457842852,0,146,146,758,2,5,3,9
8639,200,1420976924967286725,0,133,133,743,4,4,2,9
8640,200,-2444054529342455376,0,134,134,740,5,3,2,11
8641,200,-4256172845492326025,0,164,164,736,1,5,3,14
8642,200,5989567626898429739,0,137,137,768,2,5,2,17
8643,200,2502695502396845953,0,141,141,756,2,8,4,20
8644,200,5188209315838106557,0,133,133,765,5,2,2,8
8645,200,1924328925209646387,0,119,119,739,2,8,5,20
8646,200,2005893355941126889,0,164,164,756,4,5,3,13
8647,200,8636949854381035290,0,126,126,777,7,3,2,9
8648,200,-3963930322464259163,0,143,143,762,5,3,2,8
8649,200,-1995018389638062152,0,92,92,753,5,6,4,17
8650,200,-1469571149180938707,0,172,172,762,5,5,3,7
8651,200,-6201405975280663690,0,149,149,779,7,2,1,6
8652,200,7515395767759797011,0,137,137,773,1,4,2,10
8653,200,-6002049832502992935,0,123,123,749,3,6,4,14
8654,200,9173346237250502554,0,145,145,748,2,6,3,14
8655,200,-5511825743083965964,0,164,164,762,3,3,1,7
8656,200,-4906214583464643771,0,140,140,742,1,7,4,17
8657,200,-4287098821677928419,0,120,120,731,1,7,4,14
8658,200,204512863923815082,0,153,153,768,2,5,3,10
8659,200,-261467689326030109,0,145,145,751,1,9,5,19
8660,200,-2645391924452365429,0,151,151,750,3,4,2,7
8661,200,4384255813211830591,0,161,161,774,2,4,2,9
8662,200,-1777456484667400666,0,116,116,761,5,2,1,6
8663,200,8833787662938643464,0,127,127,711,2,5,3,15
8664,200,-5206086629512126517,0,118,118,745,4,2,1,6
8665,200,9023739531922310316,0,141,141,747,3,4,2,7
8666,200,-4646287888190143825,0,140,140,742,7,4,3,7
8667,200,-418780833188611300,0,136,136,755,3,5,3,14
8668,200,729082174042998528,0,126,126,774,2,4,2,7
8669,200,344347187385147144,0,133,133,761,2,5,2,13
8670,200,-8654467712922109639,0,155,155,744,1,4,2,10
8671,200,-8148252045332471732,0,120,120,742,2,11,8,26
8672,200,-5529814986841857610,0,138,138,772,2,4,2,12
8673,200,-2350092378221000023,0,53,53,768,2,4,2,10
8674,200,1337719105524701579,0,134,134,737,2,5,3,15
8675,200,8064567573300713655,0,99,99,743,4,6,2,15
8676,200,-6656332341215455088,0,145,145,763,1,4,1,10
8677,200,1703783797705605658,0,174,174,753,1,5,2,12
8678,200,-6276349406647365440,0,159,159,763,3,3,1,7
8679,200,75501477899204852,0,153,153,774,1,3,2,3
8680,200,2017875111465577155,0,143,143,773,1,3,2,4
8681,200,-677723315933590886,0,132,132,777,4,5,2,14
8682,200,6296267547764488136,0,143,143,739,4,3,1,11
8683,200,-7332871903915485303,0,153,153,761,4,3,2,5
8684,200,6917084431981931672,0,134,134,779,3,3,1,8
8685,200,3646970365076756122,0,131,131,746,4,2,1,3
8686,200,-4447805450279929368,0,142,142,777,1,9,4,20
8687,200,-5678394809273084043,0,129,129,755,1,7,4,14
8688,200,-4541588764820367890,0,116,116,743,1,4,3,6
8689,200,5117188044676364355,0,126,126,765,2,5,4,9
8690,200,-3168630591871235274,0,103,103,753,4,3,2,9
8691,200,7367689382215320231,0,137,137,775,1,3,1,9
8692,200,4507665881948463285,0,142,142,761,1,9,6,17
8693,200,1023805242998285294,0,147,147,754,5,2,2,4
8694,200,1186888260525043486,0,117,117,742,6,4,3,11
8695,200,1813560622776628356,0,125,125,751,3,5,4,13
8696,200,-2895892947010832524,0,122,122,758,7,3,2,9
8697,200,6948195453128983209,0,144,144,771,3,5,3,10
8698,200,-2717056573472387361,0,137,137,742,3,5,2,8
8699,200,-7544914960776080283,0,132,132,763,2,5,2,15
8700,200,1061227704277201859,0,146,146,757,2,8,5,21
8701,200,-1627963192305380167,0,99,99,749,1,8,5,19
8702,200,-9055349117913243633,0,141,141,757,3,5,3,11
8703,200,-6320722720772055018,0,142,142,783,5,4,1,10
8704,200,987738475077086418,0,160,160,765,2,3,2,11
8705,200,-6948635237208792046,0,155,155,770,1,7,4,17
8706,200,-8457316029977945325,0,141,141,740,3,8,4,17
8707,200,4270761246090577497,0,108,108,763,3,7,4,11
8708,200,6130927734749304289,0,152,152,741,6,9,7,18
8709,200,5150924497600530145,0,119,119,765,2,9,5,17
8710,200,2404002038125937064,0,141,141,777,6,8,6,15
8711,200,4202889912339763553,0,168,168,740,3,5,3,16
8712,200,-3104542257944580922,0,115,115,743,6,7,4,19
8713,200,3946035334981267971,0,105,105,760,4,2,1,6
8714,200,8791075084367885661,0,178,178,721,7,4,3,10
8715,200,1618122911331246424,0,102,102,746,6,6,4,14
8716,200,-2480033263166130070,0,147,147,734,2,5,3,11
8717,200,1846743422957689739,0,164,164,748,3,3,1,7
8718,200,6153298995294494230,0,129,129,719,3,11,7,22
8719,200,8252416108805846745,0,162,162,747,1,4,3,7
8720,200,6911833106816341836,0,130,130,775,3,3,2,6
8721,200,-2970248013231919808,0,151,151,739,3,5,3,12
8722,200,-4928646288732872565,0,142,142,761,5,5,3,12
8723,200,-1161926971844620938,0,133,133,756,2,5,1,10
8724,200,-8364286547961209348,0,126,126,771,1,5,1,11
8725,200,-3650434234479065316,0,114,114,767,4,2,1,7
8726,200,-6583552253074332474,0,137,137,748,2,5,3,18
8727,200,253630341949212211,0,127,127,751,8,1,1,3
8728,200,-342744226729572959,0,126,126,750,5,5,3,13
8729,200,-7999218837911498290,0,147,147,749,2,5,4,12
8730,200,1116371884053867689,0,182,182,744,4,6,4,18
8731,200,-1790703851801746935,0,130,130,752,1,9,8,23
8732,200,4254362246899100276,0,137,137,763,1,5,3,16
8733,200,-535466799680036551,0,158,158,763,1,3,2,5
8734,200,-3378858405000856986,0,157,157,746,1,4,2,9
8735,200,3269197653743848548,0,157,157,722,4,3,2,8
8736,200,-5268500575785297341,0,175,175,778,1,8,5,22
8737,200,-3764124730975901965,0,148,148,758,5,4,2,9
8738,200,3970884697413273349,0,138,138,789,3,3,1,11
8739,200,4387238620394059174,0,123,123,757,2,5,2,15
8740,200,-4845177218130906385,0,146,146,752,5,3,1,10
8741,200,-7159806609766271801,0,115,115,736,2,5,2,10
8742,200,8394039634832148705,0,164,164,747,3,9,7,18
8743,200,-391786657999094366,0,150,150,758,3,4,2,9
8744,200,-8040627097308720914,0,158,158,796,4,6,4,14
8745,200,7072630083162705715,0,129,129,763,2,6,4,19
8746,200,-5717693797308921301,0,123,123,756,2,13,10,34
8747,200,3932310376758881825,0,142,142,759,6,5,4,12
8748,200,5372691666452336073,0,120,120,753,3,6,3,12
8749,200,4101648015868137451,0,158,158,749,5,2,1,3
8750,200,8886656529027813222,0,166,166,738,8,3,2,4
8751,200,363909876237682016,0,103,103,741,1,6,2,11
8752,200,-8164608747212697953,0,116,116,753,4,3,2,7
8753,200,5175840863448520788,0,153,153,757,1,8,5,23
8754,200,6513969511120719337,0,142,142,743,5,4,2,11
8755,200,503704014597853328,0,135,135,747,7,2,2,6
8756,200,-539432823932329311,0,141,141,735,6,3,2,4
8757,200,2759575805981692938,0,138,138,767,1,4,2,6
8758,200,2352771873974678112,0,146,146,759,8,2,2,4
8759,200,-3726367665559218603,0,166,166,766,4,3,2,7
8760,200,-9205549232637234796,0,145,145,759,1,9,7,16
8761,200,5352901144044211034,0,169,169,775,4,3,1,7
8762,200,-4692457627084589236,0,123,123,784,3,5,3,8
8763,200,-2007271888128011960,0,110,110,755,3,2,1,6
8764,200,-336189453166658990,0,145,145,765,3,6,3,12
8765,200,-839332846574729784,0,162,162,750,4,4,1,8
8766,200,5403341435837959038,0,168,168,743,5,4,3,11
8767,200,-1924528532069909899,0,145,145,747,1,6,3,17
8768,200,5567876308655300937,0,144,144,739,4,3,2,7
8769,200,-4012698493821617013,0,117,117,751,3,5,2,16
8770,200,788513485451905184,0,172,172,757,2,5,3,10
8771,200,-5498065669077212195,0,128,128,770,1,5,3,17
8772,200,-3272101128814932230,0,138,138,739,3,6,3,12
8773,200,-4513070340851294964,0,114,114,771,3,7,4,15
8774,200,7763554937516800428,0,130,130,725,2,5,3,15
8775,200,-8233995786351058187,0,150,150,751,1,12,9,30
8776,200,1028454523131125371,0,159,159,748,3,8,5,21
8777,200,8699341013069994859,0,129,129,755,2,3,1,6
8778,200,-1244061187717254798,0,122,122,771,2,5,3,9
8779,200,-652228301515076826,0,125,125,772,1,4,1,13
8780,200,-6337827954740601866,0,133,133,757,3,4,2,10
8781,200,-4174667736486128390,0,132,132,778,5,3,1,9
8782,200,4755347486870384919,0,154,154,764,1,3,1,8
8783,200,7710158597530810443,0,154,154,766,4,5,2,11
8784,200,6368122174407873320,0,124,124,753,3,8,6,17
8785,200,-7394216033955495232,0,165,165,760,5,3,2,8
8786,200,-1545800258047402351,0,153,153,756,3,5,3,17
8787,200,-2357532834704824010,0,147,147,769,3,8,5,24
8788,200,8440884242631699938,0,141,141,754,1,4,1,12
8789,200,-8206963484158149641,0,149,149,766,3,6,3,15
8790,200,2426172670333913900,0,108,108,742,1,4,2,13
8791,200,9103816328353622571,0,138,138,772,1,6,4,14
8792,200,8087390019433357964,0,161,161,764,5,4,2,7
8793,200,2265363770229065869,0,136,136,758,4,9,8,9
8794,200,-3994481000880518649,0,137,137,759,1,5,2,17
8795,200,-5463297771411828894,0,104,104,737,4,4,2,12
8796,200,-4638635182908018019,0,114,114,761,7,5,3,6
8797,200,-7610897896355380313,0,122,122,731,4,3,1,10
8798,200,-6909747923718318440,0,142,142,757,2,7,5,15
8799,200,-7569017065026207863,0,154,154,796,4,2,1,8
8800,200,6097263945195354404,0,128,128,760,1,8,3,20
8801,200,-4476386979611472358,0,141,141,761,3,6,4,15
8802,200,4936221003110517540,0,132,132,750,3,4,2,15
8803,200,-884819517868995007,0,150,150,734,2,4,1,11
8804,200,-121083012810897086,0,142,142,770,2,5,3,12
8805,200,5334543037502492913,0,136,136,755,1,6,3,12
8806,200,-4106077908694292664,0,111,111,761,2,4,2,8
8807,200,-3807233391435438436,0,121,121,769,2,3,2,7
8808,200,-3343187618134483794,0,142,142,746,4,3,2,3
8809,200,-625033450433687574,0,133,133,759,5,4,2,10
8810,200,2459783368195974771,0,141,141,747,5,7,5,12
8811,200,-2983692418098461274,0,143,143,744,2,4,3,10
8812,200,-647202806753734096,0,145,145,759,2,5,2,13
8813,200,-7545238427354739720,0,117,117,770,1,7,4,14
8814,200,3373968002009261673,0,142,142,774,1,9,6,26
8815,200,-4501746032091839271,0,175,175,765,4,5,2,11
8816,200,969352716025953318,0,136,136,765,1,8,4,22
8817,200,4619220927186957762,0,149,149,750,2,6,2,24
8818,200,3726294218888846785,0,145,145,736,1,8,6,24
8819,200,2352379359744767142,0,137,137,794,2,4,1,15
8820,200,-6446051484540502270,0,147,147,755,2,11,6,25
8821,200,-7709230703825358813,0,178,178,762,1,10,6,21
8822,200,-6815829425665858968,0,129,129,760,7,1,1,5
8823,200,-3239549602036300045,0,148,148,745,8,4,3,11
8824,200,4617498118841663433,0,136,136,727,4,3,1,4
8825,200,6165531740560532136,0,138,138,736,1,8,4,19
8826,200,1244269705787965469,0,114,114,773,1,4,3,6
8827,200,7417198671069989272,0,126,126,759,3,3,1,6
8828,200,-8940356223069887851,0,149,149,752,2,4,2,7
8829,200,-1005263234681234411,0,155,155,761,6,4,2,12
8830,200,2756279754519830258,0,153,153,764,4,6,3,15
8831,200,5716095909865615585,0,128,128,770,2,6,2,10
8832,200,-8776358291466249963,0,155,155,749,2,5,2,11
8833,200,1706261817038259424,0,146,146,748,5,4,3,11
8834,200,-9092181733229577775,0,170,170,764,5,5,4,9
8835,200,3767865085713330703,0,135,135,746,7,4,2,11
8836,200,3440481929391227144,0,125,125,758,2,9,6,32
8837,200,2833838005528388020,0,152,152,766,2,5,3,16
8838,200,-7427845062018603787,0,129,129,752,3,3,2,9
8839,200,7768455581855509975,0,163,163,758,4,6,3,16
8840,200,79723829521715909,0,117,117,724,5,5,3,19
8841,200,5902352496024184304,0,132,132,743,7,2,2,6
8842,200,-2920825123941653395,0,129,129,768,2,6,2,11
8843,200,-5375249653141116191,0,104,104,777,4,5,2,16
8844,200,-2263829427575644233,0,159,159,756,1,4,1,13
8845,200,-6504511965106596314,0,146,146,736,1,3,1,10
8846,200,3098748479364403868,0,170,170,745,5,2,1,6
8847,200,-6416595172947976118,0,156,156,754,6,2,1,6
8848,200,-5472138305212423975,0,150,150,749,3,2,1,3
8849,200,-5740376591731950948,0,150,150,766,1,2,1,2
8850,200,-4658429564883069252,0,141,141,748,7,2,1,7
8851,200,-3067665003835142110,0,149,149,749,1,6,4,13
8852,200,2135886494816933182,0,122,122,775,2,4,2,10
8853,200,8699918521819046350,0,139,139,772,4,10,6,30
8854,200,8244650550754421590,0,176,176,748,1,4,2,13
8855,200,-6306160038862523921,0,153,153,741,2,4,1,9
8856,200,-3432106753364987765,0,142,142,762,5,4,2,11
8857,200,9081741513902895850,0,128,128,770,3,4,2,10
8858,200,5083969060406932683,0,130,130,762,7,4,3,12
8859,200,-858220599036580567,0,116,116,766,1,6,2,16
8860,200,-7458374134488360581,0,148,148,756,2,3,1,10
8861,200,1643073513764409426,0,148,148,748,3,3,1,9
8862,200,-1940011818744141873,0,142,142,767,3,6,3,14
8863,200,-1754590381532240964,0,165,165,717,4,4,2,13
8864,200,6995625578964056154,0,126,126,757,1,4,2,11
8865,200,414499619727395358,0,143,143,753,3,2,1,6
8866,200,1501593351707672552,0,146,146,769,6,5,3,12
8867,200,-7038259091678638967,0,136,136,742,3,4,2,15
8868,200,3961380908485203339,0,145,145,729,1,4,2,11
8869,200,6380768068324466839,0,163,163,749,1,3,1,9
8870,200,-2090326140892641805,0,112,112,767,1,9,5,18
8871,200,-6883613409315021340,0,150,150,776,2,3,1,8
8872,200,-8696229132312131581,0,138,138,755,2,6,3,16
8873,200,-5921345514924222787,0,65,65,772,3,7,3,17
8874,200,2184118759938991776,0,117,117,757,2,7,3,20
8875,200,-978549777346443241,0,145,145,792,2,7,2,20
8876,200,-7046537740017306677,0,107,107,744,1,4,3,11
8877,200,-3481161921879042877,0,101,101,755,1,9,7,22
8878,200,-5783897914013837071,0,145,145,767,1,3,1,8
8879,200,-2231952316068479010,0,136,136,764,1,6,4,13
8880,200,-5171689550749558655,0,153,153,743,6,4,3,7
8881,200,2908640108096690829,0,119,119,743,7,3,1,6
8882,200,5545573302449607871,0,145,145,758,5,7,5,19
8883,200,-7444998019346736918,0,159,159,769,1,6,3,9
8884,200,-3474103676990558249,0,161,161,765,2,5,2,18
8885,200,-669427446591978951,0,112,112,760,2,5,3,17
8886,200,-266504391943464651,0,125,125,757,1,6,4,12
8887,200,-5206384227093925794,0,138,138,752,2,6,4,16
8888,200,-5933888677199487981,0,149,149,736,2,8,4,24
8889,200,5816617295272399507,0,164,164,765,7,5,4,11
8890,200,-2082756926232902829,0,127,127,761,3,7,3,17
8891,200,8762381926570977109,0,168,168,745,2,5,3,15
8892,200,-6191619676637862258,0,125,125,789,3,3,1,6
8893,200,-983262825532661345,0,140,140,738,4,2,1,5
8894,200,-2134301356131109780,0,142,142,771,2,4,1,9
8895,200,-3766358908361003686,0,128,128,745,2,4,2,8
8896,200,-408234596247073227,0,133,133,744,2,6,2,14
8897,200,-8128386681671153901,0,165,165,783,4,6,2,10
8898,200,-7517846943908378456,0,145,145,736,2,3,1,10
8899,200,-7308579661218604306,0,119,119,756,1,9,5,25
8900,200,6677352231429826059,0,157,157,743,2,2,1,5
8901,200,-2461332445643759910,0,170,170,757,3,3,2,11
8902,200,8212990868372020611,0,139,139,729,5,5,3,10
8903,200,-1724704602856662011,0,107,107,769,3,5,3,10
8904,200,8276103898434470821,0,109,109,747,2,2,1,8
8905,200,-2591784713865700462,0,146,146,725,6,2,2,4
8906,200,-5945597640305809332,0,142,142,755,2,6,4,18
8907,200,-3885784562905437559,0,146,146,752,2,6,4,18
8908,200,2448983058818678188,0,151,151,778,3,3,2,4
8909,200,-2675957957910304497,0,156,156,777,3,4,2,12
8910,200,3636347489977375911,0,155,155,751,2,7,4,23
8911,200,4839851850112506070,0,162,162,752,6,7,5,14
8912,200,-2583664241828644257,0,136,136,730,3,5,3,14
8913,200,-4996009523526967594,0,141,141,738,2,8,5,24
8914,200,-8767496120543747317,0,117,117,732,1,5,2,13
8915,200,317683264220310588,0,109,109,744,1,5,3,14
8916,200,-3529931981196931570,0,171,171,756,5,2,1,9
8917,200,6798023354279297698,0,149,149,742,3,5,3,16
8918,200,4035067509483282245,0,109,109,748,2,4,1,9
8919,200,-8420339463193081983,0,161,161,744,2,4,3,13
8920,200,-8021251678867707488,0,128,128,769,3,4,2,7
8921,200,-4161417126350431517,0,140,140,758,3,5,2,11
8922,200,8280588099925165812,0,144,144,778,3,3,1,11
8923,200,-5048106142215903908,0,150,150,749,1,5,3,13
8924,200,731972397792254222,0,130,130,735,6,4,3,8
8925,200,8283447589173203258,0,139,139,780,3,6,4,12
8926,200,-5884152840337373174,0,141,141,752,4,12,8,28
8927,200,12264764410995451,0,138,138,754,4,7,6,16
8928,200,958921560626139622,0,153,153,773,1,8,4,17
8929,200,-6310641659332745985,0,137,137,763,2,7,4,17
8930,200,-4551400183927849135,0,139,139,751,5,2,1,4
8931,200,6907591871210691198,0,176,176,763,2,3,1,5
8932,200,4200051862907212233,0,126,126,764,6,5,3,12
8933,200,-1553878002632954437,0,130,130,774,1,3,1,6
8934,200,-427407415395320092,0,96,96,740,3,5,3,18
8935,200,2728666941507407225,0,156,156,762,2,4,2,13
8936,200,-7589025444107465492,0,126,126,775,3,3,2,6
8937,200,-7827288800732942930,0,118,118,766,4,2,1,6
8938,200,5137089072545359025,0,155,155,764,4,4,2,13
8939,200,-833085371501453450,0,134,134,761,4,3,1,7
8940,200,9141956441496169627,0,129,129,749,3,6,3,11
8941,200,-5287950213485890486,0,124,124,787,2,4,2,9
8942,200,-3374835022299430658,0,141,141,760,2,3,1,6
8943,200,-3118821705869467535,0,123,123,756,1,3,1,10
8944,200,7522072822439583154,0,125,125,730,3,6,4,11
8945,200,-7483050442102566730,0,132,132,751,1,6,3,20
8946,200,-880760688666964767,0,149,149,735,6,6,5,14
8947,200,6904864506697082714,0,125,125,748,2,4,1,14
8948,200,4775960816767250210,0,153,153,731,1,4,2,9
8949,200,-2071193082530278324,0,158,158,755,2,8,5,24
8950,200,-1440275783764201273,0,130,130,747,4,6,3,10
8951,200,-5442022537983050601,0,152,152,748,1,3,1,8
8952,200,2211276854098198642,0,173,173,763,4,6,5,14
8953,200,8231803548707251483,0,138,138,776,1,3,1,10
8954,200,1703523239004347118,0,138,138,736,2,4,2,8
8955,200,-2712937206291442561,0,119,119,750,4,2,1,3
8956,200,3979822454067773499,0,152,152,756,1,7,3,13
8957,200,-1611298016049373083,0,160,160,723,2,3,1,8
8958,200,3442236211826877930,0,148,148,753,2,3,1,8
8959,200,7538302554102946271,0,139,139,745,1,6,2,16
8960,200,5467678357628615339,0,135,135,756,1,6,3,9
8961,200,-6816154207494664926,0,96,96,774,2,6,3,17
8962,200,8613233556199591716,0,156,156,764,4,3,2,3
8963,200,-4514589292190693255,0,172,172,756,3,3,1,7
8964,200,-3288805829118806013,0,122,122,758,1,8,3,23
8965,200,6262571969587994236,0,155,155,781,1,6,3,13
8966,200,8297229545595682134,0,111,111,758,4,2,1,2
8967,200,-593320897664395391,0,150,150,753,7,3,2,12
8968,200,7662835932739660569,0,103,103,766,4,6,5,10
8969,200,-1526086749994957231,0,153,153,755,2,5,1,14
8970,200,6754769668298250000,0,132,132,752,4,3,2,6
8971,200,-8972699177956051938,0,102,102,750,2,4,2,10
8972,200,-8003047157097353257,0,127,127,756,5,6,5,14
8973,200,-128967694268770380,0,117,117,770,4,3,1,7
8974,200,4507667492180781367,0,108,108,745,3,6,3,12
8975,200,3977200917577337839,0,164,164,766,7,3,1,5
8976,200,-7191612036916815430,0,155,155,762,8,2,2,2
8977,200,-7319409978194445972,0,124,124,741,1,5,3,15
8978,200,3489645466797268352,0,104,104,765,1,7,4,21
8979,200,-8244064178335455357,0,155,155,756,4,3,1,7
8980,200,-7080901235572747693,0,148,148,790,3,7,4,11
8981,200,3426334925923281012,0,159,159,777,1,2,1,6
8982,200,2930696316966109433,0,121,121,736,2,2,1,6
8983,200,4848012597383484639,0,121,121,765,6,4,2,8
8984,200,-1614171698714327094,0,158,158,746,5,5,3,12
8985,200,2130605591137700473,0,182,182,755,2,6,3,19
8986,200,5530357588176034433,0,172,172,781,3,5,3,12
8987,200,6995186994603647485,0,134,134,746,6,5,4,10
8988,200,-6555760888234005674,0,147,147,735,7,3,2,3
8989,200,-6019160078642835361,0,121,121,769,2,2,1,4
8990,200,-5738235985296830133,0,143,143,747,5,1,1,4
8991,200,5621311758978606919,0,138,138,738,1,8,4,18
8992,200,-1246603970722922554,0,139,139,766,2,8,5,18
8993,200,-3463164010125924163,0,128,128,750,5,3,2,7
8994,200,2872403971538314079,0,113,113,757,3,2,1,4
8995,200,4378528000894263840,0,142,142,754,3,3,1,6
8996,200,-1678365416412448773,0,137,137,737,3,3,2,13
8997,200,6012579216402350684,0,150,150,756,6,4,3,7
8998,200,-5401037278672376807,0,176,176,759,3,5,3,12
8999,200,5512856249945497435,0,126,126,743,6,5,4,5
9000,200,3042527060757865835,0,126,126,754,7,4,3,8
9001,200,1420693735277616827,0,150,150,746,1,7,3,15
9002,200,-660315565131646296,0,150,150,772,1,6,4,15
9003,200,93729937298175426,0,165,165,749,3,4,3,12
9004,200,-1900501944597907808,0,164,164,739,2,3,2,7
9005,200,-4966662819602369394,0,142,142,741,5,5,3,13
9006,200,-1270259358104078192,0,148,148,748,2,7,5,17
9007,200,5515017067043410064,0,136,136,732,1,3,1,6
9008,200,6751494023637288375,0,139,139,753,8,6,5,16
9009,200,1010174620202148411,0,147,147,755,3,6,2,15
9010,200,6804992592056868905,0,157,157,751,5,6,5,11
9011,200,4184831826436966903,0,120,120,757,4,2,1,5
9012,200,1941616768290141922,0,142,142,738,7,5,3,10
9013,200,3893795370201772124,0,127,127,730,1,10,7,25
9014,200,315208726790390557,0,136,136,745,5,4,2,11
9015,200,8868407267255686556,0,154,154,752,2,7,3,15
9016,200,-5742130466554829082,0,139,139,766,2,4,2,8
9017,200,-6873489448839175105,0,159,159,752,5,5,4,10
9018,200,-1454029407426846482,0,109,109,737,4,2,1,4
9019,200,8333188771068148502,0,153,153,750,3,4,2,13
9020,200,-4269617418283030114,0,160,160,753,3,4,2,8
9021,200,-519646370499845527,0,137,137,737,2,6,5,20
9022,200,2951280458337586542,0,130,130,783,5,4,2,12
9023,200,2655547158183321714,0,157,157,777,1,4,2,12
9024,200,-8831051196246550410,0,149,149,739,4,3,1,6
9025,200,8781741694591017231,0,137,137,764,4,3,1,6
9026,200,6276025158479390532,0,115,115,747,1,10,8,22
9027,200,5236900930787042482,0,145,145,777,1,7,5,19
9028,200,-7298093937923411728,0,137,137,746,2,4,2,11
9029,200,6488522888515562139,0,107,107,736,1,6,3,16
9030,200,6037801161635995246,0,120,120,777,1,8,4,19
9031,200,4175432417180093001,0,139,139,756,6,4,3,8
9032,200,4020257058967585571,0,106,106,750,1,5,2,14
9033,200,6054927274750406701,0,166,166,767,3,2,1,4
9034,200,-3400933120424719686,0,150,150,770,1,9,6,19
9035,200,-3573875408964701792,0,154,154,746,1,6,4,14
9036,200,-2017561155126267849,0,123,123,755,3,5,3,14
9037,200,7424594417930431511,0,142,142,758,4,2,1,3
9038,200,-9108002369237249461,0,173,173,779,4,4,2,6
9039,200,2115140797667124117,0,128,128,745,2,4,1,6
9040,200,3038602513181309162,0,151,151,762,1,7,5,15
9041,200,-4851741625747254176,0,153,153,765,2,5,2,12
9042,200,-2647895583920627686,0,145,145,763,3,3,1,6
9043,200,5303684693192764407,0,159,159,759,2,7,4,18
9044,200,8154919718327589902,0,146,146,763,1,6,3,20
9045,200,4936179948561915202,0,133,133,756,5,3,1,9
9046,200,-7505503043870037389,0,126,126,733,1,6,2,12
9047,200,-3918819373703478261,0,130,130,726,3,5,3,8
9048,200,-2382642834162350840,0,120,120,747,1,4,2,9
9049,200,-180485094727365715,0,138,138,754,8,4,3,9
9050,200,8127463179265067380,0,153,153,772,2,5,2,14
9051,200,6131629797543070986,0,121,121,748,5,1,1,2
9052,200,5575449528648960595,0,168,168,743,7,2,2,10
9053,200,1547860555242592194,0,137,137,737,7,2,1,5
9054,200,-3620287882089570927,0,152,152,711,4,4,3,10
9055,200,-7823167163656037728,0,144,144,745,4,4,2,6
9056,200,508916704046218235,0,135,135,746,4,3,1,13
9057,200,-45426648595308712,0,140,140,751,4,4,2,13
9058,200,8641335485009200659,0,143,143,763,1,11,6,20
9059,200,-2109294212108710545,0,142,142,748,6,4,2,9
9060,200,4004906051694019107,0,145,145,773,5,5,3,10
9061,200,6978005481608341626,0,119,119,763,1,5,1,9
9062,200,-4910111694160844908,0,137,137,735,7,2,1,4
9063,200,1390865013536947594,0,130,130,754,3,7,4,18
9064,200,-5054373921734800513,0,128,128,773,4,4,3,4
9065,200,4655357513116578790,0,138,138,762,5,5,3,8
9066,200,-4154570615181344124,0,123,123,756,2,5,3,11
9067,200,-4617191273935031046,0,151,151,764,1,6,3,12
9068,200,3818411536581250010,0,130,130,760,8,2,1,10
9069,200,3357067639778418576,0,122,122,746,2,5,2,10
9070,200,8268211691657124263,0,136,136,740,2,4,2,10
9071,200,-59038225247651267,0,141,141,738,4,3,1,10
9072,200,5065399203718515346,0,177,177,759,2,8,5,17
9073,200,4001941231223707933,0,158,158,743,3,8,4,17
9074,200,3736913673974605973,0,129,129,743,5,8,6,21
9075,200,-8740675636095554878,0,166,166,753,5,2,2,8
9076,200,-3631787587299901161,0,168,168,769,5,3,2,4
9077,200,6193533027096420457,0,58,58,751,4,8,5,21
9078,200,4205277113500248633,0,117,117,778,2,6,2,13
9079,200,-205657726854339218,0,132,132,762,1,3,2,10
9080,200,5695065871128103280,0,164,164,779,5,6,4,14
9081,200,-5018944303274993151,0,116,116,763,4,4,2,8
9082,200,9093310147173183315,0,156,156,759,4,4,3,7
9083,200,2610180228481828122,0,104,104,756,1,8,5,17
9084,200,-4333479747531809611,0,141,141,763,1,4,1,12
9085,200,-5389493916365868631,0,122,122,759,2,5,2,12
9086,200,-2693709745528814346,0,102,102,761,3,5,2,9
9087,200,-5181903703261598958,0,143,143,769,1,3,1,8
9088,200,2451975246943625622,0,155,155,775,1,4,1,14
9089,200,4983778796182539480,0,142,142,750,1,6,4,8
9090,200,-94447973489202422,0,160,160,773,1,4,2,6
9091,200,6765472722208659863,0,170,170,752,2,7,4,11
9092,200,6379572733842442962,0,147,147,750,1,7,4,18
9093,200,5496432972974755127,0,115,115,753,5,8,6,15
9094,200,-8184488309123933493,0,133,133,758,3,4,2,11
9095,200,-4654685822634254754,0,126,126,744,2,2,1,8
9096,200,8993517037712049601,0,143,143,724,4,3,1,6
9097,200,3993382045838025510,0,132,132,758,5,3,1,3
9098,200,8278767104383802696,0,115,115,768,2,9,7,21
9099,200,-151668425298326256,0,131,131,752,4,7,4,15
9100,200,7756555943577155787,0,147,147,762,1,5,3,13
9101,200,8295620142644146231,0,135,135,777,5,7,6,15
9102,200,148458227417297381,0,135,135,738,3,3,2,6
9103,200,-380109792227915320,0,145,145,782,5,2,1,6
9104,200,3344044607053713903,0,143,143,758,5,5,4,7
9105,200,7024366012417833393,0,153,153,762,3,3,2,8
9106,200,6415750982892668121,0,142,142,767,1,6,3,11
9107,200,-8045743735492140136,0,129,129,771,1,9,5,27
9108,200,835227376038094141,0,123,123,739,4,4,2,11
9109,200,-6567369336979035378,0,160,160,750,1,6,3,15
9110,200,-140818367732451919,0,142,142,767,3,3,1,4
9111,200,-4997761714682839292,0,175,175,762,5,5,3,8
9112,200,5180602827744353116,0,114,114,760,2,6,2,13
9113,200,8902614772298098813,0,137,137,759,1,2,1,5
9114,200,-6815104768716280373,0,141,141,755,2,5,2,9
9115,200,-2748482066499104635,0,133,133,763,1,6,2,10
9116,200,4857068213942710277,0,128,128,786,1,5,3,12
9117,200,-7446691856995880607,0,133,133,758,1,6,3,8
9118,200,-6970464019275217188,0,124,124,779,2,5,2,11
9119,200,-5803875822521391353,0,126,126,722,1,3,1,10
9120,200,-3704564370444894075,0,106,106,742,2,4,2,12
9121,200,6830840142035014352,0,150,150,762,2,4,2,10
9122,200,-5356533044053212821,0,128,128,754,2,9,5,19
9123,200,8121930123028301419,0,144,144,741,4,4,1,10
9124,200,4116944029349390911,0,152,152,736,2,5,3,18
9125,200,-6815463121817916908,0,166,166,776,1,3,1,8
9126,200,4437637581891832659,0,151,151,738,4,2,1,5
9127,200,5688040334335922694,0,127,127,783,2,5,3,11
9128,200,1360744530169706792,0,144,144,749,3,3,2,12
9129,200,1860291207683536686,0,164,164,746,3,3,1,3
9130,200,1646727497815889477,0,104,104,760,1,5,2,15
9131,200,2413209901518472992,0,119,119,719,2,7,4,14
9132,200,-1342108442093115830,0,169,169,759,2,2,1,2
9133,200,-8272305970427068594,0,150,150,722,7,2,2,8
9134,200,7048360011872009796,0,127,127,752,4,3,2,13
9135,200,8222931817453242230,0,153,153,752,1,6,4,14
9136,200,5096813056553510465,0,143,143,769,3,6,2,13
9137,200,4128599005342351196,0,139,139,752,3,5,3,14
9138,200,1412272400113893415,0,151,151,753,3,6,3,10
9139,200,592348717964571577,0,124,124,748,6,2,1,4
9140,200,3238686111842699201,0,154,154,755,3,4,2,10
9141,200,9037322023904882291,0,141,141,754,6,2,2,4
9142,200,7788065776172400666,0,147,147,742,2,3,2,10
9143,200,3751768123058050573,0,121,121,761,2,6,3,17
9144,200,-4701147798683033074,0,141,141,760,2,4,3,16
9145,200,-2451663898175451040,0,114,114,756,5,4,2,5
9146,200,6266243978812956701,0,126,126,760,3,3,2,10
9147,200,-8713086329572778869,0,143,143,753,2,2,1,9
9148,200,-8812517425581419646,0,100,100,764,4,5,2,15
9149,200,8128699750856136743,0,155,155,752,1,3,1,12
9150,200,-3778115964004620669,0,147,147,761,7,2,1,4
9151,200,6537212498866774975,0,145,145,777,1,4,2,9
9152,200,1514494584661069834,0,129,129,758,2,6,3,8
9153,200,8709997383381621374,0,109,109,766,7,3,2,10
9154,200,5856497680875074677,0,138,138,762,1,10,6,24
9155,200,-8965256410081095382,0,168,168,749,3,4,2,10
9156,200,5727438123244617641,0,139,139,749,1,3,1,3
9157,200,8657814552655433809,0,115,115,736,2,8,6,22
9158,200,-1680892091427369875,0,158,158,765,1,5,2,12
9159,200,-3263976649672016447,0,152,152,734,4,5,3,15
9160,200,3775550840194739444,0,140,140,758,2,4,1,9
9161,200,5099680933697923388,0,140,140,768,6,6,5,11
9162,200,-4909581500258572101,0,144,144,754,2,5,3,12
9163,200,-7834643781642768276,0,159,159,760,3,5,3,12
9164,200,1889123886563181461,0,169,169,754,3,3,1,13
9165,200,-3547351707002655212,0,155,155,734,4,3,2,5
9166,200,2488625070712873475,0,155,155,753,1,3,1,8
9167,200,515716691428206728,0,114,114,778,1,6,2,17
9168,200,-3772302512895418679,0,120,120,747,3,4,2,11
9169,200,-2020523763104943266,0,150,150,781,8,4,3,9
9170,200,-5140903337147931203,0,127,127,759,5,2,1,5
9171,200,69926771142916198,0,148,148,760,1,2,1,8
9172,200,1307142994823931874,0,124,124,742,5,3,2,4
9173,200,5749627855989021654,0,172,172,756,4,3,2,8
9174,200,-9153416863284675404,0,132,132,753,2,7,3,13
9175,200,2206102720428142537,0,172,172,749,2,2,1,4
9176,200,-2948638432384203579,0,118,118,775,2,5,3,14
9177,200,-7979509798616749334,0,111,111,747,3,6,3,15
9178,200,5668002002267382152,0,131,131,754,2,5,2,11
9179,200,-3206497589009246612,0,119,119,746,3,8,5,25
9180,200,3111926020984460908,0,174,174,760,3,6,3,14
9181,200,84269337355282237,0,141,141,746,2,7,4,17
9182,200,-304471887335823572,0,144,144,757,2,6,3,14
9183,200,7340550293331506810,0,116,116,763,1,7,5,14
9184,200,3592938085974771557,0,123,123,763,1,4,2,11
9185,200,239193611620519204,0,131,131,747,3,4,2,14
9186,200,4926678969205862248,0,133,133,732,3,3,1,4
9187,200,4536196840922396436,0,155,155,778,4,3,2,7
9188,200,2629820039103294033,0,118,118,751,3,7,3,16
9189,200,-5946529302336548564,0,160,160,759,1,4,1,15
9190,200,8678731736948633944,0,154,154,756,3,4,2,6
9191,200,8204452536105846479,0,145,145,746,4,3,1,8
9192,200,6917626854316501094,0,154,154,758,4,8,4,21
9193,200,-3088680508441939310,0,132,132,739,1,8,4,19
9194,200,-7418793984759836693,0,132,132,763,2,6,3,11
9195,200,2986681217798690355,0,144,144,763,1,7,4,15
9196,200,-5399071786334650386,0,139,139,725,3,3,2,12
9197,200,-4218378141115802167,0,164,164,761,1,4,1,9
9198,200,-2359312356133617563,0,135,135,752,2,3,2,4
9199,200,-4498321501434371523,0,119,119,763,3,5,2,9
9200,200,139420534401356486,0,132,132,777,1,6,2,16
9201,200,-656120160238870792,0,120,120,738,5,2,1,6
9202,200,2151128464738648285,0,157,157,746,2,8,5,16
9203,200,-6021447971684708643,0,144,144,748,6,5,3,12
9204,200,8256538965211235552,0,137,137,742,2,4,2,5
9205,200,170430177127359609,0,150,150,737,3,4,3,7
9206,200,-1672391722838204736,0,137,137,751,3,6,3,20
9207,200,-1659214775092801159,0,116,116,742,1,5,3,16
9208,200,-6717561922670695743,0,139,139,741,4,3,2,8
9209,200,-5617792438759599780,0,130,130,745,3,4,3,15
9210,200,-1155739728251105972,0,135,135,766,2,6,4,7
9211,200,-4936991689729381527,0,135,135,743,9,5,5,7
9212,200,4848741236425656323,0,141,141,764,1,6,4,13
9213,200,-9077116158103134238,0,140,140,765,1,6,2,17
9214,200,-8879815550993183722,0,127,127,762,1,11,7,23
9215,200,-8219502134678702984,0,113,113,735,2,3,1,6
9216,200,-3300748597201642028,0,152,152,776,2,4,3,8
9217,200,1989682532252554242,0,134,134,744,1,6,3,12
9218,200,-3137194471872848508,0,101,101,739,1,5,2,11
9219,200,6457373790788990313,0,133,133,757,4,5,2,10
9220,200,7792086428249180534,0,144,144,756,2,5,3,14
9221,200,6177182299171536359,0,180,180,762,5,3,2,5
9222,200,-335354266940682924,0,153,153,738,4,5,4,7
9223,200,-4599002559402110352,0,145,145,755,8,4,3,11
9224,200,-4976228376557866307,0,121,121,747,2,9,6,27
9225,200,1000420563323112559,0,163,163,742,4,4,1,11
9226,200,-5243826253263829229,0,143,143,746,4,3,2,4
9227,200,440685494028223925,0,159,159,748,4,2,1,3
9228,200,-8361383838510298476,0,131,131,741,6,5,3,9
9229,200,-4843244447227744338,0,134,134,754,4,5,3,15
9230,200,3010082551920835751,0,158,158,766,4,3,2,5
9231,200,8449711305619728853,0,128,128,765,7,1,1,1
9232,200,-6411820871517070984,0,116,116,745,1,8,4,15
9233,200,159212260827204457,0,130,130,771,4,3,2,8
9234,200,-3629664486500426554,0,166,166,799,1,4,2,10
9235,200,5326000356737471584,0,141,141,746,2,4,3,8
9236,200,1503208918357270011,0,144,144,752,2,6,3,16
9237,200,-8935824926044751460,0,110,110,759,3,3,2,8
9238,200,8894696125806107004,0,146,146,760,1,4,2,13
9239,200,3571053395850297436,0,146,146,768,3,7,4,19
9240,200,2484139152016915266,0,138,138,756,1,3,1,4
9241,200,7219106604963568885,0,156,156,770,2,3,1,9
9242,200,2173625749795159721,0,146,146,733,4,5,3,12
9243,200,-8184123819845695296,0,147,147,754,2,3,2,6
9244,200,1490448546557278088,0,122,122,743,1,5,2,13
9245,200,4807057014771303254,0,146,146,764,1,2,1,6
9246,200,-9200714480463570815,0,139,139,747,1,6,3,16
9247,200,2827062803020935930,0,103,103,758,6,3,2,7
9248,200,-5919072951764219239,0,143,143,735,1,6,4,14
9249,200,3966857546364213334,0,132,132,782,5,5,3,10
9250,200,7924540233983617546,0,160,160,741,4,4,2,9
9251,200,-6417812181218850454,0,144,144,790,2,6,3,14
9252,200,6750316027091041367,0,162,162,777,1,8,5,20
9253,200,7986435886581540801,0,133,133,748,3,4,3,8
9254,200,4740521747468186529,0,156,156,755,1,7,4,13
9255,200,6073158037695694309,0,149,149,750,2,6,3,18
9256,200,3551981971227611961,0,54,54,752,5,4,2,9
9257,200,2764649782779277332,0,130,130,753,1,7,4,17
9258,200,-3081475054794307210,0,119,119,752,1,9,5,14
9259,200,-5367333772153107405,0,125,125,758,3,9,7,29
9260,200,6937279617595331271,0,169,169,744,7,2,2,4
9261,200,-9191852465710627582,0,121,121,761,1,4,2,11
9262,200,-5268494443715413493,0,155,155,770,1,4,2,8
9263,200,7533512340366292112,0,134,134,755,2,3,1,7
9264,200,-6829228302857385441,0,148,148,756,2,7,4,18
9265,200,6553788753174905329,0,115,115,784,5,6,4,17
9266,200,8896164210694538424,0,142,142,741,6,2,1,4
9267,200,6081949316890846767,0,105,105,764,1,3,2,7
9268,200,5115783724298973811,0,137,137,759,4,8,6,15
9269,200,-7044274120788276099,0,156,156,754,2,4,2,11
9270,200,-512843731043983318,0,139,139,734,1,8,6,16
9271,200,8990847927955046834,0,80,80,761,2,8,5,12
9272,200,-8807747463823467127,0,148,148,748,4,2,1,2
9273,200,-5974368665456007435,0,142,142,763,4,3,1,7
9274,200,4371978002771431648,0,144,144,766,4,3,1,5
9275,200,3240112640215129012,0,138,138,756,3,4,2,7
9276,200,2704732902197736506,0,163,163,760,1,5,2,12
9277,200,-8371740249480064295,0,143,143,758,5,4,2,11
9278,200,1824139311875542957,0,159,159,758,1,7,4,14
9279,200,-2042634542147762369,0,151,151,737,4,5,4,14
9280,200,6176970578012898547,0,124,124,742,1,4,2,14
9281,200,936487224454431586,0,145,145,776,4,5,3,9
9282,200,4071232056753635385,0,136,136,722,1,5,2,5
9283,200,7285888466997375062,0,116,116,746,3,3,1,6
9284,200,5472926515392848439,0,122,122,742,2,5,3,17
9285,200,-3273055896615215110,0,137,137,771,4,5,4,9
9286,200,-5017700682069657728,0,114,114,769,3,4,1,6
9287,200,-7067580563111950739,0,110,110,758,2,2,1,6
9288,200,-3010212572195925734,0,141,141,743,1,2,1,5
9289,200,4220025752417949375,0,127,127,771,1,4,1,11
9290,200,-8350329767574285743,0,133,133,746,3,3,1,9
9291,200,-8339086785087244565,0,136,136,739,1,14,9,34
9292,200,1081876723705579463,0,137,137,772,4,5,2,12
9293,200,6809471024534126341,0,152,152,760,4,3,2,9
9294,200,-3843975750177793072,0,114,114,756,3,5,3,12
9295,200,4209819315976452015,0,134,134,754,1,8,6,24
9296,200,-1150541110643459076,0,124,124,751,5,2,1,8
9297,200,2691939554082589649,0,135,135,745,2,4,2,8
9298,200,-5180031607266786316,0,117,117,748,1,4,1,12
9299,200,-1090695806687731320,0,126,126,750,2,5,2,8
9300,200,-7588662543290203767,0,128,128,757,5,5,3,15
9301,200,551926133854277214,0,165,165,750,1,8,4,18
9302,200,390069189708965386,0,158,158,748,3,5,2,13
9303,200,3116994997483608764,0,131,131,745,1,6,3,21
9304,200,-6091852841856583467,0,159,159,753,1,3,1,8
9305,200,-8222972329404249956,0,148,148,754,6,5,4,11
9306,200,8303888139486601008,0,120,120,733,2,5,2,15
9307,200,-8698418933037821566,0,142,142,761,2,7,4,17
9308,200,-8952883059227095719,0,148,148,748,1,7,5,15
9309,200,-4504410708358033492,0,117,117,758,6,5,3,11
9310,200,1733262869332473051,0,132,132,772,4,4,3,7
9311,200,-2820048523895273848,0,161,161,762,3,3,2,9
9312,200,4895348365153928226,0,113,113,752,3,3,1,10
9313,200,-4530851339066638747,0,151,151,751,2,5,4,14
9314,200,-1510139207337440431,0,139,139,768,3,12,10,25
9315,200,-3788698371349747859,0,128,128,755,4,5,4,15
9316,200,9049641051962268243,0,153,153,763,3,3,1,6
9317,200,7553539837183915986,0,150,150,777,7,4,3,10
9318,200,-8205722875984466896,0,133,133,731,4,4,2,8
9319,200,-275025921002817208,0,131,131,739,1,7,4,22
9320,200,-8918055923195055199,0,136,136,727,5,8,7,16
9321,200,-8695213207028368974,0,143,143,763,4,4,2,16
9322,200,-5520254582351029019,0,144,144,759,5,3,2,9
9323,200,5019823091662295839,0,137,137,749,7,3,3,7
9324,200,-500299547012687659,0,112,112,763,8,5,4,7
9325,200,7618069554171592439,0,167,167,756,4,2,1,5
9326,200,-1970721769408625354,0,140,140,738,1,7,6,21
9327,200,634381176625260657,0,133,133,763,6,3,1,10
9328,200,-2571257546557323698,0,146,146,750,3,3,1,9
9329,200,-6982225614043631032,0,108,108,767,3,4,2,13
9330,200,-1880970729254574663,0,154,154,741,2,5,3,13
9331,200,-7173254388742347859,0,133,133,749,3,3,1,9
9332,200,-3922594487712331140,0,167,167,740,4,2,1,7
9333,200,-5331663292496072578,0,127,127,745,2,4,1,5
9334,200,7342035970912755290,0,135,135,754,2,7,4,16
9335,200,-5754925180604084040,0,115,115,769,2,6,3,15
9336,200,-2175362917669211034,0,143,143,756,1,4,1,13
9337,200,6752076833052171050,0,127,127,733,7,2,1,3
9338,200,3618747483062109401,0,166,166,765,4,7,4,17
9339,200,6580167360511547243,0,116,116,731,7,3,2,4
9340,200,5565784415189439013,0,153,153,754,1,4,2,9
9341,200,-4205268789070054642,0,135,135,743,2,11,6,30
9342,200,-5876366011791848631,0,132,132,740,1,10,7,32
9343,200,-4136882608156719597,0,138,138,760,3,3,1,7
9344,200,3182585802056597351,0,148,148,727,4,5,4,11
9345,200,5596346839532335776,0,153,153,757,5,7,5,16
9346,200,-2286028907218372973,0,148,148,777,2,2,1,9
9347,200,-2848595021156766736,0,139,139,748,5,3,1,7
9348,200,4992140872789951469,0,125,125,741,3,3,1,9
9349,200,-7364452198290571126,0,145,145,770,2,6,4,13
9350,200,-230550232913500943,0,87,87,750,2,5,3,14
9351,200,1425992568114512822,0,122,122,754,1,5,3,10
9352,200,-4797626237891919347,0,149,149,744,1,4,2,9
9353,200,-1971335987720744404,0,153,153,776,5,6,4,12
9354,200,382839150611031155,0,159,159,751,5,4,2,10
9355,200,-2172276658270654962,0,149,149,764,1,10,6,23
9356,200,-6096395596078910160,0,152,152,729,2,3,2,11
9357,200,-305821057644042727,0,132,132,770,2,5,3,6
9358,200,-6038170211122194051,0,160,160,755,2,4,2,8
9359,200,-2970152886205187050,0,177,177,757,2,6,3,16
9360,200,7537318303614926933,0,164,164,745,6,6,4,10
9361,200,-6229599227186528619,0,145,145,748,5,3,1,8
9362,200,7847612093940413767,0,125,125,760,2,6,5,17
9363,200,1929707259461159389,0,141,141,751,1,6,3,19
9364,200,1544759804999945357,0,139,139,772,2,4,2,11
9365,200,8107891138045240350,0,145,145,735,5,4,3,11
9366,200,8935078382575254620,0,109,109,758,1,5,2,14
9367,200,523488046500145384,0,138,138,765,1,4,1,8
9368,200,-1815771855642462339,0,173,173,770,1,5,2,17
9369,200,7201235139975903200,0,174,174,735,7,2,2,6
9370,200,-661185516569354981,0,136,136,734,4,4,2,13
9371,200,3676238442641480368,0,163,163,770,1,4,2,11
9372,200,8657160865068798431,0,143,143,754,1,3,1,6
9373,200,-7333719658534218177,0,115,115,744,3,4,2,10
9374,200,-8913347317284448711,0,145,145,741,2,3,1,6
9375,200,-7144613249706304734,0,138,138,757,5,2,1,5
9376,200,-8368901059018052096,0,132,132,776,1,7,3,14
9377,200,3291343736261658961,0,142,142,757,3,11,8,18
9378,200,7694524783796251966,0,154,154,714,2,4,2,11
9379,200,6948940146016369437,0,130,130,731,3,9,7,27
9380,200,6486636116933705284,0,129,129,748,3,9,7,19
9381,200,21747364934781793,0,135,135,776,4,3,2,5
9382,200,-498237260632509181,0,137,137,742,1,6,4,14
9383,200,7299997542086347511,0,124,124,755,6,6,3,17
9384,200,-3768722594336423010,0,145,145,772,7,5,3,11
9385,200,9213143747446544750,0,124,124,759,2,7,4,21
9386,200,224138729267815482,0,144,144,774,8,2,1,8
9387,200,-4312921066288507655,0,135,135,758,8,2,2,6
9388,200,-4079132861075633128,0,154,154,779,7,2,1,7
9389,200,8604626796367271337,0,144,144,780,2,7,2,16
9390,200,2064456492777126886,0,127,127,740,1,4,2,14
9391,200,3665341541948958686,0,120,120,767,4,4,2,7
9392,200,94507150201045329,0,126,126,728,1,5,2,10
9393,200,-7782659809807074821,0,154,154,749,8,2,1,5
9394,200,3407149651167116766,0,162,162,738,2,8,6,15
9395,200,-6617192635977780904,0,156,156,758,2,3,1,6
9396,200,-7454177383249475846,0,135,135,745,2,5,3,15
9397,200,-6762947832962491780,0,127,127,770,4,3,2,10
9398,200,179480996670059343,0,129,129,753,9,1,1,3
9399,200,7745720105109727371,0,151,151,756,8,4,3,7
9400,200,2908818315828914520,0,152,152,756,1,5,3,8
9401,200,-5586563827752077315,0,138,138,762,2,7,4,18
9402,200,5718715389552608055,0,143,143,754,8,2,2,6
9403,200,-6729819933239162736,0,155,155,758,4,6,2,17
9404,200,-2659146833077691450,0,147,147,745,2,4,1,8
9405,200,4862027340390261375,0,149,149,757,2,5,3,17
9406,200,255788652220373227,0,98,98,768,1,7,4,15
9407,200,4770928069645638388,0,136,136,756,2,11,8,25
9408,200,8825420700076902191,0,119,119,750,1,8,5,26
9409,200,5135625992891231162,0,149,149,736,3,6,4,11
9410,200,7588951026496608913,0,107,107,792,3,6,4,12
9411,200,6581663561289060918,0,139,139,748,3,7,4,11
9412,200,8024402268996298904,0,161,161,749,1,5,2,15
9413,200,6628883923196717463,0,130,130,766,3,7,5,18
9414,200,350285680887213991,0,157,157,764,1,6,3,11
9415,200,2552226881934881868,0,132,132,755,2,4,3,13
9416,200,2384166591721160596,0,142,142,741,2,5,2,8
9417,200,-3029375423165904714,0,110,110,747,2,4,1,11
9418,200,1818761982868821882,0,139,139,766,1,7,5,15
9419,200,1242200223467132191,0,152,152,752,1,6,4,9
9420,200,3100022208287804622,0,161,161,764,2,2,1,4
9421,200,5397985801030741737,0,140,140,755,6,3,2,5
9422,200,-1038590528025243728,0,139,139,750,3,2,1,5
9423,200,2107492919825129738,0,148,148,743,6,1,1,2
9424,200,7855811791967903875,0,152,152,760,4,3,1,4
9425,200,2733350658949705143,0,117,117,750,2,7,4,19
9426,200,4428111710371203775,0,157,157,741,4,4,3,6
9427,200,6044662888129312607,0,163,163,738,5,5,3,16
9428,200,1284766424598427909,0,151,151,754,1,7,4,18
9429,200,7768303616408913114,0,134,134,738,3,5,3,15
9430,200,680319257018775155,0,104,104,753,3,3,1,9
9431,200,5541267746255443170,0,142,142,764,6,4,3,11
9432,200,4947596057163379001,0,136,136,741,1,6,4,16
9433,200,4607602564135220417,0,156,156,739,6,3,2,7
9434,200,2269886927553696364,0,137,137,754,3,2,1,6
9435,200,-4120564176311284148,0,162,162,766,1,7,4,13
9436,200,8465810721699594010,0,125,125,763,3,3,2,7
9437,200,-1574045014074580721,0,172,172,762,4,2,1,9
9438,200,-1980829292841789795,0,150,150,750,2,2,1,4
9439,200,-7347061460291675447,0,123,123,757,3,5,3,9
9440,200,-5060815855746203084,0,145,145,757,6,4,3,6
9441,200,1576361972316144410,0,148,148,762,3,2,1,4
9442,200,1948858801492453839,0,144,144,751,4,4,3,8
9443,200,8306027319409110650,0,139,139,737,3,8,5,19
9444,200,984234902362595881,0,127,127,755,4,4,2,9
9445,200,-4350460656764801939,0,151,151,747,1,5,3,13
9446,200,5581351261605341212,0,136,136,760,5,3,2,9
9447,200,5272147438872208628,0,142,142,751,2,7,3,16
9448,200,-581139236643750608,0,144,144,748,5,4,2,14
9449,200,-1311251578343712442,0,134,134,749,5,3,2,7
9450,200,262042888978315636,0,138,138,742,1,13,11,25
9451,200,5582357184331856832,0,154,154,757,2,5,3,19
9452,200,6422862315262011025,0,146,146,751,1,4,1,8
9453,200,3612109695318086425,0,122,122,756,4,6,4,16
9454,200,5989310272048625691,0,123,123,770,4,6,3,14
9455,200,3316868942595185881,0,122,122,759,6,3,2,9
9456,200,-237512474441698006,0,155,155,742,4,2,1,5
9457,200,-1636273226136329461,0,139,139,748,9,4,4,10
9458,200,-3863647991168981207,0,158,158,770,4,5,4,9
9459,200,-2996771362948318927,0,134,134,736,3,8,6,30
9460,200,-2801396868663811603,0,167,167,765,4,2,1,7
9461,200,-674041431447595913,0,125,125,749,6,3,2,6
9462,200,3638697325375830281,0,128,128,764,3,4,1,10
9463,200,-8715236436531170516,0,122,122,743,4,3,2,9
9464,200,-3869887274329475489,0,135,135,760,5,5,3,14
9465,200,4755379469886556013,0,133,133,755,1,7,4,14
9466,200,2630425311076804090,0,166,166,749,1,5,3,10
9467,200,227232222769781026,0,166,166,743,1,14,12,40
9468,200,-599035867013625061,0,159,159,748,2,11,6,18
9469,200,4454361252468396846,0,122,122,769,2,4,1,10
9470,200,-422417438474235247,0,131,131,763,1,10,6,24
9471,200,-3837101474897416222,0,138,138,750,8,3,2,6
9472,200,431929233297167949,0,124,124,765,2,7,3,13
9473,200,1476009305745488049,0,149,149,766,5,5,2,6
9474,200,3732459102410999349,0,137,137,753,1,6,3,13
9475,200,-3267918314334925526,0,139,139,759,2,5,2,12
9476,200,-6173409601011856840,0,156,156,771,3,3,1,5
9477,200,1678200190416020770,0,135,135,741,4,8,6,19
9478,200,569124135274869154,0,134,134,756,1,6,3,12
9479,200,-1138553803870879184,0,156,156,758,8,2,2,4
9480,200,3687890858584507312,0,152,152,785,5,4,2,12
9481,200,-3287767053529430947,0,159,159,757,1,4,2,15
9482,200,8211735517025650023,0,145,145,752,3,9,5,22
9483,200,4256579678310815260,0,160,160,754,3,3,2,8
9484,200,2428129535005149345,0,163,163,769,4,4,2,8
9485,200,-5127341394935946377,0,108,108,738,1,3,1,9
9486,200,-4459706987347650456,0,132,132,737,4,6,4,14
9487,200,-324366675845017461,0,178,178,744,3,5,4,10
9488,200,-289528484526795130,0,136,136,754,2,4,2,9
9489,200,-5426761607034346698,0,132,132,753,2,2,1,5
9490,200,6905093831096229468,0,171,171,746,4,2,1,2
9491,200,6317471622809637902,0,120,120,729,2,6,4,14
9492,200,1690888152839340274,0,155,155,727,1,2,1,5
9493,200,452023247662381716,0,166,166,758,2,8,6,16
9494,200,3251648181723082319,0,123,123,761,1,4,2,13
9495,200,-2936469456353277783,0,142,142,778,2,6,2,16
9496,200,4077785132674261003,0,147,147,755,3,4,2,8
9497,200,-4070261229559903936,0,118,118,738,8,2,1,7
9498,200,-5080587223356974814,0,164,164,762,3,4,2,9
9499,200,9966022904419924,0,135,135,745,2,7,4,12
9500,200,-8408033076247785718,0,122,122,748,2,3,2,8
9501,200,1659995416897485340,0,170,170,741,1,6,4,10
9502,200,4486936133201301510,0,129,129,745,5,3,1,11
9503,200,-4319649043459018883,0,142,142,754,1,5,2,16
9504,200,-6470774045023372612,0,143,143,746,7,4,3,6
9505,200,7486632095834600896,0,132,132,764,2,3,1,10
9506,200,3481929109246106373,0,110,110,746,3,3,2,8
9507,200,3637272082432027524,0,136,136,764,4,4,1,9
9508,200,5924541269786628,0,147,147,761,2,7,5,17
9509,200,-5571684609621990154,0,139,139,743,3,9,4,31
9510,200,948088185473867641,0,150,150,757,3,3,2,12
9511,200,-1799084007978290882,0,140,140,760,3,5,3,13
9512,200,9122124493655448151,0,114,114,772,1,5,3,16
9513,200,5550574712663524156,0,135,135,746,3,5,3,10
9514,200,-1451816480270256493,0,160,160,762,1,6,4,14
9515,200,-546600296872578701,0,125,125,748,1,6,3,15
9516,200,-8499852563627548098,0,128,128,750,7,3,2,7
9517,200,-216225179738488507,0,147,147,748,4,4,3,18
9518,200,4931017350234788821,0,158,158,766,1,3,1,11
9519,200,-4586135149196398240,0,133,133,764,6,4,3,12
9520,200,7016813394224880599,0,131,131,750,1,5,3,10
9521,200,8479546808922978168,0,152,152,752,5,2,1,7
9522,200,5951160873627057048,0,139,139,777,2,5,3,10
9523,200,-5670661899900754634,0,138,138,765,6,5,3,18
9524,200,4562925731291845973,0,155,155,766,1,7,2,14
9525,200,-3817646410494384017,0,117,117,763,3,3,1,7
9526,200,8276975734780512647,0,142,142,743,8,2,1,7
9527,200,-7870385865665029479,0,149,149,773,4,3,2,9
9528,200,4599875604170265980,0,138,138,765,6,1,1,5
9529,200,-7861939139025267846,0,139,139,770,5,3,2,5
9530,200,-2616605389164132574,0,139,139,765,1,4,2,11
9531,200,-1617210534274305247,0,136,136,734,2,3,1,4
9532,200,-2631305624800126427,0,134,134,763,3,3,2,5
9533,200,6462064999479334682,0,118,118,749,1,4,1,8
9534,200,2152663114959655485,0,190,190,759,5,4,2,7
9535,200,375295651893489372,0,148,148,761,2,4,3,4
9536,200,4355876791547897536,0,100,100,746,4,3,2,7
9537,200,-3964095817731873914,0,144,144,747,4,4,1,9
9538,200,-1547305432022477954,0,123,123,737,1,4,2,13
9539,200,2924481392482682570,0,155,155,750,2,3,1,9
9540,200,-6398771015411752243,0,116,116,750,1,5,3,8
9541,200,6868712778211196201,0,156,156,766,1,7,4,15
9542,200,-5303244719838427934,0,128,128,751,2,4,2,12
9543,200,-8698181236267903136,0,125,125,761,3,5,3,11
9544,200,-5833690617319143326,0,144,144,756,2,6,3,13
9545,200,-2323258277588152543,0,116,116,757,3,2,1,5
9546,200,-779871671809619912,0,162,162,727,4,3,2,6
9547,200,6792279602938616582,0,141,141,740,1,4,3,8
9548,200,-784116673018813784,0,144,144,747,2,4,2,9
9549,200,-5696763902634357310,0,151,151,744,1,6,3,22
9550,200,-3371049537313239644,0,172,172,766,1,11,9,23
9551,200,4754074358544217241,0,153,153,762,2,5,2,14
9552,200,-4715231879005201314,0,145,145,778,1,6,2,21
9553,200,4251562853331659025,0,153,153,751,3,4,3,9
9554,200,8557078952624605726,0,120,120,740,4,2,1,4
9555,200,-2817944052205057558,0,142,142,751,7,1,1,2
9556,200,-4262875264060236203,0,110,110,739,5,3,2,9
9557,200,-851317397156343990,0,107,107,748,1,4,1,12
9558,200,4869550683644755441,0,138,138,760,6,3,2,10
9559,200,-7122314837206815172,0,112,112,762,1,5,2,10
9560,200,4721854694305758706,0,136,136,728,3,6,4,16
9561,200,3766902397832986459,0,120,120,771,6,8,5,16
9562,200,7974077673124907836,0,153,153,736,4,4,2,10
9563,200,-1389862545432126262,0,147,147,782,1,4,1,10
9564,200,6704660657784060847,0,170,170,772,2,3,1,8
9565,200,1667232073776229222,0,120,120,756,2,4,2,9
9566,200,382536591453281396,0,149,149,760,4,2,1,2
9567,200,-6681682945807023297,0,129,129,769,5,3,1,4
9568,200,-3020355891298365031,0,176,176,773,1,6,4,16
9569,200,-5841481217492948157,0,139,139,749,2,5,2,11
9570,200,7907654094506859232,0,103,103,738,3,8,5,21
9571,200,-5340800998284714949,0,137,137,744,1,10,7,17
9572,200,-1314537717501439533,0,155,155,783,2,4,3,7
9573,200,-8729459352607801605,0,154,154,759,2,5,2,14
9574,200,-486475426107738852,0,144,144,750,2,5,2,13
9575,200,-3750600777217156651,0,122,122,747,5,3,1,6
9576,200,7113279075897513234,0,133,133,762,2,4,1,10
9577,200,-41751328699784882,0,135,135,762,1,11,8,28
9578,200,8234762573550548375,0,114,114,746,6,2,2,6
9579,200,-7060249953337270252,0,134,134,760,2,8,4,12
9580,200,-8376767958840297184,0,159,159,747,1,3,1,11
9581,200,6749991635895298606,0,144,144,750,3,3,1,6
9582,200,-208503883817522924,0,180,180,756,1,9,5,18
9583,200,-672824529897271435,0,116,116,760,1,2,1,6
9584,200,8114295301354860378,0,137,137,749,4,7,4,18
9585,200,9140187722550395202,0,141,141,767,1,5,2,16
9586,200,1437422938432230701,0,147,147,753,1,5,3,10
9587,200,-8197782199593836696,0,148,148,754,1,6,3,9
9588,200,1592040418921536306,0,153,153,756,1,6,3,18
9589,200,165125268749246564,0,129,129,743,2,4,2,11
9590,200,-2183731306233037109,0,166,166,738,2,3,1,4
9591,200,-7032811996894639917,0,163,163,744,2,6,3,22
9592,200,1198241436753281197,0,116,116,748,3,3,2,10
9593,200,7191706021300266532,0,155,155,745,1,5,2,10
9594,200,-4568796832785940305,0,157,157,750,1,3,1,5
9595,200,-672059247063908211,0,174,174,747,2,3,2,12
9596,200,-2965134030458486043,0,141,141,742,3,3,1,7
9597,200,-1110495900863547326,0,149,149,761,4,3,2,5
9598,200,3210946463155712493,0,149,149,757,5,4,4,6
9599,200,-8117137551420997148,0,120,120,731,4,5,4,7
9600,200,4321080604537041544,0,144,144,738,7,2,1,8
9601,200,-5081412498464180681,0,121,121,751,2,3,2,9
9602,200,789369224036228204,0,133,133,760,4,5,3,15
9603,200,1484655497129847064,0,75,75,742,2,5,3,9
9604,200,-1160773870098387881,0,139,139,744,2,9,6,18
9605,200,-6539455475961529427,0,128,128,771,4,6,4,17
9606,200,-4322980780925877401,0,129,129,743,7,1,1,2
9607,200,-6369123931594646051,0,132,132,763,3,8,6,23
9608,200,-2204572297322805336,0,121,121,757,3,4,2,7
9609,200,-8214266684854062334,0,138,138,748,4,6,4,10
9610,200,5493189892412701166,0,139,139,746,2,2,1,7
9611,200,2304674737134177757,0,137,137,747,5,2,1,5
9612,200,-1954829381667777307,0,126,126,767,3,5,2,13
9613,200,-1937544844338874422,0,132,132,773,4,4,2,11
9614,200,-1837607233166964378,0,113,113,743,2,5,2,10
9615,200,7774093975483676468,0,141,141,748,2,4,2,13
9616,200,1169827412951657483,0,137,137,747,2,4,1,10
9617,200,-5686933182433113782,0,134,134,745,2,6,4,15
9618,200,1844058324189145093,0,134,134,746,2,4,1,12
9619,200,5301223208798864114,0,155,155,748,1,4,1,17
9620,200,-3218106256647976148,0,124,124,752,6,3,2,4
9621,200,-2786654232853017346,0,152,152,745,1,3,1,9
9622,200,1042462392777981783,0,151,151,754,2,4,3,14
9623,200,8736639217933840285,0,127,127,766,1,5,2,7
9624,200,-1022638206235409171,0,171,171,762,3,7,4,15
9625,200,-7214827611571511021,0,121,121,754,2,7,4,23
9626,200,5657569844083507900,0,129,129,762,1,4,2,8
9627,200,-5582474831882597460,0,170,170,743,4,4,3,9
9628,200,3025562022425050889,0,122,122,740,4,5,3,12
9629,200,-5098653660981592339,0,147,147,742,3,5,3,11
9630,200,-6665139062949210649,0,134,134,743,3,7,4,16
9631,200,2078741713535762445,0,129,129,748,1,6,3,15
9632,200,-9026115374851309364,0,139,139,738,4,2,1,8
9633,200,6570933855602584995,0,149,149,753,3,4,3,8
9634,200,-5975362981220088992,0,143,143,761,1,5,3,15
9635,200,-4138332914827662688,0,162,162,754,4,5,2,9
9636,200,-1149919685822525032,0,102,102,761,2,4,3,10
9637,200,-355363383288118146,0,166,166,757,1,8,5,24
9638,200,-7354682318584413437,0,139,139,743,3,5,2,10
9639,200,-7297672328048228167,0,105,105,764,2,6,4,20
9640,200,4376008074389743459,0,140,140,754,2,5,3,11
9641,200,-7719340273435755138,0,139,139,761,7,4,3,10
9642,200,6131058920650084479,0,116,116,714,4,4,3,14
9643,200,-6802704031003594334,0,127,127,756,3,5,3,13
9644,200,-1312074026038893257,0,106,106,762,2,5,3,13
9645,200,4922901111327889365,0,126,126,764,3,4,2,5
9646,200,7047238371691909592,0,128,128,754,1,9,6,22
9647,200,-1401865712616873706,0,153,153,754,2,3,1,9
9648,200,2454373393948551601,0,130,130,761,3,3,1,6
9649,200,108702574474349161,0,138,138,757,7,4,2,8
9650,200,-7844139800765952538,0,162,162,766,1,3,1,6
9651,200,7627477918723690952,0,89,89,758,1,5,3,16
9652,200,5135217420758543747,0,111,111,739,2,6,2,18
9653,200,-7854077506168388010,0,120,120,755,5,3,1,5
9654,200,-4163488757309476140,0,144,144,779,5,3,1,4
9655,200,102403703807551450,0,133,133,769,4,4,2,9
9656,200,-2615694979743747597,0,141,141,748,2,3,1,7
9657,200,-909425874118522518,0,142,142,739,1,7,4,16
9658,200,-3995417928355140447,0,125,125,775,1,9,4,23
9659,200,-4062059103278011546,0,161,161,749,5,8,4,20
9660,200,6488262707964018521,0,138,138,752,3,3,2,11
9661,200,6383456559294333096,0,149,149,750,4,5,2,10
9662,200,-7051549745648186462,0,133,133,750,3,3,2,10
9663,200,-4055942783119682823,0,140,140,755,1,5,3,18
9664,200,-2661897308742896731,0,146,146,761,2,5,3,14
9665,200,-4346391622501729594,0,125,125,742,2,3,2,6
9666,200,7866796182810163966,0,169,169,732,4,7,5,15
9667,200,-2059137294149132782,0,137,137,763,2,4,2,12
9668,200,-1210176785807105834,0,44,44,772,5,12,9,20
9669,200,9204080243252488878,0,148,148,741,2,3,1,11
9670,200,8033150659080390449,0,130,130,775,5,3,2,8
9671,200,-8513200571254997080,0,118,118,747,2,5,2,13
9672,200,-5736021494929966204,0,146,146,741,1,5,3,9
9673,200,4540754852509268481,0,177,177,762,4,6,2,10
9674,200,7790418881641755786,0,129,129,752,4,3,2,6
9675,200,-7805384536546699103,0,123,123,752,6,3,3,5
9676,200,1328269361445509463,0,111,111,793,1,6,3,12
9677,200,-7654358373133980785,0,124,124,769,3,4,2,12
9678,200,7326748655354963372,0,154,154,769,1,7,3,18
9679,200,7436704951636263516,0,130,130,767,1,6,3,19
9680,200,494147042246393741,0,145,145,742,3,4,2,7
9681,200,7647836308285246944,0,155,155,767,1,5,3,14
9682,200,6654070853161128465,0,119,119,770,1,10,7,13
9683,200,-6702280081174304472,0,114,114,751,3,4,1,10
9684,200,2251003157212971384,0,147,147,756,6,7,5,12
9685,200,-7998600791343383122,0,138,138,765,1,6,4,6
9686,200,4366601822320168066,0,115,115,722,1,4,2,10
9687,200,-1016658320398666038,0,144,144,783,3,7,5,20
9688,200,-637689917548794114,0,154,154,756,1,10,7,14
9689,200,4032803251259783273,0,153,153,761,4,5,3,17
9690,200,6210877349453601184,0,102,102,761,3,5,3,10
9691,200,6329745574107565308,0,111,111,753,2,6,3,18
9692,200,-3073862515533458665,0,157,157,751,2,3,1,6
9693,200,-1394238640367583566,0,153,153,748,6,3,3,9
9694,200,62187981884511839,0,172,172,754,3,4,1,5
9695,200,4229284139149529064,0,168,168,718,4,4,3,11
9696,200,-6782887242386554285,0,146,146,744,2,5,2,10
9697,200,712786413312640736,0,157,157,746,7,2,2,6
9698,200,7402975118399630981,0,125,125,755,2,7,4,16
9699,200,-6420843617987149647,0,146,146,766,1,6,2,17
9700,200,-8849797538761066158,0,134,134,748,3,11,8,22
9701,200,1422895723186978686,0,131,131,755,6,4,2,11
9702,200,-4139448148245273808,0,164,164,755,5,3,2,5
9703,200,-3175670748225722390,0,110,110,755,3,10,8,20
9704,200,4788440723564710729,0,133,133,772,2,4,2,12
9705,200,1390619316044669386,0,139,139,726,4,3,2,10
9706,200,-2156506649287122611,0,151,151,746,1,5,3,7
9707,200,-5136955835181789156,0,128,128,737,2,7,5,15
9708,200,-6514711683920535420,0,96,96,774,1,4,2,11
9709,200,6024794736231289912,0,129,129,744,1,4,1,7
9710,200,-5237834170271029214,0,129,129,758,6,3,2,11
9711,200,-7756431001491599291,0,107,107,764,2,15,10,36
9712,200,3155578192080618718,0,125,125,764,1,3,1,9
9713,200,-476043216723108626,0,158,158,750,6,3,2,7
9714,200,1548414592171999172,0,152,152,759,8,3,2,7
9715,200,-6046944803862895020,0,162,162,736,5,5,3,16
9716,200,7173975711895062090,0,109,109,744,4,4,3,15
9717,200,-3515721969269873595,0,164,164,753,2,3,1,4
9718,200,1788477534541004706,0,149,149,767,2,2,1,7
9719,200,2529468697637527982,0,74,74,732,1,3,2,7
9720,200,6879094052376683342,0,154,154,748,1,4,3,12
9721,200,5208545329547315022,0,142,142,746,6,2,2,6
9722,200,1911246413071541496,0,157,157,748,2,5,3,9
9723,200,-4769526566500770388,0,141,141,748,5,2,1,3
9724,200,-201397316451563133,0,121,121,745,1,9,5,27
9725,200,3187539222820846154,0,111,111,760,1,3,1,9
9726,200,3220614596334500189,0,166,166,776,1,6,3,16
9727,200,-7667892072321463269,0,169,169,737,4,2,1,6
9728,200,-5719289373081705450,0,170,170,752,3,5,2,9
9729,200,-7615065110422078671,0,131,131,780,8,3,2,11
9730,200,-3753021455703340746,0,138,138,737,2,5,2,12
9731,200,4541858263699050426,0,147,147,771,1,8,6,18
9732,200,-516200258880947638,0,101,101,756,1,3,1,8
9733,200,-939327230144850899,0,148,148,767,2,7,5,15
9734,200,774123552125758016,0,112,112,753,4,2,1,3
9735,200,-6306573050337466689,0,113,113,762,1,6,3,21
9736,200,-6663141296863355404,0,132,132,770,4,5,2,9
9737,200,7977744576098381340,0,160,160,767,3,5,1,11
9738,200,2121628242329817610,0,143,143,742,6,3,1,7
9739,200,219946606890689875,0,121,121,739,7,4,2,9
9740,200,-8562434969991468547,0,126,126,776,5,2,1,8
9741,200,-2747654756240739567,0,166,166,770,2,10,6,19
9742,200,-2981134814117839752,0,88,88,729,1,11,7,24
9743,200,6677429609499164689,0,167,167,738,4,3,2,10
9744,200,8840289472852234468,0,138,138,752,2,4,1,8
9745,200,6658750716243722450,0,132,132,768,5,7,6,13
9746,200,6316059547428037186,0,129,129,731,3,3,2,13
9747,200,3292959138228496011,0,146,146,730,1,7,3,13
9748,200,-5785887860722861254,0,158,158,777,2,3,1,8
9749,200,8503442599835954012,0,157,157,771,1,4,1,8
9750,200,-1014429059406200974,0,131,131,761,2,5,2,17
9751,200,89510237500190149,0,157,157,769,1,4,2,8
9752,200,2498122422383900195,0,160,160,766,7,2,1,5
9753,200,-5892324801788145829,0,138,138,753,2,4,2,11
9754,200,-541599480591767062,0,125,125,772,1,9,6,15
9755,200,-8417745128966829384,0,137,137,721,4,3,1,7
9756,200,-1282865704878296613,0,119,119,748,2,4,2,12
9757,200,661556625368822963,0,144,144,749,3,10,9,19
9758,200,831787053636138972,0,147,147,751,4,2,1,4
9759,200,-901635176411079472,0,105,105,755,2,6,4,19
9760,200,-1327558444048297937,0,137,137,750,8,1,1,2
9761,200,-3654917833792995078,0,151,151,739,3,4,3,11
9762,200,4163395738489075280,0,161,161,758,2,5,3,13
9763,200,-2704225083056355217,0,167,167,775,6,2,1,6
9764,200,-7470606930293325056,0,130,130,752,7,8,6,15
9765,200,7409860287286409723,0,126,126,763,1,3,1,4
9766,200,3285339098288172961,0,127,127,744,5,7,5,16
9767,200,-7068784162631245464,0,155,155,764,1,4,1,6
9768,200,5699612716388252356,0,133,133,747,4,7,5,15
9769,200,4512775399687739444,0,165,165,755,2,2,1,8
9770,200,9128717279354683904,0,116,116,754,4,6,3,14
9771,200,-5533360939474147964,0,136,136,772,6,2,1,4
9772,200,1618320326600205573,0,137,137,755,1,4,3,8
9773,200,2936029056081930584,0,130,130,764,1,4,1,7
9774,200,3067927332553164272,0,140,140,769,7,3,3,9
9775,200,9167320320866846464,0,138,138,756,5,2,1,5
9776,200,738503182644329183,0,137,137,744,4,3,2,6
9777,200,-6251457304005705009,0,117,117,763,6,2,1,6
9778,200,2951104517519672520,0,130,130,741,6,4,2,10
9779,200,-1145315659411273971,0,155,155,756,2,4,2,12
9780,200,-6154712126195228794,0,138,138,740,2,7,5,14
9781,200,-6017965032492366799,0,149,149,739,1,6,4,19
9782,200,793613615108292404,0,124,124,776,2,7,3,16
9783,200,4790142267810832463,0,140,140,763,1,7,4,14
9784,200,-9098202318227632450,0,167,167,758,1,3,2,8
9785,200,8733315006644906447,0,160,160,756,5,5,4,16
9786,200,-7557760072126446668,0,117,117,768,3,8,5,21
9787,200,-4116318693909102241,0,99,99,745,1,3,1,10
9788,200,-8620024630544622751,0,141,141,758,2,2,1,7
9789,200,-7882669095295783126,0,151,151,733,3,2,1,4
9790,200,6661670385757345052,0,155,155,749,2,3,1,8
9791,200,3533507298339755849,0,135,135,744,6,4,2,8
9792,200,2015594231877172701,0,127,127,740,7,4,3,12
9793,200,-494155044301307526,0,140,140,758,1,6,4,12
9794,200,5516418488451014931,0,145,145,776,1,6,2,15
9795,200,-671819454040299505,0,150,150,743,1,5,2,14
9796,200,5863189984708309683,0,143,143,769,4,3,1,11
9797,200,-5141769571514203608,0,134,134,724,2,4,1,14
9798,200,-9018539842847963500,0,83,83,771,4,7,5,16
9799,200,-8668459911962002140,0,125,125,752,4,4,1,10
9800,200,-1461897982205597447,0,124,124,752,1,6,3,14
9801,200,-357845055982741164,0,183,183,786,2,5,2,10
9802,200,-8899966149651256209,0,122,122,738,3,6,5,17
9803,200,-5326694099641328143,0,157,157,749,1,3,2,7
9804,200,5068987740909912281,0,145,145,745,1,5,4,5
9805,200,-1812489861945878448,0,128,128,764,5,6,4,16
9806,200,7879860913598277577,0,151,151,742,2,8,4,18
9807,200,8631074560540908115,0,119,119,755,1,6,3,16
9808,200,1034366432433134096,0,118,118,754,3,4,2,12
9809,200,7576838072678738978,0,106,106,773,1,3,2,8
9810,200,-5706807518367026536,0,152,152,728,4,4,2,8
9811,200,5297842576630129947,0,120,120,750,2,6,3,15
9812,200,-4698576019676155280,0,137,137,750,2,4,1,10
9813,200,-6147028838295494650,0,141,141,751,2,8,4,15
9814,200,5730420180930638376,0,117,117,766,6,5,3,13
9815,200,-2506802498092794227,0,117,117,733,3,7,5,17
9816,200,8132845735431459934,0,123,123,770,1,6,4,9
9817,200,6366137550892068842,0,130,130,758,2,4,2,13
9818,200,-6498727152416305768,0,157,157,751,1,4,2,8
9819,200,7733820486212038369,0,131,131,756,5,3,2,8
9820,200,-5221702812455905964,0,149,149,752,6,3,1,8
9821,200,1669102868214016753,0,120,120,762,2,9,6,25
9822,200,4599983005662565470,0,135,135,756,1,4,1,12
9823,200,-960059709479907130,0,111,111,717,3,5,2,12
9824,200,-1415863327137618848,0,162,162,761,6,4,3,16
9825,200,8402093933124855281,0,165,165,759,3,5,3,7
9826,200,8351041702802011327,0,152,152,754,1,3,1,9
9827,200,-1283454722703283238,0,149,149,744,3,2,1,5
9828,200,-8539414464679597916,0,139,139,757,1,6,5,20
9829,200,7190237090403728884,0,148,148,745,6,4,3,8
9830,200,-2545348094297521576,0,125,125,739,4,5,1,15
9831,200,-8305009773303046349,0,157,157,772,7,4,3,5
9832,200,-1494073084541947948,0,135,135,756,1,5,1,11
9833,200,-2248008502575387973,0,127,127,755,2,8,4,29
9834,200,3459725176920214680,0,136,136,728,2,3,1,8
9835,200,4841881648251460569,0,107,107,750,4,8,5,19
9836,200,1844705849366719675,0,150,150,747,6,2,1,6
9837,200,-6670083476285431498,0,178,178,761,8,3,2,7
9838,200,6389779076566549827,0,167,167,754,4,4,1,6
9839,200,-6555447692863901879,0,123,123,753,3,4,2,12
9840,200,595753720818910646,0,144,144,725,4,4,2,8
9841,200,-2102841404320004595,0,147,147,751,4,4,1,12
9842,200,3180833893213730544,0,108,108,758,3,6,4,14
9843,200,-3720023901960921612,0,142,142,763,1,8,6,19
9844,200,1358273022275105591,0,135,135,762,1,5,2,18
9845,200,858469761225158682,0,140,140,748,1,4,2,11
9846,200,-8109385736027386996,0,161,161,750,2,6,5,18
9847,200,4491766158925303229,0,131,131,768,2,3,1,6
9848,200,6320179847491087939,0,153,153,747,7,3,2,8
9849,200,-805227331591816467,0,129,129,741,1,8,5,23
9850,200,6958744083460268758,0,136,136,735,4,4,1,12
9851,200,2647685637624250495,0,136,136,750,2,11,8,26
9852,200,-326185800215646475,0,144,144,737,2,4,2,10
9853,200,-8698224972531652281,0,140,140,733,1,7,4,23
9854,200,271448430389410016,0,144,144,744,8,3,3,6
9855,200,-1520932798335902075,0,130,130,755,2,4,2,16
9856,200,5532082217615604473,0,132,132,747,4,4,3,9
9857,200,1506840850346973087,0,163,163,750,5,2,1,5
9858,200,511997487150537876,0,134,134,767,2,4,1,7
9859,200,-4116097912464551664,0,126,126,767,1,7,5,20
9860,200,3910999712648528913,0,145,145,743,4,4,2,9
9861,200,-8647844665046581600,0,130,130,772,1,5,3,15
9862,200,-1731168362210871763,0,123,123,723,1,5,2,14
9863,200,9043870638460562645,0,149,149,737,3,5,3,8
9864,200,7727339744533943956,0,128,128,760,3,3,1,12
9865,200,7777099344297166249,0,119,119,756,4,4,2,13
9866,200,-6257912670189707846,0,122,122,755,3,2,1,7
9867,200,-4972636881458041732,0,143,143,749,4,5,3,10
9868,200,4691264415011395562,0,142,142,764,1,6,2,11
9869,200,6389853779241674059,0,135,135,745,2,5,3,19
9870,200,-7925737987684384354,0,135,135,746,1,5,2,17
9871,200,-5850238655435900126,0,138,138,732,1,6,3,15
9872,200,3956220052119655697,0,147,147,781,1,8,4,22
9873,200,-6584298545692206641,0,105,105,759,1,6,4,11
9874,200,2429439659639758098,0,142,142,775,5,5,2,12
9875,200,3857999795497504472,0,125,125,754,3,5,2,10
9876,200,-4506829419157921509,0,119,119,751,2,6,3,8
9877,200,6981963165892863406,0,125,125,754,1,7,2,17
9878,200,-314239146710417758,0,143,143,754,3,6,3,15
9879,200,-4649457971238186207,0,146,146,760,1,7,4,15
9880,200,1270867640702190510,0,163,163,766,4,4,3,8
9881,200,-8356285210031053802,0,152,152,763,2,4,2,11
9882,200,6070449740485254828,0,144,144,747,3,6,3,11
9883,200,5717110943692481400,0,122,122,740,5,2,1,6
9884,200,3475061347709597570,0,122,122,775,1,4,1,8
9885,200,1689464762230041452,0,156,156,751,1,7,4,16
9886,200,3471756776032847332,0,149,149,771,2,3,2,5
9887,200,6951533742673384904,0,128,128,788,2,8,4,23
9888,200,-499178816944604953,0,118,118,741,7,5,4,11
9889,200,-3160723827879346235,0,156,156,747,1,7,3,9
9890,200,-7391904417783364653,0,152,152,754,1,6,3,16
9891,200,4625667520765269234,0,160,160,751,2,4,2,10
9892,200,3862775291597595708,0,133,133,775,1,7,5,18
9893,200,-7236211777883941525,0,128,128,754,4,3,2,7
9894,200,-3994355863897868973,0,117,117,765,1,6,2,13
9895,200,7661876788516653899,0,157,157,745,2,4,2,7
9896,200,6121102301715637369,0,126,126,771,4,5,2,15
9897,200,1281493419771061086,0,128,128,743,9,2,2,4
9898,200,2506151799495990037,0,142,142,744,4,3,2,4
9899,200,-4248728022194774757,0,129,129,762,5,5,3,10
9900,200,440248348981916070,0,103,103,763,3,4,2,10
9901,200,3307616337991288272,0,147,147,759,5,3,2,6
9902,200,-2966606351337144293,0,142,142,740,3,4,3,7
9903,200,3200711856275583774,0,94,94,756,1,7,3,14
9904,200,5121663710408253282,0,148,148,763,1,6,3,10
9905,200,5684523223760548008,0,155,155,743,8,3,3,7
9906,200,-3005007251749392322,0,100,100,736,1,5,2,11
9907,200,-7306343587908545273,0,164,164,761,4,6,4,19
9908,200,5890193153557936989,0,154,154,753,2,4,2,9
9909,200,151462699473220096,0,163,163,736,2,5,1,13
9910,200,-2164744208149987671,0,156,156,745,6,5,4,8
9911,200,6718783415282521081,0,136,136,744,5,5,3,15
9912,200,3312855209328901085,0,123,123,763,3,6,3,17
9913,200,-3900107129653640025,0,141,141,767,1,6,4,14
9914,200,7117958277350120540,0,132,132,746,5,4,2,11
9915,200,3862616413843129612,0,150,150,735,1,7,3,18
9916,200,-7614874893211648451,0,136,136,740,4,3,2,7
9917,200,2477838285957804704,0,156,156,755,4,4,3,12
9918,200,-3231531887378366806,0,130,130,735,3,7,5,19
9919,200,-810842195964556338,0,116,116,741,2,3,1,8
9920,200,5412091109682959722,0,112,112,752,2,4,3,14
9921,200,-4942715844395120735,0,133,133,776,1,3,1,7
9922,200,-8198726469087570501,0,136,136,747,1,6,4,16
9923,200,2407916174369240255,0,140,140,754,5,3,2,4
9924,200,-1878844955195103131,0,155,155,769,1,4,2,6
9925,200,6753722339375076245,0,152,152,749,1,6,3,15
9926,200,-758341395787885813,0,123,123,771,2,5,3,16
9927,200,8766155086342971347,0,160,160,757,5,4,3,7
9928,200,-4770482587716968253,0,172,172,764,3,6,3,16
9929,200,4277778538552982811,0,134,134,761,3,5,2,15
9930,200,-72923379306987543,0,170,170,745,1,6,2,16
9931,200,-5887381443738731788,0,138,138,747,6,3,2,8
9932,200,8249588111587469616,0,120,120,767,1,6,4,19
9933,200,8779781552781321220,0,152,152,769,7,1,1,1
9934,200,7557275808916120569,0,136,136,757,2,4,1,11
9935,200,-8445322506549506946,0,126,126,745,8,2,2,6
9936,200,4882163239124564967,0,154,154,735,1,4,1,12
9937,200,-7053357939693022248,0,123,123,749,3,6,4,10
9938,200,68941356736199602,0,134,134,752,2,4,3,6
9939,200,-2874925217615311423,0,167,167,760,1,5,2,15
9940,200,8036305417617473852,0,129,129,752,1,7,4,21
9941,200,2448097815087531602,0,133,133,755,2,10,6,25
9942,200,-6223425754969719071,0,158,158,754,4,5,4,8
9943,200,-5946201002316475005,0,144,144,735,2,4,2,11
9944,200,8089609472670498322,0,135,135,736,5,7,5,23
9945,200,-2089305938477910560,0,127,127,752,3,6,4,22
9946,200,539565007109535524,0,141,141,745,5,5,2,14
9947,200,-8175832707748834693,0,141,141,759,5,6,4,18
9948,200,1948036882216407653,0,165,165,746,1,11,7,21
9949,200,5432547701398945828,0,145,145,736,6,5,3,13
9950,200,947322275763103344,0,125,125,774,6,5,4,13
9951,200,-6207734277319109161,0,159,159,744,1,6,1,12
9952,200,5405192293655119810,0,134,134,773,1,5,1,8
9953,200,948620291455228021,0,131,131,747,2,4,2,6
9954,200,-1345923061366669940,0,157,157,763,1,6,2,12
9955,200,-4042194276122972745,0,131,131,768,4,6,4,14
9956,200,-109495752431276086,0,149,149,760,2,6,3,10
9957,200,626965966792837727,0,113,113,746,3,7,4,17
9958,200,6137251626701218452,0,148,148,750,2,8,5,19
9959,200,-123136002725032017,0,134,134,769,1,6,3,18
9960,200,-8681085687297764685,0,158,158,754,1,4,2,8
9961,200,9190783854607944735,0,167,167,737,1,6,4,15
9962,200,3700384613413095286,0,110,110,773,2,5,2,10
9963,200,531248337774793545,0,132,132,745,2,4,2,10
9964,200,-5118156486857593402,0,149,149,748,3,6,4,12
9965,200,352560840213193000,0,140,140,740,6,2,1,4
9966,200,-5015307120592465800,0,147,147,758,3,4,2,10
9967,200,3662118671628319873,0,152,152,775,2,5,3,12
9968,200,-4157987724410322462,0,144,144,763,4,6,4,17
9969,200,-5386477424940151648,0,146,146,739,1,3,1,6
9970,200,-4661965944913163600,0,114,114,736,3,4,3,13
9971,200,4595597106304325191,0,149,149,771,5,6,3,9
9972,200,-2050109828218801672,0,158,158,755,1,4,1,13
9973,200,2245876925114635235,0,141,141,770,3,4,3,7
9974,200,1113252573164401291,0,157,157,739,2,3,2,11
9975,200,1550768998775708929,0,155,155,766,3,8,5,13
9976,200,-8033553430440676979,0,134,134,756,6,3,1,5
9977,200,-1219350261105143553,0,144,144,747,1,3,1,8
9978,200,-2646602936111510969,0,136,136,731,1,4,2,8
9979,200,4316875369369155846,0,109,109,767,4,2,1,3
9980,200,-2260588295705509061,0,134,134,742,2,3,2,8
9981,200,-2268086687182088905,0,153,153,776,1,7,4,18
9982,200,-2503717934836989832,0,148,148,771,2,5,3,9
9983,200,2951506026605185316,0,146,146,766,2,3,1,6
9984,200,-40158063375251665,0,140,140,769,8,2,2,6
9985,200,-5806457491070166143,0,126,126,773,2,4,1,13
9986,200,8588825761640294023,0,154,154,754,3,2,1,5
9987,200,-768032504308024038,0,151,151,748,2,9,5,20
9988,200,-6371780849261504083,0,124,124,754,2,7,4,16
9989,200,-4315494525872796920,0,134,134,749,6,2,1,5
9990,200,-7362823855499708626,0,140,140,769,2,4,2,7
9991,200,-3627626236748857313,0,154,154,764,2,4,1,10
9992,200,4645075940362305928,0,146,146,740,2,3,1,11
9993,200,2113347808375310762,0,134,134,755,3,6,4,16
9994,200,-1356297171577557763,0,139,139,729,2,3,1,6
9995,200,-9024334102445345959,0,90,90,760,1,6,3,12
9996,200,-2491641633418776918,0,163,163,736,2,5,3,12
9997,200,-8405722396935233926,0,127,127,749,1,5,2,12
9998,200,6513694674707409112,0,164,164,754,4,3,2,8
9999,200,-1186125063489832857,0,142,142,783,5,3,1,4
10000,200,7401672643329804434,0,141,141,730,1,3,1,8
