simulationId,cowboyCount,seed,starterId,winnerId,winnerOffsetFromStarter,totalShots,winnerRemainingHp,winnerShotsFired,winnerKills,winnerTotalDamageDealt
1,100,7622549244507814510,0,66,66,393,1,5,2,14
2,100,-176823638348867382,0,55,55,379,5,1,1,1
3,100,4653291594555506559,0,51,51,381,2,4,2,11
4,100,-5429547764223392703,0,64,64,382,1,5,2,8
5,100,1354699720820100286,0,81,81,373,3,4,1,9
6,100,-8558099095430985091,0,57,57,373,1,6,3,15
7,100,7566729063232618657,0,40,40,370,4,10,8,21
8,100,-8796280036588025189,0,64,64,378,4,4,3,6
9,100,-1904176087077157359,0,65,65,373,2,4,2,9
10,100,-5950808297819701377,0,57,57,373,2,4,3,8
11,100,8202580055274905697,0,70,70,366,8,3,3,8
12,100,2069697956329713381,0,62,62,358,6,5,3,18
13,100,2331882227666649723,0,71,71,377,3,4,2,13
14,100,-6907155114764864074,0,80,80,391,3,6,3,8
15,100,5743542032431768924,0,37,37,373,1,4,1,11
16,100,1754090216629634460,0,61,61,363,2,2,1,9
17,100,3000933636146778561,0,72,72,387,6,3,2,6
18,100,-818370409442154536,0,68,68,382,2,4,1,10
19,100,-6494085369291419358,0,62,62,372,4,3,2,7
20,100,-4831476700427871918,0,73,73,373,3,7,5,19
21,100,-7164822578341529121,0,54,54,378,6,2,1,4
22,100,-6681209751587204111,0,73,73,372,1,7,5,17
23,100,-2785428037848741191,0,90,90,380,1,7,4,23
24,100,4092339821109795117,0,84,84,379,2,7,3,17
25,100,3063383483373029763,0,80,80,366,1,6,4,16
26,100,3373133630133326305,0,72,72,369,3,3,1,6
27,100,493181087642310936,0,78,78,363,1,8,4,20
28,100,-1746716152221018267,0,79,79,374,5,3,1,6
29,100,446462409193912975,0,61,61,373,5,5,4,5
30,100,1193011675842738652,0,63,63,382,4,7,4,19
31,100,4831360065858792877,0,78,78,383,4,3,1,9
32,100,8575571794862233545,0,57,57,396,5,5,3,12
33,100,345942164528489626,0,70,70,373,2,8,5,18
34,100,7448151043156876008,0,66,66,373,2,6,4,15
35,100,5239964932791844568,0,61,61,378,3,3,1,10
36,100,-9173191548526301637,0,87,87,381,2,6,3,12
37,100,-2161688254686019728,0,57,57,382,4,3,1,7
38,100,-4645889046326623902,0,67,67,389,2,4,1,16
39,100,-4846666793570864531,0,49,49,368,8,4,3,13
40,100,8504972586755124527,0,74,74,364,2,5,1,9
41,100,2012197841368315278,0,57,57,367,7,4,3,11
42,100,-6052823257482687111,0,73,73,383,1,6,3,19
43,100,8951238588419643446,0,59,59,378,2,4,1,12
44,100,8373285886730576944,0,72,72,388,1,3,1,6
45,100,-6024011126309681497,0,63,63,381,2,4,1,8
46,100,-3199751378429683278,0,58,58,393,1,5,2,14
47,100,-205079082719447953,0,77,77,390,1,5,2,13
48,100,-1230956723516543396,0,70,70,373,6,7,6,17
49,100,9009170572123666977,0,72,72,371,4,4,3,5
50,100,502512276757557602,0,88,88,352,1,8,6,20
51,100,-6468460926580581816,0,43,43,378,2,5,2,11
52,100,-1041959172619497245,0,88,88,371,1,4,1,9
53,100,-3176141123837156967,0,52,52,388,4,2,1,4
54,100,-1250743467814938825,0,67,67,375,2,6,4,14
55,100,2802790474057045607,0,73,73,381,1,3,1,7
56,100,1594636887908444555,0,64,64,392,4,4,2,5
57,100,2247049277431032667,0,56,56,372,2,4,2,11
58,100,-2141993941735040080,0,71,71,371,2,4,1,9
59,100,4950414587910089059,0,57,57,364,2,4,2,12
60,100,4024558437153402159,0,78,78,379,2,7,5,15
61,100,8460830073364808938,0,43,43,384,4,6,4,11
62,100,-8861481111054564448,0,74,74,375,2,4,3,12
63,100,5151774012177519178,0,54,54,388,3,9,4,20
64,100,6091217547875219003,0,67,67,381,1,9,5,21
65,100,-2747216630518444674,0,68,68,367,5,4,2,12
66,100,-3120053898601644369,0,39,39,388,2,5,1,15
67,100,3034305960001825052,0,75,75,376,2,3,1,9
68,100,530950165320721202,0,69,69,379,8,1,1,5
69,100,-3239810975889385343,0,73,73,392,1,5,3,14
70,100,8355546087979150809,0,57,57,379,3,4,2,15
71,100,-469783043654121139,0,80,80,374,3,3,2,11
72,100,-8860139790373583575,0,67,67,366,4,7,4,17
73,100,3078272170296328209,0,76,76,355,4,3,2,11
74,100,1861223411033487853,0,74,74,366,4,2,1,7
75,100,6371430372172172359,0,76,76,360,3,6,4,15
76,100,558336081978973769,0,67,67,365,1,4,2,8
77,100,-4684935535263414398,0,57,57,382,3,6,3,11
78,100,4274643094731897359,0,67,67,369,3,7,6,11
79,100,-974467266348133402,0,66,66,383,6,3,1,8
80,100,2876010997474373712,0,82,82,380,3,4,2,15
81,100,2556742473257242073,0,65,65,365,6,5,4,15
82,100,3881636367721409078,0,48,48,398,1,10,5,18
83,100,-4283235462372645638,0,58,58,377,4,3,2,8
84,100,-5435618743545341167,0,60,60,378,5,4,3,10
85,100,8287095643659210833,0,71,71,385,1,9,6,23
86,100,8922802869860413870,0,57,57,373,8,4,3,10
87,100,-8768726520343391800,0,76,76,394,3,6,3,9
88,100,4372297092407986927,0,79,79,385,2,4,1,13
89,100,1825614279441251546,0,53,53,371,4,5,2,14
90,100,-8762036456603649640,0,44,44,369,3,6,4,14
91,100,3126602431026017417,0,65,65,361,1,6,4,22
92,100,-6850303691888806042,0,46,46,361,3,3,1,8
93,100,-8236622947874188139,0,62,62,383,5,6,3,10
94,100,-7308026951116254363,0,54,54,386,2,9,6,18
95,100,7503361998593243626,0,93,93,364,6,6,5,12
96,100,-5497387776322637437,0,50,50,370,6,4,2,12
97,100,-1268344063882912167,0,58,58,383,2,2,1,5
98,100,-4537393245351792801,0,32,32,365,5,5,2,6
99,100,7007109389799046027,0,67,67,380,1,9,6,27
100,100,2541384518595445350,0,50,50,375,1,6,3,19
101,100,3350996714279151922,0,78,78,388,4,4,2,9
102,100,-6122081210866785503,0,42,42,384,2,6,4,11
103,100,3642725993278335616,0,54,54,370,4,9,7,26
104,100,-6310069696443000377,0,90,90,378,2,12,7,31
105,100,1047077068562554588,0,68,68,357,7,2,1,6
106,100,-6852892927081889767,0,56,56,372,6,6,3,9
107,100,-4257256642702636589,0,74,74,379,4,3,2,4
108,100,-5029367128408372113,0,70,70,381,2,5,3,15
109,100,7607616885527668300,0,53,53,375,6,3,1,8
110,100,26434227140393485,0,71,71,375,3,7,4,17
111,100,9209768725001713919,0,90,90,373,4,5,3,10
112,100,-3085924346636983622,0,64,64,378,3,6,3,12
113,100,8675964771217511976,0,57,57,372,3,4,1,6
114,100,4907356856337128851,0,61,61,380,2,3,2,5
115,100,-4666966213610434953,0,67,67,386,3,6,2,16
116,100,-4926837390399736036,0,60,60,375,2,5,3,13
117,100,-8336891457433127094,0,68,68,381,4,4,2,7
118,100,516544900739520151,0,69,69,387,4,3,1,9
119,100,-7283127629127876067,0,49,49,379,1,4,1,13
120,100,-1032635651569392488,0,81,81,363,6,5,4,8
121,100,7769363128375121728,0,69,69,384,1,6,4,22
122,100,-430746176916896039,0,70,70,381,1,4,2,10
123,100,8651847374258448331,0,55,55,384,7,6,4,18
124,100,2224671235021342026,0,71,71,373,1,4,2,11
125,100,-1465474966042121521,0,65,65,375,1,6,3,20
126,100,5232730891868007532,0,57,57,376,8,4,3,16
127,100,1361460470342695374,0,77,77,385,4,7,4,20
128,100,-1356467568661118753,0,49,49,389,2,7,4,13
129,100,-7614506031958753172,0,64,64,375,4,3,1,5
130,100,-8971519793056376775,0,28,28,376,4,3,2,9
131,100,3022396495612605285,0,57,57,375,3,5,4,14
132,100,8290662160158026520,0,66,66,374,3,4,2,13
133,100,3843035322279117505,0,70,70,375,5,7,6,14
134,100,-5189416922603801478,0,85,85,374,3,6,4,15
135,100,-5124300315598734522,0,48,48,379,1,8,4,19
136,100,3837517114234352203,0,70,70,372,3,3,1,10
137,100,-2950185444045550802,0,62,62,377,4,4,2,9
138,100,426757442594773823,0,91,91,376,2,2,1,5
139,100,-4820788126042546662,0,65,65,382,2,4,2,9
140,100,5946862575678741986,0,66,66,370,3,3,1,11
141,100,8974981299390694470,0,61,61,377,1,7,4,18
142,100,-6087080048868049684,0,61,61,371,6,2,1,7
143,100,-3281028519374219011,0,49,49,377,2,3,2,3
144,100,8805111005440957657,0,70,70,376,3,7,5,18
145,100,-945914340663370674,0,71,71,388,1,4,1,11
146,100,3620470311692998329,0,70,70,377,5,4,2,11
147,100,-7847918107806780417,0,55,55,371,4,4,3,10
148,100,-1981419207827807164,0,48,48,370,5,2,1,6
149,100,8917890496236750785,0,75,75,392,5,3,1,8
150,100,2436476489404250417,0,76,76,373,5,4,3,7
151,100,-8587433980523025243,0,50,50,383,3,4,2,11
152,100,-6769828358835675705,0,75,75,386,2,4,2,7
153,100,-3332833132237761586,0,71,71,372,2,3,2,9
154,100,6975984797426359987,0,69,69,391,4,3,2,8
155,100,-6059495332086747032,0,52,52,369,2,7,5,19
156,100,4452296053357995548,0,72,72,363,2,5,3,8
157,100,-4323948211146815272,0,59,59,375,1,6,3,11
158,100,3776308515824177652,0,34,34,385,3,5,3,12
159,100,-2448083839464855756,0,64,64,379,4,6,2,15
160,100,-2641245394580726895,0,63,63,376,6,2,1,7
161,100,2192876119456537845,0,69,69,384,2,5,2,11
162,100,-6690699831491533701,0,57,57,356,4,10,6,24
163,100,-8242276007236563477,0,88,88,393,2,3,1,6
164,100,-5642516344152327033,0,60,60,380,1,5,4,7
165,100,-3238749104845523344,0,59,59,373,4,5,3,14
166,100,-2814418992306178780,0,62,62,367,5,5,4,10
167,100,-5673131306224066336,0,55,55,363,1,3,1,6
168,100,29831252693456372,0,75,75,358,2,3,1,8
169,100,7016585409083752008,0,63,63,373,1,5,3,20
170,100,908195957096416926,0,65,65,389,2,8,4,15
171,100,-7531173376727640483,0,75,75,368,4,7,5,20
172,100,7209757496494277090,0,61,61,378,5,3,1,6
173,100,5291995938437694126,0,58,58,376,3,3,1,5
174,100,5880094698660718061,0,84,84,377,3,7,4,17
175,100,-7265269715823122147,0,65,65,385,5,3,2,10
176,100,-4873275261915122194,0,44,44,378,1,6,3,14
177,100,-1159345103379502709,0,75,75,379,6,3,1,7
178,100,-5555833939274768152,0,25,25,390,3,6,2,11
179,100,-6221400059438910766,0,65,65,371,7,1,1,2
180,100,-5951664687497584183,0,54,54,364,5,3,2,10
181,100,-5112357295890222344,0,73,73,363,2,7,5,17
182,100,-1298152709108151108,0,93,93,381,1,7,4,16
183,100,-6119810466464770400,0,71,71,385,1,5,3,11
184,100,2502297348298907067,0,61,61,364,4,5,2,10
185,100,5240029132549311427,0,40,40,370,2,11,7,19
186,100,2849857456777649255,0,64,64,379,3,3,1,9
187,100,5357231713588214688,0,74,74,377,1,4,2,10
188,100,2470418174820690203,0,73,73,378,2,4,2,10
189,100,-4205413717588758543,0,71,71,379,3,8,5,16
190,100,-190994909066885314,0,85,85,386,2,6,3,15
191,100,5643015977550698334,0,52,52,370,4,3,2,7
192,100,-6149718818074887976,0,74,74,381,4,3,2,3
193,100,-5292947416913470154,0,73,73,369,2,9,6,22
194,100,7725237031423721319,0,72,72,364,2,6,3,18
195,100,-5657309207377328036,0,59,59,382,2,5,1,10
196,100,5671188520636863987,0,56,56,381,2,3,1,10
197,100,-8067556877535570561,0,80,80,369,2,3,1,8
198,100,1388559965909645408,0,45,45,383,1,4,1,11
199,100,-1541781829703729011,0,72,72,379,2,6,2,16
200,100,-4692008703275938814,0,67,67,377,1,5,2,13
201,100,5921825753287209320,0,59,59,375,2,10,6,24
202,100,-7215400166977438346,0,78,78,373,7,3,2,6
203,100,7205195152113270746,0,71,71,358,5,3,2,5
204,100,8555390363154737071,0,85,85,373,9,2,2,6
205,100,-6544356438121168186,0,52,52,359,3,4,2,10
206,100,-24092370755839921,0,56,56,367,2,6,4,17
207,100,-840322277581955423,0,73,73,380,4,3,1,7
208,100,5998048010865198391,0,62,62,368,7,2,1,6
209,100,-4847606256852973793,0,80,80,373,6,4,3,8
210,100,-2380848368725129375,0,65,65,380,4,3,1,11
211,100,5147840700923570224,0,72,72,383,5,3,3,9
212,100,-1353014960296005908,0,73,73,381,8,4,3,8
213,100,-1598501290525054419,0,70,70,374,2,4,2,11
214,100,1961923140490118264,0,68,68,379,1,10,7,17
215,100,-8505615486224464562,0,47,47,384,2,8,5,17
216,100,3517719450423692212,0,75,75,380,1,6,3,10
217,100,3105389479535564896,0,57,57,377,1,5,2,13
218,100,5214840725170559796,0,67,67,389,2,3,2,7
219,100,6293562631990310579,0,73,73,364,1,6,4,18
220,100,-3335407372536324729,0,53,53,385,2,7,4,14
221,100,4329349046570819928,0,55,55,372,5,4,3,10
222,100,-3946251753802068088,0,71,71,376,3,4,1,9
223,100,-2497641178949689460,0,73,73,391,2,5,3,7
224,100,-1598467579073753100,0,75,75,370,5,5,3,13
225,100,-7219157151722771858,0,91,91,369,1,5,2,11
226,100,-4661110030385310659,0,79,79,367,7,7,5,16
227,100,7268898499307905016,0,41,41,383,1,7,4,19
228,100,5073513302777484957,0,85,85,366,2,3,2,9
229,100,-4340584654648921812,0,42,42,362,1,5,3,15
230,100,5747655616131207533,0,71,71,387,4,6,4,14
231,100,-853986668421251187,0,72,72,364,1,5,3,15
232,100,-6485978991128421450,0,69,69,374,4,2,1,4
233,100,5768638224355024336,0,61,61,373,1,5,3,13
234,100,2458075869634312968,0,83,83,377,1,7,4,18
235,100,-8489808341758400557,0,60,60,366,3,4,2,6
236,100,8024946309956992650,0,67,67,383,3,7,3,23
237,100,3052355172840400334,0,59,59,374,5,7,5,11
238,100,7442647678929516370,0,73,73,381,4,4,2,13
239,100,-8626307378104996153,0,50,50,385,3,4,2,4
240,100,4089073642559267318,0,65,65,371,1,6,3,18
241,100,-2236296439523492277,0,60,60,356,4,4,2,12
242,100,3016743768788637027,0,73,73,367,1,5,3,12
243,100,4188166251872219482,0,81,81,370,9,1,1,5
244,100,-3762730370391684372,0,60,60,382,8,2,1,8
245,100,3740820769933958818,0,56,56,384,1,7,4,25
246,100,2497223835397723045,0,67,67,382,6,4,3,10
247,100,1245211740268461552,0,61,61,375,2,6,3,12
248,100,3596120228953640690,0,22,22,382,3,17,13,44
249,100,-8485958391061015837,0,50,50,377,2,4,2,10
250,100,-3530187989459650982,0,63,63,368,4,6,4,17
251,100,1557329990257135330,0,56,56,389,2,5,2,8
252,100,-5014070775909231968,0,69,69,373,5,3,2,6
253,100,8185066700082241103,0,88,88,383,4,5,2,13
254,100,1187857640806559252,0,63,63,366,2,6,3,14
255,100,4592621929158808828,0,89,89,368,1,3,1,10
256,100,-2733519790676682714,0,77,77,390,1,5,2,11
257,100,-9010965276370915874,0,54,54,374,4,4,3,12
258,100,3441661738905144891,0,79,79,368,1,4,2,7
259,100,-1194913879455673857,0,51,51,386,5,5,2,12
260,100,4193196702897053123,0,63,63,373,8,5,4,14
261,100,506810623762930361,0,68,68,381,7,3,1,9
262,100,-5265939102537952373,0,82,82,394,7,2,1,5
263,100,8342510994338939680,0,42,42,392,2,11,9,28
264,100,5449764782182861903,0,82,82,374,1,8,5,21
265,100,9057600608023772352,0,65,65,377,3,4,1,12
266,100,4141399907197696659,0,70,70,367,1,3,1,11
267,100,-6377290153117213817,0,71,71,374,2,4,2,10
268,100,4028413048081249714,0,59,59,373,6,4,3,8
269,100,-4936952770567959292,0,69,69,372,2,7,5,17
270,100,-3833402471891802570,0,91,91,368,5,5,2,11
271,100,-611234609857737006,0,88,88,384,1,6,3,16
272,100,1836329554843149162,0,70,70,372,3,6,3,13
273,100,-6271604032169027506,0,87,87,394,1,4,1,8
274,100,-7649378181101267410,0,70,70,376,8,3,2,8
275,100,-4117742096427242609,0,71,71,379,5,13,10,31
276,100,-426418587539229430,0,55,55,368,9,4,4,8
277,100,-3482144798703779433,0,61,61,370,6,5,4,14
278,100,-4380576730621465212,0,76,76,394,4,3,1,7
279,100,471985320383546821,0,77,77,377,4,4,2,14
280,100,3767412502644510389,0,70,70,382,1,4,2,11
281,100,-3981726802433878898,0,67,67,372,1,3,1,7
282,100,-7129907778307929831,0,62,62,372,3,3,1,7
283,100,353075872508588396,0,50,50,367,7,7,6,17
284,100,8933881702211590055,0,57,57,375,2,4,1,9
285,100,5870060683144538133,0,74,74,377,5,5,2,16
286,100,-6167737670428187103,0,65,65,371,1,7,4,22
287,100,-1481915643660530448,0,80,80,387,1,5,2,15
288,100,-42555890764871508,0,68,68,357,1,4,2,8
289,100,4789677843557388484,0,80,80,371,1,5,2,15
290,100,5603914325809731747,0,63,63,377,1,7,2,18
291,100,2257671157984811954,0,75,75,379,1,3,1,7
292,100,-3981914003719714137,0,68,68,366,3,3,2,9
293,100,-1854622150355557531,0,68,68,380,1,3,1,10
294,100,5561257292223402490,0,62,62,383,6,6,4,15
295,100,-4884363201328877433,0,66,66,364,6,4,3,10
296,100,-4139487150730386163,0,68,68,390,1,4,2,11
297,100,3760748672159352694,0,71,71,384,2,5,2,14
298,100,-8354605131265263785,0,72,72,358,1,5,2,10
299,100,-5942291489905924041,0,86,86,384,1,6,3,15
300,100,-6366786982554665881,0,36,36,374,3,3,1,7
301,100,4987517799179524522,0,50,50,363,6,4,2,13
302,100,2993790680894572604,0,65,65,361,2,3,1,10
303,100,9148108519035745279,0,76,76,389,5,5,4,10
304,100,356053416089542868,0,64,64,363,4,3,2,5
305,100,-1153170656627237272,0,91,91,387,4,3,2,6
306,100,2893755259742999810,0,62,62,356,7,3,2,9
307,100,-2846964163748940784,0,77,77,384,2,8,5,15
308,100,3066658862155213956,0,83,83,370,1,6,2,15
309,100,-2727414419329055670,0,71,71,366,2,6,2,14
310,100,-4763808482497477292,0,67,67,389,5,2,2,2
311,100,-4663998541886316019,0,65,65,377,2,4,2,10
312,100,3401440039618196030,0,54,54,379,2,6,4,18
313,100,8411459461634897568,0,59,59,394,3,6,2,13
314,100,7940202431231995570,0,69,69,368,4,4,3,6
315,100,2320893009249504145,0,97,97,369,1,10,7,17
316,100,-1189509341924688933,0,52,52,367,1,3,1,8
317,100,5352533821174972395,0,63,63,377,4,2,1,7
318,100,1832868611604740847,0,63,63,389,1,5,2,11
319,100,-2456234631830758233,0,54,54,364,1,4,2,11
320,100,-1089146873941124920,0,80,80,392,1,9,4,17
321,100,-4830145270073459614,0,70,70,373,1,5,2,14
322,100,4591227604811538100,0,45,45,379,2,3,1,11
323,100,-7517952184663344560,0,65,65,382,5,4,3,16
324,100,2759393873959435400,0,54,54,390,2,5,2,11
325,100,-3192076090308535184,0,65,65,385,6,5,3,9
326,100,-3518252645608431621,0,55,55,363,4,2,1,7
327,100,-6678954914849788671,0,96,96,390,2,8,4,22
328,100,1051009122719280432,0,53,53,362,1,3,1,6
329,100,-199266881384466636,0,73,73,379,4,13,10,34
330,100,-562237344018420588,0,77,77,363,1,4,3,10
331,100,4631360110322506530,0,70,70,378,2,5,2,7
332,100,-6088734372525309462,0,74,74,389,2,8,5,29
333,100,-4567376467868996353,0,70,70,378,2,6,5,19
334,100,-6043706588882026333,0,60,60,378,6,4,3,9
335,100,-2435838256127503472,0,81,81,374,4,3,1,5
336,100,6756029625274839410,0,64,64,367,7,1,1,2
337,100,3064267014396074458,0,62,62,396,4,4,3,10
338,100,-7107167595673559776,0,48,48,381,1,5,2,15
339,100,7914520723125430299,0,66,66,371,2,6,3,15
340,100,-3939801719671590756,0,48,48,378,3,6,4,20
341,100,7447551660642179069,0,76,76,373,9,1,1,1
342,100,-3312509276445913515,0,76,76,373,6,3,2,9
343,100,1671232814223333385,0,56,56,358,8,2,2,4
344,100,-8997380063345516340,0,59,59,372,4,6,3,9
345,100,7066319119836090969,0,71,71,383,3,6,3,17
346,100,2051562411276173924,0,73,73,380,3,6,4,15
347,100,6633696047227603601,0,48,48,374,2,6,4,13
348,100,8053753224416136828,0,55,55,365,4,3,2,5
349,100,8081798847255029519,0,54,54,383,1,5,3,15
350,100,1686173169983516607,0,65,65,389,4,2,1,8
351,100,-6741191890070349471,0,70,70,383,4,9,6,22
352,100,7551669735035125690,0,69,69,370,3,5,3,9
353,100,817322641040841207,0,73,73,382,1,3,1,6
354,100,-7681608518701036626,0,74,74,388,2,8,5,16
355,100,6813244192803531545,0,51,51,372,2,3,1,10
356,100,-799567251315813721,0,80,80,370,2,3,2,8
357,100,6463463733073614618,0,56,56,380,1,5,3,11
358,100,-3603365709834776371,0,67,67,383,7,2,1,6
359,100,-7475064080194904626,0,59,59,379,2,6,2,15
360,100,-7141271899617235975,0,69,69,367,2,4,3,11
361,100,-3645313680115038920,0,49,49,376,1,9,5,19
362,100,-813606537018452598,0,57,57,366,6,3,2,9
363,100,6077188741552898440,0,75,75,383,4,3,2,5
364,100,-5889240790349597319,0,87,87,381,2,7,3,12
365,100,8460047888651790403,0,78,78,369,1,4,2,10
366,100,5811333872113808043,0,71,71,379,3,5,3,10
367,100,9061771253406507715,0,48,48,376,7,4,2,9
368,100,718880064193883270,0,77,77,385,2,8,5,24
369,100,-5732102379876084766,0,74,74,373,4,3,1,6
370,100,6742280374751132102,0,73,73,366,1,5,3,9
371,100,5181125386420020466,0,61,61,385,1,5,3,15
372,100,-834104396270075759,0,95,95,392,5,6,4,14
373,100,-3132157644125213201,0,65,65,373,5,4,2,11
374,100,-466210819174466616,0,68,68,390,3,6,4,16
375,100,-6446779205686661897,0,75,75,390,5,4,1,15
376,100,-5043496799542115937,0,56,56,374,2,5,2,15
377,100,331600363706155258,0,76,76,384,6,2,1,5
378,100,2632571912175624047,0,74,74,360,3,6,3,14
379,100,7259434726428318637,0,76,76,373,1,4,2,13
380,100,7034773605526970058,0,63,63,389,3,4,2,10
381,100,-2378807064512389437,0,65,65,366,7,2,2,4
382,100,7044002907889436624,0,58,58,393,4,5,3,9
383,100,-7467986275928762273,0,89,89,372,2,6,4,11
384,100,-7710964463403764544,0,71,71,385,8,3,2,5
385,100,-1797319639737052477,0,75,75,377,3,4,1,10
386,100,6648804362421930705,0,68,68,371,1,5,3,12
387,100,-6092895600319714483,0,78,78,374,2,6,3,12
388,100,6677731808203156546,0,80,80,390,2,7,5,19
389,100,-8290431848890866524,0,88,88,375,3,3,1,7
390,100,822470599114602416,0,87,87,369,3,7,3,18
391,100,-440745167956154322,0,43,43,389,2,5,1,13
392,100,5493254706132871335,0,67,67,380,1,11,7,19
393,100,9110007253430282949,0,74,74,381,2,4,2,7
394,100,3828546001588759930,0,54,54,391,4,6,4,15
395,100,954358573689120937,0,47,47,382,2,3,2,5
396,100,4673329353811134038,0,79,79,379,2,7,3,19
397,100,8951106077823315127,0,73,73,386,6,4,3,9
398,100,-2955788004876631659,0,82,82,379,1,6,2,11
399,100,-3074617922874386725,0,60,60,376,5,4,2,11
400,100,-2069238736506574513,0,59,59,382,4,3,1,5
401,100,5142285657910056386,0,68,68,366,5,3,2,7
402,100,-5718166377548646857,0,60,60,367,3,6,3,15
403,100,-2871135245862434860,0,45,45,361,1,3,1,8
404,100,-5470290219754087517,0,83,83,367,2,3,1,5
405,100,6513239277378205537,0,74,74,366,3,3,1,4
406,100,-1937526650582908692,0,64,64,375,1,4,1,14
407,100,4053606368753870361,0,60,60,354,1,5,3,15
408,100,-8685931211186045961,0,78,78,378,2,4,1,4
409,100,753476599907605441,0,79,79,394,1,3,1,6
410,100,7629449046163267860,0,60,60,373,1,6,3,20
411,100,-7165006901954417628,0,47,47,374,2,8,3,16
412,100,-278983357706912762,0,54,54,398,2,3,1,6
413,100,6679654565873428551,0,43,43,369,1,5,3,12
414,100,-4190755768947603870,0,89,89,369,3,4,3,7
415,100,8738829291820281567,0,68,68,390,2,6,3,14
416,100,-6408956391818137828,0,74,74,376,7,2,1,6
417,100,6080893915112984583,0,51,51,368,3,3,1,12
418,100,8338116970483255134,0,65,65,371,3,4,3,14
419,100,-765449995369154515,0,54,54,370,6,2,1,5
420,100,7206399308001339547,0,66,66,360,3,3,1,9
421,100,-4702905487158716851,0,70,70,366,1,7,5,15
422,100,1597001207848986596,0,78,78,377,1,8,5,18
423,100,-5991885943191703198,0,62,62,371,6,5,3,10
424,100,8732933234154285690,0,39,39,380,5,4,3,8
425,100,-8548631991035879144,0,60,60,386,1,5,2,14
426,100,-8215727050752168029,0,57,57,365,3,3,2,10
427,100,-2619328012761457211,0,60,60,373,3,3,1,7
428,100,182458834583790529,0,91,91,380,3,3,1,10
429,100,-9162346926953260134,0,42,42,385,1,9,4,23
430,100,-1369199353322860385,0,90,90,397,3,3,1,9
431,100,1299309702837331221,0,69,69,376,2,5,2,12
432,100,7441283111589658382,0,65,65,373,1,4,2,11
433,100,-1384188605853914951,0,71,71,379,3,3,1,9
434,100,3640669997955440048,0,69,69,383,4,3,1,3
435,100,7981275472775572993,0,61,61,364,4,3,1,6
436,100,8283764711150764307,0,64,64,373,1,6,3,15
437,100,-2352370805791922799,0,58,58,385,2,7,3,14
438,100,-5147310076202069759,0,62,62,387,5,3,2,12
439,100,-9201325968796251985,0,71,71,373,6,2,1,5
440,100,655144395457361685,0,69,69,372,3,4,3,12
441,100,3908628233485368304,0,65,65,366,4,2,1,5
442,100,4259219119874400913,0,29,29,385,1,5,1,8
443,100,6492006978787436854,0,67,67,384,5,3,2,7
444,100,5824038880760083823,0,51,51,371,4,6,5,14
445,100,4287545667298051289,0,77,77,380,1,3,1,4
446,100,7863954918594178741,0,67,67,383,4,10,5,30
447,100,2259789538798252579,0,82,82,387,4,4,2,9
448,100,-6583220104838502899,0,9,9,388,3,11,8,23
449,100,-8309676404741965054,0,66,66,382,2,4,2,6
450,100,2397235078220737684,0,67,67,373,4,4,1,12
451,100,4699390104985784056,0,30,30,380,4,4,2,7
452,100,-8655620574724659470,0,72,72,362,3,3,1,10
453,100,8012186223757638997,0,86,86,382,3,3,1,10
454,100,2749848532295906474,0,70,70,369,3,3,2,6
455,100,-1013635701383389528,0,46,46,379,2,4,2,6
456,100,7094131107054975154,0,59,59,364,2,3,1,10
457,100,67079307814084979,0,47,47,373,1,7,4,18
458,100,1802229122610337605,0,79,79,365,2,4,2,8
459,100,-2622746272502387171,0,79,79,384,1,4,2,10
460,100,-3949227922422858504,0,43,43,385,1,5,1,9
461,100,-4289042721400056276,0,54,54,367,1,4,1,11
462,100,-7289428355998612725,0,66,66,360,2,4,1,13
463,100,-241695527116750157,0,77,77,367,1,5,2,9
464,100,-6364886391143316223,0,78,78,381,3,5,2,10
465,100,-2273530337300556280,0,65,65,383,3,4,1,9
466,100,-8688392759291413645,0,82,82,384,4,3,1,8
467,100,-6279954669395217222,0,62,62,363,2,10,8,19
468,100,-5304247503455899616,0,66,66,371,2,4,2,13
469,100,708007719791634881,0,59,59,376,3,5,3,11
470,100,505129841863794503,0,75,75,374,3,9,8,23
471,100,1287486904444099063,0,90,90,368,1,7,3,14
472,100,5096072508755630648,0,72,72,364,6,3,2,5
473,100,8742498532144020167,0,84,84,376,1,9,4,27
474,100,-7625610483566936280,0,75,75,377,4,2,1,2
475,100,7380182592402866211,0,52,52,360,4,5,2,13
476,100,-7781326526565967291,0,62,62,378,4,2,1,5
477,100,8945088625879987643,0,72,72,390,3,3,2,6
478,100,7601489115278246922,0,68,68,369,2,7,5,13
479,100,-8388658742111897749,0,86,86,368,8,6,5,14
480,100,8620979480002941139,0,32,32,372,1,7,5,13
481,100,2924365767143193844,0,66,66,378,1,5,2,7
482,100,-1953688382615706189,0,77,77,365,4,4,3,13
483,100,-5771253704239338258,0,85,85,392,6,4,2,7
484,100,-7778348975659547003,0,37,37,380,1,4,2,8
485,100,9190655018936085245,0,63,63,371,3,5,3,13
486,100,4091395485076812097,0,52,52,372,4,3,2,6
487,100,8955899908250686786,0,51,51,386,2,7,3,18
488,100,-3961763867478205808,0,68,68,371,2,5,2,12
489,100,-3767739475351788267,0,73,73,368,5,1,1,5
490,100,-7390507330521440351,0,62,62,396,2,4,1,6
491,100,8271665169127991024,0,58,58,371,2,2,1,5
492,100,691807103339905341,0,77,77,389,1,7,4,19
493,100,6915051682548907437,0,80,80,373,1,3,1,9
494,100,-1214507360614351848,0,83,83,371,8,2,1,5
495,100,2297474915129042164,0,76,76,365,2,6,3,15
496,100,8835966317586977386,0,71,71,386,2,6,3,10
497,100,-1261574111467706642,0,83,83,370,3,5,3,12
498,100,5771867014127409854,0,62,62,384,3,4,2,9
499,100,2215001555593705790,0,69,69,375,4,4,2,10
500,100,1631183689968052234,0,65,65,370,5,4,2,9
501,100,-7895992092184021712,0,73,73,363,2,5,3,13
502,100,1090010200436399870,0,72,72,372,6,2,2,6
503,100,-7666429517588455629,0,63,63,379,2,5,2,14
504,100,-963728968369320800,0,68,68,361,5,6,5,11
505,100,5625747461391298948,0,79,79,392,1,4,1,6
506,100,-6007433476670008808,0,76,76,391,2,6,3,12
507,100,-4943281702996779476,0,53,53,377,4,3,2,10
508,100,-6558658218656286264,0,73,73,359,5,2,2,4
509,100,3468304562144377900,0,66,66,371,1,5,3,12
510,100,-9122018711400068705,0,68,68,389,1,5,2,16
511,100,3167657053855978485,0,49,49,390,1,5,1,7
512,100,4502928103781623471,0,68,68,377,3,4,3,10
513,100,-8479868467629211875,0,67,67,387,3,3,2,9
514,100,-8272831089411465732,0,75,75,362,6,2,1,6
515,100,5528419593055883088,0,48,48,371,3,5,3,12
516,100,-4946096044363225450,0,55,55,381,5,5,2,11
517,100,-6602694869557219196,0,58,58,369,1,7,4,15
518,100,7860098468719243497,0,93,93,373,2,4,2,7
519,100,-4059373647691924880,0,73,73,367,2,7,6,13
520,100,-3422683990109087918,0,51,51,387,2,6,3,10
521,100,2191833176427652414,0,75,75,386,3,2,1,3
522,100,2320977485372998646,0,63,63,363,4,4,2,9
523,100,3372472370515219838,0,57,57,385,1,4,1,10
524,100,9196961642534035407,0,54,54,373,1,4,2,10
525,100,-4174276368278457506,0,82,82,393,3,7,4,10
526,100,-1490086673694351609,0,71,71,381,4,3,2,9
527,100,3359944516664099096,0,74,74,367,5,5,4,9
528,100,-1519119564038422904,0,50,50,372,7,3,2,6
529,100,-449277456985955157,0,63,63,373,2,6,2,21
530,100,6780643421540107987,0,77,77,380,1,5,2,15
531,100,5924391909141584077,0,82,82,370,5,4,3,12
532,100,8585930323063154705,0,62,62,379,6,4,3,9
533,100,-3009956243572934369,0,51,51,374,1,4,2,11
534,100,3993718459332363111,0,73,73,360,2,10,8,21
535,100,4606419796508958114,0,65,65,380,5,7,5,15
536,100,7622991739202647438,0,73,73,381,3,5,3,8
537,100,5915879600702503273,0,60,60,374,1,6,3,18
538,100,-6349218183755991390,0,40,40,367,2,4,3,11
539,100,-9086540292151381872,0,58,58,374,1,6,3,13
540,100,-3007621923965492423,0,72,72,370,1,5,2,12
541,100,2020590165834619244,0,67,67,366,4,3,2,9
542,100,4341795819650122423,0,71,71,381,4,3,1,7
543,100,7047391059534322947,0,79,79,384,2,4,3,8
544,100,-2565509465519120673,0,51,51,387,1,4,2,9
545,100,-8653051245477401922,0,83,83,378,1,6,4,11
546,100,-8379104972864094035,0,78,78,381,7,3,2,5
547,100,1982502622682297180,0,67,67,406,1,11,7,29
548,100,-1158146048972036508,0,76,76,367,4,4,2,11
549,100,1716943521475895082,0,73,73,383,6,2,1,6
550,100,-6912001651674790174,0,52,52,374,4,9,7,27
551,100,-5859909968547040400,0,79,79,370,5,6,4,11
552,100,2257743539211220538,0,78,78,383,4,4,3,13
553,100,3900783325912324910,0,92,92,376,3,9,6,25
554,100,-1134117603461365884,0,53,53,397,5,6,3,12
555,100,-2064035397229263096,0,45,45,374,2,3,2,8
556,100,1624125300673906670,0,86,86,372,2,5,3,14
557,100,-8812065308697732994,0,69,69,369,5,5,4,9
558,100,-5780653784626049257,0,59,59,389,6,6,5,11
559,100,-6183573279048922017,0,73,73,383,2,8,5,22
560,100,-1712187466088734564,0,66,66,371,4,4,2,11
561,100,-4175816567338788737,0,74,74,381,1,6,3,20
562,100,2883006854819662578,0,75,75,378,2,4,2,7
563,100,-2538731276127981401,0,75,75,373,2,4,2,9
564,100,9138127877884768117,0,94,94,383,1,8,5,20
565,100,-6265045117529938228,0,58,58,377,2,5,2,8
566,100,-3856577742269202495,0,69,69,367,3,5,3,16
567,100,-8703444824833926524,0,41,41,374,2,6,4,11
568,100,-852699686322455488,0,46,46,379,1,6,3,17
569,100,2343581861657226165,0,57,57,366,7,2,1,4
570,100,-5948030483708983292,0,77,77,381,4,4,2,10
571,100,5768996791695729807,0,83,83,386,3,4,2,11
572,100,-729263075550616105,0,68,68,376,1,11,8,23
573,100,-7371227935676969285,0,91,91,386,2,3,1,11
574,100,3353965954389095055,0,65,65,376,5,4,3,8
575,100,5186073235412707284,0,56,56,369,4,5,4,10
576,100,-3920871824556724059,0,65,65,376,5,4,3,7
577,100,6158644969080056086,0,70,70,380,3,4,3,10
578,100,-8563106058492724984,0,57,57,361,2,4,3,12
579,100,7419094898876356180,0,84,84,367,1,8,5,22
580,100,8895267235172984111,0,82,82,366,1,4,2,7
581,100,-8363620574915098577,0,62,62,372,3,4,2,4
582,100,5258381791508727405,0,55,55,375,5,1,1,1
583,100,4687353338123085188,0,43,43,385,7,6,4,18
584,100,4542484101697404552,0,64,64,367,8,2,2,8
585,100,5950062684538421286,0,68,68,385,2,5,3,11
586,100,-6719756618498863733,0,68,68,379,1,4,1,10
587,100,617350330728548556,0,75,75,392,4,6,3,18
588,100,1238229920545614043,0,56,56,366,2,7,4,18
589,100,5490973947136200269,0,62,62,369,5,4,2,9
590,100,-1716042895111245945,0,67,67,389,2,4,2,6
591,100,-3996769956044063734,0,50,50,384,2,5,3,16
592,100,3993520891512639460,0,57,57,368,3,9,5,23
593,100,166748145512450986,0,46,46,371,4,6,4,16
594,100,9058053103947821657,0,66,66,370,4,15,12,35
595,100,-2462161291655913972,0,65,65,377,2,9,6,26
596,100,5778042927352741239,0,62,62,377,1,6,4,13
597,100,7470778025340776313,0,69,69,366,2,4,1,9
598,100,-922914274036021428,0,63,63,381,4,4,2,12
599,100,1880401453447469849,0,87,87,379,2,9,7,17
600,100,4965927256785733624,0,74,74,356,3,3,1,7
601,100,7797723438811046312,0,69,69,372,2,6,3,12
602,100,2536152855971783040,0,84,84,368,2,6,3,12
603,100,-6374297127422597271,0,62,62,367,2,5,4,6
604,100,-7666589740181892894,0,81,81,375,6,4,2,13
605,100,-5008688377284813478,0,56,56,373,1,4,2,12
606,100,-8778520098460427160,0,83,83,377,1,5,2,11
607,100,-5107018797172291160,0,46,46,395,6,5,4,7
608,100,2562834987466167105,0,78,78,364,1,7,5,19
609,100,-5808763365851307163,0,57,57,367,5,4,2,7
610,100,4153853966842032717,0,68,68,360,4,2,1,6
611,100,5680031095572755831,0,85,85,367,5,4,2,10
612,100,-2924816978135219657,0,70,70,375,2,8,4,16
613,100,6686015133283433683,0,88,88,370,1,5,1,11
614,100,-7679288335379758392,0,79,79,387,6,3,1,7
615,100,-2747723841879853589,0,72,72,371,1,3,1,8
616,100,4358325120334329722,0,72,72,360,3,3,1,6
617,100,-1129544715355091611,0,81,81,382,2,4,1,11
618,100,-8409524851261757108,0,71,71,388,4,7,5,9
619,100,6427127429581613068,0,69,69,387,1,8,4,19
620,100,8236277473930342868,0,60,60,381,5,3,2,5
621,100,2848785449183786507,0,58,58,359,4,6,4,23
622,100,8626997488584336282,0,65,65,374,1,6,3,15
623,100,-7308515258248018600,0,68,68,369,3,5,3,15
624,100,-6722911480423832670,0,61,61,367,2,4,2,10
625,100,-7856483833668040851,0,67,67,382,2,7,3,22
626,100,8978738451720472650,0,67,67,368,1,8,6,18
627,100,-6265477635242770883,0,72,72,363,1,9,5,16
628,100,-9097117299982184106,0,60,60,377,4,3,2,7
629,100,5339019673633817701,0,90,90,389,1,3,1,4
630,100,-502036819416806071,0,53,53,385,3,3,1,10
631,100,1561971706495820962,0,60,60,382,4,3,2,7
632,100,4227131803367833590,0,55,55,378,3,14,10,40
633,100,6488321475945100419,0,56,56,404,3,4,1,11
634,100,3716572881105624661,0,63,63,367,3,3,1,6
635,100,-5494099562871396769,0,63,63,369,2,3,1,8
636,100,-7839981341878619238,0,86,86,367,6,4,2,13
637,100,-6229012718151743864,0,46,46,380,3,4,2,10
638,100,-2978443752059747453,0,57,57,376,5,5,2,14
639,100,-7640069707987232832,0,78,78,380,1,6,3,14
640,100,-189984639016206863,0,73,73,385,2,3,2,8
641,100,4946257041899733739,0,61,61,386,1,6,4,13
642,100,8138681787831965626,0,69,69,376,2,7,3,21
643,100,-7623752017310806522,0,81,81,368,2,8,6,17
644,100,-4224969475637896003,0,64,64,390,2,11,8,27
645,100,204985370822053463,0,58,58,364,1,9,6,23
646,100,-4194619193996013770,0,75,75,381,3,4,2,15
647,100,8490203674349717990,0,81,81,371,2,3,1,5
648,100,-8638696633206347694,0,46,46,355,9,1,1,2
649,100,4835106508989037611,0,53,53,379,1,5,3,15
650,100,6648830967865822725,0,70,70,378,2,4,1,10
651,100,-5700860634815221240,0,79,79,381,1,9,7,18
652,100,-6575713810337443301,0,72,72,364,2,6,3,13
653,100,619190220508180728,0,73,73,386,3,3,2,7
654,100,7301667116721720973,0,72,72,377,3,3,2,3
655,100,8242008095891398025,0,63,63,365,3,7,4,17
656,100,7635364343554618133,0,72,72,372,3,4,2,6
657,100,2025685544460719367,0,46,46,388,5,2,1,3
658,100,-4329622861373073404,0,74,74,368,4,4,3,6
659,100,-5438836071455871367,0,95,95,381,2,3,2,7
660,100,6210266950577433171,0,53,53,375,4,3,1,9
661,100,-737200404888611119,0,63,63,388,7,4,3,7
662,100,-4878756662982392585,0,51,51,363,3,5,3,8
663,100,8920886268423552094,0,71,71,382,1,3,1,6
664,100,-2324307382672929928,0,57,57,368,6,2,1,4
665,100,1954913086004804997,0,67,67,381,5,4,2,13
666,100,-7932264662440699452,0,49,49,383,2,6,2,11
667,100,5198551810820542127,0,56,56,380,2,4,2,10
668,100,-2257887682256921280,0,66,66,366,4,3,2,10
669,100,5626471401692564357,0,65,65,368,3,5,4,14
670,100,2697373206631541535,0,67,67,358,3,8,6,27
671,100,5441517379930580826,0,65,65,377,6,3,2,5
672,100,-1168719844135278601,0,64,64,380,2,4,2,9
673,100,6991120936320905449,0,92,92,382,6,1,1,2
674,100,8557586989733303441,0,78,78,385,6,5,3,13
675,100,-5638650774096782017,0,52,52,380,2,6,3,11
676,100,-6400752778337954816,0,74,74,380,3,4,3,12
677,100,-4240623976175989254,0,67,67,385,1,5,4,12
678,100,-3937985564545138956,0,73,73,372,1,4,1,14
679,100,5294667334917359283,0,90,90,386,1,5,1,13
680,100,1600794599869634639,0,65,65,379,1,9,6,17
681,100,-1153470376203876936,0,49,49,369,6,3,2,10
682,100,793572195422091000,0,64,64,379,2,6,3,15
683,100,3057293731646731262,0,67,67,354,1,4,2,5
684,100,7186387117676820719,0,91,91,378,1,4,2,8
685,100,-8832646481396522923,0,67,67,378,4,3,1,10
686,100,573150642495198114,0,75,75,376,3,8,5,23
687,100,-8542329088232195619,0,60,60,375,1,5,2,12
688,100,-937582461077236354,0,77,77,372,6,4,2,10
689,100,-3763007203866378824,0,66,66,382,2,4,2,7
690,100,-1665919282313794360,0,82,82,380,3,5,2,7
691,100,-4103793045378020352,0,53,53,371,7,5,3,12
692,100,3789201073447339948,0,72,72,393,2,8,5,19
693,100,5756727727777323003,0,74,74,373,4,3,2,8
694,100,8238891411495018902,0,76,76,364,2,6,3,15
695,100,-1635595208993380467,0,58,58,369,1,4,3,15
696,100,-6164135865759968832,0,76,76,378,1,5,3,12
697,100,-4100362900003531282,0,70,70,352,1,8,4,23
698,100,9125143586066968331,0,71,71,391,3,6,3,17
699,100,2191588464847179164,0,53,53,371,1,4,2,8
700,100,-8322353781072388845,0,53,53,360,1,4,1,8
701,100,3281640547462770065,0,71,71,372,1,7,3,14
702,100,3892692370344515197,0,67,67,366,2,4,2,13
703,100,-7399693291743179336,0,32,32,393,4,6,4,11
704,100,-1610791526232962926,0,58,58,378,2,10,6,21
705,100,-2927663709528615267,0,85,85,387,4,3,2,7
706,100,-7281611839672380399,0,67,67,380,4,3,2,7
707,100,1583135794432778340,0,63,63,375,2,4,2,11
708,100,1674279721760311104,0,85,85,373,3,7,4,19
709,100,-6082288165486424836,0,66,66,366,3,6,2,11
710,100,1917131537105642820,0,71,71,388,1,10,7,29
711,100,-7530555278359391852,0,45,45,371,2,5,3,9
712,100,-4672151539449229646,0,77,77,377,1,5,3,12
713,100,555994956041708365,0,83,83,371,6,3,2,9
714,100,-858479477806375067,0,61,61,364,3,3,1,5
715,100,9079781933193493296,0,69,69,375,4,9,5,23
716,100,-2082298428142365295,0,75,75,372,3,9,6,24
717,100,-2631853359219137183,0,57,57,376,4,3,2,9
718,100,8272108122645894680,0,71,71,370,4,7,5,18
719,100,-1804644792757170283,0,69,69,377,3,4,2,9
720,100,-5064672959663660516,0,60,60,376,4,7,4,16
721,100,7219511737277237953,0,70,70,374,2,3,1,7
722,100,3101419038066758100,0,84,84,370,5,3,2,12
723,100,7377788135683617811,0,47,47,359,8,1,1,1
724,100,6970640389417347235,0,76,76,378,5,6,4,12
725,100,-8098276914537826011,0,72,72,369,4,3,2,7
726,100,-6784287251333163418,0,79,79,392,4,6,3,11
727,100,-8341414928140162192,0,65,65,394,4,7,5,17
728,100,-193981059351578099,0,58,58,371,2,5,4,9
729,100,8525489991394072318,0,62,62,371,2,4,2,5
730,100,829276838110460268,0,79,79,360,4,3,1,7
731,100,6109414502816862307,0,54,54,379,2,4,3,16
732,100,717373498097271379,0,70,70,389,2,7,4,13
733,100,-8219475623683346963,0,51,51,369,4,4,3,5
734,100,1611192206832666843,0,59,59,376,1,7,4,13
735,100,-7515601645813833702,0,67,67,371,4,3,2,11
736,100,4616027628173645570,0,52,52,363,3,7,5,14
737,100,3159937691045338442,0,41,41,374,1,7,4,15
738,100,704969445051236730,0,20,20,376,1,5,2,18
739,100,-4219457174414863179,0,61,61,373,6,4,2,13
740,100,-4555937777064946243,0,55,55,394,1,7,4,19
741,100,-5681405390757585762,0,74,74,383,1,4,2,12
742,100,-2630460332156054172,0,62,62,361,6,4,4,8
743,100,-4114903090789658680,0,70,70,379,1,3,1,9
744,100,-2330373555703934279,0,56,56,369,6,4,3,11
745,100,4673908465503604265,0,63,63,372,4,4,1,10
746,100,4578111394877702794,0,62,62,384,1,3,1,14
747,100,-6957574278587181859,0,55,55,354,3,6,3,19
748,100,4003786049401558848,0,67,67,375,2,5,2,8
749,100,3592986233089040733,0,69,69,360,5,3,2,15
750,100,2419619277793114415,0,65,65,376,5,3,2,4
751,100,-8792027644306631696,0,72,72,379,4,2,1,7
752,100,-9189503949451792338,0,60,60,379,2,6,3,12
753,100,-8790022744064735904,0,78,78,382,1,6,3,17
754,100,7527975708339589738,0,80,80,379,2,4,2,10
755,100,-8827203254327786511,0,66,66,385,4,4,3,13
756,100,-911420653835056009,0,77,77,387,2,6,3,15
757,100,-8047784705244206194,0,60,60,367,2,5,3,19
758,100,6851519547912541863,0,48,48,380,1,6,3,18
759,100,6497175321026858309,0,37,37,364,1,6,3,11
760,100,-1781767952397210721,0,73,73,376,5,5,4,14
761,100,-7194196643684967947,0,83,83,374,4,3,2,8
762,100,-6924096408651377626,0,74,74,369,5,1,1,2
763,100,3188143530024043590,0,66,66,359,6,4,2,14
764,100,-5097771795945448384,0,68,68,387,2,6,3,15
765,100,-2879779816402793000,0,70,70,365,3,4,3,15
766,100,-1512512430590179973,0,69,69,365,7,4,3,16
767,100,-137734319784184898,0,80,80,366,6,5,4,12
768,100,-97253082904982904,0,77,77,357,4,6,3,13
769,100,-130114716305478099,0,70,70,372,1,5,3,11
770,100,-2290761710654142452,0,64,64,389,2,3,1,4
771,100,2239006509502019440,0,79,79,376,3,4,2,11
772,100,8651133502603861688,0,72,72,384,3,3,2,7
773,100,3903283307883040287,0,56,56,362,4,8,5,20
774,100,3577880227487621783,0,51,51,363,8,1,1,2
775,100,-5093040269901207921,0,53,53,381,1,2,1,9
776,100,4107852913113443238,0,88,88,378,2,8,5,20
777,100,8225596696272879500,0,96,96,385,4,3,2,11
778,100,-8853890235031118935,0,52,52,384,1,6,4,12
779,100,-7173034446263890363,0,55,55,361,3,5,3,9
780,100,-76374265160749764,0,76,76,380,1,7,3,15
781,100,1988824082467927431,0,71,71,377,2,5,3,14
782,100,-1962233599402074073,0,59,59,378,1,5,2,14
783,100,-4913695286534046674,0,66,66,380,1,3,1,8
784,100,-4594394905922447625,0,75,75,371,2,5,3,11
785,100,4222444361552426711,0,62,62,375,3,2,1,6
786,100,5911613344523860425,0,76,76,387,2,3,1,7
787,100,8271804960806803674,0,57,57,362,4,6,4,8
788,100,1320267479660524136,0,59,59,366,2,4,3,8
789,100,7194103254041518199,0,52,52,381,2,4,2,11
790,100,-4026641994589874790,0,70,70,370,1,3,1,6
791,100,-8764551643818143154,0,67,67,374,2,5,3,12
792,100,2596527542970092982,0,69,69,371,1,7,5,16
793,100,-6826919594218997740,0,54,54,383,1,9,6,22
794,100,-4823079973850850694,0,86,86,370,2,4,1,9
795,100,489730088253757059,0,44,44,367,2,4,2,8
796,100,-5773421119804311013,0,44,44,373,4,2,1,9
797,100,4155261230267338386,0,61,61,389,2,3,1,8
798,100,-330164777305796708,0,61,61,375,4,11,9,28
799,100,-6256768559648825882,0,81,81,386,4,4,2,9
800,100,8633697779525851747,0,65,65,378,1,4,1,13
801,100,-5481153512862682489,0,82,82,367,3,9,7,22
802,100,-9217557798315830520,0,55,55,378,1,4,2,12
803,100,-1416435549025876521,0,51,51,383,2,7,5,20
804,100,-7878232968117780112,0,80,80,376,1,3,2,8
805,100,-5580272034045529409,0,44,44,369,5,4,3,6
806,100,-2114092845510090726,0,47,47,387,6,3,2,9
807,100,7008773506911189802,0,70,70,376,3,4,2,12
808,100,1249416590871421112,0,57,57,380,4,6,3,14
809,100,5525289587461976246,0,79,79,375,2,5,3,14
810,100,-5720267782895475199,0,59,59,370,2,8,5,24
811,100,-4979661588885277527,0,61,61,373,6,2,1,7
812,100,5218731115621893829,0,67,67,381,2,7,4,19
813,100,6475334729444770593,0,52,52,385,5,7,4,21
814,100,997950650801794625,0,52,52,383,2,4,1,5
815,100,-2441883868180677233,0,95,95,372,2,4,1,7
816,100,6406274821311802804,0,63,63,377,3,4,2,7
817,100,-4738992337090729883,0,63,63,372,6,1,1,1
818,100,-2330831161671281871,0,87,87,385,2,3,2,7
819,100,460802687263215630,0,81,81,387,3,8,5,18
820,100,7564158801102363063,0,82,82,372,2,5,3,10
821,100,2648120257888651550,0,90,90,378,5,8,6,11
822,100,-4532208821077834114,0,76,76,368,7,3,2,7
823,100,4043394766966587338,0,47,47,378,4,2,1,6
824,100,6646346769445488531,0,91,91,367,2,3,1,6
825,100,-4775130822827210086,0,55,55,395,1,4,1,10
826,100,166594811644143527,0,78,78,376,1,4,2,9
827,100,-6505933228395760548,0,74,74,389,1,4,2,10
828,100,-4554272596639978718,0,74,74,382,5,7,5,19
829,100,-8652608511541776036,0,69,69,371,1,4,2,11
830,100,-132218690150864258,0,79,79,390,1,6,2,12
831,100,7003117984512308177,0,77,77,368,2,4,2,9
832,100,1512063312311877075,0,78,78,358,1,5,3,11
833,100,7110199232971985817,0,57,57,386,3,4,2,11
834,100,2624218924945329581,0,64,64,365,3,4,2,8
835,100,-5795661303037149911,0,58,58,380,1,7,3,19
836,100,9204180384875420965,0,54,54,386,2,3,1,7
837,100,-6334501830604252226,0,43,43,369,5,4,2,12
838,100,3480148326006513967,0,70,70,389,5,6,4,15
839,100,-7469441834072739112,0,63,63,368,4,8,6,14
840,100,-7791341947657881297,0,61,61,396,1,5,2,14
841,100,6208533372828539624,0,64,64,384,5,5,3,8
842,100,2736270323286269138,0,25,25,372,2,3,2,9
843,100,-2953661748661283513,0,52,52,388,1,8,4,19
844,100,-4840264240840944869,0,57,57,374,1,5,3,11
845,100,-2433187147262170262,0,76,76,372,3,5,4,12
846,100,-2625617452749781316,0,48,48,368,1,3,1,11
847,100,2972901159648906580,0,49,49,371,4,3,2,8
848,100,-9115585146415477849,0,81,81,378,7,4,4,6
849,100,-8474167496347032757,0,66,66,375,1,6,3,16
850,100,324834713615739363,0,79,79,366,3,9,7,17
851,100,1179732107970774734,0,63,63,387,3,4,1,10
852,100,-2283476506104036957,0,61,61,379,3,6,4,17
853,100,618605415004559045,0,58,58,378,2,5,2,14
854,100,-1116525566358037357,0,85,85,365,2,4,2,10
855,100,-9157767488421831942,0,83,83,389,4,3,2,9
856,100,-6504065248216170379,0,62,62,369,1,5,2,13
857,100,1402250684060756679,0,57,57,363,1,3,1,7
858,100,8166243931981911788,0,64,64,376,7,3,3,8
859,100,-6357000498665043183,0,63,63,388,7,3,2,7
860,100,-4271185767796932968,0,68,68,367,9,2,2,2
861,100,7020514506693261172,0,57,57,366,7,3,2,11
862,100,-6541761074080704158,0,66,66,382,4,6,4,13
863,100,-2292601268234007873,0,42,42,359,4,3,2,9
864,100,7411278621617810456,0,72,72,362,4,5,3,12
865,100,-408510961777870174,0,82,82,384,2,3,1,7
866,100,-5356899636786748613,0,52,52,386,1,6,3,15
867,100,3613240337070889638,0,71,71,372,1,6,4,12
868,100,-6903427084377763561,0,79,79,383,2,5,2,15
869,100,-3125043248384468388,0,55,55,379,3,4,2,11
870,100,-808187802581370604,0,72,72,384,2,4,2,14
871,100,3855847289713324761,0,71,71,369,1,4,2,11
872,100,8154599158035840076,0,73,73,372,1,7,4,18
873,100,2536057287361656673,0,65,65,362,4,4,2,10
874,100,2713352589099154269,0,81,81,380,1,4,1,7
875,100,121986182723566945,0,87,87,387,1,8,5,25
876,100,492120859338080639,0,56,56,369,1,4,2,7
877,100,932965167853211554,0,60,60,374,5,4,2,12
878,100,2749490683366280408,0,65,65,385,5,4,3,6
879,100,-1835400132900085572,0,81,81,386,3,2,1,6
880,100,-544532904998189042,0,83,83,366,2,5,3,13
881,100,-6917033186577616696,0,70,70,373,2,7,5,16
882,100,-6676749848310281954,0,80,80,385,5,6,4,14
883,100,504570887083367000,0,85,85,390,4,4,3,10
884,100,-7546766209561466516,0,92,92,361,2,5,3,13
885,100,-5613479591278085461,0,48,48,372,1,5,2,13
886,100,-333886308814157030,0,65,65,382,3,3,1,7
887,100,-7872283810477020899,0,65,65,390,3,3,2,4
888,100,4889644907610627996,0,57,57,366,1,4,1,9
889,100,599548626099171804,0,71,71,374,1,10,6,27
890,100,-979640624624254068,0,41,41,370,1,2,1,3
891,100,5155796667806582752,0,71,71,369,5,2,1,3
892,100,2476665614246085562,0,61,61,381,1,7,3,24
893,100,-8027088702960836068,0,55,55,394,1,6,2,12
894,100,7649995767197802375,0,60,60,377,5,7,5,18
895,100,1747196730047461361,0,71,71,381,1,5,3,16
896,100,8477188296496929906,0,73,73,380,5,3,2,8
897,100,-5808987217060802333,0,63,63,377,3,4,3,10
898,100,-2457112558039695629,0,41,41,378,2,3,1,5
899,100,5965616054099352462,0,49,49,371,1,4,2,7
900,100,6848939474762382471,0,74,74,378,3,6,3,15
901,100,-6601415996160262182,0,85,85,366,3,3,1,8
902,100,-68922840897209588,0,56,56,371,2,6,3,13
903,100,7159214853873655917,0,65,65,371,2,9,6,17
904,100,-4657349968775368370,0,61,61,374,1,6,3,16
905,100,-3350441459732316319,0,77,77,363,3,2,1,6
906,100,8131148341427371233,0,49,49,358,1,3,1,7
907,100,6825586665887939126,0,81,81,382,1,5,3,6
908,100,8879440991739560240,0,62,62,391,3,4,3,12
909,100,4550691673206935818,0,62,62,356,1,6,3,17
910,100,5450552045637821398,0,53,53,363,2,6,3,15
911,100,-3287025016480240377,0,60,60,366,3,2,1,9
912,100,8346174039730944556,0,55,55,386,6,4,2,9
913,100,1273047588930411036,0,66,66,362,8,4,3,8
914,100,-4418513396402947038,0,57,57,375,3,3,2,3
915,100,-791457963442133010,0,69,69,387,4,10,5,23
916,100,1942771417557356626,0,84,84,386,2,3,2,8
917,100,-4358639224225929711,0,67,67,376,1,4,2,12
918,100,111621447588283730,0,67,67,361,4,3,1,9
919,100,3916994937685176178,0,60,60,387,2,4,1,9
920,100,-6367999184089887671,0,67,67,385,1,10,6,21
921,100,-2274042634679846632,0,76,76,358,2,8,4,16
922,100,1778144181136820420,0,69,69,381,3,4,3,8
923,100,6456304274742237195,0,59,59,357,2,5,3,13
924,100,-7588905468831430198,0,69,69,370,3,4,1,15
925,100,-5917230197456325997,0,66,66,369,1,9,6,19
926,100,-7314044793876955091,0,79,79,390,2,3,1,6
927,100,-5060935943969533787,0,70,70,376,1,5,3,8
928,100,5862586573937673762,0,73,73,377,3,4,1,10
929,100,-6548096243369410662,0,66,66,385,1,7,5,12
930,100,6713037904953920532,0,65,65,375,6,6,4,6
931,100,1427301075538689314,0,46,46,391,4,4,2,8
932,100,-8532264004061675852,0,75,75,382,1,4,2,10
933,100,-2006012116514529929,0,85,85,371,3,4,1,11
934,100,-5840885685564491180,0,61,61,377,5,5,3,9
935,100,3913393184130638037,0,67,67,386,7,2,1,6
936,100,1905907169395285877,0,53,53,357,3,3,1,9
937,100,-4454314930156213208,0,72,72,374,1,6,4,18
938,100,3292537267123379358,0,57,57,366,2,4,2,5
939,100,4829725669912975623,0,34,34,362,2,5,3,14
940,100,85444404320780654,0,69,69,382,3,2,1,9
941,100,-8851982633404624671,0,76,76,370,1,7,3,16
942,100,6631728651434028788,0,43,43,376,5,3,2,7
943,100,-4417045326521047179,0,61,61,378,5,9,6,17
944,100,5881705996884769086,0,70,70,393,1,10,7,22
945,100,-3608538843761088377,0,50,50,380,2,5,4,14
946,100,78766780709244463,0,58,58,389,3,10,5,22
947,100,-6351966363755492144,0,58,58,369,2,7,4,13
948,100,-2382334886316001899,0,73,73,382,1,3,1,12
949,100,-5708967194040972747,0,56,56,387,4,5,3,11
950,100,6484214771448348283,0,56,56,374,3,3,1,11
951,100,-9118891025772547268,0,66,66,371,3,3,1,8
952,100,-5761906694678565446,0,72,72,373,3,4,1,10
953,100,-7461376367919392325,0,70,70,369,3,3,1,9
954,100,2766036825642385878,0,51,51,375,8,1,1,1
955,100,-8447980701651293999,0,69,69,386,3,5,3,14
956,100,4403096252583174150,0,53,53,374,2,5,3,8
957,100,143774754669439514,0,76,76,364,4,4,2,8
958,100,-6641775465730408812,0,68,68,368,2,9,6,25
959,100,-455879772917634531,0,61,61,388,2,7,5,21
960,100,-2160276858021289881,0,51,51,366,1,10,6,17
961,100,-2888376958802956279,0,61,61,376,7,4,3,14
962,100,-7088795349768948258,0,64,64,371,2,6,2,13
963,100,-1633618206112039775,0,61,61,383,1,7,5,19
964,100,-1752422861594364194,0,56,56,366,1,6,3,13
965,100,-5505120117921741709,0,52,52,378,1,8,4,23
966,100,-3347739301918488018,0,70,70,367,1,4,2,13
967,100,-9012619734774884017,0,68,68,377,1,3,1,12
968,100,323256161141984769,0,71,71,385,1,5,3,12
969,100,-7785039618417985801,0,79,79,374,7,5,4,8
970,100,835429443500234196,0,78,78,397,3,6,4,18
971,100,-7860557026053019885,0,75,75,374,2,3,1,6
972,100,4214623409899794810,0,63,63,369,3,5,2,12
973,100,-6293545936533688217,0,62,62,363,8,2,2,6
974,100,-8819186011205643916,0,64,64,372,3,4,2,9
975,100,-8284106416513448633,0,47,47,363,2,2,1,7
976,100,-8649246020755628922,0,74,74,383,2,8,5,18
977,100,-6232834317051517623,0,38,38,386,2,6,3,12
978,100,5291590041945213574,0,65,65,366,6,3,2,7
979,100,2153692596343432764,0,64,64,389,1,5,3,8
980,100,-761921353558337418,0,61,61,385,2,6,2,15
981,100,-3329607183727716263,0,87,87,382,1,6,3,12
982,100,-8147288770007275051,0,64,64,368,2,3,1,7
983,100,-3677107538178786888,0,78,78,385,2,5,2,13
984,100,3047758408352983857,0,93,93,370,3,3,1,7
985,100,-19097507581317883,0,68,68,378,3,5,3,14
986,100,5845874269021112833,0,69,69,380,3,8,5,23
987,100,-2421894982000957581,0,60,60,375,4,3,1,9
988,100,-2894943087567104591,0,59,59,378,4,4,3,14
989,100,-6326687444997273105,0,54,54,389,2,5,2,13
990,100,-6906504183536083459,0,59,59,374,5,2,1,7
991,100,-7515308229624325735,0,84,84,367,2,7,4,13
992,100,-582016864485956991,0,36,36,380,1,6,3,17
993,100,5146392891201211247,0,68,68,388,2,10,5,21
994,100,-8655563619588036719,0,71,71,363,3,4,2,8
995,100,5156644492374579019,0,74,74,374,2,5,2,13
996,100,1439506133565719622,0,29,29,363,1,15,10,30
997,100,-5227798666547100145,0,75,75,397,3,3,1,6
998,100,-4802585894114460200,0,82,82,382,1,3,1,6
999,100,-856790661613719778,0,82,82,372,2,4,1,10
1000,100,-8799678523336260557,0,56,56,383,4,3,2,10
1001,100,6732626489464199437,0,66,66,362,4,3,2,3
1002,100,-6383693105471872061,0,87,87,386,1,9,5,21
1003,100,6942090501196132762,0,73,73,358,6,5,3,14
1004,100,-1456245903900049261,0,18,18,378,4,4,2,7
1005,100,8001095623539871964,0,91,91,388,4,7,4,20
1006,100,-4528614177208504683,0,58,58,381,2,6,2,11
1007,100,3232519856667130812,0,76,76,392,1,3,1,4
1008,100,-3070947293332735165,0,70,70,390,7,4,2,7
1009,100,-6227264637878675037,0,56,56,382,4,4,2,9
1010,100,-4099688373389263770,0,67,67,365,8,3,3,7
1011,100,3799484143829062004,0,63,63,369,4,6,4,14
1012,100,546388151987976244,0,59,59,359,6,2,1,6
1013,100,-5425503919016869444,0,64,64,384,1,5,2,9
1014,100,-7334280756767425888,0,55,55,390,1,6,3,9
1015,100,-1487854572836370392,0,64,64,389,7,5,3,10
1016,100,-7921350234834654226,0,71,71,377,6,2,1,6
1017,100,1345322954173795383,0,46,46,365,4,6,4,22
1018,100,5051020601252199557,0,34,34,362,4,7,5,19
1019,100,7825883824679633199,0,71,71,354,3,3,1,7
1020,100,6342553262767372808,0,89,89,373,1,7,3,13
1021,100,-1114382013210406060,0,71,71,401,1,5,2,11
1022,100,2457785799934845350,0,94,94,380,4,4,3,10
1023,100,2640078587250963543,0,57,57,358,2,3,1,12
1024,100,-7213723181893663823,0,64,64,394,4,10,6,20
1025,100,6980571961143556877,0,59,59,381,3,3,2,5
1026,100,-7552120598419452819,0,68,68,365,2,4,2,17
1027,100,8145965926271322720,0,75,75,370,4,4,3,11
1028,100,-7767888153162758614,0,72,72,383,3,3,1,8
1029,100,-8373528675032075382,0,55,55,394,3,8,4,15
1030,100,-5867165717251741547,0,77,77,394,8,2,1,6
1031,100,7017196028105623423,0,57,57,376,1,6,4,13
1032,100,981637865570421066,0,72,72,375,2,5,3,17
1033,100,2833964429510609834,0,58,58,364,3,7,5,19
1034,100,3439171565144588716,0,64,64,360,2,5,2,14
1035,100,-3951819986674661924,0,49,49,373,3,6,4,11
1036,100,-6567437160864293383,0,68,68,354,1,5,3,17
1037,100,1986119578363253633,0,72,72,382,3,4,1,9
1038,100,-4740795767239644776,0,55,55,391,1,4,2,14
1039,100,3013847871405572116,0,68,68,373,3,6,2,13
1040,100,3534125156674628789,0,59,59,369,1,5,2,14
1041,100,-8213677231885578540,0,56,56,364,5,4,3,9
1042,100,1894384132857736975,0,57,57,389,1,6,3,15
1043,100,-7536098237957035081,0,57,57,360,4,3,2,7
1044,100,-8232834124708441072,0,71,71,372,1,10,7,26
1045,100,-5756235941824694369,0,33,33,379,1,4,1,8
1046,100,7024329728420815901,0,71,71,383,7,3,2,4
1047,100,-7006579475619093557,0,65,65,359,2,8,5,22
1048,100,1277973419003008815,0,67,67,369,1,6,3,15
1049,100,-7718040004484706161,0,87,87,385,3,3,2,5
1050,100,-1272330123340450654,0,77,77,375,4,6,4,15
1051,100,6956968685859447623,0,71,71,376,1,7,5,12
1052,100,-6476810758797419444,0,34,34,388,5,3,2,5
1053,100,149398515905677193,0,65,65,371,3,6,4,15
1054,100,4698909214634003665,0,66,66,391,2,2,1,4
1055,100,-8606922568908566631,0,68,68,367,8,2,1,5
1056,100,-6952420270146356426,0,53,53,356,4,4,2,9
1057,100,-6245539228022167519,0,79,79,369,4,2,1,9
1058,100,3295862173771206579,0,86,86,374,1,5,2,9
1059,100,-8870121851557014751,0,42,42,390,2,4,2,8
1060,100,3557355491176045516,0,81,81,372,2,4,1,12
1061,100,8525540962409209380,0,57,57,393,1,6,4,16
1062,100,7160397908874648994,0,76,76,374,3,5,1,8
1063,100,7286824065203537843,0,70,70,379,3,3,2,11
1064,100,-7959212594357836666,0,64,64,371,4,4,3,11
1065,100,-6431258457189857266,0,71,71,364,5,6,4,18
1066,100,5268970803393915598,0,69,69,371,6,9,6,19
1067,100,1538566038767874329,0,63,63,392,1,5,2,11
1068,100,-6281129708932056852,0,61,61,367,1,5,3,15
1069,100,3578951060319885716,0,70,70,390,2,4,2,6
1070,100,1104480544257746363,0,88,88,373,3,2,1,4
1071,100,4467729507565012879,0,55,55,377,4,2,1,6
1072,100,8865665732806019100,0,83,83,371,1,5,3,16
1073,100,-7234692759496225252,0,74,74,375,1,13,8,28
1074,100,-3731411600496611903,0,58,58,363,2,7,4,20
1075,100,-1390625027696012731,0,72,72,376,1,6,4,15
1076,100,5165594003619277640,0,60,60,383,4,4,2,8
1077,100,-5379394623994582208,0,43,43,380,2,5,2,12
1078,100,8246958171908118923,0,67,67,376,1,6,3,12
1079,100,5718519570339107297,0,66,66,373,6,5,4,10
1080,100,-4421764348571806666,0,64,64,363,6,3,2,9
1081,100,-1474995500087127217,0,57,57,372,7,5,3,13
1082,100,8287834942137273753,0,70,70,391,1,5,2,12
1083,100,3935592405131901690,0,86,86,372,3,6,4,17
1084,100,-6194976305715196994,0,54,54,380,1,5,2,7
1085,100,-4815646941425506356,0,76,76,381,1,3,1,6
1086,100,-1865641546984774978,0,78,78,374,2,7,4,16
1087,100,-3957391563367661410,0,64,64,376,3,6,3,16
1088,100,7884694481219436624,0,63,63,371,1,3,1,7
1089,100,-6349462870896690195,0,75,75,367,3,4,3,11
1090,100,2944201387159952546,0,59,59,378,1,3,1,14
1091,100,-3669692562611245363,0,74,74,380,4,6,3,13
1092,100,-8065869165155703701,0,71,71,378,4,8,6,15
1093,100,6380081103373014813,0,60,60,366,5,4,4,10
1094,100,-570692594130292671,0,59,59,366,6,3,2,7
1095,100,3662340730263868667,0,74,74,381,3,6,3,15
1096,100,-1256848557280387801,0,60,60,380,1,6,3,9
1097,100,3993392136835630970,0,79,79,370,5,4,2,6
1098,100,3630661425974352490,0,60,60,383,3,4,3,11
1099,100,1535177484479201426,0,70,70,389,2,4,2,9
1100,100,1618909533979508908,0,55,55,383,1,6,3,15
1101,100,8588672039814005847,0,62,62,377,1,7,4,21
1102,100,-7614864417222506944,0,75,75,375,4,5,4,17
1103,100,4333138898364090222,0,67,67,367,1,4,2,12
1104,100,7823889092517389497,0,50,50,369,2,11,9,28
1105,100,-6461858829844553540,0,86,86,365,2,7,4,28
1106,100,245135183795667901,0,51,51,387,2,5,4,11
1107,100,4992898705647100511,0,69,69,383,9,1,1,1
1108,100,-803132156746236642,0,56,56,379,5,5,2,11
1109,100,7111210998766505441,0,72,72,371,8,2,2,6
1110,100,-60639127785910742,0,78,78,371,3,5,3,11
1111,100,110211618544097194,0,58,58,377,3,4,1,11
1112,100,3265837904044378690,0,86,86,361,2,4,2,12
1113,100,3997298756161023415,0,70,70,364,7,9,8,20
1114,100,-9106442101546409303,0,67,67,362,5,5,3,15
1115,100,4232390766128543113,0,26,26,373,2,4,1,13
1116,100,-7824476955222763619,0,50,50,364,4,2,1,6
1117,100,-2470855409592109729,0,63,63,376,4,2,1,6
1118,100,6257381151960753835,0,58,58,371,3,4,2,10
1119,100,1126866584603106470,0,90,90,376,2,4,2,7
1120,100,1837698441809709631,0,43,43,379,3,4,2,7
1121,100,1150913194910244784,0,80,80,378,7,2,1,3
1122,100,-5382085539335872902,0,47,47,379,1,4,2,10
1123,100,5518558546344909476,0,60,60,380,3,6,4,12
1124,100,624671482784415560,0,56,56,390,3,3,1,8
1125,100,-2155059096224649291,0,73,73,374,4,4,3,8
1126,100,252182412836336560,0,53,53,384,5,1,1,5
1127,100,-5956705731370150762,0,54,54,390,3,5,2,17
1128,100,-8580812589907707282,0,59,59,406,2,9,4,25
1129,100,1581396057495880493,0,44,44,377,1,4,2,6
1130,100,2939495373913983934,0,83,83,393,2,9,5,14
1131,100,-4608891839008439930,0,68,68,377,3,5,3,12
1132,100,5792586201417180282,0,86,86,375,7,2,1,4
1133,100,3936580981264004362,0,94,94,381,1,4,1,10
1134,100,3495696532348120679,0,64,64,385,4,4,1,10
1135,100,3883119462233781488,0,55,55,380,2,4,2,10
1136,100,-4013690948890076725,0,73,73,387,2,6,3,8
1137,100,6601370413562122226,0,67,67,365,2,4,3,11
1138,100,8640012168829172802,0,79,79,369,4,3,1,6
1139,100,-3884442785674790588,0,57,57,364,4,11,8,23
1140,100,5521702077710551249,0,55,55,363,7,4,3,7
1141,100,6172059121909485761,0,57,57,364,3,5,3,19
1142,100,1889360912056350011,0,75,75,389,2,6,4,14
1143,100,-8348178119472448921,0,75,75,381,4,4,3,12
1144,100,706940743621812371,0,85,85,381,2,5,2,10
1145,100,-5792977493938734843,0,68,68,369,3,3,1,7
1146,100,-3439520525144486126,0,79,79,389,3,7,5,10
1147,100,5086615683744071730,0,72,72,391,5,5,4,8
1148,100,7056384772072918826,0,83,83,378,1,6,3,16
1149,100,6727570627528520065,0,69,69,372,5,3,2,7
1150,100,221023395596049370,0,43,43,374,3,4,2,9
1151,100,-1174400111393638158,0,86,86,366,3,5,2,12
1152,100,-5679713936597675965,0,71,71,370,3,2,1,6
1153,100,3140198932194360490,0,75,75,380,3,3,1,7
1154,100,7170385800259895420,0,50,50,366,3,4,1,6
1155,100,-8229318390495194138,0,36,36,377,5,6,4,9
1156,100,-4638749136392877151,0,70,70,382,2,4,2,12
1157,100,211495686116768045,0,59,59,377,2,5,1,11
1158,100,-928091632605021390,0,73,73,378,1,3,1,5
1159,100,-4819754570629403707,0,68,68,386,2,3,1,8
1160,100,3203808806696010649,0,64,64,382,1,11,9,25
1161,100,-2733960081695001497,0,93,93,366,1,8,4,26
1162,100,889735465752279564,0,73,73,376,6,5,3,10
1163,100,1258672997076648245,0,74,74,373,5,7,5,15
1164,100,-6532831345610402923,0,63,63,371,3,4,2,9
1165,100,-4511561447043363605,0,59,59,364,2,6,4,17
1166,100,-6703049032228241042,0,68,68,366,3,4,3,12
1167,100,-2154071158883990187,0,69,69,380,1,3,1,8
1168,100,-3857052395360649582,0,77,77,365,5,2,1,5
1169,100,-3705379616097147648,0,73,73,361,2,4,2,10
1170,100,-6372006800599080304,0,2,2,362,5,2,1,4
1171,100,-6163010058012560332,0,81,81,367,2,8,4,22
1172,100,3932361879683534241,0,67,67,377,2,2,1,4
1173,100,-4811429496946760415,0,51,51,367,2,2,1,3
1174,100,3679771980986810877,0,87,87,372,1,5,2,9
1175,100,1067810016233029463,0,32,32,368,1,6,2,15
1176,100,4599198610284576361,0,84,84,376,1,7,4,11
1177,100,4256064938591063675,0,72,72,369,6,4,3,9
1178,100,-2168298873532486124,0,71,71,378,3,3,1,11
1179,100,-4619965560713000905,0,59,59,372,1,2,1,4
1180,100,-5947393842166595165,0,65,65,376,7,4,3,9
1181,100,1573163757953326450,0,56,56,374,7,4,3,13
1182,100,-8045444399008316022,0,38,38,382,5,7,5,13
1183,100,-1366158606745670975,0,70,70,372,1,6,3,14
1184,100,-3772899470973253219,0,59,59,396,1,4,2,11
1185,100,-8826692502342124516,0,40,40,374,5,2,1,5
1186,100,8920498751202782694,0,71,71,380,1,7,3,14
1187,100,-5718730841370585132,0,64,64,386,1,8,5,20
1188,100,-167526545911863112,0,77,77,358,5,2,1,5
1189,100,-7088319112622177084,0,83,83,386,2,5,3,10
1190,100,-6385876235399734780,0,59,59,397,1,6,2,9
1191,100,-1838811258204569658,0,75,75,379,5,5,4,11
1192,100,3233034008258838506,0,66,66,389,5,5,3,12
1193,100,3520911776556307560,0,57,57,370,2,7,4,20
1194,100,4901801235342385299,0,76,76,375,3,3,2,7
1195,100,2928918031305936096,0,72,72,383,6,4,3,8
1196,100,4066152354350202173,0,65,65,386,1,6,2,10
1197,100,3604911191803391292,0,70,70,380,1,8,4,20
1198,100,-4121552073891896681,0,68,68,377,3,5,2,11
1199,100,4831357962732809693,0,41,41,359,7,8,6,16
1200,100,-2790490447760971186,0,38,38,372,3,8,6,14
1201,100,4054708890109503781,0,60,60,367,3,7,4,20
1202,100,5353054008994251239,0,50,50,385,1,7,5,18
1203,100,5367823001861124207,0,78,78,385,3,6,3,12
1204,100,4804564934900992719,0,48,48,380,6,5,3,12
1205,100,3178473560607292479,0,74,74,360,2,7,3,17
1206,100,-3300015444683053136,0,78,78,371,4,6,3,19
1207,100,-6330709677051008070,0,73,73,360,2,2,1,3
1208,100,2814483964762491653,0,80,80,365,5,4,2,8
1209,100,5439386113202358104,0,73,73,363,4,6,4,19
1210,100,764494269719485168,0,65,65,384,2,7,4,20
1211,100,-2983996943219262761,0,90,90,373,2,4,1,12
1212,100,-5879087943402619318,0,77,77,370,7,2,2,2
1213,100,-6694289543443514766,0,56,56,372,4,5,3,11
1214,100,2764375954644150012,0,68,68,369,5,5,3,13
1215,100,4753839048682227539,0,71,71,366,3,6,4,10
1216,100,6492983629788671372,0,63,63,388,1,6,4,25
1217,100,-3198309318623426747,0,61,61,370,6,7,5,14
1218,100,-7877849818404302342,0,64,64,369,4,4,3,9
1219,100,-5125245647351110739,0,74,74,379,1,6,2,22
1220,100,-4026421029547444787,0,21,21,375,1,4,2,10
1221,100,8760920490842923962,0,71,71,363,2,7,5,16
1222,100,5757905197745382248,0,79,79,383,7,5,4,12
1223,100,2296636136372303323,0,79,79,376,3,5,2,8
1224,100,-4186749888688130399,0,71,71,371,2,5,2,12
1225,100,-2947918183887512463,0,76,76,369,2,7,4,19
1226,100,-2159131431974110573,0,47,47,364,8,4,3,13
1227,100,-6483463208340131387,0,56,56,377,3,6,3,12
1228,100,2982369509995860147,0,64,64,387,1,7,4,12
1229,100,7963468470764304188,0,68,68,372,6,3,2,9
1230,100,-768475996314618591,0,61,61,375,1,4,2,7
1231,100,-8311728298425850935,0,63,63,361,5,3,2,8
1232,100,8432707640331007040,0,87,87,359,3,5,4,10
1233,100,1580283872611198370,0,78,78,369,5,4,2,11
1234,100,449312774721250696,0,68,68,384,3,2,1,3
1235,100,-5679469204610888906,0,66,66,389,3,8,5,20
1236,100,7033860870731644826,0,63,63,373,2,6,3,16
1237,100,-6126864919601805475,0,60,60,370,9,4,4,12
1238,100,-7677506044884821612,0,71,71,373,6,2,2,6
1239,100,7778678740967998673,0,58,58,367,5,2,1,6
1240,100,533761832976952742,0,66,66,377,2,6,4,17
1241,100,-629750863883125540,0,69,69,382,3,4,1,8
1242,100,-5492001181944696603,0,61,61,387,4,6,4,17
1243,100,229761239328638291,0,70,70,369,4,3,2,9
1244,100,-8798036549296991138,0,52,52,370,4,3,2,7
1245,100,-8814264461899183678,0,76,76,383,1,4,2,10
1246,100,-346888373450587282,0,78,78,373,8,2,2,4
1247,100,-1901328382552300568,0,39,39,384,2,5,3,10
1248,100,-5182832408218815663,0,83,83,378,1,6,4,15
1249,100,2384051935700485989,0,69,69,378,2,7,4,16
1250,100,6705218915869038583,0,83,83,380,3,2,1,8
1251,100,2042580003210589361,0,63,63,380,3,5,1,8
1252,100,-5110870628604653026,0,52,52,372,1,8,4,18
1253,100,8451812614385526608,0,81,81,371,4,3,1,10
1254,100,-8662325941985367396,0,72,72,371,3,3,1,10
1255,100,-1723845683225939133,0,49,49,373,1,7,4,20
1256,100,-4925045766510399748,0,78,78,400,5,5,1,8
1257,100,-3217566499455908415,0,74,74,373,3,4,3,5
1258,100,580875716266541901,0,62,62,370,4,5,2,13
1259,100,5309728646698450214,0,63,63,353,6,4,3,12
1260,100,-229542298209223371,0,71,71,381,1,5,2,11
1261,100,7672430928030207019,0,71,71,372,4,5,4,14
1262,100,-5445287967080801204,0,44,44,368,1,7,5,15
1263,100,5388020378781883480,0,57,57,375,4,6,4,15
1264,100,7526809245426201511,0,62,62,369,2,5,2,12
1265,100,6862564203398505398,0,55,55,373,5,6,4,17
1266,100,7215050082962725042,0,65,65,386,1,6,4,15
1267,100,3945936179915071943,0,65,65,374,4,6,3,11
1268,100,-2522815049504822462,0,82,82,377,2,7,5,16
1269,100,771505839196551098,0,76,76,376,3,7,4,14
1270,100,7797626354890656489,0,58,58,380,1,4,1,8
1271,100,-7381879360735326246,0,62,62,374,3,6,3,18
1272,100,-2793325855990837876,0,57,57,355,1,5,4,15
1273,100,6036673961109899336,0,79,79,365,2,3,1,9
1274,100,-2273671825590252749,0,64,64,361,2,4,3,7
1275,100,-4255866280702274327,0,75,75,384,1,4,2,9
1276,100,-4174819065004174560,0,77,77,372,3,5,3,12
1277,100,-8872583317994959711,0,85,85,386,1,5,2,14
1278,100,2271102765947805218,0,56,56,364,3,3,1,7
1279,100,-3305473168654936640,0,79,79,365,2,6,4,16
1280,100,-320382635245628886,0,39,39,369,1,5,3,11
1281,100,4082697931727742396,0,71,71,371,1,6,3,14
1282,100,-4285964653107909858,0,65,65,384,1,7,4,24
1283,100,-7981898935588435935,0,55,55,369,3,6,3,20
1284,100,1706917296611745005,0,75,75,386,5,4,2,8
1285,100,-532825923521371964,0,76,76,373,1,6,3,18
1286,100,-5635537848268242205,0,64,64,365,3,5,2,14
1287,100,-7169923662500356802,0,79,79,386,1,4,2,11
1288,100,4238180790381768765,0,93,93,378,1,5,2,9
1289,100,-1126271856792122984,0,43,43,368,4,3,1,6
1290,100,-8393737233416473089,0,65,65,380,2,4,2,14
1291,100,-3342209460688094141,0,82,82,392,4,3,1,10
1292,100,4930317836835779077,0,67,67,377,3,2,1,5
1293,100,-6237016474316485302,0,72,72,360,2,5,2,11
1294,100,-6722652291477177512,0,65,65,365,2,3,2,13
1295,100,-4075111993002373942,0,48,48,374,5,4,2,15
1296,100,4102333514388045763,0,64,64,378,3,5,3,13
1297,100,1913581720553499809,0,71,71,379,1,6,3,12
1298,100,250509657847080613,0,69,69,381,1,4,1,8
1299,100,8280235636126011748,0,41,41,363,5,2,2,2
1300,100,-8100414146911367929,0,70,70,367,5,5,4,12
1301,100,8551335232991329943,0,50,50,388,1,5,2,14
1302,100,1419718511045144304,0,67,67,368,5,7,5,15
1303,100,1297742059810984471,0,76,76,379,2,4,2,8
1304,100,5016298192038924792,0,80,80,360,1,7,4,18
1305,100,1129344984371561178,0,61,61,377,8,3,2,7
1306,100,-1047104250610367206,0,66,66,376,3,3,1,7
1307,100,-6909826445705996581,0,57,57,362,3,2,1,4
1308,100,4198045717955807694,0,76,76,386,1,2,1,7
1309,100,5836673154096038991,0,60,60,387,4,7,4,15
1310,100,-8434612358659524009,0,65,65,383,4,4,3,10
1311,100,-8432542845166947812,0,67,67,380,1,5,2,12
1312,100,-8838614015053217447,0,68,68,384,1,12,8,22
1313,100,5684599874801077131,0,78,78,367,2,6,4,15
1314,100,4292418524596713134,0,74,74,376,2,4,1,9
1315,100,2037125710233738043,0,68,68,378,2,4,2,9
1316,100,3490304718797403513,0,67,67,389,3,4,1,13
1317,100,-6415925690269507240,0,46,46,377,2,5,3,10
1318,100,-7735785885888217222,0,59,59,375,3,4,2,12
1319,100,1109411019217574157,0,84,84,380,2,4,1,8
1320,100,-510385130804264541,0,72,72,358,6,2,1,9
1321,100,8594075869668991287,0,61,61,371,1,4,1,14
1322,100,-2753906236397974036,0,56,56,367,4,3,2,7
1323,100,1724811823445802074,0,58,58,364,2,4,2,13
1324,100,-8697741838106567069,0,66,66,369,3,4,1,12
1325,100,79851474237955032,0,72,72,367,1,7,4,15
1326,100,-6645370056629537402,0,66,66,369,6,2,1,5
1327,100,-5683636036216837537,0,79,79,368,2,4,2,6
1328,100,-2974029887995269164,0,84,84,362,1,5,4,10
1329,100,2680061803237886371,0,55,55,379,4,3,2,13
1330,100,1068314071054359201,0,87,87,379,4,5,4,15
1331,100,7711383318730798925,0,80,80,370,1,5,2,12
1332,100,6745663228815320105,0,59,59,370,4,6,3,12
1333,100,5112768545201589554,0,69,69,395,1,7,2,20
1334,100,-3227575702538848024,0,54,54,385,3,3,1,5
1335,100,1033961437787033799,0,84,84,371,3,7,5,16
1336,100,-1831385164168732120,0,78,78,388,1,7,3,20
1337,100,5555157222775850452,0,47,47,389,4,3,1,9
1338,100,-6209852115316295205,0,63,63,349,5,1,1,1
1339,100,6646003256565086312,0,82,82,361,5,3,2,11
1340,100,-1199425236025129046,0,61,61,363,2,4,3,10
1341,100,7327220144954749452,0,69,69,387,6,6,4,16
1342,100,7507814554282351437,0,59,59,367,1,3,1,8
1343,100,-2077714092858225093,0,65,65,374,1,10,6,20
1344,100,-3368927040713017315,0,58,58,378,1,5,2,17
1345,100,-1412603229909114351,0,46,46,374,3,6,4,16
1346,100,5898773763446220263,0,60,60,368,2,5,3,17
1347,100,6849213542670641985,0,53,53,387,1,4,2,8
1348,100,-1344264314740622590,0,55,55,388,3,3,1,9
1349,100,5883043441340611148,0,48,48,361,5,2,2,2
1350,100,3982192874447713187,0,69,69,378,3,2,1,9
1351,100,6783950257666313199,0,80,80,362,1,3,1,10
1352,100,-7741632156256245137,0,72,72,378,2,7,4,15
1353,100,3010116309081048540,0,66,66,373,2,7,5,18
1354,100,2052424120804361809,0,64,64,355,5,5,4,12
1355,100,8153893954554481325,0,65,65,377,3,3,2,12
1356,100,7647776859820896653,0,67,67,399,3,5,3,11
1357,100,-7237034668310914795,0,46,46,377,8,2,1,7
1358,100,5514599512234978837,0,73,73,368,2,10,7,25
1359,100,67195492304267864,0,63,63,388,2,5,2,12
1360,100,-8267583833758442725,0,68,68,393,6,4,4,10
1361,100,4441781518934868988,0,27,27,395,8,3,2,5
1362,100,-1151874304628817945,0,56,56,389,1,5,1,16
1363,100,29952666507538624,0,70,70,376,2,2,1,5
1364,100,-1370796915653906455,0,46,46,379,4,6,3,19
1365,100,1340142134214874317,0,57,57,383,4,7,5,16
1366,100,8671522445491166225,0,75,75,372,4,4,2,11
1367,100,1574136534225817899,0,60,60,386,8,6,5,7
1368,100,-4079128783488817826,0,75,75,369,3,5,3,13
1369,100,-4904992203969910154,0,74,74,376,7,6,5,15
1370,100,8274238730854040757,0,70,70,377,4,10,8,21
1371,100,-9052890236275022128,0,65,65,388,4,2,1,4
1372,100,8931714167674215411,0,54,54,379,4,4,2,8
1373,100,3175517686679721753,0,68,68,384,2,9,6,18
1374,100,-6819577263552461755,0,69,69,365,1,4,1,11
1375,100,252735000278204253,0,69,69,371,1,6,4,16
1376,100,-8764704259063173706,0,78,78,373,1,3,1,6
1377,100,1737316907333227150,0,81,81,376,6,3,2,7
1378,100,-8612706763085405175,0,82,82,384,1,8,5,12
1379,100,2754844677404980594,0,75,75,374,3,6,5,22
1380,100,-5891553046916035384,0,60,60,381,1,5,3,16
1381,100,3028734167633165534,0,66,66,372,3,4,2,13
1382,100,-215113708661411172,0,60,60,385,1,4,2,4
1383,100,539038638304008996,0,64,64,380,3,3,2,3
1384,100,3869718709103096287,0,90,90,365,3,3,1,6
1385,100,8971349747324645577,0,63,63,371,2,6,4,18
1386,100,-7082437416070997393,0,73,73,378,1,4,2,14
1387,100,5363752923071132795,0,62,62,383,1,6,4,17
1388,100,1694125507625917125,0,79,79,375,3,8,5,14
1389,100,4148485161894487617,0,58,58,376,5,2,1,4
1390,100,-8116916657816008635,0,78,78,378,3,4,1,9
1391,100,2372334780432187892,0,58,58,377,1,6,3,16
1392,100,3701155210824472791,0,68,68,382,2,4,1,10
1393,100,5608590042080683245,0,55,55,392,1,3,2,4
1394,100,4930202167943881141,0,56,56,371,7,3,2,9
1395,100,-7014827833613722881,0,34,34,385,3,7,4,14
1396,100,-7098060028478099578,0,73,73,364,1,5,2,9
1397,100,135232393528280743,0,63,63,366,1,3,1,9
1398,100,-7833845670087078996,0,60,60,384,2,5,2,15
1399,100,3765456728373008514,0,92,92,391,2,2,1,3
1400,100,2647676935227851481,0,75,75,384,1,7,4,13
1401,100,-859285843168884226,0,57,57,362,2,4,2,12
1402,100,-2275817405698015000,0,67,67,390,1,4,2,9
1403,100,1969254283429826388,0,65,65,376,1,7,3,15
1404,100,-8600022133538138646,0,78,78,374,1,8,6,16
1405,100,6706941091059922101,0,57,57,365,4,4,3,11
1406,100,-6039353316142794626,0,70,70,388,2,3,1,5
1407,100,-5703040879084873021,0,75,75,389,3,5,1,8
1408,100,-4084967986333902491,0,67,67,369,1,4,3,9
1409,100,-4501679060008483262,0,66,66,364,7,2,1,6
1410,100,7360610451942562900,0,70,70,374,2,4,2,13
1411,100,4020554381655324431,0,82,82,373,5,3,2,7
1412,100,6989864665280514572,0,71,71,381,3,3,2,6
1413,100,3736222259242875472,0,68,68,375,4,4,2,10
1414,100,141040600348757928,0,72,72,365,1,5,2,12
1415,100,4737284988159896556,0,63,63,376,3,3,1,9
1416,100,7917053215343746869,0,80,80,381,3,2,1,6
1417,100,1238713541076654909,0,77,77,392,2,3,1,7
1418,100,7803019192395859335,0,59,59,373,3,3,2,10
1419,100,563519499830347524,0,63,63,372,6,3,2,7
1420,100,-1721304105624106678,0,61,61,359,1,3,1,6
1421,100,-5419650453317720931,0,65,65,386,1,5,3,9
1422,100,-6312234470492133545,0,70,70,374,5,2,1,5
1423,100,5931571982036838003,0,65,65,382,1,7,4,11
1424,100,-7242054220527910840,0,60,60,390,4,4,1,8
1425,100,-764373046631909963,0,74,74,379,4,3,2,9
1426,100,1240173503789894477,0,72,72,366,2,5,2,11
1427,100,3005903046143415113,0,58,58,369,1,4,2,8
1428,100,-4526923736101789119,0,82,82,381,3,3,2,6
1429,100,6955678865924854784,0,58,58,387,2,4,2,11
1430,100,-934067350384624904,0,78,78,379,1,5,2,14
1431,100,8075753503431879692,0,50,50,374,6,6,4,16
1432,100,7859018432793960922,0,59,59,364,4,3,2,8
1433,100,1129433534012489134,0,76,76,385,1,9,5,25
1434,100,8457109391503509940,0,62,62,376,5,7,5,14
1435,100,-5911813290866417869,0,69,69,373,8,2,2,6
1436,100,-7473066620549659443,0,77,77,378,1,4,1,10
1437,100,-6653106619216245728,0,47,47,358,2,4,1,9
1438,100,-7616674997942174920,0,59,59,372,2,7,4,16
1439,100,-3288722340191930964,0,36,36,372,2,8,5,21
1440,100,-4433792754252139928,0,49,49,371,2,3,1,6
1441,100,7706883565005825646,0,66,66,376,4,6,4,18
1442,100,-3780044170989487607,0,85,85,388,3,3,1,8
1443,100,7012265691479010646,0,71,71,366,4,2,1,7
1444,100,-2750289304246414835,0,82,82,382,9,1,1,5
1445,100,-618447694243216415,0,63,63,377,5,5,3,13
1446,100,-5253060903171875324,0,74,74,380,3,3,1,10
1447,100,-7988504477890616440,0,54,54,379,2,3,2,9
1448,100,6372697588263713200,0,66,66,380,2,6,3,15
1449,100,8139029383660551801,0,87,87,369,4,5,2,11
1450,100,4612698527432164056,0,75,75,373,1,5,2,14
1451,100,2485737422292176776,0,32,32,384,1,10,7,20
1452,100,5403931838864141404,0,71,71,368,1,7,5,12
1453,100,-4465328238241270424,0,65,65,370,4,4,1,8
1454,100,5319527357100011145,0,72,72,375,1,4,1,10
1455,100,6035622096782019861,0,66,66,376,2,8,6,19
1456,100,4902180912038275246,0,79,79,366,3,2,1,5
1457,100,6043714736034873236,0,27,27,369,3,12,8,24
1458,100,4005969580873287663,0,65,65,372,5,2,1,4
1459,100,3193070804123301598,0,69,69,383,2,3,2,13
1460,100,1474207838518200152,0,82,82,379,3,5,2,10
1461,100,8071605242616917529,0,83,83,373,2,8,5,23
1462,100,7038342762359184693,0,66,66,368,8,2,2,6
1463,100,-9167491204199673591,0,60,60,374,6,2,1,6
1464,100,-9170040576814126688,0,68,68,401,1,5,2,11
1465,100,-8836279032310620475,0,47,47,389,3,6,2,13
1466,100,-6372931350750217638,0,60,60,365,1,7,4,20
1467,100,9032671564590662573,0,74,74,359,1,7,3,20
1468,100,1167724424482289630,0,52,52,380,2,8,5,23
1469,100,9157556304055819931,0,66,66,369,5,3,2,4
1470,100,5868812337094004659,0,61,61,371,2,4,2,12
1471,100,4015360564138747224,0,80,80,363,4,4,1,12
1472,100,-9060823160548659199,0,66,66,376,5,7,5,19
1473,100,1424276398353341520,0,60,60,369,3,12,10,30
1474,100,-8684864194726762393,0,59,59,397,3,3,1,7
1475,100,-4166203885609101943,0,55,55,373,1,3,1,7
1476,100,7743979897595741195,0,85,85,365,4,3,2,6
1477,100,8351178034478738129,0,62,62,377,1,4,2,11
1478,100,-4709424615734841102,0,56,56,374,1,7,4,14
1479,100,-7063266267139119305,0,51,51,372,8,2,1,4
1480,100,-370026211286562672,0,53,53,388,3,4,1,9
1481,100,470207692998349755,0,68,68,375,1,8,4,19
1482,100,-7067803992661766750,0,62,62,388,4,3,2,8
1483,100,-8715696563636544696,0,67,67,385,2,4,2,8
1484,100,-1309096751398948036,0,89,89,376,5,3,2,4
1485,100,-898595107061351966,0,68,68,381,2,3,1,12
1486,100,579425933899612445,0,52,52,379,6,2,1,7
1487,100,5157386016840870683,0,53,53,364,4,3,1,10
1488,100,5151284362668992842,0,49,49,375,3,10,6,21
1489,100,1370972767791778763,0,65,65,383,4,2,1,3
1490,100,2959225201728987865,0,54,54,359,1,5,2,11
1491,100,5050991218593243903,0,81,81,377,3,5,3,11
1492,100,8535935798661897741,0,66,66,364,8,2,2,8
1493,100,8774158633083946545,0,63,63,390,2,3,2,11
1494,100,-6874497007032490589,0,63,63,379,2,6,4,17
1495,100,-4245986159573939015,0,68,68,382,3,2,1,8
1496,100,3629003602728436075,0,74,74,384,4,5,2,11
1497,100,4796529311669864067,0,71,71,388,2,7,4,22
1498,100,2610401058709433881,0,69,69,374,2,8,3,15
1499,100,514318523733486082,0,80,80,362,3,10,8,23
1500,100,-9189279807031558564,0,65,65,383,2,4,2,9
1501,100,7285166263071534436,0,76,76,370,3,7,6,14
1502,100,4595336554527193392,0,66,66,373,1,10,7,24
1503,100,-6957411724825624825,0,76,76,392,2,3,2,8
1504,100,-190338011287025296,0,73,73,376,2,4,2,12
1505,100,7108209858398900523,0,67,67,385,2,4,2,12
1506,100,3111548609644155566,0,74,74,383,4,5,3,14
1507,100,7917282628446481639,0,77,77,377,4,5,3,11
1508,100,-4650045955195338938,0,62,62,382,1,6,4,9
1509,100,5875880115548274785,0,56,56,372,1,5,3,13
1510,100,593792230643604400,0,80,80,382,2,7,4,16
1511,100,5399881485343726649,0,62,62,366,3,5,3,10
1512,100,-1949571005324979434,0,71,71,381,3,8,4,24
1513,100,6379066933643056197,0,47,47,367,1,7,5,18
1514,100,4359083551753298214,0,67,67,376,3,9,6,25
1515,100,3724557894466844547,0,54,54,361,3,6,4,12
1516,100,2678286618393742632,0,49,49,370,5,4,2,4
1517,100,-348354378317147317,0,55,55,374,1,6,3,15
1518,100,430846988369707602,0,68,68,379,1,3,1,9
1519,100,-2738590605846268476,0,62,62,379,2,5,2,6
1520,100,-8302046036831692453,0,71,71,376,7,3,2,5
1521,100,-5689929983582723176,0,42,42,381,2,8,5,14
1522,100,-2617908525583571123,0,64,64,361,5,3,2,10
1523,100,-2743570170127092501,0,70,70,376,2,2,1,5
1524,100,-2217323982862244449,0,36,36,368,2,4,3,11
1525,100,2408758486558936456,0,68,68,391,1,8,4,18
1526,100,-6574133112691603582,0,61,61,366,2,6,4,11
1527,100,8731285138263417949,0,75,75,385,1,4,2,10
1528,100,503726402681770107,0,46,46,382,7,3,2,7
1529,100,407198566211587625,0,63,63,377,3,3,1,8
1530,100,6067914540441190449,0,54,54,374,3,4,2,10
1531,100,-4489507710292033677,0,73,73,369,6,3,1,6
1532,100,3182338860365326216,0,71,71,394,5,3,2,9
1533,100,2613625515055249853,0,81,81,396,2,6,2,7
1534,100,3738631406254829,0,71,71,375,2,3,1,9
1535,100,-210926006848792583,0,69,69,381,6,3,2,3
1536,100,7421139395309467123,0,71,71,393,1,6,3,7
1537,100,1141744002453188156,0,80,80,377,1,4,2,7
1538,100,2202606507532788767,0,61,61,365,1,6,4,12
1539,100,1311107829891526833,0,63,63,378,6,5,5,9
1540,100,-1265704836777024769,0,51,51,386,1,7,4,16
1541,100,6050322563352139215,0,86,86,376,5,2,1,5
1542,100,3259594651848962433,0,68,68,383,3,6,3,14
1543,100,814606490555066318,0,89,89,370,7,2,1,5
1544,100,1229262878114062465,0,51,51,378,2,3,2,10
1545,100,-8956834085811259050,0,73,73,392,1,3,1,3
1546,100,-6342095042300643165,0,73,73,383,4,3,1,9
1547,100,1624132398402072953,0,65,65,374,3,3,1,6
1548,100,-7734409253093185182,0,52,52,370,3,8,6,11
1549,100,3223135826883093219,0,48,48,369,2,5,2,13
1550,100,-2210608903905061527,0,49,49,372,1,7,4,15
1551,100,-6381484278149111216,0,49,49,372,1,5,3,14
1552,100,3998626537838415905,0,73,73,376,5,4,2,8
1553,100,776699261056536637,0,57,57,359,3,4,1,7
1554,100,-127754844250464118,0,67,67,360,8,3,2,11
1555,100,-280188145842615838,0,55,55,366,3,4,2,7
1556,100,-6773868945956905650,0,64,64,371,5,4,2,9
1557,100,-639736190020881058,0,79,79,388,1,6,3,15
1558,100,1366914852457100819,0,59,59,365,2,2,1,7
1559,100,3242363067962547508,0,57,57,374,2,7,5,13
1560,100,3919486015086673424,0,55,55,363,9,3,3,7
1561,100,-556451716311888138,0,72,72,373,4,3,1,4
1562,100,2319907447435807715,0,69,69,373,3,10,7,25
1563,100,1904491379872035135,0,58,58,388,5,7,5,20
1564,100,-3344115893609676128,0,79,79,389,8,2,1,6
1565,100,-8777873543949826843,0,62,62,377,1,8,6,20
1566,100,8786690030297471020,0,74,74,373,6,2,1,5
1567,100,-39812806196181649,0,65,65,362,2,5,2,11
1568,100,-4674106696334840628,0,67,67,377,1,5,2,10
1569,100,-8111929789182993212,0,60,60,381,3,5,2,11
1570,100,-832435639383308296,0,87,87,369,5,4,2,17
1571,100,3280673278970551845,0,67,67,362,1,5,2,12
1572,100,-2861824376378110347,0,60,60,378,3,5,4,9
1573,100,890342606415232093,0,59,59,380,3,4,3,10
1574,100,931148967331464610,0,47,47,370,3,3,2,13
1575,100,8734992145285672759,0,24,24,395,3,12,9,27
1576,100,319185035171723281,0,81,81,374,3,4,2,14
1577,100,-781260739330491345,0,48,48,377,2,7,5,9
1578,100,2781274327059877721,0,59,59,393,3,5,2,10
1579,100,3159900570951439979,0,58,58,380,5,7,3,14
1580,100,1682253352248784681,0,86,86,373,7,2,1,6
1581,100,4623962088793770475,0,54,54,382,1,4,2,13
1582,100,-2395089665221993056,0,70,70,385,7,3,1,10
1583,100,-2108106816016980481,0,73,73,371,2,3,1,9
1584,100,6346420369098581212,0,47,47,383,2,3,1,7
1585,100,2742993242132110073,0,71,71,371,2,3,2,8
1586,100,7826095750644619729,0,54,54,360,2,5,1,10
1587,100,-6869090369060700380,0,78,78,366,2,6,3,16
1588,100,-3356760490660658085,0,69,69,386,6,4,3,8
1589,100,5309594180014190324,0,68,68,383,9,2,2,4
1590,100,-283259702033341291,0,63,63,381,8,4,3,8
1591,100,8825040642308897918,0,68,68,359,5,2,1,6
1592,100,-1491340624582446741,0,77,77,379,5,2,1,3
1593,100,-8532016960172809686,0,54,54,370,1,8,5,16
1594,100,-794330745487594387,0,78,78,366,4,6,4,14
1595,100,-5475610654607414106,0,62,62,380,4,5,3,10
1596,100,-5580027122959655194,0,88,88,383,1,7,3,18
1597,100,3581670388636667933,0,65,65,382,1,9,5,24
1598,100,3042852010516190253,0,73,73,381,2,4,2,5
1599,100,-2957052080633996120,0,59,59,406,2,5,2,6
1600,100,-6715502431259466438,0,71,71,374,1,4,2,9
1601,100,-323485560520571388,0,74,74,366,8,4,3,8
1602,100,-86174262607713925,0,59,59,376,1,7,4,17
1603,100,5266441747403371141,0,62,62,372,3,2,1,5
1604,100,-4864976895559180056,0,79,79,370,5,6,4,16
1605,100,-3764353123379034805,0,72,72,391,2,9,7,19
1606,100,-6284276198439376043,0,59,59,381,3,4,2,9
1607,100,3166668481757583282,0,90,90,373,1,5,3,12
1608,100,3412702466617794822,0,67,67,374,6,2,1,4
1609,100,7252413601257756174,0,52,52,391,3,5,2,7
1610,100,-2538732813212295032,0,55,55,367,5,8,7,16
1611,100,-2574314093362744424,0,50,50,366,3,4,3,11
1612,100,-1739249285524265538,0,78,78,407,2,9,5,20
1613,100,6041429338409052578,0,64,64,382,3,5,3,12
1614,100,6214998806328081977,0,68,68,379,1,6,3,13
1615,100,4281611624232121874,0,76,76,372,2,3,2,10
1616,100,-2583307514484560179,0,69,69,373,5,9,7,22
1617,100,4316347242253176077,0,75,75,401,3,4,2,13
1618,100,-2019577183651897760,0,81,81,375,2,3,1,5
1619,100,690168649543692786,0,59,59,391,3,2,1,5
1620,100,852787745601182213,0,70,70,364,3,4,2,10
1621,100,4102036731645995913,0,83,83,372,3,8,4,19
1622,100,-2792678211950344632,0,59,59,382,1,4,2,9
1623,100,-306162470111557765,0,66,66,372,3,5,3,11
1624,100,-4347739167582580277,0,68,68,380,1,5,2,15
1625,100,-8610763546002956027,0,71,71,390,2,5,3,12
1626,100,554667301575671057,0,69,69,373,4,6,4,15
1627,100,-1972717737072812312,0,86,86,387,1,5,2,9
1628,100,-2549023835062203495,0,61,61,373,2,3,1,8
1629,100,-3657424285514802012,0,67,67,386,2,7,5,15
1630,100,-5830070490813795794,0,75,75,379,4,7,5,19
1631,100,4309642659700404964,0,59,59,379,3,4,2,11
1632,100,6649775291879495293,0,74,74,392,1,3,1,11
1633,100,4506738353487909691,0,77,77,408,3,5,2,13
1634,100,2524423182055994344,0,83,83,376,5,5,3,11
1635,100,-8419125921360958703,0,84,84,387,3,4,3,4
1636,100,1319487183310453145,0,73,73,373,3,6,3,14
1637,100,-3076038534476430889,0,66,66,377,1,6,3,14
1638,100,4667061208755238360,0,60,60,373,7,5,3,11
1639,100,-3596185953647819135,0,64,64,376,1,5,2,11
1640,100,-8250883165493697887,0,8,8,375,3,3,1,7
1641,100,1065538758057394229,0,80,80,383,1,5,2,12
1642,100,3560402803671951217,0,67,67,376,2,6,5,15
1643,100,-7271135824872860096,0,74,74,380,1,12,7,29
1644,100,629066274345428064,0,74,74,371,6,4,2,5
1645,100,3369132400396854089,0,54,54,379,2,2,1,4
1646,100,6863425023136406132,0,67,67,377,3,7,5,20
1647,100,280825508353771464,0,62,62,375,2,5,3,8
1648,100,-4702926439258241741,0,82,82,367,2,5,2,16
1649,100,196207300898287544,0,70,70,407,6,4,2,6
1650,100,-647324522075637383,0,68,68,369,1,3,1,9
1651,100,8431022940367994762,0,72,72,382,3,5,2,10
1652,100,7603707630266834316,0,65,65,371,3,6,4,17
1653,100,567471456097475677,0,64,64,375,2,4,2,16
1654,100,-4017495030037475731,0,64,64,383,1,4,1,7
1655,100,-9117155123005668500,0,54,54,374,4,3,2,9
1656,100,-8007217626298136976,0,73,73,357,8,1,1,5
1657,100,9072080954935289031,0,68,68,364,1,5,2,8
1658,100,-2730580486575482610,0,58,58,387,5,5,4,11
1659,100,8374525664025343302,0,49,49,376,3,3,2,7
1660,100,-5669133775029921798,0,52,52,367,4,8,6,18
1661,100,6988089083854842809,0,81,81,372,3,3,2,3
1662,100,-7757797508526344847,0,66,66,378,1,4,2,6
1663,100,-5460361868720038556,0,40,40,390,1,5,1,9
1664,100,3702676662926702550,0,70,70,394,1,4,3,10
1665,100,9045090913486908842,0,69,69,368,2,3,1,10
1666,100,-1282815522883300739,0,72,72,384,1,5,2,10
1667,100,-8836203910219119353,0,91,91,362,8,5,4,16
1668,100,-6838652177172219962,0,81,81,373,2,4,3,7
1669,100,-3423132029903240381,0,66,66,384,1,4,1,6
1670,100,-5801030668092458898,0,65,65,393,1,3,1,7
1671,100,8350635230332936420,0,40,40,392,6,2,1,6
1672,100,-8786327888129932255,0,50,50,374,3,6,4,9
1673,100,3409972668550067171,0,63,63,363,7,4,2,8
1674,100,8226639564676816722,0,73,73,371,2,8,4,17
1675,100,-4288324442107819101,0,75,75,371,8,4,3,11
1676,100,-1399339511987871153,0,62,62,374,1,6,3,13
1677,100,-4407542383641405410,0,67,67,382,1,9,5,23
1678,100,-4829517383413934705,0,80,80,372,4,4,3,10
1679,100,-7509593011580006303,0,70,70,374,2,6,4,14
1680,100,8682444629397749582,0,75,75,375,1,4,2,15
1681,100,4082776639663131706,0,69,69,370,1,8,4,19
1682,100,4772261390053062235,0,50,50,379,2,6,4,11
1683,100,834360936470381870,0,69,69,375,4,3,2,5
1684,100,-5265172005343572432,0,70,70,382,4,3,2,7
1685,100,-5834693862474812752,0,72,72,374,1,7,3,14
1686,100,551158600590602307,0,55,55,376,1,4,2,11
1687,100,-8573696393397095024,0,70,70,361,5,2,1,4
1688,100,6345696165702366875,0,65,65,360,1,6,2,16
1689,100,5111979397780162225,0,61,61,389,4,5,2,17
1690,100,-86458704929088603,0,66,66,381,5,3,1,6
1691,100,-7294366268375556865,0,61,61,365,3,6,4,17
1692,100,-5876506185579719865,0,60,60,380,4,2,1,5
1693,100,-494966576800285025,0,66,66,375,3,5,3,13
1694,100,6893231476331110709,0,86,86,383,3,3,1,7
1695,100,1926833643872072039,0,49,49,381,2,5,2,8
1696,100,-166436805311250301,0,64,64,375,4,6,4,15
1697,100,-4447818469089608049,0,68,68,373,6,6,5,16
1698,100,-1637670979306278788,0,42,42,372,2,5,3,12
1699,100,4822242989930659241,0,62,62,374,1,5,3,12
1700,100,-2848425638960760143,0,76,76,390,4,7,5,13
1701,100,8890813675337865934,0,69,69,376,3,4,2,9
1702,100,471530017362708052,0,77,77,370,2,6,3,12
1703,100,3561043464060242969,0,73,73,372,3,6,4,19
1704,100,874435705189665990,0,63,63,371,1,8,5,17
1705,100,-4944912085650036135,0,65,65,360,1,5,4,18
1706,100,-5212735094366698643,0,66,66,366,4,2,1,3
1707,100,-4915777221403582207,0,53,53,358,3,3,2,7
1708,100,6803335165649800907,0,50,50,371,5,4,2,14
1709,100,-1214229525294814877,0,71,71,366,6,2,1,9
1710,100,768282901159023308,0,65,65,369,2,4,2,10
1711,100,151776843439129885,0,80,80,358,3,6,3,14
1712,100,-5765144113817078690,0,69,69,386,3,5,3,13
1713,100,7910431868005788627,0,46,46,370,1,8,4,23
1714,100,-2296013895249665977,0,69,69,374,2,5,3,12
1715,100,1054677328889454622,0,69,69,367,1,6,2,15
1716,100,-1373223333582034126,0,86,86,354,8,3,2,7
1717,100,-5865414478943428669,0,80,80,384,1,4,3,11
1718,100,-5541471494755246326,0,66,66,373,4,5,3,14
1719,100,-955643158679739609,0,55,55,380,1,6,3,16
1720,100,-7904565381381273206,0,78,78,381,1,6,4,21
1721,100,-1204624623821365246,0,69,69,381,2,4,1,10
1722,100,2124502186081361940,0,80,80,362,1,6,3,13
1723,100,4504328962599125843,0,77,77,383,3,6,4,12
1724,100,8522319300189834434,0,81,81,378,3,5,2,5
1725,100,-8632697002274531693,0,84,84,371,7,2,2,2
1726,100,-2529983147975821126,0,57,57,376,1,10,7,20
1727,100,7237870589324362797,0,69,69,370,5,2,1,3
1728,100,-1238774634254768186,0,71,71,361,8,5,5,11
1729,100,-1897396297887355092,0,57,57,386,3,5,1,10
1730,100,3271518006482237732,0,54,54,369,2,9,6,13
1731,100,-7577777947952524746,0,65,65,386,4,6,4,11
1732,100,7539373802204455321,0,77,77,383,3,8,4,16
1733,100,-7140656612869776968,0,81,81,383,6,4,3,8
1734,100,7687831278831710924,0,82,82,397,4,5,2,8
1735,100,-1089284875841884830,0,70,70,385,1,9,6,19
1736,100,-82158100208352304,0,71,71,382,3,5,3,7
1737,100,6607160915665853653,0,89,89,386,2,6,3,14
1738,100,701215290191924994,0,45,45,375,2,4,2,10
1739,100,5309387508475847579,0,87,87,379,2,4,3,14
1740,100,-6207424643440748268,0,60,60,378,4,5,4,11
1741,100,-9065687009034258345,0,81,81,372,1,8,6,15
1742,100,2867269088801420650,0,61,61,375,2,2,1,3
1743,100,-2048810803126658243,0,76,76,376,1,4,2,10
1744,100,3022572108440583076,0,50,50,377,4,4,2,12
1745,100,1033057356607330243,0,75,75,390,1,5,3,14
1746,100,2129922523710718587,0,25,25,404,5,4,3,10
1747,100,5077446533567475096,0,63,63,371,5,6,4,19
1748,100,-1648616379524959280,0,38,38,378,1,8,5,18
1749,100,2362298344319309013,0,56,56,367,3,4,2,6
1750,100,-4643746213627179518,0,59,59,375,5,4,3,9
1751,100,-559511628400242318,0,80,80,392,3,5,3,9
1752,100,-5989270613852903809,0,78,78,365,3,4,3,10
1753,100,-3795771286279075334,0,70,70,387,3,8,5,28
1754,100,3978300695418651037,0,75,75,380,4,5,3,12
1755,100,8228372709113648514,0,82,82,378,5,5,3,12
1756,100,1716341608038421418,0,91,91,384,6,4,2,8
1757,100,663603777826256087,0,56,56,366,1,3,2,8
1758,100,-6180459095390011583,0,79,79,388,1,6,3,18
1759,100,-6397275365287613706,0,71,71,379,1,9,6,26
1760,100,-6296181431685896993,0,87,87,390,7,1,1,1
1761,100,-5051096087980201792,0,72,72,369,7,2,1,7
1762,100,4045334653979711413,0,74,74,391,1,6,3,18
1763,100,-6180630205495181330,0,57,57,358,6,2,2,6
1764,100,1914645572918266815,0,70,70,384,6,6,3,17
1765,100,3967946074632032578,0,68,68,370,6,2,1,5
1766,100,3469826569540423956,0,74,74,378,1,4,2,12
1767,100,-8586603315568203266,0,71,71,381,1,4,2,11
1768,100,-3910590570782674816,0,63,63,394,3,5,3,8
1769,100,-6420481713480563559,0,64,64,388,2,4,1,10
1770,100,-4344358494459200177,0,64,64,388,1,3,1,6
1771,100,4218968318896480432,0,42,42,363,4,2,1,3
1772,100,244017960807149675,0,59,59,368,3,6,4,10
1773,100,8941739680093972026,0,94,94,381,2,5,3,13
1774,100,-1991630921893322583,0,51,51,379,1,5,2,12
1775,100,-7437089191721187328,0,72,72,382,4,5,2,13
1776,100,-470589146944066465,0,51,51,381,1,3,1,8
1777,100,-5978934296752006837,0,63,63,375,2,5,1,14
1778,100,7915757905722976313,0,66,66,380,3,4,2,11
1779,100,-5724841548861895970,0,69,69,390,5,5,4,12
1780,100,7346955016115316556,0,57,57,375,2,6,4,14
1781,100,863370341227168550,0,62,62,366,2,8,5,21
1782,100,4003604673939402859,0,50,50,394,5,2,1,4
1783,100,7104135260814984623,0,78,78,377,2,4,2,6
1784,100,-3923012821108575047,0,24,24,373,1,10,7,32
1785,100,-3280786622911472166,0,80,80,369,6,2,1,4
1786,100,3072337077085068159,0,62,62,370,1,4,2,13
1787,100,3698986845813768397,0,72,72,382,3,10,7,17
1788,100,-7558334249063352513,0,69,69,390,4,5,3,12
1789,100,-2163120132027508054,0,82,82,386,2,9,6,19
1790,100,326066951337408521,0,66,66,384,3,9,6,17
1791,100,6916983913513614082,0,63,63,384,4,3,2,8
1792,100,-8391770936571629812,0,52,52,373,1,4,1,13
1793,100,8411421368087549068,0,32,32,377,1,10,6,23
1794,100,-20805395062556817,0,72,72,362,7,5,4,8
1795,100,-3853121836900056047,0,67,67,361,1,3,1,6
1796,100,-1704389653631248287,0,70,70,375,3,5,2,10
1797,100,-487549782415781206,0,53,53,365,1,7,4,20
1798,100,3952391917870822511,0,84,84,373,3,2,1,5
1799,100,1329360384378382125,0,47,47,387,2,9,7,22
1800,100,4959168786434349588,0,58,58,360,1,7,5,20
1801,100,-7224469723546608924,0,86,86,389,3,4,2,14
1802,100,4081832931554036118,0,70,70,360,1,6,4,19
1803,100,4368713173675353472,0,53,53,391,1,8,3,19
1804,100,3503189332727415823,0,55,55,378,2,4,2,11
1805,100,-8005077513722801075,0,82,82,388,1,4,2,6
1806,100,-1360142027543513143,0,80,80,366,3,5,3,13
1807,100,-6876378105054871386,0,67,67,381,1,7,4,15
1808,100,-1129584069787378225,0,65,65,389,3,5,2,13
1809,100,-8270128054483781206,0,78,78,366,4,4,2,17
1810,100,-6977452797994754880,0,55,55,373,6,2,1,6
1811,100,7915272445869085999,0,67,67,366,8,2,1,4
1812,100,3684536551539475686,0,63,63,376,1,3,1,4
1813,100,-787424457769788426,0,49,49,383,1,3,2,8
1814,100,-5226105504518768250,0,53,53,366,1,7,4,20
1815,100,44522079116150048,0,56,56,369,1,5,2,14
1816,100,-4698719552569091207,0,51,51,371,4,6,4,16
1817,100,4134601339983901921,0,72,72,366,4,3,2,8
1818,100,8666716121666914555,0,49,49,369,5,4,2,11
1819,100,7528008939857785459,0,67,67,377,2,3,2,7
1820,100,-5375940226336569662,0,26,26,398,3,6,3,19
1821,100,-8837365623422678708,0,52,52,386,3,7,6,19
1822,100,-3206155163673647534,0,82,82,375,1,8,6,21
1823,100,-505115609577354862,0,53,53,369,1,4,2,10
1824,100,5097637859734420879,0,60,60,383,2,4,1,10
1825,100,6465628942954945486,0,74,74,372,5,3,2,10
1826,100,5134198179704357779,0,72,72,379,6,7,5,15
1827,100,8629291560549309408,0,82,82,374,1,4,2,10
1828,100,6147660542623311553,0,59,59,372,3,3,1,8
1829,100,-982757512298451150,0,67,67,368,6,3,2,7
1830,100,-8744651337584054246,0,74,74,380,8,4,4,8
1831,100,9205081406221781552,0,82,82,383,1,6,4,15
1832,100,-3094712554214979633,0,62,62,358,4,4,3,6
1833,100,6582129143277148407,0,47,47,368,4,3,1,11
1834,100,-7524845124487925994,0,37,37,373,3,3,1,7
1835,100,-122170575064187060,0,65,65,387,6,2,1,5
1836,100,8107857792733332288,0,70,70,376,1,3,1,6
1837,100,-1524676711958076465,0,64,64,387,1,4,1,10
1838,100,-587581538346099189,0,60,60,374,2,3,1,6
1839,100,4765247072515144303,0,50,50,370,5,5,4,19
1840,100,5705032008535959348,0,68,68,361,2,5,3,10
1841,100,7873541953322828320,0,59,59,390,8,2,1,3
1842,100,5670384675119655760,0,52,52,357,2,5,3,14
1843,100,-1081071501753849397,0,67,67,379,1,4,2,9
1844,100,-5926928611762107428,0,86,86,382,3,7,5,19
1845,100,-5645586808841367418,0,73,73,384,3,3,1,11
1846,100,3006298064276200594,0,74,74,358,5,2,1,6
1847,100,6710133682039510277,0,71,71,371,9,3,3,3
1848,100,6342047798640296446,0,75,75,390,2,6,3,9
1849,100,5491344314847209551,0,56,56,384,1,9,6,26
1850,100,5097003802086057295,0,70,70,386,8,3,2,9
1851,100,2263245241490003892,0,74,74,376,4,2,1,6
1852,100,-473314191510957710,0,65,65,383,3,6,3,12
1853,100,6158471991955931645,0,83,83,371,3,3,2,7
1854,100,-718265242928820900,0,52,52,382,1,6,3,15
1855,100,-8071319557104653339,0,80,80,369,1,9,4,23
1856,100,-6309461613632141401,0,38,38,376,1,4,2,10
1857,100,-6591399134895118392,0,72,72,373,1,5,3,15
1858,100,3679436504957708128,0,77,77,367,2,4,2,8
1859,100,-5565962754320808806,0,88,88,376,4,5,4,17
1860,100,460640849110996510,0,46,46,374,1,5,3,12
1861,100,-8989244474994657255,0,74,74,390,2,7,4,12
1862,100,3141124869226846039,0,93,93,384,1,13,10,29
1863,100,8205065560950765638,0,32,32,381,5,3,1,8
1864,100,-3716666383197273874,0,70,70,375,1,8,5,19
1865,100,2555478013340907537,0,50,50,369,5,4,2,16
1866,100,1134344828712741135,0,53,53,384,5,2,1,5
1867,100,-8332843859517998254,0,86,86,384,5,5,4,17
1868,100,-6651880418160730817,0,81,81,394,1,4,2,9
1869,100,3206938633051551232,0,47,47,370,1,10,8,21
1870,100,3426119457071101614,0,60,60,388,4,6,4,15
1871,100,8312728237101460124,0,59,59,376,1,4,2,9
1872,100,-5344546509764419633,0,73,73,385,6,4,3,8
1873,100,-8023593523336463378,0,62,62,382,7,3,2,6
1874,100,-7140655516020482262,0,63,63,365,5,3,1,8
1875,100,7825993617235518963,0,54,54,385,1,7,4,16
1876,100,8689267739900689264,0,51,51,368,2,4,3,12
1877,100,8811646980700901909,0,66,66,372,1,3,1,6
1878,100,-4391572840450765617,0,73,73,370,5,7,5,23
1879,100,-5394310772122371428,0,78,78,364,4,4,2,11
1880,100,-3036495863326879865,0,67,67,380,6,2,2,4
1881,100,-8584670305557032604,0,65,65,400,3,5,2,13
1882,100,-6414353774899115075,0,67,67,376,1,4,2,9
1883,100,825974149257534928,0,51,51,385,1,5,2,14
1884,100,-596994676451809649,0,88,88,376,7,2,1,4
1885,100,-4181648854491167234,0,83,83,367,6,5,3,19
1886,100,-3577691525780721560,0,64,64,378,2,8,4,21
1887,100,-247971487440111813,0,81,81,378,3,3,1,8
1888,100,-5901119103343819628,0,63,63,386,3,5,2,13
1889,100,-5543297987461783111,0,70,70,369,5,2,1,5
1890,100,2079703977943059990,0,79,79,383,4,5,3,11
1891,100,-8397917437772612737,0,73,73,381,3,7,4,19
1892,100,-7328464853666413127,0,78,78,371,1,3,1,5
1893,100,-8013405792630391136,0,81,81,363,1,6,4,15
1894,100,5923173832506441060,0,45,45,360,6,3,2,10
1895,100,5715130755549615791,0,47,47,365,3,3,1,12
1896,100,739785344858508466,0,66,66,384,8,2,1,4
1897,100,-8594697995390619279,0,91,91,374,8,1,1,2
1898,100,3811333731429446338,0,63,63,380,4,4,3,8
1899,100,-1137721648804878636,0,50,50,377,2,4,2,10
1900,100,-5434620682709335733,0,62,62,372,4,6,4,15
1901,100,-5536164276702319584,0,78,78,365,1,4,2,13
1902,100,-2251151483420285710,0,59,59,384,4,4,3,8
1903,100,-66284307672349076,0,64,64,370,5,4,3,10
1904,100,6017123727747456735,0,61,61,375,5,4,3,10
1905,100,744034171106766930,0,49,49,374,2,4,1,8
1906,100,2436988758253699981,0,63,63,354,2,3,1,6
1907,100,-9116343154203744538,0,39,39,370,6,8,6,12
1908,100,8385432198180508385,0,72,72,388,3,2,1,5
1909,100,4378321804301079011,0,59,59,355,1,5,1,12
1910,100,4525009105357651326,0,33,33,389,3,4,2,11
1911,100,3328475198544739111,0,69,69,377,1,13,9,28
1912,100,-5877566513167979689,0,75,75,382,2,5,2,15
1913,100,-485933447702361759,0,77,77,377,2,3,1,5
1914,100,1771586420529551236,0,62,62,373,8,2,2,4
1915,100,4879671273945756168,0,56,56,386,1,5,2,13
1916,100,-2685373682995325607,0,81,81,389,3,4,2,7
1917,100,-4733804739995380082,0,82,82,381,4,6,4,12
1918,100,1033101064712475317,0,41,41,375,4,3,2,7
1919,100,1608544996562452693,0,71,71,391,3,2,1,2
1920,100,-3116514119136302185,0,75,75,377,6,2,1,7
1921,100,8061475044170183393,0,75,75,376,4,5,3,10
1922,100,-6338823605447449866,0,59,59,371,8,2,2,6
1923,100,-1217394809732825649,0,74,74,362,6,1,1,1
1924,100,-4481624959114734383,0,55,55,376,1,4,1,9
1925,100,-704116446854425594,0,67,67,372,1,8,4,28
1926,100,-6652992503501015677,0,81,81,378,2,3,1,8
1927,100,-7336113689164035413,0,89,89,371,6,4,4,6
1928,100,-2629054038798192036,0,41,41,375,1,5,3,12
1929,100,-1089559055840772518,0,85,85,392,1,6,4,14
1930,100,-6666317948309190802,0,59,59,376,3,4,1,10
1931,100,1021351018797649682,0,60,60,376,2,4,1,9
1932,100,4595575739189550756,0,87,87,370,3,5,3,10
1933,100,1802398116364380016,0,87,87,376,5,5,3,14
1934,100,7333406575230520343,0,39,39,373,1,4,1,12
1935,100,-1493542881613249761,0,58,58,373,2,3,2,9
1936,100,6273247421911956388,0,77,77,382,2,5,2,11
1937,100,5111009155706661006,0,79,79,369,2,6,3,14
1938,100,2395936148666524601,0,79,79,370,1,6,2,12
1939,100,3234847725029935588,0,71,71,392,1,6,2,11
1940,100,-576826192842894993,0,86,86,374,7,3,2,9
1941,100,3338651308297552176,0,74,74,376,2,5,2,6
1942,100,6563834306979160542,0,77,77,382,2,5,2,12
1943,100,5515203269875456997,0,57,57,370,3,6,3,17
1944,100,-8247516958979965781,0,74,74,397,2,6,2,15
1945,100,-3635638979272775292,0,74,74,376,5,3,2,7
1946,100,5617846811491361765,0,72,72,369,1,3,1,7
1947,100,4703908635074265498,0,65,65,390,2,3,2,7
1948,100,3114092439827754257,0,64,64,357,6,4,3,9
1949,100,4320028821526279405,0,46,46,367,1,4,1,9
1950,100,-4340915747827746941,0,75,75,367,3,7,3,21
1951,100,4265770415292685810,0,49,49,375,3,5,3,14
1952,100,-6258159833881480209,0,63,63,374,4,7,3,15
1953,100,-269298293263039359,0,85,85,377,1,4,1,14
1954,100,1575751404627382590,0,60,60,380,2,7,5,15
1955,100,-5293442079785645877,0,66,66,375,6,2,1,3
1956,100,-7494165642156121435,0,74,74,382,3,5,3,18
1957,100,3991534890185804171,0,72,72,370,1,6,3,21
1958,100,-2150804475962060044,0,79,79,375,1,12,8,26
1959,100,-8757125350527452805,0,65,65,389,2,5,2,13
1960,100,1940289647686727979,0,66,66,365,2,3,1,8
1961,100,5552599996413220873,0,66,66,372,2,9,6,16
1962,100,-1948274359737179565,0,43,43,385,1,4,2,5
1963,100,-4344926495969296054,0,58,58,367,4,4,3,12
1964,100,8951302026947814538,0,79,79,385,3,7,5,17
1965,100,-621951065478297298,0,65,65,365,6,3,2,7
1966,100,5972336131527692126,0,77,77,365,3,8,6,19
1967,100,2259140386716849653,0,60,60,383,1,6,4,16
1968,100,-6971338088022143650,0,31,31,370,5,4,3,10
1969,100,-2951700238819889695,0,55,55,378,4,5,3,15
1970,100,-68978406668514578,0,44,44,395,2,4,1,10
1971,100,-663284825903715283,0,58,58,385,1,3,1,5
1972,100,5244841597691426395,0,65,65,388,4,3,1,10
1973,100,-7063337382297005763,0,87,87,376,1,3,1,7
1974,100,-7699169447513559761,0,60,60,366,2,6,3,11
1975,100,-6238516862521155050,0,59,59,366,9,1,1,3
1976,100,-7712648321469666619,0,76,76,368,3,5,4,12
1977,100,3919350590755588879,0,50,50,370,3,4,2,7
1978,100,3504750289530735647,0,54,54,377,4,5,4,7
1979,100,2126683959193450953,0,60,60,378,5,4,3,12
1980,100,-2854130000759522058,0,81,81,381,2,6,2,16
1981,100,3795008089964700251,0,79,79,362,1,5,2,10
1982,100,-6592709878265994734,0,80,80,381,1,9,6,22
1983,100,1560355221777474514,0,64,64,381,4,9,6,26
1984,100,-7485909150233144100,0,78,78,375,1,4,3,7
1985,100,-7305129453068992552,0,76,76,375,2,6,4,19
1986,100,-2750133537795341264,0,73,73,380,1,7,3,12
1987,100,-834592401950500430,0,72,72,382,5,4,2,9
1988,100,4216230094225526392,0,84,84,388,5,3,2,10
1989,100,8284197988534874223,0,72,72,375,3,5,2,11
1990,100,-4252414074842191627,0,86,86,385,1,9,5,20
1991,100,-3442065507496703906,0,91,91,355,4,3,2,12
1992,100,-7972971425552848800,0,66,66,373,1,6,3,15
1993,100,1442250680118409152,0,76,76,391,2,3,1,8
1994,100,-7783056854305046863,0,69,69,388,2,8,6,16
1995,100,5018117773074336446,0,74,74,387,5,2,1,6
1996,100,7168868009992421949,0,83,83,375,5,2,1,4
1997,100,-1658899216828796260,0,61,61,378,4,5,2,16
1998,100,-2114867917769616890,0,69,69,375,2,5,3,14
1999,100,5361154555176940591,0,70,70,378,1,7,4,19
2000,100,-6125069922790085810,0,61,61,366,3,4,3,10
2001,100,8748592993461668236,0,56,56,372,3,3,1,9
2002,100,-912554602749541267,0,60,60,373,3,5,3,13
2003,100,6925673941130390273,0,69,69,382,4,4,2,8
2004,100,5963160023926489316,0,53,53,391,1,6,3,13
2005,100,478223706216706889,0,53,53,385,2,4,2,8
2006,100,2703335164928905905,0,78,78,382,1,5,3,11
2007,100,-1633994954219433222,0,71,71,364,1,6,4,14
2008,100,-2544567620302283548,0,58,58,384,3,3,1,5
2009,100,9166295641508562754,0,56,56,371,3,5,3,12
2010,100,2701106927809637233,0,75,75,376,1,9,5,15
2011,100,1174947863147988946,0,74,74,378,4,3,1,9
2012,100,-9207258632603233208,0,62,62,373,1,8,6,17
2013,100,-5135118213241249767,0,73,73,364,2,4,1,15
2014,100,-7287343484795677277,0,78,78,388,3,2,1,2
2015,100,-6704836131115620427,0,62,62,360,3,2,1,8
2016,100,-92762856535947874,0,68,68,378,2,5,2,13
2017,100,-2835366050413212122,0,68,68,360,1,3,1,9
2018,100,7912443515180984076,0,64,64,379,2,6,2,13
2019,100,-8972392443800506940,0,76,76,368,1,4,2,9
2020,100,-6788487344460122233,0,53,53,393,2,4,2,4
2021,100,-7730332991327610382,0,68,68,381,1,6,2,10
2022,100,1510652502432139976,0,49,49,372,4,5,3,11
2023,100,-3320773582526587756,0,73,73,372,3,2,1,4
2024,100,-7639681391905306823,0,65,65,397,5,2,1,6
2025,100,8962729821830813374,0,53,53,385,3,4,1,12
2026,100,-4560549822627014712,0,75,75,379,3,4,1,12
2027,100,-4721477689244223315,0,75,75,378,2,3,2,7
2028,100,1873560293502347006,0,74,74,367,2,3,2,9
2029,100,-3729660819279444742,0,71,71,376,6,3,1,9
2030,100,-6763325857011927217,0,76,76,382,2,4,2,10
2031,100,679292882028778252,0,46,46,371,2,4,2,11
2032,100,-3919857058315473741,0,87,87,377,2,4,2,8
2033,100,7296106389123581134,0,66,66,366,2,4,1,11
2034,100,-85903478317180043,0,70,70,359,4,4,2,11
2035,100,-8000512265300679775,0,72,72,379,2,5,3,10
2036,100,-6856985198582845366,0,73,73,372,1,5,2,15
2037,100,7024060139531999380,0,68,68,365,1,4,1,9
2038,100,4344356553579316644,0,76,76,385,8,4,3,8
2039,100,-994056092806237230,0,84,84,391,5,3,1,6
2040,100,3686140568856918600,0,51,51,373,2,6,2,16
2041,100,7523265406291801947,0,53,53,361,1,6,5,16
2042,100,-7999657351318479586,0,52,52,404,3,6,2,17
2043,100,3336817039661603062,0,62,62,377,1,6,4,14
2044,100,-599836014822702521,0,79,79,371,2,3,2,7
2045,100,6141649744911691622,0,34,34,381,8,3,2,7
2046,100,-7944209423346248332,0,89,89,377,1,3,1,9
2047,100,8748064810126851803,0,48,48,393,3,7,4,20
2048,100,8831008223881854325,0,45,45,381,3,6,4,23
2049,100,-459816557733914453,0,67,67,369,1,5,3,12
2050,100,7373590855732389136,0,67,67,375,1,5,3,9
2051,100,-3112547375773056447,0,71,71,379,2,3,2,6
2052,100,-5092128969279029996,0,71,71,381,2,6,3,18
2053,100,-4051563071305689259,0,70,70,390,1,7,4,13
2054,100,617831545052531628,0,69,69,385,1,9,5,24
2055,100,-2697055598309172387,0,75,75,383,1,5,1,13
2056,100,-1255545559543669512,0,75,75,374,4,5,3,9
2057,100,-654439956305727933,0,81,81,370,3,2,1,3
2058,100,-7710261240432629543,0,56,56,388,1,6,3,12
2059,100,3212956829704132695,0,69,69,357,1,3,1,5
2060,100,-7543411647892979188,0,79,79,358,5,4,4,6
2061,100,5005268225488085382,0,44,44,379,1,5,2,7
2062,100,6714089370776527482,0,61,61,375,3,4,2,10
2063,100,5592385847230080972,0,92,92,377,3,3,1,9
2064,100,-8429127220501468979,0,73,73,361,1,3,1,7
2065,100,-3137729217293604633,0,52,52,380,3,6,2,15
2066,100,2228561867245886278,0,63,63,372,2,2,1,4
2067,100,5112199540532687692,0,58,58,362,4,4,2,6
2068,100,-7698563339708398643,0,54,54,380,4,6,4,18
2069,100,-5178333637298507170,0,62,62,372,1,6,3,9
2070,100,9036194708545943881,0,49,49,364,1,8,4,27
2071,100,7044746065522313693,0,66,66,370,6,4,3,6
2072,100,2127928528341658161,0,68,68,358,2,7,4,12
2073,100,-4492722189944441700,0,77,77,375,3,3,1,8
2074,100,-7244709798690358173,0,63,63,351,3,3,2,11
2075,100,7435473479602821750,0,74,74,369,2,6,4,16
2076,100,1365571393381340724,0,42,42,375,4,5,2,14
2077,100,-5313556928173092478,0,62,62,369,6,6,4,11
2078,100,-9154325708954229561,0,67,67,377,1,8,4,20
2079,100,5665198102787964549,0,71,71,370,1,4,1,7
2080,100,8792171163741451170,0,86,86,372,1,4,2,11
2081,100,-6874200837531416408,0,67,67,380,5,3,1,5
2082,100,-4117568294143940226,0,65,65,368,5,3,1,7
2083,100,-141820505060338582,0,85,85,370,4,6,3,12
2084,100,-5192393019604779426,0,51,51,380,2,4,1,8
2085,100,2942761158715505111,0,46,46,365,2,9,4,25
2086,100,-2287990907959755038,0,70,70,376,2,5,3,13
2087,100,-4315518793190184454,0,75,75,376,8,2,1,4
2088,100,-1170528946178690852,0,62,62,359,5,1,1,4
2089,100,-1675102957824329841,0,70,70,366,1,8,4,24
2090,100,4086055411839020323,0,68,68,388,4,7,4,16
2091,100,-9187488102342084868,0,49,49,371,1,5,3,12
2092,100,-8189539223074995545,0,69,69,367,5,3,2,5
2093,100,-9143678047784605310,0,85,85,377,2,4,2,12
2094,100,5375068506181072581,0,74,74,375,1,6,3,13
2095,100,183899884810643375,0,59,59,388,4,6,4,13
2096,100,8079068109935015644,0,68,68,381,1,11,8,27
2097,100,-3614109426711134441,0,70,70,383,4,7,5,26
2098,100,-4452922501488029920,0,22,22,353,5,9,7,17
2099,100,239354613802547011,0,58,58,371,1,8,4,17
2100,100,-2214449289288533330,0,72,72,374,1,7,3,14
2101,100,-651097023061216792,0,80,80,364,4,2,1,6
2102,100,-4838437108804099873,0,56,56,364,3,3,1,9
2103,100,4877649540728429147,0,59,59,380,2,6,4,14
2104,100,1724729897104430048,0,50,50,388,1,9,6,25
2105,100,4907613413650143300,0,64,64,362,1,5,4,17
2106,100,3844201695054357634,0,66,66,361,6,2,1,5
2107,100,-4331994398612391535,0,42,42,390,7,2,1,5
2108,100,-5926919442521792690,0,51,51,375,1,5,2,11
2109,100,-8560236654296496210,0,71,71,388,2,4,1,13
2110,100,-5085943961928071460,0,64,64,366,6,2,1,5
2111,100,-4773142140774679566,0,77,77,385,1,4,2,7
2112,100,900524903822483300,0,63,63,367,1,3,1,9
2113,100,-4990658776610617508,0,68,68,391,5,4,2,6
2114,100,-7637101533249658987,0,57,57,382,1,3,1,8
2115,100,550705703972643198,0,69,69,380,6,4,3,7
2116,100,-5189864099858294107,0,46,46,378,2,6,5,11
2117,100,-5153908148955704648,0,76,76,371,1,5,3,14
2118,100,-4423282144303761496,0,59,59,373,8,6,5,8
2119,100,-3923232121204773463,0,50,50,384,3,4,2,9
2120,100,-2506568768541013467,0,73,73,403,6,4,2,13
2121,100,-6510521984633312285,0,52,52,375,2,8,4,18
2122,100,-727231474569289754,0,67,67,379,4,5,2,18
2123,100,-351920236373483043,0,82,82,380,4,9,7,18
2124,100,-7664184743449372656,0,79,79,386,3,5,3,10
2125,100,3894202432291716653,0,68,68,378,4,3,1,6
2126,100,8681820847547996018,0,63,63,365,8,5,5,9
2127,100,-826569349283559434,0,68,68,382,9,1,1,2
2128,100,-2673317843186422239,0,78,78,379,2,4,2,9
2129,100,3418245881014866078,0,70,70,377,2,4,2,15
2130,100,8966398135005020740,0,71,71,374,2,2,1,9
2131,100,8743046857026161860,0,70,70,378,3,4,2,10
2132,100,4495932260805383211,0,66,66,378,3,3,1,4
2133,100,-51416601694926735,0,65,65,369,6,3,1,6
2134,100,-362907953879732314,0,56,56,357,7,4,3,9
2135,100,569354688214035085,0,71,71,373,1,5,3,6
2136,100,1563857929054068372,0,52,52,381,2,5,3,10
2137,100,-6003137156259316845,0,57,57,378,1,4,2,14
2138,100,6588679442209681594,0,73,73,385,1,7,3,11
2139,100,-1957088240854162552,0,62,62,365,5,4,2,8
2140,100,-900346923369485099,0,92,92,385,7,3,2,6
2141,100,-6991009252040289496,0,80,80,369,1,4,2,13
2142,100,8174784074598694641,0,65,65,388,4,7,4,14
2143,100,5604364028521319522,0,53,53,364,4,6,4,9
2144,100,-960163872186042373,0,68,68,372,5,7,4,14
2145,100,-6233549114056180217,0,80,80,369,5,9,7,20
2146,100,-5632275194082970987,0,60,60,366,6,2,1,8
2147,100,8877078269608470205,0,64,64,382,1,5,2,11
2148,100,-8099046575099875031,0,52,52,386,1,10,6,24
2149,100,-8262537873916185799,0,71,71,381,1,7,5,17
2150,100,-2828235757443151552,0,74,74,383,2,4,2,7
2151,100,-7113188871441314900,0,74,74,370,3,2,1,5
2152,100,-8503833172145557484,0,74,74,365,5,1,1,5
2153,100,-6179791223227497346,0,77,77,374,1,5,3,13
2154,100,-7122137422140490653,0,70,70,369,2,6,4,13
2155,100,-3747228045214587335,0,64,64,375,3,5,3,10
2156,100,-8099833132610113147,0,91,91,385,4,8,5,16
2157,100,-1743745355288002361,0,78,78,362,5,3,1,8
2158,100,8679274493440911297,0,76,76,368,1,5,3,12
2159,100,-667326265941541408,0,54,54,375,5,3,2,3
2160,100,4523148437279958491,0,60,60,377,6,5,5,5
2161,100,-526631065034955075,0,79,79,369,1,3,1,9
2162,100,-363344048932208655,0,60,60,377,1,2,1,3
2163,100,4354002028832035089,0,88,88,388,1,18,14,39
2164,100,7328160416490229638,0,76,76,386,1,10,6,21
2165,100,-457812731302516935,0,71,71,376,5,3,3,11
2166,100,-6872407681979033377,0,90,90,364,1,5,1,13
2167,100,-5130339443699826767,0,61,61,377,3,4,1,11
2168,100,4729077982738051469,0,76,76,367,5,3,2,7
2169,100,1608077222617118666,0,70,70,383,3,4,2,10
2170,100,-7269963217718625205,0,75,75,389,1,10,7,23
2171,100,-4591406978896411239,0,60,60,371,3,3,1,8
2172,100,-1754033942749164023,0,81,81,377,3,4,2,10
2173,100,5641530834898597170,0,74,74,370,2,8,6,14
2174,100,-7998662115098636216,0,68,68,377,3,5,4,10
2175,100,-5211611937594751722,0,61,61,373,2,8,6,17
2176,100,-1243026926328302424,0,63,63,390,1,7,3,17
2177,100,-5989841949878299159,0,36,36,388,1,10,6,16
2178,100,-2015643946387075650,0,85,85,386,4,4,2,12
2179,100,3572120256219341160,0,49,49,369,2,6,4,17
2180,100,-1654223855535578837,0,54,54,355,2,5,3,16
2181,100,5073834009316273305,0,71,71,371,1,7,4,13
2182,100,-6166202654089148695,0,54,54,369,1,5,2,9
2183,100,-4662595060355438269,0,61,61,370,2,9,5,29
2184,100,4084938352588319208,0,78,78,377,2,4,2,8
2185,100,1605716459924322976,0,45,45,376,2,3,1,11
2186,100,3008165687139614169,0,57,57,365,6,4,2,9
2187,100,-1182816010074173104,0,51,51,395,2,4,2,12
2188,100,5961598228183547464,0,62,62,373,4,3,2,6
2189,100,7552664767017587345,0,71,71,370,4,4,2,11
2190,100,5465426986726017776,0,69,69,352,6,2,1,4
2191,100,5300057751420337837,0,59,59,379,1,7,3,24
2192,100,-8013595056154479286,0,52,52,380,2,4,2,8
2193,100,-3116505423590896973,0,75,75,381,2,2,1,4
2194,100,4100322487293399911,0,66,66,372,1,4,2,9
2195,100,-5873724216272756375,0,62,62,372,6,2,1,3
2196,100,5226057786692856831,0,76,76,373,1,5,2,10
2197,100,-1725204581688623232,0,77,77,395,5,5,3,10
2198,100,-320326453677076535,0,75,75,378,1,7,4,14
2199,100,8181019411321741065,0,75,75,376,2,5,2,12
2200,100,-128122172727741428,0,60,60,393,1,6,3,9
2201,100,-7771044614082206168,0,71,71,381,4,5,2,14
2202,100,-2982654958269717899,0,56,56,374,1,4,1,12
2203,100,-6885771283248116474,0,47,47,381,3,3,1,8
2204,100,3306177539206205995,0,66,66,379,2,8,5,21
2205,100,1575926925967421195,0,59,59,370,2,6,4,15
2206,100,-4763257756150170080,0,69,69,374,1,7,4,14
2207,100,7836637460116421453,0,57,57,388,2,2,1,3
2208,100,6102957525476035754,0,71,71,384,1,6,3,9
2209,100,-8234801516110645181,0,68,68,390,1,3,1,11
2210,100,3905801472078519377,0,39,39,369,3,4,2,9
2211,100,7007227795172576957,0,66,66,390,3,3,2,8
2212,100,-7290607943475770902,0,70,70,375,3,3,2,7
2213,100,-4805867693816016872,0,81,81,376,1,8,5,24
2214,100,-5017947920533044252,0,72,72,371,2,4,1,11
2215,100,1400295871209204652,0,69,69,394,3,6,4,10
2216,100,-4915428045328285983,0,80,80,366,5,6,6,14
2217,100,7416332324792534921,0,79,79,368,2,4,2,10
2218,100,-6490480802303893624,0,81,81,383,4,4,2,7
2219,100,5582161318780334179,0,48,48,380,2,3,1,8
2220,100,-7929584617206977127,0,64,64,373,2,6,3,17
2221,100,-7157048858213739318,0,79,79,386,3,4,2,11
2222,100,-8066850208610425791,0,57,57,373,1,5,2,18
2223,100,4666831200883785629,0,63,63,374,6,3,2,11
2224,100,-583002323005246546,0,49,49,362,2,7,5,18
2225,100,-1967523569808685632,0,73,73,370,2,7,4,16
2226,100,-905048653729380378,0,63,63,375,4,2,1,8
2227,100,3323173349238135564,0,13,13,388,3,5,2,15
2228,100,-8600127942946019116,0,70,70,372,1,4,2,9
2229,100,8665199025087693447,0,66,66,382,1,6,3,13
2230,100,-393877079457445980,0,52,52,380,2,3,1,6
2231,100,1457312917275463124,0,62,62,354,7,4,3,10
2232,100,2734656201785412943,0,74,74,391,1,6,4,7
2233,100,855622320681836525,0,77,77,370,4,2,1,4
2234,100,5279957885580787321,0,46,46,386,1,8,5,11
2235,100,7048617553364412174,0,54,54,379,6,3,2,7
2236,100,1322169425556899962,0,36,36,370,1,7,5,17
2237,100,9131867104794378740,0,59,59,376,1,5,2,11
2238,100,-6332737905527141447,0,61,61,385,5,3,2,5
2239,100,6691833074716001351,0,65,65,372,1,3,1,7
2240,100,-2701273452867700927,0,24,24,366,6,4,3,9
2241,100,-8652494746628338093,0,61,61,367,2,2,1,6
2242,100,-8780315577381484147,0,69,69,375,2,4,2,7
2243,100,-1404843559623545858,0,67,67,386,4,9,7,22
2244,100,4613405546584378022,0,78,78,362,5,5,4,10
2245,100,-544338767128088842,0,58,58,375,5,4,2,14
2246,100,7095546126573638511,0,25,25,368,5,4,2,9
2247,100,-5212221459889801175,0,75,75,372,4,2,1,9
2248,100,-3039788594613897665,0,80,80,370,2,4,2,8
2249,100,8136504700360205434,0,59,59,363,3,5,2,13
2250,100,5706073949860912304,0,64,64,380,4,5,4,10
2251,100,1630227537033089201,0,62,62,381,5,5,3,17
2252,100,343418526872465078,0,55,55,373,1,8,5,19
2253,100,8818790537160583346,0,70,70,385,4,2,1,8
2254,100,-1536089011489679629,0,41,41,369,5,4,2,13
2255,100,3015067548093838833,0,66,66,392,5,6,4,12
2256,100,-4810779034293635000,0,73,73,380,2,4,2,9
2257,100,-3905622726898949851,0,71,71,382,5,4,1,6
2258,100,6775279887529306287,0,74,74,382,3,6,4,10
2259,100,-8872121115235722437,0,72,72,366,5,4,1,12
2260,100,3496375868686370119,0,62,62,378,1,6,3,12
2261,100,1580718481643331981,0,60,60,370,3,3,2,7
2262,100,3002665275593667504,0,57,57,383,1,5,1,12
2263,100,4628499115709288787,0,65,65,367,6,3,3,9
2264,100,-8394867030712785768,0,66,66,380,1,5,2,9
2265,100,5756932465719787097,0,72,72,381,3,4,2,16
2266,100,-3761069696718492778,0,67,67,364,7,3,2,9
2267,100,-1049527400392785678,0,52,52,388,1,5,2,14
2268,100,-3316803186771001290,0,77,77,385,4,3,1,9
2269,100,4497692308662333228,0,62,62,382,3,5,3,7
2270,100,-7637799540222657452,0,60,60,378,4,5,2,11
2271,100,-240722416106965692,0,79,79,368,1,11,8,32
2272,100,-6306955313580332115,0,55,55,384,2,9,6,25
2273,100,8408642042991083868,0,76,76,371,5,3,2,12
2274,100,6489443015915618482,0,59,59,369,5,3,2,6
2275,100,-1172809788991900054,0,63,63,364,1,5,2,11
2276,100,1191483593760326303,0,72,72,370,4,5,4,15
2277,100,6727789965938170483,0,83,83,372,1,8,5,17
2278,100,-1144781194834212660,0,75,75,389,4,5,2,16
2279,100,1896209309265671161,0,59,59,375,1,5,2,7
2280,100,-2762660991438874813,0,69,69,389,1,3,1,9
2281,100,-7284590286620734798,0,79,79,365,8,1,1,1
2282,100,-396632554648358766,0,82,82,364,2,5,4,12
2283,100,7182186806904995706,0,68,68,369,1,3,1,6
2284,100,-3491534534075240223,0,77,77,381,2,5,3,14
2285,100,5663648931211538313,0,62,62,370,1,6,4,15
2286,100,-5340768593648417210,0,64,64,380,1,3,2,9
2287,100,8227124157941241576,0,51,51,383,3,9,6,20
2288,100,8955104883054008919,0,67,67,385,2,5,3,11
2289,100,-1169510564675557856,0,45,45,369,3,6,4,15
2290,100,1632832135476855040,0,82,82,353,3,4,2,10
2291,100,-7673300242666946763,0,89,89,387,2,10,7,19
2292,100,-6086788076495929193,0,68,68,377,1,5,3,13
2293,100,4397660888558947794,0,75,75,384,1,5,2,10
2294,100,-1250799075012622547,0,75,75,364,2,8,6,30
2295,100,-8617471662655377723,0,75,75,369,3,11,7,21
2296,100,-5043602146055790297,0,88,88,364,3,5,3,8
2297,100,8764643876650162860,0,87,87,380,2,4,2,10
2298,100,6376867623352157452,0,72,72,382,5,8,5,22
2299,100,797842978500364272,0,78,78,386,3,4,2,10
2300,100,2496991087699691679,0,50,50,378,1,5,2,13
2301,100,-7402968726636562446,0,61,61,362,4,3,1,5
2302,100,3498173913936401200,0,72,72,372,4,3,2,5
2303,100,-8371330761118866556,0,65,65,367,2,4,2,13
2304,100,-6241850382545313490,0,65,65,380,5,5,2,10
2305,100,3804946243219290779,0,52,52,394,3,4,2,14
2306,100,-807200305922839295,0,45,45,387,2,5,2,10
2307,100,-8098700001053512894,0,73,73,370,2,6,3,17
2308,100,-482783140885491434,0,57,57,359,5,4,2,13
2309,100,2518020947846046672,0,72,72,375,3,3,2,12
2310,100,24964506834040634,0,87,87,374,2,7,3,15
2311,100,5787253380068508765,0,75,75,389,2,9,6,12
2312,100,-8445820776195757780,0,65,65,369,2,5,3,10
2313,100,6316224434545242993,0,55,55,383,2,4,2,11
2314,100,-5149007844230195604,0,60,60,395,1,5,2,11
2315,100,1378203755503340030,0,72,72,377,2,4,2,14
2316,100,3155370302971355993,0,78,78,379,6,3,1,4
2317,100,4458979811469150864,0,67,67,372,1,3,1,9
2318,100,-1401988427830356614,0,49,49,368,5,2,1,6
2319,100,960043094726989762,0,57,57,373,6,3,2,5
2320,100,-7841072402860297957,0,54,54,382,1,6,2,11
2321,100,1657809013153422835,0,76,76,385,1,6,3,12
2322,100,6494648426751433756,0,70,70,370,2,4,2,9
2323,100,5349579826396505146,0,85,85,382,1,7,4,22
2324,100,-127170672939705852,0,57,57,384,3,7,5,16
2325,100,859278691938302102,0,72,72,376,2,3,1,8
2326,100,356449856311096668,0,78,78,388,1,3,1,8
2327,100,-1633381796906996887,0,79,79,390,1,7,4,18
2328,100,-768795522058851782,0,70,70,381,1,9,5,18
2329,100,-8951930114119643609,0,71,71,376,6,4,3,13
2330,100,-3494724254683584997,0,75,75,376,1,6,1,23
2331,100,4001548634541517130,0,54,54,376,2,5,3,18
2332,100,-320939080170622730,0,53,53,371,2,4,3,8
2333,100,333401090352422281,0,80,80,376,1,3,1,10
2334,100,-8098414147454938227,0,92,92,385,3,3,2,5
2335,100,-7252166103045381048,0,73,73,364,6,1,1,2
2336,100,1930804123959021317,0,77,77,373,2,4,2,12
2337,100,6545798782040531793,0,66,66,383,6,5,3,16
2338,100,-6186689772325733959,0,70,70,375,6,3,2,6
2339,100,535940581088004036,0,50,50,369,1,8,5,23
2340,100,-823773917831899830,0,61,61,377,3,4,2,9
2341,100,263000078158060620,0,69,69,381,3,4,2,7
2342,100,2030167301640516090,0,88,88,388,4,7,4,17
2343,100,-6091973536781758829,0,53,53,376,3,3,2,7
2344,100,4432300127452672826,0,56,56,390,1,7,5,18
2345,100,-2283842934830770185,0,59,59,372,4,6,3,13
2346,100,-5043978990964782720,0,68,68,375,6,6,3,14
2347,100,-1755478004766130819,0,54,54,377,2,10,6,35
2348,100,5790815247628596574,0,39,39,374,6,4,3,9
2349,100,500947362541165317,0,54,54,367,2,4,2,11
2350,100,6238103976492492752,0,67,67,381,1,11,6,26
2351,100,1965358391980142015,0,56,56,371,1,4,1,15
2352,100,-3241937022589119531,0,38,38,371,4,6,2,9
2353,100,2222684330219377117,0,46,46,376,1,5,2,8
2354,100,8666260382930502976,0,87,87,375,5,3,1,6
2355,100,-4397236861152991350,0,37,37,391,3,5,1,13
2356,100,4513456684939153615,0,43,43,402,2,6,5,17
2357,100,1566111119818822426,0,80,80,369,1,3,1,7
2358,100,4190561603430707580,0,47,47,356,2,7,4,20
2359,100,9192541574680595586,0,64,64,379,1,4,2,13
2360,100,8811903003224909587,0,70,70,379,7,3,1,6
2361,100,2627625319530361353,0,58,58,364,2,7,5,19
2362,100,-355241477451011580,0,42,42,358,4,12,10,34
2363,100,784253722891899455,0,70,70,395,3,4,2,8
2364,100,-7112600370732185478,0,74,74,376,5,4,2,8
2365,100,659517475677905198,0,72,72,371,2,6,3,13
2366,100,-8776517506992324437,0,63,63,373,1,8,6,25
2367,100,-3185345151302726449,0,56,56,385,4,6,2,15
2368,100,6724801932439301233,0,72,72,362,2,3,1,7
2369,100,1545906996217128127,0,64,64,375,2,5,2,14
2370,100,8289181640218874393,0,67,67,385,4,3,1,6
2371,100,-625163020812744398,0,81,81,360,8,2,2,4
2372,100,-6763069255492522373,0,88,88,379,1,7,4,17
2373,100,3444236633687921959,0,65,65,370,3,5,3,13
2374,100,-7724869865762894774,0,79,79,374,1,6,4,14
2375,100,-8023821621835368483,0,90,90,388,1,7,4,16
2376,100,3978436489423862957,0,59,59,364,2,7,5,17
2377,100,3359556508777607557,0,70,70,375,5,5,4,12
2378,100,8341839259574322446,0,71,71,381,1,5,2,13
2379,100,-1855339869432731848,0,39,39,379,4,3,2,7
2380,100,-7367843116657371599,0,38,38,391,1,5,2,12
2381,100,356044210674549291,0,43,43,380,3,8,5,22
2382,100,-783452395506720633,0,68,68,357,3,4,1,14
2383,100,-3553363325209063904,0,84,84,360,5,4,3,7
2384,100,8067376811407169987,0,67,67,373,1,3,1,7
2385,100,1139406194194516767,0,59,59,379,7,5,3,11
2386,100,-8633183758081439827,0,47,47,362,2,6,4,19
2387,100,-4353135944968493467,0,67,67,387,1,5,3,20
2388,100,5505946012273730615,0,76,76,388,5,3,2,8
2389,100,8397547066976964253,0,50,50,383,4,5,2,13
2390,100,7649643320667811533,0,68,68,376,1,12,8,25
2391,100,9074297261174216525,0,60,60,384,3,2,1,5
2392,100,-78405662392647951,0,64,64,369,5,3,3,8
2393,100,-1754358375385505902,0,74,74,374,9,3,3,5
2394,100,-3184259975379194874,0,77,77,393,1,3,2,6
2395,100,-6722262163715411952,0,62,62,384,3,5,4,14
2396,100,-2718097701706998165,0,83,83,378,3,4,2,9
2397,100,7278987747570598947,0,74,74,382,3,2,1,6
2398,100,3365166014206811595,0,56,56,385,2,7,5,18
2399,100,-325823119089192359,0,73,73,378,3,4,1,14
2400,100,348647677927452850,0,71,71,365,4,5,3,9
2401,100,6456714280626448420,0,65,65,392,5,7,4,17
2402,100,-4479479731198877340,0,70,70,371,2,3,1,4
2403,100,-975846497415041845,0,66,66,366,1,2,1,3
2404,100,2279747878140967914,0,73,73,373,2,6,3,15
2405,100,9208997394227421090,0,41,41,374,2,3,1,6
2406,100,-6927810050709415572,0,74,74,381,4,3,2,11
2407,100,-8203801778794846854,0,84,84,387,1,7,3,11
2408,100,5665439585187761350,0,43,43,383,1,7,5,18
2409,100,3981314678390651226,0,83,83,373,4,3,2,4
2410,100,231686035926795348,0,72,72,369,6,5,4,12
2411,100,-817473960204839826,0,79,79,370,2,4,2,9
2412,100,-987081459975211760,0,64,64,381,1,6,3,12
2413,100,8188162949509603647,0,83,83,365,8,2,1,4
2414,100,-5845023335651237153,0,65,65,391,1,6,3,12
2415,100,-7844087605078692316,0,39,39,381,1,7,4,13
2416,100,3576237981357480487,0,79,79,382,4,2,1,4
2417,100,7340484319023272696,0,65,65,362,2,4,2,12
2418,100,6669380497989037732,0,72,72,392,4,4,2,11
2419,100,7072438570576903692,0,55,55,377,1,2,1,8
2420,100,-3951417684307651716,0,90,90,391,2,6,3,11
2421,100,1991818167433534559,0,68,68,364,2,8,5,17
2422,100,-4941514219401387888,0,61,61,367,4,3,1,7
2423,100,7183978541754814732,0,71,71,381,2,7,3,15
2424,100,8264178880631118100,0,70,70,366,1,3,1,8
2425,100,-8556482628134162429,0,62,62,401,6,3,2,7
2426,100,355057642835298145,0,86,86,382,1,5,2,12
2427,100,7231853294383591419,0,76,76,371,1,4,3,13
2428,100,-6998019280922623479,0,69,69,373,2,6,3,8
2429,100,7938993138671847335,0,68,68,365,2,6,3,10
2430,100,-5250785967318569428,0,50,50,370,2,4,2,9
2431,100,4380652259545098791,0,60,60,377,3,6,2,16
2432,100,2934922914991969033,0,67,67,369,2,4,3,8
2433,100,5535543167422600897,0,57,57,386,1,7,4,25
2434,100,-7597549405096619305,0,77,77,366,5,5,3,15
2435,100,5574140311649972176,0,79,79,366,1,3,2,8
2436,100,2357512425329614037,0,62,62,386,2,3,1,8
2437,100,-1843857311704904452,0,61,61,376,1,6,3,11
2438,100,-5497945494179304289,0,52,52,376,4,3,2,6
2439,100,-5632130021838963542,0,67,67,387,2,4,2,10
2440,100,-3742527731330127165,0,52,52,386,3,5,2,16
2441,100,7202883600442697910,0,66,66,384,1,4,1,7
2442,100,-3282165433750830444,0,73,73,385,5,3,2,6
2443,100,-5229526961846824353,0,49,49,382,4,4,2,7
2444,100,8826015993432490301,0,66,66,376,3,4,1,10
2445,100,-1749390396964284030,0,50,50,372,2,5,2,15
2446,100,4342994966551138840,0,75,75,363,2,7,4,13
2447,100,8314832700384019211,0,62,62,378,4,5,3,15
2448,100,-2069528516510536640,0,65,65,365,6,4,3,11
2449,100,-7301622553258085720,0,78,78,371,2,2,1,6
2450,100,-5201497603750378140,0,65,65,394,5,7,5,11
2451,100,-779037978030617666,0,74,74,355,3,3,2,11
2452,100,5813811403009727966,0,59,59,365,3,4,3,12
2453,100,7624654125463776672,0,53,53,394,2,3,1,7
2454,100,1961951626062592515,0,65,65,377,3,5,2,13
2455,100,8279095538403032830,0,63,63,386,4,4,3,6
2456,100,-84837582693147460,0,48,48,361,2,4,2,6
2457,100,-8110374183762215781,0,60,60,366,4,5,2,13
2458,100,-5729711348640786603,0,66,66,366,1,2,1,3
2459,100,-345296036857888958,0,70,70,372,1,11,8,28
2460,100,-5063671175812709739,0,78,78,388,2,3,2,9
2461,100,-5431622490804048646,0,68,68,377,5,5,3,13
2462,100,7882649609282974990,0,66,66,366,2,9,5,21
2463,100,-6022215432469411464,0,74,74,381,3,8,6,16
2464,100,-852382267542091083,0,49,49,380,5,5,3,13
2465,100,-1193111141633369644,0,75,75,390,5,4,2,11
2466,100,-3231240925028511308,0,94,94,377,3,4,1,10
2467,100,3179210052957179775,0,58,58,384,2,6,3,15
2468,100,5141536173235744894,0,72,72,368,1,6,4,16
2469,100,2520624710274559605,0,60,60,377,1,3,1,8
2470,100,2566289550217451812,0,27,27,387,3,9,6,22
2471,100,2266182004145267374,0,91,91,368,3,3,1,6
2472,100,-8525901372133057049,0,60,60,388,3,4,2,12
2473,100,5612770138200701145,0,67,67,357,1,5,3,11
2474,100,8975017604619696909,0,83,83,377,3,3,1,5
2475,100,-5744213805715755444,0,67,67,392,3,4,2,12
2476,100,8152621881101838839,0,77,77,380,6,3,1,14
2477,100,2670267597550193717,0,53,53,365,4,5,3,12
2478,100,6033236296951189875,0,47,47,385,7,3,1,10
2479,100,-4639487884415942123,0,62,62,385,2,4,2,12
2480,100,292277205666522959,0,72,72,398,3,6,5,10
2481,100,-1167137895754484881,0,50,50,375,1,6,2,9
2482,100,-4578903915296401618,0,91,91,373,4,10,7,15
2483,100,4751213167297703100,0,81,81,372,7,2,1,7
2484,100,-1067298881552104802,0,64,64,383,2,4,2,10
2485,100,-321072575802543199,0,84,84,370,4,5,2,13
2486,100,-437391056768487832,0,72,72,385,4,6,4,18
2487,100,7388327656025646691,0,77,77,372,2,4,2,14
2488,100,5078565046105403690,0,83,83,365,1,7,5,14
2489,100,2659140732395101850,0,62,62,377,3,10,8,23
2490,100,8332971235101931299,0,76,76,384,5,7,5,18
2491,100,-7574560996053644508,0,66,66,379,6,3,1,12
2492,100,-2022834379383247026,0,94,94,395,2,7,4,19
2493,100,-1972577941881211556,0,54,54,368,1,5,2,10
2494,100,830636083789968817,0,42,42,380,5,6,3,11
2495,100,1124378960724338060,0,61,61,380,3,4,2,13
2496,100,8528356976609332982,0,60,60,391,3,4,1,11
2497,100,495166534054353567,0,64,64,367,1,8,5,15
2498,100,-3478823501440841414,0,85,85,378,5,5,4,19
2499,100,-3410067277789755110,0,50,50,386,1,6,3,16
2500,100,-4894599782819490268,0,56,56,376,2,7,5,17
2501,100,-5497768772667370163,0,62,62,355,2,3,1,12
2502,100,-282228308248579527,0,62,62,392,1,4,1,7
2503,100,-1813821662546985787,0,73,73,381,2,4,2,7
2504,100,6032339248466341231,0,40,40,367,1,5,3,14
2505,100,-5201051142971677948,0,78,78,377,2,5,3,14
2506,100,-1020972868362376961,0,58,58,376,1,5,3,16
2507,100,-7181377572105505421,0,85,85,382,6,3,2,7
2508,100,6609227895872986751,0,83,83,394,1,7,4,14
2509,100,929262860708780695,0,57,57,391,4,3,2,5
2510,100,1581831207915095087,0,50,50,370,6,3,2,10
2511,100,-889253865239175037,0,69,69,360,2,6,3,12
2512,100,-5241421274778934638,0,74,74,370,4,7,4,16
2513,100,8722414455691615885,0,56,56,368,5,1,1,1
2514,100,-5385874744213278912,0,71,71,378,3,4,2,9
2515,100,-1543584576542147004,0,63,63,370,6,5,4,13
2516,100,-2047982500947296006,0,77,77,368,1,6,3,14
2517,100,-4806575209184403551,0,72,72,374,6,4,2,15
2518,100,5130979725809250559,0,68,68,369,2,5,4,12
2519,100,7555706090022882427,0,79,79,386,3,3,1,8
2520,100,-1798900905482568291,0,76,76,369,2,2,1,5
2521,100,3678804161636839232,0,69,69,355,2,4,2,6
2522,100,-6130673209284640246,0,76,76,381,4,4,2,12
2523,100,7604547857225220321,0,61,61,383,1,10,6,19
2524,100,673140433865545588,0,63,63,380,1,8,5,22
2525,100,-1657902436329496050,0,82,82,368,4,3,2,8
2526,100,4896507272280437589,0,58,58,366,2,6,2,16
2527,100,-2135762332393008221,0,62,62,378,1,6,4,13
2528,100,-5566384255392442612,0,80,80,389,1,3,2,6
2529,100,5175656582470861409,0,71,71,380,5,2,1,6
2530,100,3370346387448341673,0,52,52,377,4,7,5,11
2531,100,2956484372781488609,0,58,58,362,1,6,5,20
2532,100,447641817635482888,0,76,76,384,2,4,2,13
2533,100,566944057209213636,0,58,58,376,1,9,6,19
2534,100,2236547666132896544,0,44,44,384,5,5,3,12
2535,100,1886472435165573167,0,74,74,385,2,8,5,25
2536,100,-8593075624682725220,0,71,71,371,5,6,5,11
2537,100,-4007039017834405770,0,78,78,387,4,6,4,9
2538,100,-2589047464649013333,0,42,42,359,4,9,7,21
2539,100,1321868826564097302,0,76,76,372,3,4,1,11
2540,100,7966160846507445780,0,70,70,353,9,2,2,10
2541,100,-1574244236927834647,0,83,83,366,2,4,2,7
2542,100,-5033160578220094068,0,59,59,385,2,4,3,7
2543,100,-2500482461775703148,0,72,72,366,9,4,4,10
2544,100,-821965553103112885,0,70,70,378,5,6,4,17
2545,100,7394718864255892803,0,58,58,362,2,3,2,9
2546,100,-2195097265130497828,0,65,65,390,4,5,3,13
2547,100,2053992998783507864,0,70,70,382,1,5,2,17
2548,100,-8957941959672932300,0,57,57,375,8,2,2,4
2549,100,4449352070097085152,0,59,59,373,1,4,1,13
2550,100,-5886710460662221562,0,53,53,374,1,8,5,24
2551,100,5302994253182400135,0,63,63,369,1,4,2,9
2552,100,4058961942923733333,0,65,65,379,1,4,2,7
2553,100,-4876387540421441587,0,59,59,370,1,8,5,17
2554,100,-689426586437119158,0,87,87,361,2,4,2,17
2555,100,7355841159661751738,0,66,66,379,2,5,3,10
2556,100,-3399563984490575289,0,84,84,367,6,4,3,14
2557,100,5570699293830394959,0,49,49,371,2,4,2,13
2558,100,-8234421555476909765,0,62,62,370,5,4,2,12
2559,100,-7078073642059355907,0,86,86,367,4,4,3,11
2560,100,-1055450162240267720,0,78,78,365,5,5,3,17
2561,100,-4569376061369320869,0,59,59,368,3,7,4,21
2562,100,-1045240902737424574,0,37,37,375,1,5,2,18
2563,100,-7096450437505302766,0,69,69,378,2,6,3,16
2564,100,2605430746473419880,0,71,71,383,8,5,4,12
2565,100,-1000945207337142245,0,70,70,369,4,3,2,7
2566,100,-6909828910279559400,0,56,56,384,2,6,3,15
2567,100,2617238343569105452,0,52,52,374,1,5,3,9
2568,100,-436838056441987409,0,79,79,382,1,6,4,9
2569,100,-8908021052667581841,0,74,74,371,1,6,3,21
2570,100,4812176025955177040,0,59,59,360,1,4,2,10
2571,100,6985710700105939573,0,73,73,378,2,5,2,9
2572,100,3824528751386535926,0,10,10,372,1,5,4,9
2573,100,-1034045431823167639,0,88,88,375,1,3,1,4
2574,100,8811856457063829707,0,70,70,386,6,6,4,19
2575,100,178605751436103816,0,59,59,375,6,3,1,6
2576,100,-547473777149004103,0,70,70,367,1,5,2,14
2577,100,-8111369747739698992,0,71,71,370,1,4,2,11
2578,100,-3357388414126219455,0,59,59,378,6,3,2,8
2579,100,9119572290902239223,0,83,83,384,7,5,3,12
2580,100,-8609876403188463732,0,85,85,359,7,2,2,2
2581,100,4615269229830680222,0,76,76,364,1,3,2,10
2582,100,1318343972164545983,0,71,71,382,2,4,2,9
2583,100,-849501742870746682,0,82,82,359,5,4,2,8
2584,100,5542130070046530451,0,73,73,368,3,5,2,15
2585,100,8531700142902149506,0,76,76,371,2,6,3,13
2586,100,-133212039241726429,0,70,70,373,2,5,3,15
2587,100,4500814447370919662,0,85,85,361,3,5,3,14
2588,100,7239045830575462152,0,43,43,371,9,5,5,13
2589,100,-2291784670533358241,0,52,52,370,1,4,2,13
2590,100,3515060352803353250,0,43,43,368,4,2,1,5
2591,100,4483017984896203483,0,63,63,376,3,3,2,8
2592,100,5687351120055340984,0,60,60,365,2,6,3,10
2593,100,-8989388344437330997,0,49,49,371,5,3,1,6
2594,100,-3748163709355543485,0,64,64,386,9,1,1,3
2595,100,2237606543424566767,0,54,54,379,1,4,1,7
2596,100,-2046115847797757050,0,87,87,379,3,7,4,13
2597,100,6532407192318629521,0,86,86,370,2,8,4,14
2598,100,6979677805727091042,0,62,62,386,3,4,2,6
2599,100,6840352351806650365,0,77,77,386,1,9,4,25
2600,100,813354276007399143,0,54,54,376,3,6,2,14
2601,100,-8580234456775443921,0,64,64,359,3,4,2,10
2602,100,8031518452120388654,0,84,84,374,1,5,3,17
2603,100,-5985882128740887858,0,87,87,390,2,8,4,16
2604,100,8798341159259609957,0,64,64,367,5,6,3,19
2605,100,314559005881366617,0,53,53,379,7,4,4,10
2606,100,-4659158241094110934,0,72,72,382,2,6,2,12
2607,100,5156929629620358303,0,75,75,380,2,7,3,16
2608,100,-869201514046521827,0,61,61,389,1,6,3,16
2609,100,4274566606051506804,0,77,77,364,2,3,1,8
2610,100,-4178255473761448528,0,77,77,369,4,3,1,6
2611,100,6866389698410412705,0,74,74,369,3,5,3,13
2612,100,8971955886373604928,0,46,46,368,2,3,1,3
2613,100,-8209312379563199460,0,50,50,377,2,3,1,10
2614,100,5355162169856773737,0,72,72,378,4,5,3,13
2615,100,2749563430456847224,0,66,66,381,3,5,3,11
2616,100,3624291647448759189,0,66,66,367,2,8,5,18
2617,100,-6596298708820478562,0,77,77,397,7,4,3,12
2618,100,8513615295183615446,0,62,62,384,2,3,1,8
2619,100,-6782742948711308867,0,76,76,379,2,3,1,7
2620,100,8780272909276302581,0,67,67,399,1,4,2,9
2621,100,-7670410551286165890,0,74,74,388,1,6,3,18
2622,100,-7912245873332487477,0,68,68,387,4,6,3,14
2623,100,692534512147684988,0,26,26,387,1,4,1,9
2624,100,-8267270383880524082,0,86,86,374,1,2,1,7
2625,100,-8073044033360592909,0,59,59,368,4,4,2,7
2626,100,-5079762943603589394,0,58,58,374,1,6,4,16
2627,100,8458225444253629367,0,68,68,369,1,3,2,7
2628,100,8776835249341305249,0,57,57,372,4,4,3,11
2629,100,3572629009235541862,0,73,73,346,2,3,2,10
2630,100,-1363681604522142404,0,69,69,384,3,2,1,5
2631,100,-1672499699221522720,0,58,58,372,5,2,2,8
2632,100,1432805932165683333,0,55,55,365,2,7,3,18
2633,100,418854561649068279,0,74,74,386,2,3,1,10
2634,100,1284071201244715141,0,73,73,376,4,4,1,7
2635,100,5726505150482500451,0,63,63,370,4,6,4,16
2636,100,8074595060816107425,0,53,53,383,4,4,3,12
2637,100,-5643110130491145736,0,64,64,365,4,2,1,4
2638,100,-8247694119754673685,0,79,79,371,2,4,1,9
2639,100,-3054935582115349222,0,68,68,368,3,4,2,9
2640,100,-173192965264153931,0,77,77,386,2,5,2,14
2641,100,3265890755390106480,0,58,58,386,8,3,2,9
2642,100,7623741158133247847,0,76,76,371,3,6,4,19
2643,100,2536385430574379735,0,87,87,374,5,6,4,10
2644,100,8488117009008077714,0,65,65,384,3,4,1,12
2645,100,767865188275725465,0,74,74,382,1,4,2,9
2646,100,2149737169162062404,0,79,79,381,3,4,3,11
2647,100,7286524630935404766,0,50,50,379,3,6,4,12
2648,100,8157488961775497373,0,92,92,372,1,4,2,8
2649,100,3561702113190509922,0,92,92,368,2,3,1,8
2650,100,7123222764668157346,0,87,87,387,1,4,3,15
2651,100,-4969988481255947417,0,89,89,372,4,2,1,4
2652,100,-7326876761492620463,0,61,61,360,6,5,3,16
2653,100,-6282538506590070547,0,63,63,371,1,2,1,6
2654,100,-4581174486060086028,0,56,56,369,1,4,2,9
2655,100,-7660972758445889248,0,53,53,393,3,4,2,11
2656,100,2553825702376795834,0,69,69,375,4,3,2,10
2657,100,-57036273329594350,0,91,91,383,2,4,3,14
2658,100,-3405917760813524350,0,83,83,378,2,5,2,9
2659,100,-3651506734939599446,0,68,68,381,2,6,4,14
2660,100,6615567675930895866,0,51,51,386,1,5,1,8
2661,100,-6841741709482540069,0,68,68,371,2,8,6,19
2662,100,-7568862198073283096,0,74,74,388,1,3,1,8
2663,100,-4896308741383511016,0,56,56,383,1,7,5,15
2664,100,-133179065194650937,0,86,86,367,3,3,2,8
2665,100,-598838402705059834,0,69,69,382,1,5,1,8
2666,100,-6625030057580393835,0,67,67,379,1,4,2,10
2667,100,8386893985084698995,0,61,61,381,6,3,2,9
2668,100,1818767235551136747,0,77,77,398,2,6,3,15
2669,100,8766192749844745606,0,63,63,373,2,3,2,7
2670,100,3504022486664549965,0,63,63,375,1,7,4,18
2671,100,4651676939085928248,0,68,68,370,1,7,4,21
2672,100,4696497958794705859,0,56,56,377,2,6,3,10
2673,100,-1303604709825956606,0,60,60,389,2,3,1,8
2674,100,-4269920971891732568,0,76,76,384,6,5,4,11
2675,100,-937248884595855913,0,50,50,375,1,14,9,30
2676,100,1039263440975879873,0,50,50,371,2,4,2,13
2677,100,278079093705814357,0,61,61,363,1,3,1,8
2678,100,-9160238142847429487,0,67,67,359,1,3,2,11
2679,100,3838574802645184310,0,84,84,384,4,10,8,24
2680,100,-3615041394001796630,0,50,50,383,2,5,3,17
2681,100,738254019201069580,0,73,73,377,5,5,2,18
2682,100,-7112594831304558393,0,84,84,384,3,4,2,12
2683,100,-1267045434969788115,0,56,56,385,1,5,1,9
2684,100,-6111102970278874791,0,62,62,375,3,4,2,11
2685,100,-58174002362167829,0,64,64,376,1,6,3,12
2686,100,4579615849524210783,0,72,72,379,1,4,2,7
2687,100,1023134652965613576,0,42,42,376,2,4,2,6
2688,100,-8211864614737754438,0,74,74,378,2,3,1,5
2689,100,7783287725077362024,0,25,25,368,7,5,3,11
2690,100,6342120723635597888,0,70,70,374,2,5,3,14
2691,100,-8716363272990316280,0,66,66,370,4,3,1,10
2692,100,6249932512454002640,0,78,78,378,1,7,3,16
2693,100,9193323479591449902,0,55,55,383,4,4,1,7
2694,100,-3211431994139367771,0,73,73,380,1,6,5,11
2695,100,321992794877281506,0,66,66,375,3,5,3,11
2696,100,2889618250076632303,0,58,58,378,3,5,3,12
2697,100,-6749486927046375268,0,66,66,372,1,5,2,10
2698,100,1088110418266117535,0,70,70,377,2,6,4,13
2699,100,-547566879561035202,0,70,70,388,1,12,8,36
2700,100,-1148239641651173502,0,73,73,389,2,4,3,10
2701,100,5708675233319173188,0,64,64,354,6,4,3,12
2702,100,2889890943249605009,0,67,67,383,2,6,3,21
2703,100,-1329049857893494727,0,48,48,384,4,6,4,16
2704,100,8079528501397069958,0,52,52,384,3,4,3,5
2705,100,6142032677963260012,0,77,77,392,2,6,2,11
2706,100,8114491421867309490,0,60,60,383,6,4,2,10
2707,100,-6209092477587453724,0,69,69,382,3,5,2,16
2708,100,-7160846524052543731,0,70,70,377,5,6,2,16
2709,100,-4236230780422534256,0,65,65,371,2,5,4,12
2710,100,1174529101584392334,0,79,79,396,2,7,5,19
2711,100,-8105424555458462782,0,51,51,386,1,3,1,6
2712,100,5192866244781651645,0,65,65,386,3,7,4,17
2713,100,-5181534012025082658,0,62,62,365,6,4,3,10
2714,100,-7541112407102520698,0,79,79,371,5,3,2,7
2715,100,-2843615552615573426,0,39,39,388,1,6,2,15
2716,100,-5329742539729322417,0,77,77,386,5,3,1,6
2717,100,-3895367263711252808,0,78,78,375,4,3,1,7
2718,100,1553835728566541387,0,56,56,369,3,3,2,4
2719,100,-4955661901068302221,0,57,57,361,4,8,6,21
2720,100,-2347485121539805680,0,65,65,372,2,4,3,14
2721,100,-7045012028674102986,0,83,83,384,2,4,2,5
2722,100,1845093564717150567,0,61,61,364,1,6,3,21
2723,100,4917610730046573330,0,76,76,379,4,3,2,9
2724,100,-1729545334536825246,0,11,11,388,2,5,2,15
2725,100,164401077854971041,0,73,73,368,5,4,1,8
2726,100,-3001316983557090636,0,74,74,393,2,7,3,13
2727,100,-5356559586934497665,0,69,69,360,3,3,1,6
2728,100,-8965298985554094532,0,75,75,388,8,2,1,4
2729,100,5396629028752321529,0,55,55,379,2,4,2,11
2730,100,-8153682033575840542,0,62,62,379,2,4,2,10
2731,100,-8693603282512200956,0,76,76,377,1,8,4,20
2732,100,-3508208926667908698,0,62,62,372,1,7,3,20
2733,100,6521158978435215217,0,73,73,375,4,10,9,18
2734,100,6015461078351025910,0,62,62,354,4,3,2,9
2735,100,-5104121523858694819,0,85,85,376,2,3,2,9
2736,100,8199417998116481087,0,36,36,381,2,5,2,8
2737,100,6154331461135021805,0,61,61,375,2,5,1,12
2738,100,952221942658332869,0,63,63,385,5,8,6,15
2739,100,257912348520358203,0,59,59,373,6,2,1,3
2740,100,-6120427071749209161,0,57,57,378,1,7,5,19
2741,100,7635159209031148683,0,86,86,387,5,9,7,16
2742,100,-3600690593733959299,0,62,62,391,2,4,1,9
2743,100,-7512446845644330047,0,62,62,365,3,3,2,7
2744,100,6612798540607182421,0,61,61,374,4,2,1,4
2745,100,4226342272025364247,0,65,65,374,1,5,3,7
2746,100,6917337942442047005,0,66,66,372,6,4,3,16
2747,100,-8347393806130010614,0,72,72,386,1,5,3,14
2748,100,-1087317855114677903,0,49,49,361,1,7,6,20
2749,100,7536305514255318165,0,69,69,376,3,6,3,14
2750,100,1625444729184608248,0,74,74,384,2,2,1,4
2751,100,-4079899796228569183,0,82,82,370,3,7,4,15
2752,100,-8071522084177552389,0,66,66,377,6,4,2,9
2753,100,8413999394175984827,0,65,65,379,2,4,2,8
2754,100,-581495450844986569,0,79,79,376,1,4,3,14
2755,100,3928116993995452679,0,77,77,377,7,4,3,10
2756,100,-3057410308509011725,0,62,62,378,1,5,2,11
2757,100,-5829479645841939596,0,82,82,376,5,1,1,2
2758,100,7981372115271238995,0,73,73,376,9,2,2,4
2759,100,7015609288906610224,0,28,28,385,1,6,4,22
2760,100,-682623703593054738,0,52,52,389,1,5,3,8
2761,100,3613815696179721054,0,59,59,370,2,6,4,15
2762,100,-2996100233121487969,0,83,83,364,7,3,2,8
2763,100,-397131445826832122,0,70,70,384,1,5,3,12
2764,100,1901452238927597976,0,93,93,375,5,4,2,6
2765,100,-360511072816330675,0,77,77,371,6,5,3,18
2766,100,6811191497428490684,0,62,62,380,5,3,2,8
2767,100,-2477447370309798939,0,59,59,387,3,2,1,4
2768,100,6028640782735551020,0,76,76,379,6,6,5,10
2769,100,339218807728390598,0,69,69,391,2,6,4,13
2770,100,-817641572652361694,0,76,76,376,1,6,2,14
2771,100,796577732919268381,0,79,79,384,1,4,2,8
2772,100,-5686541351928089602,0,54,54,370,3,7,5,14
2773,100,-1201668797116338811,0,54,54,363,3,5,3,14
2774,100,2112343418903071390,0,74,74,380,5,4,3,7
2775,100,-7848094145791343500,0,74,74,377,1,5,3,13
2776,100,-9149874119862622222,0,71,71,375,3,4,2,12
2777,100,2476062001414085111,0,79,79,369,3,6,3,14
2778,100,-1759446293235274034,0,71,71,368,1,7,4,14
2779,100,1193202821694572449,0,81,81,366,8,4,3,13
2780,100,477136150030014977,0,83,83,385,1,3,1,8
2781,100,-8416749662490265408,0,67,67,386,4,3,2,10
2782,100,8144496730315553447,0,80,80,393,5,5,3,10
2783,100,5049248514984477394,0,36,36,366,2,7,3,19
2784,100,-8186403901458757701,0,80,80,381,4,2,1,4
2785,100,1142124467675140407,0,38,38,372,6,4,2,13
2786,100,-4480131765413883152,0,83,83,379,4,4,3,11
2787,100,-5946226950251718617,0,66,66,384,2,7,4,17
2788,100,448946297683687104,0,62,62,373,1,6,3,15
2789,100,-8136406967432117531,0,64,64,367,5,3,3,5
2790,100,2534990582495171012,0,71,71,380,3,6,3,13
2791,100,5595431291025248564,0,39,39,375,1,10,5,23
2792,100,-345224010421148858,0,65,65,380,1,3,2,13
2793,100,-3547959296540764150,0,69,69,379,7,3,2,8
2794,100,8389954172731743508,0,70,70,375,1,4,1,13
2795,100,-670375965475759741,0,90,90,364,8,4,3,12
2796,100,2706228945533402775,0,89,89,368,3,5,4,10
2797,100,712581151405172760,0,73,73,375,4,9,7,15
2798,100,7891114186160114979,0,74,74,373,3,7,5,11
2799,100,1806362505885174032,0,56,56,378,1,10,7,29
2800,100,8765405082584857999,0,46,46,383,5,4,3,12
2801,100,-1739447204458444234,0,44,44,389,1,6,2,14
2802,100,3427435824291554056,0,78,78,358,2,4,2,8
2803,100,-4015005822836375861,0,47,47,393,2,7,3,20
2804,100,789940363184518946,0,68,68,362,3,8,5,18
2805,100,-8737572559014783042,0,89,89,388,2,7,2,17
2806,100,-74152443945758929,0,56,56,383,3,6,4,10
2807,100,2172759473688922906,0,81,81,372,1,6,2,16
2808,100,-1416181135406525740,0,58,58,375,5,4,3,12
2809,100,-1537846634032447809,0,63,63,390,1,6,4,13
2810,100,-8932200917019834408,0,85,85,365,4,2,1,5
2811,100,2291016348910971476,0,67,67,358,2,3,1,10
2812,100,-6992080829109827777,0,80,80,376,1,4,2,13
2813,100,-7738533390153112453,0,64,64,361,3,4,3,14
2814,100,8798159409368969111,0,68,68,381,3,4,2,9
2815,100,8774021516246110023,0,58,58,367,3,6,4,13
2816,100,-8082855496746981231,0,55,55,370,1,8,6,20
2817,100,4270593300778997738,0,83,83,391,4,5,3,11
2818,100,5101364342412135378,0,73,73,384,2,5,3,11
2819,100,-1937497097814016590,0,62,62,371,2,9,6,28
2820,100,-7363317007824812277,0,51,51,375,7,2,1,5
2821,100,-6872262548823239626,0,89,89,383,4,3,2,7
2822,100,-8229350950708999354,0,53,53,366,1,3,2,9
2823,100,-3802117155185281844,0,45,45,384,2,8,5,20
2824,100,-9188251420940165757,0,71,71,385,5,4,3,8
2825,100,5152485767276630845,0,58,58,383,6,3,2,7
2826,100,8590574632279694467,0,50,50,357,2,3,2,9
2827,100,-3836837314726630981,0,51,51,381,5,5,2,14
2828,100,-2435067221888659486,0,65,65,372,2,4,2,10
2829,100,6647692229151502354,0,31,31,387,2,6,4,16
2830,100,682952993528599659,0,83,83,379,1,6,4,13
2831,100,1429886200138732062,0,74,74,368,2,3,1,7
2832,100,1028629820323608999,0,77,77,394,2,4,1,7
2833,100,8955340711435327869,0,68,68,380,3,4,1,10
2834,100,-6241554472023513929,0,62,62,375,2,3,2,8
2835,100,3367508255044714116,0,62,62,376,1,5,4,8
2836,100,3614092155148242019,0,72,72,392,4,4,2,9
2837,100,2891097064377767030,0,55,55,358,5,4,2,15
2838,100,-8240597731974913422,0,50,50,368,3,4,3,10
2839,100,-6680197820586326797,0,88,88,370,1,5,2,10
2840,100,-8142745753557746117,0,56,56,384,1,7,4,14
2841,100,-7765854780576641363,0,74,74,358,7,3,1,5
2842,100,-5392612536696660868,0,67,67,383,1,8,6,17
2843,100,2661023277161331554,0,63,63,374,5,3,1,8
2844,100,2808942823041976425,0,66,66,389,5,3,2,4
2845,100,4373939178365763845,0,70,70,388,2,7,5,17
2846,100,-5059836119664770552,0,69,69,388,2,8,5,18
2847,100,6500544656303489598,0,58,58,372,1,4,2,15
2848,100,-6898846274564278853,0,62,62,372,2,3,1,8
2849,100,1773916445470892565,0,76,76,370,5,5,2,12
2850,100,-6106286186205652706,0,72,72,388,1,4,2,9
2851,100,1438125513642254057,0,78,78,383,2,5,1,12
2852,100,4716823000860672275,0,70,70,355,5,4,3,13
2853,100,-8523199346878224218,0,86,86,384,4,5,4,13
2854,100,-522275585304427238,0,49,49,395,2,6,3,12
2855,100,-3770849708749216202,0,41,41,372,1,5,1,14
2856,100,724716575914247141,0,46,46,376,1,3,1,3
2857,100,3281297359668895288,0,68,68,368,1,4,2,11
2858,100,5842739579048484139,0,70,70,367,2,6,4,15
2859,100,-8245037753104238865,0,62,62,365,5,6,4,14
2860,100,-5541666023368756036,0,77,77,361,5,1,1,2
2861,100,-8839137156198317700,0,66,66,379,8,2,1,5
2862,100,5510160282522718933,0,39,39,376,2,5,3,12
2863,100,482465010178360399,0,78,78,372,2,4,3,10
2864,100,-5548416304300100171,0,72,72,370,3,6,4,13
2865,100,167155235603560667,0,59,59,397,3,3,1,8
2866,100,-6588237135905560465,0,59,59,362,3,6,3,16
2867,100,5447154099362689160,0,34,34,384,5,3,2,9
2868,100,3858602253446066946,0,83,83,362,2,2,1,7
2869,100,7212373049318708462,0,62,62,364,5,2,1,5
2870,100,-5041949950100736090,0,73,73,380,4,6,4,8
2871,100,1213501231642834751,0,57,57,364,8,3,2,7
2872,100,6281867896738058600,0,57,57,369,2,4,2,13
2873,100,9169881126764897027,0,59,59,374,2,10,7,26
2874,100,2942926228220200952,0,84,84,376,4,7,4,18
2875,100,8812431660255127563,0,73,73,375,1,4,2,14
2876,100,-2795514583817884479,0,79,79,372,7,7,6,11
2877,100,8260413044658065311,0,80,80,382,4,3,2,8
2878,100,3978684347795092794,0,70,70,387,2,3,2,7
2879,100,6537504322968416505,0,79,79,380,1,4,2,11
2880,100,-960340273831352709,0,64,64,377,5,8,6,18
2881,100,689608509417838839,0,63,63,356,2,5,1,14
2882,100,-230818485129042413,0,49,49,388,2,10,7,18
2883,100,-5087650333173679861,0,69,69,379,7,3,2,7
2884,100,-2892185593553746920,0,74,74,377,1,5,3,16
2885,100,-8489689467839655563,0,65,65,388,3,3,2,7
2886,100,4207568647407014526,0,54,54,377,2,7,4,18
2887,100,-5215262829977777484,0,84,84,384,1,5,3,12
2888,100,1203499542483443116,0,74,74,380,2,5,3,13
2889,100,8548975833766801977,0,51,51,390,4,5,2,15
2890,100,-247087906260919732,0,73,73,382,4,2,1,2
2891,100,8969650966624226910,0,54,54,377,1,5,3,12
2892,100,-4857264479168095134,0,72,72,377,5,3,2,7
2893,100,-2827232293197529707,0,55,55,392,1,3,1,11
2894,100,5605175205327268768,0,74,74,376,3,4,3,11
2895,100,-6842023664657132316,0,58,58,370,2,4,2,12
2896,100,8100234022038669559,0,58,58,373,3,6,4,15
2897,100,-8681554868753206896,0,90,90,376,1,6,4,14
2898,100,7990552138282350961,0,65,65,385,1,6,3,13
2899,100,-5476508693187857896,0,69,69,391,2,6,3,11
2900,100,8193640620099430973,0,41,41,382,3,9,5,21
2901,100,8520699598768065124,0,76,76,375,2,4,3,4
2902,100,5128591307472044555,0,81,81,369,2,3,1,5
2903,100,-3504667059175332034,0,63,63,370,2,4,2,12
2904,100,-5742155405261868134,0,74,74,388,4,5,3,14
2905,100,-8813433296058198783,0,47,47,365,4,6,4,8
2906,100,-48752492380134002,0,83,83,375,2,4,2,10
2907,100,-1747535747622183537,0,67,67,385,2,6,2,13
2908,100,425817579638555526,0,72,72,370,4,5,3,16
2909,100,9158854129857696136,0,58,58,360,3,3,2,6
2910,100,355207190058912878,0,74,74,389,8,3,2,5
2911,100,8099763732836888760,0,61,61,369,2,4,1,9
2912,100,-1057104298006711791,0,58,58,382,1,6,3,12
2913,100,-2730866641244772912,0,90,90,387,3,6,4,16
2914,100,461848024031108593,0,65,65,384,3,10,6,21
2915,100,3161710812191983960,0,67,67,378,2,8,5,18
2916,100,4145193407652966234,0,81,81,379,4,6,3,9
2917,100,-5912374136787279900,0,69,69,378,3,6,4,19
2918,100,-3350631980720863564,0,89,89,374,2,4,2,10
2919,100,-8853766144344586363,0,56,56,373,2,6,4,8
2920,100,-6734480160761564647,0,64,64,372,3,5,3,15
2921,100,-5225990034912933758,0,72,72,373,3,5,2,13
2922,100,6967557755262045991,0,71,71,387,2,3,1,5
2923,100,-7392342579231998648,0,50,50,385,2,3,1,6
2924,100,2661977299602781718,0,53,53,380,4,5,3,12
2925,100,-5991421415364524642,0,80,80,368,2,5,2,10
2926,100,-3585167568318479860,0,41,41,383,2,7,4,16
2927,100,3404524773558843676,0,66,66,371,1,4,1,13
2928,100,-1836950677552575825,0,74,74,383,1,4,1,8
2929,100,3520579398430346461,0,72,72,384,2,3,1,8
2930,100,6171345830306816764,0,48,48,378,1,8,4,20
2931,100,3695384762889461875,0,60,60,384,2,11,6,29
2932,100,-8565075520620220074,0,76,76,387,5,5,3,12
2933,100,-7536562966885030373,0,76,76,377,3,3,1,6
2934,100,481054415873848546,0,29,29,373,2,12,8,34
2935,100,-582628428198094287,0,77,77,364,4,4,3,12
2936,100,4847887133726247953,0,68,68,358,3,4,1,10
2937,100,6158152328938143205,0,49,49,356,4,6,4,19
2938,100,5725513160386629757,0,58,58,361,5,1,1,1
2939,100,6982292010683746607,0,47,47,384,3,5,3,12
2940,100,-7251415002901980167,0,74,74,380,1,6,3,16
2941,100,7391619725698467840,0,47,47,378,5,4,2,7
2942,100,942758959901608675,0,77,77,388,1,6,4,18
2943,100,6370408892744505017,0,55,55,376,1,7,4,14
2944,100,-8213341959909978181,0,49,49,386,4,2,1,5
2945,100,3080767570091241952,0,50,50,373,2,3,1,10
2946,100,7260496258780130297,0,55,55,371,1,9,5,21
2947,100,7435729458190748944,0,76,76,363,5,6,4,15
2948,100,6701772436444045850,0,68,68,389,7,2,2,6
2949,100,4560516408935310641,0,56,56,373,4,2,1,7
2950,100,4724200245257598203,0,65,65,383,6,7,5,16
2951,100,996285031361217001,0,78,78,374,2,6,3,11
2952,100,4847974018290960491,0,76,76,382,1,6,3,12
2953,100,-7074361845068129710,0,69,69,354,2,3,1,9
2954,100,-778371814324668678,0,69,69,375,1,3,2,10
2955,100,-8559292550708932371,0,67,67,381,2,9,5,27
2956,100,-3422361843257298665,0,58,58,378,2,7,4,12
2957,100,-2536069618485904683,0,72,72,378,2,7,5,19
2958,100,2623968719254927705,0,33,33,364,3,7,3,8
2959,100,58610747621189175,0,65,65,374,1,10,8,24
2960,100,-4833327205017136612,0,53,53,377,5,4,3,9
2961,100,-4251166656330771455,0,67,67,368,2,5,2,16
2962,100,-2743969819407323056,0,66,66,383,3,5,3,12
2963,100,-5098482081900259111,0,59,59,373,1,4,2,15
2964,100,-7169321638486718579,0,53,53,386,2,3,2,11
2965,100,-8080482874517284528,0,68,68,388,2,5,3,12
2966,100,6122083980168856425,0,70,70,388,4,3,1,6
2967,100,-3870620508926306985,0,55,55,370,1,5,1,12
2968,100,-672210002083757554,0,38,38,368,5,2,1,6
2969,100,775799952293558001,0,65,65,370,2,5,2,8
2970,100,-1517202776833481722,0,64,64,377,2,6,3,15
2971,100,243724818774923306,0,66,66,381,5,2,1,6
2972,100,-1290682102069885608,0,55,55,375,3,4,2,10
2973,100,-8389940939742677945,0,35,35,380,1,10,5,24
2974,100,2141635602583630809,0,67,67,376,3,7,4,17
2975,100,2174480623672670270,0,72,72,365,1,4,1,8
2976,100,-3293385703444203845,0,65,65,383,2,3,1,4
2977,100,1937173568519497320,0,53,53,377,3,5,4,15
2978,100,-2707512528395142295,0,70,70,380,6,4,2,11
2979,100,1923964122762740084,0,63,63,389,1,7,4,13
2980,100,-6113044938086384745,0,64,64,375,2,3,2,5
2981,100,8723940932735759006,0,71,71,383,2,5,2,14
2982,100,-5836430890329526124,0,67,67,376,1,3,1,7
2983,100,-6541733095275356383,0,64,64,381,2,6,4,15
2984,100,897969872152881122,0,59,59,362,2,6,4,13
2985,100,-6135889093091041046,0,65,65,381,6,4,3,9
2986,100,-6427316842945032953,0,68,68,388,1,3,1,6
2987,100,-5629130277704968563,0,51,51,366,4,7,4,20
2988,100,5044644337652350117,0,75,75,389,3,5,3,10
2989,100,-8431611616468124036,0,76,76,384,1,5,2,11
2990,100,7556995177925883080,0,73,73,370,1,9,5,15
2991,100,1058425892365259125,0,69,69,379,3,3,1,8
2992,100,5995608813324662399,0,53,53,377,2,6,3,18
2993,100,8543245492704137276,0,72,72,386,2,5,3,9
2994,100,2655052345405484205,0,70,70,378,1,7,3,13
2995,100,-8619735001060689782,0,58,58,378,2,6,4,17
2996,100,-4400648783052461024,0,84,84,374,3,2,1,5
2997,100,-8530912189671156411,0,53,53,392,1,7,3,11
2998,100,-3060681517866442526,0,71,71,367,2,4,2,8
2999,100,7151535893170298352,0,73,73,386,1,3,1,6
3000,100,3390092359858797775,0,55,55,373,1,3,1,7
3001,100,741893782054082916,0,66,66,382,6,6,4,10
3002,100,7104051059200801639,0,68,68,391,7,2,2,6
3003,100,6132005235844822976,0,80,80,381,4,6,4,17
3004,100,-4533814143313129755,0,70,70,376,2,6,2,17
3005,100,-8008967908557564003,0,33,33,362,1,7,4,16
3006,100,3820538130640292496,0,67,67,369,4,5,3,17
3007,100,-2182351521093227898,0,42,42,373,1,11,7,27
3008,100,-5782679169374740912,0,74,74,365,1,7,4,25
3009,100,3668379218105068710,0,60,60,381,2,3,1,7
3010,100,-2006724119213705341,0,72,72,367,7,3,3,13
3011,100,-605481955454606397,0,71,71,385,1,4,1,7
3012,100,-7535751238037562607,0,52,52,381,3,5,2,13
3013,100,8718743405173168491,0,51,51,369,3,4,2,13
3014,100,-4939446016350335811,0,80,80,373,4,7,4,15
3015,100,-1231652902308314004,0,59,59,363,1,3,1,9
3016,100,988534287031982014,0,65,65,386,3,2,1,5
3017,100,3266591852499735944,0,62,62,371,1,5,3,14
3018,100,-327253803090047858,0,49,49,368,1,7,3,21
3019,100,-7437783819547026583,0,53,53,395,5,3,2,7
3020,100,-2968876794452523007,0,64,64,392,1,11,8,24
3021,100,2534554172117955026,0,72,72,395,1,6,3,14
3022,100,-2128380055720700008,0,83,83,386,1,4,1,8
3023,100,-2198606292935249897,0,84,84,385,1,4,1,13
3024,100,-5689428262506377450,0,54,54,367,7,3,1,8
3025,100,-1273488730283783473,0,60,60,381,2,8,6,19
3026,100,-4911174575884000428,0,52,52,380,2,4,2,10
3027,100,-6619679564530836281,0,61,61,383,5,2,1,5
3028,100,-4453539596820930991,0,66,66,366,1,3,1,9
3029,100,2495540592112192312,0,81,81,374,1,4,1,9
3030,100,8011638740161626253,0,54,54,382,2,9,5,21
3031,100,-5561845138331846340,0,78,78,377,1,4,1,12
3032,100,5705000069710603158,0,56,56,368,4,2,1,9
3033,100,1981087644967435902,0,53,53,380,7,3,2,9
3034,100,5371569724445503970,0,72,72,380,1,9,5,23
3035,100,-4434128779495287503,0,58,58,372,5,4,2,11
3036,100,-8207864737395521569,0,77,77,367,1,4,2,12
3037,100,8917905825490432835,0,70,70,364,1,8,5,19
3038,100,975906054789009992,0,66,66,374,5,4,3,13
3039,100,-2463429262469938479,0,70,70,363,8,6,5,15
3040,100,1170135017309552058,0,50,50,368,3,5,3,11
3041,100,-8174021087695065635,0,71,71,380,3,6,4,14
3042,100,-8279831450741847161,0,69,69,359,2,7,5,15
3043,100,4550743804818878781,0,65,65,374,2,3,1,8
3044,100,8646743333042134984,0,56,56,372,2,8,5,21
3045,100,8205803038795573974,0,75,75,359,6,3,2,11
3046,100,-6775027578990863176,0,52,52,371,5,4,2,11
3047,100,-801698345637210358,0,68,68,374,9,2,2,4
3048,100,-1367877682291269824,0,56,56,379,5,4,2,11
3049,100,8931024483415306606,0,68,68,390,7,1,1,2
3050,100,8545334278912995533,0,73,73,380,1,5,3,12
3051,100,-9156063687529517888,0,84,84,373,2,2,1,6
3052,100,510871865982812777,0,55,55,359,1,6,4,19
3053,100,-7148583240231422441,0,84,84,402,1,6,2,10
3054,100,-5582487133679713015,0,64,64,368,2,3,1,12
3055,100,-5206139321822038180,0,89,89,373,3,5,2,8
3056,100,-5294270709897415901,0,55,55,370,1,10,7,22
3057,100,-7671788063779582728,0,75,75,376,5,4,3,10
3058,100,8421516177941716868,0,64,64,381,3,2,1,4
3059,100,9163478630387737294,0,87,87,379,3,3,1,8
3060,100,506145288869518687,0,65,65,387,5,5,3,12
3061,100,-4674728676344877972,0,50,50,364,5,3,2,15
3062,100,-8623314630378891864,0,80,80,376,5,4,3,11
3063,100,-5585981575585043332,0,72,72,377,2,7,4,19
3064,100,8666946257976024482,0,64,64,385,2,3,1,8
3065,100,-4409753056724172928,0,65,65,394,3,7,5,19
3066,100,-4714414961252048201,0,56,56,367,2,5,2,7
3067,100,6676977832335269310,0,65,65,376,2,8,4,18
3068,100,999248327694139271,0,62,62,367,6,4,3,9
3069,100,1613468811668867192,0,60,60,380,4,3,1,9
3070,100,-1550319010348396990,0,56,56,389,1,4,2,9
3071,100,-5885803716420430240,0,59,59,366,3,7,4,18
3072,100,2748860872679951418,0,77,77,370,4,7,5,20
3073,100,5126229251396014922,0,59,59,388,1,6,3,13
3074,100,-9001532032172678477,0,35,35,371,1,5,3,14
3075,100,-8000366069702056157,0,68,68,374,4,6,4,16
3076,100,-7048980602594940675,0,37,37,377,1,6,5,12
3077,100,2151870333888608289,0,70,70,376,3,9,4,21
3078,100,-7829074558694771772,0,59,59,385,1,4,2,7
3079,100,9057458852627610683,0,69,69,387,1,5,2,11
3080,100,-4113723258648656474,0,81,81,388,3,4,2,10
3081,100,8031917077337664987,0,73,73,385,4,8,5,15
3082,100,4420917662676514054,0,73,73,381,1,5,1,11
3083,100,5278393335388592082,0,62,62,370,3,7,5,18
3084,100,3906582900592696095,0,76,76,383,6,4,3,11
3085,100,-202937266431316852,0,15,15,384,1,13,9,19
3086,100,-4527064242463186852,0,85,85,387,2,5,2,9
3087,100,-1427758816713335676,0,82,82,375,1,7,5,23
3088,100,-8330041049065375259,0,85,85,354,6,4,3,8
3089,100,2313056608415686649,0,85,85,377,2,6,3,12
3090,100,-6147898272334140291,0,63,63,372,3,6,3,23
3091,100,-1614620496388888607,0,59,59,395,2,5,2,11
3092,100,-2499081214121514870,0,61,61,368,1,6,3,19
3093,100,1999823714637474334,0,66,66,382,1,4,2,8
3094,100,-8995288514289659019,0,84,84,381,6,4,2,12
3095,100,-2632021536821805841,0,71,71,382,1,7,4,14
3096,100,-8480882402207919564,0,59,59,371,5,2,1,3
3097,100,-2599923411939773015,0,70,70,380,5,2,1,7
3098,100,2758824368106236196,0,84,84,379,1,10,6,20
3099,100,-2890156139819041115,0,69,69,378,1,4,2,7
3100,100,28044100754031899,0,51,51,377,2,6,3,12
3101,100,-7935003793888667524,0,83,83,371,1,4,2,11
3102,100,-6634731881326280259,0,52,52,373,4,5,2,16
3103,100,-2999759309223036303,0,45,45,386,8,3,2,9
3104,100,-242454867679985394,0,76,76,382,2,5,2,10
3105,100,2143901824824952366,0,70,70,373,7,3,2,5
3106,100,7698836194163320905,0,61,61,381,3,7,5,15
3107,100,-487637986483223885,0,72,72,392,5,3,1,5
3108,100,-5869816333049195025,0,38,38,376,1,8,5,18
3109,100,8120577299734336139,0,48,48,374,6,4,3,12
3110,100,5929052486020261154,0,68,68,384,5,6,4,12
3111,100,-6714367675329701568,0,78,78,362,3,6,4,13
3112,100,5677485449053147699,0,76,76,383,5,4,3,12
3113,100,2094325517217743888,0,60,60,372,2,5,4,13
3114,100,-369190203325459336,0,58,58,380,1,4,1,14
3115,100,-8446109853205714464,0,79,79,377,5,3,2,8
3116,100,-8728035316455669405,0,64,64,405,7,1,1,3
3117,100,1861911334046185072,0,70,70,364,3,4,3,9
3118,100,-1619964953093911345,0,78,78,385,4,3,2,9
3119,100,-7210895629108685617,0,80,80,382,1,5,3,10
3120,100,6073975207597259421,0,67,67,388,2,7,4,13
3121,100,6261042502280039697,0,53,53,363,1,5,3,12
3122,100,-5688238476080114305,0,94,94,373,3,3,2,5
3123,100,4555380686075676992,0,63,63,380,3,9,5,19
3124,100,-1699918830134132973,0,53,53,372,3,2,1,6
3125,100,2298789992256910736,0,52,52,385,2,10,7,23
3126,100,8789472211407334707,0,74,74,388,2,3,1,10
3127,100,-2521058582150090795,0,69,69,368,2,8,6,16
3128,100,7216875085501540491,0,69,69,383,2,6,3,14
3129,100,8361458708787165753,0,80,80,379,3,6,3,13
3130,100,4135779105821794411,0,78,78,385,9,1,1,2
3131,100,-3918610346406664919,0,66,66,376,1,2,1,8
3132,100,3828929908779984861,0,81,81,376,1,8,4,22
3133,100,7540304084393550991,0,65,65,377,3,5,3,11
3134,100,-931328204100276230,0,57,57,379,1,7,5,14
3135,100,-8743627976667610042,0,65,65,401,3,7,4,18
3136,100,5179727149625037689,0,78,78,388,1,3,1,8
3137,100,7318983165946933194,0,50,50,374,1,7,4,15
3138,100,8379600950464235400,0,58,58,377,2,8,4,19
3139,100,4535580886595993903,0,53,53,379,4,5,3,14
3140,100,4123940973511476702,0,82,82,395,1,2,1,6
3141,100,-8505330776950863020,0,76,76,381,1,6,2,16
3142,100,1130240267607917584,0,57,57,393,3,2,1,6
3143,100,-6428074996513991848,0,68,68,376,3,6,4,16
3144,100,3396492652922276900,0,83,83,362,6,3,2,11
3145,100,-3420477861335470773,0,74,74,359,3,4,2,9
3146,100,325766963007425123,0,65,65,393,7,4,3,8
3147,100,-649949874787831768,0,74,74,373,1,4,2,8
3148,100,532291743957083251,0,42,42,375,2,6,2,15
3149,100,-7302179708681997053,0,51,51,380,1,8,5,19
3150,100,7345076293088144804,0,38,38,373,3,5,3,16
3151,100,-8302076684109097602,0,77,77,365,2,9,7,24
3152,100,1801702079992319113,0,59,59,374,6,2,1,4
3153,100,2446277484415032705,0,78,78,368,1,4,2,11
3154,100,-8568437998394743349,0,67,67,367,6,2,1,6
3155,100,-3039789373296450519,0,80,80,372,2,5,3,12
3156,100,-2643900418087641031,0,55,55,367,3,3,1,5
3157,100,-1158161754528546816,0,67,67,375,1,4,2,10
3158,100,4278008695117338146,0,68,68,384,8,3,2,7
3159,100,-7886693253925729681,0,71,71,372,4,9,6,24
3160,100,7201699709314074598,0,73,73,366,3,3,1,6
3161,100,-2009779612653263248,0,73,73,365,2,6,2,18
3162,100,4897611745649664970,0,47,47,379,2,4,3,12
3163,100,2797743894597107335,0,65,65,380,2,8,5,21
3164,100,-3218613780389071092,0,87,87,384,2,6,3,15
3165,100,-9177998322268901902,0,71,71,379,2,4,2,8
3166,100,-105659106114659273,0,84,84,398,6,5,4,7
3167,100,-6653196983792727777,0,68,68,380,5,3,2,7
3168,100,8455886640413735608,0,82,82,370,6,2,1,6
3169,100,3320643604137605469,0,57,57,362,1,5,3,14
3170,100,3367956273770507184,0,52,52,377,3,7,3,17
3171,100,8228591694035312598,0,78,78,376,1,4,1,8
3172,100,-7912206948561364981,0,63,63,373,2,6,3,14
3173,100,-1775892707502410819,0,71,71,367,6,4,3,8
3174,100,-8725029875363060784,0,50,50,376,3,7,5,20
3175,100,830802112799395779,0,79,79,368,6,2,1,6
3176,100,-6214239432185283910,0,91,91,371,5,3,2,7
3177,100,5082350566770533070,0,80,80,363,6,3,2,3
3178,100,-4746981993212718584,0,74,74,387,2,3,1,6
3179,100,-726509346709882900,0,69,69,370,5,3,2,7
3180,100,1869200440792167313,0,83,83,393,1,5,1,15
3181,100,4338645541212948869,0,85,85,371,5,4,2,10
3182,100,8956876648010851866,0,77,77,368,1,9,7,28
3183,100,6015789873260811216,0,55,55,371,6,3,2,11
3184,100,-92483516318038293,0,63,63,364,2,9,6,17
3185,100,-3259487643856905592,0,65,65,372,3,7,5,22
3186,100,-3070499757894719329,0,79,79,386,2,3,1,9
3187,100,-6099531205552384546,0,69,69,375,5,6,4,11
3188,100,8139649797234641724,0,66,66,359,4,3,2,9
3189,100,4568705471735003825,0,58,58,371,6,2,1,4
3190,100,-8754161487925673597,0,84,84,379,2,3,1,9
3191,100,4180835441726083579,0,82,82,366,1,5,2,7
3192,100,2828217554434774920,0,59,59,365,5,2,1,4
3193,100,3104051913978581902,0,64,64,381,1,6,3,12
3194,100,-6148459515747185020,0,72,72,379,1,7,3,16
3195,100,163200891344189441,0,83,83,388,3,3,2,8
3196,100,-2147953929892888087,0,54,54,379,2,9,7,21
3197,100,-8245409261383502364,0,86,86,368,1,3,1,8
3198,100,2776420535364225462,0,64,64,379,1,6,3,14
3199,100,860104832620928570,0,57,57,386,5,5,3,8
3200,100,-287190314650423796,0,82,82,382,1,7,4,14
3201,100,-5956411088538760152,0,91,91,385,6,4,1,6
3202,100,-7121103464026095615,0,61,61,381,3,5,3,12
3203,100,-5015009565319259159,0,72,72,375,4,5,3,19
3204,100,-1625844439179973708,0,85,85,381,1,12,8,25
3205,100,-2962047936645341948,0,58,58,357,3,6,4,18
3206,100,6487142936303671201,0,36,36,379,8,5,4,11
3207,100,-1689453228849269823,0,77,77,367,2,6,4,14
3208,100,8651640770485626166,0,90,90,395,3,6,3,11
3209,100,2800034381374512600,0,56,56,371,5,7,6,14
3210,100,4485212288973350566,0,60,60,374,5,2,2,4
3211,100,-8893656220985766292,0,56,56,383,1,8,4,14
3212,100,2078099520283237884,0,57,57,368,3,3,1,6
3213,100,5905278401979209015,0,59,59,381,5,1,1,1
3214,100,7657155500955179378,0,60,60,387,3,5,1,12
3215,100,-5048928591197223675,0,68,68,363,2,6,3,10
3216,100,-5529007219524091645,0,70,70,374,1,8,5,23
3217,100,-5871640821419176602,0,73,73,374,7,2,2,4
3218,100,1035281000897161534,0,58,58,380,1,8,5,21
3219,100,6071371141267356574,0,83,83,368,3,4,3,14
3220,100,-6594120394495869092,0,75,75,389,4,5,3,16
3221,100,-2062611487005239584,0,68,68,385,2,3,1,5
3222,100,-8690120495842860396,0,55,55,390,4,7,5,18
3223,100,-1578259809237333061,0,55,55,373,3,6,4,13
3224,100,-8404762146494480722,0,76,76,395,1,7,4,23
3225,100,-8636561925589935404,0,52,52,383,2,8,5,25
3226,100,-5834369814064448554,0,79,79,395,3,5,3,12
3227,100,-8452392065086341419,0,93,93,380,1,4,2,9
3228,100,1237251950617941938,0,54,54,363,1,7,4,23
3229,100,-5531630595478225499,0,73,73,380,4,2,1,6
3230,100,1237969467277966262,0,82,82,377,3,7,4,17
3231,100,2182939066481940697,0,68,68,368,4,2,1,6
3232,100,-1395359256726690634,0,62,62,363,2,5,4,14
3233,100,-1570878450552237719,0,69,69,384,4,3,1,11
3234,100,-8467187153114697796,0,56,56,365,9,1,1,3
3235,100,7246464986925052582,0,41,41,381,2,7,4,13
3236,100,-6682511810846859237,0,67,67,375,2,4,2,7
3237,100,2969094008657582187,0,71,71,385,2,3,1,6
3238,100,-5907386242687438140,0,78,78,379,5,4,2,9
3239,100,-9133342432456612717,0,69,69,369,4,4,2,12
3240,100,-1492232808180935977,0,48,48,394,2,4,3,11
3241,100,-4706863798867044438,0,72,72,381,6,3,1,6
3242,100,3633845177101370237,0,55,55,374,4,4,2,9
3243,100,5985998432692781286,0,77,77,372,1,11,8,24
3244,100,5963314107486671604,0,66,66,368,6,5,4,10
3245,100,-8610190522476299945,0,94,94,375,1,8,4,17
3246,100,-7964405131221783829,0,68,68,365,1,6,2,15
3247,100,7310194350916001373,0,58,58,373,4,6,3,17
3248,100,2190541877371572751,0,87,87,373,3,5,3,9
3249,100,-5165804447211094181,0,62,62,366,2,8,6,16
3250,100,-686243873187204379,0,46,46,376,2,6,4,13
3251,100,3001925705559995049,0,78,78,368,3,5,3,11
3252,100,2986543021471923162,0,49,49,377,2,7,4,13
3253,100,-6585514619567372850,0,79,79,395,2,6,3,14
3254,100,-7846940343613379433,0,56,56,373,9,2,2,8
3255,100,5219646314432249071,0,56,56,377,5,3,2,6
3256,100,-1331058436770716518,0,76,76,383,1,6,2,15
3257,100,6125436549253944705,0,72,72,392,1,5,2,12
3258,100,8334804963275458306,0,78,78,377,2,4,2,9
3259,100,5271950498128969797,0,75,75,374,1,5,3,10
3260,100,-4595724948966193239,0,63,63,386,1,5,1,11
3261,100,7469439194640238198,0,54,54,369,4,3,2,7
3262,100,-667904307384257161,0,69,69,356,5,2,1,4
3263,100,-9214524239974314437,0,71,71,371,1,6,4,13
3264,100,-4468099697396034059,0,56,56,381,1,5,1,9
3265,100,-6442344156908719518,0,67,67,374,3,5,3,12
3266,100,2144543204135331360,0,73,73,363,2,5,2,14
3267,100,3567349217355161935,0,82,82,386,2,8,4,18
3268,100,-1114472247085984641,0,55,55,392,5,3,1,9
3269,100,2576485352068265778,0,78,78,380,4,7,4,19
3270,100,510573556426229879,0,64,64,377,1,8,5,20
3271,100,1953444039238141815,0,66,66,381,4,4,2,15
3272,100,5531296208432302814,0,61,61,383,3,4,2,8
3273,100,-375517529915455102,0,45,45,370,1,6,4,18
3274,100,248322115125715917,0,62,62,383,1,8,5,14
3275,100,2516064191119170716,0,62,62,376,7,5,3,13
3276,100,791659799632462265,0,54,54,387,1,7,4,13
3277,100,-1735597624491337945,0,75,75,375,1,9,5,26
3278,100,-2029693825814921788,0,66,66,382,2,7,4,18
3279,100,-4825279594967296743,0,81,81,359,8,2,1,4
3280,100,5908271902738010449,0,61,61,372,3,4,2,10
3281,100,-4939244998972458585,0,65,65,375,2,4,1,12
3282,100,5653305858371670229,0,88,88,377,2,8,3,20
3283,100,-5213741365599594432,0,57,57,386,2,10,6,20
3284,100,2599171227672756212,0,55,55,380,1,4,1,13
3285,100,5896758220874954940,0,67,67,376,3,5,3,9
3286,100,2594333297047130828,0,93,93,350,2,2,1,7
3287,100,9218565782349261525,0,62,62,367,2,8,6,27
3288,100,-6109452555471277941,0,59,59,384,1,8,6,16
3289,100,2314493114204544213,0,73,73,383,4,5,2,17
3290,100,4652034851661122375,0,70,70,375,1,8,5,19
3291,100,-6974840906776630895,0,61,61,390,3,6,4,9
3292,100,5190964574278770957,0,59,59,379,4,4,2,5
3293,100,-7679298744630750827,0,61,61,370,1,5,3,18
3294,100,3301289939976272442,0,93,93,360,5,4,2,9
3295,100,2565241510367581088,0,78,78,373,1,3,1,7
3296,100,8152653028858034441,0,66,66,370,3,5,3,13
3297,100,-8519872425647515566,0,62,62,359,6,4,3,12
3298,100,-5875891298769138067,0,56,56,356,1,7,4,15
3299,100,-2007975712441653981,0,38,38,359,1,3,1,10
3300,100,-6418721514347845599,0,63,63,377,4,2,1,5
3301,100,-5540477727700202857,0,93,93,382,2,6,2,18
3302,100,7268479599804984316,0,72,72,372,1,5,2,16
3303,100,1440331818375807407,0,66,66,368,1,5,3,13
3304,100,9089439384059679881,0,70,70,387,3,2,1,3
3305,100,-6783713900883219294,0,64,64,377,4,5,3,12
3306,100,4146244270505362135,0,46,46,392,2,14,9,25
3307,100,7296694096769658573,0,65,65,390,4,4,2,13
3308,100,697935000104901004,0,66,66,374,3,3,2,7
3309,100,1574644817313370087,0,77,77,378,6,5,4,10
3310,100,-8087457697888537280,0,66,66,384,4,6,4,14
3311,100,1124990253155884664,0,63,63,376,3,3,2,3
3312,100,-5019744733746211321,0,88,88,364,2,8,5,17
3313,100,-7660596705501444725,0,83,83,379,1,5,3,7
3314,100,-3921070095093772721,0,49,49,378,2,5,2,7
3315,100,7746161804499683746,0,67,67,388,1,7,4,19
3316,100,2415834750342662892,0,48,48,371,4,6,4,15
3317,100,1297638211813990633,0,76,76,384,1,6,4,12
3318,100,1589918965246199921,0,56,56,386,3,3,1,9
3319,100,8572253929931561647,0,69,69,374,1,5,2,8
3320,100,-2136895122173441599,0,69,69,377,5,2,1,4
3321,100,499592078437681681,0,62,62,360,4,3,1,10
3322,100,524928962073060325,0,67,67,374,1,3,1,5
3323,100,-8852980926434023433,0,75,75,378,1,5,3,15
3324,100,-9056869528961944801,0,66,66,378,6,3,2,11
3325,100,-151276469411536828,0,58,58,373,8,8,7,20
3326,100,-598298873834025666,0,91,91,371,3,7,5,13
3327,100,-8218043050648633783,0,64,64,368,5,4,3,12
3328,100,-5068590709546253005,0,62,62,360,7,3,2,9
3329,100,-8466118843495273350,0,69,69,368,5,9,6,28
3330,100,-2830399845579746332,0,43,43,366,2,4,1,9
3331,100,1129821105200020323,0,70,70,378,3,4,3,9
3332,100,6424129065502227007,0,69,69,367,1,3,1,9
3333,100,-2509374947360562212,0,56,56,376,4,4,3,9
3334,100,-7010399295997644654,0,58,58,376,2,4,2,9
3335,100,4060550482961807483,0,86,86,375,2,5,3,16
3336,100,-2761388790558525670,0,62,62,378,3,3,2,7
3337,100,-3553836421523916215,0,69,69,382,2,4,1,10
3338,100,2355380217970842585,0,62,62,370,2,2,1,7
3339,100,1812176382964073657,0,64,64,361,3,2,1,4
3340,100,3468378860426955180,0,61,61,380,4,3,1,6
3341,100,-2887973430982998827,0,87,87,374,4,2,1,7
3342,100,-1409231353283595108,0,78,78,350,1,4,3,13
3343,100,-412684114698342470,0,59,59,374,5,3,1,7
3344,100,-8188262331068598412,0,44,44,375,2,6,4,14
3345,100,-4507899165051622330,0,74,74,377,2,8,5,13
3346,100,4750977063850325650,0,65,65,377,1,3,1,8
3347,100,-9081649853648198641,0,68,68,376,2,5,2,13
3348,100,5776150900562369538,0,58,58,385,6,3,2,5
3349,100,-680630951573000298,0,56,56,380,2,2,1,4
3350,100,2526687667218170056,0,26,26,378,3,7,5,19
3351,100,5018275844666003900,0,85,85,360,5,5,3,7
3352,100,8182531960731588476,0,76,76,364,8,2,2,4
3353,100,5775419792877500020,0,74,74,370,4,2,1,5
3354,100,2830061986379951132,0,75,75,376,2,3,1,8
3355,100,-8625138638564480839,0,50,50,382,5,6,4,14
3356,100,-7928714830609314531,0,79,79,372,2,6,3,9
3357,100,-2632355370342648894,0,73,73,385,6,4,2,13
3358,100,-8320669996407655997,0,64,64,378,3,4,2,5
3359,100,6751965383596630900,0,75,75,358,1,5,3,10
3360,100,-5339358359929278030,0,69,69,386,2,4,2,6
3361,100,-7389525006724687848,0,88,88,374,4,5,1,9
3362,100,-3342434040270495293,0,36,36,360,3,3,1,9
3363,100,2735096967791550797,0,88,88,372,3,5,3,10
3364,100,-5818273235202627045,0,67,67,368,3,4,2,11
3365,100,8319271964419576896,0,69,69,373,4,2,1,6
3366,100,-7751457178506886,0,60,60,380,3,7,6,23
3367,100,6450810798325649689,0,50,50,369,1,4,1,8
3368,100,5941774628395465168,0,58,58,374,2,3,1,5
3369,100,-6165858429052884040,0,67,67,381,6,4,2,8
3370,100,-5992444144668939755,0,61,61,367,1,6,4,16
3371,100,-1602347001427137632,0,71,71,365,1,6,3,10
3372,100,7276047544478810457,0,66,66,372,5,5,4,9
3373,100,-3035616959485257933,0,47,47,367,1,4,2,11
3374,100,-6481252823297679590,0,44,44,395,3,4,2,8
3375,100,1047275973786484255,0,37,37,366,6,5,4,15
3376,100,9217056807739837653,0,52,52,378,6,4,2,8
3377,100,2311562921237952280,0,89,89,387,1,6,3,20
3378,100,3214632046028657887,0,61,61,382,5,3,2,6
3379,100,3854566123589436615,0,69,69,382,5,8,5,18
3380,100,-594534613384105356,0,58,58,356,5,2,2,6
3381,100,-3630604295588932095,0,90,90,385,3,3,1,7
3382,100,-6999971350952988912,0,80,80,375,3,8,4,18
3383,100,-1436241159405382340,0,48,48,361,4,3,1,10
3384,100,4067315932948922621,0,60,60,370,2,5,3,12
3385,100,5042190502867401534,0,66,66,365,1,6,3,21
3386,100,8219218981919358765,0,69,69,379,2,10,8,29
3387,100,669379885146069270,0,57,57,377,4,5,2,13
3388,100,-1482089781700002231,0,74,74,379,1,10,6,21
3389,100,-4337331045603783344,0,79,79,384,2,9,6,20
3390,100,7464420718394059529,0,86,86,366,1,7,4,17
3391,100,1219466014216181859,0,74,74,366,4,5,3,15
3392,100,-6107173845967112762,0,70,70,362,4,5,4,12
3393,100,-8411571160387058578,0,88,88,384,3,4,1,11
3394,100,-334217349934636212,0,54,54,372,1,11,7,25
3395,100,-4207513618031766493,0,59,59,372,5,3,1,4
3396,100,-85301253698251019,0,80,80,380,1,4,1,8
3397,100,381207386128395523,0,55,55,381,3,7,4,15
3398,100,2586510115622988274,0,74,74,380,7,4,3,8
3399,100,2589644195610325195,0,67,67,377,4,7,3,16
3400,100,-3123224075701378069,0,69,69,380,2,4,3,12
3401,100,7415301972475722286,0,60,60,373,3,6,3,18
3402,100,-7049257821522777909,0,60,60,385,3,5,3,11
3403,100,-8309684372331532093,0,75,75,371,1,4,2,12
3404,100,-4865611729690841132,0,90,90,366,3,4,2,11
3405,100,-7215463320593487808,0,78,78,386,4,5,3,16
3406,100,3029491373890918393,0,67,67,376,2,13,8,25
3407,100,-5145999387780481304,0,56,56,379,4,4,2,10
3408,100,-6055496926736634516,0,62,62,390,1,9,6,25
3409,100,299850057583718210,0,79,79,379,7,2,1,5
3410,100,5622017149127341172,0,61,61,376,3,5,3,19
3411,100,3205000580166027531,0,76,76,388,3,4,2,6
3412,100,3584952145504095620,0,78,78,369,5,1,1,2
3413,100,3768903714705884524,0,72,72,364,1,4,2,9
3414,100,8330609743511832201,0,52,52,378,1,6,3,12
3415,100,5229574970176891503,0,67,67,382,2,7,4,14
3416,100,-7506612231889539709,0,63,63,385,3,6,4,15
3417,100,5790646294746771887,0,70,70,358,3,5,4,11
3418,100,8037326162694682711,0,57,57,361,4,4,2,12
3419,100,-5028329385108560305,0,68,68,360,7,3,2,5
3420,100,-7142894420368501278,0,69,69,356,4,5,2,13
3421,100,-3882192964541616596,0,61,61,367,4,3,1,8
3422,100,-3202926071364961199,0,53,53,369,5,2,1,4
3423,100,827570572221051478,0,71,71,372,8,3,3,8
3424,100,1898354670717077679,0,66,66,364,3,4,1,13
3425,100,4824401204126227131,0,69,69,381,3,7,3,18
3426,100,-5072753026272312385,0,82,82,370,1,7,4,21
3427,100,5213837876498600229,0,76,76,377,2,4,2,13
3428,100,2538410078637187083,0,75,75,380,4,6,5,17
3429,100,1306312172435357541,0,45,45,389,5,6,5,14
3430,100,1343595192662885692,0,80,80,388,1,6,3,10
3431,100,3847428355662183632,0,69,69,383,2,4,1,7
3432,100,-1889217264686941012,0,45,45,378,8,2,2,4
3433,100,8703416444871155434,0,61,61,390,2,11,8,27
3434,100,-1920659067236232391,0,81,81,372,4,5,3,13
3435,100,6926008092930629985,0,40,40,361,2,5,3,6
3436,100,-2250524260699732900,0,89,89,393,1,7,3,16
3437,100,-2542399239170598596,0,70,70,370,2,8,5,21
3438,100,6006722384790143609,0,58,58,386,1,4,2,9
3439,100,7316606503368484692,0,77,77,371,1,14,10,32
3440,100,-3826204874393735049,0,66,66,384,1,4,1,10
3441,100,8912132475963465218,0,70,70,378,2,5,3,18
3442,100,-5901460769250008941,0,76,76,385,2,5,3,14
3443,100,2848281102704823833,0,74,74,363,3,4,3,16
3444,100,-2193809274762875791,0,62,62,367,1,11,8,25
3445,100,-1660675972434481386,0,65,65,378,2,4,3,7
3446,100,6778638869793880692,0,62,62,388,3,4,1,4
3447,100,5619233277994849942,0,83,83,381,1,9,5,28
3448,100,3600450516733199438,0,87,87,365,3,5,3,14
3449,100,5711766852989973256,0,71,71,393,1,2,1,3
3450,100,-2147932281336827174,0,57,57,376,2,7,4,17
3451,100,6699165108287765922,0,54,54,376,5,4,2,6
3452,100,-2994075000198601944,0,62,62,382,4,3,1,4
3453,100,-2204465830538291304,0,51,51,364,1,8,4,15
3454,100,-5281037013181749031,0,83,83,376,1,5,2,7
3455,100,-2500115166576376181,0,77,77,381,2,4,2,10
3456,100,1107924455186489773,0,84,84,370,1,6,3,18
3457,100,2022332423950419007,0,56,56,368,6,1,1,3
3458,100,-8817169631134486950,0,65,65,368,2,8,4,19
3459,100,-7980371659697171055,0,92,92,402,3,7,5,17
3460,100,-7642663279849888609,0,73,73,379,1,4,2,8
3461,100,8917463422281538727,0,84,84,379,2,4,1,11
3462,100,-7150338817639412073,0,62,62,375,1,7,3,17
3463,100,8307866513983871592,0,81,81,375,2,4,2,10
3464,100,-8868009045899818158,0,75,75,370,4,3,1,8
3465,100,1286963562675917615,0,60,60,371,2,4,3,13
3466,100,5169644448489399457,0,67,67,372,2,8,4,25
3467,100,5273562184581434042,0,71,71,379,5,3,2,8
3468,100,-5036762121501462991,0,64,64,386,3,6,3,15
3469,100,-853751231886062744,0,65,65,372,5,2,1,5
3470,100,6248707794918670810,0,80,80,390,4,5,2,8
3471,100,-1608378488269345629,0,63,63,365,2,3,2,7
3472,100,-6862895945042531015,0,59,59,376,4,6,4,9
3473,100,-2715067850828444518,0,84,84,368,4,3,2,9
3474,100,-3705124670693956485,0,58,58,361,8,1,1,3
3475,100,-1174526603119742669,0,80,80,376,1,6,4,16
3476,100,-1388617779530150277,0,66,66,370,3,4,2,12
3477,100,6727732417867990080,0,64,64,370,3,3,1,5
3478,100,7624228610388196879,0,70,70,368,5,3,1,8
3479,100,8779922541986373360,0,84,84,364,1,7,4,15
3480,100,-1523726622559671137,0,68,68,373,5,3,2,8
3481,100,3811653306956159111,0,83,83,380,7,4,3,8
3482,100,-8404811375539697162,0,74,74,369,1,4,2,10
3483,100,-4507678783327597487,0,62,62,384,1,4,2,7
3484,100,-5579811192350001828,0,84,84,376,2,5,3,12
3485,100,9128135045556456148,0,54,54,382,2,4,2,12
3486,100,-6971169067516939292,0,73,73,376,1,7,5,13
3487,100,-3992271205942089148,0,75,75,381,6,3,2,6
3488,100,-5599665709472270335,0,26,26,387,1,5,2,20
3489,100,-7711773668388197829,0,71,71,387,2,5,2,15
3490,100,4805387146111290975,0,79,79,377,2,7,5,9
3491,100,1939736321016585897,0,59,59,371,1,6,2,16
3492,100,-4129107758978612240,0,73,73,385,2,5,2,15
3493,100,4074800587774203400,0,80,80,375,4,6,4,12
3494,100,-588443717853783740,0,72,72,381,1,7,4,20
3495,100,-6852103085267472684,0,41,41,401,3,3,2,7
3496,100,5407202535150442269,0,68,68,365,4,2,1,5
3497,100,-2643632436950773702,0,67,67,377,1,6,2,12
3498,100,4880237396399888450,0,52,52,376,3,3,1,4
3499,100,-3304995676078474737,0,91,91,374,4,4,2,7
3500,100,6275808343836679315,0,47,47,365,1,7,5,14
3501,100,-6265353886450507773,0,53,53,367,3,2,1,3
3502,100,-1236677959496238755,0,72,72,379,1,5,2,12
3503,100,2789768185239192597,0,68,68,385,5,6,4,10
3504,100,-5947075242506077457,0,73,73,350,1,4,2,10
3505,100,-8956508465299012535,0,95,95,382,4,11,9,17
3506,100,1529947542229994349,0,62,62,381,2,3,1,6
3507,100,-8880510857957486695,0,73,73,375,1,5,2,11
3508,100,-5528701340563164445,0,71,71,370,4,6,4,14
3509,100,-8570249835044522456,0,61,61,389,5,2,1,2
3510,100,-5948226133527903076,0,49,49,366,1,6,3,16
3511,100,-8451968537621788483,0,68,68,363,5,4,3,10
3512,100,2913600620658462132,0,71,71,389,1,4,1,10
3513,100,-2308645912144823442,0,42,42,397,1,4,1,8
3514,100,3421995380335712492,0,47,47,376,2,9,6,19
3515,100,274160899367354267,0,68,68,386,2,7,5,18
3516,100,4475935385917135805,0,56,56,381,1,7,5,9
3517,100,8880502183250544926,0,60,60,378,2,5,3,9
3518,100,1117114271463989423,0,83,83,379,3,6,2,11
3519,100,-8637933493361757504,0,74,74,375,3,2,1,4
3520,100,1661734397625107178,0,56,56,361,2,4,2,11
3521,100,4116153542085588462,0,47,47,379,7,4,2,14
3522,100,-3304683483167764723,0,85,85,376,4,4,2,8
3523,100,5031252089993619884,0,61,61,375,2,9,7,20
3524,100,-5489523817250464450,0,75,75,358,4,6,5,19
3525,100,5025165814426123464,0,83,83,367,1,3,2,7
3526,100,-7306215802038142847,0,54,54,375,3,9,4,20
3527,100,3863008609817190227,0,69,69,367,2,5,3,17
3528,100,-3809839618734971059,0,58,58,370,2,5,3,8
3529,100,-1157076914913161395,0,79,79,380,6,5,4,10
3530,100,3810828644991494492,0,47,47,356,1,7,4,17
3531,100,-8603248421313479521,0,85,85,392,4,4,3,8
3532,100,1512124331531304642,0,86,86,387,3,3,2,11
3533,100,3437323800646301773,0,59,59,369,1,9,6,25
3534,100,-3984974964960900031,0,79,79,362,4,5,3,12
3535,100,-1006727817762577685,0,79,79,365,1,7,4,15
3536,100,2097680616554606811,0,62,62,397,2,9,5,25
3537,100,-746612373199122864,0,93,93,362,2,6,3,12
3538,100,-7773951522371772249,0,73,73,375,1,4,3,8
3539,100,-8400564315740502391,0,57,57,382,1,3,1,6
3540,100,-4044617130174375704,0,69,69,380,4,9,7,15
3541,100,-321452303989967344,0,56,56,376,1,6,3,14
3542,100,5113456231215595867,0,79,79,372,6,5,4,8
3543,100,8527051572160796990,0,73,73,383,3,3,1,10
3544,100,5971073556411961039,0,64,64,384,3,6,2,11
3545,100,3885120810204673277,0,46,46,366,2,6,4,19
3546,100,-2710945465023137029,0,60,60,400,1,6,3,16
3547,100,773588890975913153,0,72,72,368,2,10,7,28
3548,100,-4558138031231982197,0,78,78,383,3,6,3,14
3549,100,3958340728218915768,0,76,76,376,4,2,1,5
3550,100,731788319508394619,0,55,55,380,6,4,3,12
3551,100,6157354233757152575,0,72,72,357,1,7,4,21
3552,100,5616330063113091496,0,65,65,362,3,2,1,6
3553,100,-3801035591317843816,0,81,81,384,2,9,6,17
3554,100,-1744748596251878492,0,87,87,376,1,4,1,9
3555,100,-1837609232666856486,0,62,62,366,4,2,1,7
3556,100,-4437839059087863863,0,60,60,380,3,4,1,7
3557,100,-2763978270905408984,0,68,68,371,3,8,4,22
3558,100,6434595620359454608,0,80,80,365,3,4,2,13
3559,100,8296570340748005669,0,62,62,384,1,8,4,17
3560,100,3642730393836667683,0,75,75,370,1,6,4,14
3561,100,1616150049596197286,0,71,71,391,2,7,4,13
3562,100,-5167463083813137616,0,71,71,382,1,3,1,7
3563,100,-7214018141791445079,0,72,72,380,2,5,3,12
3564,100,567651107422454783,0,68,68,369,5,3,1,5
3565,100,7786017733055886726,0,80,80,375,2,3,2,12
3566,100,3443294585625173446,0,69,69,363,6,2,1,7
3567,100,4245785636828577380,0,85,85,375,2,4,2,16
3568,100,-564241602715670980,0,55,55,388,2,5,3,14
3569,100,1324064257753658350,0,74,74,385,4,3,1,8
3570,100,-1597603295352754325,0,66,66,370,3,8,4,23
3571,100,-316836329839692987,0,71,71,373,1,5,3,12
3572,100,-1720186034461376566,0,26,26,382,1,7,4,16
3573,100,3350885034522752311,0,72,72,369,7,2,2,6
3574,100,-7503238558451341430,0,40,40,377,1,5,1,14
3575,100,-6917483094588123727,0,69,69,369,3,2,1,3
3576,100,-7726952906580175056,0,73,73,372,1,7,5,26
3577,100,9023373946669604466,0,79,79,378,2,5,3,10
3578,100,7164273968529197923,0,61,61,379,2,5,1,11
3579,100,5021326234040338689,0,61,61,385,1,3,1,9
3580,100,4977636252445385222,0,53,53,371,5,2,1,6
3581,100,-405661045099156511,0,50,50,383,2,7,4,13
3582,100,-2410381083236832119,0,91,91,374,3,6,4,21
3583,100,3399866019518187266,0,78,78,361,1,5,2,17
3584,100,-5497508250133064836,0,25,25,379,1,4,2,11
3585,100,-5788383086986189959,0,60,60,384,6,5,3,13
3586,100,2168760218336763748,0,79,79,358,2,7,3,23
3587,100,1427627037035936371,0,60,60,374,2,8,5,20
3588,100,-2979399693224559918,0,66,66,370,4,3,1,8
3589,100,-3031736240906545305,0,56,56,369,7,1,1,1
3590,100,-4480651316128857680,0,76,76,374,8,5,5,7
3591,100,-4911481580314433142,0,55,55,366,8,1,1,2
3592,100,2973120263799370206,0,59,59,368,1,4,1,12
3593,100,4292834519718000776,0,73,73,377,1,3,1,5
3594,100,5816838759645221117,0,61,61,372,1,4,2,13
3595,100,-4961309906280779664,0,74,74,360,1,8,5,19
3596,100,-6701648151216481399,0,77,77,382,4,3,1,6
3597,100,8355402558959466735,0,43,43,384,4,4,3,10
3598,100,-407255141124452051,0,67,67,365,2,5,3,10
3599,100,8133299833096080320,0,74,74,368,1,13,10,39
3600,100,-7798538725466885550,0,67,67,371,5,4,3,8
3601,100,-6135717416052507037,0,23,23,360,2,10,7,13
3602,100,9206425710976025336,0,65,65,365,8,4,3,12
3603,100,1058244752514544396,0,58,58,367,2,5,3,12
3604,100,3807491091264644809,0,75,75,371,5,3,2,10
3605,100,1739255313082705118,0,34,34,376,4,6,3,13
3606,100,-4501667897508042133,0,62,62,358,5,2,1,6
3607,100,5670487449855542104,0,52,52,365,8,3,2,14
3608,100,-2632163655841378795,0,61,61,389,3,5,3,12
3609,100,-605669234298531569,0,91,91,378,3,2,1,10
3610,100,3594253137413907812,0,76,76,386,5,5,2,13
3611,100,-6116422689756268131,0,43,43,375,2,8,4,20
3612,100,6989477049323659375,0,61,61,382,1,8,4,19
3613,100,-7407231223591415079,0,72,72,372,3,4,3,12
3614,100,3812123909874029080,0,62,62,371,1,5,3,8
3615,100,6861890159994387783,0,58,58,373,5,3,2,7
3616,100,-9086192898254731355,0,48,48,375,4,3,2,9
3617,100,-7601482409531303982,0,75,75,378,4,6,4,16
3618,100,5364687367676118414,0,65,65,376,2,6,3,22
3619,100,3834283604698348216,0,67,67,380,1,7,5,16
3620,100,-6051887854240563816,0,77,77,399,2,3,1,8
3621,100,8780254097268452805,0,59,59,361,7,3,3,9
3622,100,-5186539379061435870,0,67,67,383,1,4,2,8
3623,100,2948754253548801475,0,75,75,375,3,6,4,13
3624,100,-1006542733926712642,0,54,54,372,2,4,3,16
3625,100,3211011503044384048,0,73,73,371,3,6,4,7
3626,100,5402249939717430787,0,84,84,363,2,5,4,14
3627,100,3726174546222922801,0,71,71,357,4,3,1,5
3628,100,-6850448017055566688,0,87,87,369,5,4,2,15
3629,100,5866791170704712647,0,62,62,377,3,3,1,12
3630,100,-5358092903262025292,0,81,81,380,1,5,2,12
3631,100,3010464301732446271,0,73,73,365,4,4,2,10
3632,100,4752415762207288413,0,69,69,354,6,5,3,16
3633,100,5255769525635086063,0,82,82,377,1,5,2,10
3634,100,-262776738022726002,0,86,86,374,4,8,5,18
3635,100,7908123471321801502,0,61,61,378,2,5,2,14
3636,100,-6180529056051917530,0,91,91,363,2,3,1,5
3637,100,-191494240364644797,0,50,50,379,3,3,1,14
3638,100,7014857186516319549,0,59,59,370,6,3,2,9
3639,100,7162372715358955378,0,64,64,395,1,3,1,5
3640,100,1676952594630515392,0,62,62,383,1,5,2,19
3641,100,-4882680707026360813,0,56,56,363,1,9,6,22
3642,100,4690992266806223935,0,68,68,376,3,4,2,12
3643,100,-665408683114413100,0,76,76,370,5,5,3,15
3644,100,4458349764374458373,0,53,53,385,2,5,3,9
3645,100,6079260524435474912,0,52,52,377,2,5,3,13
3646,100,6526476519746856553,0,80,80,361,1,6,3,19
3647,100,4686682761428643152,0,50,50,365,6,4,4,4
3648,100,-6981901413598835357,0,51,51,365,1,8,5,20
3649,100,7346501120696833762,0,76,76,380,6,2,1,6
3650,100,1252947452284680545,0,73,73,369,2,3,1,6
3651,100,5834526116269634024,0,72,72,375,2,6,4,16
3652,100,7892191134753863515,0,65,65,374,1,4,2,11
3653,100,6090285657204012674,0,42,42,382,3,4,2,13
3654,100,5905884342584951844,0,68,68,372,3,8,5,20
3655,100,6968275405321757455,0,67,67,378,5,2,2,6
3656,100,-3838156506880678653,0,71,71,372,2,5,3,10
3657,100,-7984366179517130528,0,62,62,375,2,5,3,9
3658,100,-2159866399527488126,0,40,40,398,2,6,3,12
3659,100,5712976891267878958,0,68,68,379,4,5,4,11
3660,100,3162769236997799557,0,73,73,387,4,2,1,8
3661,100,350264271883376462,0,53,53,380,1,5,2,10
3662,100,1309976077758147229,0,77,77,358,1,3,1,5
3663,100,591847823805059362,0,56,56,389,4,8,5,20
3664,100,4747688268499233694,0,77,77,366,5,8,5,15
3665,100,4158087698036975314,0,48,48,380,2,3,1,11
3666,100,-625855060376181394,0,75,75,375,2,2,1,4
3667,100,-6930509326509743940,0,95,95,377,2,10,7,25
3668,100,-2868188279038316001,0,62,62,385,3,2,1,5
3669,100,-8935855279578015064,0,55,55,366,1,9,7,20
3670,100,-8280399892280028352,0,59,59,370,1,9,5,22
3671,100,5716322735991686976,0,71,71,388,3,7,3,22
3672,100,-4923278021506767760,0,75,75,392,1,9,6,25
3673,100,-3305942046165158210,0,62,62,358,2,3,1,6
3674,100,7262846877058933555,0,76,76,368,1,4,2,6
3675,100,2873469120252237030,0,68,68,384,2,6,2,12
3676,100,-2247360551819173880,0,60,60,385,2,4,1,12
3677,100,-264944870380924361,0,64,64,387,1,6,4,16
3678,100,-3581673002816557894,0,69,69,365,3,3,2,7
3679,100,5179059933381389405,0,70,70,375,6,3,1,8
3680,100,-5824896500322821130,0,73,73,370,1,6,4,19
3681,100,7242287344321006057,0,49,49,376,2,7,3,20
3682,100,-4981250369812994531,0,54,54,376,1,4,2,13
3683,100,-7317932275837199037,0,68,68,387,7,4,3,10
3684,100,-8212500949786867877,0,68,68,385,5,5,2,11
3685,100,8584452506673251038,0,65,65,373,1,5,3,11
3686,100,-855264544924161288,0,85,85,369,6,4,3,10
3687,100,-5990566669647343954,0,66,66,363,9,4,4,12
3688,100,-8317158710921398290,0,65,65,385,5,5,4,12
3689,100,2749415069026106583,0,78,78,368,2,4,2,12
3690,100,-6675014100101295430,0,75,75,369,1,5,2,11
3691,100,-993259447063168602,0,70,70,382,3,6,3,14
3692,100,5040973711996201078,0,80,80,382,4,5,3,15
3693,100,-4081513984550341436,0,62,62,370,1,2,1,5
3694,100,-8071501578944178393,0,61,61,380,4,3,2,7
3695,100,-2185346706976033880,0,68,68,363,1,6,2,12
3696,100,-1141715610161182892,0,67,67,375,4,7,4,22
3697,100,-2907367845123958963,0,63,63,360,3,4,2,6
3698,100,-1303582936680035625,0,62,62,387,4,4,2,7
3699,100,-5177960328763061979,0,82,82,371,6,2,2,4
3700,100,-2696593627145120522,0,30,30,387,1,8,4,15
3701,100,372566914958967628,0,45,45,379,1,3,1,5
3702,100,1084333227004354485,0,63,63,368,4,6,4,16
3703,100,5346120392450271232,0,60,60,401,3,3,2,7
3704,100,9198101980322370149,0,64,64,392,2,2,1,2
3705,100,-8488146565082424239,0,73,73,385,2,4,2,11
3706,100,-3655855431369343616,0,76,76,383,1,10,5,27
3707,100,4573352710270016020,0,60,60,378,4,4,2,5
3708,100,-5554002021783011400,0,53,53,388,1,5,2,9
3709,100,6003871274639551773,0,79,79,367,1,3,1,6
3710,100,896310255068702797,0,68,68,371,2,6,2,19
3711,100,4973955615651811244,0,72,72,383,1,9,5,19
3712,100,7165839955141782174,0,48,48,360,3,6,4,13
3713,100,-6684423063930168793,0,57,57,369,2,4,2,13
3714,100,5081763862346299139,0,47,47,366,2,6,4,18
3715,100,4634280110133819913,0,59,59,371,2,5,3,9
3716,100,-2276041913788740391,0,49,49,360,3,10,8,23
3717,100,-1784490398631435238,0,81,81,371,2,7,4,16
3718,100,-5928418379016119843,0,61,61,382,5,3,1,7
3719,100,5814388993324905952,0,71,71,377,1,6,4,17
3720,100,-8333611338841474371,0,68,68,398,3,5,3,8
3721,100,3981406061590968917,0,66,66,386,1,4,1,9
3722,100,1383151784559849708,0,77,77,386,2,4,1,8
3723,100,8773010979334374873,0,60,60,374,2,4,3,16
3724,100,8165766236434014645,0,63,63,373,1,10,7,16
3725,100,-8294538476794356375,0,47,47,378,4,6,3,10
3726,100,7698699568197956243,0,80,80,382,1,4,1,5
3727,100,2653350741330042129,0,60,60,379,2,5,3,15
3728,100,3962125708379084479,0,91,91,385,2,4,2,8
3729,100,1511104605381513631,0,76,76,377,2,10,7,27
3730,100,8588378194130592265,0,88,88,383,1,4,2,7
3731,100,4928979488229865881,0,81,81,379,3,4,2,13
3732,100,-7970545500360608533,0,71,71,370,5,5,2,11
3733,100,2265756203141243248,0,77,77,364,3,6,3,15
3734,100,-2134946836961503782,0,62,62,379,1,6,3,19
3735,100,-4004752223151059212,0,68,68,386,1,6,2,14
3736,100,6764231411648105439,0,74,74,379,2,6,4,15
3737,100,1851972695486902283,0,44,44,376,1,5,2,12
3738,100,-3770023974526038426,0,74,74,381,2,4,2,12
3739,100,4508580327586627741,0,81,81,371,4,3,1,9
3740,100,5300133173034786390,0,78,78,373,4,4,2,8
3741,100,-5790702560298935342,0,73,73,374,1,6,2,12
3742,100,-7258968918598427551,0,52,52,379,3,5,2,13
3743,100,-1289846414995821441,0,59,59,370,5,2,1,8
3744,100,799938503104327836,0,86,86,369,7,5,3,14
3745,100,-6339887284020694819,0,65,65,373,2,4,2,7
3746,100,-4620003039930656942,0,61,61,384,2,7,4,14
3747,100,8851805673907225979,0,86,86,368,1,6,2,12
3748,100,-1161607212778510572,0,87,87,380,2,12,8,28
3749,100,5834115218699185013,0,73,73,374,3,6,5,10
3750,100,-3106534684281347052,0,60,60,374,4,3,2,8
3751,100,2257813823468305894,0,76,76,376,4,3,2,8
3752,100,-4995087363884731213,0,52,52,369,2,3,1,9
3753,100,6461442110048750234,0,44,44,379,4,4,2,9
3754,100,-8020261415205811369,0,68,68,369,4,2,1,5
3755,100,-2718742513271832056,0,53,53,392,1,4,2,11
3756,100,-7454221707321927294,0,60,60,387,3,3,1,12
3757,100,-4136275449962974594,0,65,65,375,3,3,1,9
3758,100,-4140664329660227553,0,85,85,384,2,5,2,10
3759,100,9205764235870077598,0,60,60,386,3,5,1,12
3760,100,4503968492323860767,0,67,67,374,3,4,2,13
3761,100,5028929620034232072,0,74,74,373,2,4,3,9
3762,100,-5170801861750442428,0,85,85,385,5,2,2,2
3763,100,8863186744972496728,0,52,52,380,2,3,1,8
3764,100,1806388045447319868,0,77,77,368,4,4,2,9
3765,100,-8568373072836401582,0,69,69,381,2,4,3,7
3766,100,-1205968619918137103,0,87,87,363,1,5,2,13
3767,100,3562870879744524636,0,47,47,371,5,2,1,6
3768,100,-3099404739057125345,0,70,70,364,1,3,1,8
3769,100,8382492508093303596,0,82,82,369,5,10,10,20
3770,100,-3004536529581854426,0,68,68,378,2,5,2,12
3771,100,7240271743992739265,0,72,72,383,2,8,3,21
3772,100,7965795821481806625,0,55,55,371,2,4,2,7
3773,100,-2461713013436883050,0,57,57,381,1,6,2,18
3774,100,6279920053783071798,0,70,70,382,1,2,1,3
3775,100,-6684294522899654635,0,84,84,376,2,5,2,12
3776,100,7155356496941622575,0,49,49,369,1,6,4,18
3777,100,6326194763261785929,0,65,65,379,7,4,3,9
3778,100,-3267204684006378935,0,85,85,374,1,7,4,22
3779,100,-2729215369887564584,0,93,93,368,2,3,2,8
3780,100,-7480980889664719540,0,76,76,380,2,7,4,20
3781,100,-482425399715206609,0,87,87,369,3,6,3,20
3782,100,-2093155136659055397,0,87,87,370,4,3,1,5
3783,100,5912437721900207102,0,66,66,381,4,7,4,17
3784,100,308872688472141069,0,71,71,370,5,3,2,7
3785,100,7365579595651049191,0,77,77,359,3,2,1,5
3786,100,8811168244860509499,0,74,74,392,1,5,2,14
3787,100,-176489975114237071,0,58,58,363,2,7,2,17
3788,100,3950710535395999515,0,76,76,381,1,10,7,25
3789,100,7279722977281185090,0,60,60,374,3,4,2,9
3790,100,1954368843808817933,0,63,63,381,4,5,2,10
3791,100,-4162411212421834355,0,73,73,377,2,4,2,8
3792,100,6700728848728747445,0,76,76,383,1,3,1,10
3793,100,3057333069046859977,0,72,72,376,2,2,1,4
3794,100,1761723715654669001,0,60,60,371,2,4,2,8
3795,100,-6248444613794568285,0,38,38,388,3,13,9,27
3796,100,-9025237398807074517,0,49,49,376,5,4,2,14
3797,100,2475819116238930740,0,58,58,360,2,4,1,10
3798,100,522621932268555322,0,79,79,374,4,3,2,3
3799,100,-3032442323078708106,0,73,73,368,4,3,2,11
3800,100,7482922999203577444,0,67,67,397,3,3,1,7
3801,100,7390043517513664244,0,72,72,403,4,6,4,15
3802,100,-3692820374739877633,0,69,69,369,2,5,3,9
3803,100,-5979888705333483840,0,78,78,374,4,5,4,10
3804,100,7529173057018729817,0,66,66,364,5,3,2,12
3805,100,4828666312438790570,0,60,60,384,1,8,5,19
3806,100,-80641429679195379,0,84,84,382,3,3,2,5
3807,100,8458290724159055790,0,74,74,380,2,10,5,24
3808,100,-6377894548018020456,0,81,81,375,3,3,1,10
3809,100,2365113757919860397,0,60,60,389,3,4,2,4
3810,100,-6992139299353627861,0,76,76,360,1,3,2,5
3811,100,-3146952239531598496,0,60,60,393,2,13,9,33
3812,100,-2458844943864817983,0,78,78,383,5,2,1,6
3813,100,-1128801510125047415,0,55,55,385,5,2,1,7
3814,100,-8020034494541817996,0,56,56,369,5,2,1,5
3815,100,-7028133904811211414,0,83,83,383,3,5,2,19
3816,100,-992753902650348788,0,64,64,367,1,7,5,23
3817,100,-5506549142605150085,0,61,61,376,5,5,3,14
3818,100,-7938489593882500647,0,70,70,381,1,5,2,11
3819,100,6990264895619104598,0,73,73,362,3,2,1,4
3820,100,-4597359676678241854,0,78,78,376,2,3,1,8
3821,100,1900890347071235830,0,58,58,369,2,5,3,14
3822,100,-2222552960281395555,0,45,45,359,3,4,3,4
3823,100,1725569668585707296,0,75,75,376,3,3,1,5
3824,100,5124773445651112896,0,73,73,375,2,5,3,9
3825,100,4153618514530506784,0,56,56,374,5,5,4,14
3826,100,3871849464095359703,0,65,65,388,2,5,3,10
3827,100,-2175479399001841736,0,52,52,376,3,10,8,24
3828,100,-3711980406624814089,0,56,56,386,2,9,6,23
3829,100,5167971121836337493,0,69,69,377,2,7,4,16
3830,100,2409475561580655347,0,53,53,380,5,8,6,19
3831,100,2736867050776960388,0,72,72,384,8,3,2,7
3832,100,6756540623776712174,0,75,75,384,3,3,1,9
3833,100,-1163735958464955229,0,84,84,372,3,6,4,11
3834,100,8952764504282634545,0,46,46,378,2,5,2,15
3835,100,-8160462576978902821,0,69,69,366,6,6,5,10
3836,100,-9010496673539634114,0,43,43,381,1,5,2,11
3837,100,4542281617365494605,0,54,54,373,4,6,4,12
3838,100,-10349071631553499,0,70,70,380,4,2,1,7
3839,100,7820286281702682763,0,45,45,367,3,6,4,13
3840,100,-2187918505521170667,0,71,71,383,5,6,4,13
3841,100,7272246649584449609,0,79,79,382,1,3,2,7
3842,100,-3632607107090299595,0,73,73,377,1,5,2,11
3843,100,-7785725170193456045,0,52,52,381,5,4,3,16
3844,100,474385115120052916,0,70,70,366,7,3,2,9
3845,100,-8972837111445466430,0,64,64,382,2,3,1,7
3846,100,3646916579815302942,0,75,75,370,4,4,3,6
3847,100,-8300732293662371990,0,77,77,371,2,5,3,14
3848,100,-8493556577723943439,0,65,65,382,1,4,2,8
3849,100,-8029206804231772010,0,83,83,389,3,4,1,7
3850,100,-6847872989639830416,0,73,73,380,2,9,4,23
3851,100,-867970863658853641,0,81,81,384,1,8,4,21
3852,100,5320408550049616054,0,63,63,374,3,2,1,2
3853,100,-2538620267505760040,0,65,65,372,4,3,1,4
3854,100,9075975052306658829,0,62,62,364,4,5,3,14
3855,100,5098182852428132502,0,69,69,379,4,4,2,15
3856,100,-9207615521470272896,0,76,76,374,5,4,3,15
3857,100,3089641431793702479,0,65,65,358,1,4,2,10
3858,100,1787247256381149614,0,62,62,384,1,7,3,18
3859,100,-1543427922518879015,0,76,76,377,6,3,2,6
3860,100,1838517430382987488,0,70,70,368,3,6,3,16
3861,100,7213863126175074806,0,61,61,392,1,2,1,3
3862,100,-2973048306326597538,0,69,69,359,5,3,2,6
3863,100,2847694829515346373,0,18,18,367,4,6,3,14
3864,100,-4411894533325015554,0,44,44,371,3,6,3,14
3865,100,-2527316056525699718,0,82,82,386,4,7,6,12
3866,100,7195251971090093309,0,66,66,373,1,6,3,17
3867,100,-483334434817527471,0,89,89,368,1,5,3,12
3868,100,-2971158179524870383,0,77,77,386,1,7,4,12
3869,100,-3543656460637227585,0,63,63,375,1,5,2,13
3870,100,-9052734604872392002,0,72,72,371,5,2,1,6
3871,100,1006218960881649642,0,60,60,363,2,7,5,17
3872,100,8826164776676901608,0,67,67,380,5,3,2,10
3873,100,2574397574398788955,0,73,73,361,2,7,3,14
3874,100,-2001290289059261527,0,68,68,384,2,4,2,8
3875,100,437791572616515314,0,66,66,376,1,5,3,7
3876,100,-1064868915000700828,0,75,75,386,2,5,3,9
3877,100,-1170992585168281830,0,65,65,394,1,5,2,13
3878,100,6132910168755265306,0,58,58,371,4,4,2,10
3879,100,1020307825355755324,0,78,78,376,1,6,3,14
3880,100,7960909977024206075,0,66,66,389,6,4,2,6
3881,100,-116800529080254344,0,74,74,385,2,7,3,14
3882,100,6721377430591402048,0,66,66,377,3,9,8,24
3883,100,3879294932408638354,0,68,68,377,1,5,4,7
3884,100,8234299227686853431,0,75,75,392,2,8,5,19
3885,100,-6307724957435782102,0,59,59,369,2,6,3,15
3886,100,8059198631499205791,0,53,53,385,1,4,1,10
3887,100,9002186336097426224,0,89,89,382,1,6,2,17
3888,100,757398747650054453,0,82,82,362,1,5,3,14
3889,100,-4574542415323296619,0,64,64,369,1,7,5,14
3890,100,-6239426514371114354,0,83,83,396,4,4,1,8
3891,100,7732638109358826566,0,90,90,392,2,4,2,13
3892,100,3062689396807028519,0,63,63,366,1,6,3,14
3893,100,-4381450001756252587,0,75,75,365,3,5,3,19
3894,100,2172704579145766842,0,59,59,378,2,3,2,7
3895,100,3199002534995912313,0,82,82,362,3,6,3,14
3896,100,-6351437471401871918,0,73,73,358,3,6,3,18
3897,100,-6772937705519760712,0,68,68,367,1,9,6,27
3898,100,-5133709216332230751,0,69,69,378,4,4,2,11
3899,100,-7818126621128530590,0,91,91,378,1,6,4,14
3900,100,5926071182195162385,0,52,52,376,2,5,3,16
3901,100,7966457783321434689,0,65,65,376,3,4,2,7
3902,100,-5343797922203983336,0,75,75,363,4,4,2,9
3903,100,2487951233573241613,0,90,90,385,3,4,1,8
3904,100,706957531120720464,0,54,54,378,6,5,4,10
3905,100,-1950478476491020507,0,74,74,375,2,6,5,14
3906,100,-2756470578144343610,0,61,61,387,1,7,5,12
3907,100,2926100152366357116,0,79,79,367,1,9,5,32
3908,100,-5889323317935380719,0,51,51,384,3,6,3,12
3909,100,6053867085960783825,0,73,73,377,9,1,1,2
3910,100,-7434801583013358938,0,54,54,382,1,8,5,22
3911,100,5961487742106790434,0,44,44,371,1,8,5,13
3912,100,4528204824162520939,0,61,61,383,5,4,1,8
3913,100,-6138213071427270302,0,39,39,380,3,7,4,8
3914,100,-8316549701739401079,0,60,60,392,7,3,2,9
3915,100,-7746496580060180887,0,73,73,366,1,7,4,27
3916,100,-8526666077017386874,0,76,76,384,3,2,1,4
3917,100,-9069535276861128149,0,58,58,380,4,6,4,11
3918,100,-5014584673697307246,0,64,64,386,1,5,2,9
3919,100,2553648922679249964,0,77,77,378,2,3,1,5
3920,100,6295836108904580896,0,54,54,381,5,4,2,8
3921,100,-3305342528073464781,0,58,58,396,1,4,2,10
3922,100,7104594469664929976,0,68,68,387,3,4,3,14
3923,100,6605459028473342781,0,81,81,380,5,7,3,17
3924,100,1570911281004580363,0,50,50,376,2,3,1,12
3925,100,-6658355405601931340,0,55,55,380,1,4,1,8
3926,100,5259235120124132423,0,73,73,377,2,5,3,12
3927,100,-3984232309352734496,0,71,71,382,3,6,2,13
3928,100,-6685701332144116564,0,71,71,379,2,7,4,18
3929,100,8435131475424277917,0,53,53,371,3,6,4,13
3930,100,-6162668662361004961,0,59,59,370,1,6,4,9
3931,100,4162048308099910222,0,59,59,371,5,3,1,5
3932,100,103294894418580862,0,71,71,386,2,5,3,15
3933,100,4320877378676120081,0,69,69,369,2,3,1,9
3934,100,6707094167705841012,0,61,61,383,6,3,2,7
3935,100,-4838446930133551308,0,58,58,373,1,5,3,10
3936,100,7396696240343725197,0,79,79,371,6,6,5,14
3937,100,-2122330488511052058,0,66,66,368,4,4,2,16
3938,100,-1554549002274106676,0,45,45,368,2,4,2,11
3939,100,-7455439943188708303,0,59,59,381,3,3,1,9
3940,100,6341622254362365436,0,80,80,387,1,8,5,22
3941,100,-2073145438976672217,0,92,92,390,1,5,2,18
3942,100,-3544555330801478396,0,75,75,383,3,3,2,11
3943,100,-2299829714225691301,0,65,65,382,3,5,3,9
3944,100,4043438721561472127,0,74,74,366,5,4,3,12
3945,100,3067528357458754707,0,72,72,363,8,5,5,11
3946,100,7579345852390314124,0,85,85,374,8,5,4,11
3947,100,750623384057921723,0,57,57,385,2,6,2,13
3948,100,-429235904396451871,0,66,66,368,2,4,2,7
3949,100,-5107542660796621797,0,54,54,371,1,6,2,11
3950,100,-7872849016556346330,0,77,77,380,4,2,1,9
3951,100,587641369869007052,0,65,65,378,1,10,6,24
3952,100,8616398772039207808,0,67,67,374,3,2,1,8
3953,100,-7585589561894582680,0,57,57,381,6,3,1,11
3954,100,5111789328896845675,0,74,74,367,3,6,4,13
3955,100,-5654888879398926592,0,74,74,389,8,4,4,8
3956,100,4589055026460345548,0,77,77,373,3,8,4,20
3957,100,-8562921420327241902,0,87,87,365,5,4,3,7
3958,100,4548849016175391046,0,59,59,372,4,6,3,12
3959,100,651596439425025595,0,82,82,371,4,2,1,6
3960,100,-8033040831945178677,0,62,62,363,2,2,1,7
3961,100,-6336669438108184726,0,58,58,390,4,4,1,14
3962,100,-1790989757050311050,0,12,12,357,5,6,4,12
3963,100,-4884407777276261034,0,81,81,375,2,4,2,6
3964,100,-7609571452516313192,0,62,62,380,4,2,1,8
3965,100,6380625720139413105,0,56,56,389,1,4,2,15
3966,100,-7311772549138397168,0,79,79,383,6,3,3,8
3967,100,9196324181470673309,0,62,62,370,2,5,3,14
3968,100,-607334946091841312,0,73,73,388,2,5,2,15
3969,100,8297107946045378015,0,64,64,381,2,3,1,8
3970,100,-6037623686928999940,0,93,93,385,4,6,4,17
3971,100,6930010930504157522,0,57,57,367,5,6,4,18
3972,100,3082305150114243683,0,59,59,383,4,5,4,9
3973,100,6247128429280424797,0,67,67,386,8,5,4,13
3974,100,6113316116199766387,0,61,61,386,1,3,1,9
3975,100,-1773708576042121688,0,68,68,376,5,5,5,11
3976,100,1497725147356885881,0,68,68,373,1,7,3,20
3977,100,8319828516271838027,0,77,77,365,2,4,1,5
3978,100,5051406847592991623,0,86,86,379,2,6,2,17
3979,100,-218001042413011000,0,34,34,376,3,2,1,7
3980,100,-1186191315544655734,0,66,66,379,2,7,4,17
3981,100,7613139115830659899,0,68,68,371,5,2,1,8
3982,100,5454534100910730139,0,53,53,382,4,3,2,6
3983,100,-4314106870688262577,0,47,47,375,1,9,5,16
3984,100,-8391296009930343019,0,67,67,399,2,6,3,12
3985,100,3387659263437495412,0,70,70,371,1,3,1,10
3986,100,1499823741735920103,0,67,67,383,2,6,2,16
3987,100,5706728400446657742,0,88,88,376,2,10,6,23
3988,100,-7881759740475690326,0,78,78,371,1,4,2,12
3989,100,-3514986289148121488,0,77,77,390,1,5,2,13
3990,100,-339931218393044491,0,79,79,374,1,5,3,14
3991,100,-1677442248101585975,0,84,84,384,1,17,12,40
3992,100,-7988537895147250576,0,71,71,389,3,4,1,7
3993,100,4844385868677751134,0,65,65,367,3,3,2,8
3994,100,6899197214892214567,0,61,61,387,2,8,5,17
3995,100,-2519726739550037063,0,61,61,361,6,6,4,11
3996,100,3561244884040815264,0,68,68,379,6,9,7,24
3997,100,-8369623239397658464,0,72,72,372,5,4,2,7
3998,100,-251289702583601874,0,62,62,375,1,6,4,16
3999,100,2581317529655074698,0,77,77,367,4,4,2,8
4000,100,4821968183170256519,0,67,67,384,1,4,1,9
4001,100,-5468108195314948786,0,81,81,366,1,5,2,14
4002,100,7130850608751069844,0,54,54,386,1,7,3,12
4003,100,390384772010944285,0,59,59,394,1,7,3,14
4004,100,-2506397252449728120,0,87,87,373,1,5,2,14
4005,100,-6895049201194624846,0,65,65,359,3,4,3,11
4006,100,-5647773049938668748,0,74,74,370,2,6,4,13
4007,100,-2617962547407072825,0,66,66,369,5,4,2,6
4008,100,3255525860381240216,0,86,86,375,5,3,1,10
4009,100,-7589260834494789942,0,53,53,369,1,4,1,12
4010,100,8311161089618959548,0,60,60,369,2,8,5,23
4011,100,6534556263113251024,0,72,72,372,3,5,4,11
4012,100,4659494792683735489,0,64,64,379,5,4,3,12
4013,100,4549473467882909898,0,69,69,388,5,3,1,5
4014,100,-9069643738872635598,0,51,51,360,1,3,1,6
4015,100,7049855551300311542,0,73,73,363,2,7,4,18
4016,100,8330411314230637727,0,81,81,373,1,3,1,8
4017,100,8043048226429964183,0,85,85,378,3,5,2,8
4018,100,-4998731069114305684,0,76,76,377,2,3,1,6
4019,100,3582701915940942311,0,37,37,375,1,5,2,7
4020,100,-613263772631574810,0,79,79,372,2,6,4,13
4021,100,8848462822727259724,0,70,70,380,8,3,3,3
4022,100,5132475830207650198,0,52,52,386,4,7,5,21
4023,100,579912161214899914,0,53,53,375,1,7,4,21
4024,100,5505698770868954074,0,76,76,371,9,1,1,1
4025,100,-2357047999757712199,0,62,62,387,1,4,2,7
4026,100,5502495810746355632,0,66,66,388,4,5,3,12
4027,100,-8168397503197896009,0,44,44,380,3,6,4,17
4028,100,7587616745970980309,0,61,61,373,1,8,5,24
4029,100,2715206025751136735,0,53,53,372,1,3,1,6
4030,100,-3927831477943699442,0,51,51,359,2,6,4,16
4031,100,4537965854557994554,0,69,69,376,1,6,3,21
4032,100,-4679684681332310844,0,88,88,384,1,7,4,19
4033,100,8351820468499478133,0,67,67,374,1,3,1,8
4034,100,-7731863652970819626,0,45,45,361,7,1,1,1
4035,100,-2882834705074562348,0,77,77,375,3,6,4,10
4036,100,4073468940336258218,0,75,75,384,3,5,4,15
4037,100,-2535151999024185498,0,67,67,373,4,3,1,3
4038,100,8146999747003479429,0,47,47,379,2,3,1,5
4039,100,5193672660513951098,0,60,60,377,2,4,2,15
4040,100,-2903293810447148004,0,59,59,372,1,3,1,9
4041,100,-4969139868325883823,0,55,55,377,2,4,2,14
4042,100,7070944733743316843,0,65,65,375,1,5,2,11
4043,100,-471488710487631596,0,74,74,374,2,4,1,8
4044,100,-7598744543877578044,0,40,40,385,6,4,2,11
4045,100,8529606840452591112,0,59,59,376,3,4,2,10
4046,100,-8562484847477693910,0,68,68,382,3,13,9,26
4047,100,4858242472748808447,0,56,56,368,2,4,2,10
4048,100,-4595125254396999713,0,65,65,385,4,4,3,16
4049,100,-1486254383937165039,0,61,61,369,5,6,3,19
4050,100,798727097808922427,0,61,61,387,2,4,2,10
4051,100,-2372506112164775028,0,69,69,371,2,5,3,16
4052,100,999365047718572222,0,71,71,374,3,3,2,10
4053,100,5541596842447986728,0,71,71,378,1,4,2,5
4054,100,-5183737766888082583,0,77,77,368,5,4,2,9
4055,100,-6732682006990820225,0,66,66,390,7,2,1,7
4056,100,8061687911851818825,0,77,77,373,1,4,2,11
4057,100,-4632179686745484613,0,72,72,377,3,3,1,7
4058,100,8101662334035631443,0,55,55,365,2,7,4,19
4059,100,8213825613590679440,0,74,74,369,1,5,2,12
4060,100,-7814089542706843529,0,78,78,379,3,5,2,12
4061,100,2334610633431270252,0,79,79,378,8,4,3,7
4062,100,-8336712600406060050,0,54,54,377,5,3,1,5
4063,100,5289977174883920621,0,70,70,364,2,5,2,14
4064,100,-2116578001232606505,0,54,54,355,6,4,3,9
4065,100,6649430335273183891,0,59,59,377,4,5,3,16
4066,100,-2459609847571573503,0,65,65,374,5,2,1,7
4067,100,9201860255671542198,0,60,60,373,4,5,3,9
4068,100,-1100843387562361590,0,65,65,383,6,3,2,5
4069,100,-8787447925015414598,0,71,71,379,2,8,5,19
4070,100,4648795837850399656,0,61,61,364,4,5,2,13
4071,100,-1865411428738457984,0,54,54,365,5,2,1,7
4072,100,657252581769825350,0,74,74,372,1,6,3,16
4073,100,6286229706178947359,0,31,31,372,2,6,4,17
4074,100,661164278229708498,0,64,64,373,1,2,1,10
4075,100,3807460455658737107,0,59,59,367,2,4,2,7
4076,100,-3085345793007660331,0,34,34,376,3,6,3,14
4077,100,2292963974138078261,0,71,71,367,4,3,1,9
4078,100,1616982586562353091,0,67,67,380,4,9,7,25
4079,100,5256953616902006956,0,56,56,359,3,4,2,12
4080,100,-2141149463557910892,0,78,78,398,1,6,3,12
4081,100,4434464206255043107,0,72,72,377,3,5,2,10
4082,100,-5662077577751443309,0,54,54,391,1,6,3,16
4083,100,1473441295604977404,0,68,68,370,3,4,2,10
4084,100,2612775664338665333,0,74,74,379,3,3,1,11
4085,100,1496714143979027779,0,64,64,375,2,5,3,13
4086,100,-1552578819669153108,0,76,76,361,2,3,1,9
4087,100,-4229811942929403354,0,72,72,386,2,4,2,7
4088,100,8038880351590438397,0,74,74,388,5,14,11,22
4089,100,3241396444012815524,0,84,84,387,1,8,5,16
4090,100,-6989753623843025585,0,81,81,368,1,4,2,9
4091,100,-7725072487303475323,0,64,64,354,5,3,2,7
4092,100,5528321148568170950,0,60,60,381,2,4,1,9
4093,100,-8997367674208362871,0,69,69,372,1,9,6,24
4094,100,-2274656976207655920,0,59,59,377,1,6,3,19
4095,100,-1981131043092464924,0,64,64,372,2,3,1,11
4096,100,8415911152649727998,0,63,63,382,2,5,3,10
4097,100,6670066791749954280,0,54,54,379,1,5,3,12
4098,100,401132406663447894,0,76,76,359,5,3,2,11
4099,100,-3842351961579849468,0,48,48,377,2,4,3,6
4100,100,-4838409390898509337,0,84,84,377,1,2,1,5
4101,100,-1931954644674931220,0,80,80,363,5,3,2,8
4102,100,5406380933868462300,0,71,71,377,1,4,2,9
4103,100,-872752245282854375,0,69,69,382,2,3,1,5
4104,100,3801211830127035221,0,58,58,372,1,6,4,15
4105,100,-6045890390298867084,0,61,61,377,5,7,5,9
4106,100,-8580987729732770253,0,55,55,384,3,5,3,12
4107,100,-3727283577819331507,0,60,60,371,3,4,2,11
4108,100,-4346133261772297933,0,46,46,380,2,7,4,13
4109,100,-6784018263452830574,0,57,57,392,1,5,4,9
4110,100,3338155128952709950,0,61,61,375,1,6,2,12
4111,100,3939987267555663420,0,45,45,367,1,5,3,19
4112,100,-7256478610602909698,0,64,64,362,5,1,1,2
4113,100,-7777040839149620212,0,78,78,377,4,3,1,5
4114,100,7326430774005490356,0,32,32,397,1,4,2,8
4115,100,-5441754594454713993,0,66,66,384,1,4,2,13
4116,100,8095195391948374600,0,88,88,356,2,10,8,24
4117,100,4762431432559042270,0,83,83,376,3,5,3,13
4118,100,-79561439215045983,0,82,82,383,3,5,3,14
4119,100,-4250476123095433983,0,53,53,364,2,4,2,13
4120,100,-8778058767970349258,0,54,54,376,2,7,4,15
4121,100,1067840081485124533,0,76,76,384,4,5,4,11
4122,100,9147614006537763557,0,74,74,378,1,9,4,23
4123,100,8054716387796324309,0,70,70,369,7,3,2,9
4124,100,4651709315768461571,0,68,68,379,1,4,1,8
4125,100,292458060797582454,0,58,58,363,4,3,2,7
4126,100,9096163759399461811,0,79,79,383,2,4,2,7
4127,100,6984444143369995101,0,63,63,394,1,6,4,14
4128,100,2125621035636482939,0,74,74,369,5,5,3,21
4129,100,6045969191341465781,0,73,73,383,1,6,3,15
4130,100,5895819937956482068,0,52,52,372,5,3,2,7
4131,100,-4926593111466631684,0,52,52,389,1,4,1,8
4132,100,-5815781840166788480,0,58,58,381,2,7,4,17
4133,100,-4250637870161483714,0,76,76,370,4,9,6,18
4134,100,-3055340225468379038,0,72,72,402,6,2,1,4
4135,100,-3863883069571525242,0,56,56,367,8,1,1,3
4136,100,7838036578512849033,0,83,83,375,2,6,2,9
4137,100,9137432219398761872,0,77,77,399,1,5,3,11
4138,100,1135613195312324813,0,62,62,369,5,4,2,11
4139,100,96770685582019011,0,78,78,357,7,1,1,4
4140,100,-825966571826989794,0,77,77,381,2,5,3,14
4141,100,8862552695643390045,0,64,64,372,5,4,3,6
4142,100,5780890831942854617,0,62,62,383,4,3,1,11
4143,100,6575759339915611888,0,58,58,371,2,3,1,9
4144,100,-5931632248189988003,0,76,76,355,3,4,1,10
4145,100,8780884954983430156,0,63,63,371,3,8,5,21
4146,100,6983166465213530334,0,88,88,371,8,2,1,6
4147,100,-755388187835660227,0,72,72,378,4,6,4,12
4148,100,-8702132540832860040,0,58,58,381,1,3,1,6
4149,100,-5239695247566358985,0,76,76,387,2,5,3,14
4150,100,6193367285353594503,0,60,60,379,2,6,3,16
4151,100,-832099687667035569,0,50,50,375,1,5,3,17
4152,100,-762573322816089547,0,54,54,366,3,3,1,7
4153,100,-4146876950301542099,0,75,75,380,3,6,5,12
4154,100,-8122248205648772781,0,48,48,381,3,9,5,17
4155,100,2662735969250622912,0,81,81,366,5,5,4,13
4156,100,3626028556526953837,0,71,71,374,4,6,3,19
4157,100,-1541013801137275279,0,68,68,378,8,1,1,4
4158,100,-8704222282021216744,0,64,64,386,2,5,2,12
4159,100,-8870255245371041382,0,53,53,387,2,3,1,6
4160,100,3869831413738609805,0,61,61,376,5,5,3,11
4161,100,-324237694215850695,0,89,89,356,5,2,1,5
4162,100,2004152105818395771,0,81,81,373,4,3,1,10
4163,100,-2874986896488624672,0,38,38,373,5,4,3,8
4164,100,-3606222402162448872,0,75,75,373,3,10,6,20
4165,100,7215517131667439856,0,67,67,383,6,4,2,10
4166,100,1975593423814169976,0,55,55,355,2,6,4,19
4167,100,-5500505350647413242,0,65,65,370,2,4,2,10
4168,100,-4435359358936915166,0,63,63,372,4,5,3,9
4169,100,1383028687790115764,0,68,68,373,3,6,4,15
4170,100,-118865094285092384,0,69,69,381,4,6,4,9
4171,100,-718998528050697357,0,73,73,377,1,9,3,22
4172,100,-1308654730665024042,0,50,50,372,2,8,3,15
4173,100,4912434339750701272,0,96,96,365,5,4,2,11
4174,100,-2104488476903503658,0,77,77,375,3,4,2,7
4175,100,8504876297073979398,0,64,64,384,1,5,3,18
4176,100,-3673971478035595278,0,69,69,379,3,6,4,14
4177,100,-2235055019415222428,0,61,61,390,1,5,3,12
4178,100,1260483962464693842,0,63,63,369,2,3,1,7
4179,100,-3469120207257589618,0,73,73,379,4,2,1,8
4180,100,1565383043976503622,0,62,62,379,3,3,2,9
4181,100,-2613143134542334832,0,70,70,355,2,4,2,8
4182,100,-8322620942375927394,0,71,71,373,2,5,3,15
4183,100,-7306584106822568111,0,68,68,370,1,5,2,10
4184,100,-8778782352127752647,0,59,59,376,4,3,1,5
4185,100,5249797063251750477,0,77,77,386,2,10,7,24
4186,100,7734870588002335707,0,56,56,378,4,2,1,4
4187,100,-157022477532641658,0,81,81,376,1,3,2,4
4188,100,4973510445667415620,0,64,64,380,1,5,2,11
4189,100,3587263541261813180,0,78,78,371,1,7,3,20
4190,100,1312954764912983677,0,85,85,382,4,3,2,6
4191,100,-7894635549645958437,0,80,80,371,2,3,2,5
4192,100,-2907520895680884108,0,66,66,385,1,7,2,13
4193,100,1215633714692805044,0,70,70,375,1,4,1,11
4194,100,-6618960804125914677,0,84,84,370,1,6,3,13
4195,100,-5280978050223946257,0,59,59,377,8,4,3,12
4196,100,-1543991021993413652,0,82,82,367,3,6,4,10
4197,100,-6393064837404348096,0,66,66,399,2,4,1,11
4198,100,7646849987718284128,0,77,77,380,2,2,1,2
4199,100,86048695966916825,0,61,61,378,1,9,5,26
4200,100,-1847139367645554079,0,54,54,390,2,8,5,17
4201,100,7346424551034396191,0,93,93,373,5,4,2,12
4202,100,5462282848195693741,0,51,51,367,1,10,8,25
4203,100,5399020175411836575,0,61,61,358,3,4,3,12
4204,100,-7958207858461447524,0,44,44,375,1,3,1,10
4205,100,-937726819900879037,0,67,67,392,1,3,1,7
4206,100,-2291788449170101900,0,81,81,372,3,5,3,11
4207,100,-2503661939088165184,0,60,60,368,3,7,4,17
4208,100,-3584175994751091460,0,68,68,364,2,5,3,16
4209,100,7851352702108052306,0,47,47,382,1,6,3,16
4210,100,1104012985809548878,0,66,66,389,3,5,2,14
4211,100,-6052709703161821269,0,73,73,375,1,4,2,7
4212,100,-2843461695355323407,0,66,66,363,2,5,3,13
4213,100,-1293405992712533208,0,47,47,391,2,5,2,13
4214,100,-5188045181757198553,0,67,67,363,9,1,1,3
4215,100,2949049515221758278,0,53,53,372,3,6,3,15
4216,100,5245545008192082562,0,78,78,367,7,4,2,10
4217,100,8719959346320788563,0,61,61,360,6,4,3,13
4218,100,5698605285302224317,0,68,68,390,4,5,3,9
4219,100,3002372647758993256,0,74,74,380,4,3,1,10
4220,100,-8960232361520305464,0,76,76,382,1,2,1,6
4221,100,-1561576418465385578,0,57,57,379,2,4,2,8
4222,100,-591214720038582236,0,57,57,356,1,5,3,12
4223,100,-8242458111579093922,0,74,74,365,1,8,5,21
4224,100,3393756178168216689,0,64,64,385,5,4,2,7
4225,100,-4604779041568153754,0,65,65,371,2,5,2,13
4226,100,2815768729719576388,0,78,78,371,3,6,3,16
4227,100,-3645453565643226262,0,61,61,366,3,3,1,8
4228,100,-4976949246936470722,0,73,73,382,2,8,6,22
4229,100,-8394760245756851600,0,69,69,362,5,5,3,14
4230,100,9082605857984507225,0,78,78,381,1,8,6,21
4231,100,7063039475521702719,0,63,63,365,1,10,6,23
4232,100,627907005252728197,0,71,71,373,4,6,4,21
4233,100,-6419816116782342639,0,54,54,386,4,2,1,7
4234,100,3024039470649930867,0,61,61,390,3,6,4,15
4235,100,-175504626849400697,0,91,91,382,5,3,1,7
4236,100,-4195147029254999377,0,78,78,371,2,11,8,22
4237,100,6624130113606014172,0,54,54,368,3,4,2,10
4238,100,-4442311940050621196,0,54,54,385,1,11,5,27
4239,100,-1991084781228910499,0,63,63,376,6,5,3,10
4240,100,1732220863357018555,0,64,64,375,3,4,1,12
4241,100,-216390776967123688,0,67,67,362,1,6,4,15
4242,100,5770923765392745492,0,9,9,380,1,4,2,16
4243,100,5830219591043400403,0,61,61,368,2,4,2,9
4244,100,-3128473411274668103,0,76,76,384,1,5,3,6
4245,100,-7616082863908492480,0,58,58,368,2,5,3,15
4246,100,-2109167731581601184,0,69,69,381,2,4,2,10
4247,100,-5646993507710565011,0,66,66,379,3,4,3,6
4248,100,-7683692749637493167,0,66,66,375,5,4,3,12
4249,100,-4456375304453395327,0,66,66,382,1,7,5,16
4250,100,-2643985694421468617,0,87,87,377,2,6,3,22
4251,100,-4915307475916890715,0,53,53,377,3,2,1,6
4252,100,-6236440690190872006,0,44,44,380,1,4,2,12
4253,100,-2518736633932658369,0,84,84,379,2,2,1,9
4254,100,-2426661710139523508,0,73,73,370,4,4,3,11
4255,100,-4411130943459425435,0,67,67,380,1,10,8,27
4256,100,690697547758424514,0,68,68,383,2,3,2,4
4257,100,5625649148450015120,0,68,68,373,4,3,1,6
4258,100,3515881435017537575,0,73,73,372,4,2,1,5
4259,100,9203333948658205583,0,71,71,365,2,4,2,15
4260,100,3539266495672576845,0,54,54,378,1,7,3,10
4261,100,-2849689226121273921,0,62,62,378,2,3,1,8
4262,100,2195800659685435044,0,80,80,389,2,6,3,17
4263,100,8722973546042698361,0,55,55,366,3,4,3,5
4264,100,-467546319241298994,0,75,75,378,1,5,2,13
4265,100,-918155251723057974,0,63,63,383,2,5,3,10
4266,100,-1609701758271468430,0,70,70,375,2,5,3,8
4267,100,-8748872770848915863,0,84,84,385,3,6,5,14
4268,100,6698639754961907023,0,69,69,355,3,3,2,7
4269,100,-817564189851411739,0,66,66,380,6,6,4,11
4270,100,-5822822288927721836,0,64,64,400,2,3,1,6
4271,100,-9062996382303450594,0,53,53,362,6,4,2,13
4272,100,5971494914094040431,0,55,55,374,3,5,2,9
4273,100,8520104289530287605,0,39,39,359,3,2,1,7
4274,100,-7240121764014701852,0,82,82,381,3,5,3,10
4275,100,1314610732869924679,0,77,77,371,4,4,2,12
4276,100,-3516856215062264865,0,64,64,376,3,6,4,18
4277,100,-5166768877937539562,0,79,79,366,1,6,4,13
4278,100,-4032919837093669237,0,61,61,382,4,4,1,7
4279,100,-7068320496252978935,0,79,79,383,3,6,5,13
4280,100,5470211609485398244,0,63,63,386,4,3,1,7
4281,100,-1007960562824157162,0,59,59,372,4,4,2,12
4282,100,1867592174602302603,0,58,58,363,5,2,1,5
4283,100,-1603634653831854467,0,68,68,379,2,3,1,10
4284,100,3037545932081249240,0,69,69,382,1,5,3,10
4285,100,7855041906148100087,0,47,47,379,4,5,2,13
4286,100,-8766923298449284043,0,74,74,365,7,2,1,6
4287,100,-8296522965591431889,0,62,62,378,3,5,3,15
4288,100,-6436592861092623959,0,74,74,381,3,4,3,14
4289,100,198557912255427441,0,88,88,381,1,3,1,7
4290,100,3576685880604911539,0,76,76,368,1,7,4,15
4291,100,7854784845134807968,0,49,49,373,2,5,2,9
4292,100,1425037314451805017,0,50,50,364,6,4,2,12
4293,100,1342980643705109613,0,80,80,374,2,2,1,7
4294,100,-441177626365541761,0,75,75,376,1,6,3,16
4295,100,-5524800946824207419,0,74,74,391,1,6,2,17
4296,100,-8584562588893154180,0,60,60,383,2,6,3,18
4297,100,5752379505652730763,0,62,62,371,4,4,2,15
4298,100,2229207343542521834,0,70,70,376,1,7,4,17
4299,100,4037331708518421895,0,62,62,360,1,7,5,11
4300,100,4480215718418729405,0,74,74,374,1,6,3,10
4301,100,-3010159321745948003,0,72,72,384,2,4,3,9
4302,100,-1952052878889014890,0,75,75,388,2,7,4,16
4303,100,3988861705989570881,0,68,68,386,2,6,3,17
4304,100,6443568076629442393,0,64,64,364,9,2,2,6
4305,100,-3601245982382756054,0,85,85,353,1,3,2,5
4306,100,4586387679695298044,0,62,62,383,7,5,4,12
4307,100,4512043718238765637,0,69,69,382,3,10,7,34
4308,100,460144068085837730,0,73,73,387,3,4,2,12
4309,100,-8806236424307110676,0,63,63,375,3,5,3,11
4310,100,-3417117633688815896,0,60,60,361,5,3,2,7
4311,100,-6616633314416045737,0,82,82,369,3,7,6,17
4312,100,6101975761576235389,0,70,70,390,4,3,2,11
4313,100,5985472883440425042,0,55,55,377,9,1,1,4
4314,100,-4455031926818549769,0,72,72,365,2,4,2,6
4315,100,-8529972825716015312,0,57,57,368,3,4,1,10
4316,100,8807938588794484453,0,64,64,374,1,2,1,5
4317,100,-5056035356116799233,0,72,72,378,1,4,1,11
4318,100,6250423031522164000,0,60,60,370,2,6,4,19
4319,100,6597628199737507580,0,72,72,387,5,5,2,17
4320,100,-4020750290900935834,0,48,48,365,2,6,3,12
4321,100,6010999233121324105,0,82,82,397,5,3,2,8
4322,100,5935250580775076136,0,77,77,383,8,3,2,5
4323,100,-93622593690828579,0,94,94,378,6,2,1,7
4324,100,-3000551220315749726,0,75,75,368,1,6,4,13
4325,100,-5934071507644352581,0,70,70,382,8,1,1,4
4326,100,-4454353811552496596,0,50,50,375,3,5,4,8
4327,100,6789419422841281638,0,93,93,369,2,4,3,12
4328,100,2826031258244720336,0,64,64,368,5,2,1,6
4329,100,-2066218123166995565,0,49,49,372,3,4,2,11
4330,100,383455340223838747,0,57,57,372,7,8,6,19
4331,100,-2624365590918755552,0,91,91,376,4,3,1,7
4332,100,-3648912375927359688,0,89,89,377,3,4,2,8
4333,100,-45945804505125564,0,78,78,380,4,4,2,10
4334,100,7364469387682605370,0,85,85,373,2,4,3,10
4335,100,3762349036213138184,0,81,81,374,2,4,2,5
4336,100,7548787326965294776,0,72,72,365,3,4,3,12
4337,100,6061229844934885878,0,66,66,383,6,4,2,9
4338,100,362183391300878494,0,68,68,401,2,7,4,12
4339,100,-3613693231054241521,0,63,63,378,2,5,2,18
4340,100,2962049493889452610,0,57,57,363,4,4,3,14
4341,100,-3403465810651025151,0,85,85,377,4,3,1,10
4342,100,5664263769281171125,0,43,43,384,1,10,6,22
4343,100,-119115721564810343,0,71,71,368,4,2,1,3
4344,100,6944608726134048603,0,48,48,368,6,5,3,13
4345,100,489903380239783542,0,58,58,379,2,6,3,11
4346,100,-4832501040123091010,0,73,73,387,1,8,5,28
4347,100,-3439544451495987969,0,85,85,356,5,3,2,8
4348,100,-7554397900729773410,0,76,76,369,1,10,8,19
4349,100,137306501521212822,0,20,20,382,2,7,3,10
4350,100,2961058534919572556,0,29,29,391,1,8,6,17
4351,100,-458702235364923891,0,60,60,369,1,3,1,8
4352,100,181984637366451767,0,52,52,378,4,2,1,5
4353,100,5541092287339379544,0,78,78,393,2,4,2,9
4354,100,-8617173807229313081,0,65,65,402,2,2,1,9
4355,100,3932058481923602564,0,30,30,391,3,5,3,17
4356,100,-5665800569432221591,0,62,62,388,2,4,2,8
4357,100,9109748335872286951,0,62,62,368,1,4,2,8
4358,100,-8574108346635899158,0,50,50,390,2,5,2,12
4359,100,-163291754595665511,0,70,70,381,7,4,4,10
4360,100,-4207904325369161208,0,81,81,368,1,3,1,7
4361,100,8111595961983852066,0,59,59,387,5,5,2,15
4362,100,2599219117875791430,0,67,67,375,5,3,1,13
4363,100,-8012064673619039116,0,77,77,366,1,4,1,11
4364,100,-7812592159157934848,0,74,74,378,1,5,3,8
4365,100,-2976653498316227557,0,73,73,396,2,4,2,9
4366,100,-1835457483639465794,0,66,66,372,2,6,4,17
4367,100,-4653464319892482894,0,62,62,372,5,3,1,7
4368,100,-8027098560412609844,0,58,58,383,6,2,1,7
4369,100,4394224253260519321,0,65,65,382,1,10,5,28
4370,100,7134178559617005065,0,71,71,388,7,4,2,14
4371,100,5708094428263469284,0,65,65,377,3,5,3,10
4372,100,-8107610355923561729,0,60,60,381,3,5,3,12
4373,100,-7084198404736588907,0,62,62,363,1,7,5,9
4374,100,-419241763606441676,0,54,54,372,1,8,4,17
4375,100,-2301111068452715250,0,72,72,375,4,4,2,9
4376,100,-1699550984632968769,0,74,74,383,2,4,1,14
4377,100,-6921353768104805440,0,55,55,381,3,6,3,9
4378,100,-1663403910816229603,0,96,96,385,1,5,3,5
4379,100,5731492356003124520,0,63,63,391,1,5,3,10
4380,100,-3484179576617492923,0,43,43,381,1,4,2,11
4381,100,4946803922639390460,0,65,65,387,1,5,2,13
4382,100,6183837242958386425,0,57,57,368,1,8,4,25
4383,100,1379114281117347745,0,60,60,366,2,5,3,13
4384,100,5532817933329033566,0,57,57,374,2,7,4,13
4385,100,4456061149043698143,0,59,59,376,3,6,4,20
4386,100,-1577325876199756082,0,69,69,377,4,3,2,10
4387,100,-4831168023301101609,0,59,59,369,3,5,2,7
4388,100,-387316537729911827,0,78,78,385,1,5,2,14
4389,100,7890006790892374323,0,64,64,368,2,5,3,18
4390,100,6623821729615390202,0,74,74,384,4,6,5,19
4391,100,-2109884598350913377,0,82,82,385,3,5,3,12
4392,100,-728755645095684761,0,79,79,388,3,4,2,4
4393,100,1208434638465047673,0,64,64,386,3,5,2,11
4394,100,3633077535606435754,0,58,58,368,1,3,1,7
4395,100,-1481725254247283004,0,76,76,386,8,2,1,2
4396,100,2828606469691163221,0,49,49,373,5,4,2,14
4397,100,-1369519867475980191,0,81,81,395,1,4,3,7
4398,100,-695185721075410076,0,49,49,388,1,5,2,12
4399,100,-2592210977513874560,0,34,34,378,2,4,2,12
4400,100,7174188259594279637,0,75,75,370,4,2,1,7
4401,100,7783563581804263763,0,56,56,387,2,4,1,12
4402,100,-866044928689944194,0,63,63,363,4,6,5,22
4403,100,1707206826584461060,0,64,64,385,1,4,2,9
4404,100,-5542884522950178534,0,74,74,380,3,3,2,4
4405,100,-740595301133249047,0,52,52,376,5,2,1,5
4406,100,-5949517100860690012,0,67,67,359,2,6,4,12
4407,100,3239862398393232118,0,91,91,378,2,6,3,7
4408,100,8011097237281763304,0,57,57,372,4,3,1,7
4409,100,-234564541363674766,0,64,64,373,7,3,2,10
4410,100,2228713887001426262,0,90,90,380,3,5,3,9
4411,100,3788373159419071726,0,69,69,382,4,6,3,18
4412,100,-3754436669181695720,0,61,61,407,2,3,1,7
4413,100,2649917735046362737,0,69,69,377,1,8,6,22
4414,100,34713083092507239,0,83,83,395,1,5,1,8
4415,100,-311430840040673032,0,80,80,380,1,3,1,6
4416,100,-3377091946807192550,0,71,71,384,5,7,5,19
4417,100,-6848506116699930339,0,91,91,383,2,5,3,13
4418,100,4825396325275883903,0,78,78,373,2,5,3,7
4419,100,3388985955860597781,0,46,46,384,3,6,3,14
4420,100,-4792728766473866130,0,56,56,367,6,3,2,8
4421,100,7583659606646964703,0,48,48,380,5,4,2,11
4422,100,2355307518515301530,0,75,75,388,5,6,3,13
4423,100,82542103305696953,0,41,41,357,3,7,4,13
4424,100,5405923290565386282,0,64,64,362,2,7,5,12
4425,100,3296856876941385686,0,73,73,388,1,4,2,6
4426,100,4310843261357158791,0,67,67,366,7,5,3,16
4427,100,5877517426575746894,0,52,52,390,3,4,2,8
4428,100,6084221367566138999,0,69,69,389,4,2,1,6
4429,100,-38648547847124138,0,67,67,377,2,10,7,27
4430,100,8027296367596770411,0,73,73,369,2,4,2,8
4431,100,3440802625477033136,0,50,50,385,2,10,7,20
4432,100,-1772149093440858604,0,57,57,377,1,4,1,7
4433,100,9065822113626271844,0,5,5,369,4,5,3,12
4434,100,2999865192958346811,0,75,75,390,1,10,5,21
4435,100,-5749380192564471632,0,81,81,379,1,6,3,13
4436,100,-1792509352270550062,0,64,64,372,3,4,3,10
4437,100,-503162515106858692,0,23,23,366,5,7,4,17
4438,100,6976434017561617221,0,54,54,373,3,4,2,10
4439,100,7991317766581439121,0,54,54,388,1,5,2,13
4440,100,18338123607077141,0,66,66,365,3,2,1,7
4441,100,7002447499879358668,0,55,55,382,1,3,1,7
4442,100,8513280707470780840,0,74,74,399,1,4,2,11
4443,100,-4178257489644811890,0,65,65,375,4,3,2,7
4444,100,-3036632094365875622,0,69,69,384,1,5,2,16
4445,100,757805785592386870,0,72,72,376,6,2,1,3
4446,100,-6626950360880521257,0,64,64,387,1,5,3,11
4447,100,-5429391161927155886,0,52,52,398,6,4,3,5
4448,100,-215465999975189077,0,86,86,372,1,5,3,14
4449,100,5136008199042804306,0,82,82,387,2,4,2,8
4450,100,-1736608152057214182,0,73,73,374,3,9,7,23
4451,100,-5976923140118060418,0,83,83,386,1,4,2,8
4452,100,-7844747825525769940,0,54,54,366,2,5,2,12
4453,100,-7483774586449978327,0,77,77,377,5,2,1,4
4454,100,-5656080279621421556,0,89,89,372,3,6,3,13
4455,100,456766446875451686,0,68,68,372,4,2,1,5
4456,100,-482615755840192110,0,73,73,392,2,9,4,27
4457,100,-4883741825394450053,0,59,59,362,2,3,2,7
4458,100,304592522762962718,0,60,60,367,2,4,2,8
4459,100,-7353533141740430508,0,70,70,367,5,3,2,5
4460,100,-8860609531508979545,0,59,59,379,1,9,7,20
4461,100,4175550334904733242,0,61,61,374,2,4,2,12
4462,100,2371284980275570451,0,87,87,379,2,5,3,10
4463,100,2971543221725097348,0,73,73,369,4,4,3,10
4464,100,-4229762541496198200,0,79,79,374,5,3,2,6
4465,100,1325342459908523533,0,46,46,378,1,9,6,18
4466,100,4696634478988588930,0,50,50,384,2,4,1,10
4467,100,-8941711542453155033,0,73,73,395,6,4,3,7
4468,100,5821877375746538087,0,58,58,381,1,7,3,18
4469,100,3526218371838951118,0,61,61,376,1,8,6,18
4470,100,7447724826340710744,0,62,62,371,1,8,4,22
4471,100,881667997809076512,0,55,55,387,5,3,2,10
4472,100,-1102322606985804663,0,75,75,360,2,5,3,18
4473,100,-3369756854749998324,0,57,57,390,1,8,5,13
4474,100,-4011172473682001069,0,71,71,377,1,4,1,15
4475,100,2469867152145021001,0,70,70,371,2,6,3,8
4476,100,7023697610181425480,0,53,53,390,2,5,3,14
4477,100,-8798506651722619766,0,67,67,385,1,4,1,12
4478,100,-2374104381926381433,0,75,75,373,2,4,2,13
4479,100,3711680757141827567,0,86,86,374,1,4,2,10
4480,100,-3360003077428148910,0,64,64,373,3,2,1,5
4481,100,-4439837778791575874,0,66,66,378,4,4,3,8
4482,100,-3783232813208883491,0,74,74,371,3,6,5,11
4483,100,-6297727247213303726,0,74,74,361,6,5,3,13
4484,100,-4987256740453818008,0,47,47,370,6,4,2,9
4485,100,-3818657841030321837,0,50,50,385,2,7,4,14
4486,100,4128009488208672143,0,89,89,374,5,6,5,15
4487,100,-5819589073867651801,0,56,56,387,3,4,1,10
4488,100,-5288655701201043232,0,78,78,376,1,5,3,14
4489,100,-5331112289362109785,0,54,54,357,3,9,7,23
4490,100,-6031875108906112082,0,72,72,376,1,4,2,13
4491,100,-1569102273204801515,0,68,68,384,2,3,1,5
4492,100,7572030128459534372,0,65,65,366,5,3,2,13
4493,100,-5101626358848226738,0,97,97,366,4,8,5,21
4494,100,-4909544427309468004,0,80,80,388,2,5,2,15
4495,100,7371883830174442299,0,57,57,385,4,6,4,10
4496,100,-5039902670702935247,0,62,62,383,4,3,2,7
4497,100,6302942028152259469,0,74,74,367,1,8,3,18
4498,100,8620603271610017938,0,81,81,373,5,6,4,13
4499,100,-3575875178978786391,0,76,76,369,6,5,4,13
4500,100,2265487973181518873,0,59,59,382,2,3,1,12
4501,100,2472481083535677407,0,52,52,382,1,3,1,10
4502,100,-1520282148077844709,0,70,70,369,8,3,2,3
4503,100,-4752219499798541342,0,68,68,375,4,3,1,5
4504,100,-2357364194842046079,0,42,42,380,2,5,4,11
4505,100,-6113860432592891532,0,76,76,352,4,4,2,12
4506,100,8511267053007020439,0,64,64,377,1,7,5,20
4507,100,4452302986629695072,0,74,74,364,1,5,2,11
4508,100,-3103756756715987677,0,63,63,376,2,9,5,17
4509,100,-1083294045927529043,0,71,71,356,1,3,1,7
4510,100,-9222797788628879431,0,54,54,387,2,3,1,7
4511,100,-1729510898719762416,0,69,69,370,3,5,4,11
4512,100,8282904293887113806,0,59,59,379,9,2,2,2
4513,100,1058212521157744546,0,54,54,363,4,4,2,6
4514,100,-3296043615009361910,0,71,71,373,2,5,3,11
4515,100,-948546358985991470,0,76,76,364,6,3,1,8
4516,100,8213771690227321953,0,66,66,378,4,4,2,6
4517,100,3404568782455437980,0,63,63,383,8,1,1,2
4518,100,-3467268837247295900,0,64,64,378,1,7,4,21
4519,100,6819339969115883514,0,50,50,384,4,2,1,3
4520,100,-2691644880542046893,0,53,53,368,2,4,2,8
4521,100,-3146401059919149925,0,66,66,378,3,6,5,14
4522,100,-7662634911702574473,0,45,45,370,5,4,2,15
4523,100,-3085910328393207086,0,46,46,395,2,5,1,11
4524,100,-2379229398981475282,0,51,51,368,3,12,9,28
4525,100,5558245068308607184,0,52,52,382,2,5,3,11
4526,100,-52076772849572281,0,50,50,386,6,7,5,11
4527,100,6498946502024581910,0,66,66,383,3,7,5,20
4528,100,5072220397659612047,0,76,76,387,1,4,2,10
4529,100,-3264158940970700252,0,84,84,374,2,7,5,16
4530,100,9082933860291830956,0,64,64,377,4,5,2,13
4531,100,-3898082470769877130,0,50,50,385,3,3,1,8
4532,100,348798647986526248,0,70,70,370,1,4,2,10
4533,100,2284227899486696880,0,73,73,367,4,8,6,21
4534,100,-6314621120096591920,0,46,46,356,1,6,4,12
4535,100,5073985503318865943,0,82,82,370,4,3,1,5
4536,100,-812062288468689089,0,87,87,382,2,4,2,10
4537,100,-9102940175959165629,0,81,81,374,7,4,3,9
4538,100,7726185912758968245,0,41,41,385,2,7,3,15
4539,100,2395712545643389202,0,62,62,372,1,6,4,12
4540,100,-8005881501692068564,0,81,81,376,5,3,2,6
4541,100,5913179642671438304,0,66,66,375,2,7,3,16
4542,100,-3350809073696468819,0,40,40,378,1,5,2,10
4543,100,-9049610937736835852,0,72,72,360,4,3,1,6
4544,100,-396300524558398497,0,57,57,379,1,4,2,9
4545,100,9053652897051946556,0,72,72,380,7,5,3,9
4546,100,7411003383445174752,0,76,76,384,2,3,1,9
4547,100,774462292696364861,0,80,80,393,1,6,4,18
4548,100,-8299188628105946793,0,50,50,374,2,2,1,7
4549,100,4692825513027821892,0,50,50,374,2,8,4,15
4550,100,6221191845757453257,0,33,33,376,1,8,4,20
4551,100,-904464956917379359,0,76,76,377,3,5,3,19
4552,100,-4667397705400437204,0,63,63,386,3,12,9,34
4553,100,-8501737476472432491,0,75,75,375,3,7,4,13
4554,100,-8704293333181935943,0,82,82,379,6,3,2,6
4555,100,-5118024160955125558,0,84,84,361,8,2,2,4
4556,100,1999459015133467654,0,57,57,366,1,10,7,22
4557,100,8868380327192204035,0,58,58,378,2,11,6,21
4558,100,2622989075152312659,0,60,60,377,2,5,3,11
4559,100,3733107449745355347,0,68,68,377,1,8,3,19
4560,100,-6977702338126883805,0,70,70,371,1,4,2,8
4561,100,7776717398355172115,0,73,73,376,4,2,1,6
4562,100,3297991829635692302,0,60,60,366,5,3,2,8
4563,100,2143169727174163406,0,87,87,393,1,6,4,14
4564,100,-1336070968624306731,0,68,68,380,1,6,3,14
4565,100,6602036647741917568,0,60,60,372,6,7,5,15
4566,100,-1441683131092937033,0,82,82,375,1,3,1,9
4567,100,7396026370365010688,0,73,73,373,4,4,2,9
4568,100,7204153421872198914,0,68,68,384,1,5,2,12
4569,100,3911276981238126521,0,67,67,383,1,7,4,14
4570,100,7113983966600861932,0,53,53,389,1,4,2,9
4571,100,7484392152801998240,0,60,60,376,4,5,3,10
4572,100,4093044804332087458,0,81,81,375,3,6,3,14
4573,100,9082865801249751649,0,80,80,375,1,9,5,19
4574,100,2774710799416194721,0,64,64,385,1,3,1,7
4575,100,-443741310103428133,0,89,89,372,1,6,4,13
4576,100,-8858937957177708219,0,58,58,379,1,5,2,15
4577,100,-2302864098459747378,0,53,53,387,1,8,4,17
4578,100,5645554163729479583,0,70,70,374,1,10,6,30
4579,100,-6095703014450709805,0,78,78,378,3,5,3,9
4580,100,5634446138658105227,0,77,77,370,2,3,1,10
4581,100,-144712013684674932,0,83,83,378,8,2,1,6
4582,100,-7843874181636278016,0,81,81,374,3,4,1,4
4583,100,-2382415358001332453,0,52,52,373,3,6,3,17
4584,100,6952622952787622569,0,83,83,391,2,3,1,11
4585,100,4450609294186581975,0,55,55,377,6,8,6,17
4586,100,1244529907876676533,0,92,92,389,3,4,2,10
4587,100,6732769016723224381,0,75,75,383,1,5,3,12
4588,100,1388466876889247466,0,63,63,379,3,7,5,16
4589,100,-4612420989446045148,0,67,67,365,2,5,2,14
4590,100,-8430195069444410624,0,69,69,382,2,4,3,9
4591,100,287455914334795316,0,70,70,373,1,4,2,12
4592,100,-2475835405443683284,0,61,61,376,5,4,2,11
4593,100,-5229969747665320040,0,67,67,391,3,12,11,25
4594,100,8983413375209761530,0,58,58,379,5,5,3,6
4595,100,-8333841491632212494,0,78,78,359,8,2,1,7
4596,100,-527060152939013025,0,79,79,366,2,7,5,14
4597,100,4238453760223233167,0,52,52,382,1,5,3,14
4598,100,-3632490047325298930,0,67,67,365,1,7,3,18
4599,100,1550416259789685211,0,58,58,370,1,4,2,7
4600,100,3057283512066988554,0,80,80,375,1,9,6,25
4601,100,6014635620123398679,0,81,81,391,1,7,4,14
4602,100,7732514822930524284,0,75,75,389,3,4,2,14
4603,100,-171003034036244152,0,69,69,380,4,4,3,7
4604,100,4255710372893798086,0,59,59,366,2,3,1,10
4605,100,8832845697821761650,0,65,65,383,4,4,2,10
4606,100,-6438253962714600233,0,66,66,372,7,1,1,2
4607,100,-3283687363360984570,0,41,41,381,5,3,1,7
4608,100,-8922446610459057728,0,71,71,383,4,6,3,21
4609,100,-1137175606061192808,0,68,68,376,2,6,4,16
4610,100,-4863744750989781881,0,51,51,370,6,5,3,8
4611,100,-7335009712852933932,0,72,72,387,1,3,1,8
4612,100,-9220162485069048261,0,57,57,370,2,4,2,11
4613,100,6235967355422700466,0,59,59,378,3,5,3,12
4614,100,-8178839820170505912,0,66,66,378,3,8,4,24
4615,100,8861931383248862696,0,93,93,365,2,9,8,18
4616,100,4406500827000158732,0,86,86,362,5,2,1,6
4617,100,-4293193293689134176,0,79,79,367,2,6,3,17
4618,100,3598429392873223337,0,74,74,377,2,5,4,11
4619,100,-3295214377242061973,0,61,61,374,4,8,6,18
4620,100,2345356583275971612,0,60,60,394,1,3,1,7
4621,100,1352470285754015604,0,72,72,362,6,2,1,5
4622,100,-6512276031972993394,0,60,60,381,6,5,3,12
4623,100,2575683207392056312,0,62,62,368,2,8,5,22
4624,100,8051057563013022442,0,90,90,378,7,2,2,4
4625,100,-9212064823978835723,0,53,53,384,1,7,3,22
4626,100,-5661861691009201233,0,68,68,387,4,2,1,5
4627,100,-2189367002443683039,0,84,84,379,1,5,3,8
4628,100,-5685671474415486201,0,65,65,373,5,3,2,8
4629,100,-1836838547979462627,0,55,55,380,1,5,1,10
4630,100,-5996050385928950761,0,86,86,372,4,4,2,9
4631,100,-751495389661419030,0,82,82,377,4,4,2,11
4632,100,1167005446393288087,0,77,77,379,1,5,3,16
4633,100,-6414332035133456996,0,76,76,392,4,3,1,4
4634,100,-6088355414583694939,0,61,61,379,4,3,1,12
4635,100,2127416507218100556,0,86,86,380,3,9,6,17
4636,100,-7398464362921795882,0,69,69,378,2,6,4,8
4637,100,2329931016919151954,0,76,76,369,2,2,1,8
4638,100,6516353780570977934,0,66,66,375,3,5,3,12
4639,100,-6657189536538850124,0,67,67,384,4,7,5,16
4640,100,5633924726786610321,0,70,70,386,5,3,1,4
4641,100,-264267487050768168,0,82,82,381,5,2,2,6
4642,100,-6343138096139928615,0,59,59,389,1,4,2,10
4643,100,-5395058413673714559,0,60,60,374,5,2,1,5
4644,100,-3773263708711598935,0,56,56,367,2,8,6,17
4645,100,-2228999869242867208,0,66,66,373,2,3,1,11
4646,100,3352605400110948322,0,73,73,373,3,7,5,12
4647,100,-6893962624959483767,0,67,67,373,1,4,2,10
4648,100,8559444061959142292,0,62,62,403,6,7,5,19
4649,100,1959394239877319985,0,75,75,386,3,4,2,11
4650,100,4125848018672917719,0,69,69,370,1,5,3,14
4651,100,-8263347643581263212,0,79,79,375,2,3,2,8
4652,100,-1299974607735586084,0,89,89,377,1,7,4,12
4653,100,-6452507939789960140,0,50,50,392,9,2,2,6
4654,100,2722872952959674174,0,67,67,369,1,5,3,11
4655,100,-2701830490691747616,0,69,69,370,2,2,1,6
4656,100,-4017491149832278115,0,66,66,356,1,11,8,29
4657,100,-7923276058726117271,0,84,84,376,4,5,2,13
4658,100,-2900430191481985939,0,72,72,363,6,3,2,6
4659,100,2390013642129012891,0,57,57,363,4,2,1,5
4660,100,-8885301023018876661,0,63,63,384,2,4,2,11
4661,100,2206342832899306859,0,73,73,372,3,6,3,14
4662,100,-1348005360414363375,0,74,74,382,1,4,1,9
4663,100,815485447340634220,0,53,53,385,1,3,1,7
4664,100,-1703858248763240726,0,73,73,368,3,8,5,28
4665,100,2022163796178514824,0,57,57,379,1,6,4,14
4666,100,7346472945300912040,0,68,68,369,3,5,3,11
4667,100,-8083360519729769749,0,59,59,367,6,3,1,6
4668,100,-1098851606204233708,0,67,67,390,5,3,1,7
4669,100,-196305447095418302,0,55,55,386,4,7,4,20
4670,100,8609847116114777862,0,85,85,376,1,10,7,23
4671,100,-2422757585120229083,0,55,55,377,6,2,1,5
4672,100,-1265121251593338633,0,69,69,364,3,4,3,13
4673,100,-3415294801574819120,0,75,75,357,7,4,3,13
4674,100,6815288322813090004,0,70,70,369,3,4,3,12
4675,100,4682167959708472601,0,67,67,370,1,8,3,12
4676,100,5892810459571474964,0,15,15,380,3,4,2,8
4677,100,-3768423362378110306,0,64,64,376,3,4,2,7
4678,100,1410140407911462924,0,88,88,383,7,2,1,5
4679,100,8993932262399278141,0,51,51,367,2,12,9,23
4680,100,3605608230851413633,0,59,59,372,4,2,1,3
4681,100,7055743710534190536,0,62,62,388,2,8,5,15
4682,100,-1332323374808942721,0,67,67,373,1,5,3,12
4683,100,-3974985951113592327,0,46,46,360,2,6,3,18
4684,100,-7098232332129019288,0,80,80,382,5,3,2,5
4685,100,-1405770957033166429,0,62,62,371,6,2,1,6
4686,100,7515130872325867599,0,91,91,373,3,4,2,16
4687,100,4926733097760748074,0,21,21,361,3,14,12,24
4688,100,5703159924720912774,0,73,73,394,1,6,5,11
4689,100,-4311096994697003211,0,66,66,376,2,6,3,14
4690,100,8404747231618842741,0,68,68,374,4,4,3,7
4691,100,-824025839350563935,0,66,66,368,2,4,3,7
4692,100,9018629188278398381,0,41,41,377,4,6,5,16
4693,100,5480244804990864824,0,60,60,378,7,3,2,4
4694,100,-927588941024157380,0,57,57,376,4,5,4,9
4695,100,-5512164119009699166,0,59,59,375,4,7,3,16
4696,100,1238790563276811586,0,68,68,380,5,9,5,22
4697,100,-3047782187493389029,0,72,72,375,1,5,2,17
4698,100,4441311348562210244,0,80,80,388,2,3,2,6
4699,100,2903745421731713894,0,61,61,380,5,2,1,7
4700,100,-4451175394396931649,0,76,76,365,1,4,1,9
4701,100,8567698693762975872,0,77,77,388,1,5,3,11
4702,100,-1381406972585373312,0,76,76,369,6,8,6,14
4703,100,-3206054661257855847,0,71,71,395,1,4,1,8
4704,100,3860470038209306162,0,78,78,394,2,8,4,20
4705,100,-2193148424064118593,0,60,60,372,7,4,3,6
4706,100,6454343825536276152,0,64,64,373,1,4,2,8
4707,100,8621008729220995548,0,55,55,372,2,2,1,4
4708,100,-9000411917932192323,0,72,72,365,2,4,1,11
4709,100,1057858812745268962,0,54,54,379,5,4,2,12
4710,100,-5447328137169277688,0,58,58,377,3,4,2,15
4711,100,-6221434194409798076,0,60,60,370,4,4,2,12
4712,100,3955558051421463060,0,86,86,380,2,3,1,5
4713,100,1535646357619967655,0,59,59,372,1,5,2,16
4714,100,-1192228144982294561,0,58,58,380,2,5,3,11
4715,100,2427647949303770841,0,58,58,390,5,2,1,3
4716,100,3531279066719287810,0,73,73,377,2,3,1,5
4717,100,-2955236072327489278,0,65,65,389,1,7,2,16
4718,100,2410049515616378113,0,72,72,375,3,4,2,5
4719,100,8673856976662502680,0,92,92,359,3,5,2,16
4720,100,-7941156326897965084,0,56,56,393,1,8,5,22
4721,100,4833469902836192920,0,78,78,371,5,2,1,7
4722,100,8837157527427361542,0,70,70,383,1,4,2,6
4723,100,6454477319823053170,0,87,87,376,1,9,5,25
4724,100,4043248592904208428,0,73,73,371,1,5,3,13
4725,100,-3247340730168094140,0,71,71,385,3,4,2,9
4726,100,6837330329834696665,0,66,66,384,2,5,3,15
4727,100,-2784071305759347253,0,50,50,374,1,5,3,14
4728,100,3779909898735359967,0,56,56,370,3,6,4,17
4729,100,-8582108014560189547,0,82,82,384,1,10,6,21
4730,100,-5033491638767130823,0,91,91,372,2,7,5,18
4731,100,-8899090629261611013,0,53,53,386,2,4,3,7
4732,100,-385944036584766696,0,71,71,372,3,2,1,2
4733,100,3205665927993805134,0,61,61,361,2,4,1,10
4734,100,3395031883687405883,0,74,74,383,1,5,2,10
4735,100,-444363213489423280,0,49,49,387,1,5,4,11
4736,100,701518439758848899,0,88,88,356,3,6,4,19
4737,100,-5309823863897711642,0,75,75,387,1,5,3,15
4738,100,5897875397100380358,0,47,47,377,3,4,2,16
4739,100,6220748316082337802,0,73,73,370,6,2,1,9
4740,100,4053574319023343330,0,77,77,388,1,8,3,15
4741,100,-2408439671966216186,0,52,52,371,4,5,3,10
4742,100,-5007840973072412139,0,86,86,371,1,3,1,4
4743,100,-9102295770110692386,0,65,65,365,1,4,2,6
4744,100,-3391793488890800756,0,73,73,382,2,9,6,27
4745,100,-8559646303804978931,0,84,84,382,2,6,4,13
4746,100,6814927858659488057,0,78,78,384,2,6,3,11
4747,100,8478264000263005812,0,51,51,364,3,10,7,30
4748,100,3637370423494856937,0,70,70,368,2,4,1,10
4749,100,6554155306381491087,0,66,66,374,6,3,1,7
4750,100,5282460066691057813,0,52,52,368,4,5,3,20
4751,100,-1245933930050930967,0,70,70,376,5,3,2,7
4752,100,-5534253996534734345,0,64,64,369,1,4,2,11
4753,100,1944387450237788114,0,57,57,359,6,3,2,7
4754,100,9085232658313899872,0,73,73,363,4,5,3,16
4755,100,-8040223667646556338,0,77,77,372,1,5,3,18
4756,100,2258686240335689672,0,76,76,382,6,3,2,11
4757,100,-6567909653684784049,0,79,79,384,3,2,1,3
4758,100,-8503570892007567322,0,40,40,374,2,5,3,11
4759,100,7844610650369322791,0,65,65,378,1,6,4,10
4760,100,5160076153970324994,0,75,75,370,5,2,2,8
4761,100,1649867159560130615,0,69,69,382,1,3,2,8
4762,100,859520256996081479,0,56,56,371,2,6,4,19
4763,100,719997728832280044,0,74,74,387,5,6,5,15
4764,100,-4962637289850883235,0,64,64,386,2,3,1,7
4765,100,-7396944363526961684,0,84,84,384,1,5,2,10
4766,100,4963406687954788727,0,74,74,378,5,6,2,16
4767,100,8393658885454552459,0,64,64,369,2,5,3,12
4768,100,-659106704868161495,0,62,62,369,3,9,7,19
4769,100,-7871871772422531709,0,64,64,371,4,4,2,9
4770,100,-7765356273205108164,0,67,67,375,3,3,1,10
4771,100,-6064307102545187612,0,70,70,376,2,5,1,14
4772,100,737893365716921541,0,67,67,369,1,10,7,22
4773,100,6813700885540548425,0,62,62,379,4,6,3,9
4774,100,-7040875296971261324,0,72,72,377,3,5,4,9
4775,100,-5220112888619799988,0,83,83,385,3,4,2,5
4776,100,-1185095473039398871,0,66,66,374,2,6,3,12
4777,100,-6713439642185513413,0,71,71,368,1,8,5,18
4778,100,-4803466053731924276,0,68,68,379,2,4,2,9
4779,100,119502955310233099,0,73,73,377,1,9,6,18
4780,100,-7187423802362392995,0,73,73,368,1,7,4,16
4781,100,3643904956652532364,0,47,47,379,4,5,3,11
4782,100,5184789394522484297,0,62,62,368,1,4,1,9
4783,100,2810246249488020702,0,73,73,380,4,5,3,16
4784,100,2036604203239165696,0,62,62,381,1,4,2,9
4785,100,147720298326909987,0,63,63,394,1,4,1,9
4786,100,2978812720012662979,0,90,90,376,2,5,2,7
4787,100,5334287106579540597,0,53,53,388,5,3,1,9
4788,100,-2227467942910045246,0,62,62,386,3,3,1,10
4789,100,1377631257468740890,0,59,59,387,3,2,1,5
4790,100,4822235765924754789,0,82,82,396,4,6,4,14
4791,100,1798954928809976822,0,72,72,376,2,4,2,9
4792,100,-3741559573388448023,0,70,70,373,2,6,3,11
4793,100,7453780796349164608,0,73,73,370,1,9,6,19
4794,100,1190923572047696175,0,55,55,373,2,4,2,9
4795,100,2637456838342521464,0,72,72,374,3,4,2,11
4796,100,7011745095018879440,0,64,64,371,5,2,1,3
4797,100,-643393322997612648,0,78,78,391,2,4,2,11
4798,100,1354386839122132340,0,78,78,380,1,8,5,14
4799,100,-2800091804015741559,0,53,53,383,2,5,3,11
4800,100,-80724804202577052,0,56,56,373,3,4,2,4
4801,100,7052349357684500184,0,71,71,386,1,3,1,6
4802,100,-7658906273423554980,0,59,59,392,5,4,2,8
4803,100,7407165273662289321,0,76,76,378,8,3,2,9
4804,100,-1542990289961881947,0,59,59,365,4,6,4,13
4805,100,-7879906092101358101,0,66,66,387,2,2,1,4
4806,100,-8979915612102706845,0,68,68,379,1,4,2,12
4807,100,3176254989977669325,0,59,59,358,3,7,3,13
4808,100,-8771991959646838485,0,55,55,357,7,2,1,8
4809,100,-3241415252451395729,0,58,58,361,2,8,6,27
4810,100,1544382782731484120,0,81,81,388,1,7,3,19
4811,100,-4612147211380512036,0,47,47,369,2,9,7,22
4812,100,93472631812366751,0,70,70,375,5,6,3,16
4813,100,-2348936318010269896,0,59,59,379,1,4,1,12
4814,100,7040782792118055263,0,62,62,369,4,6,5,13
4815,100,-8175559043283039179,0,76,76,372,2,4,2,11
4816,100,7786032079042774589,0,67,67,376,4,4,2,7
4817,100,7106737101789310155,0,89,89,390,7,2,2,6
4818,100,-1075728688335818128,0,60,60,360,2,8,6,16
4819,100,1605497241076787240,0,85,85,372,5,4,2,7
4820,100,2899936669647704921,0,54,54,384,3,5,2,16
4821,100,-2232728629425121820,0,68,68,379,4,5,3,11
4822,100,-3927526335285046570,0,82,82,378,4,3,2,8
4823,100,4168675845258350968,0,63,63,372,3,4,2,7
4824,100,5727603103096318422,0,62,62,374,5,5,2,9
4825,100,-9004773100710031120,0,71,71,359,4,5,3,11
4826,100,-7577421878283208656,0,73,73,368,1,5,2,9
4827,100,-4274695413568671008,0,73,73,379,3,7,4,14
4828,100,-3491619894057794128,0,84,84,388,2,4,2,11
4829,100,6902077682026788756,0,67,67,376,5,5,4,7
4830,100,-1735598376984739725,0,68,68,362,2,6,4,17
4831,100,3910916052217387402,0,61,61,381,3,6,4,14
4832,100,-6193908125351867276,0,64,64,368,2,2,1,5
4833,100,-2309869730743092956,0,65,65,393,4,6,4,15
4834,100,-4058141494888253338,0,66,66,383,3,7,4,15
4835,100,2586489100113022873,0,63,63,369,4,3,1,7
4836,100,-314537484233446461,0,60,60,373,1,11,6,25
4837,100,-7930550824280105684,0,93,93,368,3,2,1,6
4838,100,6113173314663326244,0,73,73,373,5,4,2,9
4839,100,317086818783364769,0,35,35,374,1,9,6,24
4840,100,3235083806798219219,0,60,60,371,2,5,3,13
4841,100,5799212062587033067,0,59,59,379,3,5,2,9
4842,100,6631235636147506078,0,76,76,380,4,4,2,13
4843,100,476530716965360169,0,45,45,388,1,5,2,13
4844,100,-761038434372273683,0,65,65,381,6,2,1,5
4845,100,-1391441180278349101,0,62,62,378,2,6,2,16
4846,100,7163936371385529623,0,66,66,389,5,4,2,11
4847,100,-6445481405541813712,0,58,58,371,7,3,2,5
4848,100,-6339445273224651024,0,53,53,381,3,3,1,8
4849,100,-6521301236075117813,0,52,52,369,8,3,2,3
4850,100,611094734295009190,0,76,76,362,2,5,3,6
4851,100,1315954391301156261,0,57,57,369,5,5,4,15
4852,100,-7735067156724632115,0,69,69,397,1,3,2,8
4853,100,-7635134465550764051,0,73,73,366,2,4,1,11
4854,100,798971962657856439,0,71,71,385,1,8,4,19
4855,100,1383533000907898094,0,65,65,363,4,2,1,6
4856,100,3166221893209427465,0,54,54,384,2,4,2,13
4857,100,-1356813851856251000,0,35,35,382,1,5,2,12
4858,100,-2062756184541278326,0,85,85,380,2,10,9,32
4859,100,2113343612153594978,0,43,43,390,3,4,2,8
4860,100,-778322841803012546,0,80,80,373,4,3,1,8
4861,100,3487393877544759071,0,71,71,372,1,6,2,15
4862,100,5326659701443538355,0,73,73,382,1,9,5,18
4863,100,6442686020352581327,0,37,37,385,2,8,5,18
4864,100,6275628277835799193,0,41,41,384,2,7,4,13
4865,100,347738813425546663,0,50,50,372,4,4,2,9
4866,100,-6037586217895894120,0,89,89,376,2,6,4,13
4867,100,-275923807867832331,0,78,78,373,1,3,1,6
4868,100,-6284737761413840034,0,75,75,365,4,2,1,3
4869,100,-511255581798658483,0,51,51,383,1,8,5,13
4870,100,2408483202737440758,0,48,48,384,2,8,4,17
4871,100,20255559581972232,0,57,57,379,2,6,4,15
4872,100,-9383704344894624,0,59,59,367,1,9,5,19
4873,100,-7921497051088364818,0,72,72,377,4,4,1,8
4874,100,1586514447318298973,0,88,88,390,2,5,2,7
4875,100,7303539418680637746,0,40,40,367,6,1,1,1
4876,100,-5359063093527820663,0,71,71,376,2,12,9,25
4877,100,8183951760486768286,0,62,62,387,7,4,3,7
4878,100,-8165640397251142481,0,57,57,391,2,5,3,7
4879,100,7668341174674054158,0,56,56,386,2,4,1,10
4880,100,-6032694225040773032,0,86,86,371,2,5,3,16
4881,100,-4889458838971404254,0,76,76,367,1,6,4,17
4882,100,-7669852774021586011,0,50,50,372,2,5,4,9
4883,100,-2989476406264195026,0,61,61,364,1,6,3,16
4884,100,-912604482860123554,0,40,40,360,3,2,1,8
4885,100,1165069046197927029,0,66,66,370,9,2,2,6
4886,100,2226869052168471370,0,58,58,379,1,6,3,16
4887,100,5074373972143500183,0,42,42,380,1,7,4,13
4888,100,-8629253443204562240,0,68,68,386,4,6,3,12
4889,100,4510957173203130695,0,50,50,379,2,4,2,8
4890,100,8392907187921154686,0,62,62,382,7,3,3,5
4891,100,-6723915787590396864,0,54,54,366,4,6,3,13
4892,100,-7575141277294335304,0,75,75,368,1,3,1,10
4893,100,-6136008324683470983,0,84,84,354,2,4,2,15
4894,100,100366529179551860,0,79,79,375,3,3,1,9
4895,100,6151402191644039831,0,80,80,366,3,2,1,7
4896,100,-3779129942157744876,0,56,56,393,5,2,1,2
4897,100,-5895727250851740254,0,61,61,371,1,6,3,16
4898,100,3046674274181346100,0,55,55,368,5,8,6,20
4899,100,-7837473147583452165,0,73,73,373,1,6,3,8
4900,100,-91538517965876043,0,69,69,375,5,6,5,15
4901,100,-7235764474205875571,0,73,73,384,5,3,2,8
4902,100,-5199218322273468902,0,55,55,391,5,4,2,14
4903,100,1177649476535403843,0,58,58,391,1,3,1,9
4904,100,-4579670433124517102,0,58,58,366,8,1,1,4
4905,100,648240737082032057,0,69,69,386,1,5,2,17
4906,100,4343447650372806741,0,51,51,383,6,3,2,8
4907,100,-4308590766539625163,0,57,57,370,8,2,1,7
4908,100,1166172737723627187,0,46,46,373,1,9,6,20
4909,100,-3216862547834817576,0,81,81,388,4,3,1,11
4910,100,-4172443947555878039,0,83,83,377,1,7,5,17
4911,100,-723404788157792496,0,74,74,369,1,4,2,10
4912,100,-2606286179010899530,0,72,72,385,6,2,1,6
4913,100,-1514684993947091632,0,59,59,353,1,6,3,13
4914,100,2690598472679707053,0,42,42,375,3,6,3,15
4915,100,-6537460857314409213,0,68,68,366,3,8,5,17
4916,100,-5279241025590042548,0,59,59,377,2,4,2,9
4917,100,6203214585241277629,0,68,68,370,3,3,1,7
4918,100,159686887126367438,0,64,64,374,1,6,4,19
4919,100,-8581345461870812493,0,50,50,378,4,5,3,10
4920,100,-7481624706385940675,0,47,47,385,5,6,4,18
4921,100,-30297275028754579,0,87,87,382,7,3,1,9
4922,100,475770257234345034,0,50,50,377,3,6,3,12
4923,100,5198794021674258361,0,79,79,372,2,6,3,14
4924,100,6244899919159968352,0,80,80,359,5,3,2,3
4925,100,-2856894716121800222,0,65,65,384,4,7,3,18
4926,100,7352092163977745398,0,76,76,382,9,2,2,2
4927,100,5225359065504850466,0,75,75,371,1,7,3,19
4928,100,286706065750172452,0,67,67,374,1,3,2,9
4929,100,-8521872579014536620,0,65,65,378,4,8,5,19
4930,100,2452555701672317561,0,65,65,371,4,4,3,12
4931,100,7315368837731739885,0,88,88,375,1,5,3,14
4932,100,4880947357679206155,0,59,59,378,3,5,3,7
4933,100,8637640938382555948,0,55,55,391,1,3,1,6
4934,100,-9006778892405745714,0,65,65,383,4,6,4,16
4935,100,3193511670506772112,0,71,71,363,2,4,3,10
4936,100,3816498469503112745,0,64,64,372,5,4,1,8
4937,100,1953647712833207690,0,57,57,381,4,7,4,10
4938,100,6910925752411843526,0,78,78,373,2,8,6,20
4939,100,-4501141371434452108,0,74,74,373,5,6,4,11
4940,100,-8283590786858436183,0,71,71,399,2,5,3,14
4941,100,-4053805655906057279,0,77,77,383,2,4,2,8
4942,100,-465806485414648700,0,65,65,370,3,7,4,13
4943,100,7757773176873488500,0,68,68,383,4,3,1,7
4944,100,1212827566753143368,0,82,82,370,3,2,1,2
4945,100,-3198991557598088234,0,78,78,387,4,5,3,12
4946,100,6927840492396600575,0,65,65,382,5,7,5,18
4947,100,-2828589738850905758,0,60,60,369,7,5,4,11
4948,100,-5837651109396633896,0,89,89,376,1,6,4,11
4949,100,-6236148555502996988,0,62,62,369,6,3,2,7
4950,100,-7737629098956113021,0,75,75,366,4,8,7,13
4951,100,-7328402486721566846,0,79,79,373,5,4,3,10
4952,100,2068208906493328063,0,62,62,386,2,5,2,12
4953,100,-4460038445076270278,0,27,27,381,4,4,2,12
4954,100,-2841586488433063888,0,61,61,376,1,5,1,12
4955,100,-99183350771047411,0,58,58,382,2,5,3,10
4956,100,-258518838167315339,0,73,73,369,6,4,3,10
4957,100,-6076492946496135269,0,52,52,383,3,7,3,15
4958,100,-1518615602346617990,0,84,84,378,1,3,1,8
4959,100,7135321500051196592,0,89,89,377,2,7,5,12
4960,100,4913655718717049865,0,70,70,369,1,5,4,17
4961,100,4577940987654653181,0,70,70,373,2,7,4,18
4962,100,4686431369506106535,0,78,78,371,1,4,2,9
4963,100,6236785660249484298,0,60,60,370,1,4,3,6
4964,100,-3468359689341640291,0,65,65,383,4,5,3,12
4965,100,-1746916865910040213,0,71,71,384,2,6,3,13
4966,100,-6467034427922896812,0,82,82,372,3,4,2,13
4967,100,7587721520521236529,0,73,73,379,4,4,2,12
4968,100,-3955054140325250074,0,59,59,372,1,5,4,15
4969,100,6711204383273389475,0,87,87,372,2,7,4,17
4970,100,1044019188837807856,0,66,66,374,1,4,1,6
4971,100,5790188090556461358,0,84,84,374,4,2,1,8
4972,100,-3025922862253785427,0,62,62,379,1,4,1,11
4973,100,-7559264425661829223,0,69,69,382,4,5,2,8
4974,100,-3287743212537279680,0,77,77,381,2,3,2,10
4975,100,1940423809748239740,0,52,52,373,1,5,2,10
4976,100,-3686649325377904304,0,66,66,381,1,6,3,15
4977,100,-4679176619736621838,0,73,73,377,3,3,2,8
4978,100,-156212797813337894,0,73,73,369,1,4,2,13
4979,100,-7974831299697649011,0,66,66,375,2,4,3,9
4980,100,154703785293925697,0,69,69,378,4,8,6,14
4981,100,-2799029206050585206,0,68,68,365,1,5,3,14
4982,100,-3150495856305802583,0,72,72,367,4,4,1,10
4983,100,8841596844950191941,0,74,74,383,3,3,1,6
4984,100,2614323295306878086,0,63,63,381,3,7,5,14
4985,100,8948102181932760559,0,62,62,380,2,4,2,17
4986,100,3442436459345572207,0,58,58,360,6,3,2,7
4987,100,8271737488782474877,0,62,62,365,4,3,2,8
4988,100,-147956121700890568,0,64,64,381,4,7,4,20
4989,100,7158142412470297059,0,71,71,388,2,8,6,21
4990,100,-1527747286827267522,0,82,82,381,5,4,2,13
4991,100,3249826629912979841,0,65,65,379,1,7,5,13
4992,100,7460723141225715460,0,58,58,367,5,3,2,10
4993,100,-2581518437983254819,0,63,63,374,1,4,1,10
4994,100,1622066195810938110,0,66,66,361,1,3,1,7
4995,100,9163959810080715411,0,52,52,372,5,4,1,7
4996,100,2683378887405067181,0,55,55,369,1,3,1,4
4997,100,1410365442187624073,0,67,67,375,4,6,4,13
4998,100,6458503971860693739,0,59,59,384,6,3,1,8
4999,100,5764018118263068518,0,71,71,377,6,2,1,9
5000,100,7937678444978451335,0,76,76,384,6,5,2,12
5001,100,930714081322117444,0,71,71,391,4,2,1,3
5002,100,8526182245430166804,0,73,73,368,1,3,1,7
5003,100,-7596663668634510429,0,83,83,373,3,5,3,9
5004,100,6845523697264194814,0,66,66,375,2,3,2,12
5005,100,-7012357215985297247,0,65,65,366,6,3,2,3
5006,100,-6936089782546652451,0,38,38,386,1,6,2,16
5007,100,-1848494374678621337,0,79,79,376,4,4,1,11
5008,100,-6265149239706190323,0,72,72,374,8,1,1,3
5009,100,2888393795912253926,0,85,85,380,1,9,7,13
5010,100,-428116294437275522,0,78,78,383,6,4,3,11
5011,100,-6638321312318341693,0,47,47,372,2,4,2,6
5012,100,7238814675793646280,0,69,69,384,1,4,2,7
5013,100,-3204035651726458737,0,68,68,380,2,4,2,9
5014,100,6498231125222397313,0,82,82,366,6,6,4,9
5015,100,-2235715970220757189,0,70,70,394,1,7,3,20
5016,100,797271992622287826,0,70,70,389,2,7,5,14
5017,100,2454230482833369290,0,61,61,391,5,8,5,16
5018,100,2053016372859654984,0,76,76,382,2,4,1,6
5019,100,818074394705136712,0,69,69,374,5,5,2,12
5020,100,5140859246485787879,0,67,67,383,5,4,3,13
5021,100,3165010025597708794,0,36,36,384,3,5,2,14
5022,100,-5457846575330477180,0,78,78,366,1,6,2,14
5023,100,955659920899904470,0,51,51,380,3,4,2,11
5024,100,8152961048177621844,0,75,75,374,2,9,7,28
5025,100,8868917016769642805,0,55,55,354,5,4,3,7
5026,100,7464957167216672447,0,49,49,382,3,3,1,8
5027,100,4310173091320265158,0,84,84,397,4,4,2,9
5028,100,5208282058451553402,0,91,91,379,1,4,1,6
5029,100,-6611458519986521146,0,92,92,380,5,4,3,8
5030,100,-8781583162655720748,0,59,59,364,4,7,5,17
5031,100,8283397848018112877,0,51,51,381,4,5,3,12
5032,100,-4957208417980447665,0,69,69,360,3,5,2,15
5033,100,-3770482011042920021,0,80,80,385,4,2,1,2
5034,100,5382678488945283441,0,68,68,363,3,7,4,19
5035,100,810086921768519700,0,64,64,365,2,5,2,13
5036,100,5643132774581767132,0,71,71,385,1,6,3,10
5037,100,1364765642698645527,0,30,30,393,3,3,1,5
5038,100,-9022697884290773348,0,75,75,382,3,6,4,13
5039,100,-1591014435905867914,0,85,85,387,7,3,1,8
5040,100,474422179715303360,0,42,42,391,2,6,3,14
5041,100,-8838798075428983823,0,67,67,359,4,5,3,13
5042,100,613569399735607083,0,79,79,375,4,2,1,4
5043,100,-4038931573159602108,0,77,77,369,1,9,6,21
5044,100,-8027693327668545877,0,80,80,382,5,4,2,15
5045,100,8694709851185435732,0,53,53,376,3,8,7,15
5046,100,1613099853641766730,0,66,66,384,4,3,1,13
5047,100,-1084510904460706652,0,82,82,347,3,6,4,20
5048,100,-4959701584577585180,0,54,54,380,2,9,5,23
5049,100,-9187520042713084659,0,58,58,390,2,3,1,5
5050,100,9085385268200917241,0,39,39,372,1,7,4,13
5051,100,2829327344578132654,0,70,70,391,3,5,2,10
5052,100,4840247440722334148,0,44,44,376,3,5,4,11
5053,100,163912847521216800,0,71,71,354,2,4,1,10
5054,100,-3023386526116435316,0,79,79,391,2,9,5,19
5055,100,1049785053104807662,0,66,66,372,2,4,2,8
5056,100,6640720621717467193,0,58,58,381,4,3,2,7
5057,100,3511609755539266884,0,88,88,370,4,3,2,4
5058,100,-4352104624303911639,0,71,71,366,3,3,1,5
5059,100,8843545575859044069,0,42,42,363,3,4,2,13
5060,100,6338750133228671812,0,73,73,372,1,5,2,9
5061,100,-5364412294249864606,0,75,75,377,2,4,2,12
5062,100,-6777474119578098867,0,59,59,376,5,5,4,17
5063,100,4962221669804336008,0,73,73,377,2,2,1,4
5064,100,5580709393794790779,0,83,83,366,5,8,6,13
5065,100,-7475324197175613414,0,71,71,382,3,5,3,10
5066,100,-1720355107206867128,0,64,64,371,2,5,2,9
5067,100,-3113200092566273089,0,68,68,378,1,11,7,28
5068,100,-6567612848139865465,0,35,35,374,1,6,3,13
5069,100,122307328906553149,0,62,62,377,3,4,2,6
5070,100,-2673200637454880324,0,70,70,365,8,3,2,8
5071,100,7013100064699289319,0,75,75,363,6,2,1,6
5072,100,-94965138724252249,0,64,64,378,6,10,7,22
5073,100,6029633010907964500,0,64,64,384,5,8,5,26
5074,100,5273403319886762018,0,66,66,382,3,6,2,15
5075,100,436823894165325649,0,73,73,377,1,6,4,15
5076,100,-6972995769518036,0,72,72,390,1,5,2,7
5077,100,-6011098252291182056,0,66,66,381,4,4,3,15
5078,100,5496078138034498372,0,50,50,374,6,3,1,7
5079,100,3581470514738916545,0,70,70,389,2,3,1,4
5080,100,3237466408996122619,0,58,58,382,1,7,4,19
5081,100,6269035439649145848,0,81,81,361,3,4,2,10
5082,100,5135784431686938052,0,81,81,373,2,10,7,20
5083,100,-7205214720320915729,0,65,65,367,1,5,3,10
5084,100,2503482880114511374,0,69,69,376,2,6,4,10
5085,100,-3042545593171685226,0,87,87,373,5,5,3,16
5086,100,-6104924256286336364,0,69,69,376,1,6,3,16
5087,100,-1810296094192394231,0,76,76,380,5,5,3,14
5088,100,3170587407558946035,0,47,47,368,1,6,2,16
5089,100,3813758548985447498,0,61,61,370,1,3,1,10
5090,100,6358910691048620924,0,83,83,395,4,3,1,4
5091,100,5350252077910359855,0,68,68,378,2,5,3,11
5092,100,7356431304344325963,0,49,49,371,1,5,2,9
5093,100,602321223543767965,0,70,70,373,3,4,2,7
5094,100,-3696431587123245160,0,69,69,365,1,4,2,8
5095,100,3368984742611514102,0,52,52,371,1,6,4,25
5096,100,7523973450251505228,0,60,60,379,6,10,8,30
5097,100,677064726377971151,0,61,61,374,7,1,1,2
5098,100,-5145622545941507625,0,70,70,367,5,4,2,9
5099,100,7444734559399795686,0,63,63,380,3,8,5,24
5100,100,-6456127285723113408,0,64,64,368,7,3,2,8
5101,100,-7749871692956037293,0,79,79,393,2,6,3,16
5102,100,-1008580193400934531,0,70,70,383,6,3,2,5
5103,100,-3590930151140415748,0,45,45,376,6,2,1,6
5104,100,-7854198617075794172,0,60,60,381,1,8,4,16
5105,100,6946555029227942990,0,70,70,389,1,4,2,9
5106,100,4365643402072479393,0,62,62,380,1,5,3,13
5107,100,7345080542134626345,0,61,61,379,1,5,3,12
5108,100,-2113353939882322294,0,58,58,364,1,5,3,7
5109,100,-6230003157938156773,0,65,65,378,3,6,2,13
5110,100,-3545696794386971472,0,73,73,354,3,7,5,14
5111,100,-4338472164535679792,0,61,61,369,5,3,2,6
5112,100,2819756368767935319,0,72,72,368,6,4,2,13
5113,100,-5615133511743461687,0,71,71,368,1,5,3,13
5114,100,171313434508008680,0,82,82,383,2,6,3,17
5115,100,8346203698464370252,0,74,74,397,1,4,2,7
5116,100,7375897314639599878,0,42,42,391,4,3,1,5
5117,100,-1542558517459799653,0,76,76,377,1,8,4,27
5118,100,2862150794179153630,0,56,56,387,1,6,3,14
5119,100,4402246558280510568,0,54,54,384,4,3,2,8
5120,100,4368003247991498947,0,65,65,376,7,2,1,4
5121,100,5549797553138966407,0,68,68,383,1,3,1,10
5122,100,426485485376015609,0,56,56,388,1,7,4,13
5123,100,-6410110952654997531,0,47,47,375,1,5,2,11
5124,100,-8107125732802404400,0,74,74,369,2,4,3,7
5125,100,8421723942312145080,0,49,49,371,5,3,3,5
5126,100,3151486711740977908,0,69,69,372,2,5,2,13
5127,100,-1854204231991122697,0,70,70,402,4,4,3,8
5128,100,-3010121387354057213,0,71,71,395,3,4,2,13
5129,100,-4039811967936904179,0,78,78,382,3,9,7,15
5130,100,-2895953031842677664,0,68,68,364,5,3,2,5
5131,100,7117641125006450120,0,70,70,389,2,5,3,14
5132,100,-9090007655929369530,0,55,55,368,1,3,1,9
5133,100,-7883496131634333289,0,51,51,379,5,8,6,16
5134,100,-1674817069607523553,0,67,67,360,5,2,2,2
5135,100,6788709332008381684,0,57,57,372,3,4,1,14
5136,100,2150441878419725078,0,64,64,376,1,8,6,27
5137,100,6016489572452246815,0,76,76,385,2,6,3,16
5138,100,-574000202915791381,0,76,76,366,3,8,6,20
5139,100,-2541143068812322804,0,80,80,372,1,8,5,24
5140,100,6367105553277817093,0,57,57,383,2,4,2,12
5141,100,-7906315169252978531,0,79,79,388,7,5,3,7
5142,100,8986958165572327117,0,24,24,377,2,4,2,14
5143,100,-2917699659686819309,0,65,65,383,2,4,2,11
5144,100,4560055949135290681,0,75,75,364,2,4,2,12
5145,100,-8828692052898312510,0,43,43,383,2,6,3,14
5146,100,-7668999271087214170,0,34,34,389,2,9,5,24
5147,100,-1442248693661659644,0,73,73,374,6,6,4,15
5148,100,-6515819165136600598,0,49,49,372,3,2,1,3
5149,100,8929484699919768943,0,35,35,374,6,4,2,8
5150,100,-2016653880904430935,0,55,55,371,2,5,2,17
5151,100,3417071122630351178,0,62,62,371,2,6,4,13
5152,100,-3261913934505747737,0,59,59,376,1,9,4,25
5153,100,8515945755137300540,0,65,65,379,4,2,1,6
5154,100,-5482384581722123041,0,62,62,363,1,8,5,14
5155,100,-8477704691356555706,0,66,66,363,3,4,2,8
5156,100,6075587141742404626,0,60,60,389,3,4,2,7
5157,100,-7140279385470485774,0,56,56,384,5,3,2,10
5158,100,-8767805128990162782,0,73,73,375,4,5,3,12
5159,100,281774557202669260,0,55,55,370,1,5,2,17
5160,100,564330446555452383,0,62,62,364,8,3,2,9
5161,100,5267878317881635857,0,68,68,371,5,4,3,12
5162,100,-613899232840297950,0,80,80,380,2,5,3,9
5163,100,-5671520651693467994,0,71,71,376,4,3,1,4
5164,100,4140574350053613017,0,50,50,372,6,1,1,5
5165,100,2571823617727563595,0,63,63,375,5,5,4,14
5166,100,-2101085672852387869,0,71,71,387,3,5,3,9
5167,100,-7950695094486346224,0,68,68,376,1,4,3,11
5168,100,173714620304605470,0,79,79,376,1,6,2,14
5169,100,8782283932614721543,0,50,50,389,3,5,3,10
5170,100,-7358413874889617091,0,65,65,378,1,5,3,19
5171,100,8887694758233633850,0,67,67,372,4,9,5,17
5172,100,-1738920208765851938,0,49,49,383,5,6,3,14
5173,100,4916973722477016031,0,52,52,370,1,4,2,8
5174,100,-223838521615428389,0,65,65,383,5,7,4,17
5175,100,7143287243917590986,0,54,54,365,5,3,2,5
5176,100,1862628280135028959,0,61,61,367,3,6,4,14
5177,100,-8757322726052555486,0,90,90,385,2,3,1,8
5178,100,5125536618862823228,0,81,81,357,2,8,4,21
5179,100,-5547708113553570985,0,55,55,373,1,4,2,7
5180,100,-7535422612939548676,0,67,67,397,2,5,2,10
5181,100,-7044203091832679085,0,61,61,383,2,3,1,8
5182,100,7633178021212901685,0,71,71,383,2,4,3,4
5183,100,1845569874495470575,0,56,56,374,1,5,2,17
5184,100,-1434888030720771423,0,64,64,371,1,4,2,10
5185,100,-3483789769782257752,0,73,73,378,2,5,3,12
5186,100,-1966628526307047827,0,83,83,370,1,4,2,9
5187,100,4052570620390459281,0,57,57,373,3,4,3,10
5188,100,3478109541427493713,0,85,85,365,8,3,2,8
5189,100,-2441892744834452597,0,66,66,381,5,2,1,3
5190,100,2445240154464168928,0,45,45,370,3,4,2,7
5191,100,-2788840647178598988,0,55,55,381,5,6,4,17
5192,100,8450412342373732129,0,59,59,380,4,6,2,15
5193,100,-3980498143310690531,0,76,76,373,1,5,3,9
5194,100,-8969649475141464483,0,61,61,376,1,5,3,12
5195,100,-1919153267679128641,0,70,70,356,2,2,1,3
5196,100,-3810529733875590086,0,68,68,367,2,6,4,14
5197,100,-3336022990095590994,0,74,74,373,3,2,1,4
5198,100,8300480227866061064,0,59,59,361,2,3,1,6
5199,100,2405572689729066894,0,66,66,385,1,3,1,8
5200,100,-7129770709940271014,0,69,69,382,2,3,1,10
5201,100,-3483042617362166202,0,72,72,372,2,3,2,3
5202,100,-160699202160878632,0,38,38,359,1,8,5,19
5203,100,-2551944027098113548,0,68,68,374,2,8,4,19
5204,100,4018307732685559636,0,58,58,377,4,5,2,13
5205,100,7626264670050182688,0,77,77,377,2,3,2,9
5206,100,-5009296415402036710,0,71,71,384,1,3,1,4
5207,100,1814286169751499059,0,65,65,384,3,7,5,11
5208,100,-1548757574565226101,0,73,73,374,3,4,3,12
5209,100,5048018560613192489,0,67,67,373,3,3,1,5
5210,100,121483622552221932,0,86,86,367,1,3,1,3
5211,100,7418191122980830085,0,70,70,375,4,2,1,9
5212,100,6535325566444907131,0,62,62,369,3,2,1,5
5213,100,7030374335492643461,0,55,55,382,4,8,6,22
5214,100,-4565959308940155453,0,44,44,372,1,7,3,22
5215,100,-7262258913764398697,0,79,79,390,5,8,6,15
5216,100,5743218943373344561,0,42,42,372,1,4,2,8
5217,100,-4252948269770275061,0,57,57,386,2,6,3,16
5218,100,-8490363857814188826,0,66,66,381,2,8,5,19
5219,100,-3612219689894553335,0,57,57,357,1,8,6,22
5220,100,8276419841685456077,0,60,60,376,2,4,2,5
5221,100,-8918507352328950844,0,65,65,368,1,7,4,17
5222,100,-2414522538690615312,0,55,55,375,3,3,1,8
5223,100,-8689923582204199185,0,63,63,376,2,8,4,18
5224,100,4462359036739866375,0,74,74,390,2,3,1,3
5225,100,-8962222086066833808,0,74,74,390,2,5,2,15
5226,100,456234198693719122,0,48,48,379,1,5,3,14
5227,100,-2871627616472948141,0,71,71,388,2,4,2,9
5228,100,-7452976528503122264,0,58,58,378,2,3,1,5
5229,100,-3800854773288185344,0,66,66,369,5,5,3,13
5230,100,5206475886909239758,0,87,87,380,1,6,4,14
5231,100,2678420716391048880,0,63,63,361,1,6,4,12
5232,100,8324481821208741900,0,55,55,377,2,6,2,15
5233,100,5360953828977760541,0,54,54,371,6,5,4,19
5234,100,-5701081934776145667,0,84,84,380,1,6,3,12
5235,100,-3206688825749150088,0,75,75,394,2,4,2,8
5236,100,472682183725228455,0,75,75,381,1,3,2,7
5237,100,-3695678726730409824,0,81,81,366,1,5,3,18
5238,100,2393796547667861962,0,41,41,360,1,8,5,26
5239,100,-7015250175381742192,0,80,80,368,5,3,2,8
5240,100,3775501824075489916,0,61,61,387,5,3,2,9
5241,100,-8412675853010296296,0,60,60,386,1,6,4,11
5242,100,-2848642231687306763,0,59,59,372,1,8,5,23
5243,100,6024785713055704015,0,83,83,382,1,6,3,17
5244,100,-132238262374365017,0,89,89,378,6,5,2,10
5245,100,3724470381081718343,0,73,73,382,1,5,2,9
5246,100,4101178289978248082,0,65,65,376,5,4,3,8
5247,100,-2462276847013759102,0,70,70,392,2,5,4,22
5248,100,-2440971237554708523,0,58,58,354,1,5,2,13
5249,100,8666527724141809573,0,68,68,380,3,5,3,16
5250,100,1863245995577381767,0,58,58,362,1,3,1,6
5251,100,1132554397296105451,0,63,63,376,1,5,3,10
5252,100,6315867422409170887,0,59,59,363,5,5,3,12
5253,100,4277087013762774236,0,65,65,372,4,4,3,10
5254,100,-7882409108810921967,0,80,80,375,3,4,1,10
5255,100,6111507530680528829,0,75,75,359,4,2,1,6
5256,100,631216153468492499,0,48,48,399,5,3,2,10
5257,100,3570843313434950474,0,47,47,373,1,5,2,20
5258,100,-3672188585614072001,0,79,79,375,1,6,3,9
5259,100,-8670250448574935134,0,70,70,385,1,5,2,16
5260,100,1130039023920135267,0,53,53,381,1,8,4,16
5261,100,7340326505427800450,0,69,69,381,1,7,4,17
5262,100,1746064377797723510,0,62,62,373,8,3,2,7
5263,100,8790046469478709429,0,40,40,375,5,4,2,7
5264,100,-6541145119509293197,0,77,77,373,4,5,1,13
5265,100,7156895664375605707,0,74,74,370,5,3,2,6
5266,100,2751817675721458667,0,63,63,364,3,4,2,15
5267,100,6454252844025198344,0,70,70,362,4,3,2,5
5268,100,7129209841545331991,0,82,82,399,3,9,6,27
5269,100,-1731307285405746017,0,90,90,379,3,3,2,10
5270,100,1849486075551766316,0,52,52,363,8,3,3,9
5271,100,91108367041219616,0,71,71,376,3,6,3,14
5272,100,-3864629498783149325,0,26,26,387,4,7,6,9
5273,100,-1346373033424053459,0,72,72,375,5,6,4,19
5274,100,-3778788948029956712,0,77,77,374,4,3,2,8
5275,100,8130002931750889844,0,70,70,385,5,4,2,10
5276,100,5249573599639896513,0,61,61,372,2,5,3,15
5277,100,-9048107172953959976,0,70,70,368,3,5,3,12
5278,100,8751437890485749218,0,83,83,380,2,4,2,9
5279,100,1970550283071945457,0,71,71,388,4,5,3,13
5280,100,2426187169737036751,0,71,71,372,1,7,4,19
5281,100,7815353730718063287,0,6,6,366,3,3,1,8
5282,100,-2217620464608836206,0,68,68,373,8,2,1,5
5283,100,8635443842908684665,0,75,75,374,1,8,3,25
5284,100,6810487541775723390,0,71,71,372,4,3,2,6
5285,100,-4454984480243310573,0,68,68,382,2,6,4,11
5286,100,-6351883482105307260,0,71,71,376,1,3,1,5
5287,100,4898223136224230751,0,55,55,393,1,5,2,16
5288,100,2635209451963021764,0,58,58,370,1,8,6,20
5289,100,-4627252886434984213,0,79,79,385,4,8,5,15
5290,100,-3765370344893203865,0,68,68,370,1,6,3,22
5291,100,3828477811161508076,0,68,68,385,2,4,2,11
5292,100,-7876328292241474389,0,58,58,388,1,6,4,19
5293,100,-2288964344390583949,0,64,64,364,1,3,2,10
5294,100,-3650707098865219778,0,63,63,381,1,3,1,4
5295,100,7509791509520663262,0,90,90,378,6,2,1,4
5296,100,-7245534525822841392,0,56,56,365,7,3,2,4
5297,100,-2189791540495251056,0,52,52,384,3,2,1,6
5298,100,3077215732341553123,0,57,57,391,7,3,1,5
5299,100,-4828240915378788124,0,70,70,374,5,8,6,20
5300,100,2595216611957440740,0,72,72,381,4,3,1,10
5301,100,-5011897454256258210,0,69,69,368,1,4,2,11
5302,100,-4219018281490430593,0,78,78,383,2,6,3,20
5303,100,7909033699971072547,0,50,50,372,4,4,2,11
5304,100,1097849770705818159,0,61,61,371,2,4,2,8
5305,100,-5907870234171172949,0,72,72,367,7,7,5,15
5306,100,-3736379743520258285,0,61,61,378,1,2,1,3
5307,100,-6867774468899161676,0,64,64,380,2,6,4,21
5308,100,-4447933166261181176,0,67,67,366,4,5,4,14
5309,100,-7068197728047102343,0,77,77,380,1,3,2,11
5310,100,-3815362683640817677,0,64,64,380,1,5,1,10
5311,100,7221058684537800995,0,65,65,385,1,8,5,13
5312,100,2210893350980948574,0,54,54,371,2,3,1,9
5313,100,8036626944058937727,0,60,60,374,2,6,3,12
5314,100,-7357184102624555450,0,79,79,404,7,2,2,6
5315,100,-8925828592739331342,0,64,64,365,5,5,3,17
5316,100,-2026462186916051150,0,60,60,361,7,6,5,10
5317,100,-2578521023234883927,0,65,65,372,1,4,2,11
5318,100,-650616630654762617,0,54,54,367,3,4,2,13
5319,100,-1625157777528533740,0,57,57,366,1,5,2,12
5320,100,-1711455792505752806,0,74,74,362,4,3,2,8
5321,100,5416327940533529236,0,77,77,396,2,6,4,10
5322,100,-4483164219700649721,0,54,54,385,5,4,2,10
5323,100,-4389429042763302030,0,76,76,384,5,2,2,6
5324,100,-6884535408925342016,0,77,77,376,5,2,1,2
5325,100,7237898055542778643,0,53,53,386,2,3,1,8
5326,100,-1005928580245857688,0,59,59,372,5,5,3,11
5327,100,-8507853410274936215,0,83,83,371,7,3,2,10
5328,100,-457694735701769631,0,62,62,387,6,3,2,13
5329,100,-1972288703018368595,0,67,67,366,7,3,3,7
5330,100,-7369221746942275549,0,93,93,368,3,7,2,22
5331,100,1074863719331207498,0,65,65,373,1,5,1,15
5332,100,-6802808485384383409,0,89,89,369,1,10,6,27
5333,100,-2815523933699547620,0,67,67,371,2,5,3,7
5334,100,8900440903930994691,0,76,76,384,3,3,1,7
5335,100,2744366047767741657,0,59,59,367,4,4,3,12
5336,100,8504644353889929072,0,54,54,379,2,2,1,5
5337,100,-3181074580712329009,0,72,72,391,2,8,6,15
5338,100,55617781778577832,0,65,65,375,1,2,1,4
5339,100,3301283301190910415,0,91,91,374,1,6,4,14
5340,100,-383209288281701956,0,78,78,372,3,5,3,11
5341,100,-2683547481262830231,0,76,76,373,4,5,3,8
5342,100,-6563613214614567674,0,63,63,372,1,8,3,26
5343,100,-6509241636020439208,0,87,87,385,1,16,13,33
5344,100,7189812185693295298,0,75,75,383,1,7,5,13
5345,100,-4266716736802939585,0,76,76,360,7,3,2,6
5346,100,4461926942900558051,0,67,67,386,1,6,2,9
5347,100,4939544736413452694,0,59,59,378,1,3,2,6
5348,100,-506558930359135708,0,68,68,367,1,2,1,5
5349,100,-8927560596787879458,0,76,76,380,3,7,4,21
5350,100,-2004859478442589860,0,68,68,376,3,3,1,6
5351,100,-9069118446020197348,0,63,63,369,3,5,2,12
5352,100,5982122759094291990,0,56,56,384,1,10,8,13
5353,100,6516616274194237316,0,68,68,376,4,4,3,14
5354,100,-7064306127582210464,0,78,78,360,1,3,1,5
5355,100,6034879771162760307,0,74,74,369,6,4,3,14
5356,100,4373632813578455523,0,63,63,380,5,3,2,10
5357,100,5350512700685027234,0,79,79,371,2,5,3,11
5358,100,6724605092240253491,0,78,78,369,1,6,3,21
5359,100,-1073557259928841064,0,85,85,374,3,6,4,16
5360,100,-3626492375714444184,0,70,70,368,1,6,3,14
5361,100,3327660920928885600,0,72,72,370,5,2,1,6
5362,100,5844688499526457325,0,85,85,379,3,4,2,12
5363,100,-3337160520365267588,0,59,59,366,2,6,4,14
5364,100,-6024403722152411497,0,30,30,372,1,4,1,8
5365,100,-4580554794153837031,0,68,68,376,2,5,3,15
5366,100,316718604936534521,0,62,62,380,2,8,5,17
5367,100,-5211017452306654845,0,48,48,363,4,3,2,6
5368,100,4771978848519870966,0,61,61,373,1,13,9,28
5369,100,-8909525560185241638,0,76,76,388,3,6,4,15
5370,100,5301564368888287383,0,15,15,383,2,5,2,7
5371,100,-8533286282394669306,0,42,42,370,3,5,3,10
5372,100,1392920830646478621,0,71,71,372,4,2,1,9
5373,100,-835662679402764313,0,55,55,379,4,5,2,13
5374,100,8708876190180757594,0,57,57,368,2,3,2,6
5375,100,-1153144591392941359,0,48,48,384,4,4,2,7
5376,100,6492463903217765436,0,55,55,390,1,6,4,12
5377,100,-8135551087004408009,0,70,70,360,4,6,3,12
5378,100,2017611330507460778,0,75,75,377,1,3,1,8
5379,100,2983150314463126181,0,64,64,375,1,7,4,17
5380,100,8940949785417083794,0,96,96,369,1,4,2,8
5381,100,6759920538609294067,0,58,58,381,5,3,1,8
5382,100,-4945385834432679358,0,69,69,384,5,6,4,12
5383,100,5302467262325917623,0,83,83,392,2,6,3,18
5384,100,-1391260344525893129,0,46,46,377,4,5,2,13
5385,100,6373595677213794043,0,68,68,388,2,4,2,9
5386,100,2509045072408516019,0,64,64,377,4,7,6,22
5387,100,2827195616385122607,0,64,64,387,2,4,2,5
5388,100,-7475990281019689645,0,67,67,382,1,6,3,13
5389,100,-7399325821708029855,0,56,56,372,2,5,2,11
5390,100,2228256786774295008,0,62,62,363,4,4,3,10
5391,100,-8222468206584641878,0,54,54,371,1,4,2,7
5392,100,1300709821334308,0,65,65,374,4,5,2,9
5393,100,-5998285898601553941,0,46,46,374,3,4,2,6
5394,100,7312191835110136448,0,58,58,389,1,7,4,19
5395,100,-1793359868439647559,0,85,85,375,2,3,1,9
5396,100,-4155383159377199363,0,92,92,380,3,4,2,11
5397,100,7526259807032366229,0,57,57,408,2,5,2,8
5398,100,1615731930174006944,0,74,74,380,3,8,7,13
5399,100,8194863636177765728,0,77,77,376,8,4,3,10
5400,100,-8644643762067083007,0,62,62,365,3,2,1,4
5401,100,-7041278919166468595,0,67,67,373,2,5,2,17
5402,100,327707830635407134,0,78,78,394,2,8,5,19
5403,100,5359101866428722840,0,61,61,377,2,3,1,6
5404,100,-8739719517461420948,0,73,73,377,1,4,2,9
5405,100,-5815209057556768970,0,78,78,359,1,4,2,11
5406,100,-4639907519189271249,0,75,75,380,1,6,4,12
5407,100,-231224518701348659,0,70,70,383,1,5,2,9
5408,100,-3057723873877232118,0,66,66,374,2,11,8,26
5409,100,8873013590750795941,0,59,59,379,2,8,5,15
5410,100,3152867175159013593,0,78,78,378,2,6,4,15
5411,100,1264870878763539296,0,63,63,368,3,3,2,7
5412,100,8128228766396789438,0,73,73,380,5,4,2,9
5413,100,7559065445073402663,0,71,71,359,4,3,2,9
5414,100,5504762636628551546,0,85,85,370,1,4,2,9
5415,100,1165267958020947238,0,75,75,366,2,3,2,8
5416,100,-1879340623546120707,0,58,58,374,2,4,1,10
5417,100,5652697445475871289,0,75,75,369,3,3,1,10
5418,100,-3828522868735845825,0,54,54,381,4,8,6,18
5419,100,-5059542863821533465,0,68,68,371,6,5,3,11
5420,100,-480856563782223792,0,58,58,355,2,7,3,19
5421,100,-3787183780710447474,0,69,69,361,2,3,1,8
5422,100,-6082416246689489746,0,77,77,384,3,3,2,7
5423,100,-3107430131457128992,0,73,73,379,5,2,1,6
5424,100,294182132701019606,0,44,44,395,2,4,1,8
5425,100,5028808243719411853,0,54,54,378,4,4,2,11
5426,100,-7601988608268590307,0,68,68,358,2,7,5,23
5427,100,-4705412059712371135,0,72,72,365,9,3,3,7
5428,100,-7296166887669885761,0,59,59,378,2,4,2,12
5429,100,1526176412184875729,0,38,38,383,5,4,2,12
5430,100,1298093641052977464,0,58,58,369,3,3,1,5
5431,100,1972869219876687280,0,53,53,371,3,6,4,15
5432,100,7826002368197882834,0,58,58,372,2,4,1,13
5433,100,-7789313066488863577,0,58,58,381,3,3,1,6
5434,100,1281916022305806463,0,74,74,385,4,4,3,9
5435,100,7628224940327546309,0,68,68,382,4,2,1,5
5436,100,3517303931168590056,0,66,66,395,1,10,6,15
5437,100,-4958981180149048173,0,61,61,372,6,4,2,11
5438,100,4972163795416878789,0,66,66,389,3,7,4,16
5439,100,-779441896987814260,0,88,88,376,1,11,9,24
5440,100,-1937422187854330002,0,58,58,362,6,2,2,4
5441,100,-6221854441413813557,0,62,62,376,3,4,2,6
5442,100,-6775389997218220878,0,72,72,369,6,7,5,15
5443,100,-7442328254592634618,0,66,66,357,2,3,1,7
5444,100,-7473632107811289369,0,57,57,377,1,4,2,10
5445,100,-952190969960344646,0,71,71,353,1,3,1,4
5446,100,-4086014818346847166,0,70,70,364,1,6,4,17
5447,100,1253298702796802471,0,73,73,385,2,3,1,4
5448,100,8678183517882790248,0,69,69,360,1,7,5,18
5449,100,-2429530514464955777,0,81,81,386,3,7,5,21
5450,100,-1379867459309658300,0,76,76,377,2,5,1,16
5451,100,2452690299763018457,0,62,62,365,4,4,3,15
5452,100,-2035337547455364581,0,61,61,367,5,4,2,12
5453,100,-3540834960767243413,0,83,83,372,7,2,2,6
5454,100,5283828111304873437,0,70,70,390,3,6,4,20
5455,100,-6534930103378671752,0,70,70,365,7,2,1,5
5456,100,-4005500024499743812,0,69,69,364,4,3,2,5
5457,100,-2313456771983192441,0,59,59,374,2,5,2,15
5458,100,226729409155759362,0,61,61,385,3,6,4,11
5459,100,-4329788493686778539,0,65,65,377,3,3,1,11
5460,100,-5285169325947879649,0,65,65,371,1,6,4,18
5461,100,7623973772145338892,0,58,58,364,4,5,3,11
5462,100,-150871540759542527,0,52,52,382,4,5,2,9
5463,100,-1582614374503778380,0,73,73,369,3,5,3,10
5464,100,-6461700197149914712,0,62,62,377,1,8,6,16
5465,100,-8846529075125244696,0,69,69,375,3,8,5,18
5466,100,1711375377353244665,0,68,68,379,1,9,5,20
5467,100,-4379212057924576819,0,64,64,377,2,6,3,13
5468,100,-7540010907759221807,0,73,73,370,1,3,1,4
5469,100,-3075417996496668352,0,82,82,385,2,4,2,11
5470,100,-5456747781547063204,0,71,71,395,1,4,2,13
5471,100,8654472572569327950,0,77,77,369,1,6,3,13
5472,100,-2092697053430237272,0,62,62,389,2,5,3,13
5473,100,-2759578304302999832,0,54,54,382,1,7,4,16
5474,100,-4261870711784441996,0,73,73,368,3,3,2,10
5475,100,-6508718273990270761,0,59,59,377,5,3,1,6
5476,100,5294580937267775310,0,60,60,381,2,4,1,10
5477,100,-3965715984020441619,0,81,81,376,4,6,4,16
5478,100,-2841786538920662052,0,67,67,367,6,2,1,5
5479,100,728482116878996092,0,64,64,377,1,7,4,18
5480,100,-8696607946715309191,0,67,67,374,1,3,1,12
5481,100,8985419277386531084,0,49,49,376,1,6,3,10
5482,100,2304761984832839683,0,72,72,388,2,5,2,13
5483,100,-5816853602187722169,0,74,74,386,2,4,1,5
5484,100,-9134999835654733326,0,86,86,379,3,6,3,12
5485,100,5220531181067862072,0,70,70,386,3,4,2,8
5486,100,-4924882937893318483,0,63,63,397,1,8,5,16
5487,100,8024824960780730548,0,79,79,370,8,1,1,2
5488,100,-1804768270136550376,0,84,84,373,4,7,5,14
5489,100,-5971333721309639912,0,49,49,378,3,5,2,16
5490,100,2155646034858668913,0,69,69,382,2,2,1,7
5491,100,894793433654097204,0,71,71,378,3,6,4,13
5492,100,-9150733717493105316,0,77,77,368,8,2,1,6
5493,100,-4992518527775716474,0,76,76,356,4,2,1,6
5494,100,-4366401021439558341,0,83,83,363,2,5,2,11
5495,100,-5218270259561379670,0,60,60,371,6,2,1,6
5496,100,4397045067544140227,0,61,61,374,2,4,2,7
5497,100,-7329296902879457263,0,66,66,372,2,4,2,10
5498,100,538951800396937420,0,58,58,384,4,3,1,11
5499,100,-3357363147041972239,0,70,70,364,3,2,1,5
5500,100,8220441369465472103,0,70,70,370,4,4,3,11
5501,100,3081799839966735996,0,51,51,410,3,9,6,18
5502,100,7226014032613223733,0,70,70,395,2,4,3,6
5503,100,-2267168271542852013,0,70,70,375,6,5,4,8
5504,100,-4262899394529755658,0,63,63,383,2,3,2,5
5505,100,-3249493916285028803,0,79,79,390,5,6,4,14
5506,100,19278470232282208,0,69,69,380,2,6,4,14
5507,100,4073839686855272467,0,71,71,379,4,6,3,6
5508,100,-8546350394097102031,0,49,49,360,1,4,2,14
5509,100,-6104087104739839233,0,64,64,380,8,1,1,4
5510,100,387760125596148103,0,52,52,380,1,9,5,22
5511,100,-8157640086341829403,0,87,87,365,4,7,5,13
5512,100,9166267321340545903,0,76,76,368,9,1,1,5
5513,100,-1473409698579611872,0,64,64,368,3,5,2,9
5514,100,-2290071772006721605,0,42,42,364,5,4,3,8
5515,100,-4059177322101833103,0,83,83,377,2,6,2,24
5516,100,5300340975128061719,0,58,58,368,2,5,2,15
5517,100,1584834882208704051,0,85,85,391,4,2,1,8
5518,100,3447277996775960670,0,65,65,374,2,7,3,22
5519,100,-7321411220730157357,0,65,65,372,2,4,1,9
5520,100,1534961055334755881,0,51,51,386,2,6,3,18
5521,100,-5386686039710148736,0,79,79,381,2,5,3,7
5522,100,-2226490977081536087,0,65,65,371,1,9,6,17
5523,100,5068348009657041694,0,57,57,387,1,8,5,21
5524,100,8282339757743673014,0,78,78,382,3,3,2,6
5525,100,-6933532524250077057,0,67,67,370,5,6,3,13
5526,100,-6151138239701560025,0,76,76,381,4,6,4,12
5527,100,8692447615901533652,0,72,72,372,8,2,1,7
5528,100,-8485465816166642844,0,57,57,370,3,5,3,9
5529,100,-7109315559216568479,0,54,54,380,1,6,4,15
5530,100,-2242250567698850248,0,98,98,379,5,5,2,11
5531,100,-5954318439799362193,0,79,79,368,8,2,2,2
5532,100,8282222040239913451,0,60,60,388,1,4,2,9
5533,100,-388393527685431929,0,57,57,373,2,7,4,15
5534,100,7189608555420958863,0,69,69,387,1,7,4,16
5535,100,-3764555723142425892,0,60,60,370,4,5,3,12
5536,100,-6033101186962288230,0,61,61,379,4,5,3,14
5537,100,1130675798821888520,0,62,62,365,1,7,4,16
5538,100,4178815372478772917,0,63,63,391,1,3,2,9
5539,100,8718715240605713403,0,66,66,383,1,4,2,6
5540,100,7159191008542214610,0,67,67,377,1,6,3,15
5541,100,-129581852892079056,0,56,56,376,3,5,3,13
5542,100,5179806062175201412,0,72,72,372,1,4,2,10
5543,100,-6790509494597636576,0,66,66,373,4,2,1,5
5544,100,8547622554386008202,0,71,71,382,6,5,4,11
5545,100,-858502513949321733,0,55,55,379,3,8,4,21
5546,100,8248896034730934700,0,49,49,378,3,4,3,12
5547,100,470484184337275029,0,66,66,375,1,5,2,10
5548,100,-1518467891103276854,0,80,80,375,6,3,2,7
5549,100,1184525921246346910,0,72,72,384,3,5,2,11
5550,100,7578434422574340145,0,61,61,379,1,4,2,9
5551,100,3110347357401771798,0,45,45,382,1,5,3,14
5552,100,-3101971251941023440,0,71,71,397,1,4,1,10
5553,100,-6923339425675739905,0,58,58,395,1,10,7,24
5554,100,4830464928548594410,0,79,79,367,4,4,2,9
5555,100,-1837715082805797805,0,62,62,362,5,2,1,2
5556,100,-8069488872525663634,0,55,55,377,1,6,3,16
5557,100,-4137717163036790216,0,76,76,393,2,6,5,10
5558,100,1642965305578110980,0,93,93,370,1,6,4,11
5559,100,-951909370653887375,0,59,59,384,4,4,2,7
5560,100,8754447892000146889,0,77,77,374,6,3,2,8
5561,100,-3087043260486759400,0,57,57,375,1,3,1,11
5562,100,-5262644586718917762,0,80,80,380,6,4,2,9
5563,100,5500457384983293834,0,50,50,378,1,3,1,7
5564,100,5648776021961905052,0,69,69,366,2,5,3,10
5565,100,8662069625025439649,0,57,57,387,3,6,4,18
5566,100,-4205445830319553109,0,73,73,388,7,1,1,3
5567,100,-2335431590022712280,0,42,42,370,1,10,8,20
5568,100,-5274845547237479981,0,53,53,386,1,5,3,8
5569,100,-6372664013036125301,0,52,52,357,4,5,3,10
5570,100,7348196448561777075,0,77,77,387,2,4,3,7
5571,100,329759578462728654,0,72,72,374,4,3,1,7
5572,100,-9135246559790183823,0,47,47,375,2,3,1,7
5573,100,-4828457820764503360,0,68,68,374,2,4,2,10
5574,100,-1484402695364176879,0,74,74,387,5,4,3,11
5575,100,-8541187778732061841,0,78,78,397,1,6,3,16
5576,100,-8204658042869163510,0,63,63,374,1,4,1,13
5577,100,7001331544127799006,0,86,86,365,2,4,3,7
5578,100,641999567728974102,0,75,75,361,3,3,1,11
5579,100,-7309163923024588299,0,49,49,370,1,7,4,19
5580,100,8224354332527386185,0,79,79,377,3,6,2,14
5581,100,1018480989667863224,0,80,80,395,5,5,4,8
5582,100,3256216823536446309,0,51,51,368,6,2,1,8
5583,100,-6188348850245202245,0,82,82,399,4,2,1,5
5584,100,7173113776923331691,0,48,48,388,1,7,3,11
5585,100,-4681747411543063339,0,65,65,399,2,6,3,15
5586,100,-1560535847458000267,0,58,58,387,2,5,2,11
5587,100,-7589496916981015020,0,56,56,373,4,4,2,8
5588,100,2195553104097945539,0,38,38,373,2,3,1,8
5589,100,336400940790946288,0,65,65,377,1,2,1,5
5590,100,-9049054022870666990,0,58,58,390,1,5,2,11
5591,100,-5556137518433723966,0,70,70,372,4,4,2,14
5592,100,612309202362839092,0,63,63,391,6,3,2,5
5593,100,2253070402896926582,0,68,68,381,7,6,4,11
5594,100,-858229313015276579,0,58,58,366,5,5,4,12
5595,100,-140324050608745601,0,74,74,370,3,5,2,15
5596,100,262616721790361786,0,60,60,374,2,8,5,18
5597,100,-1335357168409039349,0,76,76,384,8,3,2,7
5598,100,3252061767269220295,0,67,67,376,1,6,2,14
5599,100,-3411240095988965513,0,65,65,388,1,9,6,17
5600,100,1024789133695761889,0,73,73,363,4,6,4,13
5601,100,8742429526073263109,0,42,42,364,2,7,5,15
5602,100,6527057059519035546,0,68,68,381,2,4,2,10
5603,100,8998242274587324108,0,71,71,378,1,7,5,25
5604,100,265199930948088908,0,69,69,376,3,4,2,6
5605,100,-6049826363957413905,0,84,84,388,7,4,3,11
5606,100,-6290439763620432016,0,68,68,375,1,9,5,18
5607,100,-1822843008636077551,0,59,59,379,3,3,2,7
5608,100,-8021877975860852944,0,35,35,375,3,8,5,22
5609,100,4145057943603049224,0,70,70,374,1,4,2,8
5610,100,2820880658916563258,0,79,79,384,1,6,4,9
5611,100,-2008873961112126512,0,55,55,373,2,3,1,10
5612,100,-5559170521055768874,0,70,70,370,2,5,2,10
5613,100,2672563360734579649,0,77,77,368,3,2,1,7
5614,100,-1157060819415397062,0,64,64,382,4,9,5,23
5615,100,5305258751120210692,0,56,56,373,1,7,4,16
5616,100,-1503708172471531748,0,29,29,393,3,8,5,14
5617,100,6404540907718031427,0,70,70,369,3,6,4,8
5618,100,2463304582008114057,0,68,68,371,8,5,4,11
5619,100,-2028061731340147297,0,69,69,371,4,6,4,14
5620,100,-6954824191402693131,0,69,69,368,6,4,2,12
5621,100,-6209589454713663257,0,78,78,374,2,5,2,12
5622,100,-4929981655144883310,0,71,71,379,1,4,1,14
5623,100,4847023264319978246,0,56,56,388,3,3,1,6
5624,100,535996570513895908,0,64,64,388,4,4,2,7
5625,100,5345782280822366907,0,63,63,373,2,5,3,10
5626,100,-2434461344818107755,0,63,63,395,2,5,3,12
5627,100,3100902825731901072,0,67,67,378,3,6,4,13
5628,100,7269917304519520389,0,72,72,377,2,3,1,7
5629,100,2094288501019660804,0,71,71,384,4,6,3,18
5630,100,-7338666070217100763,0,55,55,371,2,4,3,12
5631,100,-6295081915108005366,0,64,64,386,2,4,2,8
5632,100,4099067075516269829,0,61,61,389,2,5,1,11
5633,100,-7684396193902883658,0,54,54,382,2,5,3,13
5634,100,-1957622276453159254,0,73,73,374,4,4,3,6
5635,100,6184265628413212725,0,82,82,372,4,8,6,13
5636,100,-7316823958258129243,0,43,43,369,4,3,1,6
5637,100,-3813304690169606914,0,63,63,386,6,2,1,6
5638,100,163126479132960224,0,65,65,376,2,4,2,8
5639,100,783985608060165959,0,77,77,380,3,4,2,8
5640,100,-3189333387267532998,0,73,73,374,4,4,2,7
5641,100,4181945902684400569,0,66,66,369,1,6,3,9
5642,100,5083484151152983382,0,63,63,390,3,4,2,11
5643,100,6012224187613979494,0,57,57,367,2,3,1,9
5644,100,-1163136778616233552,0,83,83,368,3,7,6,22
5645,100,3258380451917185786,0,91,91,373,2,6,4,14
5646,100,-4594282622694432528,0,63,63,367,5,6,4,13
5647,100,5492329253714438448,0,65,65,376,5,4,2,8
5648,100,-980035349304137598,0,44,44,393,1,4,1,8
5649,100,3637355087213535368,0,64,64,387,2,8,4,18
5650,100,1045920517810452838,0,73,73,386,4,6,3,10
5651,100,3204796710880022582,0,72,72,387,2,6,3,18
5652,100,533707191381378116,0,73,73,379,1,7,5,16
5653,100,1317927034634553437,0,81,81,362,1,7,5,18
5654,100,6932266860353663683,0,72,72,356,3,4,2,13
5655,100,-6775788171280196228,0,71,71,383,4,7,3,15
5656,100,1816549821121901082,0,56,56,384,1,8,5,20
5657,100,-5786804503351834840,0,45,45,380,6,2,1,7
5658,100,6568536159677518566,0,87,87,374,3,3,1,3
5659,100,5966736368777901563,0,77,77,372,8,5,4,15
5660,100,-2336932388593479106,0,57,57,386,2,3,1,11
5661,100,-1966385967267031860,0,50,50,371,4,7,6,13
5662,100,8466223009595940868,0,79,79,370,1,9,6,27
5663,100,5512017847903021344,0,59,59,387,3,5,3,14
5664,100,-6204096969026275714,0,60,60,387,1,5,3,15
5665,100,-1740543161881065761,0,54,54,368,5,3,2,8
5666,100,2066080514772850468,0,74,74,377,4,3,1,7
5667,100,-2022694257917998262,0,48,48,359,3,7,4,21
5668,100,-2551110810810384197,0,49,49,393,2,7,4,17
5669,100,535250262581105452,0,63,63,375,2,4,1,10
5670,100,-2269756181628767582,0,65,65,377,1,4,1,9
5671,100,-8195214681185296305,0,77,77,370,4,4,1,7
5672,100,6317776585720516971,0,78,78,364,2,10,8,27
5673,100,-8074681007699140047,0,74,74,394,4,6,3,17
5674,100,-5012052143015886676,0,71,71,368,3,5,2,15
5675,100,-8726890655624276488,0,80,80,389,2,5,2,8
5676,100,-4373075351542397417,0,64,64,375,1,6,3,11
5677,100,-9036272601757961822,0,70,70,359,3,3,2,6
5678,100,8351761845661944264,0,69,69,380,1,4,2,11
5679,100,-6134282417188417920,0,83,83,398,2,6,4,16
5680,100,932546623271143390,0,78,78,384,2,6,3,11
5681,100,6467783980127848164,0,56,56,375,2,6,3,16
5682,100,2329310185411938124,0,61,61,362,4,4,3,12
5683,100,-3554037096712406247,0,63,63,361,3,5,4,11
5684,100,3893066132971973104,0,47,47,384,2,6,3,18
5685,100,8720981240117080467,0,61,61,369,4,3,2,5
5686,100,-7330512092700481051,0,71,71,360,1,5,2,17
5687,100,-645593250083797401,0,52,52,395,4,8,6,27
5688,100,-888641352753539051,0,66,66,367,1,3,1,8
5689,100,1084817478053567996,0,67,67,376,1,4,2,8
5690,100,-804758036535775215,0,78,78,380,2,5,2,10
5691,100,5343881092068298498,0,57,57,379,4,2,1,5
5692,100,-8891130320413403868,0,73,73,375,4,4,2,10
5693,100,2262878748882483107,0,55,55,377,4,4,2,14
5694,100,-2517818019038999388,0,75,75,375,3,3,2,7
5695,100,4809551363296096761,0,73,73,391,2,6,4,14
5696,100,-7969399702752523892,0,61,61,375,1,3,1,4
5697,100,2524843847965809599,0,75,75,372,2,8,5,19
5698,100,-489408925672432313,0,76,76,376,2,4,2,9
5699,100,-6158768898587351734,0,55,55,392,2,10,7,19
5700,100,-2256331168202300978,0,79,79,389,2,3,1,10
5701,100,3332949923593722809,0,59,59,393,4,2,1,6
5702,100,7928293512495984884,0,66,66,384,1,6,2,16
5703,100,2756153408437477995,0,61,61,370,8,2,1,8
5704,100,2876405070725627136,0,69,69,358,6,5,4,10
5705,100,-3234799734555111503,0,60,60,371,2,5,2,12
5706,100,-3141821548999303556,0,89,89,391,2,8,5,22
5707,100,-6250726404534181692,0,83,83,389,2,6,4,17
5708,100,5114828847700405068,0,61,61,376,3,7,5,18
5709,100,554948831907510521,0,49,49,374,6,3,1,8
5710,100,1441635793937492737,0,60,60,379,1,5,2,15
5711,100,-345508517365784526,0,64,64,361,2,7,4,22
5712,100,-3782954254388839313,0,69,69,386,2,5,2,7
5713,100,3447789755421521048,0,62,62,383,6,5,3,10
5714,100,-3898315151266152324,0,55,55,394,2,6,3,12
5715,100,-7597906555308555386,0,54,54,386,3,4,2,9
5716,100,-5850393650773139910,0,66,66,386,1,6,3,11
5717,100,718558619755281864,0,70,70,371,2,6,3,19
5718,100,2023438257053479992,0,58,58,379,1,4,2,10
5719,100,-8447587824426190076,0,55,55,398,2,5,4,10
5720,100,-2314450885120881900,0,43,43,376,6,4,2,7
5721,100,-6391392621636714376,0,86,86,386,5,2,1,5
5722,100,2126387901877099861,0,56,56,370,2,4,2,7
5723,100,-5086325161712894235,0,54,54,356,3,3,1,6
5724,100,5814466682723043447,0,58,58,385,5,7,4,15
5725,100,-4059009791447778358,0,79,79,382,1,3,1,6
5726,100,3469782694606142278,0,38,38,374,1,5,3,14
5727,100,-5065135639670548011,0,72,72,380,4,5,2,9
5728,100,-1383445553021782673,0,57,57,381,8,2,2,6
5729,100,-1620968996450077546,0,70,70,388,8,5,4,14
5730,100,2663295169768713299,0,86,86,357,2,5,3,18
5731,100,-1582248737033501835,0,68,68,355,9,2,2,4
5732,100,1522653395691497758,0,84,84,378,2,10,7,22
5733,100,2220768180851210214,0,72,72,372,1,4,2,11
5734,100,3739996958128010264,0,84,84,383,3,3,1,9
5735,100,-4931385771641353510,0,69,69,390,2,6,2,13
5736,100,-343624914613903046,0,69,69,375,1,3,1,4
5737,100,4631946738335018360,0,88,88,372,4,2,1,5
5738,100,5220648995275002372,0,70,70,380,7,2,2,4
5739,100,1148628023677096204,0,63,63,386,2,5,2,13
5740,100,8972020732173648013,0,61,61,391,2,5,4,12
5741,100,7470290073850083903,0,56,56,390,1,8,4,18
5742,100,-8565103818005960741,0,61,61,361,3,3,1,10
5743,100,-7653585889752116344,0,96,96,390,2,3,1,7
5744,100,-1425413376482665100,0,71,71,365,1,3,2,8
5745,100,-5526027584057855262,0,90,90,368,2,5,3,19
5746,100,8291024303473717301,0,52,52,388,2,4,1,9
5747,100,7812164621405095615,0,76,76,389,1,5,3,17
5748,100,-7987585879294861215,0,71,71,369,5,6,3,8
5749,100,3766824573419216444,0,49,49,360,4,3,2,7
5750,100,6666608481080034556,0,54,54,381,2,5,3,10
5751,100,-294809170443059051,0,61,61,386,3,4,3,6
5752,100,8818311997311726170,0,67,67,383,1,4,2,7
5753,100,-7965361645356578854,0,82,82,370,7,4,2,14
5754,100,-5471888727490693646,0,42,42,369,1,7,4,18
5755,100,-2692209866257992990,0,65,65,374,4,5,3,14
5756,100,-5441786173961290889,0,56,56,376,1,5,2,14
5757,100,6472139113958531712,0,73,73,378,2,3,2,4
5758,100,-2614961257933344983,0,73,73,377,3,4,2,11
5759,100,-3621541993576516108,0,57,57,363,4,2,1,4
5760,100,-2952124798854811289,0,72,72,376,1,6,3,9
5761,100,4061814771688569508,0,69,69,382,5,4,2,12
5762,100,1305472736565030793,0,65,65,388,8,2,1,3
5763,100,7941551552023520012,0,77,77,370,4,2,1,5
5764,100,6368698777570293228,0,58,58,371,5,2,1,6
5765,100,4376121504773683441,0,66,66,352,5,3,2,4
5766,100,8494449094816894797,0,55,55,397,4,5,3,9
5767,100,-4571204787787874596,0,76,76,374,1,7,5,20
5768,100,1439062749088417114,0,73,73,376,6,4,3,9
5769,100,3698778407046460614,0,52,52,372,7,3,2,6
5770,100,-3360141246632978810,0,83,83,377,5,4,2,13
5771,100,1819791109734102031,0,70,70,369,3,3,2,7
5772,100,-745246640412314340,0,71,71,376,3,3,1,9
5773,100,-7454369039047108939,0,68,68,385,1,5,1,7
5774,100,-8673276024665857129,0,63,63,375,2,4,2,6
5775,100,-263702535943234111,0,72,72,381,6,4,3,10
5776,100,-3827356782218395088,0,75,75,378,2,10,7,25
5777,100,749532175732361988,0,46,46,381,2,5,2,8
5778,100,-5950378286346493513,0,86,86,373,3,3,1,7
5779,100,4828217917467173379,0,77,77,368,1,6,3,17
5780,100,-3413684274779295834,0,70,70,389,2,3,1,10
5781,100,4363827154096538671,0,72,72,384,9,2,2,4
5782,100,1389099346080173938,0,90,90,358,1,5,4,13
5783,100,-5334534009702409127,0,65,65,371,5,3,1,7
5784,100,-5519315040583092956,0,64,64,378,2,6,4,11
5785,100,6543005162562751844,0,79,79,378,2,5,2,11
5786,100,-4019766056930372312,0,56,56,366,1,4,2,16
5787,100,8641901163731654715,0,79,79,365,1,4,1,9
5788,100,6693164136773287269,0,81,81,382,2,5,2,14
5789,100,8516679503350590725,0,52,52,378,2,3,2,11
5790,100,7389319514575858573,0,60,60,368,4,3,2,7
5791,100,1117488697053404055,0,42,42,382,3,5,3,11
5792,100,1787182546173031605,0,58,58,366,6,1,1,4
5793,100,1266351025356920618,0,68,68,378,6,2,2,4
5794,100,5676638354873618983,0,87,87,371,3,5,3,9
5795,100,-7179630306534784691,0,71,71,378,1,7,3,22
5796,100,5851461044647176055,0,62,62,386,2,6,3,11
5797,100,2463646926873751580,0,78,78,383,2,4,1,6
5798,100,-3554346955783514668,0,86,86,380,6,6,3,16
5799,100,-4074384094548548686,0,68,68,364,5,2,1,4
5800,100,6941254704569397407,0,79,79,391,3,5,3,14
5801,100,-2197494859481293093,0,66,66,392,1,8,4,14
5802,100,1505711266435278657,0,59,59,365,3,2,1,7
5803,100,5378575053051352846,0,75,75,374,1,3,1,7
5804,100,-4860535829249509319,0,84,84,377,1,2,1,3
5805,100,-7094838350889390182,0,70,70,369,3,7,4,15
5806,100,-4910271339426725517,0,55,55,366,1,5,3,14
5807,100,-9221631117833767906,0,77,77,374,6,4,2,11
5808,100,1238677900176884192,0,65,65,364,1,6,2,13
5809,100,5570941536230999613,0,74,74,375,3,8,4,20
5810,100,-6295268474627579838,0,74,74,372,6,5,4,13
5811,100,5028488147619426962,0,67,67,373,5,5,4,10
5812,100,-5963196850319799481,0,73,73,361,5,3,2,6
5813,100,1093094400528736482,0,69,69,377,4,2,1,5
5814,100,-783280183567202599,0,62,62,379,3,2,1,2
5815,100,-6382061631115783280,0,74,74,382,4,4,1,6
5816,100,1092461519999990452,0,48,48,385,1,9,6,21
5817,100,-2369838151240340907,0,85,85,384,5,3,2,5
5818,100,-7004469158875015624,0,64,64,378,1,7,4,25
5819,100,3001268992837721135,0,61,61,380,5,9,7,21
5820,100,4274102895135104384,0,65,65,369,2,3,1,8
5821,100,-4365608390381871974,0,63,63,374,4,8,6,21
5822,100,-4783466789131390030,0,86,86,343,7,3,3,7
5823,100,5347930151391289341,0,77,77,376,1,7,2,22
5824,100,-515375610372245864,0,84,84,372,2,5,3,16
5825,100,7358878630574191463,0,79,79,360,1,7,5,15
5826,100,1816847312846126959,0,69,69,370,1,5,2,16
5827,100,-4492777074109195398,0,53,53,377,2,7,5,18
5828,100,498165081075637503,0,55,55,378,3,5,2,10
5829,100,-7908845780308169049,0,53,53,373,1,6,3,14
5830,100,876925579566553835,0,68,68,388,1,5,2,12
5831,100,6382115672862662299,0,92,92,367,9,4,4,12
5832,100,-2696052536164963766,0,85,85,372,1,10,6,20
5833,100,6029195523649676536,0,82,82,381,6,3,2,5
5834,100,-4034862335491375243,0,66,66,391,3,5,2,11
5835,100,-5840818204320315576,0,56,56,370,2,7,3,24
5836,100,8929604987734161698,0,68,68,371,5,4,1,12
5837,100,-8556952266245183954,0,70,70,368,6,4,3,11
5838,100,3920926829047981233,0,33,33,363,4,7,3,13
5839,100,2857996501290830813,0,62,62,372,2,12,9,31
5840,100,-6414997835999251514,0,44,44,379,2,3,2,3
5841,100,-8039976185052402226,0,64,64,369,1,4,2,14
5842,100,-1827001822241638633,0,67,67,371,4,4,1,6
5843,100,5128032880585184685,0,48,48,363,1,6,3,17
5844,100,7760133900121731718,0,62,62,359,5,6,4,12
5845,100,5938685403795334547,0,80,80,372,1,3,1,8
5846,100,-5752717036922118543,0,70,70,380,3,3,1,8
5847,100,4036492360445553530,0,62,62,387,1,7,5,17
5848,100,2742880772694878793,0,51,51,359,4,6,4,13
5849,100,7127642096031381485,0,72,72,387,2,7,4,19
5850,100,-722107055048797087,0,70,70,378,1,5,2,13
5851,100,-3121754935498560513,0,73,73,386,2,6,3,13
5852,100,-3609082696543327480,0,77,77,379,1,3,1,8
5853,100,1199198560221295229,0,85,85,372,1,5,2,7
5854,100,-4593587073515566375,0,67,67,388,4,3,1,11
5855,100,-8511810710859261850,0,50,50,387,1,4,2,11
5856,100,5489044677671136848,0,77,77,386,6,2,2,6
5857,100,4636176540423944347,0,66,66,381,2,5,2,12
5858,100,3754408092343575201,0,63,63,377,7,7,5,16
5859,100,-6823351844464464174,0,48,48,383,6,4,2,12
5860,100,-5070684738227882556,0,64,64,371,2,8,5,11
5861,100,-6122735963896953392,0,63,63,370,3,3,2,9
5862,100,5456059665736462804,0,77,77,387,6,5,3,9
5863,100,618502906011587799,0,72,72,374,4,4,2,13
5864,100,2979809089893562777,0,79,79,376,3,4,1,15
5865,100,-6875444605011984292,0,54,54,365,7,4,3,8
5866,100,1379590863898794595,0,87,87,387,3,10,8,23
5867,100,8404293530180981245,0,45,45,381,2,6,3,10
5868,100,-1772586007807252711,0,60,60,383,1,4,2,11
5869,100,-4615777808599508047,0,69,69,387,1,4,1,10
5870,100,1760174618926067856,0,68,68,364,1,5,2,12
5871,100,-3026060336120128960,0,61,61,367,1,3,1,9
5872,100,-2127468215812231392,0,86,86,361,1,3,2,4
5873,100,3354461685743241974,0,44,44,366,2,4,2,9
5874,100,3454011626350604661,0,74,74,388,4,3,2,5
5875,100,7981512221027035283,0,74,74,363,8,2,2,8
5876,100,5591164310297765026,0,74,74,385,2,5,1,11
5877,100,-5128304797664656507,0,76,76,368,6,3,2,8
5878,100,2885564118019508603,0,74,74,374,4,7,4,18
5879,100,9146576410915055960,0,60,60,389,4,6,4,15
5880,100,7277420261373979427,0,76,76,387,5,3,2,7
5881,100,-1315439574148558995,0,58,58,373,5,9,8,24
5882,100,-8535032157657437469,0,74,74,378,2,8,4,17
5883,100,7540996222009390313,0,55,55,366,3,3,1,8
5884,100,-6353788540769307331,0,44,44,384,4,3,1,8
5885,100,-5201639496654606352,0,58,58,372,5,8,5,19
5886,100,895071717753156672,0,78,78,383,2,7,3,10
5887,100,7028128529780152851,0,60,60,382,3,7,4,16
5888,100,-4156370971065691362,0,56,56,385,6,4,2,8
5889,100,3321915364412837894,0,83,83,359,1,7,4,22
5890,100,-375183533745264901,0,60,60,385,2,6,3,13
5891,100,4820301096504227990,0,61,61,378,4,8,6,20
5892,100,-393907892915023609,0,73,73,383,6,5,4,12
5893,100,6343755837711566553,0,81,81,380,1,7,5,13
5894,100,6222869802415009230,0,62,62,368,2,6,4,17
5895,100,-3545901147941524570,0,49,49,373,1,7,4,17
5896,100,9211630183064036814,0,70,70,383,2,6,4,15
5897,100,7430177257681267271,0,63,63,359,4,2,1,4
5898,100,3926785016953811786,0,73,73,380,4,3,1,9
5899,100,-3740823645320788883,0,46,46,376,4,7,4,10
5900,100,7184814408737108317,0,45,45,373,2,4,2,11
5901,100,8776398808242041187,0,70,70,371,5,3,1,3
5902,100,9207262445886310481,0,78,78,383,2,3,2,4
5903,100,-5766553609742134138,0,66,66,368,4,4,1,12
5904,100,-534468571973711055,0,57,57,372,5,3,2,11
5905,100,5995806966462162677,0,66,66,371,2,2,1,6
5906,100,-4051427481869051236,0,72,72,371,3,8,6,17
5907,100,2857422488661231748,0,84,84,381,3,6,3,12
5908,100,-3909690444684926757,0,72,72,374,5,3,2,10
5909,100,-7824345787563299851,0,62,62,369,3,8,5,24
5910,100,-990519350977610954,0,43,43,372,3,5,2,11
5911,100,-5107242371975015831,0,63,63,370,1,5,2,12
5912,100,975578121478988930,0,27,27,377,2,5,2,15
5913,100,-1990295421733811693,0,46,46,375,7,2,1,2
5914,100,-2943561183005494018,0,76,76,364,4,6,4,14
5915,100,-2432828311844232145,0,77,77,370,8,1,1,2
5916,100,4138095473591454560,0,70,70,380,2,7,4,19
5917,100,4604283728265664050,0,71,71,377,4,5,4,12
5918,100,791196266368152362,0,62,62,371,4,3,1,8
5919,100,8182101092953438787,0,71,71,375,4,2,1,5
5920,100,-8532811026726101951,0,55,55,371,1,3,1,12
5921,100,-1505769472041901335,0,3,3,372,4,3,2,5
5922,100,-5364904119215818817,0,67,67,360,4,2,1,3
5923,100,40056611110942212,0,80,80,383,1,4,1,4
5924,100,295946792365624839,0,79,79,378,3,5,3,10
5925,100,313089947215495937,0,58,58,391,5,4,2,13
5926,100,4401446937344369178,0,66,66,364,5,3,2,11
5927,100,-7252985230681880503,0,77,77,368,1,4,2,6
5928,100,-4750330515642681816,0,70,70,362,2,5,2,17
5929,100,-8609917668386366470,0,67,67,361,6,6,4,11
5930,100,7941329488689448298,0,70,70,357,2,4,3,8
5931,100,418863201170074584,0,65,65,367,5,3,2,11
5932,100,-1228650002301794514,0,59,59,382,6,2,1,6
5933,100,-8852972368149706619,0,71,71,374,2,6,3,13
5934,100,-5523256793427439821,0,71,71,377,1,7,4,16
5935,100,-4401891958413938704,0,55,55,383,2,7,4,20
5936,100,-5974746288851116234,0,60,60,385,5,6,4,17
5937,100,-4263150581351625973,0,55,55,386,1,6,3,18
5938,100,-2271124315505934900,0,75,75,372,2,3,2,9
5939,100,5664248043512599232,0,76,76,374,1,4,2,15
5940,100,314981203168683634,0,79,79,372,3,6,3,12
5941,100,-6637083010928930779,0,60,60,372,3,5,3,11
5942,100,1321910339190957794,0,65,65,368,1,4,2,13
5943,100,-35293570323403795,0,67,67,386,1,5,2,16
5944,100,8520805730354757031,0,75,75,374,1,5,2,10
5945,100,-2082358991097118431,0,66,66,389,4,5,3,14
5946,100,2486549264536604147,0,55,55,386,2,6,4,12
5947,100,8456696844450965264,0,85,85,373,4,5,3,15
5948,100,-2838827490877096784,0,60,60,383,3,3,1,8
5949,100,4550342765384656516,0,49,49,375,1,3,1,11
5950,100,4317182528405867220,0,66,66,378,4,4,3,8
5951,100,3301577570729102902,0,71,71,375,7,3,2,9
5952,100,-626820401121935111,0,78,78,361,4,4,2,8
5953,100,5411957767689165443,0,64,64,382,1,6,2,18
5954,100,3299591756371902508,0,88,88,392,3,6,3,16
5955,100,-3079764163119930274,0,55,55,374,2,5,2,13
5956,100,5936857980468923396,0,90,90,374,4,2,1,4
5957,100,-8295408080593925240,0,91,91,379,1,7,3,22
5958,100,3824099549379027446,0,61,61,368,1,6,4,13
5959,100,3279235565358157823,0,50,50,377,4,2,1,8
5960,100,-3372570522421562905,0,53,53,375,1,7,3,12
5961,100,2497318285309710003,0,61,61,385,4,3,2,5
5962,100,1633328488669023235,0,76,76,380,1,7,2,22
5963,100,-1101114561315121793,0,41,41,373,3,5,3,15
5964,100,5248455811863959500,0,74,74,382,1,5,4,17
5965,100,5239377136516481622,0,74,74,381,1,4,2,10
5966,100,-8121368777840269195,0,67,67,390,3,4,2,8
5967,100,-1524879650601983556,0,73,73,392,2,7,2,18
5968,100,4821776198619284081,0,72,72,387,3,3,1,8
5969,100,-1219792957098246024,0,84,84,367,4,2,1,3
5970,100,5739915147037156934,0,85,85,377,1,3,2,8
5971,100,-6892165225687391097,0,64,64,370,1,4,1,10
5972,100,-8690777396001885018,0,81,81,374,1,6,4,10
5973,100,3383201487141790035,0,64,64,376,1,8,5,17
5974,100,-706500890221264961,0,55,55,373,4,3,2,8
5975,100,4414170531245636389,0,76,76,370,5,2,1,8
5976,100,-8438570299186586159,0,76,76,390,6,5,4,11
5977,100,-2886285160158622249,0,62,62,386,2,4,1,8
5978,100,-5064478343081586431,0,77,77,385,1,6,3,14
5979,100,3708347777464019661,0,54,54,372,4,6,4,16
5980,100,646420275825285229,0,52,52,375,4,3,2,8
5981,100,9032573385295274533,0,47,47,364,1,7,3,20
5982,100,-4425018952121270657,0,55,55,385,2,3,1,10
5983,100,-2014726355869095124,0,66,66,370,1,6,2,14
5984,100,-4606108586462594938,0,64,64,392,2,4,3,14
5985,100,7218834226163097620,0,44,44,384,4,4,2,7
5986,100,-9052780516093826174,0,78,78,391,1,5,2,11
5987,100,-1509177390466957085,0,48,48,395,3,6,3,16
5988,100,8879554352451594814,0,80,80,364,5,8,5,17
5989,100,8261858498000630191,0,65,65,382,1,4,1,11
5990,100,-5479763430037897052,0,55,55,390,4,5,3,12
5991,100,3019669025921198088,0,73,73,384,5,5,3,12
5992,100,6028421411968639052,0,55,55,375,2,4,2,10
5993,100,-3869614768804987980,0,73,73,373,5,4,3,8
5994,100,1205643034402406997,0,79,79,369,3,7,5,21
5995,100,8672107463464750753,0,67,67,364,4,4,3,14
5996,100,6554253854189064824,0,79,79,368,4,5,3,15
5997,100,425420946791219223,0,60,60,393,3,7,3,16
5998,100,3549858402805643098,0,68,68,364,3,5,3,12
5999,100,-526513630548074708,0,62,62,379,3,6,4,15
6000,100,-6022940072571450336,0,67,67,368,1,6,4,15
6001,100,3241626171911491709,0,59,59,376,1,7,3,14
6002,100,-9047192601660858552,0,68,68,380,1,8,5,14
6003,100,7481146213949971226,0,81,81,377,6,3,2,7
6004,100,4225726992295479991,0,81,81,378,1,9,6,22
6005,100,5656838000150106306,0,84,84,385,1,4,1,12
6006,100,-5602380795243874035,0,54,54,385,5,5,3,16
6007,100,7351075766793880911,0,66,66,383,1,7,4,20
6008,100,-8309067151871169472,0,63,63,384,3,5,2,14
6009,100,6697247729812490611,0,75,75,386,4,3,2,6
6010,100,8752662470461888872,0,69,69,368,2,5,3,12
6011,100,-6790826980971062108,0,73,73,373,6,2,1,5
6012,100,298573813087268311,0,67,67,388,1,7,4,25
6013,100,6202354885239507540,0,37,37,360,5,3,2,6
6014,100,3604092753521332588,0,66,66,380,1,8,5,23
6015,100,141196078952998502,0,62,62,354,2,4,2,14
6016,100,3750048508065397288,0,81,81,372,5,4,2,8
6017,100,-506893996651651876,0,66,66,381,3,6,4,17
6018,100,4307839254842483969,0,86,86,381,3,5,3,8
6019,100,7589342256148957396,0,66,66,373,1,8,5,24
6020,100,5081655288706107382,0,53,53,379,2,5,2,13
6021,100,5551617375142971060,0,37,37,360,2,3,1,5
6022,100,-3742831403228933789,0,54,54,379,2,7,3,23
6023,100,8126089596494804388,0,64,64,380,1,7,4,15
6024,100,7891824851725486230,0,80,80,387,1,3,1,6
6025,100,382973202358869052,0,78,78,382,7,2,2,2
6026,100,7349118552813495201,0,53,53,377,5,4,3,8
6027,100,-8996937429154634626,0,54,54,380,1,7,5,14
6028,100,-2232524512193517967,0,78,78,378,1,5,1,9
6029,100,6558780202134741766,0,65,65,368,4,9,7,23
6030,100,-1968863247092883681,0,71,71,386,1,5,3,14
6031,100,1771905493738773887,0,52,52,367,1,6,4,10
6032,100,-319377141223206010,0,68,68,389,3,3,1,6
6033,100,6005431973708366937,0,60,60,368,3,7,5,23
6034,100,-5636478950686116843,0,84,84,370,3,4,3,13
6035,100,7811288638193669048,0,64,64,375,3,7,5,17
6036,100,-7194875431908939803,0,71,71,380,3,4,1,10
6037,100,-8940063617559146577,0,59,59,374,3,5,3,13
6038,100,9063525247460247053,0,73,73,368,8,2,2,6
6039,100,-1429151611259744339,0,61,61,376,3,5,3,10
6040,100,1338760075183902773,0,71,71,368,1,4,1,10
6041,100,5936189564243660087,0,46,46,371,3,9,6,20
6042,100,-7976287569320852887,0,64,64,374,1,5,2,9
6043,100,-3785095417563354665,0,62,62,392,2,4,2,9
6044,100,-9080853187883873233,0,53,53,372,2,3,1,8
6045,100,6551242875980308564,0,70,70,376,5,5,4,16
6046,100,-7416189910478158118,0,63,63,381,6,6,5,12
6047,100,-7233113440702638814,0,68,68,375,1,2,1,4
6048,100,-3235347881911419616,0,51,51,367,7,2,2,2
6049,100,2515333520061020700,0,53,53,391,4,3,1,4
6050,100,-6884332419548194838,0,72,72,381,2,5,2,12
6051,100,-9005805847662069392,0,66,66,374,5,4,2,16
6052,100,466753568900580459,0,75,75,372,4,4,2,13
6053,100,8935201837739662297,0,79,79,368,8,2,1,7
6054,100,-3987869354047428749,0,63,63,379,6,4,3,8
6055,100,-5461928484298318317,0,66,66,373,1,4,1,14
6056,100,-816910871635135995,0,73,73,379,1,7,4,18
6057,100,357480572544838028,0,75,75,374,2,7,4,16
6058,100,3242986631448046374,0,62,62,376,1,5,2,14
6059,100,1201647710377682007,0,75,75,384,2,4,2,11
6060,100,5842837653001339639,0,71,71,371,9,1,1,1
6061,100,397958588526546021,0,58,58,376,3,4,1,7
6062,100,5689227290174751494,0,54,54,383,6,3,2,5
6063,100,8651604365332402678,0,91,91,383,3,5,3,12
6064,100,1315738244212764640,0,66,66,380,2,9,5,21
6065,100,8851432779059307852,0,57,57,377,3,6,3,14
6066,100,6242363633024774122,0,79,79,376,3,5,3,14
6067,100,2319383336805034914,0,50,50,368,3,5,3,16
6068,100,4061604803457747824,0,41,41,383,4,5,2,13
6069,100,-8478760739115495588,0,78,78,364,4,3,2,4
6070,100,8007475969672960510,0,73,73,385,1,5,3,12
6071,100,8580399754885734270,0,47,47,377,2,7,5,20
6072,100,5293506936209961198,0,59,59,380,4,3,1,7
6073,100,-5112823548250869150,0,73,73,376,2,4,1,7
6074,100,-8655467957461358782,0,71,71,363,7,7,5,20
6075,100,8942055073962639269,0,75,75,361,5,4,2,7
6076,100,-4552349142305406285,0,76,76,381,4,3,2,12
6077,100,3873767741101679970,0,57,57,372,3,2,1,7
6078,100,-3545182974805548534,0,67,67,385,1,4,2,8
6079,100,3575071943519849634,0,79,79,408,6,4,2,11
6080,100,2102694895883843757,0,62,62,364,1,8,4,26
6081,100,4360906623243919634,0,36,36,392,2,6,3,15
6082,100,5259256394955337596,0,79,79,391,1,7,4,18
6083,100,-4256377094228127754,0,69,69,385,3,6,3,13
6084,100,3448439991940464349,0,74,74,386,2,6,3,12
6085,100,1897294392773771870,0,89,89,384,2,5,2,13
6086,100,736455396180497941,0,60,60,378,1,8,6,18
6087,100,5649048709581473430,0,35,35,376,1,9,5,21
6088,100,-3670523209585826855,0,76,76,381,2,4,2,7
6089,100,-6909084901101331230,0,69,69,364,4,2,1,4
6090,100,-5939559041923410908,0,90,90,365,4,2,1,6
6091,100,-7499633015477609622,0,71,71,373,4,4,2,12
6092,100,277640674313557835,0,60,60,400,1,5,1,8
6093,100,-1997807674369614477,0,61,61,393,4,6,3,22
6094,100,-2610033934665513394,0,71,71,380,1,4,2,9
6095,100,3194109769095918031,0,74,74,379,2,3,1,10
6096,100,-7888496203690182544,0,77,77,361,2,6,3,11
6097,100,746766354653527191,0,62,62,373,2,3,2,7
6098,100,-2430892995208045048,0,70,70,386,7,4,3,8
6099,100,1024684111220867094,0,68,68,392,5,5,4,9
6100,100,7092087471114351769,0,51,51,373,1,10,5,31
6101,100,7550196823803035911,0,78,78,380,4,3,1,6
6102,100,8642982641460979744,0,61,61,384,2,8,5,21
6103,100,-2784899649921435133,0,79,79,391,1,3,1,11
6104,100,8391050150612727213,0,64,64,377,3,5,3,14
6105,100,-3712957399403015628,0,67,67,362,4,4,3,7
6106,100,9165079774805828405,0,63,63,361,1,3,2,10
6107,100,-4781555179704087730,0,83,83,402,3,4,2,8
6108,100,-3619219691993816922,0,66,66,371,2,6,3,17
6109,100,-3817848731780932928,0,71,71,366,2,5,3,10
6110,100,-101941874766305734,0,75,75,379,3,3,1,6
6111,100,-5236440210303032794,0,83,83,375,3,8,5,19
6112,100,-6738367592603458545,0,91,91,377,1,5,1,9
6113,100,837966096474356480,0,67,67,370,4,2,1,5
6114,100,-838467455639546121,0,74,74,374,8,3,2,6
6115,100,-6634785559311791703,0,65,65,378,1,5,2,19
6116,100,3619269924541929101,0,71,71,375,3,7,5,13
6117,100,3453797192164936577,0,82,82,372,4,5,3,11
6118,100,2497712100847235208,0,80,80,388,6,3,1,10
6119,100,6335643682029900908,0,72,72,372,1,4,2,9
6120,100,-8572939182881741485,0,61,61,384,2,4,2,12
6121,100,-8247751241206222976,0,80,80,380,3,4,1,8
6122,100,-4254332958510065188,0,60,60,375,4,2,1,3
6123,100,-6521857492107471111,0,54,54,358,1,5,2,18
6124,100,-7142507210122620244,0,67,67,387,1,5,3,18
6125,100,4165033527949408112,0,55,55,376,2,2,1,7
6126,100,7590649189619223607,0,84,84,367,5,2,2,6
6127,100,6377683823842538060,0,63,63,370,3,7,4,16
6128,100,1066364692074103925,0,63,63,391,5,3,1,3
6129,100,89664399738573688,0,88,88,368,5,5,2,17
6130,100,-7026713125139969616,0,73,73,376,2,7,3,18
6131,100,-8592875104488001962,0,85,85,384,2,4,1,13
6132,100,3198240677914223263,0,70,70,386,2,3,2,7
6133,100,-4283040132294552077,0,74,74,367,5,3,1,7
6134,100,-6811441208683584588,0,73,73,369,1,5,4,19
6135,100,5121856833544545403,0,60,60,371,3,5,4,6
6136,100,-5972612184308611662,0,58,58,375,4,4,2,4
6137,100,6715785959188907502,0,67,67,368,2,5,4,12
6138,100,-5127715190083399295,0,60,60,367,5,1,1,3
6139,100,-7574120443489437165,0,71,71,366,1,9,5,25
6140,100,930491688453666117,0,78,78,379,2,3,1,9
6141,100,-7214034722479062611,0,48,48,386,2,8,4,19
6142,100,8392734367975462572,0,74,74,387,4,3,2,10
6143,100,-2795507184131740948,0,61,61,399,2,7,4,14
6144,100,6034469477439780487,0,54,54,377,6,3,2,8
6145,100,3143523021079146790,0,61,61,389,3,3,1,8
6146,100,-7187083344070559332,0,76,76,387,1,4,1,8
6147,100,5418239207538009030,0,75,75,373,3,2,1,4
6148,100,-8055095957504709959,0,78,78,368,5,2,1,5
6149,100,2597435823029635204,0,81,81,386,8,3,2,7
6150,100,3573763663575337484,0,85,85,356,4,5,2,15
6151,100,-146900594866852650,0,55,55,375,4,4,1,14
6152,100,5293128224489192882,0,88,88,372,3,10,8,24
6153,100,-2442029494016615771,0,66,66,364,7,3,2,13
6154,100,-8490930169853479027,0,83,83,382,1,7,4,19
6155,100,-5052093811751214012,0,48,48,379,1,3,1,8
6156,100,-5560231867939543974,0,80,80,382,1,7,3,16
6157,100,3353107750081395613,0,76,76,388,1,5,4,11
6158,100,3789686832647993345,0,71,71,386,1,3,1,7
6159,100,-7788507391383877460,0,49,49,378,2,4,1,5
6160,100,8802858145006644015,0,72,72,366,1,5,3,19
6161,100,-9115561384294763727,0,45,45,360,2,4,2,8
6162,100,712235852494880289,0,68,68,361,4,2,1,7
6163,100,-7531470304023833695,0,59,59,375,3,11,7,17
6164,100,-6953767598826957629,0,57,57,375,1,11,7,21
6165,100,8318011427431022429,0,44,44,374,4,3,2,5
6166,100,-8592147493894799367,0,70,70,372,2,2,1,5
6167,100,-3740774130164079578,0,64,64,390,5,4,2,6
6168,100,-2036369867344279493,0,63,63,381,3,4,2,7
6169,100,7711452092874778319,0,60,60,371,2,6,5,13
6170,100,6505302463852907879,0,76,76,361,6,5,4,14
6171,100,693585158829603123,0,65,65,379,5,3,2,5
6172,100,113304679901237202,0,77,77,380,3,4,3,12
6173,100,7536732183217036137,0,60,60,383,2,3,1,8
6174,100,-6241223584347310433,0,51,51,375,2,4,1,11
6175,100,-9009127557664605130,0,95,95,373,3,4,2,15
6176,100,1330115552525887316,0,72,72,370,1,5,4,10
6177,100,-5208968072967852862,0,61,61,370,3,4,3,13
6178,100,-3944800835890412887,0,71,71,368,5,5,2,17
6179,100,-6159991541793956977,0,78,78,381,2,6,4,14
6180,100,4016679147959245475,0,67,67,375,2,3,1,6
6181,100,8035513637009312422,0,49,49,395,6,2,1,3
6182,100,-9181722406293965343,0,75,75,371,2,7,4,15
6183,100,1768444729521272082,0,78,78,366,3,3,2,10
6184,100,-2443682890229287882,0,71,71,374,1,4,2,8
6185,100,-5253930940166203502,0,66,66,377,3,7,3,12
6186,100,3614651753923487863,0,56,56,389,2,4,2,10
6187,100,7476574181791961225,0,43,43,393,5,3,1,10
6188,100,-5204505207276323947,0,66,66,393,4,9,6,20
6189,100,-7849954262451057863,0,51,51,382,1,4,2,5
6190,100,395616198030421229,0,54,54,363,4,5,2,14
6191,100,-8051098475906487760,0,47,47,378,1,7,4,16
6192,100,-2838747534611250210,0,37,37,384,6,5,4,11
6193,100,-7344638645909887743,0,55,55,379,4,6,4,13
6194,100,2601034640515942044,0,58,58,372,3,7,4,26
6195,100,2725044065025035575,0,72,72,374,3,4,2,11
6196,100,3778400252741487171,0,43,43,369,6,7,5,15
6197,100,5612091146266422919,0,78,78,374,1,6,4,8
6198,100,1940768177324994607,0,57,57,374,3,7,5,14
6199,100,157119184404037188,0,69,69,385,3,5,2,13
6200,100,2275235354919281802,0,73,73,372,4,5,4,13
6201,100,-56551867496903145,0,68,68,381,3,6,4,17
6202,100,8147574129853641253,0,78,78,380,2,6,4,21
6203,100,5830536951511463406,0,68,68,384,2,6,4,16
6204,100,6238265429845950347,0,57,57,369,7,3,1,6
6205,100,1343979357654083892,0,86,86,378,3,6,3,12
6206,100,-8115043437451949741,0,85,85,370,3,3,1,6
6207,100,-6491046943106733245,0,68,68,378,1,7,3,12
6208,100,-9140156919227011658,0,65,65,366,2,4,2,10
6209,100,3830114439969969942,0,73,73,366,3,2,1,6
6210,100,2817334529848417632,0,77,77,381,1,5,2,7
6211,100,-4288410501043868093,0,51,51,362,7,2,2,4
6212,100,1895168342870279562,0,56,56,361,3,5,3,14
6213,100,-8141112446236892377,0,63,63,377,5,2,1,5
6214,100,6871643302591989576,0,31,31,360,2,4,2,8
6215,100,58601646023922274,0,51,51,378,4,5,3,16
6216,100,2719368612803301407,0,75,75,373,4,3,1,9
6217,100,5501933960957271941,0,67,67,386,5,3,2,5
6218,100,3758380139162789850,0,69,69,357,1,5,3,13
6219,100,-5610501190959978230,0,80,80,384,1,7,4,11
6220,100,2403161150585620381,0,73,73,373,7,10,8,23
6221,100,-2134642966773102716,0,69,69,379,4,5,2,14
6222,100,-7259640205738291654,0,74,74,382,1,6,3,10
6223,100,-1728102957331433,0,65,65,373,1,5,3,15
6224,100,3404872200198120899,0,72,72,375,1,3,1,8
6225,100,5845023699392967209,0,72,72,371,2,3,1,7
6226,100,3894381534882786911,0,62,62,373,2,6,3,13
6227,100,8151484880125507673,0,77,77,364,2,7,3,14
6228,100,-8390601270567697823,0,64,64,373,3,3,1,3
6229,100,4709198910731474095,0,59,59,371,4,5,3,18
6230,100,-7966749481247250538,0,77,77,388,1,3,1,8
6231,100,533777550904834069,0,71,71,367,1,4,2,10
6232,100,-66371554950495778,0,67,67,396,4,3,1,12
6233,100,5104054650888017158,0,62,62,375,1,5,2,12
6234,100,3971966619938183933,0,66,66,375,1,6,4,17
6235,100,6869475041827560836,0,73,73,385,2,6,3,15
6236,100,2772875475887821746,0,71,71,377,4,4,2,12
6237,100,-4676323847451235249,0,54,54,377,5,4,2,8
6238,100,2154501831713182217,0,71,71,379,4,2,1,6
6239,100,4548369761425411411,0,67,67,364,6,3,2,7
6240,100,1414735290876428525,0,67,67,368,4,4,1,8
6241,100,-4789471840926295711,0,75,75,388,1,4,2,12
6242,100,6409665583184377089,0,81,81,360,5,3,1,4
6243,100,4380789926648944930,0,61,61,381,2,5,3,11
6244,100,373100188667300527,0,72,72,370,4,4,2,9
6245,100,3843326650426893128,0,58,58,377,4,4,3,14
6246,100,4622646543466500480,0,60,60,380,1,3,1,9
6247,100,-6392845103974880763,0,67,67,374,3,5,4,9
6248,100,-5867596277472339794,0,70,70,371,2,3,1,6
6249,100,1921990069554506688,0,88,88,395,3,8,5,18
6250,100,-5921062676215729929,0,61,61,362,7,1,1,2
6251,100,-6145952734043489530,0,53,53,388,1,4,1,9
6252,100,-3379512206294190157,0,68,68,376,1,3,1,8
6253,100,-8925474735907155522,0,58,58,381,8,2,2,6
6254,100,6384634141606248232,0,75,75,371,2,7,4,16
6255,100,-4874091979230551136,0,69,69,377,2,3,2,7
6256,100,-5430331466044282851,0,66,66,375,1,5,2,14
6257,100,-1282132233941031960,0,50,50,374,4,5,3,11
6258,100,-4453572497779375956,0,60,60,358,1,8,4,20
6259,100,-5262623935067246010,0,78,78,382,5,4,3,11
6260,100,7288449527767120988,0,68,68,381,4,5,2,13
6261,100,-6736388388933590249,0,58,58,365,1,4,2,15
6262,100,-5887525045038704274,0,63,63,376,2,4,2,9
6263,100,-5454872504248838438,0,71,71,390,3,6,3,17
6264,100,8659273551565096823,0,59,59,372,4,6,4,18
6265,100,-1375352774715403044,0,67,67,374,4,3,2,9
6266,100,-7569843266999000274,0,73,73,374,4,3,1,4
6267,100,-7117626563767526090,0,79,79,380,1,6,2,13
6268,100,-8945572882621637753,0,62,62,382,6,3,1,9
6269,100,4090916232691099129,0,57,57,375,4,14,11,25
6270,100,2162857572101051392,0,76,76,381,4,2,1,6
6271,100,-7082559688810530905,0,70,70,364,1,4,2,8
6272,100,6861331808802478138,0,68,68,372,3,2,1,6
6273,100,7565494577100446948,0,61,61,373,5,2,1,3
6274,100,983089807334126794,0,67,67,374,3,6,4,21
6275,100,2770780456957466988,0,91,91,385,1,5,3,14
6276,100,-5064220938172561071,0,67,67,385,3,4,2,15
6277,100,-4785348473203893177,0,59,59,373,3,7,4,12
6278,100,1429735054461626313,0,75,75,354,4,4,3,13
6279,100,-1580680498855288517,0,75,75,364,6,3,2,7
6280,100,-7614440840002284255,0,76,76,368,1,5,2,16
6281,100,7056458807468864898,0,86,86,379,5,3,2,8
6282,100,546436384697401100,0,70,70,370,6,3,2,7
6283,100,5767193392060945341,0,71,71,374,4,3,1,5
6284,100,-4851650027554129130,0,61,61,380,2,4,2,14
6285,100,5684974172384430888,0,51,51,363,3,8,6,19
6286,100,3461091925985829624,0,62,62,373,5,1,1,3
6287,100,3164178345304745486,0,62,62,380,3,3,1,8
6288,100,4679892732417548844,0,52,52,366,2,8,5,22
6289,100,-8890874612195228802,0,63,63,377,1,6,3,16
6290,100,-5130726312350742334,0,48,48,371,3,7,4,16
6291,100,2548158558947858494,0,71,71,374,1,6,4,18
6292,100,-2761603608851515532,0,59,59,369,3,6,4,15
6293,100,-4647461480513402113,0,74,74,376,4,6,4,17
6294,100,4059539265776630008,0,61,61,363,4,4,3,9
6295,100,1305591813922480082,0,37,37,384,3,5,3,10
6296,100,-2847287901967885163,0,69,69,381,6,5,3,14
6297,100,-5422443408138279206,0,34,34,374,3,7,6,14
6298,100,-1159321845574572551,0,61,61,390,1,5,1,15
6299,100,-1805428554896350653,0,62,62,364,1,3,1,10
6300,100,4719536581841725000,0,81,81,374,1,8,6,18
6301,100,-7888970031501240462,0,67,67,382,1,10,6,27
6302,100,3940625214028616312,0,68,68,367,2,10,8,23
6303,100,-1649382552858394755,0,78,78,378,1,4,2,6
6304,100,-6123831177165067557,0,58,58,382,3,3,1,9
6305,100,-541192232451306787,0,60,60,367,1,10,7,21
6306,100,6046655711695554557,0,64,64,387,1,6,2,16
6307,100,1300403815033269346,0,52,52,387,2,5,2,10
6308,100,5013655975455252655,0,71,71,367,3,3,1,8
6309,100,-2486302892328935578,0,65,65,367,1,6,3,15
6310,100,-1853702741391696541,0,83,83,379,2,10,6,24
6311,100,3108361996803022149,0,42,42,386,8,4,3,10
6312,100,-6154131542100095813,0,50,50,381,1,4,2,10
6313,100,-2350379425423067636,0,70,70,384,5,6,3,16
6314,100,-2824153380059280037,0,58,58,381,3,6,3,7
6315,100,-6064740112587243409,0,74,74,380,2,5,2,11
6316,100,-3020822512754507514,0,60,60,363,1,4,2,7
6317,100,5359302698748613888,0,61,61,374,2,6,2,20
6318,100,-3456665012530995992,0,65,65,375,3,7,4,17
6319,100,-1689373920458635106,0,77,77,394,2,3,1,5
6320,100,-125705525645481168,0,65,65,381,2,6,4,14
6321,100,-4788509831950149077,0,70,70,377,3,8,5,17
6322,100,-1430565568168504862,0,58,58,377,1,6,4,17
6323,100,-69354507728337023,0,90,90,371,4,4,2,5
6324,100,-3311928462681525526,0,83,83,369,6,5,3,14
6325,100,-5607489996227297883,0,70,70,386,6,4,2,14
6326,100,-5225694354750998157,0,58,58,383,1,5,2,11
6327,100,1233609749307938877,0,65,65,368,5,3,1,12
6328,100,404727620166740089,0,68,68,384,6,6,3,12
6329,100,6062406333774062655,0,64,64,379,3,4,2,8
6330,100,1908189954416131740,0,77,77,366,1,7,3,17
6331,100,-3810105496274183701,0,78,78,358,3,4,1,9
6332,100,-381845244940336329,0,65,65,367,1,7,3,16
6333,100,683079558703120890,0,88,88,369,2,2,1,7
6334,100,4107721558933639345,0,89,89,374,1,3,1,9
6335,100,-1780045650332567017,0,64,64,371,2,2,1,5
6336,100,-4601482896476131310,0,72,72,360,2,5,2,13
6337,100,-4608465686372643698,0,70,70,379,2,9,6,20
6338,100,3363124830034352601,0,73,73,374,4,4,3,10
6339,100,6629193290706161475,0,79,79,370,5,7,6,11
6340,100,-7280623091298832372,0,65,65,361,1,3,1,8
6341,100,-7521687805538845212,0,47,47,385,1,3,1,8
6342,100,-5008652639524715121,0,44,44,377,8,6,5,18
6343,100,2780684057434243938,0,85,85,366,1,9,5,18
6344,100,-3960450516044085575,0,75,75,378,3,3,1,6
6345,100,-4040795996619905380,0,73,73,366,1,4,2,6
6346,100,872801696528488228,0,75,75,363,4,7,5,20
6347,100,3545810969878826589,0,64,64,363,3,4,2,9
6348,100,3744016950867261636,0,49,49,362,6,4,3,11
6349,100,-5642121025603268472,0,43,43,376,2,6,4,12
6350,100,1105916634810847290,0,65,65,399,2,6,3,16
6351,100,-6493793510161989486,0,82,82,388,4,5,2,8
6352,100,6398423307781560938,0,76,76,382,3,5,3,6
6353,100,-2133036186767822545,0,7,7,372,7,3,1,9
6354,100,-4263781372564412598,0,73,73,365,3,6,4,21
6355,100,2137836381033585999,0,63,63,360,1,5,2,9
6356,100,-4625045238633320963,0,70,70,365,5,2,1,6
6357,100,8241404987477339211,0,86,86,396,5,4,2,7
6358,100,8138905109323075103,0,74,74,378,1,5,3,16
6359,100,9136051792121824603,0,66,66,384,1,7,2,18
6360,100,-189476271360470430,0,61,61,383,3,6,4,19
6361,100,-8242607476384438709,0,71,71,377,1,5,3,13
6362,100,-6018360408265226151,0,71,71,373,7,4,3,14
6363,100,641645776336957806,0,72,72,391,2,5,2,20
6364,100,6593680945411473811,0,44,44,372,5,2,1,6
6365,100,2833879002468656850,0,61,61,381,4,3,2,8
6366,100,-6020543612929306132,0,52,52,393,1,7,4,14
6367,100,219184944789077173,0,59,59,382,1,7,5,13
6368,100,-432402447061524705,0,72,72,383,4,4,2,10
6369,100,-3387273701498254538,0,73,73,403,1,7,3,12
6370,100,7583428314268128670,0,86,86,374,5,9,7,22
6371,100,-4985922630980452529,0,72,72,362,1,8,5,20
6372,100,7557446014425863845,0,55,55,383,1,6,3,11
6373,100,7897973959459490050,0,56,56,379,2,6,4,17
6374,100,-6414847654350015604,0,72,72,370,3,7,5,14
6375,100,639103955127154898,0,56,56,390,2,3,1,4
6376,100,9199233854282435164,0,81,81,373,3,8,5,21
6377,100,166764462337097844,0,69,69,386,2,7,5,16
6378,100,4870397158707484581,0,73,73,374,4,5,2,14
6379,100,6550069989208558278,0,85,85,381,4,7,4,16
6380,100,8777791888363786638,0,48,48,372,1,9,7,25
6381,100,3865911876923383552,0,42,42,358,2,5,3,13
6382,100,-7403969994736345043,0,50,50,388,1,6,2,12
6383,100,6298001727927337768,0,56,56,373,2,6,4,16
6384,100,3400943081564391193,0,69,69,386,2,3,2,6
6385,100,2810620582199628235,0,48,48,365,6,2,2,6
6386,100,3888541151628481596,0,75,75,387,3,3,1,6
6387,100,-8348767468483496215,0,66,66,375,1,6,3,13
6388,100,-7673040687485327379,0,42,42,378,2,7,4,18
6389,100,2891467624512981040,0,79,79,374,4,7,3,13
6390,100,-6661489156169143747,0,50,50,375,2,3,1,7
6391,100,4330367811654446189,0,71,71,380,2,6,3,12
6392,100,-7636971244538134128,0,51,51,386,2,11,9,26
6393,100,-8450309929070066113,0,61,61,367,2,4,2,8
6394,100,9030623793812676207,0,51,51,378,2,3,1,6
6395,100,5634587116289447437,0,69,69,383,3,3,1,7
6396,100,-6273142533112598371,0,68,68,379,1,10,7,27
6397,100,2631373113662146361,0,68,68,382,3,7,3,22
6398,100,-7268959923186525849,0,41,41,384,2,5,2,16
6399,100,-7914462312558404459,0,64,64,369,2,3,2,8
6400,100,-7601308736381931712,0,68,68,366,4,2,1,6
6401,100,7222284735823147029,0,58,58,384,7,6,4,12
6402,100,-6081143110644242804,0,71,71,376,5,4,3,12
6403,100,958234783869516230,0,65,65,383,1,4,3,6
6404,100,3704181571133469628,0,53,53,376,5,3,2,12
6405,100,-3280840459255672321,0,66,66,354,1,8,5,20
6406,100,3596545072734894746,0,13,13,368,1,6,4,15
6407,100,-4248920023057685803,0,55,55,381,1,6,5,16
6408,100,-1364093859866698011,0,47,47,367,1,6,4,16
6409,100,-6813275044859675437,0,42,42,368,2,4,2,8
6410,100,9011394315672750624,0,69,69,369,9,4,4,10
6411,100,-8535303989755690262,0,60,60,372,5,6,3,11
6412,100,-9203751169223853402,0,64,64,402,4,6,4,10
6413,100,9145232293608366502,0,58,58,376,6,2,1,6
6414,100,-2755909027259469822,0,66,66,364,2,6,5,14
6415,100,-7579866469093964381,0,60,60,356,1,5,3,20
6416,100,4809073189457479805,0,71,71,381,4,3,1,9
6417,100,3739081520393864510,0,53,53,373,2,3,1,9
6418,100,-1047044184316648457,0,87,87,376,3,7,4,17
6419,100,9135535097103954318,0,71,71,384,2,5,2,12
6420,100,-84328439316963334,0,61,61,374,1,6,4,9
6421,100,-4758549162289315179,0,53,53,380,1,3,1,10
6422,100,281935032596775180,0,69,69,370,3,4,2,7
6423,100,-5494370172429774158,0,55,55,380,8,2,1,2
6424,100,9117654233104620868,0,69,69,372,7,2,1,5
6425,100,8523128087353367898,0,79,79,383,3,6,3,14
6426,100,7659482896752974879,0,59,59,392,2,6,2,11
6427,100,3885582366320325895,0,69,69,380,1,5,3,7
6428,100,-8554232713578193005,0,50,50,367,5,2,1,6
6429,100,-8464250090887977873,0,75,75,372,1,4,2,9
6430,100,-7059943069254948252,0,83,83,378,2,4,2,14
6431,100,6613699780738035449,0,39,39,368,5,3,1,6
6432,100,5070935614204106679,0,71,71,375,5,3,2,11
6433,100,-8901467257898802068,0,65,65,380,3,4,2,10
6434,100,-3554366483156371484,0,60,60,391,3,3,2,7
6435,100,7557450780339993577,0,74,74,376,2,6,4,9
6436,100,-6059248787541662064,0,67,67,383,6,2,1,3
6437,100,-2536435259249939941,0,61,61,381,1,7,4,12
6438,100,-1338308913592930823,0,73,73,374,2,3,1,6
6439,100,-6124636081739929940,0,61,61,384,2,7,5,15
6440,100,-2256774315485705325,0,72,72,373,3,8,5,18
6441,100,-7019408830267566854,0,59,59,392,1,3,1,10
6442,100,-698122042279417388,0,52,52,381,3,4,2,8
6443,100,2445014142964696074,0,78,78,386,5,3,1,10
6444,100,4418309861305738060,0,62,62,379,6,3,2,5
6445,100,-1128287053348488772,0,54,54,364,3,4,3,10
6446,100,3018566265370141431,0,68,68,390,1,4,1,9
6447,100,5347290812355755328,0,44,44,382,3,6,3,15
6448,100,-1758236773213129258,0,67,67,358,6,3,2,10
6449,100,-1115837108980788024,0,62,62,382,4,6,2,20
6450,100,-2572672986041015877,0,56,56,380,9,3,3,11
6451,100,9197356226569071231,0,70,70,401,5,5,4,11
6452,100,-2818955568633916059,0,63,63,381,3,3,1,8
6453,100,-5540250829455684424,0,86,86,371,3,5,4,12
6454,100,8699030183608223180,0,85,85,385,3,7,4,12
6455,100,-8038459675215020694,0,70,70,385,2,6,4,13
6456,100,9141530868561153212,0,66,66,380,2,4,1,10
6457,100,6238015752170357980,0,72,72,393,1,4,3,9
6458,100,6540754085748661416,0,79,79,377,4,6,4,17
6459,100,-8770817421156648036,0,79,79,364,5,2,1,6
6460,100,886588823392705975,0,59,59,383,1,3,1,7
6461,100,1595959419276345269,0,49,49,352,6,3,3,9
6462,100,2974344868322183203,0,65,65,378,4,9,5,20
6463,100,6814026660460235040,0,80,80,380,4,4,2,7
6464,100,-193890295992496189,0,37,37,373,3,3,1,11
6465,100,-541828633806450310,0,33,33,368,1,6,3,19
6466,100,8106987301467698405,0,74,74,359,1,7,3,17
6467,100,7478856094284727031,0,52,52,383,2,7,5,13
6468,100,5283708416887492193,0,71,71,387,3,5,2,16
6469,100,4110103642295919254,0,71,71,364,7,6,5,24
6470,100,6041750026075136234,0,68,68,378,7,2,1,6
6471,100,4453596543394982294,0,73,73,374,1,6,2,16
6472,100,4252605613913986983,0,66,66,372,1,5,3,15
6473,100,-3197611938382855641,0,53,53,378,2,3,1,10
6474,100,5863576326611317249,0,31,31,376,1,8,5,23
6475,100,-1497508776347018395,0,67,67,381,7,3,2,8
6476,100,-1401049971900663106,0,58,58,375,1,8,4,21
6477,100,-6255857905910593407,0,69,69,363,1,6,3,21
6478,100,4319696225893653582,0,63,63,384,4,3,1,8
6479,100,-8474938179751026879,0,56,56,362,4,2,1,4
6480,100,-784981912583395739,0,57,57,369,6,8,6,13
6481,100,-8248533521011324502,0,83,83,379,3,7,3,23
6482,100,-4417765278900496183,0,63,63,380,1,4,2,8
6483,100,-2543222696851816710,0,63,63,374,2,3,1,9
6484,100,-1551758620425566356,0,46,46,374,1,7,5,16
6485,100,3299449840829847515,0,72,72,384,3,8,5,16
6486,100,1657449441501326269,0,46,46,379,5,3,2,10
6487,100,-5540873334846262826,0,61,61,366,1,6,4,14
6488,100,-564640578573945030,0,87,87,370,6,7,6,18
6489,100,2856374471429150213,0,59,59,381,1,4,2,13
6490,100,-8900618122138682551,0,73,73,351,3,4,2,14
6491,100,-5838358670548265204,0,86,86,391,1,5,2,7
6492,100,-900242897189537208,0,32,32,377,2,3,1,7
6493,100,-2762778157858956727,0,63,63,374,3,7,5,20
6494,100,1757840756608087522,0,58,58,384,1,8,4,24
6495,100,-2956633599254757302,0,80,80,383,2,4,2,12
6496,100,166778782481108644,0,84,84,375,1,7,4,10
6497,100,7880016280418672767,0,73,73,375,8,2,1,7
6498,100,-3992622209205499697,0,39,39,364,2,7,4,14
6499,100,-5235624390672446416,0,64,64,387,2,3,2,6
6500,100,2333726856680196719,0,76,76,376,2,7,5,16
6501,100,6609290821602430128,0,68,68,375,5,5,4,14
6502,100,-2021961812602198356,0,78,78,381,6,6,5,14
6503,100,5320100905407369427,0,86,86,355,4,7,5,15
6504,100,-8219557756926440865,0,61,61,373,2,2,1,5
6505,100,3842758794459037084,0,66,66,377,2,8,6,22
6506,100,-522829497823175192,0,62,62,363,4,7,4,22
6507,100,-5964941430329731525,0,37,37,375,1,6,4,14
6508,100,8608642250726322238,0,35,35,362,2,6,3,12
6509,100,-4082193109049462987,0,86,86,362,1,4,1,10
6510,100,-4055328732645081273,0,69,69,367,1,2,1,5
6511,100,-3959678094098652956,0,45,45,402,1,7,4,11
6512,100,-721555319091367575,0,65,65,367,2,6,3,14
6513,100,-3529344046974210782,0,57,57,385,2,6,2,14
6514,100,5507785933117559904,0,79,79,371,4,3,1,7
6515,100,6209896591269186625,0,69,69,371,5,3,2,5
6516,100,-2571042235767360175,0,78,78,383,1,10,6,23
6517,100,5578325817525654845,0,52,52,389,1,6,3,9
6518,100,6797604789308614175,0,78,78,384,1,6,3,13
6519,100,7576609640308995380,0,61,61,376,5,3,2,5
6520,100,-6553749061910936579,0,52,52,376,5,10,8,24
6521,100,3858159483366664726,0,80,80,368,6,4,2,9
6522,100,-1170688815392271547,0,53,53,374,2,3,2,9
6523,100,-8683848362270542696,0,84,84,360,3,10,7,32
6524,100,4208043183496004743,0,65,65,385,4,5,3,11
6525,100,-6978849411751004819,0,69,69,370,1,9,5,24
6526,100,8828576232828434147,0,85,85,378,1,3,1,7
6527,100,-8826382420338775624,0,76,76,381,2,3,1,8
6528,100,4605195787908893595,0,68,68,384,2,4,1,9
6529,100,-2251906529131201861,0,58,58,376,1,5,3,10
6530,100,-4894618359258898717,0,81,81,381,3,8,6,18
6531,100,-1860648789152328492,0,24,24,373,2,5,2,11
6532,100,-296538530975565317,0,69,69,391,2,3,1,4
6533,100,-884178527955404374,0,85,85,368,4,2,1,3
6534,100,9019806043652674175,0,76,76,386,2,3,1,6
6535,100,4257082032488907171,0,79,79,369,6,10,7,31
6536,100,-225993107119805699,0,72,72,384,7,5,5,9
6537,100,5591261552765370521,0,70,70,388,4,3,2,9
6538,100,-4348525423715473208,0,77,77,376,6,6,5,15
6539,100,1054935955809649100,0,62,62,378,6,3,2,8
6540,100,2136350858560451339,0,81,81,372,1,7,4,18
6541,100,-1610004974600057063,0,67,67,387,1,2,1,6
6542,100,8557982560135409440,0,82,82,391,6,4,2,9
6543,100,3968425851119073132,0,65,65,386,2,2,1,6
6544,100,-7449539087517536734,0,47,47,376,5,5,3,15
6545,100,-7582812960976156558,0,59,59,386,1,4,2,10
6546,100,3538391707891277760,0,42,42,377,2,3,1,12
6547,100,916086530633428883,0,84,84,390,2,14,8,24
6548,100,8168148683640151636,0,68,68,375,4,2,1,5
6549,100,-4835996987086572001,0,41,41,390,2,5,2,14
6550,100,-5394641345738397645,0,67,67,363,1,11,8,31
6551,100,-2110018276607914810,0,45,45,372,4,6,4,17
6552,100,-7361002925155313082,0,72,72,385,4,6,3,12
6553,100,-5290600364256273843,0,71,71,368,2,2,1,2
6554,100,4307581651962036185,0,72,72,377,1,3,1,9
6555,100,5570465519410086271,0,61,61,360,1,4,1,10
6556,100,-2397633035455853646,0,72,72,370,4,3,2,4
6557,100,-8449879366095465888,0,54,54,396,4,8,5,15
6558,100,-7012337168497111451,0,72,72,374,4,4,2,13
6559,100,3818717169274575528,0,57,57,374,3,6,3,16
6560,100,-3142390708676100634,0,84,84,391,1,9,7,18
6561,100,5412932705315604847,0,65,65,388,1,4,1,12
6562,100,3604080468316283488,0,67,67,395,1,10,6,15
6563,100,8252386195733895716,0,76,76,367,2,5,2,18
6564,100,-5410345147451327420,0,80,80,373,2,4,2,9
6565,100,-7167162461183722813,0,71,71,362,4,6,5,10
6566,100,-290715296867108957,0,76,76,391,4,4,2,7
6567,100,-5518951756868345529,0,79,79,387,4,5,2,11
6568,100,6708094722987901120,0,65,65,369,1,5,2,14
6569,100,-742903599466052516,0,65,65,386,2,4,2,12
6570,100,-2716394787018650143,0,68,68,382,6,5,3,13
6571,100,-5525114281779221672,0,47,47,371,4,6,2,11
6572,100,6705372245716103781,0,73,73,368,2,3,1,12
6573,100,-1002817655679760020,0,75,75,376,4,4,2,12
6574,100,1199506114454130459,0,71,71,362,6,2,1,6
6575,100,7693015099361990678,0,72,72,374,2,8,5,18
6576,100,6865190721130640336,0,70,70,386,7,4,2,9
6577,100,-5873811883491154727,0,67,67,381,4,6,3,14
6578,100,-6030305281040742871,0,71,71,373,5,2,1,4
6579,100,-5788878044906928592,0,64,64,382,4,5,2,17
6580,100,-78021646183644749,0,49,49,386,3,8,5,17
6581,100,-8875930592314233921,0,72,72,375,4,4,3,9
6582,100,2657330421904090424,0,44,44,381,5,5,3,13
6583,100,-1660776018498306612,0,84,84,386,2,3,2,7
6584,100,-8874229485787487916,0,84,84,380,5,3,1,5
6585,100,-6517744531765411860,0,72,72,376,4,3,2,6
6586,100,-6712451290290103225,0,69,69,376,4,3,2,3
6587,100,-2147985218408617215,0,51,51,382,1,8,5,22
6588,100,-1676751347495936245,0,84,84,377,6,5,4,8
6589,100,-229700841347485085,0,49,49,389,1,5,2,14
6590,100,6920892088606850985,0,72,72,371,1,7,4,17
6591,100,-9166917732960819108,0,86,86,382,1,4,2,7
6592,100,-2156254379768685369,0,73,73,377,2,6,3,15
6593,100,-8502893574744558118,0,48,48,369,2,6,3,16
6594,100,-6366400838174802299,0,60,60,383,2,4,3,9
6595,100,1760596104547539295,0,70,70,374,5,3,1,9
6596,100,-3809349956707422070,0,70,70,363,1,8,5,22
6597,100,-3425608248553594565,0,60,60,379,1,5,3,10
6598,100,1579579517457951065,0,50,50,379,2,7,4,16
6599,100,6974638784921457917,0,77,77,372,4,2,1,4
6600,100,-7639199593065671960,0,73,73,382,1,5,3,7
6601,100,5801518215236682279,0,67,67,371,5,5,4,13
6602,100,-2728930597977175949,0,68,68,359,4,2,1,3
6603,100,-7313382757216526304,0,50,50,378,3,6,3,10
6604,100,1893188604441353613,0,49,49,383,1,6,3,22
6605,100,577162459043954542,0,73,73,362,3,6,2,10
6606,100,-1788054137932332425,0,79,79,379,5,2,1,4
6607,100,5050534715864578084,0,53,53,384,1,6,4,12
6608,100,-8042907478210864716,0,91,91,375,6,4,2,9
6609,100,-3309181668478350440,0,46,46,376,3,4,2,9
6610,100,3600206491028820700,0,84,84,373,3,2,1,5
6611,100,-1488702439730565799,0,54,54,385,3,3,2,3
6612,100,2668152208387415728,0,68,68,373,6,3,2,7
6613,100,2147638013060949855,0,58,58,385,3,5,3,8
6614,100,6223471976427573358,0,85,85,366,2,8,5,23
6615,100,-3154719937000649340,0,75,75,367,1,8,5,16
6616,100,3354255474468192359,0,75,75,374,3,5,2,18
6617,100,-2593701209544100813,0,54,54,378,3,7,3,14
6618,100,4510302531539370958,0,55,55,379,1,4,1,8
6619,100,5362390808560115294,0,68,68,372,3,6,4,16
6620,100,-5520006354500416047,0,65,65,378,2,4,2,10
6621,100,-5453869997395306827,0,84,84,375,2,3,2,5
6622,100,-5609371743141982739,0,81,81,383,6,3,2,10
6623,100,-2664077329623226348,0,73,73,375,1,4,2,11
6624,100,-6949231561378816130,0,72,72,371,2,7,5,17
6625,100,-8486384382929934020,0,60,60,365,2,4,2,11
6626,100,332306518298254997,0,84,84,388,3,9,6,22
6627,100,6920033656181018565,0,65,65,369,4,6,3,16
6628,100,4395357058985440781,0,58,58,379,3,7,5,16
6629,100,1939597624276713043,0,71,71,380,1,6,4,14
6630,100,8509832673156987616,0,54,54,376,1,4,2,6
6631,100,1409440893871030791,0,83,83,381,4,7,4,13
6632,100,4700979809578838198,0,66,66,374,7,3,2,10
6633,100,348215225511899960,0,41,41,370,1,7,4,20
6634,100,4182282382922273726,0,60,60,372,1,4,2,9
6635,100,-4823075043679523485,0,69,69,370,4,5,3,13
6636,100,630448376452981697,0,63,63,384,3,5,2,12
6637,100,-2703881741777268129,0,34,34,370,2,5,3,9
6638,100,-9027710226522608524,0,66,66,383,2,6,4,11
6639,100,2086436367258078420,0,45,45,372,1,3,1,11
6640,100,7405178872131499789,0,67,67,377,2,6,4,12
6641,100,-440711946095802898,0,50,50,384,3,4,2,12
6642,100,7097654394506924312,0,58,58,381,4,5,3,12
6643,100,1675975554576335436,0,73,73,376,5,7,4,21
6644,100,-4132993939554814838,0,81,81,386,1,8,5,15
6645,100,-4421404160486057410,0,62,62,374,3,4,2,9
6646,100,-3604486014586495722,0,82,82,370,2,7,4,20
6647,100,-4440587080758378192,0,58,58,375,3,4,1,10
6648,100,4173743865832840895,0,61,61,357,2,7,5,22
6649,100,7818454660234350688,0,62,62,376,2,6,3,13
6650,100,-8339667765412245074,0,80,80,383,1,3,1,6
6651,100,7712349197050218711,0,86,86,371,2,5,3,13
6652,100,8408771914162759493,0,59,59,397,4,8,5,15
6653,100,3526968572639641750,0,49,49,394,5,5,3,12
6654,100,7867756709358845043,0,79,79,372,4,4,2,9
6655,100,-3247409838138527986,0,58,58,373,1,9,6,30
6656,100,-6343867086011286199,0,68,68,371,8,1,1,4
6657,100,-5605199291285615403,0,60,60,371,3,3,1,8
6658,100,-5821226984093471283,0,62,62,380,2,8,5,21
6659,100,7767103107351100055,0,50,50,366,3,5,3,9
6660,100,-6916094511404471282,0,52,52,365,5,5,4,6
6661,100,-8454790424080047286,0,55,55,383,5,2,1,4
6662,100,1819280323014999928,0,77,77,371,3,3,2,9
6663,100,1488165758463888805,0,58,58,391,1,4,2,6
6664,100,-8420275317132129943,0,74,74,380,4,6,3,16
6665,100,-5220673799016148782,0,63,63,369,2,5,3,6
6666,100,-1248204809416283389,0,83,83,367,9,1,1,5
6667,100,-1457511402210189215,0,63,63,377,2,5,2,14
6668,100,5984424237870527555,0,66,66,372,5,4,2,7
6669,100,2480867626271482752,0,95,95,385,1,8,4,21
6670,100,-8191095385621024686,0,68,68,363,5,4,3,12
6671,100,1976323199739562857,0,55,55,376,2,6,4,14
6672,100,-9086191587995147493,0,62,62,371,3,7,5,15
6673,100,-1949922840576860901,0,54,54,377,4,4,3,9
6674,100,4550967193374034973,0,57,57,389,3,4,2,9
6675,100,2622051495038640716,0,41,41,380,1,5,1,10
6676,100,4748466154841850497,0,80,80,381,7,3,3,7
6677,100,187747375205578141,0,64,64,369,1,5,2,13
6678,100,7486866068847378031,0,2,2,373,3,8,4,20
6679,100,937271199435611663,0,54,54,390,1,5,2,10
6680,100,2640125995015316380,0,65,65,377,4,4,2,12
6681,100,4384397091527323061,0,56,56,366,1,4,1,11
6682,100,3527525398796558631,0,72,72,370,2,5,2,11
6683,100,582685294821595051,0,62,62,371,1,6,3,15
6684,100,421686777337313957,0,73,73,377,2,4,1,9
6685,100,6157962039598215494,0,72,72,390,4,8,5,17
6686,100,6500204671715430010,0,75,75,378,2,4,1,8
6687,100,-7277969098326257012,0,72,72,393,6,4,3,7
6688,100,-8418338581351273110,0,56,56,375,7,3,2,6
6689,100,-8346364940903020058,0,58,58,390,1,6,3,18
6690,100,-2256912487437150353,0,58,58,374,3,3,2,7
6691,100,485613186909951763,0,74,74,377,1,6,3,13
6692,100,8720447522163044812,0,73,73,382,3,3,2,7
6693,100,7210121306527768928,0,83,83,363,5,3,2,7
6694,100,-1580260210845070751,0,93,93,366,2,6,3,16
6695,100,-4909162394895213291,0,86,86,372,8,2,2,6
6696,100,5968404906832067649,0,72,72,378,2,5,3,8
6697,100,-4184064910218079182,0,78,78,380,4,4,1,9
6698,100,5667672761477450113,0,71,71,369,1,4,2,7
6699,100,-1330384577616181669,0,68,68,370,2,5,3,13
6700,100,-8999098831228912046,0,79,79,385,2,7,3,10
6701,100,7275818830640878607,0,69,69,378,4,3,1,10
6702,100,296596314410578258,0,71,71,368,1,6,3,11
6703,100,-1441219173063562976,0,66,66,384,2,5,4,14
6704,100,-7626234261879769826,0,65,65,361,1,8,5,23
6705,100,-2074416569126053281,0,48,48,389,1,8,5,17
6706,100,-7046517756683727061,0,56,56,366,2,4,1,6
6707,100,-3790126052746909034,0,75,75,380,2,3,2,8
6708,100,-1703489583704258602,0,73,73,391,3,7,3,12
6709,100,-7804284779126904134,0,75,75,366,3,5,3,12
6710,100,1470250359302825913,0,55,55,376,6,5,3,10
6711,100,-22102357174343327,0,79,79,371,3,2,1,5
6712,100,-8694641252481026497,0,68,68,365,7,2,2,6
6713,100,-2281392897547328143,0,72,72,353,3,3,1,13
6714,100,-154027907078124166,0,51,51,376,3,6,4,19
6715,100,209819412362229786,0,24,24,362,1,5,3,11
6716,100,-1471541413907196109,0,61,61,378,7,6,5,11
6717,100,5323312188301339141,0,61,61,374,2,5,2,17
6718,100,9181285339779254082,0,81,81,384,1,8,5,21
6719,100,-3511284715066071091,0,73,73,369,1,4,2,6
6720,100,-7053718424545777888,0,79,79,369,6,4,2,11
6721,100,-5736783581673092690,0,61,61,360,6,6,5,9
6722,100,4135675252003210938,0,76,76,380,9,1,1,3
6723,100,-954716192946167173,0,54,54,394,6,3,1,7
6724,100,-3143514049674484089,0,71,71,379,2,4,2,12
6725,100,1390621267095407061,0,75,75,375,2,4,1,9
6726,100,-7100681656636444964,0,78,78,385,1,6,3,15
6727,100,5053365449277379993,0,56,56,368,3,8,6,12
6728,100,-8466716983889852290,0,59,59,390,1,5,2,13
6729,100,4603739891699545754,0,60,60,386,4,5,3,12
6730,100,3949861322916358777,0,65,65,367,1,7,4,22
6731,100,-2474331540510937969,0,64,64,377,1,7,3,18
6732,100,-6161785015497445073,0,43,43,381,1,5,2,8
6733,100,-748155777265924785,0,71,71,394,2,9,6,14
6734,100,-7389899532233583949,0,63,63,365,1,3,1,9
6735,100,-7073361687802619077,0,69,69,377,7,3,2,4
6736,100,6706657603619488855,0,48,48,374,5,5,3,10
6737,100,-2316031185912822022,0,82,82,371,3,3,2,8
6738,100,-2361929129642203773,0,61,61,390,2,7,3,15
6739,100,-365661700615538581,0,81,81,380,5,4,2,11
6740,100,-5240499489376533560,0,86,86,382,6,2,1,7
6741,100,7268455654506228439,0,71,71,366,4,3,2,7
6742,100,-3165305981623825356,0,78,78,383,3,3,1,9
6743,100,-3585344335734839194,0,80,80,387,2,5,3,10
6744,100,-7647659820527862297,0,51,51,365,3,3,1,8
6745,100,-5617603585728114476,0,63,63,386,3,2,1,3
6746,100,3785848242522845670,0,74,74,379,3,3,1,7
6747,100,-2857164141267413148,0,64,64,383,3,11,7,19
6748,100,-7037878582523868114,0,79,79,375,1,5,3,14
6749,100,-7079240107943744492,0,44,44,369,1,7,5,15
6750,100,-6024689002158757364,0,58,58,377,5,2,1,4
6751,100,8906253835716772881,0,78,78,361,9,2,2,10
6752,100,790218071822639531,0,69,69,376,1,6,2,18
6753,100,-1192287933926115987,0,55,55,375,4,5,4,15
6754,100,-7698477853752088850,0,82,82,387,4,14,13,23
6755,100,8558450680973548046,0,71,71,378,3,3,1,8
6756,100,2180769541571225984,0,55,55,371,6,1,1,4
6757,100,6821983457164504553,0,59,59,370,4,6,4,12
6758,100,-3548471568699146200,0,62,62,372,6,3,3,11
6759,100,-1462895844427588496,0,76,76,370,5,2,1,4
6760,100,-2903071520051710623,0,64,64,372,4,2,1,4
6761,100,2463663395540332873,0,65,65,373,1,4,2,7
6762,100,7960938490989119785,0,76,76,379,4,4,2,7
6763,100,-3884563309331996609,0,70,70,375,6,3,2,10
6764,100,-3847952006606570471,0,56,56,388,2,3,1,6
6765,100,4073583971904575613,0,66,66,371,1,4,2,11
6766,100,7722979178909546421,0,57,57,381,5,3,2,5
6767,100,-3816828830310689032,0,87,87,377,1,5,3,15
6768,100,-4211564087106443259,0,68,68,382,1,6,3,12
6769,100,-6090564215674704851,0,63,63,395,2,5,3,11
6770,100,-2356514664673060252,0,60,60,397,1,13,10,26
6771,100,-8806053781474842356,0,62,62,361,3,2,1,6
6772,100,5751503270677149079,0,56,56,374,4,4,3,4
6773,100,-1129956919488518349,0,64,64,364,2,3,1,12
6774,100,-859976995233259744,0,52,52,366,3,5,3,12
6775,100,-3822390218889420705,0,73,73,375,3,2,1,5
6776,100,-2338994330477469228,0,67,67,378,6,4,3,6
6777,100,3387105317293476127,0,69,69,378,4,5,2,15
6778,100,802568019877259691,0,82,82,379,4,2,1,6
6779,100,6845928343984054986,0,71,71,386,2,3,1,8
6780,100,1337102528459565271,0,80,80,372,2,5,2,12
6781,100,-6165268137152595790,0,65,65,362,7,5,4,9
6782,100,5069076997196790295,0,58,58,375,2,4,2,7
6783,100,7052699116272106649,0,76,76,371,6,3,1,10
6784,100,2410870523328025676,0,81,81,363,7,3,2,11
6785,100,-4861521771482139037,0,68,68,391,1,9,5,20
6786,100,2266317388886795084,0,59,59,374,2,4,2,8
6787,100,3248455960006032141,0,75,75,375,7,2,2,4
6788,100,4245993097946733045,0,55,55,379,6,4,2,8
6789,100,-2822905101229678883,0,63,63,374,1,4,3,11
6790,100,6629112526883000709,0,77,77,376,4,8,6,16
6791,100,3924286418216408795,0,76,76,361,1,5,2,11
6792,100,8329692393670527529,0,72,72,364,7,1,1,3
6793,100,-3405617769891594881,0,80,80,390,9,1,1,1
6794,100,5454596815497994451,0,51,51,367,1,6,3,15
6795,100,-7950808765743092053,0,70,70,387,1,2,1,7
6796,100,9006095484768833104,0,88,88,378,7,2,1,8
6797,100,2651227298693394138,0,85,85,367,5,8,6,13
6798,100,-1589468983193746535,0,80,80,391,1,6,3,20
6799,100,-83497801078337126,0,41,41,381,1,10,5,20
6800,100,7218327104449574760,0,50,50,373,5,2,1,5
6801,100,-8765810276409322697,0,63,63,386,1,5,2,13
6802,100,3266344459039504654,0,58,58,383,4,7,4,16
6803,100,1245503742002158008,0,62,62,383,4,3,1,6
6804,100,3412042206902410371,0,75,75,376,2,8,6,11
6805,100,-3624954176240742129,0,74,74,372,3,5,3,16
6806,100,-8476725951372831810,0,72,72,371,3,3,1,9
6807,100,-2532408000513010037,0,80,80,375,1,5,2,19
6808,100,5719830471665486151,0,67,67,368,2,6,3,19
6809,100,-8031245669146122352,0,81,81,371,4,3,1,8
6810,100,8118318895309426697,0,56,56,372,3,4,2,10
6811,100,-4214677093413501046,0,64,64,365,5,4,2,8
6812,100,-9154964863365743508,0,90,90,368,6,5,3,14
6813,100,3840708987361055007,0,47,47,371,3,6,3,15
6814,100,6080614649263749795,0,60,60,364,4,4,2,11
6815,100,-9202234127419644253,0,52,52,383,5,2,1,6
6816,100,-1796134517261404607,0,68,68,364,5,10,9,26
6817,100,-2911390501685037615,0,64,64,370,5,5,4,15
6818,100,-6366646865368471790,0,64,64,369,1,5,3,8
6819,100,1263445215885148854,0,69,69,376,3,2,1,5
6820,100,-2385143605999593688,0,56,56,387,4,4,2,6
6821,100,-7855557795921613328,0,84,84,383,3,5,3,16
6822,100,156298144300561971,0,53,53,383,9,1,1,4
6823,100,-7482532287316973032,0,68,68,372,5,5,2,11
6824,100,5413797138589404694,0,60,60,367,3,3,2,8
6825,100,-3400434407382969220,0,70,70,378,3,8,4,18
6826,100,-7530466342889067338,0,61,61,382,1,4,2,9
6827,100,169171661829137681,0,68,68,377,5,5,3,12
6828,100,-2626278414033414380,0,80,80,376,4,4,1,8
6829,100,477932377373305255,0,54,54,380,4,5,4,11
6830,100,459036194479298973,0,61,61,378,4,3,1,9
6831,100,6625920551310524510,0,71,71,378,1,6,3,16
6832,100,2551542348156537280,0,75,75,381,1,7,4,17
6833,100,-1534656769159690920,0,74,74,383,1,5,1,13
6834,100,9097596660822002881,0,78,78,384,2,7,3,14
6835,100,4856320538725312431,0,92,92,365,1,5,2,16
6836,100,2857999509719562189,0,62,62,392,3,5,3,5
6837,100,-8908573278475282007,0,74,74,377,1,3,1,12
6838,100,3603768957432978765,0,69,69,382,6,2,1,5
6839,100,3888698353893888042,0,62,62,363,4,6,4,18
6840,100,7808786049264769918,0,72,72,384,1,6,3,14
6841,100,-6451665540409014935,0,43,43,376,2,5,3,13
6842,100,1241330096867917889,0,75,75,380,3,7,3,10
6843,100,-3404672415432445209,0,68,68,401,2,4,2,14
6844,100,7976442134289176111,0,65,65,378,2,3,2,8
6845,100,5908256985939211931,0,56,56,370,1,4,1,12
6846,100,-3765952735375446288,0,15,15,374,1,5,3,14
6847,100,-2911750956599863439,0,72,72,391,2,4,2,9
6848,100,-1777693691748581684,0,48,48,368,2,4,2,13
6849,100,4012198056535760117,0,63,63,371,1,6,3,14
6850,100,3840015420671499650,0,60,60,377,1,8,5,18
6851,100,-3472102091348218293,0,75,75,386,4,3,1,14
6852,100,2830832866158690392,0,44,44,379,1,6,3,20
6853,100,1097087391762132066,0,64,64,389,5,4,2,11
6854,100,4139715160081056115,0,47,47,365,3,5,4,14
6855,100,4658330259389430633,0,49,49,375,2,4,2,12
6856,100,6872367927578658920,0,76,76,368,5,4,1,10
6857,100,-4373200003401617535,0,82,82,394,1,7,3,14
6858,100,-5611716908090365934,0,49,49,376,1,9,5,20
6859,100,4000782004961628339,0,67,67,376,3,4,2,11
6860,100,-6281258154114841179,0,54,54,387,3,3,2,4
6861,100,-9101532248687597021,0,66,66,379,2,4,2,9
6862,100,-7107961459230270205,0,73,73,373,4,7,5,16
6863,100,-9027089431349667706,0,57,57,378,3,5,2,18
6864,100,3738323032234309198,0,59,59,382,1,5,3,15
6865,100,-7569981669947700271,0,59,59,373,2,5,2,8
6866,100,7010901306384163006,0,84,84,362,2,7,5,19
6867,100,3535535974376927282,0,67,67,361,2,4,2,10
6868,100,1673251421599975091,0,67,67,370,4,7,6,13
6869,100,-7084173563029556669,0,73,73,379,3,6,4,19
6870,100,532434178487922445,0,78,78,392,3,5,3,14
6871,100,5298983297418171005,0,75,75,370,5,2,1,3
6872,100,-2759273484831014981,0,66,66,374,3,5,4,13
6873,100,-1057145385231025174,0,53,53,370,2,7,4,15
6874,100,-7329220290754374254,0,63,63,390,2,5,3,11
6875,100,6495139195868631582,0,66,66,375,3,4,2,11
6876,100,-740543495495711393,0,63,63,372,4,5,3,10
6877,100,-8884256930440189337,0,65,65,386,1,10,6,16
6878,100,2018923601113324095,0,74,74,364,6,4,3,10
6879,100,8164663380919411779,0,73,73,367,5,3,2,7
6880,100,4900965029058290989,0,74,74,373,1,5,2,13
6881,100,3828766979919402257,0,44,44,357,6,2,1,6
6882,100,-2568688158416424485,0,75,75,377,6,4,3,9
6883,100,5886308251897854731,0,66,66,345,6,3,2,5
6884,100,8213648035355227334,0,68,68,382,2,3,1,6
6885,100,8266817939020229492,0,72,72,392,1,6,4,13
6886,100,5870302456906942084,0,76,76,383,4,3,1,6
6887,100,3757011939905237005,0,60,60,377,2,7,3,19
6888,100,7329685992314241120,0,61,61,382,1,6,4,8
6889,100,-6988311761726863411,0,78,78,377,5,3,2,13
6890,100,-625986623303332312,0,70,70,377,1,6,3,10
6891,100,4049193150050254544,0,69,69,378,1,3,2,10
6892,100,-5173036994942252732,0,73,73,365,4,6,4,9
6893,100,-3223483915848167025,0,58,58,372,6,4,3,14
6894,100,2615986432644116746,0,65,65,379,4,2,1,6
6895,100,-5228924907370950832,0,41,41,364,5,6,4,15
6896,100,4366999320109536337,0,56,56,375,5,3,3,7
6897,100,-2887400902898831392,0,75,75,391,3,6,4,13
6898,100,3762696049422762052,0,53,53,356,2,5,3,9
6899,100,896666702305562752,0,48,48,366,1,8,4,15
6900,100,-2203034020683642761,0,83,83,391,3,7,2,12
6901,100,-633187572122563556,0,66,66,376,2,5,2,12
6902,100,-1986264691605242817,0,87,87,368,2,3,1,10
6903,100,166328215917683394,0,71,71,375,2,7,3,16
6904,100,1661205177923558717,0,50,50,392,4,7,5,19
6905,100,-237972406758939567,0,63,63,374,2,6,4,11
6906,100,4532923349943642940,0,86,86,371,7,3,1,9
6907,100,997800644883862128,0,80,80,384,3,7,5,15
6908,100,5545109235230857532,0,77,77,369,4,4,2,9
6909,100,2623482707207466434,0,34,34,385,3,6,4,14
6910,100,-325738907599519794,0,63,63,381,2,9,6,17
6911,100,-6483222466139807145,0,56,56,379,1,7,4,18
6912,100,392160153103327394,0,49,49,375,1,4,1,14
6913,100,-873866289942100123,0,50,50,367,2,7,3,19
6914,100,-3353753672088580258,0,60,60,368,2,4,3,7
6915,100,-8268656354030868937,0,66,66,376,1,6,3,18
6916,100,8500164322003833776,0,60,60,376,4,7,4,20
6917,100,-576529042435507099,0,76,76,396,5,7,6,15
6918,100,-3635890875623565146,0,70,70,368,6,3,2,8
6919,100,-6812461829892969148,0,71,71,378,2,4,2,12
6920,100,-6329896001044677316,0,63,63,364,1,4,1,7
6921,100,3086890214222370464,0,83,83,380,1,7,4,15
6922,100,7099474953370442294,0,71,71,380,1,8,4,18
6923,100,-3079345016442078040,0,63,63,386,3,5,2,11
6924,100,-7623382767525146320,0,64,64,372,1,3,1,7
6925,100,6093199501112246569,0,61,61,376,2,4,2,9
6926,100,-7683369098856990477,0,57,57,381,5,7,5,19
6927,100,5226815956574493183,0,74,74,366,4,6,4,18
6928,100,-3800800852444841207,0,83,83,393,4,6,1,16
6929,100,1382973694287903431,0,61,61,407,3,6,2,12
6930,100,6310462049602451091,0,64,64,357,4,4,2,11
6931,100,1378584369105348057,0,60,60,388,8,2,1,2
6932,100,-6423157315195257767,0,57,57,387,2,8,6,26
6933,100,6123302073706420341,0,69,69,379,1,3,1,9
6934,100,-2528143162313000926,0,61,61,381,2,5,3,11
6935,100,4089251973895685691,0,52,52,381,1,4,2,10
6936,100,-9167231468612543675,0,81,81,393,4,4,2,10
6937,100,-476846019966117920,0,54,54,374,2,8,4,21
6938,100,8935420687452396671,0,79,79,379,5,3,2,7
6939,100,7571076388024459550,0,66,66,376,2,4,2,10
6940,100,-8030578199843315449,0,77,77,383,1,4,1,9
6941,100,-208868320055197204,0,40,40,384,1,14,10,31
6942,100,8304971746579538655,0,71,71,361,1,3,2,8
6943,100,-6655677608007244049,0,62,62,375,2,8,5,19
6944,100,-6146447224400123795,0,65,65,377,3,4,2,6
6945,100,981471343122832687,0,82,82,396,1,5,2,8
6946,100,-4745048914498870966,0,60,60,360,2,5,2,15
6947,100,-7842126101475463922,0,77,77,374,2,4,2,8
6948,100,-7243280375015785384,0,61,61,351,7,1,1,5
6949,100,-6834056585121288075,0,54,54,368,4,3,1,7
6950,100,68037614145833753,0,82,82,367,1,3,1,6
6951,100,8667731371356428367,0,54,54,379,5,4,3,12
6952,100,2702135720939849279,0,61,61,379,2,7,4,20
6953,100,-5184126437493369542,0,66,66,389,1,4,1,10
6954,100,8300658096358721406,0,65,65,376,2,4,3,12
6955,100,-4051017330176845957,0,75,75,374,1,4,1,9
6956,100,8120482420562709673,0,62,62,370,4,6,4,15
6957,100,4391011301169273395,0,76,76,374,3,8,5,19
6958,100,-7225217362254718980,0,70,70,377,2,3,2,8
6959,100,3812397130022989264,0,76,76,375,7,2,1,4
6960,100,316743226446152118,0,61,61,381,5,2,1,5
6961,100,-7983073176321215035,0,81,81,371,1,4,1,9
6962,100,-6704068867966808341,0,74,74,375,1,8,5,26
6963,100,-4868564721128223363,0,61,61,372,2,4,2,14
6964,100,4434038156872901015,0,72,72,380,2,8,4,20
6965,100,3727927744155748492,0,59,59,389,1,8,5,14
6966,100,-384455760135219722,0,71,71,380,1,3,2,5
6967,100,7589175155668582951,0,65,65,364,6,5,3,12
6968,100,-8054878843739528942,0,75,75,377,3,3,1,9
6969,100,-7515796094165946410,0,65,65,378,1,3,1,7
6970,100,2060556524965545116,0,76,76,399,4,4,2,6
6971,100,-557426749591835801,0,66,66,377,6,5,3,15
6972,100,-3878166096455078913,0,70,70,386,1,7,4,19
6973,100,3607925234358380582,0,59,59,375,4,10,8,29
6974,100,3142533322864559794,0,78,78,382,1,4,2,12
6975,100,3715200566331475786,0,65,65,374,3,5,2,10
6976,100,-439347596379573299,0,67,67,367,1,6,4,19
6977,100,8947311921218207665,0,35,35,364,4,11,7,20
6978,100,6134713057419956959,0,50,50,372,5,3,2,9
6979,100,-2525730571632079665,0,57,57,383,2,3,1,11
6980,100,-7756615832972734979,0,67,67,381,6,6,4,15
6981,100,3037912067255507172,0,58,58,363,1,4,2,6
6982,100,-1503191557749100258,0,73,73,386,2,6,3,16
6983,100,4570341963087386221,0,65,65,385,2,10,6,22
6984,100,-1033209078828735834,0,53,53,386,2,6,4,10
6985,100,2059046917952617692,0,75,75,379,1,7,5,14
6986,100,5835624817166684480,0,63,63,389,1,9,5,21
6987,100,1093496761600892042,0,67,67,366,3,4,2,10
6988,100,4552480000875834096,0,58,58,384,6,3,2,5
6989,100,-6617310393569362452,0,47,47,353,1,7,4,14
6990,100,-13917856386191001,0,57,57,373,2,4,2,12
6991,100,1303949843439337477,0,63,63,376,3,6,4,16
6992,100,-7800238331291238503,0,69,69,385,2,5,2,20
6993,100,-8671781787169756645,0,75,75,371,5,2,1,9
6994,100,1820443378441360525,0,40,40,372,2,8,4,18
6995,100,2854478280907416749,0,78,78,377,1,6,2,11
6996,100,-1647198423708846221,0,81,81,376,4,7,5,14
6997,100,-2651168030480069213,0,78,78,375,8,2,1,6
6998,100,4167887984747448571,0,77,77,376,7,2,2,4
6999,100,-6145397366937216057,0,52,52,374,1,2,1,5
7000,100,6622791744407229923,0,56,56,384,3,4,3,5
7001,100,2428817019334690163,0,68,68,377,3,4,2,7
7002,100,9083171574397058770,0,68,68,380,4,5,2,13
7003,100,-3069267974389752180,0,70,70,383,1,8,4,19
7004,100,4124156126045833572,0,79,79,372,6,3,2,12
7005,100,6926930310166487470,0,69,69,381,4,6,4,16
7006,100,-561956813120278907,0,72,72,387,6,5,3,14
7007,100,-4537409599496316760,0,71,71,366,2,7,4,17
7008,100,1184264670643517954,0,38,38,378,2,5,3,10
7009,100,-4350764338369931222,0,60,60,375,4,3,1,9
7010,100,2777221971708792669,0,55,55,381,6,2,1,6
7011,100,-2653917817768312131,0,76,76,381,2,7,3,14
7012,100,3762694856519542752,0,68,68,365,6,2,1,3
7013,100,4255239403744380658,0,69,69,381,3,2,1,5
7014,100,6055563522080611828,0,74,74,392,3,7,4,14
7015,100,3100282428303199454,0,18,18,366,1,3,1,4
7016,100,-3034730753709729358,0,38,38,367,3,2,1,8
7017,100,-1356093758398265659,0,53,53,376,2,6,3,21
7018,100,3461538559402635962,0,53,53,380,5,3,2,10
7019,100,-8104606647725631212,0,76,76,375,5,5,4,5
7020,100,3100143538556181316,0,64,64,365,3,7,3,17
7021,100,-4274967025515278956,0,70,70,392,1,4,1,13
7022,100,6019664367064508532,0,54,54,382,4,5,2,10
7023,100,3644187377470162396,0,60,60,370,4,8,6,15
7024,100,-2562806732612973583,0,45,45,385,1,6,3,20
7025,100,7178626755762053384,0,67,67,379,3,6,4,11
7026,100,-2528938056478321993,0,75,75,383,7,4,2,10
7027,100,-3881599851923011417,0,72,72,372,1,3,1,5
7028,100,6002492749345766700,0,87,87,370,1,3,1,13
7029,100,-5740339521164781319,0,70,70,373,1,3,2,4
7030,100,-4238950493792320399,0,60,60,389,3,7,5,14
7031,100,-2009519747212847015,0,58,58,381,4,3,2,3
7032,100,6331461523419881723,0,76,76,368,1,5,3,11
7033,100,-3064220011113991688,0,81,81,380,3,8,6,16
7034,100,1466558915711411809,0,65,65,389,4,4,3,11
7035,100,7366808453004519371,0,67,67,372,3,6,4,16
7036,100,-2658094746604337034,0,52,52,383,7,2,1,4
7037,100,-8551766119665722,0,59,59,366,3,3,2,7
7038,100,-6606994399931425382,0,69,69,378,2,7,4,20
7039,100,-6966031708532215734,0,61,61,371,1,5,2,9
7040,100,-5533398552955637171,0,71,71,368,3,4,3,13
7041,100,6675710725143957467,0,62,62,371,3,9,6,23
7042,100,-5465287096872205820,0,63,63,396,2,4,2,6
7043,100,-4342075602127352811,0,65,65,372,2,2,1,6
7044,100,-8592948087892530880,0,73,73,391,2,4,2,6
7045,100,-2721214004671476768,0,65,65,366,4,5,2,12
7046,100,2900202927175640283,0,75,75,377,2,4,2,12
7047,100,8275874401695752418,0,62,62,373,1,9,6,10
7048,100,3530899394762273444,0,74,74,381,3,7,4,17
7049,100,-592203924350784459,0,61,61,356,4,3,2,7
7050,100,-776620026565613778,0,69,69,360,2,4,2,15
7051,100,-1167223397464139175,0,83,83,381,1,4,1,11
7052,100,4014588569848089829,0,67,67,374,3,3,2,5
7053,100,9064169809121602156,0,63,63,389,3,3,1,5
7054,100,-2404978791177576351,0,70,70,379,7,1,1,1
7055,100,863550009832453272,0,51,51,373,2,3,1,7
7056,100,7581530042935049726,0,69,69,366,2,12,10,27
7057,100,6046424738551276492,0,55,55,374,1,6,3,7
7058,100,7212790798169937067,0,49,49,391,2,7,4,16
7059,100,6766757750413792941,0,72,72,367,3,5,4,11
7060,100,-4336386741560888830,0,80,80,379,5,2,1,9
7061,100,-4068758755358581809,0,71,71,374,2,6,3,20
7062,100,8229649492834859929,0,50,50,393,2,5,3,14
7063,100,4858540875625659679,0,62,62,376,3,8,6,16
7064,100,6182954918210709911,0,68,68,376,2,6,3,16
7065,100,9174374821567221412,0,64,64,366,4,7,5,22
7066,100,3337487191375582857,0,66,66,375,1,5,3,11
7067,100,6522028344844694630,0,59,59,379,8,5,4,10
7068,100,3707325641796483190,0,71,71,385,4,10,7,27
7069,100,573103427671413677,0,73,73,378,4,4,2,8
7070,100,-64474611437742288,0,77,77,381,2,10,7,20
7071,100,-8068879698077965458,0,55,55,385,6,4,2,9
7072,100,-2384411246051978259,0,59,59,390,2,4,2,6
7073,100,6825201911800238082,0,62,62,375,3,4,1,10
7074,100,-4202669579264223723,0,82,82,377,3,5,3,14
7075,100,-6906454743570242023,0,72,72,364,5,3,2,11
7076,100,3598265996304609628,0,57,57,366,1,8,4,19
7077,100,2211932568764545261,0,94,94,383,1,6,3,9
7078,100,1536616159430039827,0,88,88,388,2,6,2,13
7079,100,-1691241841996548166,0,71,71,363,1,4,2,10
7080,100,1706252460474987707,0,66,66,361,5,2,1,3
7081,100,-168339858386475412,0,68,68,382,2,4,1,12
7082,100,1901092711241869787,0,81,81,378,2,5,3,13
7083,100,-5180063502066553446,0,56,56,377,4,3,2,8
7084,100,3105888814777216787,0,75,75,360,7,2,1,6
7085,100,1586001912204522931,0,67,67,378,4,6,4,17
7086,100,-3835961784327111568,0,78,78,376,1,3,1,8
7087,100,-2493475918122303114,0,63,63,371,3,7,6,13
7088,100,-7151031800967009024,0,62,62,380,3,6,5,16
7089,100,1387002530979609511,0,67,67,381,6,5,3,13
7090,100,-1361938453817514583,0,81,81,362,1,5,3,12
7091,100,1121433221283621887,0,67,67,393,1,4,2,15
7092,100,-7426803405289908938,0,68,68,377,2,5,3,14
7093,100,-5265050439870265501,0,82,82,382,4,4,2,10
7094,100,9048401435234279858,0,81,81,374,2,12,9,24
7095,100,-896710932242755751,0,51,51,390,2,4,2,6
7096,100,-4222036318915832071,0,60,60,366,1,5,2,11
7097,100,6056996182710744247,0,57,57,380,7,3,1,9
7098,100,-441274994787849589,0,63,63,370,4,3,2,5
7099,100,-1566594950840061540,0,73,73,401,3,6,3,15
7100,100,6080143991645939875,0,81,81,376,2,3,1,9
7101,100,-3512102247987638620,0,65,65,365,1,4,2,10
7102,100,2874467280180944520,0,68,68,396,1,6,3,13
7103,100,-8557695769823213738,0,57,57,387,2,6,4,9
7104,100,-7476115555304827358,0,67,67,368,7,2,2,2
7105,100,7666126537628402145,0,63,63,361,2,5,2,17
7106,100,-217821214964500785,0,34,34,367,7,8,7,14
7107,100,-7225662410662146552,0,73,73,386,1,6,2,10
7108,100,-409113823637643401,0,83,83,367,3,4,2,8
7109,100,2469555840139976537,0,83,83,344,5,3,2,8
7110,100,7351135041781403101,0,68,68,374,1,3,1,6
7111,100,-3617535722730457436,0,42,42,383,2,5,3,10
7112,100,-5427826500214036680,0,56,56,377,1,5,2,9
7113,100,-5927545777219686741,0,64,64,377,3,3,2,3
7114,100,-3271816872983579135,0,63,63,381,4,6,3,14
7115,100,-5767502533211267050,0,50,50,394,3,7,5,18
7116,100,-5356605655789014770,0,45,45,393,3,6,4,13
7117,100,4412054449360048297,0,78,78,380,6,3,2,10
7118,100,-8075747152938459168,0,25,25,363,2,10,6,26
7119,100,-7670585119291645512,0,77,77,366,2,4,1,10
7120,100,-6781778615847538632,0,59,59,377,2,5,2,6
7121,100,-968773304879451687,0,67,67,362,6,1,1,1
7122,100,3635579192911204591,0,53,53,379,6,4,3,16
7123,100,-1392551795646814757,0,57,57,387,1,5,3,14
7124,100,-32300504944335353,0,49,49,378,2,7,4,11
7125,100,-6295496786203734793,0,64,64,377,5,7,4,13
7126,100,-8704383966302705156,0,76,76,375,4,4,1,8
7127,100,1342927660557849669,0,58,58,383,5,4,3,12
7128,100,3787665557276905568,0,71,71,392,2,4,2,9
7129,100,811127667381894513,0,74,74,380,2,6,3,17
7130,100,-4012796043800265306,0,67,67,369,3,4,2,12
7131,100,6054266615838493870,0,62,62,387,3,3,1,7
7132,100,2793962751919368253,0,75,75,366,4,3,1,10
7133,100,3404415335846060521,0,68,68,385,1,3,1,8
7134,100,1899021599419414240,0,49,49,381,6,2,1,4
7135,100,-4907390383466729150,0,90,90,368,1,7,5,18
7136,100,-273209616878833620,0,51,51,386,1,4,2,4
7137,100,-3205688540052107593,0,79,79,396,2,10,7,27
7138,100,-6172453769565188238,0,75,75,377,1,8,4,23
7139,100,-7937213413132484318,0,73,73,376,5,2,2,6
7140,100,-5818136868065684786,0,82,82,368,4,6,3,22
7141,100,3739154857433845861,0,46,46,386,1,5,3,10
7142,100,2199416652572087928,0,62,62,376,1,7,3,18
7143,100,-1531281114045971742,0,67,67,376,7,5,3,13
7144,100,-1651733115942317735,0,91,91,395,3,3,1,8
7145,100,-2392754886607847887,0,46,46,366,3,4,2,8
7146,100,7955726245549852385,0,57,57,383,3,7,5,14
7147,100,8970300406464462605,0,68,68,367,1,7,4,19
7148,100,-2685520177050156521,0,78,78,381,2,5,3,12
7149,100,5692827107184417934,0,47,47,364,6,5,4,17
7150,100,-6875736826611995151,0,55,55,392,3,10,6,28
7151,100,-496706311785428323,0,26,26,384,3,6,4,12
7152,100,-7219908903301636379,0,53,53,394,3,5,3,16
7153,100,2535716360326139811,0,75,75,365,6,3,1,11
7154,100,6863180983785382335,0,64,64,393,1,4,1,11
7155,100,-7924720819594419837,0,50,50,371,2,5,2,12
7156,100,-1475444419393199179,0,61,61,363,6,3,2,7
7157,100,-5984044489592283702,0,84,84,377,2,5,3,10
7158,100,-3558584699530360904,0,51,51,380,5,7,5,9
7159,100,-1708494004979543771,0,78,78,367,1,5,3,12
7160,100,1126332289433091340,0,54,54,379,1,4,2,10
7161,100,4142307449448595986,0,68,68,368,2,6,4,14
7162,100,-7889852724017829094,0,84,84,369,1,9,6,31
7163,100,-7270507304035831078,0,78,78,373,4,3,1,10
7164,100,-972636785144904060,0,78,78,370,2,4,2,14
7165,100,-1863495106890854722,0,83,83,386,2,4,3,17
7166,100,8849723786574898042,0,75,75,370,4,7,4,16
7167,100,-2740740390445386128,0,49,49,386,1,5,2,7
7168,100,-8048845979100079797,0,74,74,381,6,5,4,9
7169,100,829344685381558212,0,63,63,367,3,3,1,7
7170,100,-2254440543117407425,0,72,72,363,7,2,2,2
7171,100,-2575651451663975257,0,73,73,369,5,3,2,13
7172,100,4117713610091457187,0,33,33,382,4,5,3,9
7173,100,5319942963965861199,0,51,51,379,1,4,2,15
7174,100,6393988617199453732,0,82,82,387,2,6,1,15
7175,100,-2010844804099833420,0,55,55,370,2,3,1,7
7176,100,3211579567224355424,0,63,63,378,3,7,4,17
7177,100,702019275321314878,0,51,51,379,3,3,1,8
7178,100,7361155458176954,0,59,59,377,7,3,1,9
7179,100,9131970737723185087,0,82,82,377,1,3,1,5
7180,100,-7438741574753267347,0,74,74,362,3,7,3,16
7181,100,-3113216118897722717,0,69,69,367,3,4,2,7
7182,100,6193846354797070819,0,50,50,377,2,8,4,27
7183,100,641654554773811557,0,75,75,369,6,3,2,12
7184,100,1612907903277060167,0,59,59,373,1,16,13,44
7185,100,4698061505350606404,0,79,79,367,5,5,3,12
7186,100,4853077878476039000,0,71,71,384,5,4,2,12
7187,100,1862067445587868726,0,69,69,379,1,5,2,15
7188,100,5755647222949318016,0,68,68,370,2,8,4,18
7189,100,5526118398062701341,0,86,86,364,1,6,4,11
7190,100,-5826319903860576731,0,63,63,385,2,3,1,9
7191,100,6619962568499120952,0,81,81,372,4,6,3,12
7192,100,-6796935621323619267,0,55,55,381,5,3,1,5
7193,100,-1544475976138236965,0,57,57,394,3,6,3,12
7194,100,-4813627328047378904,0,71,71,370,2,9,7,33
7195,100,-8803377728540978846,0,22,22,370,3,3,1,8
7196,100,2786694655910679225,0,84,84,389,4,3,2,11
7197,100,4121600652728014435,0,39,39,376,2,5,2,15
7198,100,-6739072293342533739,0,64,64,374,3,5,3,16
7199,100,-7154657005732991966,0,73,73,373,4,2,1,5
7200,100,-3256603320055150400,0,72,72,374,9,3,3,7
7201,100,5448660360449187401,0,78,78,378,2,3,1,10
7202,100,-3893940425805539980,0,63,63,365,1,5,2,11
7203,100,7007527530170138072,0,53,53,371,4,2,1,6
7204,100,-886629147406236107,0,59,59,383,4,4,3,7
7205,100,-5479630132058826919,0,72,72,368,1,7,5,20
7206,100,-2270472213358858207,0,55,55,381,4,2,1,7
7207,100,-3358033019497392040,0,46,46,382,4,6,3,15
7208,100,-5932797431781299828,0,70,70,368,5,3,1,5
7209,100,279153766132226066,0,45,45,364,5,3,2,6
7210,100,4606901310716044236,0,65,65,368,1,4,2,11
7211,100,-1018363057680795796,0,86,86,365,2,6,4,16
7212,100,-3343809752860160432,0,60,60,367,2,4,1,12
7213,100,5204284761772346406,0,78,78,389,4,3,1,6
7214,100,2039018984157075191,0,33,33,374,1,3,1,5
7215,100,-6326522560475460784,0,58,58,373,3,8,5,18
7216,100,-5304293917505709154,0,67,67,375,2,2,1,7
7217,100,2130471372339357436,0,75,75,386,5,2,1,6
7218,100,-4058194185852313349,0,79,79,384,5,2,1,4
7219,100,5337306502998610740,0,61,61,384,2,8,5,14
7220,100,-7561489086816116055,0,73,73,372,2,4,1,6
7221,100,6582439419395319342,0,70,70,380,4,6,3,13
7222,100,6643356678110171267,0,78,78,370,1,5,1,13
7223,100,-6145098764168214594,0,70,70,389,1,7,4,23
7224,100,6104747435810606388,0,80,80,384,1,3,2,10
7225,100,8922018294034899979,0,80,80,378,6,3,1,10
7226,100,2105793042419712526,0,52,52,361,1,9,7,18
7227,100,-2609025566881901179,0,71,71,376,3,5,3,10
7228,100,7053805415215750171,0,79,79,382,3,4,2,9
7229,100,-2956711450454377962,0,54,54,379,1,4,1,6
7230,100,-1464338375992359311,0,76,76,378,4,4,3,9
7231,100,-8434767811677591657,0,82,82,390,3,4,2,14
7232,100,795043086455535050,0,41,41,376,1,11,7,23
7233,100,9160518362053538693,0,51,51,367,4,3,1,9
7234,100,4259372672040786259,0,59,59,376,2,3,1,9
7235,100,-2164361995119934988,0,75,75,393,3,5,2,9
7236,100,5056673692468954308,0,67,67,386,1,7,4,19
7237,100,1007561935445053379,0,56,56,376,1,4,1,9
7238,100,1140521641817122736,0,68,68,359,2,4,3,10
7239,100,1393504069681556496,0,74,74,379,3,4,2,12
7240,100,-5622697479160404451,0,69,69,382,3,4,3,9
7241,100,-496914887759620882,0,79,79,378,1,5,2,10
7242,100,-5736786227486054825,0,91,91,377,1,3,1,5
7243,100,5293614687119387477,0,68,68,373,4,4,3,9
7244,100,8262168273859225601,0,51,51,375,3,4,2,12
7245,100,1535994976566964825,0,59,59,364,3,3,2,10
7246,100,-2370752013713999764,0,68,68,366,5,3,2,8
7247,100,-9012254820922847841,0,60,60,383,4,4,2,12
7248,100,3007036907995404331,0,73,73,370,1,4,1,5
7249,100,-4001635212045126900,0,70,70,368,2,10,6,25
7250,100,-6741392968144001562,0,89,89,375,2,2,1,4
7251,100,187424054167897022,0,80,80,362,8,5,4,11
7252,100,6573413345328095854,0,84,84,372,3,5,3,12
7253,100,678284986403110975,0,17,17,362,3,2,1,7
7254,100,-2486223766958595566,0,86,86,372,1,4,2,9
7255,100,6803238141985033207,0,77,77,383,2,4,1,9
7256,100,3603718248593456944,0,58,58,375,2,3,2,3
7257,100,-5309668989651209245,0,63,63,368,2,7,4,20
7258,100,4307347233444749838,0,63,63,378,1,6,3,16
7259,100,-2010336293002924924,0,85,85,369,2,5,3,9
7260,100,-5007795932059422230,0,69,69,395,1,6,2,18
7261,100,-467000776615478503,0,74,74,372,1,7,5,16
7262,100,4477753185956250447,0,61,61,383,5,5,3,15
7263,100,-51800846807073265,0,79,79,393,1,6,2,11
7264,100,6453889492667094953,0,69,69,389,2,3,1,5
7265,100,7901693522434984120,0,62,62,392,1,5,2,9
7266,100,-8603186210305342948,0,69,69,383,1,5,1,10
7267,100,-8602770157037287877,0,61,61,380,4,2,1,6
7268,100,8910356790567798160,0,54,54,390,2,4,2,8
7269,100,8194495934737127371,0,57,57,386,3,10,6,18
7270,100,-1496825066887282672,0,43,43,382,5,9,7,21
7271,100,7634809687569293851,0,74,74,370,6,7,6,16
7272,100,3921374843813230420,0,67,67,373,2,6,3,19
7273,100,-6469079932266709487,0,48,48,379,1,7,3,20
7274,100,174457471790389916,0,54,54,393,2,8,4,18
7275,100,-3478199258393624391,0,73,73,382,3,9,6,17
7276,100,-2502221533090951746,0,78,78,375,2,3,1,8
7277,100,-2539579051006423428,0,46,46,383,2,7,4,23
7278,100,-5377605143192022654,0,60,60,386,5,4,2,9
7279,100,3742902384836619665,0,76,76,352,4,7,4,18
7280,100,6321283110136880429,0,58,58,356,8,3,3,13
7281,100,-2629353470226478158,0,78,78,387,2,11,8,23
7282,100,5432009253552667995,0,49,49,373,3,11,7,24
7283,100,-1474926323454399725,0,69,69,391,1,7,3,18
7284,100,6804208434356145169,0,57,57,390,2,3,1,9
7285,100,3932933444362447503,0,58,58,378,3,5,2,9
7286,100,5429333494388708882,0,91,91,378,3,3,1,5
7287,100,-9006114492963054300,0,48,48,378,3,10,7,30
7288,100,-6755442398688165519,0,63,63,364,1,8,5,19
7289,100,2963453208551433377,0,68,68,367,1,6,3,13
7290,100,-2691383107510531737,0,77,77,400,2,3,1,8
7291,100,2567301396006044573,0,86,86,371,3,4,2,12
7292,100,5105138830999446374,0,68,68,371,5,3,1,9
7293,100,-3984053776793888085,0,75,75,374,1,8,4,18
7294,100,-2650174771799449234,0,82,82,362,2,6,4,23
7295,100,7953717277621716171,0,62,62,367,7,4,3,8
7296,100,613137449552930206,0,56,56,382,2,6,3,18
7297,100,2693595050416047906,0,77,77,389,1,3,2,6
7298,100,-7309682396278228211,0,57,57,382,2,4,2,11
7299,100,-5279009236020541459,0,75,75,362,6,6,4,17
7300,100,-2647064549462906918,0,59,59,368,5,7,5,15
7301,100,-1633932705461239629,0,49,49,378,3,4,2,9
7302,100,9069699050033351809,0,63,63,372,4,4,2,9
7303,100,5396588012256403386,0,68,68,385,1,8,4,21
7304,100,-3491584878580734864,0,69,69,379,4,3,1,8
7305,100,-3231779442708443973,0,77,77,372,2,5,3,14
7306,100,-5063665497023726631,0,63,63,379,1,9,5,22
7307,100,-8951806386676267816,0,49,49,376,2,7,5,20
7308,100,-8152033739326492983,0,71,71,361,1,5,1,13
7309,100,-710820281994296883,0,87,87,381,1,6,4,13
7310,100,-3611677728816298631,0,63,63,388,1,6,3,11
7311,100,-6105487804772720538,0,70,70,383,2,7,4,14
7312,100,-3362643979455053340,0,75,75,385,3,4,2,10
7313,100,288181556174469680,0,62,62,376,2,3,1,11
7314,100,3461346839241585305,0,63,63,385,2,5,4,10
7315,100,7163368446781204083,0,64,64,371,2,7,4,15
7316,100,-4401214514152202542,0,69,69,380,2,6,3,16
7317,100,289765969171240542,0,90,90,376,2,4,3,12
7318,100,5394690157837541316,0,62,62,390,2,8,4,18
7319,100,2112746879777423492,0,72,72,367,2,6,4,13
7320,100,7915360602186447672,0,62,62,373,1,6,3,16
7321,100,-4353730654817857657,0,72,72,389,5,2,1,8
7322,100,-5152870727154560166,0,65,65,383,1,7,4,19
7323,100,6576406637576308754,0,74,74,375,2,9,5,22
7324,100,-1908821834434805808,0,64,64,367,6,2,1,7
7325,100,-257297102243161588,0,54,54,384,4,5,3,11
7326,100,7649489439377466382,0,57,57,376,1,8,5,17
7327,100,-1354806602765790967,0,68,68,365,1,5,2,13
7328,100,1999189876686935784,0,85,85,377,1,8,5,19
7329,100,-6536672217526593532,0,65,65,383,4,6,4,15
7330,100,4682826323671297896,0,55,55,365,1,5,2,10
7331,100,1402567088393258059,0,62,62,364,6,2,2,8
7332,100,31276440408869601,0,76,76,364,4,6,4,20
7333,100,2416844386116541370,0,55,55,367,1,5,3,17
7334,100,8493590695434870851,0,52,52,365,3,3,2,12
7335,100,8622601674129852971,0,17,17,365,5,3,2,11
7336,100,-3912247197248703311,0,68,68,395,1,5,2,15
7337,100,949498352362764844,0,65,65,378,4,3,2,5
7338,100,1222956330344924496,0,62,62,383,3,5,2,19
7339,100,4022403548026193139,0,77,77,376,1,4,2,15
7340,100,665692402253052514,0,75,75,373,1,3,1,4
7341,100,3617442476989509006,0,55,55,384,2,9,6,16
7342,100,-7249301451356997742,0,73,73,373,1,5,3,15
7343,100,-3144704241950631074,0,73,73,372,1,7,5,15
7344,100,-9121153467773461103,0,71,71,388,1,5,1,14
7345,100,-3662556609736079419,0,78,78,394,2,6,3,15
7346,100,2880432371533713633,0,61,61,377,4,5,3,10
7347,100,-5944943468729953506,0,64,64,369,1,4,1,11
7348,100,-8979493252477658641,0,65,65,378,3,2,1,7
7349,100,-6440136142964493075,0,33,33,367,8,3,2,8
7350,100,-3873406709052902809,0,53,53,354,3,5,3,14
7351,100,-2225715198610703529,0,71,71,373,3,8,5,19
7352,100,-203027351155125309,0,72,72,367,1,6,3,14
7353,100,-5800664290145874476,0,62,62,378,4,3,2,5
7354,100,-7706886146384176347,0,72,72,366,4,4,3,7
7355,100,-4167008367457638622,0,65,65,380,1,9,6,18
7356,100,5012638547677828711,0,75,75,389,1,9,5,20
7357,100,-4694743283265783172,0,79,79,378,1,11,6,22
7358,100,4923273472641420911,0,76,76,375,3,4,2,8
7359,100,-631126044700215285,0,78,78,373,1,7,3,18
7360,100,2390668769479074503,0,71,71,363,3,5,2,13
7361,100,-4076816357015313251,0,74,74,393,4,3,1,5
7362,100,-4029172019194312084,0,57,57,385,4,2,1,6
7363,100,-2756929572697507692,0,64,64,362,7,3,1,9
7364,100,8297646317723864549,0,35,35,373,1,4,1,11
7365,100,6626556248075385376,0,61,61,381,1,6,4,12
7366,100,40549216176033431,0,82,82,390,3,5,3,8
7367,100,-3178964953101629776,0,61,61,375,2,3,1,8
7368,100,-8549125721432674473,0,76,76,392,3,6,4,14
7369,100,-6829372016329769051,0,39,39,379,5,8,5,19
7370,100,2165211228828021313,0,68,68,407,3,4,2,10
7371,100,-1187151467848823224,0,49,49,383,3,4,2,8
7372,100,-374492950889750585,0,85,85,376,3,4,2,12
7373,100,-2513935803323993346,0,92,92,364,1,5,3,13
7374,100,4680720343862299404,0,60,60,371,1,6,3,10
7375,100,8959184701098070970,0,45,45,384,1,3,1,8
7376,100,-7134370167717066894,0,66,66,369,6,6,4,18
7377,100,-6164151455224676942,0,81,81,368,6,1,1,3
7378,100,2958961717271323505,0,59,59,366,4,2,1,5
7379,100,6917335364402269781,0,67,67,374,8,3,2,8
7380,100,3111330924439092394,0,70,70,372,7,1,1,1
7381,100,8737059629708277627,0,68,68,374,2,9,6,28
7382,100,-216340670676958917,0,40,40,368,1,11,7,23
7383,100,2839655924166890206,0,72,72,393,1,11,6,25
7384,100,-2821671533295685036,0,78,78,370,1,3,1,3
7385,100,7743415998293375176,0,72,72,381,5,6,5,14
7386,100,8460921312691158026,0,72,72,359,2,5,3,11
7387,100,-7492678950465958387,0,80,80,372,2,7,4,18
7388,100,3374537075401586283,0,81,81,373,2,3,1,8
7389,100,-3554785864684323524,0,61,61,363,3,9,5,15
7390,100,106418878958429138,0,62,62,367,8,2,2,8
7391,100,8417228662732738321,0,60,60,381,3,4,2,10
7392,100,4682839199970558075,0,70,70,377,2,5,2,15
7393,100,7721586812653426221,0,68,68,381,2,4,2,11
7394,100,-3714442930175461543,0,84,84,373,1,4,2,5
7395,100,7392758629289370120,0,80,80,372,7,2,1,8
7396,100,-9207833865886052314,0,79,79,364,5,4,2,7
7397,100,-6825525183445144282,0,57,57,374,2,4,2,8
7398,100,-1822640453930325316,0,67,67,343,9,2,2,4
7399,100,8901496049011112584,0,64,64,368,2,5,3,9
7400,100,3118884524368092067,0,59,59,371,2,6,2,13
7401,100,-3020310274542430619,0,71,71,381,4,2,1,4
7402,100,3914770260994604522,0,67,67,383,3,5,3,15
7403,100,9090333034011962905,0,54,54,380,1,7,3,13
7404,100,-6424213831829926342,0,79,79,374,1,5,3,13
7405,100,48887359138919261,0,65,65,383,1,4,2,8
7406,100,4475312855061226279,0,84,84,356,3,3,2,3
7407,100,8664268228444864185,0,72,72,384,1,5,3,15
7408,100,-3209355659801684279,0,60,60,374,4,3,1,7
7409,100,4735288797576766774,0,57,57,383,6,1,1,3
7410,100,4302581326182151563,0,84,84,376,3,7,3,18
7411,100,1320446679844975958,0,57,57,367,1,9,4,18
7412,100,-3560121274111179198,0,59,59,379,4,5,3,8
7413,100,5690953752027172680,0,77,77,366,7,4,3,9
7414,100,-7479132168187101311,0,51,51,376,4,6,4,18
7415,100,2645371026912578647,0,68,68,368,7,1,1,5
7416,100,7629060113446911531,0,84,84,379,4,8,6,9
7417,100,2669190996463217060,0,63,63,367,4,3,1,10
7418,100,2904919938834911560,0,27,27,397,1,3,1,4
7419,100,-4954107010567362028,0,51,51,382,3,4,2,10
7420,100,729415009367404316,0,74,74,382,2,4,2,11
7421,100,-2206773062853024885,0,68,68,388,4,5,4,11
7422,100,4900412453045036917,0,63,63,360,3,8,5,20
7423,100,90996485317487449,0,61,61,369,1,9,7,27
7424,100,-8223256884693604540,0,58,58,370,7,3,1,8
7425,100,-2347530971200580108,0,79,79,381,1,3,1,10
7426,100,5718440455814193519,0,66,66,384,4,4,2,6
7427,100,532450058308795879,0,82,82,364,2,5,3,9
7428,100,5870672536523370725,0,73,73,375,1,5,3,13
7429,100,3712227287290873354,0,79,79,366,5,4,4,12
7430,100,-1674282883899717646,0,73,73,371,1,4,1,9
7431,100,1816031049302969075,0,73,73,384,1,4,2,11
7432,100,7267702194774966484,0,79,79,387,3,5,3,9
7433,100,7399034187041863596,0,44,44,370,1,5,3,18
7434,100,-7860685074236808307,0,79,79,380,1,7,2,12
7435,100,7268895616594162086,0,76,76,381,4,5,3,12
7436,100,-8231066422716353286,0,68,68,354,2,6,4,16
7437,100,-1828732735258603540,0,46,46,387,5,7,5,16
7438,100,6567712732166218532,0,69,69,379,1,10,7,16
7439,100,814170198260404635,0,61,61,373,1,5,2,11
7440,100,-4691643403089993003,0,86,86,379,5,3,2,11
7441,100,-756138639264757871,0,80,80,358,1,10,8,27
7442,100,-5828846499600166290,0,77,77,379,1,7,3,16
7443,100,5429350853737702755,0,78,78,376,1,10,6,20
7444,100,4835136935563376119,0,76,76,374,5,5,3,9
7445,100,385802231297781140,0,60,60,375,5,5,3,11
7446,100,5676437918588543096,0,70,70,371,8,1,1,3
7447,100,6864337756170104068,0,69,69,382,8,2,2,4
7448,100,-429232697870623098,0,64,64,392,2,7,3,19
7449,100,5985862855991425446,0,50,50,379,3,5,3,16
7450,100,741262908434970144,0,76,76,367,3,4,1,10
7451,100,-3507917744423606154,0,70,70,372,1,7,4,12
7452,100,-6233361290524520517,0,74,74,370,1,6,4,15
7453,100,5007080956094459561,0,57,57,367,3,4,2,8
7454,100,-4237796353946968934,0,49,49,383,4,8,7,12
7455,100,8159893936683180581,0,65,65,377,4,6,3,14
7456,100,-7686260484333105565,0,58,58,381,4,3,1,8
7457,100,-8289948747776881357,0,83,83,372,2,3,2,8
7458,100,791949677836170223,0,49,49,363,2,10,7,25
7459,100,580808796372715890,0,85,85,378,7,2,1,4
7460,100,5049615639163735905,0,49,49,382,2,3,1,8
7461,100,4634109647718782478,0,72,72,388,2,4,2,15
7462,100,6567970988091488633,0,48,48,388,2,4,2,10
7463,100,8959730954313948466,0,54,54,372,2,4,2,7
7464,100,-6607850720854366678,0,76,76,392,2,7,4,14
7465,100,4346009192936365242,0,66,66,378,3,5,2,12
7466,100,3809915178678017641,0,64,64,384,3,2,1,3
7467,100,-1080728399603177939,0,76,76,393,1,5,1,11
7468,100,6150013084197618503,0,55,55,371,2,8,7,16
7469,100,-2679252130439353878,0,78,78,364,2,5,3,12
7470,100,-3070959723335242175,0,66,66,366,5,4,2,9
7471,100,-8275863967325486688,0,44,44,363,4,2,1,7
7472,100,-7765087732130905385,0,94,94,383,3,7,4,18
7473,100,-5813506466490716669,0,61,61,384,6,6,4,19
7474,100,-8251060202760059558,0,75,75,388,4,3,2,9
7475,100,-5790817838949352516,0,74,74,372,3,5,3,11
7476,100,-7522568479167673590,0,61,61,381,2,3,1,4
7477,100,6243649438953112480,0,85,85,382,1,8,4,20
7478,100,-8237282255264164000,0,50,50,373,3,3,2,7
7479,100,7298124897457076772,0,51,51,388,3,5,2,11
7480,100,-859561809653974361,0,52,52,373,5,2,1,2
7481,100,-8079483546955759088,0,66,66,382,1,13,9,28
7482,100,720412714421503440,0,76,76,357,1,5,3,12
7483,100,7418469690711783027,0,82,82,382,2,5,1,14
7484,100,5800362963246573447,0,70,70,383,1,4,1,13
7485,100,-4265505460159881258,0,71,71,372,2,3,1,10
7486,100,-6814427641591789951,0,57,57,386,1,3,1,5
7487,100,-7425919498030151500,0,62,62,367,1,3,1,7
7488,100,3447778001894337815,0,63,63,371,2,4,2,12
7489,100,-2265385266865134295,0,55,55,371,2,5,3,11
7490,100,482371475965499928,0,70,70,392,3,5,2,13
7491,100,99130986211049960,0,57,57,380,9,1,1,3
7492,100,-8449219718908163366,0,81,81,386,7,4,3,12
7493,100,-3233240804608348558,0,44,44,369,2,4,2,8
7494,100,177576734511321746,0,97,97,360,8,2,1,5
7495,100,8035118157231707780,0,53,53,377,4,3,2,7
7496,100,8134982642851812069,0,81,81,356,5,2,1,6
7497,100,7558860847073296080,0,64,64,382,3,7,4,23
7498,100,685908725305846206,0,69,69,356,2,6,4,13
7499,100,-7333166886156314384,0,73,73,368,1,9,6,25
7500,100,-1083165563219072926,0,89,89,382,4,7,5,19
7501,100,3282447257281176215,0,63,63,374,1,5,2,13
7502,100,-3791233754352916544,0,15,15,377,1,10,7,16
7503,100,5772293730131887113,0,78,78,391,1,5,2,10
7504,100,1413228980223495693,0,69,69,369,6,5,4,12
7505,100,-1596699124639358516,0,68,68,375,1,9,7,18
7506,100,5792750164533762448,0,66,66,370,1,4,2,10
7507,100,8050062906588976543,0,83,83,366,5,3,2,6
7508,100,-3697752145720900422,0,69,69,391,1,3,1,9
7509,100,-1434108910151761237,0,75,75,363,2,4,1,8
7510,100,8663409280767514489,0,75,75,369,1,3,2,7
7511,100,-4378855082807969544,0,72,72,361,1,6,4,21
7512,100,7198115451797420493,0,59,59,368,4,8,6,18
7513,100,-5509904310129157086,0,56,56,388,2,4,2,13
7514,100,-1408183994596336742,0,75,75,390,4,5,3,19
7515,100,-8762862912411254453,0,31,31,379,1,7,4,16
7516,100,-258028233832020544,0,72,72,379,2,6,4,17
7517,100,-4131932614959237037,0,41,41,374,2,8,5,27
7518,100,-1979769743036848024,0,64,64,379,1,4,1,8
7519,100,5935215290413282374,0,94,94,376,1,7,6,12
7520,100,-7983665289526560096,0,69,69,368,4,4,1,14
7521,100,8456934326998959894,0,79,79,395,1,7,4,13
7522,100,7727055826158305066,0,76,76,382,2,5,3,12
7523,100,7435025717990548617,0,61,61,370,2,6,5,10
7524,100,-1009747377972313455,0,84,84,377,6,6,5,11
7525,100,543304594292580468,0,71,71,375,1,3,1,6
7526,100,3441699749971125884,0,74,74,392,1,5,1,7
7527,100,-3557595712924492759,0,54,54,383,1,7,4,18
7528,100,813426828792647238,0,63,63,382,5,5,3,8
7529,100,7007112070496147245,0,68,68,350,1,8,5,30
7530,100,5665883331707896013,0,81,81,380,1,6,4,14
7531,100,-6852040720145197266,0,59,59,387,1,5,3,8
7532,100,712421943253750665,0,47,47,372,1,2,1,3
7533,100,8486129190718708531,0,66,66,367,1,2,1,4
7534,100,-1640343866387631391,0,51,51,380,1,5,2,12
7535,100,-4077863532123468267,0,69,69,397,5,5,2,13
7536,100,-5150456938547291207,0,67,67,378,2,6,3,12
7537,100,-346880565782959059,0,80,80,379,3,8,6,18
7538,100,-3108221956076381617,0,68,68,357,3,4,2,8
7539,100,-697557435655729074,0,51,51,376,6,3,2,9
7540,100,-3685424168084889017,0,75,75,376,2,6,4,10
7541,100,-5753012393996035083,0,75,75,360,3,3,2,7
7542,100,2614109430897529859,0,67,67,358,9,3,3,9
7543,100,4183266584947257023,0,67,67,367,2,4,2,9
7544,100,-5266775359276481736,0,70,70,382,3,9,6,18
7545,100,3324136918449430810,0,86,86,376,1,6,2,13
7546,100,-3366479590747434307,0,76,76,377,6,5,3,16
7547,100,7035833002876565055,0,78,78,379,4,4,3,11
7548,100,-1401610046179477082,0,55,55,388,6,6,4,10
7549,100,-5608781164023449249,0,75,75,382,4,11,8,30
7550,100,6189584312000038289,0,67,67,385,2,4,2,12
7551,100,-4355681848364369380,0,65,65,371,5,2,1,4
7552,100,-7443245393504080321,0,55,55,382,2,6,2,10
7553,100,9154397890008390714,0,79,79,377,4,5,3,13
7554,100,-7563161819305685402,0,66,66,385,1,3,2,5
7555,100,6244061614231662230,0,71,71,380,7,7,5,17
7556,100,892096407000896964,0,71,71,378,2,2,1,5
7557,100,8895713725919624534,0,65,65,372,4,8,5,21
7558,100,2074807944609450103,0,60,60,388,1,3,1,12
7559,100,-2505542313161944223,0,78,78,388,1,5,2,17
7560,100,5598786179411353483,0,71,71,367,3,4,2,8
7561,100,8594091660939960081,0,39,39,386,1,8,4,17
7562,100,3942672200483692245,0,63,63,374,1,5,2,8
7563,100,-1421907569490792921,0,74,74,383,2,4,1,10
7564,100,-6378503859191483394,0,68,68,363,4,5,1,10
7565,100,1391704735079937279,0,56,56,382,1,6,3,12
7566,100,6108120812259013346,0,61,61,371,2,6,4,12
7567,100,-1335635835018373884,0,52,52,366,6,1,1,2
7568,100,3035594805575729946,0,75,75,385,9,2,2,6
7569,100,-6977787772445485467,0,66,66,377,4,4,2,9
7570,100,-8086925873714621737,0,55,55,368,6,3,2,6
7571,100,-2981227879309997816,0,54,54,380,1,4,2,12
7572,100,-6570874156825074959,0,71,71,355,3,4,1,14
7573,100,6972655044014309566,0,72,72,372,2,7,4,18
7574,100,1622906861146128447,0,60,60,360,1,6,4,17
7575,100,3850161034116292792,0,54,54,375,1,10,6,23
7576,100,-4883691029844492760,0,68,68,384,3,3,1,11
7577,100,-6773603134758442438,0,74,74,365,1,3,1,6
7578,100,-653266706114083206,0,67,67,383,1,6,2,20
7579,100,6537687151444689550,0,69,69,377,3,2,1,7
7580,100,7667896068471427706,0,66,66,382,3,3,1,7
7581,100,-8036979393001642950,0,83,83,385,4,4,3,11
7582,100,-8873301703490182853,0,73,73,374,2,8,4,19
7583,100,-1957057528993140876,0,60,60,361,2,4,2,10
7584,100,7020094950961397555,0,68,68,365,1,4,2,11
7585,100,8365555699050778070,0,66,66,376,3,2,1,5
7586,100,8247356162482991882,0,3,3,359,2,4,2,8
7587,100,-6589924335359763123,0,71,71,390,3,8,4,19
7588,100,-9165588064641014859,0,65,65,392,3,3,2,10
7589,100,99059884079715927,0,65,65,380,8,2,1,4
7590,100,-8628841052825875517,0,47,47,369,2,6,3,15
7591,100,-2543519340760047251,0,77,77,382,2,3,1,11
7592,100,-3733650344263971337,0,52,52,380,2,6,3,22
7593,100,-7762571095419269187,0,80,80,375,1,4,3,10
7594,100,-3656012039712571626,0,59,59,370,2,3,2,6
7595,100,2931480293964081947,0,61,61,386,2,9,5,15
7596,100,1692826311716976896,0,66,66,387,5,5,3,13
7597,100,-1066836051336834759,0,54,54,374,4,4,3,7
7598,100,-2750723053522531579,0,64,64,379,3,3,1,10
7599,100,-1577494067227668970,0,70,70,357,2,5,3,7
7600,100,-1478429074114913423,0,81,81,366,1,9,6,23
7601,100,-4502082360793454156,0,82,82,370,1,5,2,9
7602,100,144521272897375848,0,61,61,380,1,6,3,21
7603,100,-394296621320495859,0,52,52,368,7,2,1,7
7604,100,-311489633905015303,0,60,60,359,2,11,7,28
7605,100,7029742041955115591,0,74,74,371,2,4,2,11
7606,100,-91984444771020948,0,48,48,380,2,6,4,11
7607,100,-9077225446591753178,0,66,66,377,3,5,3,12
7608,100,-1951734705431260706,0,56,56,370,1,4,2,13
7609,100,-4758345204118859583,0,70,70,382,2,7,3,19
7610,100,-4684677539040685552,0,48,48,379,1,7,4,14
7611,100,4607492264270943096,0,75,75,393,1,7,4,15
7612,100,-3312146606717476997,0,51,51,376,1,8,5,13
7613,100,-1225516572098332123,0,74,74,373,1,6,3,21
7614,100,1502404665625427622,0,57,57,370,4,2,1,8
7615,100,5124640558951164304,0,53,53,383,6,4,2,14
7616,100,1330375216256722108,0,56,56,381,2,5,3,9
7617,100,-570620317763418840,0,52,52,370,3,3,1,9
7618,100,287403098822858840,0,66,66,356,1,3,2,9
7619,100,3130424028205624816,0,69,69,383,3,4,2,9
7620,100,-6579895241266426973,0,69,69,391,1,4,1,12
7621,100,-7879037975066329929,0,48,48,373,5,4,3,12
7622,100,-7924514785453898847,0,57,57,381,1,6,3,11
7623,100,-2122162907361809524,0,43,43,369,2,2,1,5
7624,100,3811398686380482759,0,58,58,375,5,5,4,12
7625,100,3688442830626988655,0,53,53,368,2,4,2,12
7626,100,1944510449421835472,0,79,79,365,4,3,2,7
7627,100,2732604291069369163,0,68,68,377,4,4,2,11
7628,100,1605828286137864656,0,67,67,373,1,4,3,6
7629,100,-8659526711063178973,0,83,83,388,8,1,1,1
7630,100,6234157829151825545,0,73,73,350,4,2,1,6
7631,100,-515586700279779700,0,44,44,371,8,2,2,2
7632,100,5461661885926816764,0,76,76,382,1,4,2,6
7633,100,-8632992489228636325,0,60,60,386,4,3,1,8
7634,100,7836471763833559107,0,66,66,375,3,4,2,7
7635,100,1215182750567295390,0,77,77,380,1,3,1,7
7636,100,-3800376531065894243,0,40,40,389,2,5,3,10
7637,100,-3591742844963343921,0,74,74,382,5,5,5,15
7638,100,-5478953011786222390,0,43,43,375,1,10,6,26
7639,100,4881511124479888966,0,77,77,388,1,8,4,14
7640,100,-4304781332646533735,0,69,69,381,5,5,2,17
7641,100,6313503950079290863,0,63,63,382,2,6,4,15
7642,100,-982764915517697858,0,65,65,381,3,4,2,8
7643,100,-3884744963003640259,0,56,56,383,3,4,2,9
7644,100,-2725408487298600983,0,66,66,367,1,7,3,21
7645,100,123041436828449886,0,72,72,391,1,10,6,24
7646,100,5310685466572103955,0,52,52,393,2,4,2,9
7647,100,1878811778975055280,0,78,78,382,3,5,3,9
7648,100,-1210766657560455654,0,58,58,369,9,2,2,6
7649,100,423184873572330354,0,79,79,386,2,4,2,5
7650,100,4940593079612860816,0,77,77,360,1,8,4,17
7651,100,6485710364602867134,0,78,78,386,3,4,3,8
7652,100,6072364103669509327,0,74,74,374,5,4,1,11
7653,100,-9097753328405577289,0,62,62,381,2,5,3,12
7654,100,-2921611189908356272,0,60,60,368,3,5,2,17
7655,100,-1251410136862812418,0,89,89,375,8,3,3,8
7656,100,-1130771870638366916,0,68,68,370,7,3,3,7
7657,100,-7291199632420564887,0,51,51,362,1,13,9,29
7658,100,-8497315780199992509,0,73,73,371,1,8,5,29
7659,100,8459293731224423414,0,63,63,367,1,7,4,15
7660,100,3969544893451906477,0,59,59,375,3,3,1,5
7661,100,2253623411656939005,0,72,72,377,3,6,4,17
7662,100,7454425441837338798,0,68,68,381,1,4,2,7
7663,100,-8135024943468794971,0,84,84,377,3,6,4,11
7664,100,-7589623634533041155,0,76,76,356,1,12,7,33
7665,100,-7093804253682716520,0,67,67,372,4,5,2,12
7666,100,-4198185347547776089,0,65,65,382,3,6,4,13
7667,100,4300487034776685562,0,58,58,377,1,3,1,8
7668,100,6362170734897704991,0,74,74,375,4,3,1,10
7669,100,-3718638054711172970,0,65,65,383,1,8,4,14
7670,100,8135224220198626202,0,58,58,373,2,4,2,15
7671,100,3168148393687422042,0,92,92,387,4,3,2,6
7672,100,-3458405169502855015,0,60,60,370,4,7,4,22
7673,100,-4212450570997458171,0,73,73,358,3,5,3,8
7674,100,5013882308977728967,0,62,62,382,2,2,1,6
7675,100,6538641467919120414,0,77,77,386,3,3,1,4
7676,100,2060789068663722756,0,81,81,363,4,6,3,9
7677,100,385698969112734759,0,80,80,377,2,9,5,23
7678,100,-3179843704242435135,0,69,69,384,6,4,1,12
7679,100,8246236678016696594,0,31,31,377,3,7,4,18
7680,100,-6375172702597657970,0,89,89,385,2,5,3,13
7681,100,6478516578716772852,0,72,72,374,2,4,1,15
7682,100,3730574664648151536,0,60,60,362,7,3,2,5
7683,100,88640896421718520,0,71,71,385,4,7,4,23
7684,100,782059517703906935,0,61,61,359,4,8,5,22
7685,100,-1410471962119784811,0,59,59,381,2,5,3,12
7686,100,-3489601452106539504,0,71,71,368,2,6,4,9
7687,100,4714468351385340163,0,62,62,369,8,2,1,7
7688,100,107782086393041047,0,80,80,363,5,10,7,19
7689,100,6346997979602735850,0,57,57,381,2,6,2,13
7690,100,-8470101267615744592,0,50,50,371,1,6,3,13
7691,100,5217293901096421980,0,29,29,374,3,7,6,17
7692,100,-8340640109333808169,0,70,70,358,2,4,2,10
7693,100,5874410429874127109,0,67,67,385,5,4,3,6
7694,100,6052953337154208948,0,86,86,377,4,3,1,8
7695,100,-4432505640261780831,0,69,69,389,2,2,1,5
7696,100,-8908529369526209869,0,77,77,380,1,5,3,11
7697,100,-4996131535732902227,0,82,82,380,3,6,4,11
7698,100,-1478782743259790380,0,62,62,369,1,6,3,13
7699,100,-109542960820395679,0,62,62,374,4,8,5,24
7700,100,7688188551567127999,0,59,59,377,4,5,3,6
7701,100,2203561844544118748,0,70,70,381,4,6,3,12
7702,100,5764817597299003163,0,56,56,382,1,4,2,11
7703,100,-1166143326201730143,0,56,56,398,3,3,1,10
7704,100,6961390494744390175,0,70,70,380,1,8,5,19
7705,100,8760012423455322434,0,69,69,376,3,4,1,12
7706,100,2091442075385992296,0,55,55,369,1,5,3,8
7707,100,-396844245337774502,0,53,53,390,3,4,2,9
7708,100,-2428248994981095411,0,87,87,384,3,8,6,17
7709,100,-2183112980750480705,0,82,82,374,6,5,4,12
7710,100,-2543228179778878992,0,57,57,373,2,6,3,9
7711,100,-3440911409735251720,0,59,59,376,1,9,6,25
7712,100,-1720368844675434154,0,52,52,376,4,4,3,12
7713,100,2048955755596999148,0,70,70,368,5,9,7,15
7714,100,3178859447686986938,0,85,85,380,2,4,1,10
7715,100,7110845109464141788,0,72,72,376,1,6,4,13
7716,100,4253799829784516573,0,62,62,385,3,5,3,12
7717,100,7932730076384521363,0,65,65,370,4,3,2,8
7718,100,7447713139303098145,0,77,77,376,5,5,4,13
7719,100,-989966228675942693,0,56,56,373,4,2,1,4
7720,100,2764535016763931671,0,79,79,382,6,8,5,18
7721,100,-555096294221618381,0,48,48,392,3,6,4,19
7722,100,8503913822145673046,0,60,60,380,5,5,2,10
7723,100,-8186503583861496898,0,33,33,373,3,5,3,12
7724,100,-8107393629548041330,0,66,66,372,6,4,2,9
7725,100,-3696144226471857283,0,80,80,381,2,6,4,16
7726,100,4218887033305570780,0,70,70,385,4,7,5,20
7727,100,-1223712514447830848,0,10,10,378,2,3,2,9
7728,100,-1582364936143620257,0,66,66,372,6,2,1,8
7729,100,8180476442146966233,0,77,77,397,6,3,1,10
7730,100,1839356066901801994,0,69,69,369,3,4,1,11
7731,100,7815649470776018707,0,73,73,380,2,8,4,23
7732,100,-4192797951838774597,0,86,86,391,5,3,2,7
7733,100,-739184668935184158,0,83,83,373,4,3,2,9
7734,100,563707226411248268,0,64,64,390,3,5,3,12
7735,100,-115280841306105509,0,63,63,403,1,5,2,9
7736,100,-1045614339962214039,0,60,60,374,2,3,1,10
7737,100,-2663140596835071514,0,71,71,378,3,5,3,11
7738,100,-7986152029234622493,0,57,57,378,3,2,1,8
7739,100,-7551810073341915599,0,66,66,376,3,3,1,8
7740,100,1713371913061273154,0,57,57,379,1,7,4,14
7741,100,851493938503375207,0,69,69,376,3,7,4,19
7742,100,5957985106045191904,0,60,60,395,2,4,2,11
7743,100,-1939927933706671455,0,82,82,380,2,7,4,23
7744,100,3076196847552993716,0,64,64,357,3,2,1,3
7745,100,-3763645507469781860,0,80,80,372,2,8,4,22
7746,100,8593872253596013869,0,72,72,371,3,2,1,2
7747,100,9134406194884594860,0,68,68,364,4,4,1,10
7748,100,-1803762576841514943,0,84,84,370,4,3,2,5
7749,100,1294294576111875313,0,26,26,361,2,7,4,20
7750,100,-2450834100442713660,0,67,67,384,4,3,1,7
7751,100,-4209493156659096121,0,54,54,362,1,3,2,7
7752,100,4028779217792264445,0,62,62,379,3,3,1,10
7753,100,244122692354603650,0,86,86,388,3,4,2,9
7754,100,-5412540661466129547,0,72,72,353,4,4,2,11
7755,100,5994111547964253531,0,70,70,371,3,6,3,14
7756,100,5341908650546703378,0,51,51,382,2,6,4,12
7757,100,6151079868889779876,0,70,70,371,1,6,3,19
7758,100,8987878562630811493,0,77,77,382,4,3,1,10
7759,100,-7105311092662738109,0,68,68,391,4,5,3,16
7760,100,-6197668902167961281,0,74,74,378,3,10,7,20
7761,100,3986893259533317725,0,55,55,381,2,2,1,8
7762,100,-7153213840954036342,0,52,52,379,1,5,2,13
7763,100,-7581033718337021360,0,60,60,370,1,6,2,13
7764,100,-2257163246139007403,0,54,54,379,4,6,4,9
7765,100,279073147841271015,0,63,63,370,3,5,4,11
7766,100,-1785065279808132816,0,63,63,374,1,5,2,10
7767,100,8579170395882267336,0,61,61,368,1,6,2,11
7768,100,-6825493696772143687,0,71,71,382,2,3,1,4
7769,100,6992754670214528561,0,30,30,401,1,3,1,8
7770,100,-5559279984805958793,0,53,53,368,3,2,1,8
7771,100,-9062681175536771869,0,82,82,380,3,3,2,10
7772,100,-4808679140184210202,0,69,69,381,2,5,2,13
7773,100,-6320650172189681315,0,42,42,382,1,7,3,19
7774,100,8478825174511705554,0,80,80,365,1,5,3,11
7775,100,-7327681631535989939,0,59,59,376,4,4,2,8
7776,100,-4165165880247868696,0,48,48,380,2,7,4,9
7777,100,7388525280423039811,0,77,77,386,1,5,2,10
7778,100,2471687312047015561,0,73,73,368,3,2,1,6
7779,100,-6704458034026340953,0,56,56,365,3,5,3,16
7780,100,8691499221908086497,0,54,54,387,2,4,2,8
7781,100,-8836436611620773651,0,70,70,372,5,4,2,9
7782,100,-2227683780419137224,0,83,83,372,5,3,2,8
7783,100,4841561126966049542,0,63,63,366,5,6,3,9
7784,100,-3857889758215659897,0,65,65,378,3,3,2,9
7785,100,3902887604494406169,0,74,74,371,7,2,1,9
7786,100,2425961533953418574,0,68,68,379,1,8,3,19
7787,100,6720573951482141811,0,54,54,380,2,4,2,9
7788,100,-4799557639163597660,0,75,75,390,3,8,6,24
7789,100,626653274292384699,0,59,59,375,1,6,2,16
7790,100,7760518913715752079,0,80,80,370,2,4,1,8
7791,100,-6252001651057318039,0,48,48,357,1,7,4,17
7792,100,-2023197635246389355,0,73,73,387,1,7,4,16
7793,100,-5858332049302060424,0,87,87,366,1,4,2,11
7794,100,-4073247342255642221,0,59,59,375,2,2,1,7
7795,100,4238898966264051801,0,76,76,385,3,5,2,11
7796,100,-2432604011308040244,0,64,64,381,1,3,1,6
7797,100,-3589216793796711125,0,91,91,386,6,5,3,12
7798,100,1272173285745835588,0,67,67,381,1,3,2,8
7799,100,6890376670442179881,0,61,61,369,5,2,2,6
7800,100,-1004079448557672882,0,52,52,367,3,2,1,6
7801,100,-1393182503559026845,0,81,81,364,1,5,3,11
7802,100,1116749259929371236,0,69,69,371,1,3,1,10
7803,100,3367257359052619697,0,81,81,392,1,6,1,13
7804,100,5115864902810716982,0,64,64,389,6,2,1,7
7805,100,-1334882591077119005,0,66,66,365,6,4,2,11
7806,100,-6690339413650437627,0,62,62,368,1,3,1,5
7807,100,6295151805223948349,0,75,75,378,2,5,3,14
7808,100,4549720620919999536,0,36,36,369,1,11,6,27
7809,100,-3031615908066832606,0,74,74,363,2,5,3,11
7810,100,1295426754142927886,0,73,73,364,6,2,1,6
7811,100,4039971760083058702,0,76,76,366,1,4,1,14
7812,100,-2737881088047680769,0,57,57,376,9,2,2,6
7813,100,-8504129575375142455,0,73,73,373,2,6,4,12
7814,100,-1659701810043922243,0,77,77,387,4,2,1,7
7815,100,900802334415141849,0,54,54,378,1,8,4,24
7816,100,1004086389720327159,0,70,70,372,4,5,4,9
7817,100,-248156469458083017,0,77,77,380,2,6,3,14
7818,100,-5931181928740057056,0,66,66,373,8,2,1,5
7819,100,864807382640154182,0,74,74,379,6,4,2,10
7820,100,-8460654973444088701,0,72,72,378,2,4,1,13
7821,100,-2391437237171207168,0,52,52,393,2,5,3,8
7822,100,3772688662593005722,0,63,63,371,2,7,4,18
7823,100,-6388862463072611726,0,66,66,382,1,7,4,16
7824,100,7291563347176063392,0,63,63,366,2,4,2,11
7825,100,3599499195842181226,0,62,62,376,6,1,1,4
7826,100,2733223715703649637,0,79,79,375,3,4,2,11
7827,100,-5736934474481844627,0,56,56,370,1,9,5,25
7828,100,-4204667287434838432,0,91,91,367,3,3,1,10
7829,100,4566801856005561070,0,62,62,367,3,3,1,12
7830,100,-333860296728093430,0,63,63,384,3,5,2,11
7831,100,1920534659662110141,0,47,47,370,2,7,4,22
7832,100,-3915690977624378775,0,78,78,374,6,3,2,12
7833,100,7151458594220760765,0,64,64,376,3,3,2,4
7834,100,8459744687021780970,0,54,54,374,4,4,2,14
7835,100,3448271560896504794,0,82,82,381,4,5,3,7
7836,100,8750937840011260020,0,58,58,369,4,5,3,13
7837,100,-4194083734749646279,0,38,38,384,2,6,3,20
7838,100,7099137201492266681,0,76,76,396,1,6,4,15
7839,100,-8649386743774904656,0,52,52,380,1,4,2,12
7840,100,-2897254607836132146,0,64,64,372,1,6,3,16
7841,100,-7497779812837035657,0,47,47,395,4,11,8,17
7842,100,6265880703467544829,0,79,79,381,1,7,4,15
7843,100,-3424215455048224480,0,75,75,370,5,8,6,30
7844,100,-3642671864521163814,0,39,39,369,1,8,3,22
7845,100,-6336680369231238972,0,60,60,373,4,2,1,4
7846,100,-3105692208880231533,0,65,65,370,2,5,2,7
7847,100,8271398157430226302,0,61,61,374,1,4,2,9
7848,100,-1290890153391882100,0,62,62,394,2,3,1,7
7849,100,3161518991689213725,0,17,17,377,3,5,3,12
7850,100,4990496472713664299,0,77,77,377,1,7,5,16
7851,100,8495478785170497556,0,68,68,362,1,3,2,8
7852,100,-2637372178469278993,0,73,73,371,1,3,2,11
7853,100,7852422674568978613,0,60,60,388,2,7,2,21
7854,100,837362479624222407,0,81,81,378,4,5,3,15
7855,100,-8365030677041178210,0,52,52,378,4,2,1,8
7856,100,6416550299312744097,0,77,77,375,6,5,3,14
7857,100,-7108836590512119437,0,62,62,365,2,7,4,13
7858,100,-985670118513304000,0,83,83,387,8,8,8,20
7859,100,1728314933350484429,0,35,35,377,1,11,7,29
7860,100,-398568828004525742,0,61,61,368,6,7,5,22
7861,100,8779526728761954161,0,82,82,384,6,3,2,6
7862,100,2716180441563379905,0,64,64,371,1,3,1,6
7863,100,2139879799457110468,0,57,57,376,6,3,2,6
7864,100,-5633202564031983287,0,82,82,379,2,4,2,14
7865,100,-8601746650600211074,0,69,69,381,2,5,3,6
7866,100,-579866075519152310,0,67,67,374,6,3,1,4
7867,100,8576740129450407582,0,71,71,367,3,4,2,10
7868,100,7895591664115139550,0,72,72,373,1,3,1,9
7869,100,-5625414247993881187,0,52,52,368,4,5,3,11
7870,100,-5672126956242702546,0,75,75,377,1,8,6,20
7871,100,7089574814692989926,0,68,68,377,4,3,1,5
7872,100,6949967263786703873,0,80,80,386,3,5,3,13
7873,100,-6221276894120860796,0,85,85,374,2,4,1,11
7874,100,-4462698500304281451,0,57,57,360,4,6,3,18
7875,100,8532642374905081372,0,81,81,362,4,5,3,12
7876,100,-8803383352826521422,0,40,40,364,6,3,2,11
7877,100,2357481215087699742,0,52,52,383,4,5,2,9
7878,100,-4082456057937449733,0,68,68,383,1,5,2,12
7879,100,5579953337871574327,0,32,32,370,6,3,1,7
7880,100,8268946391654988678,0,77,77,380,1,4,2,8
7881,100,-212237461827987703,0,73,73,396,3,7,5,16
7882,100,-871330720462883409,0,86,86,374,2,6,3,13
7883,100,-4117549789238376674,0,42,42,381,3,7,4,17
7884,100,-8492506260467628247,0,69,69,388,1,6,3,10
7885,100,-1739883663781418215,0,68,68,373,4,4,3,12
7886,100,-7301900434310849963,0,80,80,385,2,3,1,6
7887,100,-8009185411900673490,0,44,44,373,5,2,1,8
7888,100,4099702308946955734,0,86,86,385,2,6,3,11
7889,100,6436057604035020499,0,63,63,372,1,6,2,11
7890,100,-3952510478905397403,0,74,74,374,4,7,5,23
7891,100,-3955619807901681737,0,41,41,371,1,6,4,11
7892,100,-796069580402913311,0,58,58,365,3,5,4,11
7893,100,-1588564009696478221,0,82,82,383,1,6,4,19
7894,100,1966567579776173225,0,63,63,377,2,3,2,6
7895,100,-1762619338303109505,0,81,81,389,2,4,2,8
7896,100,6379854915692882478,0,47,47,382,3,3,1,11
7897,100,1830150322491645158,0,56,56,376,4,4,1,12
7898,100,3739126224241179587,0,54,54,374,6,6,4,17
7899,100,-3301294712779315907,0,57,57,364,4,6,5,11
7900,100,-2803330440267754313,0,32,32,383,1,5,2,11
7901,100,-1505830606595514543,0,60,60,374,3,5,2,12
7902,100,-8118023384427139420,0,73,73,398,3,3,1,8
7903,100,-1318829112183915233,0,61,61,371,2,4,2,11
7904,100,5165342244235997449,0,43,43,375,1,4,2,12
7905,100,-5659839934343704952,0,76,76,385,2,5,2,8
7906,100,-5148139733392333290,0,60,60,381,2,3,1,8
7907,100,4191276410933752901,0,70,70,379,3,3,1,8
7908,100,9139163348000647367,0,89,89,377,1,6,3,14
7909,100,2316797609343127063,0,76,76,385,4,8,5,20
7910,100,4770835491219726388,0,16,16,385,1,4,1,4
7911,100,1166767421196605507,0,92,92,367,4,5,1,13
7912,100,6926234490324229158,0,71,71,379,2,7,2,17
7913,100,5109329807223794749,0,81,81,385,3,3,2,6
7914,100,5235196401041778413,0,52,52,377,3,6,3,10
7915,100,-2419642469813364573,0,68,68,360,2,4,3,7
7916,100,-8503426002326282128,0,62,62,370,5,4,3,12
7917,100,7334076120019747948,0,40,40,373,2,4,2,11
7918,100,-6112291663100692860,0,74,74,384,2,5,2,10
7919,100,6626655252493046113,0,58,58,374,1,8,4,24
7920,100,-249747950353281407,0,62,62,364,3,7,5,23
7921,100,-6574964937987296821,0,61,61,384,4,2,1,6
7922,100,-7100756074443000814,0,64,64,373,2,4,1,8
7923,100,30378568915805549,0,73,73,355,1,2,1,8
7924,100,4199566130043330893,0,71,71,377,7,6,5,14
7925,100,-7471430482246741580,0,82,82,385,4,3,1,6
7926,100,-6025287111777700861,0,57,57,378,5,5,3,12
7927,100,3923351589343553836,0,72,72,367,7,5,4,12
7928,100,5782134227045557336,0,73,73,377,4,4,2,16
7929,100,2677228390370383414,0,78,78,376,5,3,2,7
7930,100,-3202135130742108011,0,75,75,383,2,5,2,11
7931,100,-6194193653218059016,0,76,76,363,7,2,1,5
7932,100,-7586602794381413828,0,69,69,370,4,3,1,6
7933,100,-4229170536737478508,0,73,73,379,1,5,2,14
7934,100,-3803142116040994724,0,66,66,393,1,3,1,8
7935,100,5189028990481053595,0,64,64,372,3,5,3,11
7936,100,-1542934178341731545,0,48,48,382,6,4,2,12
7937,100,7585239405291412419,0,68,68,373,5,2,1,6
7938,100,5211836897043094721,0,60,60,378,3,4,3,9
7939,100,25830173291872472,0,68,68,378,3,4,3,13
7940,100,-7695975597569422502,0,68,68,362,1,5,2,14
7941,100,3452651731363540720,0,59,59,366,2,4,2,9
7942,100,-9000277925545850754,0,60,60,385,5,5,2,11
7943,100,2407314108657466338,0,77,77,379,2,8,4,17
7944,100,1653632944029706667,0,79,79,369,4,3,2,6
7945,100,-550051868191154184,0,65,65,368,2,9,6,19
7946,100,-415623600217496029,0,51,51,376,3,6,3,16
7947,100,3316202197118722531,0,28,28,365,1,3,1,11
7948,100,-8125358069546441212,0,73,73,381,2,11,8,30
7949,100,6988832485924408815,0,79,79,393,1,6,2,15
7950,100,1411620765255102101,0,55,55,375,5,3,1,6
7951,100,7294791031885687927,0,77,77,379,6,2,1,5
7952,100,-8472809270035464223,0,24,24,396,4,6,4,17
7953,100,2249808407533005722,0,63,63,372,3,5,3,16
7954,100,-1362989319373064310,0,59,59,359,1,4,2,7
7955,100,-3597931084374347730,0,69,69,377,5,2,1,4
7956,100,-7723421958789919530,0,62,62,360,5,5,3,12
7957,100,-4901280203131190796,0,92,92,382,1,6,3,12
7958,100,7711067988794014221,0,72,72,365,2,4,1,10
7959,100,9110030956772902669,0,67,67,375,4,5,2,14
7960,100,1159462469200733959,0,46,46,399,5,3,1,9
7961,100,-6287954951837449555,0,64,64,376,1,6,3,11
7962,100,5992450359368673536,0,84,84,358,2,5,3,15
7963,100,22202642499554061,0,67,67,383,3,4,2,11
7964,100,7953427797973298094,0,58,58,371,2,4,3,7
7965,100,5878679750397094566,0,84,84,375,1,5,3,12
7966,100,1033421949395834773,0,49,49,375,3,3,1,7
7967,100,3224305062843359387,0,60,60,374,4,7,5,14
7968,100,2668392734628104601,0,88,88,366,3,4,2,8
7969,100,5249939692056605814,0,52,52,374,3,4,2,7
7970,100,8950472339309752277,0,85,85,371,2,2,1,6
7971,100,-8056296035864014569,0,52,52,388,5,6,2,10
7972,100,6843400736299409322,0,77,77,382,2,6,3,13
7973,100,-1646599097124824344,0,78,78,372,1,5,3,12
7974,100,2273917625861404953,0,71,71,382,1,12,9,32
7975,100,8092150664054584661,0,90,90,389,7,7,6,11
7976,100,-5415809801321370795,0,49,49,364,7,7,6,25
7977,100,-3260724383896196229,0,74,74,380,3,5,4,9
7978,100,-3792931354327142765,0,78,78,400,1,10,6,21
7979,100,-2937418383170834401,0,76,76,382,1,5,3,8
7980,100,-609266723854874843,0,45,45,373,3,7,5,14
7981,100,8781921962838157537,0,55,55,391,2,5,2,11
7982,100,-2063559062237207098,0,85,85,389,5,5,3,11
7983,100,-7128353348392240976,0,52,52,402,5,4,3,6
7984,100,7486163088603199799,0,63,63,364,1,5,4,15
7985,100,-7837586777640174208,0,42,42,380,5,3,2,7
7986,100,3812290809078449418,0,80,80,396,1,3,1,9
7987,100,4891491692932740410,0,59,59,391,4,4,2,12
7988,100,-8333388086392729155,0,70,70,362,1,6,3,11
7989,100,-8305202979334849036,0,73,73,378,4,4,1,6
7990,100,7443501958792694281,0,53,53,374,3,5,2,16
7991,100,-6955922316389571231,0,84,84,366,1,4,1,9
7992,100,3761053318143859068,0,73,73,389,5,2,1,6
7993,100,7529462244738251659,0,59,59,385,1,7,4,14
7994,100,359720732142362693,0,50,50,399,1,8,4,17
7995,100,-5909841266358149953,0,65,65,369,3,3,1,7
7996,100,2127084993062326350,0,83,83,366,6,2,1,3
7997,100,4629095831851148999,0,73,73,379,3,4,2,11
7998,100,2972460608248579984,0,72,72,367,4,3,1,5
7999,100,-4981922208607072930,0,75,75,385,1,4,2,9
8000,100,2443398740208384929,0,42,42,365,2,5,2,9
8001,100,8073977395179749856,0,78,78,379,8,1,1,1
8002,100,-1138748993132557679,0,65,65,366,3,4,2,8
8003,100,-2182450278142074303,0,47,47,362,3,6,3,12
8004,100,-4341010318633171721,0,61,61,372,4,7,4,16
8005,100,-1812926935507836097,0,43,43,369,2,3,1,10
8006,100,-2209445297046502074,0,55,55,369,4,4,2,12
8007,100,5418513400120895963,0,65,65,383,5,6,3,12
8008,100,8393631807944747108,0,25,25,375,3,8,6,14
8009,100,7205081852647540740,0,65,65,363,5,5,4,5
8010,100,-5837451155909411971,0,70,70,371,3,3,2,8
8011,100,722605508616671381,0,52,52,392,1,4,2,9
8012,100,-995023794972642541,0,74,74,374,4,9,7,27
8013,100,8735784554698765954,0,60,60,366,5,5,3,11
8014,100,-3516332256183025831,0,70,70,393,1,7,4,14
8015,100,5949032906174917453,0,82,82,380,3,5,3,11
8016,100,-6235904137644011071,0,71,71,372,3,7,6,15
8017,100,34495034715697342,0,67,67,376,3,6,3,10
8018,100,-6550949872830994477,0,76,76,373,5,3,2,11
8019,100,-2042401670721924654,0,91,91,363,2,3,2,5
8020,100,2187610897465192256,0,59,59,383,4,4,1,10
8021,100,6150112372832483059,0,52,52,373,2,5,1,12
8022,100,3147549825193449271,0,51,51,390,5,8,6,15
8023,100,-2609013989328074391,0,52,52,379,1,6,4,17
8024,100,-152594637681892618,0,80,80,387,1,7,3,16
8025,100,757693791151069712,0,69,69,381,1,7,4,15
8026,100,6175646817808044451,0,68,68,381,1,6,3,13
8027,100,-2192452104633286837,0,70,70,365,2,4,2,13
8028,100,-6966011467270803621,0,77,77,365,1,6,4,13
8029,100,225663981067329080,0,74,74,362,1,5,3,14
8030,100,-6926014173375487093,0,65,65,388,4,5,4,12
8031,100,8871708593858089764,0,88,88,356,3,6,3,18
8032,100,7738148701339914367,0,42,42,375,1,7,3,13
8033,100,-3388480106729673407,0,53,53,381,5,2,1,7
8034,100,-6507874904851097544,0,53,53,377,4,4,1,7
8035,100,-6051512495798931050,0,64,64,372,4,4,2,9
8036,100,-3101375479231669631,0,78,78,380,4,3,2,9
8037,100,-571227241680709322,0,66,66,373,1,5,4,13
8038,100,-2116235876939251644,0,78,78,377,1,4,2,12
8039,100,8487087263106825908,0,71,71,380,2,3,1,8
8040,100,5613869512440080409,0,75,75,385,1,5,3,8
8041,100,4677114603157597909,0,58,58,362,4,3,2,6
8042,100,3209026951336888351,0,60,60,376,2,5,2,11
8043,100,-6700710176689418105,0,78,78,369,7,3,2,10
8044,100,-1705916376699184881,0,53,53,369,1,5,4,15
8045,100,-7888420677240023022,0,54,54,384,3,4,2,8
8046,100,-2498616764988727667,0,70,70,367,2,3,2,6
8047,100,6463141092878465421,0,77,77,377,2,5,2,12
8048,100,2523417444310884545,0,38,38,375,1,5,3,12
8049,100,-1866366916882706798,0,69,69,376,1,6,4,18
8050,100,1537274716482562854,0,87,87,371,3,4,2,5
8051,100,5576007370649117493,0,66,66,375,5,3,1,11
8052,100,-5314630858854325087,0,59,59,383,1,11,7,31
8053,100,-4195349298370978255,0,75,75,378,2,8,5,19
8054,100,-492349632219736875,0,62,62,373,1,10,5,21
8055,100,1017001428765587556,0,83,83,386,2,6,3,12
8056,100,1436862653826443957,0,72,72,382,2,6,3,8
8057,100,8135455794743031677,0,79,79,383,2,5,2,13
8058,100,5804484594810919002,0,58,58,369,3,3,1,7
8059,100,-2496911003416764429,0,60,60,377,2,5,3,17
8060,100,-5406074903523174378,0,66,66,370,5,3,2,11
8061,100,3450351627535618616,0,67,67,379,1,5,3,14
8062,100,8488481472039513800,0,68,68,375,3,3,1,4
8063,100,-6461576887366121682,0,53,53,379,3,5,3,13
8064,100,4263086311604420465,0,67,67,379,2,10,5,26
8065,100,-7325718899792142375,0,65,65,370,4,4,3,8
8066,100,1711192713933030407,0,75,75,379,3,4,2,10
8067,100,3714960533309488214,0,64,64,390,2,4,2,5
8068,100,-1870281458877120631,0,70,70,366,4,4,2,6
8069,100,-7906738774064624116,0,47,47,374,7,2,1,6
8070,100,-1561732330399417005,0,80,80,378,4,7,5,19
8071,100,9176741102678382880,0,60,60,375,7,2,1,3
8072,100,-2974362907336838733,0,61,61,367,9,4,4,4
8073,100,9183116984054733102,0,63,63,369,1,4,2,13
8074,100,298874758923997115,0,59,59,377,2,7,4,18
8075,100,697333296416537909,0,60,60,385,3,4,3,6
8076,100,2681555240321214552,0,81,81,362,1,3,1,6
8077,100,-1865081791494918447,0,72,72,372,3,3,1,7
8078,100,5887859204103988899,0,62,62,382,3,4,2,10
8079,100,8189640518285531312,0,68,68,351,4,2,1,3
8080,100,-2873662007819502218,0,81,81,371,1,6,3,13
8081,100,-3680976946358738882,0,75,75,381,2,4,3,8
8082,100,4117515760477739586,0,63,63,373,1,5,3,10
8083,100,3279517743901787811,0,54,54,402,4,5,2,11
8084,100,7320491852026671392,0,55,55,378,3,4,3,13
8085,100,-8829297807026068242,0,54,54,369,4,5,3,14
8086,100,4870302175795820069,0,56,56,383,1,4,1,12
8087,100,2296907489339914130,0,55,55,378,2,5,2,14
8088,100,-9016603068633212934,0,79,79,382,7,4,3,12
8089,100,6052897963462651152,0,64,64,374,1,7,5,24
8090,100,7180310236845199274,0,43,43,384,1,5,2,9
8091,100,-749522043768968203,0,67,67,372,3,8,6,22
8092,100,-5917106576451216963,0,56,56,388,2,3,1,4
8093,100,2461363840237077511,0,83,83,386,3,3,1,11
8094,100,4212400340375153798,0,59,59,383,3,4,2,10
8095,100,-6082260085040906565,0,73,73,395,4,4,2,10
8096,100,770830186561601465,0,70,70,378,1,11,7,28
8097,100,-2187649414720437527,0,59,59,374,5,5,3,10
8098,100,-8115937952190826176,0,59,59,350,2,5,3,10
8099,100,6365835553247494082,0,86,86,373,2,6,3,13
8100,100,-1961420089348205746,0,67,67,372,2,3,1,5
8101,100,-8974033391822728447,0,70,70,374,5,3,2,8
8102,100,595121182795354035,0,48,48,365,4,3,2,9
8103,100,6417925264744521312,0,79,79,380,5,3,2,9
8104,100,7088859613117287538,0,79,79,375,2,8,5,17
8105,100,8135833969447927885,0,72,72,369,5,2,1,6
8106,100,1366003939621244304,0,62,62,375,1,4,2,8
8107,100,5669139300847625181,0,64,64,384,4,2,1,4
8108,100,-4720434366140739538,0,53,53,376,1,8,3,19
8109,100,4865845211980553216,0,43,43,358,7,4,3,8
8110,100,-2713382403284043046,0,61,61,373,5,2,2,6
8111,100,-1510466860274237962,0,51,51,386,3,5,1,13
8112,100,-6037791117094944991,0,80,80,394,3,4,2,11
8113,100,1274893285669482241,0,52,52,370,4,3,1,6
8114,100,1444561167697395816,0,67,67,387,7,2,1,5
8115,100,7724492824618867036,0,47,47,374,3,7,4,17
8116,100,6659368380009092091,0,69,69,367,8,1,1,4
8117,100,402507031802772587,0,70,70,376,2,3,2,9
8118,100,7915417593853226598,0,66,66,370,3,4,2,12
8119,100,-4646965837689336781,0,52,52,392,3,2,1,7
8120,100,-206715707264183805,0,87,87,379,3,4,2,8
8121,100,2065149805608784907,0,62,62,380,7,3,3,6
8122,100,7219776762900632276,0,62,62,371,1,6,2,16
8123,100,-3539515209616617325,0,88,88,364,1,4,1,7
8124,100,8067811620500865938,0,72,72,375,4,3,2,3
8125,100,-2457081948282637083,0,84,84,398,1,4,1,11
8126,100,6156508269325475845,0,73,73,373,1,6,3,10
8127,100,-679808152832127221,0,60,60,376,2,7,4,12
8128,100,7168679645389359254,0,67,67,378,1,3,1,9
8129,100,-8253059109001871440,0,66,66,367,2,2,1,4
8130,100,-5209889960775490782,0,52,52,365,3,5,3,7
8131,100,-2000858211893216999,0,45,45,368,6,6,4,17
8132,100,-1045563666499832560,0,81,81,365,3,4,2,11
8133,100,-1981296087463544491,0,69,69,378,6,3,2,8
8134,100,8175655604076563109,0,81,81,365,1,4,2,8
8135,100,3184267017711825843,0,80,80,387,2,7,4,19
8136,100,7091220551395704726,0,72,72,389,1,7,4,22
8137,100,-7187830601172492940,0,82,82,372,2,4,2,7
8138,100,8597721627100134622,0,75,75,375,6,5,3,7
8139,100,-8500267769171455551,0,51,51,374,4,3,2,6
8140,100,-4870485383185088558,0,58,58,375,2,4,3,12
8141,100,3147942232237048030,0,84,84,389,1,9,7,12
8142,100,-326358658162835854,0,60,60,389,2,7,4,19
8143,100,-8206097244869091680,0,69,69,369,6,4,2,11
8144,100,5972383406016216320,0,61,61,391,2,9,5,17
8145,100,-1197649002169433060,0,66,66,371,2,6,3,16
8146,100,-5917671266432669482,0,58,58,371,2,6,2,13
8147,100,-7598510152496449376,0,82,82,380,3,10,7,31
8148,100,-6815495725546025868,0,79,79,376,2,7,5,18
8149,100,-7835437562108176921,0,73,73,391,2,3,2,8
8150,100,-4167149203886739240,0,67,67,384,6,7,5,20
8151,100,6246184451697458055,0,68,68,375,1,5,3,12
8152,100,6586027222752837650,0,70,70,366,1,6,3,13
8153,100,-109655705545947730,0,52,52,397,6,2,2,6
8154,100,-3259955193015386857,0,77,77,369,2,2,1,6
8155,100,-2575031031300359411,0,43,43,381,2,6,2,11
8156,100,-4621042011208293164,0,47,47,377,4,4,1,8
8157,100,3573216649947309587,0,57,57,370,3,6,4,13
8158,100,-7875246808528565114,0,62,62,381,1,6,3,18
8159,100,-742081810817315490,0,69,69,384,1,5,1,9
8160,100,-1203937497259880120,0,75,75,386,1,4,2,10
8161,100,9201797191028621166,0,66,66,379,4,3,1,6
8162,100,8236242275932515565,0,74,74,372,1,4,2,9
8163,100,1812263689896125851,0,80,80,382,1,5,3,9
8164,100,3985145663429870607,0,70,70,369,2,8,4,13
8165,100,5430569091641283144,0,71,71,376,5,7,4,22
8166,100,-7176384124608757400,0,95,95,378,1,5,2,19
8167,100,8095852028305096281,0,54,54,371,5,7,5,16
8168,100,482367545034265184,0,58,58,381,4,2,1,3
8169,100,-555971047280219679,0,74,74,389,6,3,1,7
8170,100,-788239858975172378,0,56,56,379,1,9,5,19
8171,100,8750103991895364640,0,64,64,370,2,5,3,17
8172,100,-9072944858174347646,0,44,44,371,6,6,5,17
8173,100,1382144679677968044,0,68,68,366,5,1,1,3
8174,100,-4911169509491206997,0,55,55,380,3,3,1,7
8175,100,-4533370186236989459,0,45,45,371,3,2,1,6
8176,100,-9213236549267780011,0,76,76,371,4,6,4,17
8177,100,-3936853181004355378,0,67,67,387,1,8,4,19
8178,100,503933490590047950,0,32,32,381,1,4,1,12
8179,100,-7574983999644794448,0,68,68,371,2,7,6,13
8180,100,736074965608110538,0,73,73,377,8,1,1,4
8181,100,-6207919845149089118,0,89,89,369,4,6,3,12
8182,100,-4442643990493122372,0,66,66,377,2,5,3,12
8183,100,4651038480434924239,0,81,81,386,4,4,2,13
8184,100,6687659231056300390,0,64,64,397,1,5,2,15
8185,100,5912815768507964215,0,59,59,373,6,5,3,12
8186,100,6881887580534335923,0,66,66,373,3,3,2,6
8187,100,2132348509120567457,0,61,61,373,1,7,4,21
8188,100,-3944973247905837884,0,66,66,379,3,7,6,15
8189,100,1763873394325788880,0,69,69,380,3,2,1,4
8190,100,-1234250895744010936,0,50,50,401,2,4,2,8
8191,100,6953454741218889460,0,81,81,384,6,2,1,4
8192,100,-4005866729184014064,0,61,61,359,6,2,2,4
8193,100,-14635972732671133,0,51,51,380,1,5,2,12
8194,100,-1483940737804631582,0,61,61,376,4,6,4,16
8195,100,9176843398209077896,0,69,69,388,2,4,2,11
8196,100,317848489073942412,0,61,61,378,2,5,3,20
8197,100,4420519162715205403,0,64,64,371,2,8,4,16
8198,100,-7113805686153214148,0,60,60,370,4,3,2,5
8199,100,4740703726649828242,0,63,63,370,1,6,2,9
8200,100,2139339707017972750,0,56,56,370,3,3,1,6
8201,100,7346896575346269911,0,31,31,380,1,7,4,21
8202,100,-7368030973518045977,0,79,79,378,2,5,2,13
8203,100,6804573517812496442,0,54,54,369,5,3,1,9
8204,100,8486015706983019392,0,74,74,384,1,8,4,23
8205,100,-1981245035214981464,0,67,67,378,1,3,2,6
8206,100,-8000158988377448251,0,70,70,377,3,6,4,22
8207,100,-1274463675551766755,0,61,61,374,6,3,1,9
8208,100,6386217014769289823,0,68,68,364,1,4,2,12
8209,100,-5351850990422661545,0,56,56,384,1,7,4,16
8210,100,5516464787496414607,0,74,74,372,4,3,2,6
8211,100,-7425958273953918517,0,71,71,381,1,7,3,14
8212,100,8331445019673639741,0,71,71,385,2,3,1,8
8213,100,-8851054869367565348,0,85,85,374,2,6,3,16
8214,100,8934767232597156176,0,81,81,385,3,3,1,9
8215,100,4610684374730145610,0,52,52,372,6,3,2,10
8216,100,-6397984790426839744,0,75,75,384,4,5,4,11
8217,100,3404495635142602216,0,78,78,380,4,3,1,4
8218,100,-5876214796170988568,0,60,60,378,1,5,2,14
8219,100,2141499195839125137,0,74,74,359,4,4,2,8
8220,100,-1801291375549887840,0,55,55,386,3,4,2,12
8221,100,6691490241901399644,0,90,90,387,2,3,1,8
8222,100,-6671726946008490613,0,79,79,392,1,5,3,9
8223,100,-4773510490096932594,0,62,62,395,5,6,4,15
8224,100,713104782678671149,0,77,77,378,3,4,2,10
8225,100,7279287405383462096,0,48,48,385,1,4,2,9
8226,100,-1285570891900007105,0,74,74,376,3,5,3,18
8227,100,-887654438524334815,0,87,87,374,3,5,3,12
8228,100,2471538942640891590,0,63,63,363,1,9,6,19
8229,100,-2208361657758850803,0,76,76,366,1,3,1,3
8230,100,-4454178797053333663,0,60,60,388,3,6,2,12
8231,100,-605075091615381345,0,67,67,378,1,8,6,13
8232,100,3796936882784138211,0,56,56,369,2,9,6,18
8233,100,7680793618824738195,0,79,79,367,4,2,1,7
8234,100,-6851515394465364959,0,70,70,365,3,4,2,4
8235,100,2071225685302332239,0,60,60,380,8,3,2,7
8236,100,-1653431947455326708,0,77,77,374,2,10,7,18
8237,100,-4445369876300772844,0,78,78,369,9,2,2,4
8238,100,-8402854787791534591,0,68,68,378,1,2,1,5
8239,100,3068704965090670960,0,55,55,369,4,3,2,10
8240,100,2441800275643009119,0,62,62,371,1,4,1,10
8241,100,5150991841159038455,0,67,67,364,4,3,2,4
8242,100,5531169713496531034,0,84,84,370,5,4,3,12
8243,100,4411640686605387314,0,73,73,366,2,4,3,12
8244,100,4170326067479687182,0,60,60,387,2,4,1,5
8245,100,-881943136252388650,0,50,50,383,1,7,3,13
8246,100,7840096272380442070,0,60,60,378,1,7,4,15
8247,100,3882138495945350712,0,76,76,383,1,9,5,24
8248,100,533919987668355807,0,84,84,375,1,7,4,22
8249,100,5144970444392208128,0,71,71,383,2,4,2,7
8250,100,6608866119596816119,0,63,63,362,6,2,2,2
8251,100,3514083886186979868,0,69,69,376,1,3,1,9
8252,100,-6088601770488812118,0,72,72,377,4,3,1,5
8253,100,8813711707193198584,0,52,52,378,2,3,1,8
8254,100,8282865209956747407,0,51,51,375,1,8,5,18
8255,100,3013001098753274091,0,68,68,366,4,3,1,10
8256,100,-6928501883681238305,0,71,71,383,1,6,4,12
8257,100,50465427776122100,0,62,62,372,2,3,1,3
8258,100,8709561384620505670,0,72,72,381,4,5,3,12
8259,100,-735203734995238235,0,59,59,381,4,3,2,8
8260,100,7927601211111979261,0,83,83,394,2,5,3,13
8261,100,-999653847812720290,0,85,85,376,6,4,3,9
8262,100,8031082080293260568,0,77,77,379,1,9,5,26
8263,100,-432450852664159554,0,65,65,387,4,8,7,19
8264,100,-569992847849713380,0,47,47,384,6,3,3,5
8265,100,3035947651903596375,0,53,53,370,1,5,3,12
8266,100,-7470182252068550188,0,79,79,391,2,3,1,7
8267,100,-7460380865262085472,0,59,59,377,2,4,1,14
8268,100,4696241987085843812,0,84,84,382,2,7,6,15
8269,100,695311423953279535,0,80,80,372,2,8,6,23
8270,100,-4405733731191674978,0,55,55,378,1,6,3,12
8271,100,1972251926134119463,0,80,80,384,1,6,3,17
8272,100,3647291225076440980,0,65,65,366,2,7,5,18
8273,100,-7433566260558196498,0,95,95,389,1,9,5,13
8274,100,3105090389622555245,0,76,76,386,2,6,4,16
8275,100,442363281682136099,0,61,61,362,2,6,3,15
8276,100,-1088611489948354692,0,73,73,381,1,5,2,15
8277,100,7576148308851566799,0,57,57,377,1,9,5,12
8278,100,7694293048182186382,0,66,66,380,6,3,2,10
8279,100,1680527922395426009,0,69,69,370,3,5,3,14
8280,100,-1049889695765900926,0,77,77,376,5,7,4,20
8281,100,-27238520132948033,0,82,82,366,1,5,2,16
8282,100,4595397164296195615,0,42,42,383,1,8,3,24
8283,100,-981664401286387581,0,63,63,393,3,5,2,10
8284,100,2946099310257145121,0,77,77,383,3,4,2,7
8285,100,-4616058450764331294,0,60,60,375,2,13,9,30
8286,100,3853953839466756501,0,48,48,380,2,6,3,13
8287,100,6688410159936256971,0,62,62,381,1,9,6,17
8288,100,6314054760049869670,0,61,61,383,8,3,2,9
8289,100,5222690189809734927,0,82,82,370,6,3,2,9
8290,100,-7979512616090586058,0,63,63,373,7,3,2,5
8291,100,3923255418915954772,0,61,61,362,2,4,2,12
8292,100,-5734479867245644430,0,48,48,375,5,6,5,18
8293,100,-1116196661814752945,0,79,79,387,2,5,3,13
8294,100,4312112558889710496,0,56,56,392,1,6,2,13
8295,100,-2842921815256225999,0,56,56,382,6,3,1,6
8296,100,-3199323731556291846,0,73,73,383,1,4,2,12
8297,100,-6816596755447337630,0,65,65,365,5,7,5,17
8298,100,-4306628247794046656,0,68,68,358,2,2,1,8
8299,100,6077388729382810476,0,54,54,389,2,4,2,8
8300,100,6861232923559844042,0,68,68,376,6,6,4,18
8301,100,-7764648196368824263,0,54,54,384,1,6,3,17
8302,100,192954730410518748,0,64,64,371,3,4,3,4
8303,100,2093273993958524033,0,64,64,374,6,5,3,15
8304,100,2515504139261585213,0,46,46,381,5,3,2,9
8305,100,-7678901932871315331,0,35,35,380,1,5,3,11
8306,100,6094387193673309962,0,69,69,380,4,5,3,8
8307,100,455248643041546464,0,49,49,371,5,2,1,8
8308,100,6667071061902741703,0,57,57,382,6,6,4,17
8309,100,5767267032243252999,0,62,62,385,2,5,2,15
8310,100,-1981260653147662410,0,57,57,376,3,10,8,22
8311,100,2588214980016222318,0,63,63,380,1,7,4,14
8312,100,4666027665919938668,0,50,50,369,2,7,3,18
8313,100,-3817989206449237658,0,61,61,368,2,4,3,14
8314,100,-886391092334291808,0,76,76,375,7,2,2,6
8315,100,284758871959983876,0,74,74,375,2,3,1,6
8316,100,8738295628322316358,0,56,56,367,3,6,4,13
8317,100,-5575510482525369252,0,61,61,377,3,8,4,18
8318,100,-6581916665622334500,0,80,80,367,1,7,2,16
8319,100,-1083398336554033425,0,59,59,380,5,7,5,21
8320,100,3467150042433423362,0,91,91,398,2,12,10,21
8321,100,4652302651427098209,0,50,50,385,3,3,1,6
8322,100,6393434940826609232,0,74,74,373,8,1,1,4
8323,100,7328439607829848942,0,69,69,383,3,8,6,8
8324,100,-5302745849076794525,0,60,60,367,4,4,2,9
8325,100,-7660763920122174945,0,54,54,371,3,5,3,12
8326,100,5534887666729907769,0,73,73,382,4,2,1,2
8327,100,-6886806531770897608,0,72,72,368,8,1,1,1
8328,100,-3276225017402062658,0,71,71,356,2,5,3,11
8329,100,2330806915179184372,0,73,73,389,1,9,6,12
8330,100,-4352585974851330650,0,64,64,357,3,4,2,11
8331,100,5764581358556357363,0,79,79,366,1,6,2,17
8332,100,5217068328659375997,0,79,79,376,3,6,4,14
8333,100,4230793798056129907,0,80,80,368,4,5,3,18
8334,100,-5339948959114007301,0,73,73,381,6,3,2,7
8335,100,-6255750640365541442,0,63,63,354,2,4,2,11
8336,100,4360242649708443293,0,51,51,364,5,7,5,19
8337,100,-8891773019029090845,0,57,57,388,1,7,4,13
8338,100,-5474140065449672336,0,59,59,369,4,7,5,16
8339,100,-3542173916039143000,0,70,70,385,1,6,4,19
8340,100,-6283411764872889553,0,62,62,374,2,6,3,14
8341,100,-7158801656778285378,0,55,55,381,1,9,6,27
8342,100,6728637091953888144,0,75,75,375,6,3,2,7
8343,100,6628863632925093430,0,65,65,363,5,4,2,11
8344,100,4076856431933861594,0,47,47,385,1,5,3,15
8345,100,-4256123064804190925,0,79,79,383,1,3,1,10
8346,100,-7679977863454579269,0,59,59,376,5,8,6,20
8347,100,786540800650484449,0,69,69,376,4,3,2,5
8348,100,-8717771735744147881,0,54,54,379,2,3,1,7
8349,100,-5815804368737805915,0,48,48,388,3,7,4,17
8350,100,7493131585116682916,0,84,84,377,8,2,1,5
8351,100,-1676343096170106986,0,57,57,378,1,2,1,6
8352,100,-1586434515905816588,0,62,62,367,2,4,2,5
8353,100,2736230311908606507,0,90,90,387,2,7,4,20
8354,100,6958495869888150483,0,74,74,368,4,4,2,12
8355,100,4699542816935364916,0,76,76,360,4,10,6,30
8356,100,-6254146419665720814,0,48,48,391,4,5,2,15
8357,100,-8831797857236839154,0,58,58,377,1,4,1,13
8358,100,-953499461791324125,0,78,78,378,5,6,3,16
8359,100,8263409670910723089,0,66,66,386,4,3,1,6
8360,100,-4609303556719955545,0,72,72,367,4,3,1,4
8361,100,309413650792717133,0,68,68,392,1,4,2,11
8362,100,8384965997613900357,0,72,72,373,4,2,1,5
8363,100,2753862579695040118,0,87,87,381,1,8,4,17
8364,100,1030495822436100285,0,74,74,375,2,2,1,5
8365,100,-7577595407124954340,0,70,70,370,4,4,2,10
8366,100,1409522215459542844,0,58,58,361,5,4,3,8
8367,100,-233899180673647842,0,78,78,371,3,6,4,13
8368,100,3102962551641908465,0,68,68,373,3,8,5,21
8369,100,-3198437924524518816,0,61,61,405,1,5,3,10
8370,100,2760619458287563999,0,77,77,379,1,4,2,7
8371,100,-7097733066925831237,0,67,67,383,2,5,3,15
8372,100,-2148679570929453579,0,57,57,380,3,3,1,8
8373,100,-6996425542171612875,0,54,54,374,5,3,1,10
8374,100,3017385986246455387,0,81,81,377,1,3,1,7
8375,100,3953191923547335537,0,66,66,369,1,5,2,12
8376,100,-4319287643693132786,0,83,83,379,4,5,2,9
8377,100,-8413639250840136600,0,75,75,382,1,4,1,8
8378,100,-3749563222408307538,0,70,70,375,8,3,2,4
8379,100,-1228119640240692903,0,61,61,380,1,6,4,18
8380,100,1512347041752522390,0,77,77,395,8,3,2,5
8381,100,-3665051052424941570,0,61,61,371,4,7,4,21
8382,100,6998981157379543341,0,74,74,376,3,4,2,7
8383,100,8443039292402975488,0,80,80,386,2,8,6,18
8384,100,-2888493490749216133,0,74,74,372,2,4,1,13
8385,100,6397990411030796715,0,76,76,380,3,5,3,17
8386,100,4486116925276872703,0,54,54,363,2,6,3,13
8387,100,-2127256869686472987,0,58,58,378,2,4,1,8
8388,100,-6443538521085894466,0,82,82,396,4,5,3,8
8389,100,4639054846286476124,0,83,83,364,2,7,5,12
8390,100,-8840664324640318305,0,64,64,377,3,6,3,10
8391,100,6517693848592029438,0,65,65,378,1,5,3,13
8392,100,-8695060362006106890,0,64,64,367,3,3,1,10
8393,100,-5606523898532842066,0,54,54,357,4,3,2,8
8394,100,1708914591800554078,0,87,87,387,4,3,2,9
8395,100,7721712685248510772,0,70,70,376,3,3,1,10
8396,100,-640198658933883957,0,66,66,365,8,1,1,1
8397,100,418502271701979764,0,55,55,383,6,4,3,7
8398,100,-8431023949219853602,0,54,54,375,2,3,2,7
8399,100,-114263633439165470,0,66,66,377,1,6,5,13
8400,100,-1415391237860980357,0,62,62,377,1,3,1,8
8401,100,2300446526547191605,0,66,66,374,1,8,4,15
8402,100,3355260415532532888,0,69,69,376,2,4,2,14
8403,100,-3817009738920956838,0,77,77,369,2,7,5,13
8404,100,-5922526940891725737,0,61,61,381,9,2,2,4
8405,100,1490693357187547051,0,65,65,380,5,5,2,15
8406,100,7766831975886125399,0,71,71,386,7,1,1,1
8407,100,-7416845476866822816,0,80,80,394,2,3,1,5
8408,100,-679970924745988281,0,48,48,366,2,6,4,13
8409,100,6379305411176835141,0,52,52,370,1,4,2,11
8410,100,844374485220447419,0,63,63,377,5,3,1,8
8411,100,6361259657188530093,0,51,51,367,2,5,2,13
8412,100,488775021750411330,0,76,76,388,1,6,4,14
8413,100,-7083882179751771,0,76,76,383,3,4,2,10
8414,100,4044061303429118647,0,47,47,370,1,4,2,11
8415,100,-280789761622774163,0,76,76,373,1,7,4,16
8416,100,-1234461709498124585,0,36,36,380,4,5,3,7
8417,100,-8761364855264051677,0,72,72,394,5,2,1,6
8418,100,6894347797055258132,0,89,89,385,5,6,4,12
8419,100,5551395526071792065,0,82,82,370,1,10,7,29
8420,100,-7414719769266880856,0,58,58,380,2,3,1,6
8421,100,6214349063622692425,0,72,72,371,2,5,2,12
8422,100,9186695943041312492,0,77,77,374,4,6,3,16
8423,100,7152211353543838014,0,66,66,372,1,10,8,19
8424,100,-3170661189265145367,0,67,67,372,3,4,2,10
8425,100,-3395888695893145258,0,56,56,382,2,3,1,11
8426,100,-5310493585630262993,0,76,76,386,2,3,1,3
8427,100,5378052772591976044,0,56,56,361,4,4,3,8
8428,100,-1879930793247686683,0,71,71,373,4,3,2,8
8429,100,-1551925247804160837,0,57,57,393,5,5,2,9
8430,100,8072046087988079393,0,70,70,375,6,2,1,3
8431,100,7259228535406544713,0,62,62,389,6,3,1,6
8432,100,42394254122564473,0,64,64,363,2,9,7,20
8433,100,-9119898512049793632,0,56,56,385,2,4,1,13
8434,100,-1551095046177080358,0,65,65,387,2,6,4,8
8435,100,8745954510980112579,0,64,64,366,4,2,1,4
8436,100,4738094645968148887,0,69,69,386,2,4,2,10
8437,100,8942999964481065824,0,61,61,402,1,7,4,13
8438,100,5655016919026391493,0,77,77,376,3,6,4,9
8439,100,767811271711127873,0,58,58,372,4,3,2,11
8440,100,-3752345783880839227,0,50,50,389,3,5,2,12
8441,100,6803873887057799688,0,35,35,374,5,4,2,13
8442,100,1921439543194675489,0,55,55,361,2,4,1,9
8443,100,7916168941869001499,0,45,45,383,2,4,2,9
8444,100,-1657635748782857572,0,56,56,375,5,2,1,4
8445,100,8798199986311920860,0,59,59,374,4,3,1,6
8446,100,2856135242914740867,0,83,83,370,1,7,4,22
8447,100,6803395521814562589,0,83,83,367,1,3,1,6
8448,100,1609207716192613449,0,56,56,381,5,4,3,11
8449,100,1426591411974707411,0,49,49,375,2,4,2,9
8450,100,2261263351607951698,0,66,66,384,1,5,2,12
8451,100,4380934327421824777,0,55,55,371,4,3,2,7
8452,100,5793712278679151374,0,60,60,374,1,3,2,7
8453,100,-2876346480686369002,0,88,88,406,3,3,1,8
8454,100,-2590348802799052214,0,71,71,374,4,2,1,10
8455,100,-1209427077376360430,0,69,69,377,1,8,5,22
8456,100,-995253274738362430,0,69,69,373,4,6,3,13
8457,100,-4375146608645894267,0,85,85,365,1,4,2,9
8458,100,-4287168724387257862,0,64,64,377,6,3,2,10
8459,100,7374533184112495969,0,80,80,380,3,8,6,15
8460,100,206872368146818125,0,44,44,384,3,6,3,14
8461,100,3426745873052285746,0,47,47,378,4,4,3,9
8462,100,-1785442472400512186,0,45,45,388,2,3,2,7
8463,100,2052727023154801299,0,63,63,367,2,4,1,8
8464,100,-2695223197692833234,0,80,80,373,2,5,2,10
8465,100,1493820676859832035,0,34,34,388,4,4,3,10
8466,100,5081467892617733605,0,62,62,376,4,6,4,16
8467,100,-9083852913685936583,0,17,17,381,2,7,4,17
8468,100,-7114147959959633675,0,70,70,376,2,4,2,12
8469,100,-6503234784519973484,0,63,63,378,4,3,1,9
8470,100,-8997177205817948957,0,81,81,381,1,5,2,11
8471,100,3270417295285146710,0,29,29,377,2,6,4,11
8472,100,2931840119097144520,0,61,61,385,1,6,3,15
8473,100,6901153195233211123,0,72,72,390,1,6,1,14
8474,100,-3124122361706040031,0,60,60,385,5,3,1,13
8475,100,-3193505987900094235,0,37,37,381,2,4,1,8
8476,100,-5082747365267180318,0,70,70,362,3,4,2,15
8477,100,5712696082305037795,0,69,69,369,4,5,2,11
8478,100,665005692911244240,0,67,67,390,1,7,3,16
8479,100,9100108745731580497,0,70,70,370,6,2,1,4
8480,100,-5147392765146752496,0,65,65,372,7,4,3,6
8481,100,-4055230459473816839,0,61,61,373,2,6,4,19
8482,100,1789304056879486202,0,66,66,364,3,7,4,21
8483,100,3762670193520231419,0,78,78,390,3,10,7,21
8484,100,-2779533504800608974,0,54,54,372,8,3,3,5
8485,100,761072897467481858,0,83,83,375,2,6,4,14
8486,100,-5643265974601266695,0,70,70,380,2,2,1,6
8487,100,5570720443291869368,0,66,66,387,3,4,2,13
8488,100,-1232619787357317696,0,77,77,368,5,2,1,7
8489,100,7115868623425929595,0,48,48,364,1,4,1,8
8490,100,481223953543788542,0,50,50,365,3,4,1,6
8491,100,-855956514115603120,0,71,71,377,2,4,2,8
8492,100,-6661839551569045438,0,45,45,363,2,3,2,8
8493,100,720242638152095511,0,78,78,377,2,8,5,21
8494,100,1310516465589321355,0,70,70,380,1,5,3,10
8495,100,-1237734009797815552,0,74,74,375,2,4,2,10
8496,100,-8061645944325495593,0,31,31,368,1,5,2,14
8497,100,-4227333823299722179,0,79,79,379,5,2,1,5
8498,100,8230119826245062137,0,66,66,392,2,8,5,20
8499,100,-6642543424982926855,0,56,56,379,2,6,2,18
8500,100,75164593347704239,0,67,67,367,2,6,4,15
8501,100,-8725572595239028856,0,72,72,371,4,6,4,14
8502,100,-214442141320352269,0,61,61,376,1,7,5,21
8503,100,8287895823098774495,0,72,72,370,1,6,3,19
8504,100,1898967954420891025,0,73,73,369,7,3,2,7
8505,100,-8434996069774107579,0,63,63,353,3,2,1,7
8506,100,3429564675655078905,0,15,15,380,1,10,7,18
8507,100,-1657154529104339382,0,78,78,365,7,4,2,13
8508,100,-1187916836638022058,0,36,36,374,1,6,2,19
8509,100,6216611400598568184,0,70,70,384,1,9,6,17
8510,100,-6803093578245895713,0,72,72,391,1,6,2,10
8511,100,392801609225475400,0,60,60,361,2,5,2,18
8512,100,-7864887107672252564,0,62,62,382,2,4,1,13
8513,100,-5402736826982705705,0,71,71,385,6,4,2,8
8514,100,-4852417928549718965,0,60,60,372,3,4,1,11
8515,100,-3847935313141994023,0,68,68,368,8,3,2,7
8516,100,1632791309638990932,0,61,61,373,3,6,3,18
8517,100,6354223658136434509,0,74,74,372,1,5,3,10
8518,100,1100672232295270714,0,76,76,374,3,5,4,12
8519,100,-8097198001566068622,0,70,70,389,6,3,2,4
8520,100,-562380457055165661,0,77,77,380,1,3,1,8
8521,100,-487352042155157383,0,71,71,382,4,2,1,3
8522,100,-5374648022506109317,0,64,64,376,4,2,1,6
8523,100,2032372963937698683,0,57,57,357,8,3,2,9
8524,100,8294810116324477701,0,67,67,392,1,6,3,10
8525,100,-353242956577850964,0,71,71,379,1,10,6,25
8526,100,8918391865153140786,0,73,73,386,1,5,2,12
8527,100,7464792804032951761,0,71,71,363,3,3,1,9
8528,100,-3887043612458726730,0,73,73,382,2,6,4,15
8529,100,6338011356536887023,0,87,87,357,2,2,1,7
8530,100,-7755587484580642985,0,65,65,371,2,7,3,17
8531,100,-1003674139314808508,0,66,66,375,4,6,3,14
8532,100,-6381880746731555065,0,56,56,370,3,7,5,26
8533,100,5465922926692018811,0,81,81,374,2,3,1,8
8534,100,-1317723793132140491,0,44,44,388,5,5,3,16
8535,100,1408044430429015322,0,82,82,378,1,11,7,27
8536,100,6315166362131648863,0,64,64,380,1,4,2,13
8537,100,-7779451587518562498,0,67,67,370,2,7,6,20
8538,100,9209705387495006443,0,62,62,364,1,7,4,19
8539,100,5086853709595596938,0,81,81,374,2,4,2,10
8540,100,-4307323040922122697,0,77,77,377,1,4,2,8
8541,100,5436204798037218141,0,83,83,382,1,5,2,10
8542,100,3227323861725519854,0,91,91,382,2,4,2,10
8543,100,7740967923137869122,0,40,40,374,1,4,2,6
8544,100,-4197167915024581731,0,76,76,376,1,5,3,12
8545,100,7266806352353135276,0,51,51,368,6,5,4,9
8546,100,2659593747431332485,0,67,67,388,1,4,1,10
8547,100,4202411117029714402,0,70,70,378,4,3,2,7
8548,100,-7465023133903245390,0,89,89,376,1,8,5,20
8549,100,-8968127771836813000,0,58,58,378,3,8,6,8
8550,100,1740759930021882700,0,85,85,399,3,5,4,7
8551,100,-6800338124672486273,0,55,55,377,1,5,3,17
8552,100,-179506256591296724,0,75,75,375,1,7,5,16
8553,100,8903826298456870334,0,62,62,394,2,7,4,23
8554,100,-2178522417080072014,0,69,69,373,1,10,8,32
8555,100,-7532395531253119711,0,70,70,376,5,2,1,7
8556,100,-2694579243319710763,0,62,62,376,5,3,1,10
8557,100,1357273528879989809,0,72,72,381,2,5,3,12
8558,100,-4300219792938947718,0,58,58,371,2,3,1,4
8559,100,-319117098513168315,0,69,69,385,3,6,2,16
8560,100,-815062313571345654,0,54,54,387,1,10,5,23
8561,100,-5422135339318556616,0,73,73,376,4,8,5,19
8562,100,-4660165602260794050,0,69,69,369,2,4,2,10
8563,100,-9081979935163973285,0,79,79,375,2,5,3,9
8564,100,-4846767338855381956,0,71,71,385,1,3,1,9
8565,100,-6191320695011483731,0,63,63,368,3,7,3,18
8566,100,97712288178210535,0,70,70,374,2,4,2,9
8567,100,4858891717368853833,0,67,67,396,1,7,4,17
8568,100,52407646923085682,0,58,58,372,3,5,4,12
8569,100,1093648172838941983,0,73,73,374,1,6,4,15
8570,100,-274805812546226378,0,79,79,373,1,4,1,11
8571,100,9006870236572853478,0,57,57,383,3,6,3,15
8572,100,-4996631418013473850,0,59,59,372,1,7,5,16
8573,100,3670189665697790545,0,79,79,375,1,7,4,12
8574,100,3065040359113857343,0,65,65,385,3,3,1,8
8575,100,4308469207257421696,0,46,46,388,1,17,12,37
8576,100,2691225496972617187,0,66,66,359,1,9,5,24
8577,100,4677404726822935225,0,31,31,376,1,4,2,9
8578,100,2975409598238466793,0,69,69,378,1,5,4,13
8579,100,3392992973936293207,0,48,48,367,5,4,3,10
8580,100,-5403783939778124146,0,37,37,368,4,6,3,19
8581,100,1843491436952206849,0,84,84,372,1,4,1,8
8582,100,6943658764711232367,0,69,69,373,9,2,2,8
8583,100,-7035400485067328993,0,57,57,369,6,6,4,14
8584,100,-8082147935025829606,0,68,68,374,4,7,5,21
8585,100,266270822211279498,0,65,65,368,1,5,3,15
8586,100,1839941217687730657,0,83,83,379,1,6,4,14
8587,100,-8238108980083849342,0,75,75,372,6,3,2,9
8588,100,-6256042729481475598,0,84,84,362,4,4,2,7
8589,100,8221070601893582820,0,91,91,366,7,2,1,4
8590,100,-8216755684478190684,0,77,77,376,1,6,3,17
8591,100,7976349139250167708,0,68,68,362,7,2,2,6
8592,100,-5767615663978042093,0,20,20,384,1,4,2,6
8593,100,8182784549906792792,0,82,82,360,5,4,3,12
8594,100,2682355398465694446,0,66,66,377,1,7,3,16
8595,100,6427836490796584829,0,57,57,357,2,3,2,6
8596,100,-7535029502454096754,0,44,44,369,6,5,4,14
8597,100,8253246848626100318,0,69,69,378,2,4,2,4
8598,100,-2671539356833112757,0,49,49,365,5,2,2,2
8599,100,-6204212535320870485,0,76,76,376,3,3,2,7
8600,100,-6953245646860552437,0,81,81,376,5,3,2,10
8601,100,772531907350107943,0,66,66,379,1,5,3,16
8602,100,-9045337912611868133,0,76,76,379,1,5,2,14
8603,100,1351866886615232669,0,78,78,356,4,4,3,14
8604,100,7503051118048202305,0,65,65,373,1,7,5,15
8605,100,-365665496777657580,0,63,63,363,3,4,2,9
8606,100,7668560034145745169,0,70,70,379,4,7,4,13
8607,100,-7175756965165952703,0,70,70,373,3,3,2,6
8608,100,-3927329059543624321,0,84,84,384,2,3,1,9
8609,100,4449117242734260028,0,50,50,368,1,5,2,14
8610,100,-5517241176690579275,0,69,69,380,2,8,6,15
8611,100,-3157119064194347658,0,54,54,383,4,2,1,4
8612,100,-2224033103624110041,0,53,53,383,6,7,5,15
8613,100,2582829961978343146,0,58,58,373,5,2,1,4
8614,100,-8584579322677910301,0,44,44,376,2,4,1,11
8615,100,7404999334437777043,0,48,48,380,1,7,4,17
8616,100,145709452517371949,0,67,67,382,5,4,3,13
8617,100,-8433727724229216227,0,73,73,376,3,10,6,23
8618,100,5439051492238628170,0,69,69,380,3,4,1,6
8619,100,-5495778293149657121,0,40,40,368,6,2,1,4
8620,100,-262082236851309412,0,78,78,362,3,3,2,7
8621,100,929420336818066951,0,93,93,371,3,7,4,17
8622,100,-6280858511377527825,0,80,80,374,5,4,4,10
8623,100,8814608287923507478,0,76,76,376,1,6,3,17
8624,100,9202010279055906833,0,67,67,370,2,7,4,14
8625,100,-7194656886779278449,0,83,83,375,8,5,4,15
8626,100,-8341389580802212953,0,77,77,372,3,8,5,17
8627,100,-7190184232302763798,0,70,70,382,2,3,1,6
8628,100,3488905355106697022,0,81,81,385,4,2,1,7
8629,100,7199222948943353295,0,71,71,388,4,9,6,23
8630,100,-3425437946624754016,0,76,76,395,5,3,2,6
8631,100,1667619486107514752,0,48,48,373,1,5,2,12
8632,100,7481315654630954856,0,77,77,396,3,4,2,15
8633,100,-1618890561285423466,0,74,74,390,3,5,4,6
8634,100,-7240766665466827560,0,46,46,390,1,4,1,12
8635,100,-4416234867893327633,0,45,45,363,4,4,1,13
8636,100,8966163152461010154,0,55,55,374,6,3,1,8
8637,100,6764493547707317990,0,67,67,378,2,3,2,6
8638,100,6353524061457842852,0,53,53,373,2,5,3,16
8639,100,1420976924967286725,0,78,78,370,3,3,1,10
8640,100,-2444054529342455376,0,62,62,376,4,4,2,7
8641,100,-4256172845492326025,0,70,70,379,1,6,3,11
8642,100,5989567626898429739,0,63,63,379,3,8,4,17
8643,100,2502695502396845953,0,62,62,380,2,5,3,12
8644,100,5188209315838106557,0,80,80,384,5,3,2,10
8645,100,1924328925209646387,0,65,65,364,1,5,3,16
8646,100,2005893355941126889,0,35,35,380,1,5,1,8
8647,100,8636949854381035290,0,44,44,397,1,3,1,11
8648,100,-3963930322464259163,0,87,87,379,2,7,4,14
8649,100,-1995018389638062152,0,78,78,377,3,2,1,5
8650,100,-1469571149180938707,0,92,92,390,1,6,3,16
8651,100,-6201405975280663690,0,75,75,396,1,9,4,15
8652,100,7515395767759797011,0,68,68,381,3,6,4,14
8653,100,-6002049832502992935,0,58,58,382,3,4,2,12
8654,100,9173346237250502554,0,79,79,383,5,2,1,7
8655,100,-5511825743083965964,0,57,57,389,4,4,2,8
8656,100,-4906214583464643771,0,72,72,361,2,6,3,15
8657,100,-4287098821677928419,0,68,68,373,1,3,1,6
8658,100,204512863923815082,0,79,79,388,4,3,2,8
8659,100,-261467689326030109,0,71,71,369,1,7,4,19
8660,100,-2645391924452365429,0,79,79,379,1,6,3,10
8661,100,4384255813211830591,0,74,74,388,2,5,1,9
8662,100,-1777456484667400666,0,53,53,379,4,4,2,12
8663,100,8833787662938643464,0,72,72,361,1,4,1,9
8664,100,-5206086629512126517,0,58,58,367,8,1,1,3
8665,100,9023739531922310316,0,77,77,382,2,4,2,9
8666,100,-4646287888190143825,0,60,60,367,2,7,5,20
8667,100,-418780833188611300,0,68,68,384,1,4,2,10
8668,100,729082174042998528,0,53,53,379,1,5,3,12
8669,100,344347187385147144,0,58,58,373,1,4,2,12
8670,100,-8654467712922109639,0,87,87,375,1,6,4,13
8671,100,-8148252045332471732,0,34,34,360,1,6,4,11
8672,100,-5529814986841857610,0,63,63,397,1,6,2,14
8673,100,-2350092378221000023,0,54,54,387,1,3,1,8
8674,100,1337719105524701579,0,56,56,369,4,4,2,6
8675,100,8064567573300713655,0,51,51,360,2,3,1,7
8676,100,-6656332341215455088,0,76,76,376,3,3,2,9
8677,100,1703783797705605658,0,61,61,382,1,8,5,18
8678,100,-6276349406647365440,0,72,72,392,2,8,5,22
8679,100,75501477899204852,0,60,60,385,3,5,3,10
8680,100,2017875111465577155,0,78,78,386,8,2,2,2
8681,100,-677723315933590886,0,49,49,385,2,6,4,17
8682,100,6296267547764488136,0,53,53,373,2,10,6,29
8683,100,-7332871903915485303,0,78,78,391,2,3,1,8
8684,100,6917084431981931672,0,68,68,383,1,5,3,10
8685,100,3646970365076756122,0,48,48,371,3,3,2,7
8686,100,-4447805450279929368,0,62,62,375,4,6,5,6
8687,100,-5678394809273084043,0,50,50,362,2,2,1,5
8688,100,-4541588764820367890,0,69,69,371,3,3,1,8
8689,100,5117188044676364355,0,63,63,380,3,3,1,12
8690,100,-3168630591871235274,0,53,53,375,5,2,1,3
8691,100,7367689382215320231,0,60,60,376,2,5,2,11
8692,100,4507665881948463285,0,75,75,386,5,4,2,8
8693,100,1023805242998285294,0,63,63,376,2,4,2,8
8694,100,1186888260525043486,0,56,56,375,4,8,6,20
8695,100,1813560622776628356,0,65,65,394,1,7,2,13
8696,100,-2895892947010832524,0,44,44,375,4,11,8,29
8697,100,6948195453128983209,0,61,61,384,3,5,1,11
8698,100,-2717056573472387361,0,53,53,363,5,6,3,20
8699,100,-7544914960776080283,0,73,73,376,1,8,5,15
8700,100,1061227704277201859,0,63,63,391,4,3,2,7
8701,100,-1627963192305380167,0,76,76,374,2,3,1,7
8702,100,-9055349117913243633,0,72,72,371,2,6,4,15
8703,100,-6320722720772055018,0,66,66,410,2,3,1,10
8704,100,987738475077086418,0,54,54,371,4,4,3,14
8705,100,-6948635237208792046,0,67,67,379,1,6,2,19
8706,100,-8457316029977945325,0,58,58,374,1,7,5,21
8707,100,4270761246090577497,0,76,76,380,3,6,3,14
8708,100,6130927734749304289,0,46,46,376,3,8,4,22
8709,100,5150924497600530145,0,60,60,381,1,8,6,24
8710,100,2404002038125937064,0,79,79,389,3,3,2,6
8711,100,4202889912339763553,0,80,80,366,8,3,2,5
8712,100,-3104542257944580922,0,55,55,381,4,12,8,24
8713,100,3946035334981267971,0,51,51,371,1,3,1,8
8714,100,8791075084367885661,0,77,77,368,1,4,2,11
8715,100,1618122911331246424,0,49,49,362,2,4,2,10
8716,100,-2480033263166130070,0,70,70,373,5,3,3,5
8717,100,1846743422957689739,0,93,93,379,2,7,5,18
8718,100,6153298995294494230,0,67,67,355,7,2,1,5
8719,100,8252416108805846745,0,69,69,382,2,4,2,9
8720,100,6911833106816341836,0,46,46,396,1,6,3,18
8721,100,-2970248013231919808,0,68,68,377,4,5,4,11
8722,100,-4928646288732872565,0,70,70,388,1,8,4,15
8723,100,-1161926971844620938,0,74,74,371,4,2,1,5
8724,100,-8364286547961209348,0,67,67,379,7,3,2,5
8725,100,-3650434234479065316,0,58,58,388,3,4,2,15
8726,100,-6583552253074332474,0,63,63,379,3,3,2,8
8727,100,253630341949212211,0,49,49,381,1,5,2,11
8728,100,-342744226729572959,0,59,59,383,3,3,1,8
8729,100,-7999218837911498290,0,61,61,367,2,4,1,11
8730,100,1116371884053867689,0,27,27,367,3,6,3,18
8731,100,-1790703851801746935,0,85,85,379,3,7,4,15
8732,100,4254362246899100276,0,83,83,378,4,5,3,14
8733,100,-535466799680036551,0,60,60,377,1,4,2,11
8734,100,-3378858405000856986,0,87,87,368,1,6,3,14
8735,100,3269197653743848548,0,68,68,360,1,3,1,10
8736,100,-5268500575785297341,0,50,50,388,2,5,3,10
8737,100,-3764124730975901965,0,77,77,374,2,7,5,16
8738,100,3970884697413273349,0,72,72,391,2,3,2,7
8739,100,4387238620394059174,0,58,58,385,2,6,3,14
8740,100,-4845177218130906385,0,80,80,374,4,4,2,11
8741,100,-7159806609766271801,0,49,49,373,2,6,2,10
8742,100,8394039634832148705,0,63,63,365,1,2,1,6
8743,100,-391786657999094366,0,76,76,386,3,5,3,8
8744,100,-8040627097308720914,0,40,40,392,3,5,2,18
8745,100,7072630083162705715,0,73,73,384,4,4,2,8
8746,100,-5717693797308921301,0,66,66,381,5,2,1,5
8747,100,3932310376758881825,0,68,68,375,1,3,1,8
8748,100,5372691666452336073,0,66,66,368,6,3,2,8
8749,100,4101648015868137451,0,66,66,380,3,6,4,13
8750,100,8886656529027813222,0,78,78,354,2,4,1,15
8751,100,363909876237682016,0,51,51,367,2,5,2,14
8752,100,-8164608747212697953,0,42,42,379,1,6,3,12
8753,100,5175840863448520788,0,72,72,386,5,3,1,7
8754,100,6513969511120719337,0,50,50,370,2,4,2,5
8755,100,503704014597853328,0,70,70,371,8,2,2,4
8756,100,-539432823932329311,0,70,70,376,5,3,1,12
8757,100,2759575805981692938,0,69,69,374,2,3,1,6
8758,100,2352771873974678112,0,67,67,377,5,1,1,3
8759,100,-3726367665559218603,0,75,75,369,8,2,1,7
8760,100,-9205549232637234796,0,70,70,384,2,6,4,17
8761,100,5352901144044211034,0,77,77,387,4,4,2,10
8762,100,-4692457627084589236,0,73,73,400,4,7,6,17
8763,100,-2007271888128011960,0,57,57,377,1,5,2,13
8764,100,-336189453166658990,0,82,82,387,2,3,2,9
8765,100,-839332846574729784,0,82,82,370,2,6,3,12
8766,100,5403341435837959038,0,68,68,374,2,6,3,16
8767,100,-1924528532069909899,0,59,59,379,4,5,3,11
8768,100,5567876308655300937,0,61,61,367,1,4,1,8
8769,100,-4012698493821617013,0,65,65,381,7,1,1,4
8770,100,788513485451905184,0,77,77,378,2,8,4,23
8771,100,-5498065669077212195,0,45,45,371,4,2,1,8
8772,100,-3272101128814932230,0,72,72,366,4,5,3,11
8773,100,-4513070340851294964,0,33,33,387,1,6,2,16
8774,100,7763554937516800428,0,54,54,355,4,4,2,7
8775,100,-8233995786351058187,0,83,83,380,2,8,3,19
8776,100,1028454523131125371,0,73,73,370,5,8,6,13
8777,100,8699341013069994859,0,60,60,376,4,3,1,11
8778,100,-1244061187717254798,0,73,73,394,2,6,3,16
8779,100,-652228301515076826,0,46,46,391,1,7,3,16
8780,100,-6337827954740601866,0,70,70,378,1,6,4,17
8781,100,-4174667736486128390,0,56,56,384,1,7,4,16
8782,100,4755347486870384919,0,87,87,371,3,3,2,8
8783,100,7710158597530810443,0,41,41,400,3,3,1,5
8784,100,6368122174407873320,0,81,81,386,3,4,2,8
8785,100,-7394216033955495232,0,6,6,389,3,6,3,12
8786,100,-1545800258047402351,0,72,72,379,3,3,1,7
8787,100,-2357532834704824010,0,70,70,388,1,5,2,13
8788,100,8440884242631699938,0,67,67,374,6,5,3,11
8789,100,-8206963484158149641,0,86,86,378,4,3,1,5
8790,100,2426172670333913900,0,45,45,364,4,3,1,6
8791,100,9103816328353622571,0,67,67,391,1,4,1,5
8792,100,8087390019433357964,0,83,83,387,1,6,5,14
8793,100,2265363770229065869,0,72,72,362,2,3,2,8
8794,100,-3994481000880518649,0,68,68,390,1,7,5,12
8795,100,-5463297771411828894,0,65,65,362,4,3,1,6
8796,100,-4638635182908018019,0,54,54,375,1,3,1,8
8797,100,-7610897896355380313,0,62,62,362,1,3,1,5
8798,100,-6909747923718318440,0,52,52,383,6,5,3,13
8799,100,-7569017065026207863,0,61,61,398,6,3,2,7
8800,100,6097263945195354404,0,60,60,365,4,4,2,8
8801,100,-4476386979611472358,0,68,68,389,4,3,2,5
8802,100,4936221003110517540,0,51,51,378,1,7,3,17
8803,100,-884819517868995007,0,78,78,376,5,3,2,7
8804,100,-121083012810897086,0,49,49,388,3,7,5,20
8805,100,5334543037502492913,0,73,73,377,1,3,1,8
8806,100,-4106077908694292664,0,43,43,381,1,6,2,13
8807,100,-3807233391435438436,0,72,72,383,1,6,2,17
8808,100,-3343187618134483794,0,74,74,365,4,5,3,20
8809,100,-625033450433687574,0,65,65,374,1,4,1,7
8810,100,2459783368195974771,0,68,68,366,3,7,4,19
8811,100,-2983692418098461274,0,53,53,378,5,5,3,11
8812,100,-647202806753734096,0,80,80,367,5,2,1,5
8813,100,-7545238427354739720,0,59,59,376,5,4,2,9
8814,100,3373968002009261673,0,64,64,402,3,7,4,14
8815,100,-4501746032091839271,0,33,33,386,2,11,7,27
8816,100,969352716025953318,0,70,70,363,4,5,3,16
8817,100,4619220927186957762,0,63,63,374,2,7,5,21
8818,100,3726294218888846785,0,76,76,369,3,5,3,13
8819,100,2352379359744767142,0,66,66,394,1,3,1,8
8820,100,-6446051484540502270,0,80,80,387,4,5,2,8
8821,100,-7709230703825358813,0,68,68,378,2,7,4,13
8822,100,-6815829425665858968,0,63,63,377,1,5,2,14
8823,100,-3239549602036300045,0,65,65,355,4,4,3,12
8824,100,4617498118841663433,0,58,58,353,1,3,1,10
8825,100,6165531740560532136,0,91,91,358,1,4,2,11
8826,100,1244269705787965469,0,71,71,401,1,4,1,11
8827,100,7417198671069989272,0,73,73,391,5,4,2,6
8828,100,-8940356223069887851,0,68,68,372,1,5,2,12
8829,100,-1005263234681234411,0,35,35,379,3,2,1,7
8830,100,2756279754519830258,0,53,53,381,2,5,3,17
8831,100,5716095909865615585,0,73,73,388,1,10,6,24
8832,100,-8776358291466249963,0,50,50,378,2,4,3,6
8833,100,1706261817038259424,0,63,63,381,3,5,2,9
8834,100,-9092181733229577775,0,75,75,389,2,9,5,23
8835,100,3767865085713330703,0,69,69,368,7,6,5,12
8836,100,3440481929391227144,0,62,62,375,2,7,4,16
8837,100,2833838005528388020,0,61,61,380,1,6,4,15
8838,100,-7427845062018603787,0,63,63,367,8,1,1,2
8839,100,7768455581855509975,0,82,82,387,3,9,5,21
8840,100,79723829521715909,0,63,63,354,1,4,1,10
8841,100,5902352496024184304,0,65,65,376,3,2,1,4
8842,100,-2920825123941653395,0,65,65,389,3,5,2,15
8843,100,-5375249653141116191,0,51,51,387,1,6,3,16
8844,100,-2263829427575644233,0,75,75,383,1,6,4,25
8845,100,-6504511965106596314,0,86,86,376,6,2,2,6
8846,100,3098748479364403868,0,58,58,376,2,3,1,6
8847,100,-6416595172947976118,0,91,91,371,6,1,1,5
8848,100,-5472138305212423975,0,74,74,365,3,4,2,8
8849,100,-5740376591731950948,0,72,72,393,3,11,8,23
8850,100,-4658429564883069252,0,57,57,379,2,6,3,25
8851,100,-3067665003835142110,0,56,56,367,6,5,3,13
8852,100,2135886494816933182,0,35,35,387,2,4,2,15
8853,100,8699918521819046350,0,86,86,393,6,6,4,17
8854,100,8244650550754421590,0,70,70,372,3,6,4,14
8855,100,-6306160038862523921,0,76,76,375,7,4,2,7
8856,100,-3432106753364987765,0,59,59,392,4,6,4,19
8857,100,9081741513902895850,0,59,59,381,2,2,1,7
8858,100,5083969060406932683,0,61,61,379,3,6,3,14
8859,100,-858220599036580567,0,47,47,378,1,7,3,14
8860,100,-7458374134488360581,0,52,52,379,4,5,4,13
8861,100,1643073513764409426,0,27,27,372,3,4,3,6
8862,100,-1940011818744141873,0,75,75,383,2,5,2,11
8863,100,-1754590381532240964,0,60,60,347,5,3,2,9
8864,100,6995625578964056154,0,49,49,362,8,1,1,3
8865,100,414499619727395358,0,78,78,372,1,7,5,17
8866,100,1501593351707672552,0,74,74,377,2,3,2,9
8867,100,-7038259091678638967,0,74,74,362,8,1,1,1
8868,100,3961380908485203339,0,88,88,361,1,8,5,20
8869,100,6380768068324466839,0,84,84,370,3,4,3,8
8870,100,-2090326140892641805,0,66,66,379,2,3,2,8
8871,100,-6883613409315021340,0,62,62,382,2,9,6,15
8872,100,-8696229132312131581,0,54,54,384,2,8,4,25
8873,100,-5921345514924222787,0,64,64,377,2,5,1,7
8874,100,2184118759938991776,0,57,57,383,3,4,2,10
8875,100,-978549777346443241,0,65,65,388,5,2,1,5
8876,100,-7046537740017306677,0,68,68,357,4,4,2,12
8877,100,-3481161921879042877,0,46,46,378,1,7,5,15
8878,100,-5783897914013837071,0,63,63,397,1,8,5,16
8879,100,-2231952316068479010,0,69,69,378,6,5,3,10
8880,100,-5171689550749558655,0,67,67,368,2,4,2,12
8881,100,2908640108096690829,0,68,68,362,4,4,3,13
8882,100,5545573302449607871,0,66,66,372,5,2,2,6
8883,100,-7444998019346736918,0,69,69,387,7,3,1,8
8884,100,-3474103676990558249,0,67,67,380,3,4,3,6
8885,100,-669427446591978951,0,71,71,390,5,4,2,12
8886,100,-266504391943464651,0,60,60,368,4,2,1,7
8887,100,-5206384227093925794,0,63,63,375,1,11,6,28
8888,100,-5933888677199487981,0,72,72,366,1,8,4,28
8889,100,5816617295272399507,0,56,56,393,2,5,3,10
8890,100,-2082756926232902829,0,68,68,368,3,3,1,9
8891,100,8762381926570977109,0,81,81,366,1,5,3,12
8892,100,-6191619676637862258,0,48,48,397,6,2,1,2
8893,100,-983262825532661345,0,74,74,370,8,3,2,9
8894,100,-2134301356131109780,0,74,74,379,1,7,4,15
8895,100,-3766358908361003686,0,65,65,369,1,7,4,16
8896,100,-408234596247073227,0,73,73,365,4,4,3,10
8897,100,-8128386681671153901,0,67,67,385,3,5,2,12
8898,100,-7517846943908378456,0,65,65,369,2,2,1,4
8899,100,-7308579661218604306,0,51,51,369,2,5,3,12
8900,100,6677352231429826059,0,79,79,357,1,5,1,10
8901,100,-2461332445643759910,0,81,81,376,1,7,3,14
8902,100,8212990868372020611,0,49,49,366,5,4,3,7
8903,100,-1724704602856662011,0,62,62,384,6,2,1,9
8904,100,8276103898434470821,0,60,60,368,4,6,3,19
8905,100,-2591784713865700462,0,94,94,366,1,5,2,14
8906,100,-5945597640305809332,0,69,69,381,2,4,1,9
8907,100,-3885784562905437559,0,73,73,371,5,8,7,16
8908,100,2448983058818678188,0,85,85,386,5,3,2,4
8909,100,-2675957957910304497,0,76,76,395,6,3,2,6
8910,100,3636347489977375911,0,90,90,382,1,3,1,7
8911,100,4839851850112506070,0,78,78,368,4,4,2,13
8912,100,-2583664241828644257,0,72,72,361,3,5,3,20
8913,100,-4996009523526967594,0,70,70,376,1,6,5,16
8914,100,-8767496120543747317,0,79,79,363,2,5,3,15
8915,100,317683264220310588,0,49,49,371,1,6,3,17
8916,100,-3529931981196931570,0,35,35,383,2,4,2,8
8917,100,6798023354279297698,0,72,72,363,4,5,3,10
8918,100,4035067509483282245,0,82,82,374,2,6,2,13
8919,100,-8420339463193081983,0,77,77,371,2,8,5,22
8920,100,-8021251678867707488,0,49,49,392,1,5,2,14
8921,100,-4161417126350431517,0,64,64,381,3,8,6,12
8922,100,8280588099925165812,0,74,74,386,4,8,5,16
8923,100,-5048106142215903908,0,69,69,370,2,5,3,14
8924,100,731972397792254222,0,68,68,367,4,9,8,28
8925,100,8283447589173203258,0,61,61,376,8,5,4,17
8926,100,-5884152840337373174,0,63,63,378,4,8,5,20
8927,100,12264764410995451,0,73,73,372,7,2,2,6
8928,100,958921560626139622,0,78,78,388,3,4,3,10
8929,100,-6310641659332745985,0,75,75,358,3,7,4,14
8930,100,-4551400183927849135,0,78,78,368,1,4,1,10
8931,100,6907591871210691198,0,73,73,386,1,5,2,14
8932,100,4200051862907212233,0,75,75,371,4,4,3,9
8933,100,-1553878002632954437,0,61,61,401,6,3,1,8
8934,100,-427407415395320092,0,53,53,372,3,6,3,9
8935,100,2728666941507407225,0,88,88,390,2,4,2,13
8936,100,-7589025444107465492,0,62,62,392,3,4,2,8
8937,100,-7827288800732942930,0,53,53,379,4,3,2,9
8938,100,5137089072545359025,0,57,57,389,2,6,3,12
8939,100,-833085371501453450,0,67,67,387,2,7,4,14
8940,100,9141956441496169627,0,50,50,367,1,11,6,29
8941,100,-5287950213485890486,0,59,59,394,2,9,4,23
8942,100,-3374835022299430658,0,83,83,387,1,10,8,26
8943,100,-3118821705869467535,0,55,55,394,4,3,2,6
8944,100,7522072822439583154,0,55,55,367,2,4,3,8
8945,100,-7483050442102566730,0,76,76,371,3,5,2,10
8946,100,-880760688666964767,0,71,71,380,1,7,3,16
8947,100,6904864506697082714,0,64,64,364,4,2,1,6
8948,100,4775960816767250210,0,89,89,365,3,3,2,5
8949,100,-2071193082530278324,0,97,97,375,4,3,2,6
8950,100,-1440275783764201273,0,58,58,371,1,5,2,9
8951,100,-5442022537983050601,0,70,70,364,2,5,1,10
8952,100,2211276854098198642,0,98,98,370,5,2,1,5
8953,100,8231803548707251483,0,84,84,399,2,6,3,18
8954,100,1703523239004347118,0,67,67,359,2,3,1,5
8955,100,-2712937206291442561,0,75,75,380,3,2,1,5
8956,100,3979822454067773499,0,69,69,368,1,5,2,17
8957,100,-1611298016049373083,0,53,53,361,3,2,1,5
8958,100,3442236211826877930,0,52,52,371,2,10,7,26
8959,100,7538302554102946271,0,72,72,370,5,5,4,11
8960,100,5467678357628615339,0,71,71,376,4,2,1,6
8961,100,-6816154207494664926,0,36,36,373,4,5,3,11
8962,100,8613233556199591716,0,56,56,373,4,3,2,9
8963,100,-4514589292190693255,0,84,84,388,3,3,2,7
8964,100,-3288805829118806013,0,64,64,382,1,14,10,33
8965,100,6262571969587994236,0,67,67,392,4,6,4,17
8966,100,8297229545595682134,0,51,51,375,1,3,1,6
8967,100,-593320897664395391,0,61,61,374,2,3,1,10
8968,100,7662835932739660569,0,49,49,373,2,4,2,10
8969,100,-1526086749994957231,0,70,70,386,2,6,2,9
8970,100,6754769668298250000,0,45,45,383,3,5,2,18
8971,100,-8972699177956051938,0,72,72,360,1,7,5,13
8972,100,-8003047157097353257,0,78,78,379,3,4,2,14
8973,100,-128967694268770380,0,58,58,383,6,3,2,13
8974,100,4507667492180781367,0,71,71,370,8,2,2,4
8975,100,3977200917577337839,0,78,78,387,1,5,3,14
8976,100,-7191612036916815430,0,70,70,387,6,2,1,6
8977,100,-7319409978194445972,0,42,42,380,1,7,4,17
8978,100,3489645466797268352,0,55,55,373,4,7,4,18
8979,100,-8244064178335455357,0,72,72,378,4,3,2,6
8980,100,-7080901235572747693,0,66,66,397,2,4,1,12
8981,100,3426334925923281012,0,82,82,381,1,9,6,22
8982,100,2930696316966109433,0,65,65,361,1,3,1,8
8983,100,4848012597383484639,0,82,82,387,2,8,7,17
8984,100,-1614171698714327094,0,85,85,371,1,10,7,26
8985,100,2130605591137700473,0,82,82,376,1,4,2,5
8986,100,5530357588176034433,0,87,87,396,1,6,3,17
8987,100,6995186994603647485,0,57,57,372,1,3,1,8
8988,100,-6555760888234005674,0,63,63,360,3,4,1,11
8989,100,-6019160078642835361,0,45,45,381,1,7,4,13
8990,100,-5738235985296830133,0,66,66,369,3,2,1,3
8991,100,5621311758978606919,0,56,56,366,1,7,4,18
8992,100,-1246603970722922554,0,73,73,385,4,8,5,22
8993,100,-3463164010125924163,0,63,63,380,4,5,4,12
8994,100,2872403971538314079,0,45,45,383,2,4,2,7
8995,100,4378528000894263840,0,55,55,385,1,4,2,7
8996,100,-1678365416412448773,0,57,57,369,7,4,3,12
8997,100,6012579216402350684,0,54,54,381,8,3,2,9
8998,100,-5401037278672376807,0,74,74,388,4,5,3,14
8999,100,5512856249945497435,0,55,55,365,1,5,2,16
9000,100,3042527060757865835,0,58,58,377,3,3,2,7
9001,100,1420693735277616827,0,68,68,380,3,3,2,7
9002,100,-660315565131646296,0,73,73,387,2,5,2,16
9003,100,93729937298175426,0,76,76,375,4,5,3,12
9004,100,-1900501944597907808,0,78,78,368,2,8,5,24
9005,100,-4966662819602369394,0,72,72,363,2,5,1,10
9006,100,-1270259358104078192,0,74,74,369,2,5,3,9
9007,100,5515017067043410064,0,60,60,370,1,4,2,10
9008,100,6751494023637288375,0,74,74,369,4,3,2,12
9009,100,1010174620202148411,0,63,63,374,8,2,1,9
9010,100,6804992592056868905,0,69,69,367,1,7,5,15
9011,100,4184831826436966903,0,51,51,363,4,3,2,7
9012,100,1941616768290141922,0,62,62,359,4,4,3,11
9013,100,3893795370201772124,0,55,55,371,2,6,3,16
9014,100,315208726790390557,0,66,66,366,1,5,1,17
9015,100,8868407267255686556,0,84,84,374,1,4,2,8
9016,100,-5742130466554829082,0,68,68,386,3,3,1,3
9017,100,-6873489448839175105,0,40,40,376,1,6,3,12
9018,100,-1454029407426846482,0,64,64,373,5,4,3,7
9019,100,8333188771068148502,0,77,77,390,1,6,3,12
9020,100,-4269617418283030114,0,79,79,369,1,5,2,12
9021,100,-519646370499845527,0,62,62,368,5,2,1,6
9022,100,2951280458337586542,0,42,42,383,1,2,1,5
9023,100,2655547158183321714,0,89,89,380,3,6,4,22
9024,100,-8831051196246550410,0,74,74,374,2,2,1,5
9025,100,8781741694591017231,0,60,60,377,4,5,4,11
9026,100,6276025158479390532,0,66,66,373,8,3,3,10
9027,100,5236900930787042482,0,20,20,376,1,8,5,12
9028,100,-7298093937923411728,0,65,65,368,5,2,1,4
9029,100,6488522888515562139,0,63,63,376,3,6,4,17
9030,100,6037801161635995246,0,45,45,388,4,4,2,11
9031,100,4175432417180093001,0,84,84,382,2,3,1,7
9032,100,4020257058967585571,0,62,62,378,4,2,1,3
9033,100,6054927274750406701,0,80,80,395,2,6,3,14
9034,100,-3400933120424719686,0,73,73,377,1,3,2,10
9035,100,-3573875408964701792,0,72,72,374,1,6,3,12
9036,100,-2017561155126267849,0,61,61,375,1,5,2,15
9037,100,7424594417930431511,0,71,71,369,3,5,3,17
9038,100,-9108002369237249461,0,83,83,396,1,6,3,11
9039,100,2115140797667124117,0,66,66,375,1,3,1,10
9040,100,3038602513181309162,0,76,76,371,4,4,3,8
9041,100,-4851741625747254176,0,83,83,389,3,6,3,15
9042,100,-2647895583920627686,0,80,80,377,3,6,4,9
9043,100,5303684693192764407,0,58,58,380,2,5,2,12
9044,100,8154919718327589902,0,79,79,377,4,6,4,13
9045,100,4936179948561915202,0,62,62,375,3,2,1,3
9046,100,-7505503043870037389,0,72,72,358,3,7,3,11
9047,100,-3918819373703478261,0,78,78,364,2,6,4,11
9048,100,-2382642834162350840,0,48,48,367,3,6,5,18
9049,100,-180485094727365715,0,65,65,386,4,3,1,5
9050,100,8127463179265067380,0,75,75,387,1,4,1,12
9051,100,6131629797543070986,0,65,65,371,2,2,1,6
9052,100,5575449528648960595,0,29,29,384,5,7,4,12
9053,100,1547860555242592194,0,71,71,367,7,4,2,7
9054,100,-3620287882089570927,0,68,68,341,1,4,3,11
9055,100,-7823167163656037728,0,70,70,378,3,4,2,7
9056,100,508916704046218235,0,91,91,383,3,7,5,15
9057,100,-45426648595308712,0,74,74,382,1,3,1,6
9058,100,8641335485009200659,0,62,62,377,3,4,1,11
9059,100,-2109294212108710545,0,88,88,377,2,8,6,18
9060,100,4004906051694019107,0,78,78,385,2,8,5,16
9061,100,6978005481608341626,0,55,55,378,2,2,1,4
9062,100,-4910111694160844908,0,77,77,367,5,4,1,8
9063,100,1390865013536947594,0,75,75,370,2,5,2,9
9064,100,-5054373921734800513,0,54,54,390,4,5,2,13
9065,100,4655357513116578790,0,69,69,387,4,5,2,10
9066,100,-4154570615181344124,0,67,67,377,5,4,2,10
9067,100,-4617191273935031046,0,16,16,385,5,5,3,13
9068,100,3818411536581250010,0,57,57,375,1,3,1,9
9069,100,3357067639778418576,0,68,68,368,6,2,1,5
9070,100,8268211691657124263,0,61,61,369,2,3,1,14
9071,100,-59038225247651267,0,70,70,367,6,5,3,11
9072,100,5065399203718515346,0,91,91,380,6,3,1,4
9073,100,4001941231223707933,0,57,57,373,4,5,3,12
9074,100,3736913673974605973,0,56,56,370,2,3,2,5
9075,100,-8740675636095554878,0,78,78,384,5,5,2,8
9076,100,-3631787587299901161,0,82,82,373,2,6,3,17
9077,100,6193533027096420457,0,52,52,373,1,5,3,11
9078,100,4205277113500248633,0,60,60,388,4,2,1,5
9079,100,-205657726854339218,0,50,50,385,3,6,3,12
9080,100,5695065871128103280,0,80,80,391,7,5,4,11
9081,100,-5018944303274993151,0,56,56,378,2,7,4,15
9082,100,9093310147173183315,0,73,73,386,3,9,6,18
9083,100,2610180228481828122,0,58,58,377,1,4,1,5
9084,100,-4333479747531809611,0,69,69,361,5,2,1,5
9085,100,-5389493916365868631,0,48,48,374,4,3,1,10
9086,100,-2693709745528814346,0,67,67,384,2,7,5,19
9087,100,-5181903703261598958,0,72,72,381,8,3,2,5
9088,100,2451975246943625622,0,69,69,379,4,4,2,10
9089,100,4983778796182539480,0,67,67,373,7,4,3,13
9090,100,-94447973489202422,0,74,74,389,2,5,3,14
9091,100,6765472722208659863,0,68,68,391,2,5,2,11
9092,100,6379572733842442962,0,51,51,370,1,4,2,12
9093,100,5496432972974755127,0,43,43,382,5,3,1,8
9094,100,-8184488309123933493,0,65,65,386,2,4,1,6
9095,100,-4654685822634254754,0,66,66,367,3,2,1,4
9096,100,8993517037712049601,0,72,72,366,1,3,2,5
9097,100,3993382045838025510,0,65,65,381,5,4,2,11
9098,100,8278767104383802696,0,67,67,385,4,3,2,9
9099,100,-151668425298326256,0,49,49,379,2,3,1,8
9100,100,7756555943577155787,0,78,78,388,3,4,2,9
9101,100,8295620142644146231,0,61,61,373,8,2,1,3
9102,100,148458227417297381,0,70,70,355,1,3,1,8
9103,100,-380109792227915320,0,73,73,389,3,4,1,9
9104,100,3344044607053713903,0,59,59,380,2,7,4,22
9105,100,7024366012417833393,0,61,61,381,1,4,1,11
9106,100,6415750982892668121,0,83,83,385,1,4,2,9
9107,100,-8045743735492140136,0,63,63,378,2,4,2,7
9108,100,835227376038094141,0,63,63,374,4,5,3,14
9109,100,-6567369336979035378,0,83,83,367,2,7,5,20
9110,100,-140818367732451919,0,65,65,382,6,3,2,11
9111,100,-4997761714682839292,0,40,40,386,2,4,2,7
9112,100,5180602827744353116,0,50,50,382,2,4,2,8
9113,100,8902614772298098813,0,53,53,378,2,4,2,13
9114,100,-6815104768716280373,0,59,59,377,2,5,3,9
9115,100,-2748482066499104635,0,74,74,382,1,6,3,21
9116,100,4857068213942710277,0,59,59,391,1,7,4,13
9117,100,-7446691856995880607,0,69,69,369,5,4,3,13
9118,100,-6970464019275217188,0,44,44,389,1,6,3,7
9119,100,-5803875822521391353,0,53,53,352,1,4,1,5
9120,100,-3704564370444894075,0,44,44,380,6,3,2,7
9121,100,6830840142035014352,0,66,66,384,5,5,4,19
9122,100,-5356533044053212821,0,57,57,368,2,7,4,21
9123,100,8121930123028301419,0,69,69,377,9,2,2,6
9124,100,4116944029349390911,0,84,84,368,1,6,3,18
9125,100,-6815463121817916908,0,72,72,389,2,4,2,13
9126,100,4437637581891832659,0,70,70,360,4,4,2,9
9127,100,5688040334335922694,0,78,78,383,2,3,1,9
9128,100,1360744530169706792,0,55,55,378,1,9,5,18
9129,100,1860291207683536686,0,79,79,374,2,4,3,8
9130,100,1646727497815889477,0,55,55,385,2,7,4,16
9131,100,2413209901518472992,0,65,65,367,1,5,2,12
9132,100,-1342108442093115830,0,83,83,378,3,5,2,13
9133,100,-8272305970427068594,0,85,85,365,1,7,3,19
9134,100,7048360011872009796,0,63,63,368,6,5,4,11
9135,100,8222931817453242230,0,75,75,380,3,4,2,13
9136,100,5096813056553510465,0,76,76,387,4,4,2,13
9137,100,4128599005342351196,0,72,72,376,2,3,2,6
9138,100,1412272400113893415,0,75,75,388,1,5,3,14
9139,100,592348717964571577,0,63,63,378,3,3,1,9
9140,100,3238686111842699201,0,69,69,376,1,7,2,14
9141,100,9037322023904882291,0,68,68,378,3,4,2,10
9142,100,7788065776172400666,0,81,81,376,3,7,5,16
9143,100,3751768123058050573,0,78,78,393,5,4,2,10
9144,100,-4701147798683033074,0,60,60,382,3,5,3,15
9145,100,-2451663898175451040,0,71,71,392,1,4,1,12
9146,100,6266243978812956701,0,72,72,377,4,4,2,12
9147,100,-8713086329572778869,0,68,68,376,4,3,1,8
9148,100,-8812517425581419646,0,60,60,393,5,3,2,7
9149,100,8128699750856136743,0,74,74,376,3,5,3,14
9150,100,-3778115964004620669,0,72,72,378,1,5,2,12
9151,100,6537212498866774975,0,73,73,388,3,4,2,9
9152,100,1514494584661069834,0,77,77,382,2,7,3,25
9153,100,8709997383381621374,0,48,48,378,4,8,7,20
9154,100,5856497680875074677,0,52,52,374,2,7,5,16
9155,100,-8965256410081095382,0,83,83,377,5,3,1,7
9156,100,5727438123244617641,0,60,60,370,1,5,3,13
9157,100,8657814552655433809,0,58,58,375,7,5,4,14
9158,100,-1680892091427369875,0,47,47,379,5,3,1,9
9159,100,-3263976649672016447,0,86,86,368,6,4,3,8
9160,100,3775550840194739444,0,75,75,377,1,4,1,10
9161,100,5099680933697923388,0,78,78,385,1,6,2,12
9162,100,-4909581500258572101,0,81,81,379,5,3,2,5
9163,100,-7834643781642768276,0,78,78,372,2,5,4,15
9164,100,1889123886563181461,0,87,87,369,5,5,3,10
9165,100,-3547351707002655212,0,89,89,364,5,5,4,12
9166,100,2488625070712873475,0,56,56,374,5,5,2,10
9167,100,515716691428206728,0,54,54,382,1,6,4,14
9168,100,-3772302512895418679,0,45,45,365,1,8,5,12
9169,100,-2020523763104943266,0,64,64,400,2,5,2,9
9170,100,-5140903337147931203,0,70,70,378,1,6,4,14
9171,100,69926771142916198,0,35,35,374,1,5,2,10
9172,100,1307142994823931874,0,53,53,373,1,7,4,15
9173,100,5749627855989021654,0,72,72,380,2,8,4,17
9174,100,-9153416863284675404,0,71,71,380,3,6,4,14
9175,100,2206102720428142537,0,81,81,368,6,5,4,12
9176,100,-2948638432384203579,0,49,49,386,2,2,1,4
9177,100,-7979509798616749334,0,57,57,382,1,6,3,16
9178,100,5668002002267382152,0,59,59,377,2,7,5,12
9179,100,-3206497589009246612,0,59,59,382,2,4,2,6
9180,100,3111926020984460908,0,71,71,385,1,9,5,21
9181,100,84269337355282237,0,57,57,363,2,5,3,11
9182,100,-304471887335823572,0,73,73,381,3,5,3,11
9183,100,7340550293331506810,0,50,50,376,2,5,2,12
9184,100,3592938085974771557,0,69,69,383,2,5,3,13
9185,100,239193611620519204,0,39,39,370,1,4,2,7
9186,100,4926678969205862248,0,70,70,352,2,3,1,9
9187,100,4536196840922396436,0,88,88,386,1,6,3,11
9188,100,2629820039103294033,0,56,56,379,3,6,3,21
9189,100,-5946529302336548564,0,83,83,399,2,3,1,10
9190,100,8678731736948633944,0,70,70,385,2,7,4,18
9191,100,8204452536105846479,0,80,80,369,3,6,4,19
9192,100,6917626854316501094,0,82,82,373,4,5,3,14
9193,100,-3088680508441939310,0,64,64,370,4,2,1,7
9194,100,-7418793984759836693,0,13,13,379,1,16,12,34
9195,100,2986681217798690355,0,62,62,387,3,9,6,19
9196,100,-5399071786334650386,0,71,71,361,1,3,1,10
9197,100,-4218378141115802167,0,93,93,389,2,7,4,20
9198,100,-2359312356133617563,0,58,58,374,4,4,2,12
9199,100,-4498321501434371523,0,51,51,385,1,5,2,14
9200,100,139420534401356486,0,53,53,395,1,2,1,5
9201,100,-656120160238870792,0,74,74,384,1,6,3,21
9202,100,2151128464738648285,0,74,74,380,4,6,5,14
9203,100,-6021447971684708643,0,72,72,371,2,4,2,11
9204,100,8256538965211235552,0,43,43,363,2,8,5,17
9205,100,170430177127359609,0,53,53,376,4,3,2,9
9206,100,-1672391722838204736,0,66,66,377,4,4,3,11
9207,100,-1659214775092801159,0,73,73,371,1,8,5,21
9208,100,-6717561922670695743,0,66,66,379,7,6,5,7
9209,100,-5617792438759599780,0,68,68,377,1,7,4,20
9210,100,-1155739728251105972,0,72,72,375,1,4,1,10
9211,100,-4936991689729381527,0,70,70,360,3,8,5,20
9212,100,4848741236425656323,0,52,52,381,3,7,4,22
9213,100,-9077116158103134238,0,55,55,388,1,5,2,11
9214,100,-8879815550993183722,0,63,63,376,5,4,2,15
9215,100,-8219502134678702984,0,51,51,359,3,5,3,11
9216,100,-3300748597201642028,0,64,64,399,1,8,5,13
9217,100,1989682532252554242,0,80,80,366,1,3,1,7
9218,100,-3137194471872848508,0,51,51,377,1,6,2,14
9219,100,6457373790788990313,0,60,60,383,4,5,3,9
9220,100,7792086428249180534,0,61,61,378,1,3,1,12
9221,100,6177182299171536359,0,77,77,372,1,3,1,8
9222,100,-335354266940682924,0,75,75,378,2,3,1,5
9223,100,-4599002559402110352,0,90,90,385,3,2,1,5
9224,100,-4976228376557866307,0,67,67,373,3,2,1,6
9225,100,1000420563323112559,0,56,56,363,1,9,4,21
9226,100,-5243826253263829229,0,64,64,377,3,3,2,10
9227,100,440685494028223925,0,73,73,368,8,5,5,14
9228,100,-8361383838510298476,0,56,56,360,3,8,5,13
9229,100,-4843244447227744338,0,53,53,382,3,5,3,11
9230,100,3010082551920835751,0,70,70,378,1,5,2,16
9231,100,8449711305619728853,0,55,55,386,6,5,4,12
9232,100,-6411820871517070984,0,39,39,355,1,4,1,14
9233,100,159212260827204457,0,79,79,376,8,4,4,12
9234,100,-3629664486500426554,0,52,52,409,4,7,5,13
9235,100,5326000356737471584,0,70,70,371,4,2,1,2
9236,100,1503208918357270011,0,48,48,379,6,3,2,13
9237,100,-8935824926044751460,0,79,79,386,2,6,4,18
9238,100,8894696125806107004,0,72,72,375,6,2,1,8
9239,100,3571053395850297436,0,81,81,375,7,1,1,3
9240,100,2484139152016915266,0,55,55,394,1,5,2,6
9241,100,7219106604963568885,0,70,70,388,8,1,1,3
9242,100,2173625749795159721,0,73,73,367,2,7,3,17
9243,100,-8184123819845695296,0,68,68,380,1,9,7,18
9244,100,1490448546557278088,0,70,70,372,4,3,2,8
9245,100,4807057014771303254,0,87,87,392,2,5,4,8
9246,100,-9200714480463570815,0,43,43,373,7,5,3,16
9247,100,2827062803020935930,0,64,64,371,8,1,1,3
9248,100,-5919072951764219239,0,77,77,371,4,5,4,14
9249,100,3966857546364213334,0,51,51,384,5,3,2,6
9250,100,7924540233983617546,0,49,49,377,1,6,4,17
9251,100,-6417812181218850454,0,62,62,405,5,3,2,11
9252,100,6750316027091041367,0,86,86,393,4,6,3,15
9253,100,7986435886581540801,0,57,57,373,2,5,3,14
9254,100,4740521747468186529,0,14,14,379,6,3,2,5
9255,100,6073158037695694309,0,78,78,379,2,6,4,15
9256,100,3551981971227611961,0,55,55,368,6,3,2,5
9257,100,2764649782779277332,0,79,79,378,5,3,2,10
9258,100,-3081475054794307210,0,57,57,365,1,5,2,11
9259,100,-5367333772153107405,0,58,58,382,1,11,6,29
9260,100,6937279617595331271,0,68,68,363,6,3,2,13
9261,100,-9191852465710627582,0,53,53,377,7,6,4,18
9262,100,-5268494443715413493,0,68,68,393,1,5,2,13
9263,100,7533512340366292112,0,54,54,367,5,3,1,8
9264,100,-6829228302857385441,0,76,76,368,1,5,3,12
9265,100,6553788753174905329,0,49,49,390,5,6,5,9
9266,100,8896164210694538424,0,65,65,370,6,4,2,11
9267,100,6081949316890846767,0,33,33,378,8,6,5,10
9268,100,5115783724298973811,0,67,67,380,1,3,1,5
9269,100,-7044274120788276099,0,71,71,370,4,4,2,9
9270,100,-512843731043983318,0,59,59,374,4,3,1,7
9271,100,8990847927955046834,0,67,67,372,3,3,2,6
9272,100,-8807747463823467127,0,69,69,382,1,4,2,8
9273,100,-5974368665456007435,0,71,71,385,1,10,7,27
9274,100,4371978002771431648,0,85,85,386,5,7,4,14
9275,100,3240112640215129012,0,68,68,383,4,9,6,19
9276,100,2704732902197736506,0,57,57,381,2,7,4,23
9277,100,-8371740249480064295,0,80,80,375,4,8,4,19
9278,100,1824139311875542957,0,77,77,364,2,4,2,8
9279,100,-2042634542147762369,0,85,85,376,2,3,1,7
9280,100,6176970578012898547,0,65,65,363,1,5,3,9
9281,100,936487224454431586,0,70,70,392,2,6,3,16
9282,100,4071232056753635385,0,75,75,356,7,2,1,5
9283,100,7285888466997375062,0,60,60,375,2,6,2,14
9284,100,5472926515392848439,0,63,63,371,6,7,6,19
9285,100,-3273055896615215110,0,60,60,388,1,4,2,8
9286,100,-5017700682069657728,0,50,50,383,1,4,2,10
9287,100,-7067580563111950739,0,52,52,380,4,5,2,12
9288,100,-3010212572195925734,0,58,58,373,5,3,2,7
9289,100,4220025752417949375,0,71,71,379,3,4,3,9
9290,100,-8350329767574285743,0,67,67,369,1,11,8,19
9291,100,-8339086785087244565,0,66,66,366,3,8,4,22
9292,100,1081876723705579463,0,72,72,393,3,8,5,15
9293,100,6809471024534126341,0,87,87,381,3,6,3,14
9294,100,-3843975750177793072,0,58,58,386,4,3,2,6
9295,100,4209819315976452015,0,53,53,380,2,5,4,14
9296,100,-1150541110643459076,0,56,56,378,1,5,1,16
9297,100,2691939554082589649,0,61,61,372,2,4,2,9
9298,100,-5180031607266786316,0,71,71,364,3,7,5,15
9299,100,-1090695806687731320,0,43,43,367,2,5,2,14
9300,100,-7588662543290203767,0,75,75,366,1,4,1,11
9301,100,551926133854277214,0,32,32,378,5,3,2,11
9302,100,390069189708965386,0,28,28,370,3,12,9,27
9303,100,3116994997483608764,0,68,68,379,4,6,5,17
9304,100,-6091852841856583467,0,81,81,368,2,7,3,16
9305,100,-8222972329404249956,0,66,66,380,1,12,7,26
9306,100,8303888139486601008,0,57,57,364,3,4,2,13
9307,100,-8698418933037821566,0,50,50,394,1,7,4,19
9308,100,-8952883059227095719,0,77,77,374,1,4,1,11
9309,100,-4504410708358033492,0,50,50,383,2,4,1,6
9310,100,1733262869332473051,0,68,68,398,3,5,4,7
9311,100,-2820048523895273848,0,87,87,385,1,4,1,12
9312,100,4895348365153928226,0,68,68,374,4,7,5,14
9313,100,-4530851339066638747,0,64,64,375,2,3,2,11
9314,100,-1510139207337440431,0,62,62,380,5,5,4,13
9315,100,-3788698371349747859,0,55,55,385,6,2,1,6
9316,100,9049641051962268243,0,82,82,372,5,2,2,4
9317,100,7553539837183915986,0,64,64,391,1,2,1,5
9318,100,-8205722875984466896,0,67,67,372,3,4,2,8
9319,100,-275025921002817208,0,77,77,361,3,3,1,10
9320,100,-8918055923195055199,0,61,61,355,2,4,1,13
9321,100,-8695213207028368974,0,66,66,383,3,5,3,16
9322,100,-5520254582351029019,0,66,66,383,3,6,4,14
9323,100,5019823091662295839,0,73,73,368,4,5,3,14
9324,100,-500299547012687659,0,51,51,387,2,5,3,16
9325,100,7618069554171592439,0,88,88,392,1,5,3,11
9326,100,-1970721769408625354,0,58,58,382,1,3,1,9
9327,100,634381176625260657,0,60,60,385,2,6,3,16
9328,100,-2571257546557323698,0,45,45,382,4,6,3,20
9329,100,-6982225614043631032,0,74,74,385,2,3,1,11
9330,100,-1880970729254574663,0,76,76,368,4,3,1,8
9331,100,-7173254388742347859,0,71,71,383,2,4,1,9
9332,100,-3922594487712331140,0,33,33,380,2,6,4,14
9333,100,-5331663292496072578,0,75,75,367,3,10,8,23
9334,100,7342035970912755290,0,66,66,379,3,4,2,7
9335,100,-5754925180604084040,0,49,49,384,2,4,2,8
9336,100,-2175362917669211034,0,54,54,388,3,10,8,12
9337,100,6752076833052171050,0,64,64,370,2,4,2,10
9338,100,3618747483062109401,0,14,14,383,3,6,4,15
9339,100,6580167360511547243,0,47,47,359,8,2,1,5
9340,100,5565784415189439013,0,77,77,369,1,4,2,12
9341,100,-4205268789070054642,0,57,57,376,1,6,3,14
9342,100,-5876366011791848631,0,56,56,370,3,7,5,12
9343,100,-4136882608156719597,0,65,65,375,1,7,5,16
9344,100,3182585802056597351,0,69,69,371,5,5,3,15
9345,100,5596346839532335776,0,67,67,374,4,4,3,9
9346,100,-2286028907218372973,0,85,85,393,3,6,5,7
9347,100,-2848595021156766736,0,72,72,376,4,3,1,10
9348,100,4992140872789951469,0,79,79,366,2,4,2,11
9349,100,-7364452198290571126,0,64,64,387,4,4,3,10
9350,100,-230550232913500943,0,53,53,369,3,3,2,10
9351,100,1425992568114512822,0,52,52,379,2,6,4,9
9352,100,-4797626237891919347,0,66,66,360,1,6,3,15
9353,100,-1971335987720744404,0,66,66,390,3,6,4,14
9354,100,382839150611031155,0,61,61,379,7,5,4,13
9355,100,-2172276658270654962,0,70,70,373,4,2,1,6
9356,100,-6096395596078910160,0,81,81,371,1,5,1,12
9357,100,-305821057644042727,0,71,71,379,4,3,2,10
9358,100,-6038170211122194051,0,77,77,373,9,3,3,10
9359,100,-2970152886205187050,0,51,51,369,5,3,2,7
9360,100,7537318303614926933,0,88,88,379,1,6,2,17
9361,100,-6229599227186528619,0,78,78,365,1,3,1,6
9362,100,7847612093940413767,0,53,53,382,4,7,4,13
9363,100,1929707259461159389,0,68,68,374,1,4,1,13
9364,100,1544759804999945357,0,65,65,377,4,7,6,25
9365,100,8107891138045240350,0,81,81,369,4,4,2,6
9366,100,8935078382575254620,0,64,64,380,4,3,2,7
9367,100,523488046500145384,0,64,64,377,3,10,7,31
9368,100,-1815771855642462339,0,92,92,393,6,5,3,13
9369,100,7201235139975903200,0,68,68,364,2,8,4,23
9370,100,-661185516569354981,0,54,54,364,5,5,3,8
9371,100,3676238442641480368,0,76,76,386,4,3,1,11
9372,100,8657160865068798431,0,60,60,377,3,10,7,21
9373,100,-7333719658534218177,0,59,59,375,4,6,3,20
9374,100,-8913347317284448711,0,78,78,355,1,6,3,17
9375,100,-7144613249706304734,0,77,77,381,1,6,3,12
9376,100,-8368901059018052096,0,50,50,381,6,5,4,11
9377,100,3291343736261658961,0,72,72,371,1,2,1,4
9378,100,7694524783796251966,0,83,83,366,4,4,2,8
9379,100,6948940146016369437,0,61,61,367,2,7,4,13
9380,100,6486636116933705284,0,76,76,377,1,4,3,12
9381,100,21747364934781793,0,48,48,394,2,4,2,9
9382,100,-498237260632509181,0,67,67,367,5,5,3,12
9383,100,7299997542086347511,0,53,53,377,4,4,2,8
9384,100,-3768722594336423010,0,68,68,390,2,7,4,17
9385,100,9213143747446544750,0,62,62,373,1,6,4,14
9386,100,224138729267815482,0,62,62,389,7,1,1,4
9387,100,-4312921066288507655,0,69,69,377,1,5,2,16
9388,100,-4079132861075633128,0,82,82,381,1,5,2,13
9389,100,8604626796367271337,0,64,64,378,6,4,3,8
9390,100,2064456492777126886,0,77,77,368,5,6,4,12
9391,100,3665341541948958686,0,71,71,387,3,5,3,14
9392,100,94507150201045329,0,59,59,363,1,8,4,18
9393,100,-7782659809807074821,0,71,71,374,1,2,1,3
9394,100,3407149651167116766,0,89,89,369,7,2,2,6
9395,100,-6617192635977780904,0,59,59,372,6,6,4,17
9396,100,-7454177383249475846,0,59,59,373,2,7,4,11
9397,100,-6762947832962491780,0,66,66,398,2,8,5,14
9398,100,179480996670059343,0,65,65,378,2,6,2,16
9399,100,7745720105109727371,0,80,80,380,1,8,4,17
9400,100,2908818315828914520,0,76,76,373,5,1,1,1
9401,100,-5586563827752077315,0,68,68,384,5,4,2,9
9402,100,5718715389552608055,0,59,59,375,1,7,4,19
9403,100,-6729819933239162736,0,73,73,375,1,5,1,14
9404,100,-2659146833077691450,0,65,65,381,1,4,3,12
9405,100,4862027340390261375,0,64,64,383,1,8,4,14
9406,100,255788652220373227,0,71,71,380,6,2,1,5
9407,100,4770928069645638388,0,66,66,373,5,1,1,2
9408,100,8825420700076902191,0,58,58,388,6,5,4,8
9409,100,5135625992891231162,0,88,88,364,1,6,4,16
9410,100,7588951026496608913,0,47,47,390,4,4,2,8
9411,100,6581663561289060918,0,60,60,384,3,5,3,12
9412,100,8024402268996298904,0,74,74,378,1,9,5,25
9413,100,6628883923196717463,0,67,67,374,2,5,3,21
9414,100,350285680887213991,0,52,52,394,6,6,4,15
9415,100,2552226881934881868,0,70,70,394,6,3,1,9
9416,100,2384166591721160596,0,65,65,364,2,7,5,18
9417,100,-3029375423165904714,0,72,72,368,6,1,1,4
9418,100,1818761982868821882,0,73,73,382,4,3,2,9
9419,100,1242200223467132191,0,63,63,378,2,4,1,7
9420,100,3100022208287804622,0,68,68,365,2,5,2,18
9421,100,5397985801030741737,0,61,61,387,2,3,1,7
9422,100,-1038590528025243728,0,64,64,376,3,4,2,7
9423,100,2107492919825129738,0,78,78,377,4,3,2,13
9424,100,7855811791967903875,0,87,87,375,1,4,2,8
9425,100,2733350658949705143,0,52,52,377,1,3,1,10
9426,100,4428111710371203775,0,77,77,369,6,3,2,5
9427,100,6044662888129312607,0,86,86,373,3,7,4,20
9428,100,1284766424598427909,0,64,64,378,2,4,2,6
9429,100,7768303616408913114,0,63,63,377,1,4,2,9
9430,100,680319257018775155,0,58,58,373,2,4,1,13
9431,100,5541267746255443170,0,70,70,378,2,5,2,16
9432,100,4947596057163379001,0,71,71,374,3,3,1,9
9433,100,4607602564135220417,0,79,79,367,4,5,2,14
9434,100,2269886927553696364,0,80,80,377,2,4,2,9
9435,100,-4120564176311284148,0,83,83,373,4,3,1,7
9436,100,8465810721699594010,0,53,53,377,1,8,4,20
9437,100,-1574045014074580721,0,78,78,386,2,5,3,11
9438,100,-1980829292841789795,0,63,63,368,4,5,3,10
9439,100,-7347061460291675447,0,55,55,387,5,4,3,6
9440,100,-5060815855746203084,0,62,62,383,2,3,2,7
9441,100,1576361972316144410,0,79,79,376,1,3,2,9
9442,100,1948858801492453839,0,75,75,374,3,9,7,19
9443,100,8306027319409110650,0,67,67,371,6,2,2,6
9444,100,984234902362595881,0,50,50,373,3,4,2,6
9445,100,-4350460656764801939,0,60,60,369,1,5,2,14
9446,100,5581351261605341212,0,68,68,380,3,7,4,18
9447,100,5272147438872208628,0,74,74,366,3,6,4,13
9448,100,-581139236643750608,0,56,56,370,3,4,2,13
9449,100,-1311251578343712442,0,57,57,380,4,6,4,13
9450,100,262042888978315636,0,82,82,362,6,2,1,3
9451,100,5582357184331856832,0,82,82,381,4,8,4,13
9452,100,6422862315262011025,0,74,74,374,7,4,2,9
9453,100,3612109695318086425,0,65,65,364,8,5,4,11
9454,100,5989310272048625691,0,72,72,386,4,4,2,13
9455,100,3316868942595185881,0,55,55,375,1,5,3,11
9456,100,-237512474441698006,0,76,76,376,1,10,6,21
9457,100,-1636273226136329461,0,58,58,370,1,11,8,21
9458,100,-3863647991168981207,0,62,62,373,1,9,6,21
9459,100,-2996771362948318927,0,62,62,369,5,3,1,7
9460,100,-2801396868663811603,0,83,83,386,2,5,2,11
9461,100,-674041431447595913,0,55,55,371,3,5,2,13
9462,100,3638697325375830281,0,59,59,378,2,6,4,13
9463,100,-8715236436531170516,0,70,70,372,1,4,3,9
9464,100,-3869887274329475489,0,71,71,371,5,5,5,18
9465,100,4755379469886556013,0,71,71,382,1,8,5,18
9466,100,2630425311076804090,0,84,84,370,1,5,2,12
9467,100,227232222769781026,0,78,78,375,2,3,2,7
9468,100,-599035867013625061,0,79,79,378,1,4,1,11
9469,100,4454361252468396846,0,37,37,373,4,6,3,13
9470,100,-422417438474235247,0,64,64,378,5,4,3,8
9471,100,-3837101474897416222,0,68,68,381,1,7,4,18
9472,100,431929233297167949,0,81,81,371,1,3,1,8
9473,100,1476009305745488049,0,75,75,378,8,2,2,8
9474,100,3732459102410999349,0,36,36,374,4,4,2,9
9475,100,-3267918314334925526,0,52,52,378,5,3,2,11
9476,100,-6173409601011856840,0,80,80,381,2,4,2,14
9477,100,1678200190416020770,0,64,64,380,2,5,2,11
9478,100,569124135274869154,0,74,74,372,3,5,3,9
9479,100,-1138553803870879184,0,86,86,369,2,5,2,16
9480,100,3687890858584507312,0,61,61,408,3,5,3,19
9481,100,-3287767053529430947,0,75,75,385,1,9,5,14
9482,100,8211735517025650023,0,65,65,378,4,5,3,12
9483,100,4256579678310815260,0,60,60,384,6,5,4,9
9484,100,2428129535005149345,0,78,78,375,4,2,1,3
9485,100,-5127341394935946377,0,46,46,360,4,3,2,6
9486,100,-4459706987347650456,0,84,84,382,5,3,1,7
9487,100,-324366675845017461,0,79,79,367,3,3,1,8
9488,100,-289528484526795130,0,69,69,384,6,2,1,8
9489,100,-5426761607034346698,0,53,53,376,4,3,2,12
9490,100,6905093831096229468,0,93,93,375,2,3,1,6
9491,100,6317471622809637902,0,55,55,374,2,5,3,15
9492,100,1690888152839340274,0,65,65,364,1,3,1,8
9493,100,452023247662381716,0,82,82,387,2,6,3,14
9494,100,3251648181723082319,0,68,68,381,1,3,1,8
9495,100,-2936469456353277783,0,57,57,397,2,7,4,19
9496,100,4077785132674261003,0,77,77,384,1,3,1,6
9497,100,-4070261229559903936,0,51,51,366,2,10,7,23
9498,100,-5080587223356974814,0,66,66,389,6,5,3,11
9499,100,9966022904419924,0,72,72,370,5,6,5,15
9500,100,-8408033076247785718,0,59,59,371,3,5,4,9
9501,100,1659995416897485340,0,79,79,373,2,4,3,8
9502,100,4486936133201301510,0,60,60,370,3,6,2,9
9503,100,-4319649043459018883,0,75,75,381,3,6,3,11
9504,100,-6470774045023372612,0,79,79,372,4,4,3,14
9505,100,7486632095834600896,0,52,52,390,5,4,3,12
9506,100,3481929109246106373,0,40,40,374,3,3,1,5
9507,100,3637272082432027524,0,66,66,376,3,2,1,8
9508,100,5924541269786628,0,59,59,386,1,6,4,13
9509,100,-5571684609621990154,0,87,87,367,5,3,2,4
9510,100,948088185473867641,0,45,45,386,1,4,1,8
9511,100,-1799084007978290882,0,83,83,370,4,7,4,20
9512,100,9122124493655448151,0,54,54,392,5,6,3,22
9513,100,5550574712663524156,0,63,63,367,5,4,3,11
9514,100,-1451816480270256493,0,2,2,386,1,8,4,20
9515,100,-546600296872578701,0,60,60,375,1,9,5,22
9516,100,-8499852563627548098,0,70,70,382,1,9,5,26
9517,100,-216225179738488507,0,57,57,374,2,5,2,7
9518,100,4931017350234788821,0,22,22,379,1,11,7,20
9519,100,-4586135149196398240,0,77,77,381,2,3,2,8
9520,100,7016813394224880599,0,56,56,373,3,6,4,18
9521,100,8479546808922978168,0,65,65,384,1,7,4,20
9522,100,5951160873627057048,0,70,70,379,2,6,2,13
9523,100,-5670661899900754634,0,69,69,388,2,5,3,11
9524,100,4562925731291845973,0,90,90,392,2,8,4,22
9525,100,-3817646410494384017,0,53,53,379,2,4,2,9
9526,100,8276975734780512647,0,55,55,381,1,2,1,7
9527,100,-7870385865665029479,0,85,85,389,5,6,4,11
9528,100,4599875604170265980,0,86,86,388,2,5,2,16
9529,100,-7861939139025267846,0,58,58,386,7,5,4,11
9530,100,-2616605389164132574,0,77,77,378,1,2,1,7
9531,100,-1617210534274305247,0,68,68,365,4,6,3,11
9532,100,-2631305624800126427,0,68,68,390,5,7,5,9
9533,100,6462064999479334682,0,70,70,372,6,3,2,8
9534,100,2152663114959655485,0,85,85,381,5,4,2,5
9535,100,375295651893489372,0,70,70,381,1,5,3,10
9536,100,4355876791547897536,0,55,55,368,2,3,1,6
9537,100,-3964095817731873914,0,68,68,372,2,13,8,29
9538,100,-1547305432022477954,0,67,67,374,1,6,4,18
9539,100,2924481392482682570,0,63,63,384,1,7,4,11
9540,100,-6398771015411752243,0,73,73,384,1,5,3,6
9541,100,6868712778211196201,0,78,78,376,2,2,1,5
9542,100,-5303244719838427934,0,64,64,386,2,8,4,19
9543,100,-8698181236267903136,0,58,58,382,2,6,3,11
9544,100,-5833690617319143326,0,64,64,386,7,3,2,10
9545,100,-2323258277588152543,0,62,62,377,5,3,3,7
9546,100,-779871671809619912,0,89,89,364,4,4,2,11
9547,100,6792279602938616582,0,63,63,363,3,4,1,10
9548,100,-784116673018813784,0,70,70,359,4,5,3,12
9549,100,-5696763902634357310,0,68,68,378,2,5,3,13
9550,100,-3371049537313239644,0,68,68,367,2,12,9,32
9551,100,4754074358544217241,0,33,33,388,4,5,3,8
9552,100,-4715231879005201314,0,68,68,385,3,5,3,14
9553,100,4251562853331659025,0,84,84,367,4,4,2,9
9554,100,8557078952624605726,0,64,64,356,3,5,3,12
9555,100,-2817944052205057558,0,79,79,375,4,8,5,21
9556,100,-4262875264060236203,0,35,35,376,1,5,4,11
9557,100,-851317397156343990,0,52,52,376,2,8,5,21
9558,100,4869550683644755441,0,65,65,378,5,4,3,14
9559,100,-7122314837206815172,0,43,43,383,4,3,2,5
9560,100,4721854694305758706,0,77,77,360,3,6,3,12
9561,100,3766902397832986459,0,59,59,388,2,7,4,15
9562,100,7974077673124907836,0,90,90,356,6,4,2,14
9563,100,-1389862545432126262,0,64,64,395,3,4,1,9
9564,100,6704660657784060847,0,85,85,385,2,10,7,26
9565,100,1667232073776229222,0,71,71,385,3,4,3,5
9566,100,382536591453281396,0,78,78,364,1,3,2,8
9567,100,-6681682945807023297,0,63,63,380,4,4,1,8
9568,100,-3020355891298365031,0,93,93,384,4,7,4,19
9569,100,-5841481217492948157,0,70,70,384,3,5,2,13
9570,100,7907654094506859232,0,62,62,370,1,4,2,10
9571,100,-5340800998284714949,0,78,78,370,2,3,2,8
9572,100,-1314537717501439533,0,66,66,387,2,9,6,25
9573,100,-8729459352607801605,0,79,79,376,4,5,3,9
9574,100,-486475426107738852,0,70,70,369,3,3,2,7
9575,100,-3750600777217156651,0,53,53,373,3,5,3,10
9576,100,7113279075897513234,0,67,67,378,1,6,3,16
9577,100,-41751328699784882,0,76,76,379,1,7,4,14
9578,100,8234762573550548375,0,56,56,363,2,3,1,6
9579,100,-7060249953337270252,0,64,64,379,2,3,1,6
9580,100,-8376767958840297184,0,85,85,371,7,4,2,9
9581,100,6749991635895298606,0,75,75,364,2,8,6,20
9582,100,-208503883817522924,0,56,56,361,4,7,5,17
9583,100,-672824529897271435,0,65,65,380,4,5,2,10
9584,100,8114295301354860378,0,53,53,361,4,5,3,10
9585,100,9140187722550395202,0,61,61,388,3,6,4,15
9586,100,1437422938432230701,0,69,69,380,2,3,2,6
9587,100,-8197782199593836696,0,28,28,379,3,3,2,11
9588,100,1592040418921536306,0,74,74,372,2,3,2,3
9589,100,165125268749246564,0,68,68,377,7,4,3,10
9590,100,-2183731306233037109,0,83,83,364,4,3,1,10
9591,100,-7032811996894639917,0,42,42,369,2,10,7,25
9592,100,1198241436753281197,0,49,49,377,1,5,2,15
9593,100,7191706021300266532,0,68,68,367,5,4,3,14
9594,100,-4568796832785940305,0,81,81,367,5,2,1,7
9595,100,-672059247063908211,0,82,82,376,1,8,6,21
9596,100,-2965134030458486043,0,59,59,375,2,3,1,9
9597,100,-1110495900863547326,0,84,84,382,1,4,2,13
9598,100,3210946463155712493,0,65,65,378,3,6,5,17
9599,100,-8117137551420997148,0,71,71,371,2,4,1,11
9600,100,4321080604537041544,0,56,56,372,1,3,1,8
9601,100,-5081412498464180681,0,42,42,381,1,8,3,21
9602,100,789369224036228204,0,84,84,373,1,9,6,23
9603,100,1484655497129847064,0,73,73,366,1,5,2,14
9604,100,-1160773870098387881,0,77,77,371,2,3,1,9
9605,100,-6539455475961529427,0,64,64,385,4,4,3,10
9606,100,-4322980780925877401,0,55,55,377,6,3,1,3
9607,100,-6369123931594646051,0,62,62,386,1,6,2,15
9608,100,-2204572297322805336,0,69,69,369,1,6,4,15
9609,100,-8214266684854062334,0,67,67,366,4,4,3,6
9610,100,5493189892412701166,0,57,57,356,2,3,2,6
9611,100,2304674737134177757,0,32,32,372,6,5,3,11
9612,100,-1954829381667777307,0,57,57,389,9,3,3,3
9613,100,-1937544844338874422,0,66,66,394,2,7,5,15
9614,100,-1837607233166964378,0,58,58,370,4,5,2,13
9615,100,7774093975483676468,0,56,56,371,1,9,5,22
9616,100,1169827412951657483,0,71,71,364,3,5,4,6
9617,100,-5686933182433113782,0,68,68,369,2,3,1,8
9618,100,1844058324189145093,0,64,64,369,1,5,2,10
9619,100,5301223208798864114,0,68,68,372,1,7,4,15
9620,100,-3218106256647976148,0,60,60,378,5,7,4,14
9621,100,-2786654232853017346,0,70,70,365,6,2,1,3
9622,100,1042462392777981783,0,53,53,379,2,4,1,10
9623,100,8736639217933840285,0,73,73,379,5,5,3,12
9624,100,-1022638206235409171,0,24,24,377,1,5,3,11
9625,100,-7214827611571511021,0,66,66,388,1,7,2,15
9626,100,5657569844083507900,0,59,59,376,4,4,2,7
9627,100,-5582474831882597460,0,89,89,368,5,3,2,5
9628,100,3025562022425050889,0,76,76,368,7,1,1,2
9629,100,-5098653660981592339,0,56,56,373,4,5,3,11
9630,100,-6665139062949210649,0,72,72,366,4,7,5,16
9631,100,2078741713535762445,0,65,65,385,2,6,3,18
9632,100,-9026115374851309364,0,39,39,379,1,4,2,13
9633,100,6570933855602584995,0,62,62,373,8,4,3,8
9634,100,-5975362981220088992,0,83,83,383,2,8,5,13
9635,100,-4138332914827662688,0,39,39,378,5,3,1,4
9636,100,-1149919685822525032,0,56,56,360,2,7,5,22
9637,100,-355363383288118146,0,84,84,388,1,10,5,29
9638,100,-7354682318584413437,0,67,67,376,2,6,2,21
9639,100,-7297672328048228167,0,61,61,382,1,12,8,22
9640,100,4376008074389743459,0,84,84,364,2,9,6,20
9641,100,-7719340273435755138,0,57,57,380,3,3,1,10
9642,100,6131058920650084479,0,62,62,359,4,3,2,6
9643,100,-6802704031003594334,0,70,70,377,2,6,5,9
9644,100,-1312074026038893257,0,57,57,384,3,7,6,18
9645,100,4922901111327889365,0,66,66,379,4,9,7,24
9646,100,7047238371691909592,0,78,78,379,1,7,4,16
9647,100,-1401865712616873706,0,61,61,383,3,4,1,18
9648,100,2454373393948551601,0,63,63,373,1,8,6,17
9649,100,108702574474349161,0,76,76,377,1,3,1,7
9650,100,-7844139800765952538,0,66,66,379,1,8,5,20
9651,100,7627477918723690952,0,76,76,383,2,5,3,15
9652,100,5135217420758543747,0,53,53,354,1,2,1,5
9653,100,-7854077506168388010,0,70,70,381,4,3,1,8
9654,100,-4163488757309476140,0,76,76,385,4,4,2,13
9655,100,102403703807551450,0,47,47,377,3,5,3,13
9656,100,-2615694979743747597,0,56,56,377,3,4,2,11
9657,100,-909425874118522518,0,42,42,361,1,4,2,8
9658,100,-3995417928355140447,0,51,51,377,7,3,3,7
9659,100,-4062059103278011546,0,66,66,382,3,4,2,10
9660,100,6488262707964018521,0,63,63,377,2,8,6,19
9661,100,6383456559294333096,0,76,76,376,4,5,3,16
9662,100,-7051549745648186462,0,51,51,373,5,3,1,7
9663,100,-4055942783119682823,0,64,64,379,5,4,3,11
9664,100,-2661897308742896731,0,63,63,387,1,8,4,15
9665,100,-4346391622501729594,0,68,68,374,5,5,2,15
9666,100,7866796182810163966,0,67,67,366,2,5,3,12
9667,100,-2059137294149132782,0,68,68,379,1,6,4,16
9668,100,-1210176785807105834,0,41,41,394,1,6,2,14
9669,100,9204080243252488878,0,68,68,373,6,4,3,10
9670,100,8033150659080390449,0,71,71,382,6,2,2,6
9671,100,-8513200571254997080,0,59,59,383,1,11,8,26
9672,100,-5736021494929966204,0,70,70,364,4,7,4,21
9673,100,4540754852509268481,0,87,87,376,1,10,7,21
9674,100,7790418881641755786,0,57,57,372,1,7,3,12
9675,100,-7805384536546699103,0,67,67,382,5,4,2,10
9676,100,1328269361445509463,0,50,50,392,2,4,2,7
9677,100,-7654358373133980785,0,60,60,387,1,5,2,11
9678,100,7326748655354963372,0,78,78,376,4,4,2,6
9679,100,7436704951636263516,0,53,53,385,4,4,3,9
9680,100,494147042246393741,0,57,57,355,6,3,2,9
9681,100,7647836308285246944,0,89,89,381,4,4,2,11
9682,100,6654070853161128465,0,65,65,371,7,3,2,8
9683,100,-6702280081174304472,0,67,67,374,3,4,2,11
9684,100,2251003157212971384,0,37,37,379,6,7,5,12
9685,100,-7998600791343383122,0,59,59,377,3,10,6,27
9686,100,4366601822320168066,0,57,57,355,1,6,3,13
9687,100,-1016658320398666038,0,72,72,389,1,2,1,2
9688,100,-637689917548794114,0,57,57,380,5,6,4,9
9689,100,4032803251259783273,0,72,72,386,1,9,4,21
9690,100,6210877349453601184,0,45,45,378,3,4,3,10
9691,100,6329745574107565308,0,71,71,381,5,5,2,9
9692,100,-3073862515533458665,0,74,74,367,2,8,5,18
9693,100,-1394238640367583566,0,81,81,378,6,2,1,6
9694,100,62187981884511839,0,80,80,376,3,7,5,15
9695,100,4229284139149529064,0,81,81,363,5,4,2,9
9696,100,-6782887242386554285,0,73,73,368,1,5,3,7
9697,100,712786413312640736,0,75,75,372,4,7,6,15
9698,100,7402975118399630981,0,57,57,373,1,9,5,19
9699,100,-6420843617987149647,0,64,64,379,3,9,7,22
9700,100,-8849797538761066158,0,51,51,368,2,7,4,14
9701,100,1422895723186978686,0,68,68,374,5,6,5,11
9702,100,-4139448148245273808,0,79,79,372,7,5,3,12
9703,100,-3175670748225722390,0,70,70,380,5,3,2,8
9704,100,4788440723564710729,0,74,74,395,2,6,4,13
9705,100,1390619316044669386,0,71,71,361,4,4,3,9
9706,100,-2156506649287122611,0,22,22,382,3,2,1,6
9707,100,-5136955835181789156,0,65,65,372,3,6,3,16
9708,100,-6514711683920535420,0,36,36,382,3,4,1,12
9709,100,6024794736231289912,0,58,58,364,4,4,3,11
9710,100,-5237834170271029214,0,57,57,384,2,5,2,19
9711,100,-7756431001491599291,0,56,56,375,2,6,4,18
9712,100,3155578192080618718,0,61,61,386,2,3,1,5
9713,100,-476043216723108626,0,89,89,365,3,2,1,5
9714,100,1548414592171999172,0,71,71,384,3,5,2,11
9715,100,-6046944803862895020,0,83,83,365,4,5,3,11
9716,100,7173975711895062090,0,67,67,376,5,2,1,8
9717,100,-3515721969269873595,0,81,81,388,2,6,3,13
9718,100,1788477534541004706,0,86,86,387,1,8,4,19
9719,100,2529468697637527982,0,51,51,369,1,4,3,12
9720,100,6879094052376683342,0,64,64,368,3,3,1,11
9721,100,5208545329547315022,0,73,73,373,3,6,3,16
9722,100,1911246413071541496,0,89,89,371,3,2,1,2
9723,100,-4769526566500770388,0,72,72,378,3,3,2,7
9724,100,-201397316451563133,0,83,83,360,5,4,3,9
9725,100,3187539222820846154,0,69,69,379,2,3,1,5
9726,100,3220614596334500189,0,70,70,382,2,4,1,7
9727,100,-7667892072321463269,0,80,80,367,8,2,1,3
9728,100,-5719289373081705450,0,21,21,377,2,6,3,17
9729,100,-7615065110422078671,0,66,66,394,2,2,1,3
9730,100,-3753021455703340746,0,66,66,376,2,6,3,9
9731,100,4541858263699050426,0,84,84,370,3,4,3,11
9732,100,-516200258880947638,0,72,72,377,9,1,1,4
9733,100,-939327230144850899,0,26,26,390,3,6,4,16
9734,100,774123552125758016,0,34,34,371,3,6,4,10
9735,100,-6306573050337466689,0,50,50,378,2,4,2,10
9736,100,-6663141296863355404,0,56,56,380,1,6,2,12
9737,100,7977744576098381340,0,70,70,381,4,4,2,11
9738,100,2121628242329817610,0,71,71,359,6,4,2,11
9739,100,219946606890689875,0,43,43,365,2,3,1,11
9740,100,-8562434969991468547,0,42,42,376,4,5,3,9
9741,100,-2747654756240739567,0,88,88,386,3,9,7,16
9742,100,-2981134814117839752,0,65,65,371,4,7,6,16
9743,100,6677429609499164689,0,82,82,364,3,3,2,10
9744,100,8840289472852234468,0,65,65,379,7,3,2,9
9745,100,6658750716243722450,0,63,63,384,3,4,2,5
9746,100,6316059547428037186,0,78,78,374,2,3,2,8
9747,100,3292959138228496011,0,72,72,364,4,2,1,9
9748,100,-5785887860722861254,0,81,81,391,1,5,3,11
9749,100,8503442599835954012,0,74,74,381,3,5,2,15
9750,100,-1014429059406200974,0,71,71,378,1,6,3,15
9751,100,89510237500190149,0,89,89,384,3,6,4,15
9752,100,2498122422383900195,0,78,78,389,2,5,2,14
9753,100,-5892324801788145829,0,60,60,361,2,2,1,6
9754,100,-541599480591767062,0,80,80,384,1,4,2,12
9755,100,-8417745128966829384,0,69,69,350,7,2,1,9
9756,100,-1282865704878296613,0,60,60,372,2,3,1,12
9757,100,661556625368822963,0,75,75,373,8,3,2,7
9758,100,831787053636138972,0,37,37,361,3,4,2,10
9759,100,-901635176411079472,0,49,49,383,3,5,3,10
9760,100,-1327558444048297937,0,61,61,370,1,5,2,12
9761,100,-3654917833792995078,0,77,77,370,4,2,1,2
9762,100,4163395738489075280,0,82,82,378,3,3,2,7
9763,100,-2704225083056355217,0,82,82,385,1,8,5,15
9764,100,-7470606930293325056,0,75,75,391,1,5,3,11
9765,100,7409860287286409723,0,70,70,378,4,4,2,11
9766,100,3285339098288172961,0,54,54,370,4,7,6,19
9767,100,-7068784162631245464,0,69,69,385,5,5,4,13
9768,100,5699612716388252356,0,48,48,377,1,6,3,15
9769,100,4512775399687739444,0,83,83,367,7,3,2,10
9770,100,9128717279354683904,0,49,49,388,2,11,7,25
9771,100,-5533360939474147964,0,69,69,382,2,6,3,13
9772,100,1618320326600205573,0,66,66,372,6,5,4,9
9773,100,2936029056081930584,0,72,72,376,1,6,3,11
9774,100,3067927332553164272,0,65,65,386,2,5,3,12
9775,100,9167320320866846464,0,67,67,372,5,1,1,2
9776,100,738503182644329183,0,60,60,372,2,5,3,12
9777,100,-6251457304005705009,0,67,67,372,7,5,4,12
9778,100,2951104517519672520,0,70,70,364,1,3,1,8
9779,100,-1145315659411273971,0,77,77,365,1,6,3,18
9780,100,-6154712126195228794,0,24,24,371,6,4,3,10
9781,100,-6017965032492366799,0,61,61,375,1,4,2,10
9782,100,793613615108292404,0,71,71,386,6,4,3,10
9783,100,4790142267810832463,0,92,92,392,4,7,5,13
9784,100,-9098202318227632450,0,79,79,372,5,8,5,24
9785,100,8733315006644906447,0,85,85,376,3,3,1,7
9786,100,-7557760072126446668,0,71,71,390,7,4,3,9
9787,100,-4116318693909102241,0,50,50,362,4,4,3,5
9788,100,-8620024630544622751,0,60,60,382,1,10,7,18
9789,100,-7882669095295783126,0,83,83,380,2,5,3,19
9790,100,6661670385757345052,0,76,76,376,4,5,2,13
9791,100,3533507298339755849,0,77,77,369,3,8,5,22
9792,100,2015594231877172701,0,60,60,375,1,3,2,6
9793,100,-494155044301307526,0,58,58,375,3,3,2,7
9794,100,5516418488451014931,0,65,65,397,8,3,2,8
9795,100,-671819454040299505,0,15,15,378,1,8,3,21
9796,100,5863189984708309683,0,76,76,393,2,4,1,8
9797,100,-5141769571514203608,0,52,52,352,1,3,1,7
9798,100,-9018539842847963500,0,71,71,365,4,12,10,29
9799,100,-8668459911962002140,0,58,58,368,1,8,5,20
9800,100,-1461897982205597447,0,67,67,369,3,6,3,9
9801,100,-357845055982741164,0,79,79,406,2,4,1,8
9802,100,-8899966149651256209,0,57,57,379,1,4,2,9
9803,100,-5326694099641328143,0,59,59,373,4,5,3,11
9804,100,5068987740909912281,0,41,41,364,1,6,4,14
9805,100,-1812489861945878448,0,65,65,385,2,13,9,30
9806,100,7879860913598277577,0,78,78,378,2,4,1,9
9807,100,8631074560540908115,0,64,64,373,1,4,2,10
9808,100,1034366432433134096,0,40,40,379,8,6,5,12
9809,100,7576838072678738978,0,53,53,390,2,4,2,11
9810,100,-5706807518367026536,0,72,72,365,3,2,1,4
9811,100,5297842576630129947,0,78,78,377,2,9,6,18
9812,100,-4698576019676155280,0,67,67,369,3,3,2,11
9813,100,-6147028838295494650,0,84,84,377,2,8,4,25
9814,100,5730420180930638376,0,50,50,385,4,5,4,8
9815,100,-2506802498092794227,0,57,57,368,2,3,2,4
9816,100,8132845735431459934,0,67,67,387,3,3,1,11
9817,100,6366137550892068842,0,76,76,380,4,3,1,5
9818,100,-6498727152416305768,0,51,51,379,1,3,2,11
9819,100,7733820486212038369,0,67,67,373,4,5,3,11
9820,100,-5221702812455905964,0,48,48,375,2,9,6,16
9821,100,1669102868214016753,0,48,48,378,2,3,1,7
9822,100,4599983005662565470,0,62,62,379,3,6,3,19
9823,100,-960059709479907130,0,67,67,356,5,3,2,8
9824,100,-1415863327137618848,0,89,89,375,5,6,4,12
9825,100,8402093933124855281,0,68,68,393,2,6,4,12
9826,100,8351041702802011327,0,79,79,373,1,5,2,10
9827,100,-1283454722703283238,0,68,68,351,2,3,1,7
9828,100,-8539414464679597916,0,76,76,393,6,6,4,12
9829,100,7190237090403728884,0,58,58,372,6,4,3,12
9830,100,-2545348094297521576,0,70,70,380,3,3,1,11
9831,100,-8305009773303046349,0,69,69,387,6,4,3,6
9832,100,-1494073084541947948,0,59,59,369,4,3,2,9
9833,100,-2248008502575387973,0,63,63,380,1,5,4,13
9834,100,3459725176920214680,0,77,77,364,5,2,2,6
9835,100,4841881648251460569,0,51,51,381,1,4,1,9
9836,100,1844705849366719675,0,58,58,387,1,9,6,19
9837,100,-6670083476285431498,0,92,92,381,3,7,5,9
9838,100,6389779076566549827,0,77,77,371,2,3,2,7
9839,100,-6555447692863901879,0,74,74,372,2,4,2,7
9840,100,595753720818910646,0,63,63,369,2,9,6,26
9841,100,-2102841404320004595,0,90,90,371,1,4,1,11
9842,100,3180833893213730544,0,56,56,379,5,5,2,13
9843,100,-3720023901960921612,0,52,52,385,2,10,6,20
9844,100,1358273022275105591,0,70,70,378,7,8,6,15
9845,100,858469761225158682,0,57,57,373,3,13,10,28
9846,100,-8109385736027386996,0,21,21,390,2,7,3,15
9847,100,4491766158925303229,0,75,75,383,4,5,3,12
9848,100,6320179847491087939,0,81,81,382,5,4,3,13
9849,100,-805227331591816467,0,63,63,380,3,2,1,5
9850,100,6958744083460268758,0,67,67,370,1,6,3,14
9851,100,2647685637624250495,0,70,70,367,1,3,1,9
9852,100,-326185800215646475,0,73,73,365,5,7,5,14
9853,100,-8698224972531652281,0,78,78,370,2,5,2,9
9854,100,271448430389410016,0,60,60,368,2,4,2,9
9855,100,-1520932798335902075,0,50,50,388,1,4,1,8
9856,100,5532082217615604473,0,67,67,370,1,4,2,7
9857,100,1506840850346973087,0,79,79,381,1,4,1,9
9858,100,511997487150537876,0,65,65,370,4,2,1,8
9859,100,-4116097912464551664,0,66,66,365,4,2,1,7
9860,100,3910999712648528913,0,68,68,373,4,8,5,25
9861,100,-8647844665046581600,0,71,71,379,1,4,2,10
9862,100,-1731168362210871763,0,64,64,364,4,2,1,5
9863,100,9043870638460562645,0,72,72,361,6,5,3,12
9864,100,7727339744533943956,0,68,68,371,4,2,1,9
9865,100,7777099344297166249,0,61,61,379,5,3,2,9
9866,100,-6257912670189707846,0,64,64,369,3,3,1,7
9867,100,-4972636881458041732,0,63,63,392,2,10,6,22
9868,100,4691264415011395562,0,52,52,381,2,7,5,14
9869,100,6389853779241674059,0,66,66,377,3,7,3,15
9870,100,-7925737987684384354,0,57,57,369,1,5,3,18
9871,100,-5850238655435900126,0,48,48,355,5,9,7,17
9872,100,3956220052119655697,0,72,72,394,3,4,2,5
9873,100,-6584298545692206641,0,46,46,381,6,5,3,11
9874,100,2429439659639758098,0,66,66,384,6,2,2,2
9875,100,3857999795497504472,0,58,58,373,1,5,3,15
9876,100,-4506829419157921509,0,43,43,372,2,6,3,14
9877,100,6981963165892863406,0,72,72,379,1,8,5,21
9878,100,-314239146710417758,0,80,80,371,7,3,2,3
9879,100,-4649457971238186207,0,68,68,373,3,7,3,14
9880,100,1270867640702190510,0,73,73,388,6,2,1,6
9881,100,-8356285210031053802,0,79,79,384,4,7,4,24
9882,100,6070449740485254828,0,54,54,380,1,2,1,3
9883,100,5717110943692481400,0,53,53,368,2,8,5,20
9884,100,3475061347709597570,0,62,62,391,2,10,5,33
9885,100,1689464762230041452,0,75,75,363,4,5,4,10
9886,100,3471756776032847332,0,80,80,395,2,8,5,15
9887,100,6951533742673384904,0,70,70,398,5,2,1,7
9888,100,-499178816944604953,0,50,50,357,1,5,3,13
9889,100,-3160723827879346235,0,79,79,367,2,4,2,10
9890,100,-7391904417783364653,0,76,76,374,1,5,3,10
9891,100,4625667520765269234,0,53,53,373,2,4,2,4
9892,100,3862775291597595708,0,74,74,396,6,2,1,3
9893,100,-7236211777883941525,0,66,66,383,2,5,3,8
9894,100,-3994355863897868973,0,57,57,377,2,7,5,14
9895,100,7661876788516653899,0,60,60,372,1,3,1,7
9896,100,6121102301715637369,0,61,61,365,3,4,2,13
9897,100,1281493419771061086,0,66,66,375,1,4,1,7
9898,100,2506151799495990037,0,62,62,366,1,5,4,13
9899,100,-4248728022194774757,0,63,63,380,3,2,1,5
9900,100,440248348981916070,0,45,45,386,2,6,3,13
9901,100,3307616337991288272,0,55,55,388,1,10,7,18
9902,100,-2966606351337144293,0,64,64,367,3,9,5,17
9903,100,3200711856275583774,0,48,48,375,2,3,1,10
9904,100,5121663710408253282,0,67,67,381,4,6,4,14
9905,100,5684523223760548008,0,75,75,377,5,4,3,5
9906,100,-3005007251749392322,0,56,56,372,1,7,4,20
9907,100,-7306343587908545273,0,62,62,382,3,8,6,14
9908,100,5890193153557936989,0,62,62,384,2,5,3,11
9909,100,151462699473220096,0,83,83,364,6,7,5,19
9910,100,-2164744208149987671,0,27,27,374,3,3,1,7
9911,100,6718783415282521081,0,55,55,371,7,4,3,14
9912,100,3312855209328901085,0,59,59,384,2,4,2,7
9913,100,-3900107129653640025,0,82,82,383,3,6,4,17
9914,100,7117958277350120540,0,52,52,379,5,2,1,5
9915,100,3862616413843129612,0,70,70,368,1,3,1,7
9916,100,-7614874893211648451,0,64,64,373,4,5,3,8
9917,100,2477838285957804704,0,55,55,380,4,8,5,18
9918,100,-3231531887378366806,0,65,65,363,1,3,1,10
9919,100,-810842195964556338,0,70,70,381,2,3,1,5
9920,100,5412091109682959722,0,55,55,385,4,5,3,6
9921,100,-4942715844395120735,0,48,48,388,2,5,3,12
9922,100,-8198726469087570501,0,77,77,379,1,4,2,12
9923,100,2407916174369240255,0,63,63,380,3,5,2,13
9924,100,-1878844955195103131,0,79,79,381,4,3,1,9
9925,100,6753722339375076245,0,63,63,372,2,4,2,9
9926,100,-758341395787885813,0,63,63,379,1,6,4,16
9927,100,8766155086342971347,0,80,80,374,4,3,2,7
9928,100,-4770482587716968253,0,53,53,387,1,6,3,15
9929,100,4277778538552982811,0,71,71,369,6,1,1,2
9930,100,-72923379306987543,0,55,55,357,3,3,1,4
9931,100,-5887381443738731788,0,68,68,381,5,4,2,8
9932,100,8249588111587469616,0,66,66,388,4,3,1,6
9933,100,8779781552781321220,0,72,72,378,3,7,5,11
9934,100,7557275808916120569,0,66,66,378,5,4,3,13
9935,100,-8445322506549506946,0,60,60,371,1,6,2,17
9936,100,4882163239124564967,0,80,80,376,2,8,5,20
9937,100,-7053357939693022248,0,54,54,375,2,6,3,13
9938,100,68941356736199602,0,63,63,373,2,4,2,8
9939,100,-2874925217615311423,0,87,87,378,6,7,4,23
9940,100,8036305417617473852,0,59,59,389,3,5,3,16
9941,100,2448097815087531602,0,71,71,362,4,4,1,13
9942,100,-6223425754969719071,0,84,84,381,2,5,2,13
9943,100,-5946201002316475005,0,70,70,382,3,3,1,7
9944,100,8089609472670498322,0,77,77,366,3,8,6,18
9945,100,-2089305938477910560,0,74,74,394,2,4,2,8
9946,100,539565007109535524,0,69,69,359,5,13,10,35
9947,100,-8175832707748834693,0,75,75,386,6,4,2,11
9948,100,1948036882216407653,0,86,86,367,1,9,5,17
9949,100,5432547701398945828,0,61,61,366,5,4,3,10
9950,100,947322275763103344,0,68,68,378,1,8,4,22
9951,100,-6207734277319109161,0,84,84,373,4,4,2,9
9952,100,5405192293655119810,0,59,59,391,8,2,1,8
9953,100,948620291455228021,0,53,53,384,3,5,3,12
9954,100,-1345923061366669940,0,77,77,383,2,7,4,16
9955,100,-4042194276122972745,0,64,64,383,5,3,1,5
9956,100,-109495752431276086,0,84,84,385,1,6,2,17
9957,100,626965966792837727,0,69,69,365,8,2,1,5
9958,100,6137251626701218452,0,62,62,375,3,6,3,11
9959,100,-123136002725032017,0,58,58,388,1,4,2,11
9960,100,-8681085687297764685,0,73,73,378,9,2,2,8
9961,100,9190783854607944735,0,8,8,370,2,4,2,12
9962,100,3700384613413095286,0,59,59,385,6,4,4,6
9963,100,531248337774793545,0,59,59,367,2,7,3,17
9964,100,-5118156486857593402,0,67,67,379,2,4,2,9
9965,100,352560840213193000,0,76,76,371,3,2,1,6
9966,100,-5015307120592465800,0,77,77,386,1,7,3,11
9967,100,3662118671628319873,0,83,83,377,3,5,3,13
9968,100,-4157987724410322462,0,60,60,360,2,5,2,10
9969,100,-5386477424940151648,0,67,67,366,4,6,4,11
9970,100,-4661965944913163600,0,52,52,366,4,2,1,3
9971,100,4595597106304325191,0,72,72,378,1,3,2,10
9972,100,-2050109828218801672,0,81,81,382,1,6,2,10
9973,100,2245876925114635235,0,64,64,380,2,6,4,19
9974,100,1113252573164401291,0,75,75,373,2,6,2,15
9975,100,1550768998775708929,0,81,81,378,1,3,1,8
9976,100,-8033553430440676979,0,69,69,378,2,7,4,13
9977,100,-1219350261105143553,0,83,83,377,2,8,7,19
9978,100,-2646602936111510969,0,68,68,367,1,7,6,10
9979,100,4316875369369155846,0,59,59,384,1,4,2,6
9980,100,-2260588295705509061,0,87,87,363,1,3,1,8
9981,100,-2268086687182088905,0,58,58,379,4,9,6,20
9982,100,-2503717934836989832,0,84,84,397,3,6,3,14
9983,100,2951506026605185316,0,51,51,380,1,11,7,30
9984,100,-40158063375251665,0,74,74,392,4,8,5,26
9985,100,-5806457491070166143,0,60,60,395,1,9,5,16
9986,100,8588825761640294023,0,78,78,371,1,8,4,23
9987,100,-768032504308024038,0,67,67,372,4,6,4,17
9988,100,-6371780849261504083,0,66,66,374,1,6,3,11
9989,100,-4315494525872796920,0,70,70,389,2,5,2,12
9990,100,-7362823855499708626,0,70,70,386,5,2,2,4
9991,100,-3627626236748857313,0,80,80,388,2,8,6,24
9992,100,4645075940362305928,0,75,75,376,1,8,5,15
9993,100,2113347808375310762,0,89,89,391,1,4,2,12
9994,100,-1356297171577557763,0,78,78,368,2,2,1,7
9995,100,-9024334102445345959,0,41,41,375,6,2,1,8
9996,100,-2491641633418776918,0,92,92,370,4,10,7,20
9997,100,-8405722396935233926,0,64,64,371,2,4,1,8
9998,100,6513694674707409112,0,76,76,376,2,5,4,8
9999,100,-1186125063489832857,0,69,69,387,1,4,1,10
10000,100,7401672643329804434,0,70,70,373,2,5,2,15
