simulationId,cowboyCount,seed,starterId,winnerId,winnerOffsetFromStarter,totalShots,winnerRemainingHp,winnerShotsFired,winnerKills,winnerTotalDamageDealt
1,5,7622549244507814510,0,3,3,17,1,5,3,11
2,5,-176823638348867382,0,0,0,17,1,7,2,20
3,5,4653291594555506559,0,2,2,18,1,3,1,6
4,5,-5429547764223392703,0,2,2,16,7,3,2,7
5,5,1354699720820100286,0,3,3,19,4,4,2,9
6,5,-8558099095430985091,0,3,3,19,2,5,3,8
7,5,7566729063232618657,0,2,2,17,4,5,3,14
8,5,-8796280036588025189,0,1,1,17,3,6,3,16
9,5,-1904176087077157359,0,0,0,18,5,3,1,9
10,5,-5950808297819701377,0,2,2,23,1,7,3,15
11,5,8202580055274905697,0,3,3,13,4,2,1,4
12,5,2069697956329713381,0,2,2,16,7,2,1,5
13,5,2331882227666649723,0,4,4,17,1,3,1,7
14,5,-6907155114764864074,0,1,1,17,3,2,1,7
15,5,5743542032431768924,0,2,2,15,3,2,1,8
16,5,1754090216629634460,0,3,3,18,1,3,1,7
17,5,3000933636146778561,0,0,0,15,5,6,4,20
18,5,-818370409442154536,0,3,3,16,2,4,2,15
19,5,-6494085369291419358,0,0,0,16,1,7,3,25
20,5,-4831476700427871918,0,1,1,18,3,2,1,5
21,5,-7164822578341529121,0,1,1,18,6,3,1,4
22,5,-6681209751587204111,0,2,2,15,7,2,2,6
23,5,-2785428037848741191,0,1,1,17,6,3,2,6
24,5,4092339821109795117,0,1,1,16,2,2,1,7
25,5,3063383483373029763,0,2,2,15,6,2,1,9
26,5,3373133630133326305,0,3,3,19,4,6,3,14
27,5,493181087642310936,0,1,1,19,2,4,2,10
28,5,-1746716152221018267,0,0,0,16,1,3,1,12
29,5,446462409193912975,0,1,1,18,3,5,3,12
30,5,1193011675842738652,0,4,4,20,1,5,2,11
31,5,4831360065858792877,0,2,2,16,5,5,4,18
32,5,8575571794862233545,0,2,2,17,3,2,1,3
33,5,345942164528489626,0,3,3,19,4,4,1,11
34,5,7448151043156876008,0,1,1,17,3,3,2,4
35,5,5239964932791844568,0,4,4,16,3,4,2,11
36,5,-9173191548526301637,0,2,2,15,8,3,2,8
37,5,-2161688254686019728,0,2,2,20,1,7,3,13
38,5,-4645889046326623902,0,2,2,18,4,4,2,12
39,5,-4846666793570864531,0,4,4,16,3,3,1,9
40,5,8504972586755124527,0,1,1,17,4,4,2,11
41,5,2012197841368315278,0,3,3,16,5,4,2,10
42,5,-6052823257482687111,0,2,2,17,6,3,2,7
43,5,8951238588419643446,0,0,0,17,1,6,3,15
44,5,8373285886730576944,0,1,1,18,2,4,2,11
45,5,-6024011126309681497,0,3,3,20,1,4,1,8
46,5,-3199751378429683278,0,2,2,19,1,6,3,17
47,5,-205079082719447953,0,0,0,17,4,6,3,19
48,5,-1230956723516543396,0,2,2,17,7,4,2,8
49,5,9009170572123666977,0,2,2,16,2,6,4,16
50,5,502512276757557602,0,2,2,19,4,3,1,8
51,5,-6468460926580581816,0,1,1,16,2,4,3,11
52,5,-1041959172619497245,0,0,0,18,5,5,2,14
53,5,-3176141123837156967,0,1,1,17,3,5,2,14
54,5,-1250743467814938825,0,2,2,16,4,3,2,11
55,5,2802790474057045607,0,3,3,19,1,5,3,7
56,5,1594636887908444555,0,3,3,17,5,5,4,16
57,5,2247049277431032667,0,1,1,16,3,4,3,11
58,5,-2141993941735040080,0,2,2,16,6,5,3,16
59,5,4950414587910089059,0,3,3,18,1,5,3,13
60,5,4024558437153402159,0,4,4,18,2,4,2,8
61,5,8460830073364808938,0,2,2,20,2,6,3,8
62,5,-8861481111054564448,0,1,1,19,1,6,2,17
63,5,5151774012177519178,0,2,2,16,6,5,2,18
64,5,6091217547875219003,0,2,2,16,8,1,1,3
65,5,-2747216630518444674,0,0,0,15,4,5,3,14
66,5,-3120053898601644369,0,4,4,17,6,4,2,8
67,5,3034305960001825052,0,2,2,16,9,2,2,2
68,5,530950165320721202,0,1,1,19,2,6,4,14
69,5,-3239810975889385343,0,1,1,20,1,8,4,19
70,5,8355546087979150809,0,2,2,19,4,5,3,7
71,5,-469783043654121139,0,4,4,16,4,2,1,3
72,5,-8860139790373583575,0,2,2,16,8,4,3,8
73,5,3078272170296328209,0,2,2,16,2,7,4,19
74,5,1861223411033487853,0,0,0,16,5,7,4,21
75,5,6371430372172172359,0,0,0,19,1,7,3,18
76,5,558336081978973769,0,0,0,18,5,3,1,9
77,5,-4684935535263414398,0,1,1,21,2,7,4,14
78,5,4274643094731897359,0,2,2,14,4,3,2,12
79,5,-974467266348133402,0,4,4,19,1,7,3,21
80,5,2876010997474373712,0,2,2,18,2,6,3,16
81,5,2556742473257242073,0,0,0,15,4,3,1,7
82,5,3881636367721409078,0,2,2,16,6,4,2,8
83,5,-4283235462372645638,0,2,2,18,3,4,1,11
84,5,-5435618743545341167,0,1,1,16,1,3,2,7
85,5,8287095643659210833,0,2,2,18,2,5,3,14
86,5,8922802869860413870,0,3,3,17,3,3,2,6
87,5,-8768726520343391800,0,2,2,19,4,2,1,2
88,5,4372297092407986927,0,2,2,14,5,3,2,10
89,5,1825614279441251546,0,1,1,17,3,2,1,6
90,5,-8762036456603649640,0,2,2,16,3,2,1,2
91,5,3126602431026017417,0,1,1,17,1,4,1,13
92,5,-6850303691888806042,0,2,2,14,2,2,1,3
93,5,-8236622947874188139,0,4,4,17,3,3,1,5
94,5,-7308026951116254363,0,1,1,17,2,3,1,5
95,5,7503361998593243626,0,3,3,17,3,4,2,10
96,5,-5497387776322637437,0,2,2,15,2,4,3,11
97,5,-1268344063882912167,0,1,1,17,1,3,1,9
98,5,-4537393245351792801,0,4,4,16,6,4,2,14
99,5,7007109389799046027,0,3,3,18,1,6,3,14
100,5,2541384518595445350,0,0,0,20,1,4,2,8
101,5,3350996714279151922,0,0,0,18,2,5,2,12
102,5,-6122081210866785503,0,3,3,19,4,5,3,9
103,5,3642725993278335616,0,1,1,14,6,3,2,7
104,5,-6310069696443000377,0,3,3,16,5,2,1,6
105,5,1047077068562554588,0,3,3,20,1,7,3,16
106,5,-6852892927081889767,0,0,0,18,1,7,4,16
107,5,-4257256642702636589,0,4,4,17,4,4,1,13
108,5,-5029367128408372113,0,2,2,21,3,6,3,11
109,5,7607616885527668300,0,0,0,14,2,6,4,18
110,5,26434227140393485,0,2,2,20,3,6,2,14
111,5,9209768725001713919,0,3,3,15,2,5,3,16
112,5,-3085924346636983622,0,1,1,17,1,3,1,4
113,5,8675964771217511976,0,3,3,18,1,3,2,8
114,5,4907356856337128851,0,2,2,16,2,3,1,8
115,5,-4666966213610434953,0,1,1,21,3,4,1,10
116,5,-4926837390399736036,0,1,1,19,7,3,2,6
117,5,-8336891457433127094,0,1,1,16,2,3,1,10
118,5,516544900739520151,0,3,3,18,3,4,2,13
119,5,-7283127629127876067,0,1,1,18,2,4,2,7
120,5,-1032635651569392488,0,1,1,16,4,3,2,7
121,5,7769363128375121728,0,0,0,15,7,3,1,7
122,5,-430746176916896039,0,1,1,19,2,4,3,6
123,5,8651847374258448331,0,1,1,20,3,4,3,7
124,5,2224671235021342026,0,1,1,18,4,4,2,10
125,5,-1465474966042121521,0,0,0,21,1,8,3,19
126,5,5232730891868007532,0,0,0,20,1,7,3,13
127,5,1361460470342695374,0,4,4,17,3,4,1,9
128,5,-1356467568661118753,0,4,4,16,3,3,2,7
129,5,-7614506031958753172,0,2,2,18,3,6,3,19
130,5,-8971519793056376775,0,0,0,18,6,3,1,7
131,5,3022396495612605285,0,4,4,17,5,4,2,8
132,5,8290662160158026520,0,4,4,19,5,6,3,16
133,5,3843035322279117505,0,2,2,14,7,2,2,4
134,5,-5189416922603801478,0,3,3,16,5,3,3,5
135,5,-5124300315598734522,0,2,2,19,6,1,1,5
136,5,3837517114234352203,0,3,3,19,1,5,2,11
137,5,-2950185444045550802,0,0,0,14,7,6,4,18
138,5,426757442594773823,0,1,1,15,4,2,1,5
139,5,-4820788126042546662,0,3,3,15,5,2,2,6
140,5,5946862575678741986,0,1,1,17,2,3,2,9
141,5,8974981299390694470,0,4,4,19,1,6,2,17
142,5,-6087080048868049684,0,1,1,17,1,3,1,11
143,5,-3281028519374219011,0,1,1,14,5,3,2,4
144,5,8805111005440957657,0,0,0,16,5,5,3,14
145,5,-945914340663370674,0,1,1,21,2,4,1,9
146,5,3620470311692998329,0,0,0,18,1,4,1,10
147,5,-7847918107806780417,0,0,0,20,2,6,3,12
148,5,-1981419207827807164,0,3,3,16,2,5,3,15
149,5,8917890496236750785,0,3,3,20,2,3,1,5
150,5,2436476489404250417,0,3,3,17,5,4,3,9
151,5,-8587433980523025243,0,3,3,13,3,4,3,15
152,5,-6769828358835675705,0,1,1,16,3,3,1,7
153,5,-3332833132237761586,0,0,0,16,4,4,1,14
154,5,6975984797426359987,0,1,1,21,1,5,2,8
155,5,-6059495332086747032,0,4,4,19,3,7,4,18
156,5,4452296053357995548,0,0,0,15,3,4,1,12
157,5,-4323948211146815272,0,1,1,16,1,2,1,5
158,5,3776308515824177652,0,0,0,18,2,5,2,9
159,5,-2448083839464855756,0,0,0,14,3,4,2,15
160,5,-2641245394580726895,0,1,1,14,7,3,2,6
161,5,2192876119456537845,0,1,1,17,2,4,2,8
162,5,-6690699831491533701,0,4,4,16,1,3,1,9
163,5,-8242276007236563477,0,3,3,19,1,6,3,17
164,5,-5642516344152327033,0,2,2,17,1,4,2,11
165,5,-3238749104845523344,0,1,1,18,3,3,2,5
166,5,-2814418992306178780,0,2,2,15,8,1,1,1
167,5,-5673131306224066336,0,3,3,21,4,5,2,13
168,5,29831252693456372,0,4,4,15,1,3,2,8
169,5,7016585409083752008,0,1,1,18,1,5,2,17
170,5,908195957096416926,0,1,1,17,3,4,2,10
171,5,-7531173376727640483,0,2,2,17,3,3,1,9
172,5,7209757496494277090,0,3,3,16,8,2,1,6
173,5,5291995938437694126,0,1,1,16,3,4,3,12
174,5,5880094698660718061,0,2,2,18,3,4,1,13
175,5,-7265269715823122147,0,1,1,17,8,2,1,6
176,5,-4873275261915122194,0,0,0,14,2,5,3,18
177,5,-1159345103379502709,0,3,3,18,4,3,1,11
178,5,-5555833939274768152,0,3,3,18,3,5,2,12
179,5,-6221400059438910766,0,0,0,21,4,7,3,19
180,5,-5951664687497584183,0,2,2,17,4,2,1,5
181,5,-5112357295890222344,0,4,4,18,1,3,1,6
182,5,-1298152709108151108,0,2,2,17,4,4,2,15
183,5,-6119810466464770400,0,0,0,20,1,7,3,19
184,5,2502297348298907067,0,1,1,15,2,5,4,15
185,5,5240029132549311427,0,3,3,16,2,4,1,10
186,5,2849857456777649255,0,2,2,19,6,2,2,4
187,5,5357231713588214688,0,1,1,14,9,1,1,5
188,5,2470418174820690203,0,2,2,14,3,4,3,11
189,5,-4205413717588758543,0,3,3,15,5,4,2,16
190,5,-190994909066885314,0,2,2,20,3,6,2,15
191,5,5643015977550698334,0,1,1,16,4,4,3,12
192,5,-6149718818074887976,0,3,3,20,1,4,1,9
193,5,-5292947416913470154,0,3,3,19,2,4,1,9
194,5,7725237031423721319,0,1,1,17,1,4,2,10
195,5,-5657309207377328036,0,1,1,15,3,4,2,15
196,5,5671188520636863987,0,4,4,17,3,4,2,9
197,5,-8067556877535570561,0,0,0,17,3,3,1,6
198,5,1388559965909645408,0,1,1,20,6,5,3,14
199,5,-1541781829703729011,0,2,2,20,4,6,3,15
200,5,-4692008703275938814,0,2,2,13,6,3,3,11
201,5,5921825753287209320,0,4,4,17,1,3,1,8
202,5,-7215400166977438346,0,0,0,18,4,5,3,11
203,5,7205195152113270746,0,1,1,20,2,4,2,8
204,5,8555390363154737071,0,4,4,18,1,4,2,12
205,5,-6544356438121168186,0,3,3,17,4,4,2,13
206,5,-24092370755839921,0,3,3,16,2,5,2,10
207,5,-840322277581955423,0,3,3,15,4,3,2,7
208,5,5998048010865198391,0,2,2,17,1,6,4,18
209,5,-4847606256852973793,0,2,2,20,1,5,3,9
210,5,-2380848368725129375,0,2,2,17,2,5,3,9
211,5,5147840700923570224,0,0,0,20,3,4,1,11
212,5,-1353014960296005908,0,1,1,15,1,5,3,16
213,5,-1598501290525054419,0,2,2,14,5,1,1,2
214,5,1961923140490118264,0,3,3,19,2,6,4,17
215,5,-8505615486224464562,0,3,3,18,3,6,3,16
216,5,3517719450423692212,0,0,0,20,4,3,1,9
217,5,3105389479535564896,0,1,1,19,1,4,2,7
218,5,5214840725170559796,0,0,0,17,2,4,2,10
219,5,6293562631990310579,0,0,0,15,2,6,3,19
220,5,-3335407372536324729,0,4,4,19,1,5,2,18
221,5,4329349046570819928,0,0,0,18,5,3,1,8
222,5,-3946251753802068088,0,3,3,14,3,4,2,10
223,5,-2497641178949689460,0,2,2,17,7,3,2,5
224,5,-1598467579073753100,0,0,0,19,2,5,2,8
225,5,-7219157151722771858,0,4,4,19,3,3,1,4
226,5,-4661110030385310659,0,0,0,21,2,8,4,19
227,5,7268898499307905016,0,0,0,19,2,7,3,18
228,5,5073513302777484957,0,0,0,16,4,6,3,13
229,5,-4340584654648921812,0,0,0,18,1,7,3,15
230,5,5747655616131207533,0,3,3,15,2,5,2,15
231,5,-853986668421251187,0,1,1,14,9,1,1,3
232,5,-6485978991128421450,0,1,1,15,1,4,3,7
233,5,5768638224355024336,0,3,3,15,4,4,3,10
234,5,2458075869634312968,0,1,1,15,8,1,1,2
235,5,-8489808341758400557,0,1,1,15,1,4,3,12
236,5,8024946309956992650,0,0,0,18,4,6,2,17
237,5,3052355172840400334,0,0,0,16,1,4,2,9
238,5,7442647678929516370,0,1,1,22,1,5,2,10
239,5,-8626307378104996153,0,2,2,16,4,3,1,10
240,5,4089073642559267318,0,1,1,16,3,2,1,3
241,5,-2236296439523492277,0,1,1,18,2,2,1,7
242,5,3016743768788637027,0,0,0,20,3,6,2,15
243,5,4188166251872219482,0,3,3,19,3,7,4,21
244,5,-3762730370391684372,0,1,1,22,1,8,4,15
245,5,3740820769933958818,0,3,3,18,2,3,1,9
246,5,2497223835397723045,0,3,3,16,1,3,1,6
247,5,1245211740268461552,0,4,4,18,3,6,3,17
248,5,3596120228953640690,0,4,4,19,4,4,1,11
249,5,-8485958391061015837,0,1,1,17,1,5,3,15
250,5,-3530187989459650982,0,4,4,15,1,3,1,12
251,5,1557329990257135330,0,1,1,19,1,5,3,12
252,5,-5014070775909231968,0,2,2,15,7,2,1,8
253,5,8185066700082241103,0,1,1,16,7,2,1,6
254,5,1187857640806559252,0,1,1,18,5,5,3,15
255,5,4592621929158808828,0,0,0,18,3,5,2,14
256,5,-2733519790676682714,0,0,0,18,2,4,1,6
257,5,-9010965276370915874,0,2,2,18,5,3,2,8
258,5,3441661738905144891,0,2,2,18,1,4,2,13
259,5,-1194913879455673857,0,1,1,18,1,4,2,10
260,5,4193196702897053123,0,1,1,18,1,4,2,10
261,5,506810623762930361,0,2,2,20,1,5,2,12
262,5,-5265939102537952373,0,3,3,16,3,4,3,7
263,5,8342510994338939680,0,0,0,24,1,5,1,5
264,5,5449764782182861903,0,1,1,17,3,4,1,14
265,5,9057600608023772352,0,2,2,17,2,6,3,15
266,5,4141399907197696659,0,4,4,19,4,5,3,11
267,5,-6377290153117213817,0,4,4,17,1,3,1,9
268,5,4028413048081249714,0,0,0,18,2,6,2,18
269,5,-4936952770567959292,0,2,2,18,3,5,2,15
270,5,-3833402471891802570,0,1,1,17,3,5,3,14
271,5,-611234609857737006,0,4,4,20,2,4,1,6
272,5,1836329554843149162,0,2,2,17,3,5,2,14
273,5,-6271604032169027506,0,2,2,15,1,2,1,5
274,5,-7649378181101267410,0,2,2,21,2,5,3,10
275,5,-4117742096427242609,0,3,3,20,2,5,2,12
276,5,-426418587539229430,0,1,1,16,5,3,1,7
277,5,-3482144798703779433,0,4,4,18,1,4,1,12
278,5,-4380576730621465212,0,2,2,21,1,4,1,7
279,5,471985320383546821,0,4,4,16,1,4,1,19
280,5,3767412502644510389,0,1,1,16,1,3,1,11
281,5,-3981726802433878898,0,1,1,17,1,4,2,9
282,5,-7129907778307929831,0,4,4,17,5,4,2,7
283,5,353075872508588396,0,2,2,15,5,4,2,8
284,5,8933881702211590055,0,1,1,17,1,4,1,12
285,5,5870060683144538133,0,0,0,18,4,5,1,13
286,5,-6167737670428187103,0,2,2,18,1,4,2,9
287,5,-1481915643660530448,0,1,1,19,1,5,2,15
288,5,-42555890764871508,0,3,3,17,6,3,2,8
289,5,4789677843557388484,0,2,2,17,4,4,2,12
290,5,5603914325809731747,0,3,3,15,4,3,2,6
291,5,2257671157984811954,0,3,3,16,9,1,1,1
292,5,-3981914003719714137,0,3,3,17,1,7,4,24
293,5,-1854622150355557531,0,1,1,21,2,6,3,16
294,5,5561257292223402490,0,3,3,17,1,4,2,11
295,5,-4884363201328877433,0,2,2,17,5,4,3,13
296,5,-4139487150730386163,0,4,4,21,1,7,3,16
297,5,3760748672159352694,0,0,0,20,1,7,3,18
298,5,-8354605131265263785,0,2,2,18,4,3,2,3
299,5,-5942291489905924041,0,1,1,18,3,5,3,16
300,5,-6366786982554665881,0,1,1,25,1,6,2,11
301,5,4987517799179524522,0,2,2,17,6,3,2,8
302,5,2993790680894572604,0,2,2,17,3,4,2,8
303,5,9148108519035745279,0,2,2,21,1,6,3,14
304,5,356053416089542868,0,3,3,18,2,5,2,15
305,5,-1153170656627237272,0,4,4,19,4,5,2,12
306,5,2893755259742999810,0,1,1,15,4,4,3,8
307,5,-2846964163748940784,0,2,2,17,2,3,1,10
308,5,3066658862155213956,0,3,3,16,5,5,3,17
309,5,-2727414419329055670,0,4,4,17,3,4,2,9
310,5,-4763808482497477292,0,2,2,18,3,4,2,14
311,5,-4663998541886316019,0,0,0,18,1,8,4,25
312,5,3401440039618196030,0,1,1,16,1,5,3,13
313,5,8411459461634897568,0,0,0,16,4,5,3,11
314,5,7940202431231995570,0,1,1,17,1,6,3,15
315,5,2320893009249504145,0,1,1,19,3,6,3,16
316,5,-1189509341924688933,0,2,2,19,2,6,2,19
317,5,5352533821174972395,0,0,0,19,2,7,3,16
318,5,1832868611604740847,0,4,4,16,3,5,3,11
319,5,-2456234631830758233,0,3,3,16,1,3,2,7
320,5,-1089146873941124920,0,4,4,16,2,3,1,9
321,5,-4830145270073459614,0,1,1,20,1,7,3,19
322,5,4591227604811538100,0,2,2,20,4,4,2,7
323,5,-7517952184663344560,0,4,4,19,1,6,3,16
324,5,2759393873959435400,0,2,2,21,2,6,2,17
325,5,-3192076090308535184,0,0,0,17,3,5,2,11
326,5,-3518252645608431621,0,0,0,17,2,5,2,12
327,5,-6678954914849788671,0,3,3,17,7,4,3,11
328,5,1051009122719280432,0,0,0,17,4,3,1,7
329,5,-199266881384466636,0,2,2,18,2,4,2,10
330,5,-562237344018420588,0,2,2,15,6,5,4,13
331,5,4631360110322506530,0,2,2,19,1,3,1,6
332,5,-6088734372525309462,0,1,1,15,4,5,4,15
333,5,-4567376467868996353,0,4,4,16,8,3,2,9
334,5,-6043706588882026333,0,1,1,17,1,5,3,12
335,5,-2435838256127503472,0,1,1,16,2,4,3,11
336,5,6756029625274839410,0,0,0,18,3,6,3,14
337,5,3064267014396074458,0,3,3,17,4,6,4,16
338,5,-7107167595673559776,0,2,2,17,1,5,2,15
339,5,7914520723125430299,0,3,3,14,2,2,1,8
340,5,-3939801719671590756,0,0,0,19,1,7,3,20
341,5,7447551660642179069,0,1,1,17,3,3,1,9
342,5,-3312509276445913515,0,2,2,18,2,4,1,14
343,5,1671232814223333385,0,1,1,13,5,2,2,4
344,5,-8997380063345516340,0,3,3,15,4,3,2,9
345,5,7066319119836090969,0,4,4,13,2,3,2,11
346,5,2051562411276173924,0,2,2,15,5,1,1,4
347,5,6633696047227603601,0,1,1,16,1,3,1,9
348,5,8053753224416136828,0,2,2,18,3,5,2,10
349,5,8081798847255029519,0,1,1,20,4,4,2,10
350,5,1686173169983516607,0,1,1,24,1,5,2,11
351,5,-6741191890070349471,0,3,3,19,4,7,4,19
352,5,7551669735035125690,0,1,1,18,1,3,1,10
353,5,817322641040841207,0,3,3,21,2,4,1,8
354,5,-7681608518701036626,0,3,3,19,3,4,2,8
355,5,6813244192803531545,0,4,4,17,3,3,1,7
356,5,-799567251315813721,0,2,2,15,3,3,1,6
357,5,6463463733073614618,0,2,2,19,3,4,1,12
358,5,-3603365709834776371,0,3,3,16,1,4,2,12
359,5,-7475064080194904626,0,0,0,17,6,3,1,9
360,5,-7141271899617235975,0,2,2,19,3,4,1,13
361,5,-3645313680115038920,0,2,2,22,1,3,1,6
362,5,-813606537018452598,0,0,0,15,2,4,2,12
363,5,6077188741552898440,0,3,3,18,2,3,1,6
364,5,-5889240790349597319,0,2,2,18,4,3,1,9
365,5,8460047888651790403,0,1,1,19,3,4,2,5
366,5,5811333872113808043,0,1,1,22,5,4,3,7
367,5,9061771253406507715,0,3,3,17,6,3,2,5
368,5,718880064193883270,0,0,0,18,3,7,3,19
369,5,-5732102379876084766,0,2,2,16,4,5,3,16
370,5,6742280374751132102,0,2,2,17,2,3,1,9
371,5,5181125386420020466,0,3,3,15,4,2,1,7
372,5,-834104396270075759,0,1,1,21,2,3,1,6
373,5,-3132157644125213201,0,2,2,21,1,5,2,14
374,5,-466210819174466616,0,2,2,17,4,4,2,11
375,5,-6446779205686661897,0,2,2,20,3,5,3,13
376,5,-5043496799542115937,0,0,0,17,3,6,3,16
377,5,331600363706155258,0,3,3,14,5,5,4,13
378,5,2632571912175624047,0,1,1,15,4,2,1,7
379,5,7259434726428318637,0,4,4,19,3,4,2,9
380,5,7034773605526970058,0,2,2,23,4,4,2,5
381,5,-2378807064512389437,0,3,3,21,5,7,4,11
382,5,7044002907889436624,0,2,2,13,5,1,1,2
383,5,-7467986275928762273,0,1,1,19,2,7,4,23
384,5,-7710964463403764544,0,1,1,16,3,2,1,2
385,5,-1797319639737052477,0,1,1,17,2,7,4,23
386,5,6648804362421930705,0,0,0,17,1,6,3,16
387,5,-6092895600319714483,0,3,3,16,2,4,2,11
388,5,6677731808203156546,0,1,1,15,3,5,3,16
389,5,-8290431848890866524,0,0,0,18,3,5,2,16
390,5,822470599114602416,0,4,4,21,2,4,1,7
391,5,-440745167956154322,0,0,0,16,8,2,1,3
392,5,5493254706132871335,0,1,1,14,3,4,3,9
393,5,9110007253430282949,0,3,3,18,4,5,3,16
394,5,3828546001588759930,0,4,4,16,4,4,2,13
395,5,954358573689120937,0,3,3,15,4,2,1,5
396,5,4673329353811134038,0,2,2,18,3,4,2,9
397,5,8951106077823315127,0,0,0,16,4,4,1,12
398,5,-2955788004876631659,0,2,2,16,1,3,2,7
399,5,-3074617922874386725,0,3,3,19,3,6,2,17
400,5,-2069238736506574513,0,3,3,17,5,3,2,7
401,5,5142285657910056386,0,4,4,20,3,4,1,8
402,5,-5718166377548646857,0,1,1,13,1,5,3,20
403,5,-2871135245862434860,0,2,2,19,4,4,2,8
404,5,-5470290219754087517,0,1,1,16,3,2,1,3
405,5,6513239277378205537,0,0,0,20,1,5,1,12
406,5,-1937526650582908692,0,0,0,17,1,4,1,10
407,5,4053606368753870361,0,2,2,17,3,4,2,9
408,5,-8685931211186045961,0,3,3,18,4,5,3,8
409,5,753476599907605441,0,1,1,18,1,5,2,14
410,5,7629449046163267860,0,2,2,21,1,7,3,12
411,5,-7165006901954417628,0,1,1,12,1,4,3,16
412,5,-278983357706912762,0,3,3,18,1,3,1,8
413,5,6679654565873428551,0,0,0,17,2,5,2,8
414,5,-4190755768947603870,0,2,2,16,4,3,2,8
415,5,8738829291820281567,0,1,1,20,1,5,2,12
416,5,-6408956391818137828,0,4,4,16,1,3,2,5
417,5,6080893915112984583,0,1,1,17,1,6,3,14
418,5,8338116970483255134,0,1,1,17,3,5,3,14
419,5,-765449995369154515,0,3,3,16,2,3,1,10
420,5,7206399308001339547,0,0,0,17,2,4,1,12
421,5,-4702905487158716851,0,3,3,16,6,3,2,7
422,5,1597001207848986596,0,0,0,17,2,4,1,10
423,5,-5991885943191703198,0,3,3,21,1,3,1,5
424,5,8732933234154285690,0,4,4,16,2,4,2,9
425,5,-8548631991035879144,0,4,4,17,4,3,1,11
426,5,-8215727050752168029,0,0,0,14,3,6,3,23
427,5,-2619328012761457211,0,1,1,17,5,6,3,15
428,5,182458834583790529,0,2,2,17,1,6,2,16
429,5,-9162346926953260134,0,2,2,14,6,1,1,2
430,5,-1369199353322860385,0,2,2,19,2,5,2,11
431,5,1299309702837331221,0,3,3,13,6,3,3,8
432,5,7441283111589658382,0,3,3,19,6,3,1,4
433,5,-1384188605853914951,0,3,3,17,1,5,2,9
434,5,3640669997955440048,0,1,1,21,1,5,2,13
435,5,7981275472775572993,0,3,3,13,4,5,4,12
436,5,8283764711150764307,0,3,3,18,2,4,2,9
437,5,-2352370805791922799,0,4,4,24,2,6,2,10
438,5,-5147310076202069759,0,1,1,20,2,4,1,7
439,5,-9201325968796251985,0,2,2,18,4,2,1,8
440,5,655144395457361685,0,2,2,14,6,2,1,6
441,5,3908628233485368304,0,0,0,17,1,7,3,20
442,5,4259219119874400913,0,1,1,19,2,5,2,12
443,5,6492006978787436854,0,0,0,19,1,5,1,11
444,5,5824038880760083823,0,3,3,14,3,2,1,4
445,5,4287545667298051289,0,0,0,21,1,7,2,18
446,5,7863954918594178741,0,0,0,14,5,6,4,17
447,5,2259789538798252579,0,4,4,18,3,3,1,7
448,5,-6583220104838502899,0,2,2,14,2,2,1,5
449,5,-8309676404741965054,0,2,2,16,1,4,2,9
450,5,2397235078220737684,0,1,1,22,1,5,1,13
451,5,4699390104985784056,0,2,2,19,2,5,3,13
452,5,-8655620574724659470,0,2,2,18,1,5,3,13
453,5,8012186223757638997,0,3,3,16,6,2,1,5
454,5,2749848532295906474,0,2,2,15,2,5,3,12
455,5,-1013635701383389528,0,2,2,21,2,4,1,7
456,5,7094131107054975154,0,2,2,17,4,5,3,13
457,5,67079307814084979,0,2,2,15,9,2,2,4
458,5,1802229122610337605,0,2,2,19,4,7,4,17
459,5,-2622746272502387171,0,2,2,20,3,4,3,10
460,5,-3949227922422858504,0,1,1,18,6,2,1,2
461,5,-4289042721400056276,0,4,4,20,1,6,3,16
462,5,-7289428355998612725,0,0,0,16,5,4,2,10
463,5,-241695527116750157,0,0,0,18,3,4,1,12
464,5,-6364886391143316223,0,3,3,23,1,6,2,10
465,5,-2273530337300556280,0,3,3,16,3,5,3,15
466,5,-8688392759291413645,0,2,2,19,1,4,1,10
467,5,-6279954669395217222,0,2,2,18,1,5,2,15
468,5,-5304247503455899616,0,1,1,14,6,3,1,10
469,5,708007719791634881,0,3,3,17,3,2,1,4
470,5,505129841863794503,0,2,2,17,1,5,4,15
471,5,1287486904444099063,0,3,3,17,3,7,4,16
472,5,5096072508755630648,0,2,2,15,2,4,3,9
473,5,8742498532144020167,0,0,0,16,8,4,2,14
474,5,-7625610483566936280,0,1,1,16,4,3,2,7
475,5,7380182592402866211,0,2,2,18,2,3,1,6
476,5,-7781326526565967291,0,1,1,16,4,2,1,7
477,5,8945088625879987643,0,1,1,15,2,3,2,6
478,5,7601489115278246922,0,1,1,19,2,5,3,9
479,5,-8388658742111897749,0,3,3,15,7,3,1,6
480,5,8620979480002941139,0,2,2,18,6,3,2,9
481,5,2924365767143193844,0,1,1,18,3,4,2,7
482,5,-1953688382615706189,0,3,3,16,3,6,4,19
483,5,-5771253704239338258,0,1,1,19,2,4,2,10
484,5,-7778348975659547003,0,1,1,17,4,4,2,10
485,5,9190655018936085245,0,4,4,16,1,6,3,20
486,5,4091395485076812097,0,3,3,17,4,2,1,4
487,5,8955899908250686786,0,2,2,16,5,3,1,9
488,5,-3961763867478205808,0,1,1,16,1,2,1,6
489,5,-3767739475351788267,0,1,1,16,4,5,3,13
490,5,-7390507330521440351,0,1,1,19,2,4,2,10
491,5,8271665169127991024,0,1,1,17,2,6,3,20
492,5,691807103339905341,0,2,2,19,1,7,3,23
493,5,6915051682548907437,0,3,3,18,5,4,3,9
494,5,-1214507360614351848,0,1,1,16,3,5,3,12
495,5,2297474915129042164,0,0,0,14,3,4,2,12
496,5,8835966317586977386,0,2,2,17,3,4,1,10
497,5,-1261574111467706642,0,2,2,17,4,5,3,13
498,5,5771867014127409854,0,1,1,18,1,3,1,6
499,5,2215001555593705790,0,3,3,17,2,3,1,10
500,5,1631183689968052234,0,3,3,18,2,3,1,8
501,5,-7895992092184021712,0,0,0,14,1,3,1,14
502,5,1090010200436399870,0,3,3,18,4,5,3,9
503,5,-7666429517588455629,0,2,2,16,5,3,2,8
504,5,-963728968369320800,0,2,2,19,1,5,2,12
505,5,5625747461391298948,0,0,0,19,2,7,3,22
506,5,-6007433476670008808,0,1,1,21,4,5,3,8
507,5,-4943281702996779476,0,1,1,18,2,5,3,8
508,5,-6558658218656286264,0,1,1,18,2,7,4,21
509,5,3468304562144377900,0,3,3,15,2,3,1,8
510,5,-9122018711400068705,0,0,0,22,4,6,2,13
511,5,3167657053855978485,0,0,0,19,1,7,2,23
512,5,4502928103781623471,0,2,2,16,2,4,2,7
513,5,-8479868467629211875,0,2,2,20,3,5,2,11
514,5,-8272831089411465732,0,1,1,15,7,3,3,8
515,5,5528419593055883088,0,2,2,20,1,5,2,14
516,5,-4946096044363225450,0,2,2,18,1,5,3,10
517,5,-6602694869557219196,0,2,2,16,2,4,2,12
518,5,7860098468719243497,0,0,0,15,6,3,1,12
519,5,-4059373647691924880,0,0,0,15,4,4,2,9
520,5,-3422683990109087918,0,1,1,18,4,2,1,6
521,5,2191833176427652414,0,4,4,16,3,3,1,10
522,5,2320977485372998646,0,0,0,16,5,3,1,8
523,5,3372472370515219838,0,0,0,20,1,5,2,13
524,5,9196961642534035407,0,3,3,20,2,6,4,16
525,5,-4174276368278457506,0,2,2,18,2,5,3,13
526,5,-1490086673694351609,0,0,0,23,2,7,4,14
527,5,3359944516664099096,0,4,4,18,3,4,1,9
528,5,-1519119564038422904,0,2,2,20,5,3,1,4
529,5,-449277456985955157,0,2,2,21,1,7,3,17
530,5,6780643421540107987,0,0,0,15,3,6,3,24
531,5,5924391909141584077,0,4,4,21,3,6,2,16
532,5,8585930323063154705,0,2,2,19,2,4,1,7
533,5,-3009956243572934369,0,4,4,19,3,5,2,12
534,5,3993718459332363111,0,1,1,16,8,2,1,3
535,5,4606419796508958114,0,1,1,17,6,2,2,6
536,5,7622991739202647438,0,2,2,15,6,5,3,17
537,5,5915879600702503273,0,3,3,17,4,2,1,4
538,5,-6349218183755991390,0,0,0,18,3,6,3,18
539,5,-9086540292151381872,0,2,2,17,1,3,1,11
540,5,-3007621923965492423,0,1,1,20,2,5,2,10
541,5,2020590165834619244,0,1,1,18,2,4,2,12
542,5,4341795819650122423,0,1,1,17,1,3,1,7
543,5,7047391059534322947,0,1,1,18,3,7,4,19
544,5,-2565509465519120673,0,1,1,18,6,3,1,10
545,5,-8653051245477401922,0,1,1,19,1,5,3,13
546,5,-8379104972864094035,0,1,1,20,2,3,1,6
547,5,1982502622682297180,0,2,2,19,3,4,2,11
548,5,-1158146048972036508,0,3,3,15,5,2,1,6
549,5,1716943521475895082,0,0,0,15,5,5,3,15
550,5,-6912001651674790174,0,1,1,19,2,3,2,6
551,5,-5859909968547040400,0,0,0,20,1,5,2,9
552,5,2257743539211220538,0,4,4,16,8,2,1,7
553,5,3900783325912324910,0,2,2,16,4,4,2,11
554,5,-1134117603461365884,0,3,3,20,1,5,2,14
555,5,-2064035397229263096,0,1,1,17,2,6,4,13
556,5,1624125300673906670,0,0,0,18,3,3,1,7
557,5,-8812065308697732994,0,2,2,15,1,4,2,12
558,5,-5780653784626049257,0,2,2,17,2,4,1,13
559,5,-6183573279048922017,0,1,1,16,8,3,2,9
560,5,-1712187466088734564,0,0,0,15,4,5,2,14
561,5,-4175816567338788737,0,0,0,18,3,6,3,18
562,5,2883006854819662578,0,2,2,14,5,6,4,20
563,5,-2538731276127981401,0,4,4,20,1,5,3,10
564,5,9138127877884768117,0,3,3,17,1,6,4,14
565,5,-6265045117529938228,0,3,3,17,5,3,1,6
566,5,-3856577742269202495,0,4,4,17,1,5,2,18
567,5,-8703444824833926524,0,1,1,16,1,4,2,9
568,5,-852699686322455488,0,2,2,16,1,2,1,5
569,5,2343581861657226165,0,1,1,14,4,3,2,10
570,5,-5948030483708983292,0,1,1,20,3,6,3,18
571,5,5768996791695729807,0,0,0,16,2,7,4,23
572,5,-729263075550616105,0,3,3,17,2,3,1,7
573,5,-7371227935676969285,0,2,2,20,1,5,3,10
574,5,3353965954389095055,0,3,3,19,3,3,2,6
575,5,5186073235412707284,0,1,1,14,6,2,2,6
576,5,-3920871824556724059,0,2,2,14,4,3,2,8
577,5,6158644969080056086,0,2,2,17,3,3,2,7
578,5,-8563106058492724984,0,2,2,17,2,3,1,6
579,5,7419094898876356180,0,2,2,19,2,5,2,10
580,5,8895267235172984111,0,0,0,16,3,4,2,14
581,5,-8363620574915098577,0,2,2,24,1,6,2,12
582,5,5258381791508727405,0,0,0,15,1,4,1,14
583,5,4687353338123085188,0,1,1,17,1,4,2,12
584,5,4542484101697404552,0,4,4,18,1,6,4,10
585,5,5950062684538421286,0,4,4,17,3,4,1,11
586,5,-6719756618498863733,0,1,1,19,1,6,3,14
587,5,617350330728548556,0,2,2,17,1,2,1,5
588,5,1238229920545614043,0,1,1,18,1,6,3,16
589,5,5490973947136200269,0,3,3,17,4,3,2,5
590,5,-1716042895111245945,0,1,1,18,6,3,2,7
591,5,-3996769956044063734,0,3,3,21,1,6,3,12
592,5,3993520891512639460,0,2,2,15,4,5,3,17
593,5,166748145512450986,0,1,1,13,4,5,3,20
594,5,9058053103947821657,0,1,1,19,1,6,3,12
595,5,-2462161291655913972,0,2,2,19,2,3,1,8
596,5,5778042927352741239,0,1,1,19,3,4,2,11
597,5,7470778025340776313,0,1,1,16,3,4,2,7
598,5,-922914274036021428,0,3,3,16,4,4,3,9
599,5,1880401453447469849,0,3,3,13,4,5,4,12
600,5,4965927256785733624,0,2,2,17,2,4,1,13
601,5,7797723438811046312,0,1,1,21,4,3,1,5
602,5,2536152855971783040,0,2,2,14,3,3,2,8
603,5,-6374297127422597271,0,1,1,18,2,4,2,10
604,5,-7666589740181892894,0,2,2,17,1,5,3,15
605,5,-5008688377284813478,0,0,0,20,3,4,1,11
606,5,-8778520098460427160,0,3,3,18,1,5,3,11
607,5,-5107018797172291160,0,1,1,15,4,3,2,5
608,5,2562834987466167105,0,1,1,20,5,4,3,8
609,5,-5808763365851307163,0,2,2,14,5,4,3,12
610,5,4153853966842032717,0,2,2,17,3,4,3,8
611,5,5680031095572755831,0,1,1,14,1,4,2,7
612,5,-2924816978135219657,0,3,3,21,1,7,2,18
613,5,6686015133283433683,0,4,4,15,4,2,1,6
614,5,-7679288335379758392,0,0,0,20,3,6,3,14
615,5,-2747723841879853589,0,2,2,16,4,3,2,5
616,5,4358325120334329722,0,2,2,15,1,3,1,11
617,5,-1129544715355091611,0,0,0,18,4,5,2,13
618,5,-8409524851261757108,0,1,1,15,4,4,3,15
619,5,6427127429581613068,0,0,0,17,2,7,3,22
620,5,8236277473930342868,0,4,4,17,2,4,1,14
621,5,2848785449183786507,0,2,2,17,5,4,2,10
622,5,8626997488584336282,0,2,2,17,1,4,2,11
623,5,-7308515258248018600,0,4,4,19,1,5,2,14
624,5,-6722911480423832670,0,3,3,15,3,4,3,6
625,5,-7856483833668040851,0,1,1,18,2,5,2,13
626,5,8978738451720472650,0,4,4,17,2,6,3,21
627,5,-6265477635242770883,0,0,0,14,4,4,1,18
628,5,-9097117299982184106,0,3,3,16,1,3,2,8
629,5,5339019673633817701,0,0,0,18,1,5,2,12
630,5,-502036819416806071,0,3,3,17,1,4,2,13
631,5,1561971706495820962,0,0,0,23,1,7,4,16
632,5,4227131803367833590,0,2,2,16,5,2,1,2
633,5,6488321475945100419,0,0,0,19,1,3,1,6
634,5,3716572881105624661,0,2,2,18,1,6,4,13
635,5,-5494099562871396769,0,3,3,14,3,3,2,14
636,5,-7839981341878619238,0,2,2,13,6,3,2,11
637,5,-6229012718151743864,0,3,3,18,3,3,2,9
638,5,-2978443752059747453,0,1,1,17,3,3,1,9
639,5,-7640069707987232832,0,2,2,14,4,3,2,12
640,5,-189984639016206863,0,2,2,17,5,3,2,4
641,5,4946257041899733739,0,0,0,14,1,5,2,21
642,5,8138681787831965626,0,3,3,18,3,3,1,8
643,5,-7623752017310806522,0,0,0,16,6,4,2,14
644,5,-4224969475637896003,0,1,1,13,9,2,2,8
645,5,204985370822053463,0,1,1,15,9,3,3,5
646,5,-4194619193996013770,0,0,0,17,6,6,3,14
647,5,8490203674349717990,0,2,2,18,2,5,2,10
648,5,-8638696633206347694,0,0,0,19,4,7,3,25
649,5,4835106508989037611,0,1,1,20,3,5,3,14
650,5,6648830967865822725,0,2,2,15,3,2,1,6
651,5,-5700860634815221240,0,2,2,16,4,3,1,12
652,5,-6575713810337443301,0,3,3,15,4,3,1,12
653,5,619190220508180728,0,2,2,18,5,3,1,8
654,5,7301667116721720973,0,2,2,20,2,3,1,6
655,5,8242008095891398025,0,2,2,14,7,3,2,10
656,5,7635364343554618133,0,3,3,15,2,2,1,4
657,5,2025685544460719367,0,3,3,19,1,5,2,12
658,5,-4329622861373073404,0,2,2,13,2,4,2,14
659,5,-5438836071455871367,0,3,3,17,4,5,4,10
660,5,6210266950577433171,0,0,0,23,1,5,1,14
661,5,-737200404888611119,0,0,0,18,3,6,2,17
662,5,-4878756662982392585,0,2,2,16,1,3,1,10
663,5,8920886268423552094,0,1,1,17,5,3,2,8
664,5,-2324307382672929928,0,4,4,17,4,5,3,12
665,5,1954913086004804997,0,3,3,20,2,5,2,9
666,5,-7932264662440699452,0,2,2,17,4,3,1,7
667,5,5198551810820542127,0,1,1,22,1,6,2,9
668,5,-2257887682256921280,0,0,0,17,3,7,3,24
669,5,5626471401692564357,0,2,2,14,3,2,1,7
670,5,2697373206631541535,0,0,0,12,6,2,1,9
671,5,5441517379930580826,0,0,0,18,3,6,2,14
672,5,-1168719844135278601,0,2,2,18,3,3,2,8
673,5,6991120936320905449,0,1,1,19,1,4,1,8
674,5,8557586989733303441,0,1,1,20,4,3,1,3
675,5,-5638650774096782017,0,3,3,17,1,6,4,19
676,5,-6400752778337954816,0,2,2,17,6,3,1,11
677,5,-4240623976175989254,0,1,1,19,2,5,2,9
678,5,-3937985564545138956,0,1,1,15,2,2,1,4
679,5,5294667334917359283,0,3,3,15,6,3,2,9
680,5,1600794599869634639,0,2,2,18,2,5,3,15
681,5,-1153470376203876936,0,3,3,20,1,3,1,6
682,5,793572195422091000,0,2,2,19,2,4,2,12
683,5,3057293731646731262,0,1,1,16,2,3,1,10
684,5,7186387117676820719,0,1,1,17,4,3,1,7
685,5,-8832646481396522923,0,0,0,21,2,6,2,12
686,5,573150642495198114,0,3,3,17,7,3,2,6
687,5,-8542329088232195619,0,1,1,18,4,7,4,21
688,5,-937582461077236354,0,3,3,19,1,4,2,6
689,5,-3763007203866378824,0,0,0,19,2,6,2,15
690,5,-1665919282313794360,0,1,1,19,3,6,3,13
691,5,-4103793045378020352,0,0,0,18,6,5,3,13
692,5,3789201073447339948,0,3,3,15,2,5,3,19
693,5,5756727727777323003,0,2,2,18,3,3,2,4
694,5,8238891411495018902,0,1,1,16,3,2,1,5
695,5,-1635595208993380467,0,3,3,14,8,3,2,8
696,5,-6164135865759968832,0,3,3,18,4,2,1,2
697,5,-4100362900003531282,0,2,2,15,1,4,2,12
698,5,9125143586066968331,0,1,1,18,3,3,1,9
699,5,2191588464847179164,0,2,2,18,6,4,1,10
700,5,-8322353781072388845,0,1,1,19,3,3,1,6
701,5,3281640547462770065,0,0,0,17,1,6,3,15
702,5,3892692370344515197,0,2,2,17,1,3,1,8
703,5,-7399693291743179336,0,2,2,18,6,2,1,7
704,5,-1610791526232962926,0,3,3,19,1,7,3,19
705,5,-2927663709528615267,0,3,3,18,2,3,1,7
706,5,-7281611839672380399,0,1,1,20,4,3,2,6
707,5,1583135794432778340,0,0,0,16,1,4,1,11
708,5,1674279721760311104,0,0,0,16,1,6,2,13
709,5,-6082288165486424836,0,0,0,19,2,5,1,11
710,5,1917131537105642820,0,2,2,19,2,3,1,9
711,5,-7530555278359391852,0,0,0,19,2,5,2,15
712,5,-4672151539449229646,0,2,2,17,2,4,3,12
713,5,555994956041708365,0,2,2,16,2,3,1,8
714,5,-858479477806375067,0,3,3,15,7,2,2,6
715,5,9079781933193493296,0,1,1,18,2,5,3,14
716,5,-2082298428142365295,0,3,3,17,3,5,3,12
717,5,-2631853359219137183,0,4,4,19,6,2,1,3
718,5,8272108122645894680,0,2,2,17,2,6,3,16
719,5,-1804644792757170283,0,0,0,17,4,5,2,17
720,5,-5064672959663660516,0,0,0,17,5,6,3,16
721,5,7219511737277237953,0,1,1,14,1,4,3,15
722,5,3101419038066758100,0,4,4,20,1,5,3,11
723,5,7377788135683617811,0,0,0,18,1,4,1,8
724,5,6970640389417347235,0,4,4,18,3,4,2,11
725,5,-8098276914537826011,0,1,1,18,1,4,1,13
726,5,-6784287251333163418,0,2,2,20,4,6,3,12
727,5,-8341414928140162192,0,0,0,19,2,5,1,13
728,5,-193981059351578099,0,1,1,20,2,4,2,12
729,5,8525489991394072318,0,1,1,15,2,2,1,5
730,5,829276838110460268,0,2,2,15,2,5,3,18
731,5,6109414502816862307,0,2,2,21,4,5,2,7
732,5,717373498097271379,0,2,2,16,3,2,1,5
733,5,-8219475623683346963,0,0,0,15,6,5,3,14
734,5,1611192206832666843,0,2,2,17,5,3,2,5
735,5,-7515601645813833702,0,0,0,15,5,5,3,11
736,5,4616027628173645570,0,2,2,15,4,2,1,5
737,5,3159937691045338442,0,0,0,18,2,4,1,13
738,5,704969445051236730,0,1,1,15,2,3,1,10
739,5,-4219457174414863179,0,0,0,19,5,4,2,8
740,5,-4555937777064946243,0,1,1,18,3,3,1,9
741,5,-5681405390757585762,0,0,0,19,3,6,2,17
742,5,-2630460332156054172,0,1,1,15,1,5,3,17
743,5,-4114903090789658680,0,1,1,18,3,4,2,8
744,5,-2330373555703934279,0,3,3,16,2,6,3,20
745,5,4673908465503604265,0,1,1,17,4,3,1,11
746,5,4578111394877702794,0,3,3,20,4,4,2,9
747,5,-6957574278587181859,0,0,0,17,1,7,3,23
748,5,4003786049401558848,0,1,1,17,2,5,3,19
749,5,3592986233089040733,0,3,3,16,1,7,4,22
750,5,2419619277793114415,0,4,4,15,2,2,1,5
751,5,-8792027644306631696,0,3,3,17,4,4,2,13
752,5,-9189503949451792338,0,1,1,14,4,4,3,15
753,5,-8790022744064735904,0,0,0,17,1,5,2,13
754,5,7527975708339589738,0,0,0,13,5,3,2,10
755,5,-8827203254327786511,0,2,2,17,3,3,1,11
756,5,-911420653835056009,0,1,1,14,5,4,3,16
757,5,-8047784705244206194,0,0,0,16,6,4,2,12
758,5,6851519547912541863,0,1,1,15,4,5,3,14
759,5,6497175321026858309,0,4,4,17,7,2,1,5
760,5,-1781767952397210721,0,1,1,18,1,5,2,17
761,5,-7194196643684967947,0,2,2,18,4,4,2,10
762,5,-6924096408651377626,0,0,0,19,3,6,3,12
763,5,3188143530024043590,0,4,4,17,5,4,2,8
764,5,-5097771795945448384,0,4,4,17,2,5,3,12
765,5,-2879779816402793000,0,2,2,14,9,2,2,6
766,5,-1512512430590179973,0,2,2,18,1,7,4,19
767,5,-137734319784184898,0,1,1,20,2,4,2,11
768,5,-97253082904982904,0,2,2,17,2,5,2,17
769,5,-130114716305478099,0,1,1,18,3,5,3,18
770,5,-2290761710654142452,0,1,1,15,4,4,2,16
771,5,2239006509502019440,0,0,0,16,3,6,4,17
772,5,8651133502603861688,0,1,1,19,7,6,4,20
773,5,3903283307883040287,0,0,0,15,2,5,3,13
774,5,3577880227487621783,0,1,1,15,3,3,2,8
775,5,-5093040269901207921,0,3,3,19,1,3,1,5
776,5,4107852913113443238,0,2,2,22,2,5,1,10
777,5,8225596696272879500,0,2,2,18,5,3,2,8
778,5,-8853890235031118935,0,2,2,16,2,4,3,14
779,5,-7173034446263890363,0,2,2,15,4,4,2,12
780,5,-76374265160749764,0,0,0,14,3,6,4,15
781,5,1988824082467927431,0,2,2,20,4,5,3,17
782,5,-1962233599402074073,0,1,1,17,2,3,1,9
783,5,-4913695286534046674,0,2,2,14,5,3,2,8
784,5,-4594394905922447625,0,0,0,16,2,4,1,11
785,5,4222444361552426711,0,2,2,19,1,4,1,9
786,5,5911613344523860425,0,1,1,19,4,2,1,3
787,5,8271804960806803674,0,3,3,14,2,2,1,7
788,5,1320267479660524136,0,3,3,15,3,3,2,8
789,5,7194103254041518199,0,2,2,18,3,5,3,12
790,5,-4026641994589874790,0,2,2,17,3,4,3,7
791,5,-8764551643818143154,0,1,1,19,4,4,2,14
792,5,2596527542970092982,0,1,1,17,4,6,3,18
793,5,-6826919594218997740,0,1,1,19,1,6,3,17
794,5,-4823079973850850694,0,2,2,15,3,3,2,9
795,5,489730088253757059,0,3,3,16,2,4,2,12
796,5,-5773421119804311013,0,3,3,17,6,1,1,4
797,5,4155261230267338386,0,3,3,19,6,5,3,11
798,5,-330164777305796708,0,2,2,20,2,6,3,14
799,5,-6256768559648825882,0,3,3,19,2,5,2,11
800,5,8633697779525851747,0,2,2,17,5,3,1,7
801,5,-5481153512862682489,0,0,0,17,5,4,3,7
802,5,-9217557798315830520,0,0,0,20,5,7,3,16
803,5,-1416435549025876521,0,1,1,19,4,4,2,9
804,5,-7878232968117780112,0,3,3,18,1,6,3,18
805,5,-5580272034045529409,0,2,2,18,2,3,1,8
806,5,-2114092845510090726,0,2,2,17,3,7,4,21
807,5,7008773506911189802,0,1,1,17,3,3,2,7
808,5,1249416590871421112,0,0,0,19,1,5,2,9
809,5,5525289587461976246,0,2,2,20,5,5,3,12
810,5,-5720267782895475199,0,0,0,16,3,5,2,16
811,5,-4979661588885277527,0,1,1,16,4,4,3,10
812,5,5218731115621893829,0,1,1,17,3,5,3,12
813,5,6475334729444770593,0,2,2,19,1,3,2,7
814,5,997950650801794625,0,0,0,18,1,5,2,17
815,5,-2441883868180677233,0,2,2,17,3,5,3,17
816,5,6406274821311802804,0,2,2,18,2,2,1,4
817,5,-4738992337090729883,0,3,3,16,3,5,4,10
818,5,-2330831161671281871,0,1,1,18,3,5,3,9
819,5,460802687263215630,0,0,0,14,7,4,2,12
820,5,7564158801102363063,0,2,2,16,2,5,3,14
821,5,2648120257888651550,0,3,3,19,1,5,1,15
822,5,-4532208821077834114,0,3,3,15,2,4,2,11
823,5,4043394766966587338,0,0,0,19,2,7,3,16
824,5,6646346769445488531,0,4,4,20,1,7,3,15
825,5,-4775130822827210086,0,3,3,17,3,4,3,8
826,5,166594811644143527,0,1,1,17,3,4,1,10
827,5,-6505933228395760548,0,3,3,19,3,4,1,12
828,5,-4554272596639978718,0,3,3,19,2,2,1,6
829,5,-8652608511541776036,0,1,1,18,2,5,2,11
830,5,-132218690150864258,0,1,1,17,2,7,4,18
831,5,7003117984512308177,0,1,1,20,1,6,3,14
832,5,1512063312311877075,0,2,2,15,1,3,1,8
833,5,7110199232971985817,0,4,4,20,1,7,3,19
834,5,2624218924945329581,0,1,1,18,1,4,1,15
835,5,-5795661303037149911,0,2,2,16,2,6,3,22
836,5,9204180384875420965,0,3,3,17,3,5,3,9
837,5,-6334501830604252226,0,2,2,15,3,2,1,8
838,5,3480148326006513967,0,1,1,17,1,6,3,21
839,5,-7469441834072739112,0,0,0,17,1,5,3,13
840,5,-7791341947657881297,0,2,2,15,2,3,1,10
841,5,6208533372828539624,0,0,0,17,1,4,2,11
842,5,2736270323286269138,0,3,3,16,1,4,2,12
843,5,-2953661748661283513,0,3,3,17,6,2,1,3
844,5,-4840264240840944869,0,1,1,20,2,4,1,9
845,5,-2433187147262170262,0,0,0,19,1,5,2,13
846,5,-2625617452749781316,0,1,1,16,4,3,2,7
847,5,2972901159648906580,0,2,2,18,3,5,2,10
848,5,-9115585146415477849,0,1,1,15,4,5,3,18
849,5,-8474167496347032757,0,2,2,16,4,3,2,10
850,5,324834713615739363,0,1,1,16,6,2,1,5
851,5,1179732107970774734,0,3,3,15,3,5,3,15
852,5,-2283476506104036957,0,2,2,13,8,1,1,5
853,5,618605415004559045,0,2,2,19,2,2,1,2
854,5,-1116525566358037357,0,2,2,15,2,3,1,12
855,5,-9157767488421831942,0,3,3,21,1,6,2,14
856,5,-6504065248216170379,0,1,1,15,4,3,2,6
857,5,1402250684060756679,0,2,2,17,4,4,2,11
858,5,8166243931981911788,0,3,3,17,1,6,3,21
859,5,-6357000498665043183,0,0,0,19,4,6,3,15
860,5,-4271185767796932968,0,3,3,16,2,5,3,12
861,5,7020514506693261172,0,1,1,18,1,5,2,15
862,5,-6541761074080704158,0,3,3,17,4,5,3,15
863,5,-2292601268234007873,0,3,3,18,4,5,3,14
864,5,7411278621617810456,0,3,3,18,2,4,2,10
865,5,-408510961777870174,0,4,4,18,2,5,2,15
866,5,-5356899636786748613,0,3,3,16,8,2,1,4
867,5,3613240337070889638,0,1,1,16,5,4,2,11
868,5,-6903427084377763561,0,0,0,17,2,4,1,7
869,5,-3125043248384468388,0,3,3,20,4,6,3,12
870,5,-808187802581370604,0,1,1,19,3,5,3,12
871,5,3855847289713324761,0,3,3,22,2,4,2,6
872,5,8154599158035840076,0,1,1,17,1,4,2,11
873,5,2536057287361656673,0,2,2,18,4,4,3,7
874,5,2713352589099154269,0,0,0,16,5,6,3,21
875,5,121986182723566945,0,2,2,20,6,2,1,4
876,5,492120859338080639,0,4,4,15,3,4,3,11
877,5,932965167853211554,0,2,2,17,2,3,1,8
878,5,2749490683366280408,0,3,3,15,1,2,1,7
879,5,-1835400132900085572,0,3,3,15,4,2,1,6
880,5,-544532904998189042,0,0,0,18,2,4,1,14
881,5,-6917033186577616696,0,4,4,17,1,4,1,11
882,5,-6676749848310281954,0,2,2,17,1,5,3,11
883,5,504570887083367000,0,0,0,13,5,2,1,5
884,5,-7546766209561466516,0,1,1,13,7,4,3,14
885,5,-5613479591278085461,0,0,0,13,3,5,3,17
886,5,-333886308814157030,0,1,1,18,2,4,2,11
887,5,-7872283810477020899,0,0,0,16,3,7,4,19
888,5,4889644907610627996,0,3,3,14,5,4,3,18
889,5,599548626099171804,0,2,2,18,1,6,4,11
890,5,-979640624624254068,0,2,2,18,2,6,4,15
891,5,5155796667806582752,0,2,2,17,5,3,2,9
892,5,2476665614246085562,0,3,3,15,3,2,1,3
893,5,-8027088702960836068,0,4,4,19,3,5,2,13
894,5,7649995767197802375,0,0,0,17,2,7,3,20
895,5,1747196730047461361,0,4,4,16,3,4,1,14
896,5,8477188296496929906,0,1,1,16,3,5,3,14
897,5,-5808987217060802333,0,2,2,22,3,3,1,7
898,5,-2457112558039695629,0,4,4,19,4,3,1,7
899,5,5965616054099352462,0,1,1,18,4,5,3,11
900,5,6848939474762382471,0,3,3,17,2,3,2,6
901,5,-6601415996160262182,0,3,3,19,2,5,3,10
902,5,-68922840897209588,0,4,4,18,3,7,4,18
903,5,7159214853873655917,0,0,0,16,4,8,4,25
904,5,-4657349968775368370,0,2,2,18,1,3,1,9
905,5,-3350441459732316319,0,1,1,16,1,3,1,3
906,5,8131148341427371233,0,1,1,16,4,2,1,7
907,5,6825586665887939126,0,2,2,18,3,6,4,18
908,5,8879440991739560240,0,3,3,20,2,2,1,3
909,5,4550691673206935818,0,0,0,14,2,5,2,20
910,5,5450552045637821398,0,2,2,18,3,4,2,6
911,5,-3287025016480240377,0,4,4,17,4,4,1,13
912,5,8346174039730944556,0,0,0,19,1,5,2,8
913,5,1273047588930411036,0,2,2,16,5,2,1,5
914,5,-4418513396402947038,0,0,0,16,5,5,2,14
915,5,-791457963442133010,0,1,1,16,5,4,2,10
916,5,1942771417557356626,0,0,0,19,1,6,3,16
917,5,-4358639224225929711,0,1,1,17,2,5,2,21
918,5,111621447588283730,0,1,1,15,7,2,1,7
919,5,3916994937685176178,0,4,4,19,3,7,4,19
920,5,-6367999184089887671,0,2,2,14,6,1,1,1
921,5,-2274042634679846632,0,3,3,17,1,3,1,10
922,5,1778144181136820420,0,1,1,15,5,2,1,5
923,5,6456304274742237195,0,3,3,15,2,3,2,6
924,5,-7588905468831430198,0,3,3,17,5,5,3,10
925,5,-5917230197456325997,0,3,3,20,3,6,2,17
926,5,-7314044793876955091,0,2,2,20,3,4,1,10
927,5,-5060935943969533787,0,2,2,20,2,5,2,8
928,5,5862586573937673762,0,0,0,20,1,8,4,16
929,5,-6548096243369410662,0,4,4,21,3,5,2,13
930,5,6713037904953920532,0,1,1,16,3,5,2,15
931,5,1427301075538689314,0,3,3,15,1,4,3,9
932,5,-8532264004061675852,0,1,1,16,1,4,2,15
933,5,-2006012116514529929,0,1,1,15,4,5,3,16
934,5,-5840885685564491180,0,2,2,20,2,4,1,5
935,5,3913393184130638037,0,4,4,20,2,3,1,3
936,5,1905907169395285877,0,2,2,15,3,3,1,6
937,5,-4454314930156213208,0,1,1,16,8,3,2,8
938,5,3292537267123379358,0,3,3,17,3,3,1,8
939,5,4829725669912975623,0,0,0,15,7,3,1,9
940,5,85444404320780654,0,3,3,17,2,4,2,11
941,5,-8851982633404624671,0,0,0,16,3,6,2,23
942,5,6631728651434028788,0,2,2,17,2,4,2,12
943,5,-4417045326521047179,0,0,0,22,2,5,1,9
944,5,5881705996884769086,0,1,1,21,1,7,4,17
945,5,-3608538843761088377,0,2,2,13,5,2,2,2
946,5,78766780709244463,0,2,2,18,3,4,2,10
947,5,-6351966363755492144,0,2,2,18,1,4,1,10
948,5,-2382334886316001899,0,2,2,21,2,5,3,15
949,5,-5708967194040972747,0,1,1,17,2,5,4,11
950,5,6484214771448348283,0,0,0,17,2,7,3,20
951,5,-9118891025772547268,0,1,1,16,1,2,1,6
952,5,-5761906694678565446,0,1,1,21,2,7,3,16
953,5,-7461376367919392325,0,2,2,17,4,3,2,8
954,5,2766036825642385878,0,3,3,17,8,1,1,2
955,5,-8447980701651293999,0,2,2,16,2,2,1,5
956,5,4403096252583174150,0,2,2,16,4,4,3,11
957,5,143774754669439514,0,1,1,16,2,2,1,4
958,5,-6641775465730408812,0,0,0,16,4,5,3,15
959,5,-455879772917634531,0,1,1,17,2,3,1,8
960,5,-2160276858021289881,0,2,2,18,1,3,1,8
961,5,-2888376958802956279,0,3,3,19,1,6,3,13
962,5,-7088795349768948258,0,3,3,19,8,3,2,8
963,5,-1633618206112039775,0,0,0,17,1,5,1,15
964,5,-1752422861594364194,0,2,2,19,7,2,1,4
965,5,-5505120117921741709,0,1,1,18,1,4,2,9
966,5,-3347739301918488018,0,0,0,16,1,6,2,19
967,5,-9012619734774884017,0,0,0,19,3,4,2,13
968,5,323256161141984769,0,1,1,19,4,4,2,11
969,5,-7785039618417985801,0,1,1,19,2,4,1,8
970,5,835429443500234196,0,2,2,12,8,2,2,4
971,5,-7860557026053019885,0,4,4,20,1,7,3,16
972,5,4214623409899794810,0,3,3,18,1,6,3,14
973,5,-6293545936533688217,0,1,1,18,1,6,3,15
974,5,-8819186011205643916,0,3,3,15,3,6,4,15
975,5,-8284106416513448633,0,4,4,17,1,5,2,11
976,5,-8649246020755628922,0,2,2,18,7,3,2,5
977,5,-6232834317051517623,0,1,1,12,8,2,2,8
978,5,5291590041945213574,0,3,3,19,3,5,3,11
979,5,2153692596343432764,0,3,3,12,7,3,2,10
980,5,-761921353558337418,0,2,2,15,6,4,2,11
981,5,-3329607183727716263,0,0,0,16,1,6,3,16
982,5,-8147288770007275051,0,4,4,20,1,5,2,16
983,5,-3677107538178786888,0,1,1,16,2,4,2,13
984,5,3047758408352983857,0,4,4,22,2,7,2,15
985,5,-19097507581317883,0,3,3,19,3,6,3,20
986,5,5845874269021112833,0,1,1,16,6,1,1,3
987,5,-2421894982000957581,0,0,0,20,2,5,2,8
988,5,-2894943087567104591,0,4,4,19,3,3,1,9
989,5,-6326687444997273105,0,2,2,19,1,6,4,14
990,5,-6906504183536083459,0,3,3,20,1,7,3,15
991,5,-7515308229624325735,0,2,2,15,2,5,4,12
992,5,-582016864485956991,0,0,0,17,3,4,1,13
993,5,5146392891201211247,0,0,0,16,2,5,2,16
994,5,-8655563619588036719,0,3,3,20,3,4,2,4
995,5,5156644492374579019,0,1,1,15,3,2,1,6
996,5,1439506133565719622,0,2,2,16,1,4,3,6
997,5,-5227798666547100145,0,4,4,16,1,4,1,12
998,5,-4802585894114460200,0,3,3,21,1,4,1,10
999,5,-856790661613719778,0,1,1,17,2,3,1,6
1000,5,-8799678523336260557,0,1,1,19,3,7,3,18
1001,5,6732626489464199437,0,0,0,17,1,7,4,18
1002,5,-6383693105471872061,0,2,2,16,3,3,1,9
1003,5,6942090501196132762,0,1,1,18,5,1,1,1
1004,5,-1456245903900049261,0,1,1,19,1,5,2,15
1005,5,8001095623539871964,0,2,2,14,5,5,3,14
1006,5,-4528614177208504683,0,2,2,16,3,3,1,8
1007,5,3232519856667130812,0,1,1,18,3,3,2,7
1008,5,-3070947293332735165,0,1,1,15,4,5,3,17
1009,5,-6227264637878675037,0,2,2,19,3,7,3,16
1010,5,-4099688373389263770,0,1,1,21,1,4,2,9
1011,5,3799484143829062004,0,1,1,14,1,3,2,11
1012,5,546388151987976244,0,0,0,15,3,3,1,9
1013,5,-5425503919016869444,0,1,1,18,1,3,1,8
1014,5,-7334280756767425888,0,4,4,16,2,6,3,22
1015,5,-1487854572836370392,0,1,1,18,4,3,1,10
1016,5,-7921350234834654226,0,2,2,17,5,2,1,3
1017,5,1345322954173795383,0,1,1,18,3,4,2,9
1018,5,5051020601252199557,0,3,3,18,2,5,2,10
1019,5,7825883824679633199,0,1,1,20,1,6,3,14
1020,5,6342553262767372808,0,1,1,17,1,5,3,12
1021,5,-1114382013210406060,0,4,4,22,2,8,3,15
1022,5,2457785799934845350,0,3,3,18,6,5,4,10
1023,5,2640078587250963543,0,0,0,18,4,5,2,11
1024,5,-7213723181893663823,0,1,1,15,4,2,1,9
1025,5,6980571961143556877,0,3,3,17,4,5,3,11
1026,5,-7552120598419452819,0,2,2,19,4,4,2,8
1027,5,8145965926271322720,0,2,2,20,1,4,2,7
1028,5,-7767888153162758614,0,2,2,21,1,5,1,10
1029,5,-8373528675032075382,0,2,2,21,2,5,3,6
1030,5,-5867165717251741547,0,0,0,20,2,8,3,18
1031,5,7017196028105623423,0,2,2,22,2,6,3,12
1032,5,981637865570421066,0,2,2,20,4,4,1,6
1033,5,2833964429510609834,0,2,2,15,4,2,1,7
1034,5,3439171565144588716,0,3,3,18,2,4,2,7
1035,5,-3951819986674661924,0,0,0,17,2,6,3,14
1036,5,-6567437160864293383,0,0,0,15,4,3,1,8
1037,5,1986119578363253633,0,0,0,18,2,5,2,11
1038,5,-4740795767239644776,0,0,0,18,4,5,2,13
1039,5,3013847871405572116,0,1,1,19,6,3,1,9
1040,5,3534125156674628789,0,4,4,18,6,4,3,8
1041,5,-8213677231885578540,0,2,2,17,3,2,1,7
1042,5,1894384132857736975,0,1,1,16,1,6,3,19
1043,5,-7536098237957035081,0,1,1,18,1,4,2,10
1044,5,-8232834124708441072,0,0,0,21,1,8,4,15
1045,5,-5756235941824694369,0,3,3,20,1,6,2,13
1046,5,7024329728420815901,0,3,3,16,5,2,1,5
1047,5,-7006579475619093557,0,0,0,17,1,5,2,15
1048,5,1277973419003008815,0,1,1,18,5,5,3,16
1049,5,-7718040004484706161,0,1,1,14,4,7,4,26
1050,5,-1272330123340450654,0,2,2,16,1,6,3,14
1051,5,6956968685859447623,0,0,0,16,4,6,4,12
1052,5,-6476810758797419444,0,2,2,18,3,5,2,12
1053,5,149398515905677193,0,0,0,15,2,5,3,14
1054,5,4698909214634003665,0,4,4,20,1,4,2,9
1055,5,-8606922568908566631,0,1,1,17,2,6,4,13
1056,5,-6952420270146356426,0,3,3,17,5,5,3,17
1057,5,-6245539228022167519,0,2,2,16,6,2,1,2
1058,5,3295862173771206579,0,2,2,18,1,5,2,17
1059,5,-8870121851557014751,0,2,2,15,2,4,2,12
1060,5,3557355491176045516,0,1,1,17,3,2,1,5
1061,5,8525540962409209380,0,4,4,20,5,7,4,17
1062,5,7160397908874648994,0,1,1,18,1,4,2,10
1063,5,7286824065203537843,0,0,0,20,1,5,2,11
1064,5,-7959212594357836666,0,0,0,18,1,5,2,11
1065,5,-6431258457189857266,0,3,3,18,1,7,3,16
1066,5,5268970803393915598,0,3,3,17,4,6,4,14
1067,5,1538566038767874329,0,2,2,19,2,5,3,15
1068,5,-6281129708932056852,0,3,3,16,8,2,2,4
1069,5,3578951060319885716,0,0,0,18,2,7,4,13
1070,5,1104480544257746363,0,2,2,15,5,5,3,14
1071,5,4467729507565012879,0,3,3,17,1,7,4,18
1072,5,8865665732806019100,0,1,1,18,7,3,2,6
1073,5,-7234692759496225252,0,0,0,19,1,6,3,13
1074,5,-3731411600496611903,0,0,0,16,6,4,2,7
1075,5,-1390625027696012731,0,1,1,19,5,5,4,10
1076,5,5165594003619277640,0,2,2,13,3,3,2,8
1077,5,-5379394623994582208,0,2,2,17,4,3,2,6
1078,5,8246958171908118923,0,3,3,16,2,3,1,7
1079,5,5718519570339107297,0,3,3,18,1,3,1,4
1080,5,-4421764348571806666,0,0,0,18,2,4,1,7
1081,5,-1474995500087127217,0,3,3,18,1,5,2,18
1082,5,8287834942137273753,0,1,1,19,1,5,2,9
1083,5,3935592405131901690,0,3,3,16,6,4,2,15
1084,5,-6194976305715196994,0,1,1,17,3,4,2,10
1085,5,-4815646941425506356,0,1,1,19,1,5,2,11
1086,5,-1865641546984774978,0,0,0,15,1,6,3,13
1087,5,-3957391563367661410,0,2,2,18,1,6,3,19
1088,5,7884694481219436624,0,3,3,19,2,6,3,17
1089,5,-6349462870896690195,0,0,0,19,2,8,4,19
1090,5,2944201387159952546,0,1,1,21,3,3,1,8
1091,5,-3669692562611245363,0,0,0,19,1,6,2,16
1092,5,-8065869165155703701,0,2,2,19,1,3,1,8
1093,5,6380081103373014813,0,1,1,16,1,2,1,8
1094,5,-570692594130292671,0,1,1,15,8,2,1,7
1095,5,3662340730263868667,0,1,1,18,2,6,4,11
1096,5,-1256848557280387801,0,1,1,20,6,4,3,5
1097,5,3993392136835630970,0,2,2,16,5,3,2,8
1098,5,3630661425974352490,0,3,3,17,2,5,2,15
1099,5,1535177484479201426,0,3,3,17,3,3,1,6
1100,5,1618909533979508908,0,2,2,17,3,4,3,11
1101,5,8588672039814005847,0,1,1,18,1,3,1,7
1102,5,-7614864417222506944,0,1,1,16,1,2,1,4
1103,5,4333138898364090222,0,2,2,18,3,6,3,16
1104,5,7823889092517389497,0,3,3,19,5,4,2,13
1105,5,-6461858829844553540,0,2,2,17,2,5,2,14
1106,5,245135183795667901,0,1,1,16,4,4,2,12
1107,5,4992898705647100511,0,1,1,16,4,3,2,5
1108,5,-803132156746236642,0,3,3,20,4,3,1,7
1109,5,7111210998766505441,0,1,1,14,1,4,2,15
1110,5,-60639127785910742,0,0,0,18,2,6,2,15
1111,5,110211618544097194,0,0,0,18,2,6,3,14
1112,5,3265837904044378690,0,2,2,18,1,3,1,11
1113,5,3997298756161023415,0,4,4,16,4,5,3,14
1114,5,-9106442101546409303,0,2,2,16,4,4,3,11
1115,5,4232390766128543113,0,3,3,17,3,2,1,4
1116,5,-7824476955222763619,0,0,0,14,1,5,3,19
1117,5,-2470855409592109729,0,3,3,16,2,4,2,8
1118,5,6257381151960753835,0,0,0,18,3,4,2,9
1119,5,1126866584603106470,0,3,3,18,2,5,3,15
1120,5,1837698441809709631,0,2,2,18,1,4,1,11
1121,5,1150913194910244784,0,0,0,18,3,6,3,13
1122,5,-5382085539335872902,0,3,3,20,2,4,2,5
1123,5,5518558546344909476,0,0,0,19,2,5,2,6
1124,5,624671482784415560,0,3,3,20,4,4,2,12
1125,5,-2155059096224649291,0,1,1,14,9,1,1,4
1126,5,252182412836336560,0,4,4,20,2,6,3,15
1127,5,-5956705731370150762,0,3,3,20,5,4,2,7
1128,5,-8580812589907707282,0,0,0,17,3,7,3,21
1129,5,1581396057495880493,0,0,0,18,1,4,1,7
1130,5,2939495373913983934,0,2,2,18,1,5,3,14
1131,5,-4608891839008439930,0,1,1,18,4,6,4,19
1132,5,5792586201417180282,0,3,3,15,3,3,2,5
1133,5,3936580981264004362,0,3,3,17,1,5,3,14
1134,5,3495696532348120679,0,3,3,19,3,4,2,16
1135,5,3883119462233781488,0,1,1,18,3,3,1,5
1136,5,-4013690948890076725,0,3,3,16,5,3,1,7
1137,5,6601370413562122226,0,2,2,15,5,1,1,1
1138,5,8640012168829172802,0,0,0,18,4,4,2,11
1139,5,-3884442785674790588,0,1,1,15,7,2,2,4
1140,5,5521702077710551249,0,0,0,19,5,3,1,9
1141,5,6172059121909485761,0,4,4,19,1,6,2,17
1142,5,1889360912056350011,0,2,2,14,7,5,4,16
1143,5,-8348178119472448921,0,1,1,17,3,3,2,11
1144,5,706940743621812371,0,0,0,19,5,5,3,8
1145,5,-5792977493938734843,0,1,1,19,4,4,1,11
1146,5,-3439520525144486126,0,1,1,16,6,3,2,7
1147,5,5086615683744071730,0,2,2,17,2,5,3,17
1148,5,7056384772072918826,0,0,0,18,2,5,2,12
1149,5,6727570627528520065,0,1,1,17,1,5,2,15
1150,5,221023395596049370,0,1,1,16,1,3,1,9
1151,5,-1174400111393638158,0,2,2,15,7,3,2,7
1152,5,-5679713936597675965,0,1,1,18,1,4,2,10
1153,5,3140198932194360490,0,3,3,18,2,5,2,13
1154,5,7170385800259895420,0,2,2,19,1,4,2,8
1155,5,-8229318390495194138,0,2,2,21,1,5,1,7
1156,5,-4638749136392877151,0,2,2,18,4,4,2,10
1157,5,211495686116768045,0,2,2,16,6,3,2,11
1158,5,-928091632605021390,0,4,4,16,7,3,1,11
1159,5,-4819754570629403707,0,1,1,16,5,2,1,9
1160,5,3203808806696010649,0,1,1,16,1,3,1,8
1161,5,-2733960081695001497,0,3,3,16,1,7,4,21
1162,5,889735465752279564,0,0,0,18,1,6,2,17
1163,5,1258672997076648245,0,2,2,16,3,4,2,11
1164,5,-6532831345610402923,0,0,0,19,7,4,2,10
1165,5,-4511561447043363605,0,1,1,20,4,4,2,9
1166,5,-6703049032228241042,0,1,1,18,1,4,1,10
1167,5,-2154071158883990187,0,4,4,16,3,5,3,9
1168,5,-3857052395360649582,0,1,1,18,4,4,2,10
1169,5,-3705379616097147648,0,2,2,17,3,4,1,12
1170,5,-6372006800599080304,0,2,2,16,3,5,3,14
1171,5,-6163010058012560332,0,2,2,20,1,5,2,13
1172,5,3932361879683534241,0,3,3,20,1,4,2,11
1173,5,-4811429496946760415,0,3,3,18,1,4,1,11
1174,5,3679771980986810877,0,2,2,13,5,3,3,3
1175,5,1067810016233029463,0,2,2,16,7,3,3,9
1176,5,4599198610284576361,0,1,1,16,1,3,1,9
1177,5,4256064938591063675,0,1,1,16,3,5,3,10
1178,5,-2168298873532486124,0,0,0,16,1,6,3,19
1179,5,-4619965560713000905,0,1,1,17,3,3,1,7
1180,5,-5947393842166595165,0,1,1,16,2,3,2,9
1181,5,1573163757953326450,0,4,4,27,1,8,3,12
1182,5,-8045444399008316022,0,1,1,17,3,4,2,12
1183,5,-1366158606745670975,0,3,3,13,3,5,4,19
1184,5,-3772899470973253219,0,1,1,20,1,5,2,14
1185,5,-8826692502342124516,0,0,0,17,4,4,1,10
1186,5,8920498751202782694,0,2,2,13,8,1,1,2
1187,5,-5718730841370585132,0,1,1,17,2,4,2,11
1188,5,-167526545911863112,0,1,1,22,1,8,3,18
1189,5,-7088319112622177084,0,2,2,16,3,6,3,16
1190,5,-6385876235399734780,0,3,3,16,4,3,2,8
1191,5,-1838811258204569658,0,3,3,18,6,2,1,4
1192,5,3233034008258838506,0,0,0,18,1,4,1,9
1193,5,3520911776556307560,0,1,1,18,6,3,2,6
1194,5,4901801235342385299,0,1,1,20,1,6,3,14
1195,5,2928918031305936096,0,0,0,19,2,7,4,16
1196,5,4066152354350202173,0,2,2,15,4,4,2,11
1197,5,3604911191803391292,0,3,3,16,3,4,3,9
1198,5,-4121552073891896681,0,2,2,17,2,5,3,15
1199,5,4831357962732809693,0,3,3,15,1,6,4,15
1200,5,-2790490447760971186,0,3,3,17,3,6,4,14
1201,5,4054708890109503781,0,0,0,20,4,9,3,22
1202,5,5353054008994251239,0,2,2,17,4,4,3,12
1203,5,5367823001861124207,0,3,3,17,1,6,4,12
1204,5,4804564934900992719,0,0,0,18,2,6,2,18
1205,5,3178473560607292479,0,0,0,18,5,6,3,16
1206,5,-3300015444683053136,0,3,3,16,2,6,3,15
1207,5,-6330709677051008070,0,3,3,15,9,3,3,7
1208,5,2814483964762491653,0,1,1,14,5,1,1,2
1209,5,5439386113202358104,0,1,1,16,1,4,3,11
1210,5,764494269719485168,0,4,4,22,2,5,2,12
1211,5,-2983996943219262761,0,3,3,14,4,4,3,13
1212,5,-5879087943402619318,0,2,2,20,2,6,3,11
1213,5,-6694289543443514766,0,1,1,19,2,3,1,6
1214,5,2764375954644150012,0,4,4,17,4,4,2,10
1215,5,4753839048682227539,0,2,2,16,3,3,2,9
1216,5,6492983629788671372,0,1,1,20,3,3,1,6
1217,5,-3198309318623426747,0,3,3,16,2,4,2,11
1218,5,-7877849818404302342,0,4,4,20,2,5,3,11
1219,5,-5125245647351110739,0,0,0,15,5,5,2,17
1220,5,-4026421029547444787,0,3,3,18,1,6,3,11
1221,5,8760920490842923962,0,2,2,20,4,3,1,4
1222,5,5757905197745382248,0,2,2,16,4,3,1,10
1223,5,2296636136372303323,0,0,0,18,1,5,1,8
1224,5,-4186749888688130399,0,0,0,13,9,3,2,8
1225,5,-2947918183887512463,0,1,1,15,5,7,4,23
1226,5,-2159131431974110573,0,2,2,13,9,1,1,5
1227,5,-6483463208340131387,0,4,4,18,3,5,3,11
1228,5,2982369509995860147,0,1,1,19,1,7,3,20
1229,5,7963468470764304188,0,3,3,17,2,4,2,13
1230,5,-768475996314618591,0,0,0,20,1,7,2,15
1231,5,-8311728298425850935,0,2,2,14,2,3,1,9
1232,5,8432707640331007040,0,1,1,15,2,4,2,15
1233,5,1580283872611198370,0,3,3,17,1,4,2,14
1234,5,449312774721250696,0,1,1,20,1,3,1,7
1235,5,-5679469204610888906,0,2,2,17,6,3,1,9
1236,5,7033860870731644826,0,0,0,16,4,5,3,15
1237,5,-6126864919601805475,0,3,3,15,4,3,2,12
1238,5,-7677506044884821612,0,3,3,15,5,3,2,9
1239,5,7778678740967998673,0,1,1,18,5,4,2,6
1240,5,533761832976952742,0,2,2,20,3,3,1,5
1241,5,-629750863883125540,0,0,0,18,1,4,1,10
1242,5,-5492001181944696603,0,3,3,20,1,3,1,7
1243,5,229761239328638291,0,1,1,18,5,6,3,13
1244,5,-8798036549296991138,0,3,3,18,7,3,1,8
1245,5,-8814264461899183678,0,2,2,17,1,5,2,17
1246,5,-346888373450587282,0,3,3,17,4,3,1,5
1247,5,-1901328382552300568,0,1,1,17,3,4,3,7
1248,5,-5182832408218815663,0,1,1,15,6,2,1,9
1249,5,2384051935700485989,0,3,3,18,4,5,4,16
1250,5,6705218915869038583,0,3,3,16,3,6,4,16
1251,5,2042580003210589361,0,3,3,19,3,5,2,12
1252,5,-5110870628604653026,0,2,2,19,2,3,2,9
1253,5,8451812614385526608,0,3,3,20,1,5,2,11
1254,5,-8662325941985367396,0,1,1,17,8,3,2,6
1255,5,-1723845683225939133,0,3,3,18,3,4,3,9
1256,5,-4925045766510399748,0,2,2,22,2,4,2,5
1257,5,-3217566499455908415,0,0,0,17,3,3,1,11
1258,5,580875716266541901,0,1,1,18,6,4,2,8
1259,5,5309728646698450214,0,4,4,17,1,4,1,12
1260,5,-229542298209223371,0,2,2,20,2,3,2,6
1261,5,7672430928030207019,0,2,2,16,4,3,2,6
1262,5,-5445287967080801204,0,2,2,18,1,4,1,10
1263,5,5388020378781883480,0,3,3,19,2,5,3,14
1264,5,7526809245426201511,0,1,1,18,1,3,1,7
1265,5,6862564203398505398,0,2,2,16,2,3,2,8
1266,5,7215050082962725042,0,4,4,18,3,4,2,12
1267,5,3945936179915071943,0,1,1,16,5,4,3,9
1268,5,-2522815049504822462,0,1,1,19,3,6,4,16
1269,5,771505839196551098,0,3,3,16,4,5,2,19
1270,5,7797626354890656489,0,3,3,18,4,2,1,6
1271,5,-7381879360735326246,0,1,1,17,1,3,1,12
1272,5,-2793325855990837876,0,2,2,14,1,2,1,4
1273,5,6036673961109899336,0,4,4,16,2,3,1,12
1274,5,-2273671825590252749,0,0,0,19,3,4,1,10
1275,5,-4255866280702274327,0,1,1,17,3,3,2,6
1276,5,-4174819065004174560,0,4,4,18,2,3,1,10
1277,5,-8872583317994959711,0,2,2,17,3,4,2,13
1278,5,2271102765947805218,0,4,4,17,5,4,2,11
1279,5,-3305473168654936640,0,2,2,21,1,3,1,4
1280,5,-320382635245628886,0,0,0,17,3,4,1,11
1281,5,4082697931727742396,0,3,3,19,1,4,1,7
1282,5,-4285964653107909858,0,2,2,17,3,3,1,7
1283,5,-7981898935588435935,0,3,3,15,1,5,4,11
1284,5,1706917296611745005,0,3,3,17,4,5,2,15
1285,5,-532825923521371964,0,1,1,24,3,6,1,17
1286,5,-5635537848268242205,0,3,3,17,1,4,2,8
1287,5,-7169923662500356802,0,3,3,21,1,6,3,9
1288,5,4238180790381768765,0,1,1,17,2,4,2,8
1289,5,-1126271856792122984,0,0,0,16,1,6,3,16
1290,5,-8393737233416473089,0,4,4,17,2,3,1,10
1291,5,-3342209460688094141,0,1,1,16,3,3,1,10
1292,5,4930317836835779077,0,2,2,20,2,4,1,6
1293,5,-6237016474316485302,0,3,3,17,7,2,2,4
1294,5,-6722652291477177512,0,2,2,13,4,2,1,9
1295,5,-4075111993002373942,0,2,2,20,2,4,1,10
1296,5,4102333514388045763,0,2,2,16,3,4,3,11
1297,5,1913581720553499809,0,1,1,17,7,3,2,7
1298,5,250509657847080613,0,2,2,20,1,4,1,8
1299,5,8280235636126011748,0,2,2,18,2,4,2,7
1300,5,-8100414146911367929,0,1,1,17,2,6,4,16
1301,5,8551335232991329943,0,0,0,19,4,4,1,12
1302,5,1419718511045144304,0,0,0,17,1,6,2,16
1303,5,1297742059810984471,0,1,1,21,1,5,3,11
1304,5,5016298192038924792,0,1,1,14,4,3,2,10
1305,5,1129344984371561178,0,1,1,21,1,6,3,9
1306,5,-1047104250610367206,0,2,2,17,7,2,1,8
1307,5,-6909826445705996581,0,3,3,19,3,4,2,10
1308,5,4198045717955807694,0,1,1,21,3,5,2,14
1309,5,5836673154096038991,0,3,3,16,2,6,3,14
1310,5,-8434612358659524009,0,2,2,20,2,4,2,7
1311,5,-8432542845166947812,0,2,2,14,6,6,4,17
1312,5,-8838614015053217447,0,3,3,19,1,7,4,19
1313,5,5684599874801077131,0,2,2,16,4,2,1,9
1314,5,4292418524596713134,0,2,2,20,4,5,3,12
1315,5,2037125710233738043,0,0,0,20,1,8,4,16
1316,5,3490304718797403513,0,0,0,18,5,3,1,7
1317,5,-6415925690269507240,0,1,1,17,3,6,4,15
1318,5,-7735785885888217222,0,0,0,20,2,5,2,7
1319,5,1109411019217574157,0,1,1,15,1,3,1,11
1320,5,-510385130804264541,0,2,2,19,1,4,1,13
1321,5,8594075869668991287,0,1,1,17,3,4,2,8
1322,5,-2753906236397974036,0,0,0,17,1,6,3,15
1323,5,1724811823445802074,0,1,1,15,3,5,3,16
1324,5,-8697741838106567069,0,0,0,18,2,5,2,12
1325,5,79851474237955032,0,2,2,15,3,5,3,11
1326,5,-6645370056629537402,0,2,2,19,5,3,1,5
1327,5,-5683636036216837537,0,2,2,18,2,5,4,8
1328,5,-2974029887995269164,0,1,1,16,6,3,1,11
1329,5,2680061803237886371,0,1,1,18,2,3,2,8
1330,5,1068314071054359201,0,2,2,19,3,3,1,5
1331,5,7711383318730798925,0,3,3,17,2,4,1,9
1332,5,6745663228815320105,0,3,3,17,2,5,3,13
1333,5,5112768545201589554,0,3,3,20,2,6,3,11
1334,5,-3227575702538848024,0,3,3,17,5,3,1,6
1335,5,1033961437787033799,0,2,2,18,2,5,2,13
1336,5,-1831385164168732120,0,2,2,22,1,6,1,14
1337,5,5555157222775850452,0,3,3,21,2,3,1,5
1338,5,-6209852115316295205,0,2,2,18,4,6,4,15
1339,5,6646003256565086312,0,1,1,18,3,4,2,7
1340,5,-1199425236025129046,0,0,0,21,1,5,1,12
1341,5,7327220144954749452,0,2,2,22,4,3,1,6
1342,5,7507814554282351437,0,1,1,16,8,2,1,7
1343,5,-2077714092858225093,0,4,4,18,3,3,1,4
1344,5,-3368927040713017315,0,2,2,16,2,4,2,8
1345,5,-1412603229909114351,0,1,1,17,2,5,2,15
1346,5,5898773763446220263,0,1,1,17,3,4,2,11
1347,5,6849213542670641985,0,0,0,18,1,5,1,11
1348,5,-1344264314740622590,0,2,2,18,1,4,2,7
1349,5,5883043441340611148,0,1,1,16,5,3,1,8
1350,5,3982192874447713187,0,0,0,18,5,7,3,14
1351,5,6783950257666313199,0,2,2,20,1,3,1,10
1352,5,-7741632156256245137,0,2,2,17,5,2,1,5
1353,5,3010116309081048540,0,0,0,17,3,4,1,10
1354,5,2052424120804361809,0,1,1,20,1,3,1,10
1355,5,8153893954554481325,0,0,0,17,5,6,3,17
1356,5,7647776859820896653,0,1,1,18,2,3,1,4
1357,5,-7237034668310914795,0,2,2,15,3,4,2,15
1358,5,5514599512234978837,0,2,2,15,6,4,2,10
1359,5,67195492304267864,0,3,3,17,2,5,3,13
1360,5,-8267583833758442725,0,4,4,18,1,4,1,11
1361,5,4441781518934868988,0,2,2,17,2,3,2,6
1362,5,-1151874304628817945,0,0,0,20,3,3,1,5
1363,5,29952666507538624,0,0,0,17,2,6,3,15
1364,5,-1370796915653906455,0,1,1,18,7,2,1,5
1365,5,1340142134214874317,0,1,1,19,6,3,1,8
1366,5,8671522445491166225,0,3,3,16,4,5,3,15
1367,5,1574136534225817899,0,3,3,19,1,6,3,13
1368,5,-4079128783488817826,0,3,3,14,6,3,1,6
1369,5,-4904992203969910154,0,1,1,16,4,3,1,10
1370,5,8274238730854040757,0,3,3,18,3,4,2,15
1371,5,-9052890236275022128,0,1,1,18,2,4,2,7
1372,5,8931714167674215411,0,4,4,18,4,4,3,7
1373,5,3175517686679721753,0,2,2,19,3,6,4,16
1374,5,-6819577263552461755,0,0,0,18,1,5,2,13
1375,5,252735000278204253,0,0,0,17,2,7,3,21
1376,5,-8764704259063173706,0,4,4,17,1,3,1,8
1377,5,1737316907333227150,0,4,4,15,5,2,1,8
1378,5,-8612706763085405175,0,1,1,22,1,6,3,10
1379,5,2754844677404980594,0,3,3,17,5,4,2,12
1380,5,-5891553046916035384,0,1,1,14,9,2,2,8
1381,5,3028734167633165534,0,1,1,19,3,6,2,11
1382,5,-215113708661411172,0,4,4,20,1,5,2,8
1383,5,539038638304008996,0,2,2,20,1,5,2,12
1384,5,3869718709103096287,0,4,4,20,2,7,3,19
1385,5,8971349747324645577,0,1,1,18,4,5,3,13
1386,5,-7082437416070997393,0,3,3,18,2,2,1,2
1387,5,5363752923071132795,0,1,1,18,2,6,4,16
1388,5,1694125507625917125,0,3,3,15,1,6,4,20
1389,5,4148485161894487617,0,1,1,21,1,4,1,10
1390,5,-8116916657816008635,0,3,3,17,5,2,1,7
1391,5,2372334780432187892,0,4,4,18,6,2,1,4
1392,5,3701155210824472791,0,0,0,18,2,5,2,13
1393,5,5608590042080683245,0,2,2,17,4,3,2,8
1394,5,4930202167943881141,0,0,0,18,9,3,2,4
1395,5,-7014827833613722881,0,3,3,23,4,4,2,5
1396,5,-7098060028478099578,0,0,0,14,4,3,1,9
1397,5,135232393528280743,0,3,3,20,6,5,3,10
1398,5,-7833845670087078996,0,1,1,19,2,7,4,17
1399,5,3765456728373008514,0,0,0,17,4,5,3,12
1400,5,2647676935227851481,0,0,0,15,3,7,4,25
1401,5,-859285843168884226,0,1,1,13,9,1,1,1
1402,5,-2275817405698015000,0,1,1,19,1,5,2,11
1403,5,1969254283429826388,0,2,2,17,2,3,1,11
1404,5,-8600022133538138646,0,0,0,18,3,5,3,10
1405,5,6706941091059922101,0,1,1,17,1,5,3,10
1406,5,-6039353316142794626,0,3,3,21,3,4,1,7
1407,5,-5703040879084873021,0,2,2,18,1,3,1,6
1408,5,-4084967986333902491,0,1,1,21,4,4,2,4
1409,5,-4501679060008483262,0,0,0,14,8,4,2,11
1410,5,7360610451942562900,0,3,3,18,2,7,4,18
1411,5,4020554381655324431,0,0,0,19,3,4,1,9
1412,5,6989864665280514572,0,3,3,17,3,5,2,13
1413,5,3736222259242875472,0,2,2,21,1,3,1,6
1414,5,141040600348757928,0,2,2,17,2,3,1,7
1415,5,4737284988159896556,0,4,4,15,3,5,2,19
1416,5,7917053215343746869,0,4,4,17,3,4,2,11
1417,5,1238713541076654909,0,0,0,18,3,6,2,17
1418,5,7803019192395859335,0,0,0,17,1,5,2,17
1419,5,563519499830347524,0,2,2,21,2,5,2,10
1420,5,-1721304105624106678,0,1,1,14,5,3,2,6
1421,5,-5419650453317720931,0,3,3,18,5,6,4,18
1422,5,-6312234470492133545,0,3,3,17,3,5,3,10
1423,5,5931571982036838003,0,3,3,13,3,4,3,17
1424,5,-7242054220527910840,0,1,1,17,2,4,2,13
1425,5,-764373046631909963,0,1,1,16,1,5,2,9
1426,5,1240173503789894477,0,2,2,17,2,6,3,18
1427,5,3005903046143415113,0,1,1,15,6,3,2,10
1428,5,-4526923736101789119,0,2,2,17,1,4,1,15
1429,5,6955678865924854784,0,0,0,19,1,8,4,16
1430,5,-934067350384624904,0,3,3,18,3,6,3,20
1431,5,8075753503431879692,0,3,3,17,2,4,3,10
1432,5,7859018432793960922,0,1,1,19,2,5,3,12
1433,5,1129433534012489134,0,0,0,19,7,4,2,11
1434,5,8457109391503509940,0,3,3,17,1,5,3,11
1435,5,-5911813290866417869,0,4,4,16,1,5,3,14
1436,5,-7473066620549659443,0,1,1,13,9,1,1,2
1437,5,-6653106619216245728,0,3,3,17,4,3,1,8
1438,5,-7616674997942174920,0,3,3,20,2,6,3,14
1439,5,-3288722340191930964,0,2,2,16,1,5,3,18
1440,5,-4433792754252139928,0,0,0,16,4,5,3,11
1441,5,7706883565005825646,0,2,2,18,1,5,2,14
1442,5,-3780044170989487607,0,1,1,26,1,7,2,13
1443,5,7012265691479010646,0,2,2,18,1,4,2,11
1444,5,-2750289304246414835,0,1,1,17,1,4,2,12
1445,5,-618447694243216415,0,1,1,18,4,2,1,3
1446,5,-5253060903171875324,0,1,1,17,5,4,3,13
1447,5,-7988504477890616440,0,2,2,15,2,5,4,16
1448,5,6372697588263713200,0,4,4,17,4,4,2,9
1449,5,8139029383660551801,0,4,4,14,1,5,3,14
1450,5,4612698527432164056,0,2,2,16,3,4,2,17
1451,5,2485737422292176776,0,1,1,17,2,4,2,8
1452,5,5403931838864141404,0,0,0,17,2,3,1,10
1453,5,-4465328238241270424,0,3,3,18,3,5,3,10
1454,5,5319527357100011145,0,0,0,17,7,4,2,11
1455,5,6035622096782019861,0,1,1,17,3,4,3,7
1456,5,4902180912038275246,0,4,4,16,5,4,2,12
1457,5,6043714736034873236,0,1,1,16,1,2,1,6
1458,5,4005969580873287663,0,3,3,19,1,3,2,10
1459,5,3193070804123301598,0,0,0,19,4,5,1,15
1460,5,1474207838518200152,0,1,1,17,1,3,1,8
1461,5,8071605242616917529,0,1,1,15,3,5,3,10
1462,5,7038342762359184693,0,0,0,19,1,7,4,16
1463,5,-9167491204199673591,0,3,3,17,2,5,2,16
1464,5,-9170040576814126688,0,1,1,19,4,6,4,16
1465,5,-8836279032310620475,0,0,0,19,6,5,2,13
1466,5,-6372931350750217638,0,1,1,14,4,2,1,6
1467,5,9032671564590662573,0,1,1,15,2,4,2,13
1468,5,1167724424482289630,0,1,1,18,1,4,1,7
1469,5,9157556304055819931,0,1,1,18,6,4,1,12
1470,5,5868812337094004659,0,2,2,13,4,3,2,8
1471,5,4015360564138747224,0,2,2,15,2,2,1,5
1472,5,-9060823160548659199,0,4,4,18,2,5,2,11
1473,5,1424276398353341520,0,1,1,19,4,3,1,8
1474,5,-8684864194726762393,0,1,1,22,3,5,2,7
1475,5,-4166203885609101943,0,2,2,19,2,7,4,16
1476,5,7743979897595741195,0,1,1,20,2,4,1,11
1477,5,8351178034478738129,0,0,0,16,3,5,2,11
1478,5,-4709424615734841102,0,3,3,16,7,4,3,11
1479,5,-7063266267139119305,0,4,4,18,3,4,2,10
1480,5,-370026211286562672,0,3,3,17,7,2,1,3
1481,5,470207692998349755,0,2,2,18,4,4,2,11
1482,5,-7067803992661766750,0,1,1,18,1,2,1,5
1483,5,-8715696563636544696,0,2,2,17,6,4,2,12
1484,5,-1309096751398948036,0,1,1,17,3,5,3,12
1485,5,-898595107061351966,0,3,3,22,1,6,2,12
1486,5,579425933899612445,0,3,3,17,2,5,3,12
1487,5,5157386016840870683,0,3,3,15,3,2,1,4
1488,5,5151284362668992842,0,3,3,13,6,2,1,9
1489,5,1370972767791778763,0,0,0,19,2,4,1,8
1490,5,2959225201728987865,0,2,2,16,2,3,2,6
1491,5,5050991218593243903,0,1,1,17,1,5,3,12
1492,5,8535935798661897741,0,2,2,15,7,3,2,8
1493,5,8774158633083946545,0,2,2,15,9,3,3,9
1494,5,-6874497007032490589,0,4,4,18,2,6,4,14
1495,5,-4245986159573939015,0,3,3,12,5,1,1,1
1496,5,3629003602728436075,0,2,2,16,3,3,2,5
1497,5,4796529311669864067,0,4,4,19,1,7,4,17
1498,5,2610401058709433881,0,3,3,16,3,4,2,11
1499,5,514318523733486082,0,2,2,18,1,5,2,13
1500,5,-9189279807031558564,0,3,3,17,1,5,3,12
1501,5,7285166263071534436,0,1,1,18,1,5,2,15
1502,5,4595336554527193392,0,2,2,17,2,3,2,8
1503,5,-6957411724825624825,0,0,0,17,3,4,1,9
1504,5,-190338011287025296,0,4,4,19,1,5,2,14
1505,5,7108209858398900523,0,2,2,18,1,4,2,9
1506,5,3111548609644155566,0,4,4,19,5,3,1,8
1507,5,7917282628446481639,0,0,0,19,1,6,3,12
1508,5,-4650045955195338938,0,3,3,16,6,2,1,6
1509,5,5875880115548274785,0,3,3,15,6,2,1,3
1510,5,593792230643604400,0,0,0,19,1,6,3,8
1511,5,5399881485343726649,0,1,1,22,2,7,3,14
1512,5,-1949571005324979434,0,2,2,16,1,4,2,11
1513,5,6379066933643056197,0,0,0,14,3,3,1,10
1514,5,4359083551753298214,0,1,1,18,3,3,2,3
1515,5,3724557894466844547,0,2,2,14,9,2,2,4
1516,5,2678286618393742632,0,0,0,16,4,5,2,13
1517,5,-348354378317147317,0,3,3,14,2,3,2,8
1518,5,430846988369707602,0,4,4,18,1,5,2,10
1519,5,-2738590605846268476,0,1,1,16,1,4,2,11
1520,5,-8302046036831692453,0,3,3,18,6,4,3,12
1521,5,-5689929983582723176,0,1,1,16,3,4,2,14
1522,5,-2617908525583571123,0,2,2,14,1,3,2,10
1523,5,-2743570170127092501,0,0,0,17,3,4,1,8
1524,5,-2217323982862244449,0,3,3,18,4,5,3,12
1525,5,2408758486558936456,0,2,2,17,2,4,2,11
1526,5,-6574133112691603582,0,2,2,15,1,3,2,9
1527,5,8731285138263417949,0,2,2,17,2,3,1,9
1528,5,503726402681770107,0,1,1,22,1,5,2,11
1529,5,407198566211587625,0,4,4,20,2,7,3,19
1530,5,6067914540441190449,0,1,1,20,2,6,3,12
1531,5,-4489507710292033677,0,0,0,23,1,7,2,14
1532,5,3182338860365326216,0,3,3,19,4,6,3,12
1533,5,2613625515055249853,0,0,0,17,4,4,1,11
1534,5,3738631406254829,0,3,3,20,2,6,3,12
1535,5,-210926006848792583,0,0,0,14,4,5,2,14
1536,5,7421139395309467123,0,1,1,17,5,3,2,10
1537,5,1141744002453188156,0,0,0,19,4,5,2,10
1538,5,2202606507532788767,0,2,2,15,4,3,2,4
1539,5,1311107829891526833,0,2,2,16,3,5,3,11
1540,5,-1265704836777024769,0,3,3,19,2,7,4,15
1541,5,6050322563352139215,0,3,3,20,1,4,1,7
1542,5,3259594651848962433,0,1,1,18,2,4,2,10
1543,5,814606490555066318,0,2,2,15,1,3,1,10
1544,5,1229262878114062465,0,3,3,15,5,3,2,10
1545,5,-8956834085811259050,0,2,2,17,8,2,2,2
1546,5,-6342095042300643165,0,2,2,19,4,4,2,12
1547,5,1624132398402072953,0,2,2,17,1,4,2,8
1548,5,-7734409253093185182,0,0,0,17,2,7,3,20
1549,5,3223135826883093219,0,2,2,15,1,4,2,15
1550,5,-2210608903905061527,0,0,0,16,2,3,1,7
1551,5,-6381484278149111216,0,1,1,16,3,4,3,10
1552,5,3998626537838415905,0,2,2,15,1,4,2,14
1553,5,776699261056536637,0,2,2,17,2,4,2,12
1554,5,-127754844250464118,0,3,3,20,4,6,4,15
1555,5,-280188145842615838,0,2,2,19,3,4,2,6
1556,5,-6773868945956905650,0,1,1,17,2,3,2,4
1557,5,-639736190020881058,0,2,2,17,3,6,4,14
1558,5,1366914852457100819,0,1,1,18,2,6,4,14
1559,5,3242363067962547508,0,2,2,15,5,4,3,11
1560,5,3919486015086673424,0,4,4,15,2,4,2,12
1561,5,-556451716311888138,0,2,2,18,4,6,3,16
1562,5,2319907447435807715,0,0,0,16,3,4,1,11
1563,5,1904491379872035135,0,3,3,19,2,5,3,11
1564,5,-3344115893609676128,0,0,0,17,1,6,2,13
1565,5,-8777873543949826843,0,1,1,15,2,2,1,6
1566,5,8786690030297471020,0,2,2,17,3,3,1,6
1567,5,-39812806196181649,0,3,3,16,2,3,2,8
1568,5,-4674106696334840628,0,1,1,16,2,3,2,7
1569,5,-8111929789182993212,0,3,3,19,1,5,2,9
1570,5,-832435639383308296,0,0,0,17,2,5,2,14
1571,5,3280673278970551845,0,1,1,15,2,3,2,11
1572,5,-2861824376378110347,0,0,0,18,2,6,4,12
1573,5,890342606415232093,0,1,1,18,2,4,2,9
1574,5,931148967331464610,0,1,1,15,3,6,4,14
1575,5,8734992145285672759,0,1,1,18,3,4,2,7
1576,5,319185035171723281,0,2,2,15,7,2,2,4
1577,5,-781260739330491345,0,1,1,17,3,3,1,8
1578,5,2781274327059877721,0,2,2,21,2,5,3,9
1579,5,3159900570951439979,0,3,3,20,4,4,2,12
1580,5,1682253352248784681,0,3,3,21,4,4,1,10
1581,5,4623962088793770475,0,1,1,15,2,3,1,7
1582,5,-2395089665221993056,0,0,0,18,4,6,3,9
1583,5,-2108106816016980481,0,1,1,16,1,3,1,5
1584,5,6346420369098581212,0,1,1,20,1,4,2,10
1585,5,2742993242132110073,0,0,0,19,2,7,3,19
1586,5,7826095750644619729,0,2,2,19,2,3,1,11
1587,5,-6869090369060700380,0,2,2,19,3,4,1,12
1588,5,-3356760490660658085,0,0,0,18,2,7,3,13
1589,5,5309594180014190324,0,0,0,19,2,4,1,9
1590,5,-283259702033341291,0,1,1,19,1,4,2,9
1591,5,8825040642308897918,0,0,0,19,1,5,2,14
1592,5,-1491340624582446741,0,2,2,15,3,4,3,11
1593,5,-8532016960172809686,0,1,1,15,5,5,3,19
1594,5,-794330745487594387,0,1,1,17,3,3,1,3
1595,5,-5475610654607414106,0,4,4,20,1,4,2,12
1596,5,-5580027122959655194,0,1,1,20,2,5,2,10
1597,5,3581670388636667933,0,0,0,22,2,5,1,10
1598,5,3042852010516190253,0,0,0,16,4,5,3,15
1599,5,-2957052080633996120,0,3,3,18,6,5,3,7
1600,5,-6715502431259466438,0,1,1,20,3,5,2,10
1601,5,-323485560520571388,0,2,2,17,1,4,2,10
1602,5,-86174262607713925,0,3,3,18,4,3,1,8
1603,5,5266441747403371141,0,4,4,20,1,7,3,22
1604,5,-4864976895559180056,0,1,1,17,1,3,1,5
1605,5,-3764353123379034805,0,1,1,22,1,6,3,11
1606,5,-6284276198439376043,0,2,2,17,1,3,1,7
1607,5,3166668481757583282,0,1,1,16,7,4,2,11
1608,5,3412702466617794822,0,0,0,20,2,7,3,17
1609,5,7252413601257756174,0,4,4,19,2,3,1,9
1610,5,-2538732813212295032,0,1,1,20,5,3,2,5
1611,5,-2574314093362744424,0,1,1,16,5,1,1,2
1612,5,-1739249285524265538,0,3,3,19,3,5,3,11
1613,5,6041429338409052578,0,0,0,17,5,5,3,10
1614,5,6214998806328081977,0,1,1,19,2,5,2,11
1615,5,4281611624232121874,0,3,3,22,1,4,1,8
1616,5,-2583307514484560179,0,0,0,15,6,4,2,14
1617,5,4316347242253176077,0,4,4,20,3,5,2,14
1618,5,-2019577183651897760,0,1,1,18,4,3,1,5
1619,5,690168649543692786,0,3,3,17,8,2,1,5
1620,5,852787745601182213,0,1,1,15,5,4,3,14
1621,5,4102036731645995913,0,2,2,14,5,4,3,12
1622,5,-2792678211950344632,0,4,4,18,1,5,2,14
1623,5,-306162470111557765,0,2,2,21,2,5,2,13
1624,5,-4347739167582580277,0,2,2,20,2,3,1,6
1625,5,-8610763546002956027,0,3,3,15,4,3,2,4
1626,5,554667301575671057,0,2,2,18,3,4,2,5
1627,5,-1972717737072812312,0,1,1,15,2,3,1,9
1628,5,-2549023835062203495,0,2,2,17,5,5,3,13
1629,5,-3657424285514802012,0,2,2,17,3,4,2,9
1630,5,-5830070490813795794,0,3,3,15,1,2,1,4
1631,5,4309642659700404964,0,1,1,20,2,4,3,7
1632,5,6649775291879495293,0,4,4,21,1,5,2,12
1633,5,4506738353487909691,0,2,2,19,3,3,2,7
1634,5,2524423182055994344,0,2,2,15,9,1,1,3
1635,5,-8419125921360958703,0,0,0,16,1,6,3,21
1636,5,1319487183310453145,0,1,1,17,1,5,3,12
1637,5,-3076038534476430889,0,3,3,19,3,6,3,19
1638,5,4667061208755238360,0,0,0,18,2,7,3,17
1639,5,-3596185953647819135,0,1,1,16,6,3,2,6
1640,5,-8250883165493697887,0,2,2,18,5,2,1,3
1641,5,1065538758057394229,0,1,1,21,2,4,1,9
1642,5,3560402803671951217,0,4,4,15,6,4,2,11
1643,5,-7271135824872860096,0,1,1,16,1,5,3,16
1644,5,629066274345428064,0,0,0,17,2,6,2,19
1645,5,3369132400396854089,0,2,2,13,8,2,2,6
1646,5,6863425023136406132,0,2,2,17,3,5,3,12
1647,5,280825508353771464,0,2,2,17,6,2,1,3
1648,5,-4702926439258241741,0,4,4,18,2,6,2,17
1649,5,196207300898287544,0,4,4,19,1,3,1,9
1650,5,-647324522075637383,0,2,2,18,5,2,1,4
1651,5,8431022940367994762,0,3,3,15,5,4,2,11
1652,5,7603707630266834316,0,1,1,16,6,2,1,4
1653,5,567471456097475677,0,3,3,17,1,6,3,14
1654,5,-4017495030037475731,0,3,3,17,3,3,1,9
1655,5,-9117155123005668500,0,1,1,16,1,3,1,10
1656,5,-8007217626298136976,0,3,3,16,5,4,3,10
1657,5,9072080954935289031,0,2,2,18,5,4,2,7
1658,5,-2730580486575482610,0,1,1,17,3,3,2,6
1659,5,8374525664025343302,0,2,2,16,3,4,2,10
1660,5,-5669133775029921798,0,0,0,17,8,3,2,10
1661,5,6988089083854842809,0,1,1,16,4,2,1,3
1662,5,-7757797508526344847,0,3,3,19,4,5,2,14
1663,5,-5460361868720038556,0,2,2,20,2,7,3,19
1664,5,3702676662926702550,0,0,0,18,1,7,3,19
1665,5,9045090913486908842,0,0,0,17,7,3,1,9
1666,5,-1282815522883300739,0,0,0,13,5,4,2,17
1667,5,-8836203910219119353,0,1,1,19,1,5,2,13
1668,5,-6838652177172219962,0,2,2,17,6,3,2,9
1669,5,-3423132029903240381,0,1,1,18,1,5,3,14
1670,5,-5801030668092458898,0,3,3,17,4,3,2,8
1671,5,8350635230332936420,0,3,3,18,2,4,2,7
1672,5,-8786327888129932255,0,0,0,17,3,5,2,18
1673,5,3409972668550067171,0,2,2,17,2,4,2,14
1674,5,8226639564676816722,0,0,0,16,2,4,2,11
1675,5,-4288324442107819101,0,2,2,17,2,4,2,8
1676,5,-1399339511987871153,0,0,0,16,2,6,2,16
1677,5,-4407542383641405410,0,3,3,16,2,4,2,13
1678,5,-4829517383413934705,0,2,2,21,3,5,1,10
1679,5,-7509593011580006303,0,2,2,15,1,4,3,13
1680,5,8682444629397749582,0,0,0,17,3,5,2,12
1681,5,4082776639663131706,0,3,3,14,9,1,1,1
1682,5,4772261390053062235,0,0,0,14,3,7,4,23
1683,5,834360936470381870,0,0,0,17,6,5,2,12
1684,5,-5265172005343572432,0,4,4,17,4,3,1,10
1685,5,-5834693862474812752,0,0,0,17,1,5,2,15
1686,5,551158600590602307,0,1,1,17,3,4,2,11
1687,5,-8573696393397095024,0,4,4,14,7,2,1,8
1688,5,6345696165702366875,0,3,3,16,7,1,1,4
1689,5,5111979397780162225,0,2,2,20,3,3,1,7
1690,5,-86458704929088603,0,3,3,16,5,3,2,8
1691,5,-7294366268375556865,0,1,1,20,1,6,4,7
1692,5,-5876506185579719865,0,1,1,18,1,4,1,9
1693,5,-494966576800285025,0,1,1,17,3,4,3,8
1694,5,6893231476331110709,0,2,2,19,1,6,3,13
1695,5,1926833643872072039,0,2,2,16,5,3,2,7
1696,5,-166436805311250301,0,2,2,16,2,2,1,4
1697,5,-4447818469089608049,0,4,4,17,2,6,3,21
1698,5,-1637670979306278788,0,3,3,20,1,5,3,7
1699,5,4822242989930659241,0,3,3,21,1,3,1,6
1700,5,-2848425638960760143,0,2,2,19,1,8,4,24
1701,5,8890813675337865934,0,2,2,19,2,4,2,8
1702,5,471530017362708052,0,3,3,17,2,3,1,5
1703,5,3561043464060242969,0,2,2,21,2,6,2,16
1704,5,874435705189665990,0,1,1,18,4,3,1,4
1705,5,-4944912085650036135,0,2,2,16,1,6,4,18
1706,5,-5212735094366698643,0,2,2,20,2,3,1,7
1707,5,-4915777221403582207,0,1,1,13,3,4,3,14
1708,5,6803335165649800907,0,1,1,17,5,3,1,9
1709,5,-1214229525294814877,0,2,2,16,6,4,3,12
1710,5,768282901159023308,0,3,3,15,7,3,3,9
1711,5,151776843439129885,0,1,1,15,5,4,3,14
1712,5,-5765144113817078690,0,3,3,16,4,3,1,9
1713,5,7910431868005788627,0,0,0,15,6,3,1,8
1714,5,-2296013895249665977,0,3,3,17,3,5,2,13
1715,5,1054677328889454622,0,3,3,15,6,5,4,14
1716,5,-1373223333582034126,0,2,2,18,3,2,1,3
1717,5,-5865414478943428669,0,2,2,17,4,2,1,5
1718,5,-5541471494755246326,0,2,2,14,7,3,3,7
1719,5,-955643158679739609,0,1,1,16,2,3,1,9
1720,5,-7904565381381273206,0,3,3,17,3,4,2,10
1721,5,-1204624623821365246,0,1,1,18,3,5,3,11
1722,5,2124502186081361940,0,2,2,17,4,4,3,9
1723,5,4504328962599125843,0,1,1,17,5,4,3,8
1724,5,8522319300189834434,0,2,2,18,1,5,2,13
1725,5,-8632697002274531693,0,3,3,19,2,5,2,13
1726,5,-2529983147975821126,0,2,2,17,1,5,2,11
1727,5,7237870589324362797,0,2,2,16,3,5,3,16
1728,5,-1238774634254768186,0,3,3,17,1,2,1,4
1729,5,-1897396297887355092,0,2,2,19,1,4,1,10
1730,5,3271518006482237732,0,1,1,18,3,4,1,11
1731,5,-7577777947952524746,0,1,1,15,2,2,1,4
1732,5,7539373802204455321,0,2,2,18,1,5,2,10
1733,5,-7140656612869776968,0,1,1,18,3,6,2,17
1734,5,7687831278831710924,0,2,2,19,5,4,2,10
1735,5,-1089284875841884830,0,2,2,17,4,5,3,20
1736,5,-82158100208352304,0,3,3,17,1,3,1,8
1737,5,6607160915665853653,0,2,2,18,1,6,3,20
1738,5,701215290191924994,0,1,1,15,1,4,3,8
1739,5,5309387508475847579,0,2,2,20,1,4,1,10
1740,5,-6207424643440748268,0,2,2,20,1,5,1,11
1741,5,-9065687009034258345,0,0,0,16,5,4,2,8
1742,5,2867269088801420650,0,1,1,16,2,3,1,10
1743,5,-2048810803126658243,0,0,0,17,1,6,3,16
1744,5,3022572108440583076,0,1,1,18,6,4,2,10
1745,5,1033057356607330243,0,2,2,18,4,3,1,6
1746,5,2129922523710718587,0,3,3,17,5,5,3,13
1747,5,5077446533567475096,0,1,1,14,2,2,1,7
1748,5,-1648616379524959280,0,2,2,18,2,6,3,13
1749,5,2362298344319309013,0,3,3,19,7,5,3,10
1750,5,-4643746213627179518,0,3,3,17,3,6,3,16
1751,5,-559511628400242318,0,0,0,18,5,6,3,19
1752,5,-5989270613852903809,0,1,1,17,2,4,2,14
1753,5,-3795771286279075334,0,2,2,19,2,5,2,13
1754,5,3978300695418651037,0,1,1,20,1,7,3,22
1755,5,8228372709113648514,0,1,1,17,3,3,1,6
1756,5,1716341608038421418,0,1,1,17,1,4,1,11
1757,5,663603777826256087,0,1,1,17,4,3,1,7
1758,5,-6180459095390011583,0,3,3,19,2,8,4,24
1759,5,-6397275365287613706,0,1,1,16,3,3,2,10
1760,5,-6296181431685896993,0,2,2,22,1,6,3,11
1761,5,-5051096087980201792,0,0,0,17,3,4,1,10
1762,5,4045334653979711413,0,4,4,18,6,2,1,5
1763,5,-6180630205495181330,0,2,2,15,5,3,2,10
1764,5,1914645572918266815,0,2,2,18,5,2,1,3
1765,5,3967946074632032578,0,0,0,17,2,6,3,16
1766,5,3469826569540423956,0,1,1,18,3,2,1,3
1767,5,-8586603315568203266,0,0,0,19,1,8,3,22
1768,5,-3910590570782674816,0,2,2,16,1,4,2,12
1769,5,-6420481713480563559,0,1,1,19,4,4,2,9
1770,5,-4344358494459200177,0,1,1,17,2,3,1,9
1771,5,4218968318896480432,0,1,1,17,3,3,2,5
1772,5,244017960807149675,0,2,2,13,5,1,1,5
1773,5,8941739680093972026,0,3,3,17,5,2,2,2
1774,5,-1991630921893322583,0,2,2,20,1,6,4,15
1775,5,-7437089191721187328,0,0,0,14,6,6,4,14
1776,5,-470589146944066465,0,1,1,20,4,3,2,9
1777,5,-5978934296752006837,0,1,1,16,6,4,2,12
1778,5,7915757905722976313,0,1,1,16,1,5,3,10
1779,5,-5724841548861895970,0,4,4,17,2,5,3,12
1780,5,7346955016115316556,0,2,2,16,7,3,1,7
1781,5,863370341227168550,0,2,2,17,2,5,2,15
1782,5,4003604673939402859,0,4,4,16,2,4,2,9
1783,5,7104135260814984623,0,0,0,18,6,6,3,12
1784,5,-3923012821108575047,0,1,1,14,6,2,1,5
1785,5,-3280786622911472166,0,1,1,17,1,3,1,6
1786,5,3072337077085068159,0,3,3,13,5,3,2,12
1787,5,3698986845813768397,0,0,0,15,1,4,2,10
1788,5,-7558334249063352513,0,1,1,18,5,3,2,10
1789,5,-2163120132027508054,0,2,2,19,3,4,2,8
1790,5,326066951337408521,0,1,1,14,7,1,1,1
1791,5,6916983913513614082,0,4,4,16,6,5,3,15
1792,5,-8391770936571629812,0,1,1,19,2,4,2,7
1793,5,8411421368087549068,0,0,0,18,5,6,2,19
1794,5,-20805395062556817,0,2,2,20,2,4,1,11
1795,5,-3853121836900056047,0,2,2,15,3,4,3,13
1796,5,-1704389653631248287,0,2,2,17,6,2,1,6
1797,5,-487549782415781206,0,2,2,18,5,5,3,8
1798,5,3952391917870822511,0,2,2,13,6,2,1,7
1799,5,1329360384378382125,0,2,2,17,3,5,3,10
1800,5,4959168786434349588,0,3,3,15,2,2,1,6
1801,5,-7224469723546608924,0,2,2,19,3,4,2,11
1802,5,4081832931554036118,0,3,3,19,3,4,2,12
1803,5,4368713173675353472,0,2,2,20,2,4,1,10
1804,5,3503189332727415823,0,3,3,23,1,7,2,13
1805,5,-8005077513722801075,0,3,3,22,4,5,2,9
1806,5,-1360142027543513143,0,3,3,17,3,7,4,17
1807,5,-6876378105054871386,0,2,2,16,2,3,1,10
1808,5,-1129584069787378225,0,1,1,22,1,5,2,13
1809,5,-8270128054483781206,0,3,3,16,5,4,2,12
1810,5,-6977452797994754880,0,1,1,15,2,4,2,10
1811,5,7915272445869085999,0,1,1,18,2,3,1,8
1812,5,3684536551539475686,0,2,2,14,1,6,4,22
1813,5,-787424457769788426,0,0,0,17,2,4,1,11
1814,5,-5226105504518768250,0,0,0,17,8,3,1,8
1815,5,44522079116150048,0,0,0,17,2,5,2,15
1816,5,-4698719552569091207,0,2,2,15,1,3,2,8
1817,5,4134601339983901921,0,2,2,15,2,3,2,7
1818,5,8666716121666914555,0,1,1,18,3,5,2,16
1819,5,7528008939857785459,0,1,1,18,2,4,2,6
1820,5,-5375940226336569662,0,2,2,22,1,8,4,15
1821,5,-8837365623422678708,0,3,3,17,3,3,2,10
1822,5,-3206155163673647534,0,3,3,19,3,7,4,17
1823,5,-505115609577354862,0,3,3,19,2,4,1,8
1824,5,5097637859734420879,0,2,2,15,3,2,1,5
1825,5,6465628942954945486,0,3,3,15,3,5,3,17
1826,5,5134198179704357779,0,3,3,18,2,2,1,4
1827,5,8629291560549309408,0,2,2,17,3,5,2,15
1828,5,6147660542623311553,0,2,2,15,5,4,3,13
1829,5,-982757512298451150,0,3,3,18,6,4,3,14
1830,5,-8744651337584054246,0,0,0,18,1,6,3,16
1831,5,9205081406221781552,0,2,2,19,5,4,2,12
1832,5,-3094712554214979633,0,3,3,19,5,4,2,9
1833,5,6582129143277148407,0,0,0,18,5,6,3,17
1834,5,-7524845124487925994,0,0,0,17,4,5,3,9
1835,5,-122170575064187060,0,2,2,18,5,3,1,8
1836,5,8107857792733332288,0,2,2,16,3,3,2,10
1837,5,-1524676711958076465,0,1,1,19,3,6,3,12
1838,5,-587581538346099189,0,2,2,16,2,4,1,14
1839,5,4765247072515144303,0,4,4,17,1,4,2,10
1840,5,5705032008535959348,0,2,2,16,4,3,1,10
1841,5,7873541953322828320,0,2,2,16,1,5,3,13
1842,5,5670384675119655760,0,2,2,20,3,5,2,17
1843,5,-1081071501753849397,0,1,1,16,6,4,3,12
1844,5,-5926928611762107428,0,1,1,21,2,6,2,13
1845,5,-5645586808841367418,0,1,1,16,3,4,2,13
1846,5,3006298064276200594,0,2,2,19,1,4,2,10
1847,5,6710133682039510277,0,4,4,19,1,5,3,10
1848,5,6342047798640296446,0,3,3,16,2,4,3,7
1849,5,5491344314847209551,0,4,4,17,2,5,3,12
1850,5,5097003802086057295,0,2,2,17,5,2,1,5
1851,5,2263245241490003892,0,4,4,19,1,3,1,9
1852,5,-473314191510957710,0,0,0,16,3,3,1,7
1853,5,6158471991955931645,0,0,0,16,1,3,1,10
1854,5,-718265242928820900,0,3,3,16,4,4,2,12
1855,5,-8071319557104653339,0,1,1,17,6,5,3,12
1856,5,-6309461613632141401,0,3,3,19,1,4,1,10
1857,5,-6591399134895118392,0,4,4,19,4,3,2,5
1858,5,3679436504957708128,0,4,4,14,1,3,1,14
1859,5,-5565962754320808806,0,2,2,19,1,6,3,21
1860,5,460640849110996510,0,1,1,17,5,3,1,9
1861,5,-8989244474994657255,0,1,1,17,6,3,2,6
1862,5,3141124869226846039,0,2,2,18,3,4,1,11
1863,5,8205065560950765638,0,2,2,20,1,4,1,10
1864,5,-3716666383197273874,0,2,2,14,5,2,1,5
1865,5,2555478013340907537,0,2,2,21,1,5,2,12
1866,5,1134344828712741135,0,4,4,20,2,5,2,12
1867,5,-8332843859517998254,0,1,1,14,1,4,2,12
1868,5,-6651880418160730817,0,2,2,21,3,7,3,14
1869,5,3206938633051551232,0,2,2,16,3,5,3,16
1870,5,3426119457071101614,0,0,0,16,8,5,3,12
1871,5,8312728237101460124,0,0,0,17,5,3,1,9
1872,5,-5344546509764419633,0,1,1,17,8,4,3,10
1873,5,-8023593523336463378,0,0,0,19,3,5,2,9
1874,5,-7140655516020482262,0,2,2,16,1,3,1,6
1875,5,7825993617235518963,0,0,0,20,2,5,2,10
1876,5,8689267739900689264,0,1,1,17,2,3,2,8
1877,5,8811646980700901909,0,1,1,18,6,3,2,6
1878,5,-4391572840450765617,0,2,2,19,1,3,1,6
1879,5,-5394310772122371428,0,2,2,14,9,1,1,2
1880,5,-3036495863326879865,0,2,2,18,4,5,3,12
1881,5,-8584670305557032604,0,1,1,19,4,6,4,12
1882,5,-6414353774899115075,0,0,0,16,2,5,2,9
1883,5,825974149257534928,0,3,3,19,1,3,1,7
1884,5,-596994676451809649,0,2,2,16,2,4,2,14
1885,5,-4181648854491167234,0,2,2,18,3,3,1,9
1886,5,-3577691525780721560,0,4,4,22,3,6,2,11
1887,5,-247971487440111813,0,2,2,17,1,3,1,10
1888,5,-5901119103343819628,0,3,3,18,2,4,2,8
1889,5,-5543297987461783111,0,1,1,17,3,3,1,8
1890,5,2079703977943059990,0,2,2,15,6,1,1,3
1891,5,-8397917437772612737,0,2,2,19,4,6,4,15
1892,5,-7328464853666413127,0,1,1,19,3,3,1,7
1893,5,-8013405792630391136,0,0,0,19,3,3,1,6
1894,5,5923173832506441060,0,2,2,16,1,5,2,12
1895,5,5715130755549615791,0,4,4,18,2,5,2,16
1896,5,739785344858508466,0,4,4,18,4,4,2,11
1897,5,-8594697995390619279,0,2,2,22,2,7,2,15
1898,5,3811333731429446338,0,1,1,19,1,5,2,12
1899,5,-1137721648804878636,0,1,1,17,1,2,1,3
1900,5,-5434620682709335733,0,3,3,19,1,6,3,15
1901,5,-5536164276702319584,0,1,1,15,5,3,2,6
1902,5,-2251151483420285710,0,1,1,21,3,5,2,11
1903,5,-66284307672349076,0,3,3,19,4,2,1,6
1904,5,6017123727747456735,0,3,3,18,2,4,1,13
1905,5,744034171106766930,0,1,1,16,2,3,1,7
1906,5,2436988758253699981,0,0,0,19,1,6,2,11
1907,5,-9116343154203744538,0,1,1,20,2,4,2,7
1908,5,8385432198180508385,0,3,3,18,5,3,1,9
1909,5,4378321804301079011,0,2,2,14,9,1,1,4
1910,5,4525009105357651326,0,4,4,19,1,5,1,15
1911,5,3328475198544739111,0,2,2,15,2,5,3,17
1912,5,-5877566513167979689,0,2,2,18,3,4,2,16
1913,5,-485933447702361759,0,1,1,17,1,5,3,15
1914,5,1771586420529551236,0,1,1,17,2,4,2,11
1915,5,4879671273945756168,0,2,2,12,1,2,1,10
1916,5,-2685373682995325607,0,0,0,16,6,3,1,5
1917,5,-4733804739995380082,0,4,4,17,1,6,3,19
1918,5,1033101064712475317,0,1,1,16,3,3,2,8
1919,5,1608544996562452693,0,2,2,23,2,7,2,12
1920,5,-3116514119136302185,0,1,1,17,5,2,1,2
1921,5,8061475044170183393,0,0,0,15,4,6,3,17
1922,5,-6338823605447449866,0,2,2,18,2,5,3,13
1923,5,-1217394809732825649,0,3,3,15,1,2,1,8
1924,5,-4481624959114734383,0,2,2,16,3,3,2,3
1925,5,-704116446854425594,0,4,4,16,3,5,3,11
1926,5,-6652992503501015677,0,2,2,16,2,4,2,9
1927,5,-7336113689164035413,0,2,2,19,2,5,2,10
1928,5,-2629054038798192036,0,1,1,17,2,5,3,16
1929,5,-1089559055840772518,0,2,2,21,1,5,2,7
1930,5,-6666317948309190802,0,2,2,17,2,5,3,14
1931,5,1021351018797649682,0,1,1,18,1,3,1,4
1932,5,4595575739189550756,0,4,4,21,3,5,2,8
1933,5,1802398116364380016,0,1,1,18,1,2,1,8
1934,5,7333406575230520343,0,1,1,18,2,4,2,14
1935,5,-1493542881613249761,0,4,4,16,2,5,2,17
1936,5,6273247421911956388,0,0,0,20,3,6,2,16
1937,5,5111009155706661006,0,4,4,15,6,2,1,6
1938,5,2395936148666524601,0,1,1,16,2,3,2,5
1939,5,3234847725029935588,0,0,0,19,1,5,2,10
1940,5,-576826192842894993,0,2,2,15,4,2,1,5
1941,5,3338651308297552176,0,1,1,16,3,2,1,8
1942,5,6563834306979160542,0,3,3,16,1,5,3,12
1943,5,5515203269875456997,0,0,0,17,1,5,1,12
1944,5,-8247516958979965781,0,0,0,19,5,4,1,11
1945,5,-3635638979272775292,0,2,2,13,2,4,3,13
1946,5,5617846811491361765,0,1,1,14,3,3,1,11
1947,5,4703908635074265498,0,1,1,15,3,4,2,12
1948,5,3114092439827754257,0,1,1,16,3,3,1,9
1949,5,4320028821526279405,0,0,0,16,1,5,3,11
1950,5,-4340915747827746941,0,1,1,18,1,5,2,15
1951,5,4265770415292685810,0,1,1,18,6,2,1,3
1952,5,-6258159833881480209,0,3,3,21,3,4,2,11
1953,5,-269298293263039359,0,4,4,15,1,4,3,16
1954,5,1575751404627382590,0,2,2,17,5,2,1,6
1955,5,-5293442079785645877,0,2,2,17,5,3,2,10
1956,5,-7494165642156121435,0,2,2,17,7,2,1,3
1957,5,3991534890185804171,0,1,1,16,6,2,1,4
1958,5,-2150804475962060044,0,3,3,15,3,2,1,8
1959,5,-8757125350527452805,0,1,1,18,1,4,2,7
1960,5,1940289647686727979,0,4,4,17,1,3,1,7
1961,5,5552599996413220873,0,1,1,15,2,3,2,8
1962,5,-1948274359737179565,0,1,1,14,2,4,3,11
1963,5,-4344926495969296054,0,1,1,18,1,3,2,5
1964,5,8951302026947814538,0,1,1,16,4,2,1,8
1965,5,-621951065478297298,0,0,0,15,2,5,2,17
1966,5,5972336131527692126,0,2,2,19,2,6,3,12
1967,5,2259140386716849653,0,1,1,19,1,4,2,6
1968,5,-6971338088022143650,0,3,3,19,3,3,1,6
1969,5,-2951700238819889695,0,2,2,19,7,3,2,6
1970,5,-68978406668514578,0,1,1,16,7,3,2,5
1971,5,-663284825903715283,0,1,1,15,1,3,1,6
1972,5,5244841597691426395,0,4,4,21,1,5,2,10
1973,5,-7063337382297005763,0,1,1,15,6,1,1,3
1974,5,-7699169447513559761,0,1,1,16,3,2,1,4
1975,5,-6238516862521155050,0,1,1,15,4,3,2,9
1976,5,-7712648321469666619,0,1,1,18,2,2,1,6
1977,5,3919350590755588879,0,3,3,20,1,6,3,13
1978,5,3504750289530735647,0,1,1,16,8,3,2,9
1979,5,2126683959193450953,0,1,1,16,3,6,4,16
1980,5,-2854130000759522058,0,3,3,18,4,4,3,7
1981,5,3795008089964700251,0,1,1,17,8,3,2,4
1982,5,-6592709878265994734,0,2,2,18,1,4,2,11
1983,5,1560355221777474514,0,3,3,17,3,6,3,19
1984,5,-7485909150233144100,0,0,0,14,6,5,2,14
1985,5,-7305129453068992552,0,1,1,16,2,4,3,10
1986,5,-2750133537795341264,0,3,3,18,1,5,2,16
1987,5,-834592401950500430,0,3,3,20,2,5,2,8
1988,5,4216230094225526392,0,3,3,14,6,1,1,2
1989,5,8284197988534874223,0,2,2,22,1,4,1,9
1990,5,-4252414074842191627,0,1,1,16,8,4,3,5
1991,5,-3442065507496703906,0,2,2,15,3,3,2,8
1992,5,-7972971425552848800,0,2,2,16,5,3,1,11
1993,5,1442250680118409152,0,1,1,19,5,4,2,9
1994,5,-7783056854305046863,0,1,1,19,5,4,3,12
1995,5,5018117773074336446,0,3,3,20,4,3,2,7
1996,5,7168868009992421949,0,2,2,16,6,2,1,5
1997,5,-1658899216828796260,0,1,1,18,1,6,3,11
1998,5,-2114867917769616890,0,1,1,20,2,5,2,13
1999,5,5361154555176940591,0,1,1,15,4,3,2,8
2000,5,-6125069922790085810,0,2,2,15,4,5,3,14
2001,5,8748592993461668236,0,4,4,17,5,3,1,9
2002,5,-912554602749541267,0,1,1,17,4,4,3,6
2003,5,6925673941130390273,0,3,3,17,4,3,2,12
2004,5,5963160023926489316,0,3,3,25,3,5,2,11
2005,5,478223706216706889,0,1,1,19,2,6,4,17
2006,5,2703335164928905905,0,0,0,20,1,7,3,16
2007,5,-1633994954219433222,0,4,4,22,2,5,1,10
2008,5,-2544567620302283548,0,1,1,17,3,3,1,6
2009,5,9166295641508562754,0,3,3,18,5,6,3,20
2010,5,2701106927809637233,0,0,0,19,3,7,3,18
2011,5,1174947863147988946,0,0,0,19,4,4,1,9
2012,5,-9207258632603233208,0,0,0,18,1,6,2,21
2013,5,-5135118213241249767,0,4,4,16,1,4,1,12
2014,5,-7287343484795677277,0,2,2,20,1,6,3,14
2015,5,-6704836131115620427,0,3,3,14,3,3,2,6
2016,5,-92762856535947874,0,0,0,16,6,6,3,15
2017,5,-2835366050413212122,0,3,3,17,9,1,1,2
2018,5,7912443515180984076,0,0,0,16,5,4,3,10
2019,5,-8972392443800506940,0,1,1,19,6,2,1,2
2020,5,-6788487344460122233,0,1,1,13,6,1,1,1
2021,5,-7730332991327610382,0,0,0,19,4,5,3,11
2022,5,1510652502432139976,0,3,3,17,1,6,2,14
2023,5,-3320773582526587756,0,2,2,17,3,4,2,11
2024,5,-7639681391905306823,0,0,0,14,6,6,4,20
2025,5,8962729821830813374,0,2,2,20,5,2,1,4
2026,5,-4560549822627014712,0,0,0,16,8,4,2,17
2027,5,-4721477689244223315,0,1,1,14,7,3,2,13
2028,5,1873560293502347006,0,3,3,18,3,4,2,11
2029,5,-3729660819279444742,0,0,0,22,5,6,3,16
2030,5,-6763325857011927217,0,3,3,15,3,4,2,11
2031,5,679292882028778252,0,2,2,15,5,3,2,8
2032,5,-3919857058315473741,0,0,0,15,6,6,3,16
2033,5,7296106389123581134,0,1,1,16,3,3,2,9
2034,5,-85903478317180043,0,1,1,16,2,5,3,18
2035,5,-8000512265300679775,0,0,0,17,2,4,1,11
2036,5,-6856985198582845366,0,2,2,16,7,2,2,4
2037,5,7024060139531999380,0,3,3,17,1,4,2,13
2038,5,4344356553579316644,0,1,1,18,6,2,1,7
2039,5,-994056092806237230,0,3,3,17,1,3,1,10
2040,5,3686140568856918600,0,2,2,15,5,2,1,4
2041,5,7523265406291801947,0,2,2,18,4,4,2,8
2042,5,-7999657351318479586,0,0,0,15,5,5,2,16
2043,5,3336817039661603062,0,4,4,19,3,5,2,12
2044,5,-599836014822702521,0,0,0,21,8,4,3,7
2045,5,6141649744911691622,0,2,2,16,3,2,1,7
2046,5,-7944209423346248332,0,4,4,19,1,7,3,15
2047,5,8748064810126851803,0,2,2,18,3,5,4,15
2048,5,8831008223881854325,0,2,2,21,3,5,3,11
2049,5,-459816557733914453,0,4,4,15,4,2,1,7
2050,5,7373590855732389136,0,2,2,14,1,5,4,11
2051,5,-3112547375773056447,0,1,1,17,3,2,1,3
2052,5,-5092128969279029996,0,3,3,19,1,6,3,14
2053,5,-4051563071305689259,0,2,2,18,1,3,1,6
2054,5,617831545052531628,0,1,1,19,1,3,2,6
2055,5,-2697055598309172387,0,2,2,21,1,4,1,8
2056,5,-1255545559543669512,0,0,0,21,4,7,3,19
2057,5,-654439956305727933,0,1,1,17,1,6,4,13
2058,5,-7710261240432629543,0,1,1,19,1,6,3,15
2059,5,3212956829704132695,0,2,2,17,1,4,2,11
2060,5,-7543411647892979188,0,2,2,17,3,5,3,11
2061,5,5005268225488085382,0,0,0,16,4,6,4,15
2062,5,6714089370776527482,0,0,0,15,9,2,1,3
2063,5,5592385847230080972,0,1,1,20,1,6,4,13
2064,5,-8429127220501468979,0,3,3,15,1,3,1,9
2065,5,-3137729217293604633,0,1,1,18,1,4,2,12
2066,5,2228561867245886278,0,4,4,17,3,4,2,11
2067,5,5112199540532687692,0,1,1,16,3,4,3,12
2068,5,-7698563339708398643,0,2,2,15,7,1,1,2
2069,5,-5178333637298507170,0,1,1,16,2,3,2,8
2070,5,9036194708545943881,0,4,4,18,3,4,2,8
2071,5,7044746065522313693,0,2,2,16,1,7,4,18
2072,5,2127928528341658161,0,3,3,18,3,4,2,12
2073,5,-4492722189944441700,0,2,2,19,1,5,2,14
2074,5,-7244709798690358173,0,3,3,17,3,7,4,22
2075,5,7435473479602821750,0,2,2,19,3,4,1,13
2076,5,1365571393381340724,0,2,2,16,4,2,1,9
2077,5,-5313556928173092478,0,2,2,15,1,3,1,9
2078,5,-9154325708954229561,0,3,3,16,3,4,2,9
2079,5,5665198102787964549,0,1,1,18,1,5,2,11
2080,5,8792171163741451170,0,3,3,19,2,6,3,20
2081,5,-6874200837531416408,0,1,1,15,3,6,4,18
2082,5,-4117568294143940226,0,1,1,14,4,3,2,10
2083,5,-141820505060338582,0,2,2,17,3,2,1,6
2084,5,-5192393019604779426,0,2,2,21,3,5,1,9
2085,5,2942761158715505111,0,0,0,16,3,5,2,17
2086,5,-2287990907959755038,0,1,1,15,2,3,2,7
2087,5,-4315518793190184454,0,1,1,18,1,4,2,5
2088,5,-1170528946178690852,0,4,4,17,1,5,2,12
2089,5,-1675102957824329841,0,4,4,16,1,5,2,20
2090,5,4086055411839020323,0,1,1,15,9,1,1,1
2091,5,-9187488102342084868,0,2,2,19,2,4,2,10
2092,5,-8189539223074995545,0,1,1,15,7,4,3,13
2093,5,-9143678047784605310,0,2,2,14,4,5,4,16
2094,5,5375068506181072581,0,2,2,16,4,2,1,7
2095,5,183899884810643375,0,2,2,20,1,3,1,6
2096,5,8079068109935015644,0,1,1,17,2,4,2,11
2097,5,-3614109426711134441,0,3,3,19,4,4,1,13
2098,5,-4452922501488029920,0,1,1,19,1,4,2,10
2099,5,239354613802547011,0,2,2,16,4,2,1,6
2100,5,-2214449289288533330,0,2,2,16,4,3,2,6
2101,5,-651097023061216792,0,3,3,17,6,2,1,7
2102,5,-4838437108804099873,0,4,4,16,2,4,2,11
2103,5,4877649540728429147,0,3,3,18,1,3,1,7
2104,5,1724729897104430048,0,2,2,16,3,4,2,12
2105,5,4907613413650143300,0,0,0,15,3,5,2,19
2106,5,3844201695054357634,0,2,2,14,7,3,3,9
2107,5,-4331994398612391535,0,0,0,14,6,3,1,8
2108,5,-5926919442521792690,0,2,2,14,1,5,4,20
2109,5,-8560236654296496210,0,1,1,18,2,5,3,13
2110,5,-5085943961928071460,0,1,1,17,1,4,1,10
2111,5,-4773142140774679566,0,0,0,16,2,5,2,15
2112,5,900524903822483300,0,4,4,15,1,2,1,9
2113,5,-4990658776610617508,0,1,1,17,1,3,1,8
2114,5,-7637101533249658987,0,1,1,19,5,5,3,11
2115,5,550705703972643198,0,3,3,17,6,5,4,12
2116,5,-5189864099858294107,0,2,2,23,3,5,3,11
2117,5,-5153908148955704648,0,1,1,16,4,3,2,3
2118,5,-4423282144303761496,0,2,2,14,7,2,2,4
2119,5,-3923232121204773463,0,1,1,19,6,4,2,9
2120,5,-2506568768541013467,0,2,2,16,2,4,2,11
2121,5,-6510521984633312285,0,0,0,17,3,5,2,13
2122,5,-727231474569289754,0,0,0,18,1,7,3,16
2123,5,-351920236373483043,0,4,4,18,2,5,2,11
2124,5,-7664184743449372656,0,1,1,18,3,3,1,11
2125,5,3894202432291716653,0,3,3,17,3,5,3,13
2126,5,8681820847547996018,0,3,3,18,4,3,1,6
2127,5,-826569349283559434,0,3,3,16,3,4,3,12
2128,5,-2673317843186422239,0,3,3,16,4,4,1,8
2129,5,3418245881014866078,0,1,1,20,2,3,2,5
2130,5,8966398135005020740,0,3,3,19,3,6,3,16
2131,5,8743046857026161860,0,1,1,18,2,3,2,7
2132,5,4495932260805383211,0,1,1,16,2,3,1,5
2133,5,-51416601694926735,0,2,2,19,3,3,2,4
2134,5,-362907953879732314,0,0,0,16,3,4,1,11
2135,5,569354688214035085,0,3,3,18,1,3,1,9
2136,5,1563857929054068372,0,2,2,17,3,5,2,17
2137,5,-6003137156259316845,0,2,2,17,1,4,2,7
2138,5,6588679442209681594,0,1,1,17,1,5,3,10
2139,5,-1957088240854162552,0,2,2,16,3,3,2,9
2140,5,-900346923369485099,0,3,3,20,3,6,3,11
2141,5,-6991009252040289496,0,2,2,18,3,4,1,10
2142,5,8174784074598694641,0,1,1,19,1,3,1,7
2143,5,5604364028521319522,0,1,1,15,2,3,1,10
2144,5,-960163872186042373,0,3,3,15,7,3,3,3
2145,5,-6233549114056180217,0,3,3,14,2,5,3,20
2146,5,-5632275194082970987,0,1,1,16,1,4,2,11
2147,5,8877078269608470205,0,2,2,19,7,4,2,11
2148,5,-8099046575099875031,0,0,0,21,2,8,2,22
2149,5,-8262537873916185799,0,0,0,21,4,5,2,12
2150,5,-2828235757443151552,0,3,3,19,1,5,3,12
2151,5,-7113188871441314900,0,0,0,19,1,5,1,11
2152,5,-8503833172145557484,0,1,1,13,7,1,1,5
2153,5,-6179791223227497346,0,0,0,15,4,3,1,5
2154,5,-7122137422140490653,0,4,4,17,3,5,2,15
2155,5,-3747228045214587335,0,2,2,18,2,3,2,8
2156,5,-8099833132610113147,0,1,1,19,4,5,2,15
2157,5,-1743745355288002361,0,4,4,16,5,4,2,13
2158,5,8679274493440911297,0,2,2,18,3,4,2,5
2159,5,-667326265941541408,0,2,2,18,5,2,2,2
2160,5,4523148437279958491,0,4,4,19,3,6,3,13
2161,5,-526631065034955075,0,2,2,17,8,3,2,7
2162,5,-363344048932208655,0,4,4,19,2,4,1,9
2163,5,4354002028832035089,0,1,1,18,5,4,2,12
2164,5,7328160416490229638,0,4,4,19,3,3,1,7
2165,5,-457812731302516935,0,1,1,16,5,3,2,11
2166,5,-6872407681979033377,0,1,1,15,6,5,4,12
2167,5,-5130339443699826767,0,0,0,18,2,8,4,26
2168,5,4729077982738051469,0,3,3,14,6,2,2,4
2169,5,1608077222617118666,0,0,0,15,6,3,1,11
2170,5,-7269963217718625205,0,3,3,20,1,4,2,7
2171,5,-4591406978896411239,0,0,0,17,3,4,1,11
2172,5,-1754033942749164023,0,1,1,18,5,5,3,16
2173,5,5641530834898597170,0,2,2,18,2,2,1,6
2174,5,-7998662115098636216,0,1,1,15,2,3,2,7
2175,5,-5211611937594751722,0,4,4,20,1,5,2,14
2176,5,-1243026926328302424,0,2,2,18,4,4,2,12
2177,5,-5989841949878299159,0,0,0,14,7,6,4,16
2178,5,-2015643946387075650,0,1,1,22,1,6,3,6
2179,5,3572120256219341160,0,4,4,18,1,5,3,10
2180,5,-1654223855535578837,0,1,1,16,2,5,3,14
2181,5,5073834009316273305,0,0,0,20,3,8,3,18
2182,5,-6166202654089148695,0,1,1,20,1,4,1,12
2183,5,-4662595060355438269,0,3,3,18,1,3,1,9
2184,5,4084938352588319208,0,1,1,16,1,4,2,11
2185,5,1605716459924322976,0,2,2,17,2,3,1,10
2186,5,3008165687139614169,0,4,4,17,1,5,2,13
2187,5,-1182816010074173104,0,2,2,22,1,4,1,12
2188,5,5961598228183547464,0,1,1,14,2,3,2,10
2189,5,7552664767017587345,0,0,0,17,1,6,2,21
2190,5,5465426986726017776,0,4,4,16,5,3,2,8
2191,5,5300057751420337837,0,2,2,20,2,3,2,8
2192,5,-8013595056154479286,0,1,1,18,2,4,1,9
2193,5,-3116505423590896973,0,3,3,17,1,4,3,15
2194,5,4100322487293399911,0,2,2,17,4,3,1,9
2195,5,-5873724216272756375,0,2,2,20,5,3,2,6
2196,5,5226057786692856831,0,0,0,20,2,6,2,15
2197,5,-1725204581688623232,0,4,4,20,2,6,2,15
2198,5,-320326453677076535,0,3,3,20,1,7,4,13
2199,5,8181019411321741065,0,3,3,14,2,3,2,7
2200,5,-128122172727741428,0,3,3,13,4,2,1,9
2201,5,-7771044614082206168,0,3,3,13,8,2,2,8
2202,5,-2982654958269717899,0,1,1,19,4,6,4,12
2203,5,-6885771283248116474,0,1,1,17,6,4,2,12
2204,5,3306177539206205995,0,1,1,18,6,3,2,6
2205,5,1575926925967421195,0,0,0,16,1,5,2,16
2206,5,-4763257756150170080,0,4,4,15,4,6,3,23
2207,5,7836637460116421453,0,1,1,19,1,4,1,11
2208,5,6102957525476035754,0,2,2,19,1,3,1,4
2209,5,-8234801516110645181,0,4,4,18,6,2,1,3
2210,5,3905801472078519377,0,1,1,18,3,4,1,10
2211,5,7007227795172576957,0,3,3,15,7,4,3,9
2212,5,-7290607943475770902,0,3,3,17,6,5,4,8
2213,5,-4805867693816016872,0,3,3,13,9,1,1,2
2214,5,-5017947920533044252,0,3,3,21,1,3,1,7
2215,5,1400295871209204652,0,1,1,16,3,5,2,15
2216,5,-4915428045328285983,0,1,1,17,5,4,2,12
2217,5,7416332324792534921,0,1,1,14,3,3,2,9
2218,5,-6490480802303893624,0,0,0,16,4,4,2,12
2219,5,5582161318780334179,0,0,0,21,1,6,3,11
2220,5,-7929584617206977127,0,3,3,16,4,4,3,7
2221,5,-7157048858213739318,0,4,4,22,1,6,2,13
2222,5,-8066850208610425791,0,2,2,14,2,3,2,6
2223,5,4666831200883785629,0,1,1,19,3,3,1,9
2224,5,-583002323005246546,0,0,0,18,2,5,2,10
2225,5,-1967523569808685632,0,4,4,16,4,3,1,11
2226,5,-905048653729380378,0,3,3,17,2,2,1,3
2227,5,3323173349238135564,0,1,1,19,2,7,4,18
2228,5,-8600127942946019116,0,2,2,18,1,5,3,14
2229,5,8665199025087693447,0,2,2,21,3,4,2,6
2230,5,-393877079457445980,0,2,2,15,1,5,4,15
2231,5,1457312917275463124,0,4,4,15,2,3,2,11
2232,5,2734656201785412943,0,2,2,18,3,4,2,14
2233,5,855622320681836525,0,2,2,17,2,4,2,16
2234,5,5279957885580787321,0,0,0,16,6,3,1,4
2235,5,7048617553364412174,0,0,0,17,1,6,2,19
2236,5,1322169425556899962,0,2,2,17,3,4,2,11
2237,5,9131867104794378740,0,0,0,19,6,4,2,6
2238,5,-6332737905527141447,0,1,1,16,4,3,2,12
2239,5,6691833074716001351,0,0,0,18,3,6,2,21
2240,5,-2701273452867700927,0,2,2,20,1,4,2,6
2241,5,-8652494746628338093,0,0,0,19,1,7,3,15
2242,5,-8780315577381484147,0,2,2,16,5,2,2,6
2243,5,-1404843559623545858,0,4,4,19,6,3,1,10
2244,5,4613405546584378022,0,2,2,14,6,2,2,6
2245,5,-544338767128088842,0,1,1,15,2,2,1,7
2246,5,7095546126573638511,0,3,3,18,1,5,2,13
2247,5,-5212221459889801175,0,1,1,16,4,4,3,10
2248,5,-3039788594613897665,0,1,1,16,1,5,3,14
2249,5,8136504700360205434,0,3,3,17,2,6,4,14
2250,5,5706073949860912304,0,0,0,20,1,8,3,13
2251,5,1630227537033089201,0,4,4,15,3,3,1,5
2252,5,343418526872465078,0,2,2,13,3,4,2,16
2253,5,8818790537160583346,0,4,4,16,2,3,1,10
2254,5,-1536089011489679629,0,0,0,23,1,8,3,15
2255,5,3015067548093838833,0,1,1,19,1,8,4,22
2256,5,-4810779034293635000,0,1,1,15,9,2,2,8
2257,5,-3905622726898949851,0,2,2,15,6,4,3,10
2258,5,6775279887529306287,0,4,4,17,3,5,3,11
2259,5,-8872121115235722437,0,4,4,16,5,3,1,12
2260,5,3496375868686370119,0,1,1,15,4,4,2,14
2261,5,1580718481643331981,0,3,3,17,8,3,2,6
2262,5,3002665275593667504,0,1,1,19,3,4,2,9
2263,5,4628499115709288787,0,2,2,19,1,4,2,9
2264,5,-8394867030712785768,0,3,3,15,1,6,4,16
2265,5,5756932465719787097,0,2,2,16,4,2,1,5
2266,5,-3761069696718492778,0,2,2,14,8,2,1,7
2267,5,-1049527400392785678,0,1,1,22,1,6,3,16
2268,5,-3316803186771001290,0,2,2,19,4,4,2,9
2269,5,4497692308662333228,0,2,2,15,6,2,1,5
2270,5,-7637799540222657452,0,3,3,15,6,2,1,6
2271,5,-240722416106965692,0,0,0,19,1,5,2,12
2272,5,-6306955313580332115,0,1,1,19,3,3,1,4
2273,5,8408642042991083868,0,4,4,19,4,4,2,9
2274,5,6489443015915618482,0,2,2,17,1,6,3,18
2275,5,-1172809788991900054,0,2,2,18,1,5,2,15
2276,5,1191483593760326303,0,1,1,14,5,4,2,10
2277,5,6727789965938170483,0,1,1,20,3,5,2,8
2278,5,-1144781194834212660,0,1,1,19,2,6,3,16
2279,5,1896209309265671161,0,2,2,18,2,3,1,8
2280,5,-2762660991438874813,0,3,3,15,2,6,3,20
2281,5,-7284590286620734798,0,3,3,19,1,5,1,11
2282,5,-396632554648358766,0,2,2,19,1,5,3,8
2283,5,7182186806904995706,0,4,4,18,3,6,2,14
2284,5,-3491534534075240223,0,2,2,16,2,4,2,10
2285,5,5663648931211538313,0,0,0,17,2,5,2,12
2286,5,-5340768593648417210,0,3,3,19,1,4,2,11
2287,5,8227124157941241576,0,2,2,16,3,2,1,3
2288,5,8955104883054008919,0,1,1,15,1,3,2,6
2289,5,-1169510564675557856,0,0,0,15,2,7,4,22
2290,5,1632832135476855040,0,1,1,15,5,6,4,21
2291,5,-7673300242666946763,0,2,2,19,3,5,1,12
2292,5,-6086788076495929193,0,1,1,15,6,5,4,12
2293,5,4397660888558947794,0,2,2,21,1,7,3,16
2294,5,-1250799075012622547,0,2,2,17,2,3,1,11
2295,5,-8617471662655377723,0,2,2,17,1,5,2,13
2296,5,-5043602146055790297,0,3,3,18,3,6,3,9
2297,5,8764643876650162860,0,3,3,16,2,4,2,14
2298,5,6376867623352157452,0,0,0,16,2,6,3,15
2299,5,797842978500364272,0,4,4,19,8,2,1,3
2300,5,2496991087699691679,0,1,1,18,1,4,2,9
2301,5,-7402968726636562446,0,2,2,18,2,3,1,6
2302,5,3498173913936401200,0,0,0,17,1,5,2,12
2303,5,-8371330761118866556,0,0,0,19,1,6,3,16
2304,5,-6241850382545313490,0,1,1,17,2,5,2,18
2305,5,3804946243219290779,0,2,2,18,4,4,1,9
2306,5,-807200305922839295,0,2,2,22,1,5,2,12
2307,5,-8098700001053512894,0,1,1,17,1,7,4,22
2308,5,-482783140885491434,0,1,1,18,4,5,3,10
2309,5,2518020947846046672,0,4,4,19,3,6,2,13
2310,5,24964506834040634,0,0,0,19,2,5,2,8
2311,5,5787253380068508765,0,3,3,15,7,1,1,4
2312,5,-8445820776195757780,0,1,1,15,7,2,1,8
2313,5,6316224434545242993,0,3,3,17,1,7,4,20
2314,5,-5149007844230195604,0,1,1,20,1,4,1,8
2315,5,1378203755503340030,0,3,3,15,3,3,1,6
2316,5,3155370302971355993,0,2,2,20,1,7,4,11
2317,5,4458979811469150864,0,2,2,14,4,3,2,6
2318,5,-1401988427830356614,0,0,0,15,2,4,2,12
2319,5,960043094726989762,0,0,0,18,4,3,1,5
2320,5,-7841072402860297957,0,4,4,19,1,3,1,5
2321,5,1657809013153422835,0,1,1,16,4,3,2,9
2322,5,6494648426751433756,0,3,3,19,7,3,2,6
2323,5,5349579826396505146,0,1,1,17,1,2,1,6
2324,5,-127170672939705852,0,3,3,17,4,2,1,3
2325,5,859278691938302102,0,1,1,17,3,6,4,12
2326,5,356449856311096668,0,1,1,18,3,4,2,11
2327,5,-1633381796906996887,0,3,3,19,2,6,3,16
2328,5,-768795522058851782,0,1,1,17,1,3,1,5
2329,5,-8951930114119643609,0,0,0,15,3,4,2,11
2330,5,-3494724254683584997,0,1,1,19,4,2,1,3
2331,5,4001548634541517130,0,2,2,20,4,5,2,11
2332,5,-320939080170622730,0,3,3,16,2,6,3,24
2333,5,333401090352422281,0,1,1,18,1,5,3,14
2334,5,-8098414147454938227,0,2,2,24,2,3,1,8
2335,5,-7252166103045381048,0,0,0,20,2,4,1,9
2336,5,1930804123959021317,0,2,2,17,2,5,2,14
2337,5,6545798782040531793,0,1,1,18,3,6,3,17
2338,5,-6186689772325733959,0,3,3,19,2,6,4,10
2339,5,535940581088004036,0,2,2,18,2,4,2,10
2340,5,-823773917831899830,0,3,3,17,1,7,4,14
2341,5,263000078158060620,0,4,4,16,2,5,3,9
2342,5,2030167301640516090,0,1,1,16,2,5,3,14
2343,5,-6091973536781758829,0,2,2,16,3,3,1,9
2344,5,4432300127452672826,0,3,3,20,3,5,3,13
2345,5,-2283842934830770185,0,0,0,16,6,4,2,12
2346,5,-5043978990964782720,0,4,4,17,1,6,4,13
2347,5,-1755478004766130819,0,2,2,19,3,5,3,11
2348,5,5790815247628596574,0,1,1,17,3,5,3,14
2349,5,500947362541165317,0,0,0,16,2,4,1,14
2350,5,6238103976492492752,0,3,3,20,3,6,2,14
2351,5,1965358391980142015,0,1,1,14,8,3,3,11
2352,5,-3241937022589119531,0,3,3,15,3,4,2,13
2353,5,2222684330219377117,0,2,2,18,4,5,3,11
2354,5,8666260382930502976,0,2,2,16,5,5,3,7
2355,5,-4397236861152991350,0,0,0,25,3,8,3,14
2356,5,4513456684939153615,0,0,0,20,1,6,2,15
2357,5,1566111119818822426,0,0,0,17,1,8,3,25
2358,5,4190561603430707580,0,3,3,15,3,4,3,13
2359,5,9192541574680595586,0,2,2,15,1,5,2,18
2360,5,8811903003224909587,0,3,3,17,4,4,1,11
2361,5,2627625319530361353,0,2,2,18,2,3,1,6
2362,5,-355241477451011580,0,3,3,19,4,3,2,4
2363,5,784253722891899455,0,2,2,22,1,4,1,8
2364,5,-7112600370732185478,0,1,1,16,2,6,4,14
2365,5,659517475677905198,0,4,4,17,1,4,2,9
2366,5,-8776517506992324437,0,3,3,20,1,4,1,9
2367,5,-3185345151302726449,0,3,3,15,1,4,2,13
2368,5,6724801932439301233,0,2,2,18,4,3,1,4
2369,5,1545906996217128127,0,2,2,20,1,6,3,12
2370,5,8289181640218874393,0,1,1,18,4,5,3,16
2371,5,-625163020812744398,0,2,2,19,5,3,2,6
2372,5,-6763069255492522373,0,2,2,18,1,3,1,9
2373,5,3444236633687921959,0,2,2,16,3,3,2,8
2374,5,-7724869865762894774,0,1,1,17,3,4,2,9
2375,5,-8023821621835368483,0,0,0,17,5,4,1,13
2376,5,3978436489423862957,0,4,4,16,4,3,1,8
2377,5,3359556508777607557,0,1,1,15,1,5,3,11
2378,5,8341839259574322446,0,0,0,15,5,4,2,9
2379,5,-1855339869432731848,0,1,1,21,1,3,1,8
2380,5,-7367843116657371599,0,3,3,17,3,3,1,8
2381,5,356044210674549291,0,0,0,19,6,5,2,10
2382,5,-783452395506720633,0,0,0,18,7,4,2,6
2383,5,-3553363325209063904,0,2,2,16,2,4,2,8
2384,5,8067376811407169987,0,2,2,14,8,2,2,4
2385,5,1139406194194516767,0,2,2,21,1,7,3,14
2386,5,-8633183758081439827,0,1,1,16,4,3,2,6
2387,5,-4353135944968493467,0,0,0,16,6,5,2,15
2388,5,5505946012273730615,0,1,1,18,1,4,2,12
2389,5,8397547066976964253,0,1,1,17,2,4,2,9
2390,5,7649643320667811533,0,3,3,17,3,4,2,10
2391,5,9074297261174216525,0,4,4,19,1,4,1,10
2392,5,-78405662392647951,0,2,2,15,2,3,1,11
2393,5,-1754358375385505902,0,2,2,15,7,2,1,7
2394,5,-3184259975379194874,0,1,1,16,3,3,1,10
2395,5,-6722262163715411952,0,3,3,20,3,6,4,9
2396,5,-2718097701706998165,0,1,1,18,6,2,1,4
2397,5,7278987747570598947,0,0,0,17,1,5,2,10
2398,5,3365166014206811595,0,2,2,20,4,7,4,17
2399,5,-325823119089192359,0,2,2,20,2,5,2,13
2400,5,348647677927452850,0,4,4,14,3,4,3,11
2401,5,6456714280626448420,0,2,2,17,1,7,4,23
2402,5,-4479479731198877340,0,3,3,18,3,3,2,8
2403,5,-975846497415041845,0,1,1,19,1,5,3,9
2404,5,2279747878140967914,0,1,1,16,1,6,4,18
2405,5,9208997394227421090,0,2,2,17,1,4,2,10
2406,5,-6927810050709415572,0,1,1,21,3,5,2,13
2407,5,-8203801778794846854,0,0,0,17,1,5,1,14
2408,5,5665439585187761350,0,1,1,19,4,6,3,16
2409,5,3981314678390651226,0,3,3,15,6,4,4,12
2410,5,231686035926795348,0,3,3,20,4,3,2,8
2411,5,-817473960204839826,0,2,2,16,2,3,2,10
2412,5,-987081459975211760,0,0,0,15,5,3,2,4
2413,5,8188162949509603647,0,2,2,16,4,4,2,15
2414,5,-5845023335651237153,0,1,1,17,3,5,3,14
2415,5,-7844087605078692316,0,0,0,16,1,7,4,19
2416,5,3576237981357480487,0,3,3,17,4,2,1,4
2417,5,7340484319023272696,0,3,3,15,3,3,1,9
2418,5,6669380497989037732,0,0,0,18,4,6,3,14
2419,5,7072438570576903692,0,2,2,15,3,2,1,7
2420,5,-3951417684307651716,0,2,2,18,2,4,1,11
2421,5,1991818167433534559,0,0,0,19,1,3,1,6
2422,5,-4941514219401387888,0,0,0,14,4,5,3,12
2423,5,7183978541754814732,0,3,3,16,6,3,2,8
2424,5,8264178880631118100,0,0,0,17,3,4,1,14
2425,5,-8556482628134162429,0,2,2,20,2,5,3,11
2426,5,355057642835298145,0,1,1,21,6,5,3,9
2427,5,7231853294383591419,0,3,3,19,2,5,2,13
2428,5,-6998019280922623479,0,4,4,17,1,5,3,12
2429,5,7938993138671847335,0,1,1,18,1,4,2,9
2430,5,-5250785967318569428,0,0,0,20,5,5,2,13
2431,5,4380652259545098791,0,3,3,13,1,2,1,5
2432,5,2934922914991969033,0,2,2,15,4,2,1,6
2433,5,5535543167422600897,0,0,0,18,8,4,2,12
2434,5,-7597549405096619305,0,1,1,16,6,1,1,3
2435,5,5574140311649972176,0,0,0,16,2,4,1,10
2436,5,2357512425329614037,0,3,3,20,4,4,2,8
2437,5,-1843857311704904452,0,2,2,14,7,1,1,2
2438,5,-5497945494179304289,0,2,2,18,1,5,3,10
2439,5,-5632130021838963542,0,3,3,17,2,5,3,14
2440,5,-3742527731330127165,0,1,1,15,6,5,4,17
2441,5,7202883600442697910,0,2,2,20,2,4,1,14
2442,5,-3282165433750830444,0,4,4,18,1,5,2,13
2443,5,-5229526961846824353,0,2,2,20,1,3,1,7
2444,5,8826015993432490301,0,1,1,15,4,4,3,9
2445,5,-1749390396964284030,0,4,4,19,1,7,3,19
2446,5,4342994966551138840,0,1,1,12,8,1,1,2
2447,5,8314832700384019211,0,3,3,18,3,4,3,11
2448,5,-2069528516510536640,0,2,2,18,4,5,3,15
2449,5,-7301622553258085720,0,0,0,18,1,5,1,10
2450,5,-5201497603750378140,0,1,1,21,3,5,2,10
2451,5,-779037978030617666,0,0,0,17,1,5,2,13
2452,5,5813811403009727966,0,2,2,15,5,3,1,9
2453,5,7624654125463776672,0,3,3,17,1,3,1,8
2454,5,1961951626062592515,0,3,3,19,3,7,4,20
2455,5,8279095538403032830,0,1,1,18,2,4,2,11
2456,5,-84837582693147460,0,2,2,18,1,4,2,7
2457,5,-8110374183762215781,0,2,2,17,1,3,1,8
2458,5,-5729711348640786603,0,2,2,18,2,4,2,7
2459,5,-345296036857888958,0,0,0,16,6,3,1,9
2460,5,-5063671175812709739,0,0,0,24,1,11,4,28
2461,5,-5431622490804048646,0,2,2,14,6,1,1,2
2462,5,7882649609282974990,0,0,0,15,7,5,3,16
2463,5,-6022215432469411464,0,1,1,19,7,3,2,7
2464,5,-852382267542091083,0,1,1,18,2,3,1,6
2465,5,-1193111141633369644,0,4,4,15,2,5,2,15
2466,5,-3231240925028511308,0,0,0,20,2,6,2,17
2467,5,3179210052957179775,0,3,3,19,1,6,3,14
2468,5,5141536173235744894,0,2,2,18,4,4,1,12
2469,5,2520624710274559605,0,2,2,16,3,3,2,4
2470,5,2566289550217451812,0,2,2,18,1,7,4,17
2471,5,2266182004145267374,0,1,1,13,9,3,3,11
2472,5,-8525901372133057049,0,1,1,17,1,6,3,14
2473,5,5612770138200701145,0,2,2,20,1,7,3,19
2474,5,8975017604619696909,0,3,3,17,1,5,2,15
2475,5,-5744213805715755444,0,3,3,17,3,3,1,7
2476,5,8152621881101838839,0,1,1,16,1,4,2,17
2477,5,2670267597550193717,0,2,2,21,2,4,2,10
2478,5,6033236296951189875,0,2,2,14,8,1,1,3
2479,5,-4639487884415942123,0,1,1,16,5,3,2,5
2480,5,292277205666522959,0,0,0,18,3,4,1,5
2481,5,-1167137895754484881,0,2,2,17,3,6,4,14
2482,5,-4578903915296401618,0,2,2,16,3,3,1,9
2483,5,4751213167297703100,0,3,3,18,3,2,1,7
2484,5,-1067298881552104802,0,2,2,16,4,2,1,6
2485,5,-321072575802543199,0,2,2,17,2,3,1,10
2486,5,-437391056768487832,0,0,0,19,3,8,3,21
2487,5,7388327656025646691,0,2,2,16,2,7,4,24
2488,5,5078565046105403690,0,0,0,19,2,4,1,11
2489,5,2659140732395101850,0,1,1,15,4,3,2,10
2490,5,8332971235101931299,0,3,3,20,2,4,2,12
2491,5,-7574560996053644508,0,2,2,18,4,4,3,9
2492,5,-2022834379383247026,0,3,3,19,3,3,1,5
2493,5,-1972577941881211556,0,1,1,15,2,2,1,7
2494,5,830636083789968817,0,2,2,14,2,2,1,5
2495,5,1124378960724338060,0,4,4,18,3,5,2,13
2496,5,8528356976609332982,0,2,2,18,2,3,2,6
2497,5,495166534054353567,0,0,0,16,4,3,1,6
2498,5,-3478823501440841414,0,0,0,16,1,6,3,12
2499,5,-3410067277789755110,0,1,1,18,3,4,2,10
2500,5,-4894599782819490268,0,0,0,14,1,3,1,13
2501,5,-5497768772667370163,0,3,3,17,1,6,4,16
2502,5,-282228308248579527,0,1,1,22,2,6,3,11
2503,5,-1813821662546985787,0,4,4,20,2,7,4,16
2504,5,6032339248466341231,0,0,0,21,6,6,3,11
2505,5,-5201051142971677948,0,4,4,19,2,5,2,14
2506,5,-1020972868362376961,0,2,2,17,1,4,1,12
2507,5,-7181377572105505421,0,4,4,18,1,4,1,7
2508,5,6609227895872986751,0,3,3,17,5,4,3,11
2509,5,929262860708780695,0,3,3,21,1,8,4,18
2510,5,1581831207915095087,0,3,3,16,1,2,1,3
2511,5,-889253865239175037,0,1,1,18,6,3,1,7
2512,5,-5241421274778934638,0,2,2,19,5,3,2,5
2513,5,8722414455691615885,0,2,2,14,3,3,2,8
2514,5,-5385874744213278912,0,1,1,17,1,7,4,17
2515,5,-1543584576542147004,0,2,2,16,1,3,1,9
2516,5,-2047982500947296006,0,3,3,18,2,6,3,16
2517,5,-4806575209184403551,0,3,3,17,3,2,1,4
2518,5,5130979725809250559,0,0,0,17,1,6,2,20
2519,5,7555706090022882427,0,2,2,16,7,4,3,12
2520,5,-1798900905482568291,0,0,0,16,8,6,4,14
2521,5,3678804161636839232,0,3,3,16,1,4,3,7
2522,5,-6130673209284640246,0,4,4,15,4,3,1,9
2523,5,7604547857225220321,0,2,2,16,4,4,2,11
2524,5,673140433865545588,0,0,0,21,1,8,3,19
2525,5,-1657902436329496050,0,2,2,18,1,5,2,13
2526,5,4896507272280437589,0,1,1,16,3,4,2,12
2527,5,-2135762332393008221,0,3,3,16,2,3,1,12
2528,5,-5566384255392442612,0,1,1,15,4,5,3,12
2529,5,5175656582470861409,0,0,0,16,2,4,1,11
2530,5,3370346387448341673,0,2,2,20,2,4,1,7
2531,5,2956484372781488609,0,1,1,16,1,4,2,11
2532,5,447641817635482888,0,3,3,18,2,7,4,18
2533,5,566944057209213636,0,2,2,14,4,4,1,12
2534,5,2236547666132896544,0,2,2,17,2,3,1,10
2535,5,1886472435165573167,0,2,2,20,2,5,2,13
2536,5,-8593075624682725220,0,1,1,15,1,5,3,17
2537,5,-4007039017834405770,0,3,3,18,2,7,4,16
2538,5,-2589047464649013333,0,0,0,14,6,2,1,6
2539,5,1321868826564097302,0,1,1,17,3,3,2,9
2540,5,7966160846507445780,0,4,4,17,3,3,1,8
2541,5,-1574244236927834647,0,1,1,16,6,3,3,5
2542,5,-5033160578220094068,0,3,3,17,4,3,2,5
2543,5,-2500482461775703148,0,0,0,16,2,4,2,12
2544,5,-821965553103112885,0,2,2,18,3,3,1,8
2545,5,7394718864255892803,0,1,1,19,2,7,4,21
2546,5,-2195097265130497828,0,1,1,20,3,3,1,8
2547,5,2053992998783507864,0,1,1,16,5,3,2,5
2548,5,-8957941959672932300,0,1,1,15,1,4,3,10
2549,5,4449352070097085152,0,2,2,17,2,3,1,6
2550,5,-5886710460662221562,0,1,1,17,3,4,2,9
2551,5,5302994253182400135,0,1,1,16,4,3,2,7
2552,5,4058961942923733333,0,1,1,18,4,3,1,6
2553,5,-4876387540421441587,0,1,1,16,7,3,2,9
2554,5,-689426586437119158,0,1,1,19,3,5,3,8
2555,5,7355841159661751738,0,3,3,20,2,5,2,9
2556,5,-3399563984490575289,0,0,0,18,2,3,1,6
2557,5,5570699293830394959,0,1,1,16,6,5,3,14
2558,5,-8234421555476909765,0,0,0,21,4,6,3,16
2559,5,-7078073642059355907,0,2,2,13,4,4,3,13
2560,5,-1055450162240267720,0,0,0,18,4,5,2,12
2561,5,-4569376061369320869,0,1,1,17,4,4,2,13
2562,5,-1045240902737424574,0,2,2,20,1,5,3,11
2563,5,-7096450437505302766,0,2,2,15,3,4,2,9
2564,5,2605430746473419880,0,2,2,16,8,4,3,10
2565,5,-1000945207337142245,0,0,0,18,4,5,1,16
2566,5,-6909828910279559400,0,2,2,15,3,4,3,15
2567,5,2617238343569105452,0,1,1,16,3,5,3,16
2568,5,-436838056441987409,0,3,3,21,5,4,2,9
2569,5,-8908021052667581841,0,1,1,17,1,7,4,17
2570,5,4812176025955177040,0,1,1,18,2,4,1,14
2571,5,6985710700105939573,0,3,3,18,3,5,3,13
2572,5,3824528751386535926,0,0,0,19,3,6,3,14
2573,5,-1034045431823167639,0,1,1,20,6,3,2,6
2574,5,8811856457063829707,0,1,1,15,5,2,1,4
2575,5,178605751436103816,0,1,1,16,1,3,1,10
2576,5,-547473777149004103,0,1,1,17,1,3,1,8
2577,5,-8111369747739698992,0,3,3,14,4,4,3,9
2578,5,-3357388414126219455,0,4,4,20,1,6,4,10
2579,5,9119572290902239223,0,2,2,18,5,3,2,8
2580,5,-8609876403188463732,0,3,3,14,7,3,2,11
2581,5,4615269229830680222,0,2,2,15,4,3,2,10
2582,5,1318343972164545983,0,1,1,18,2,2,1,6
2583,5,-849501742870746682,0,4,4,19,1,4,2,9
2584,5,5542130070046530451,0,3,3,18,2,8,4,22
2585,5,8531700142902149506,0,0,0,13,5,3,2,8
2586,5,-133212039241726429,0,0,0,16,1,5,2,15
2587,5,4500814447370919662,0,0,0,14,2,4,1,17
2588,5,7239045830575462152,0,0,0,18,4,4,2,8
2589,5,-2291784670533358241,0,2,2,20,2,6,3,16
2590,5,3515060352803353250,0,2,2,19,1,4,1,9
2591,5,4483017984896203483,0,2,2,17,5,2,1,2
2592,5,5687351120055340984,0,1,1,16,2,2,1,6
2593,5,-8989388344437330997,0,1,1,20,1,4,2,7
2594,5,-3748163709355543485,0,1,1,15,7,4,3,9
2595,5,2237606543424566767,0,2,2,17,1,3,2,8
2596,5,-2046115847797757050,0,1,1,17,4,2,1,3
2597,5,6532407192318629521,0,0,0,16,3,4,2,12
2598,5,6979677805727091042,0,4,4,18,2,8,4,24
2599,5,6840352351806650365,0,3,3,16,4,2,1,4
2600,5,813354276007399143,0,0,0,17,2,7,3,22
2601,5,-8580234456775443921,0,2,2,22,2,7,4,16
2602,5,8031518452120388654,0,2,2,19,4,3,2,8
2603,5,-5985882128740887858,0,0,0,17,7,4,2,10
2604,5,8798341159259609957,0,2,2,16,3,3,1,10
2605,5,314559005881366617,0,3,3,17,5,3,1,8
2606,5,-4659158241094110934,0,3,3,17,1,5,2,18
2607,5,5156929629620358303,0,0,0,15,6,5,3,17
2608,5,-869201514046521827,0,1,1,24,1,4,1,5
2609,5,4274566606051506804,0,3,3,16,1,4,2,10
2610,5,-4178255473761448528,0,1,1,17,3,4,2,11
2611,5,6866389698410412705,0,1,1,21,3,4,2,12
2612,5,8971955886373604928,0,0,0,15,2,5,2,18
2613,5,-8209312379563199460,0,2,2,17,1,5,3,11
2614,5,5355162169856773737,0,2,2,18,2,3,1,10
2615,5,2749563430456847224,0,1,1,20,4,5,3,17
2616,5,3624291647448759189,0,4,4,16,3,4,1,14
2617,5,-6596298708820478562,0,2,2,15,3,4,3,8
2618,5,8513615295183615446,0,3,3,13,8,1,1,3
2619,5,-6782742948711308867,0,2,2,16,6,3,2,7
2620,5,8780272909276302581,0,4,4,19,2,5,2,11
2621,5,-7670410551286165890,0,1,1,18,2,3,1,8
2622,5,-7912245873332487477,0,1,1,20,1,5,2,13
2623,5,692534512147684988,0,3,3,17,1,4,2,10
2624,5,-8267270383880524082,0,2,2,20,1,4,2,12
2625,5,-8073044033360592909,0,0,0,16,6,3,1,6
2626,5,-5079762943603589394,0,2,2,18,1,3,1,9
2627,5,8458225444253629367,0,0,0,14,2,4,1,15
2628,5,8776835249341305249,0,2,2,18,1,4,1,15
2629,5,3572629009235541862,0,4,4,16,2,5,2,14
2630,5,-1363681604522142404,0,1,1,20,3,4,1,7
2631,5,-1672499699221522720,0,0,0,15,1,6,3,22
2632,5,1432805932165683333,0,2,2,17,2,4,2,11
2633,5,418854561649068279,0,1,1,15,4,2,1,7
2634,5,1284071201244715141,0,2,2,13,5,1,1,5
2635,5,5726505150482500451,0,1,1,15,6,3,2,8
2636,5,8074595060816107425,0,2,2,18,4,3,1,3
2637,5,-5643110130491145736,0,3,3,18,4,4,1,13
2638,5,-8247694119754673685,0,3,3,17,7,2,1,2
2639,5,-3054935582115349222,0,4,4,16,2,6,3,17
2640,5,-173192965264153931,0,1,1,17,2,3,1,5
2641,5,3265890755390106480,0,2,2,20,4,4,3,8
2642,5,7623741158133247847,0,2,2,18,4,5,3,13
2643,5,2536385430574379735,0,2,2,21,3,4,2,7
2644,5,8488117009008077714,0,1,1,18,2,4,2,9
2645,5,767865188275725465,0,3,3,16,3,4,2,14
2646,5,2149737169162062404,0,4,4,17,3,3,1,7
2647,5,7286524630935404766,0,2,2,22,1,4,1,7
2648,5,8157488961775497373,0,1,1,17,6,3,2,9
2649,5,3561702113190509922,0,1,1,15,3,6,4,18
2650,5,7123222764668157346,0,3,3,20,3,5,2,10
2651,5,-4969988481255947417,0,1,1,15,6,5,4,13
2652,5,-7326876761492620463,0,0,0,17,2,5,3,20
2653,5,-6282538506590070547,0,4,4,17,5,5,2,13
2654,5,-4581174486060086028,0,0,0,14,3,5,2,19
2655,5,-7660972758445889248,0,2,2,17,2,4,2,11
2656,5,2553825702376795834,0,2,2,16,4,4,3,10
2657,5,-57036273329594350,0,1,1,21,1,3,1,4
2658,5,-3405917760813524350,0,0,0,17,3,5,2,14
2659,5,-3651506734939599446,0,1,1,16,9,3,3,6
2660,5,6615567675930895866,0,2,2,17,1,4,3,11
2661,5,-6841741709482540069,0,0,0,14,3,3,1,9
2662,5,-7568862198073283096,0,2,2,18,6,5,3,12
2663,5,-4896308741383511016,0,3,3,17,3,2,1,2
2664,5,-133179065194650937,0,3,3,18,5,3,2,5
2665,5,-598838402705059834,0,0,0,21,1,6,2,11
2666,5,-6625030057580393835,0,0,0,18,2,7,2,23
2667,5,8386893985084698995,0,1,1,15,7,2,1,5
2668,5,1818767235551136747,0,0,0,19,2,5,2,15
2669,5,8766192749844745606,0,2,2,17,1,5,3,14
2670,5,3504022486664549965,0,1,1,16,4,5,3,11
2671,5,4651676939085928248,0,0,0,17,3,5,2,12
2672,5,4696497958794705859,0,2,2,17,5,4,2,13
2673,5,-1303604709825956606,0,4,4,18,1,4,2,9
2674,5,-4269920971891732568,0,1,1,15,2,3,2,9
2675,5,-937248884595855913,0,2,2,14,5,4,3,11
2676,5,1039263440975879873,0,0,0,22,3,6,2,13
2677,5,278079093705814357,0,1,1,17,1,4,2,15
2678,5,-9160238142847429487,0,1,1,13,4,2,1,6
2679,5,3838574802645184310,0,3,3,21,2,6,3,12
2680,5,-3615041394001796630,0,2,2,16,2,5,3,16
2681,5,738254019201069580,0,3,3,13,8,1,1,4
2682,5,-7112594831304558393,0,0,0,15,1,5,2,15
2683,5,-1267045434969788115,0,2,2,18,1,7,4,18
2684,5,-6111102970278874791,0,2,2,14,7,2,2,6
2685,5,-58174002362167829,0,3,3,21,1,5,2,7
2686,5,4579615849524210783,0,1,1,14,3,4,3,14
2687,5,1023134652965613576,0,1,1,20,2,3,1,4
2688,5,-8211864614737754438,0,0,0,18,3,4,1,10
2689,5,7783287725077362024,0,4,4,17,5,3,2,10
2690,5,6342120723635597888,0,2,2,22,1,5,1,10
2691,5,-8716363272990316280,0,3,3,16,1,3,2,8
2692,5,6249932512454002640,0,0,0,23,2,6,3,12
2693,5,9193323479591449902,0,3,3,17,3,4,3,8
2694,5,-3211431994139367771,0,2,2,17,4,3,2,7
2695,5,321992794877281506,0,2,2,16,4,2,1,4
2696,5,2889618250076632303,0,2,2,17,3,3,2,6
2697,5,-6749486927046375268,0,4,4,17,8,3,2,11
2698,5,1088110418266117535,0,2,2,15,4,2,1,6
2699,5,-547566879561035202,0,2,2,16,2,2,1,2
2700,5,-1148239641651173502,0,1,1,19,3,4,2,6
2701,5,5708675233319173188,0,0,0,16,2,4,1,7
2702,5,2889890943249605009,0,2,2,20,3,5,2,14
2703,5,-1329049857893494727,0,1,1,14,6,2,1,5
2704,5,8079528501397069958,0,0,0,16,5,7,4,22
2705,5,6142032677963260012,0,0,0,18,1,4,2,6
2706,5,8114491421867309490,0,0,0,19,7,3,1,6
2707,5,-6209092477587453724,0,0,0,15,6,5,2,17
2708,5,-7160846524052543731,0,2,2,17,2,3,1,7
2709,5,-4236230780422534256,0,1,1,17,1,4,2,13
2710,5,1174529101584392334,0,1,1,20,3,3,1,12
2711,5,-8105424555458462782,0,2,2,17,3,3,1,12
2712,5,5192866244781651645,0,0,0,15,4,4,1,7
2713,5,-5181534012025082658,0,0,0,19,3,8,4,23
2714,5,-7541112407102520698,0,2,2,17,3,5,3,14
2715,5,-2843615552615573426,0,0,0,20,1,4,1,8
2716,5,-5329742539729322417,0,0,0,23,1,8,3,20
2717,5,-3895367263711252808,0,2,2,17,2,4,2,9
2718,5,1553835728566541387,0,1,1,18,2,5,2,15
2719,5,-4955661901068302221,0,3,3,16,5,4,2,14
2720,5,-2347485121539805680,0,4,4,16,1,3,1,8
2721,5,-7045012028674102986,0,2,2,18,1,3,2,9
2722,5,1845093564717150567,0,3,3,20,2,4,2,9
2723,5,4917610730046573330,0,3,3,20,2,8,4,20
2724,5,-1729545334536825246,0,3,3,19,2,5,1,12
2725,5,164401077854971041,0,0,0,18,2,6,2,13
2726,5,-3001316983557090636,0,2,2,16,4,4,2,10
2727,5,-5356559586934497665,0,3,3,19,1,6,4,14
2728,5,-8965298985554094532,0,2,2,16,1,2,1,2
2729,5,5396629028752321529,0,2,2,16,2,3,2,4
2730,5,-8153682033575840542,0,0,0,14,6,3,1,7
2731,5,-8693603282512200956,0,3,3,21,4,4,3,6
2732,5,-3508208926667908698,0,2,2,14,4,3,1,12
2733,5,6521158978435215217,0,1,1,19,3,5,2,7
2734,5,6015461078351025910,0,0,0,16,3,3,1,9
2735,5,-5104121523858694819,0,2,2,20,1,3,1,6
2736,5,8199417998116481087,0,2,2,16,4,2,1,6
2737,5,6154331461135021805,0,3,3,17,2,6,3,15
2738,5,952221942658332869,0,1,1,19,8,2,1,2
2739,5,257912348520358203,0,2,2,15,6,5,3,18
2740,5,-6120427071749209161,0,0,0,17,2,5,1,12
2741,5,7635159209031148683,0,2,2,20,2,4,1,13
2742,5,-3600690593733959299,0,0,0,18,2,7,3,16
2743,5,-7512446845644330047,0,2,2,18,4,4,2,5
2744,5,6612798540607182421,0,3,3,21,1,6,4,10
2745,5,4226342272025364247,0,2,2,16,5,4,3,10
2746,5,6917337942442047005,0,2,2,15,6,2,1,8
2747,5,-8347393806130010614,0,0,0,18,1,5,2,15
2748,5,-1087317855114677903,0,0,0,16,2,5,2,12
2749,5,7536305514255318165,0,2,2,18,2,6,4,12
2750,5,1625444729184608248,0,0,0,18,6,6,3,17
2751,5,-4079899796228569183,0,0,0,20,2,6,2,14
2752,5,-8071522084177552389,0,4,4,18,3,7,4,20
2753,5,8413999394175984827,0,1,1,16,1,5,3,13
2754,5,-581495450844986569,0,1,1,17,3,3,2,9
2755,5,3928116993995452679,0,4,4,18,4,6,3,14
2756,5,-3057410308509011725,0,1,1,18,3,2,1,7
2757,5,-5829479645841939596,0,0,0,15,3,6,2,24
2758,5,7981372115271238995,0,0,0,20,2,6,2,12
2759,5,7015609288906610224,0,3,3,22,4,5,3,9
2760,5,-682623703593054738,0,3,3,14,4,2,1,5
2761,5,3613815696179721054,0,0,0,21,1,5,1,12
2762,5,-2996100233121487969,0,0,0,14,1,5,2,18
2763,5,-397131445826832122,0,2,2,17,6,6,4,18
2764,5,1901452238927597976,0,1,1,17,6,3,2,11
2765,5,-360511072816330675,0,2,2,18,2,6,3,15
2766,5,6811191497428490684,0,3,3,16,1,5,3,15
2767,5,-2477447370309798939,0,1,1,14,6,2,2,6
2768,5,6028640782735551020,0,4,4,20,1,5,2,15
2769,5,339218807728390598,0,1,1,14,5,3,2,10
2770,5,-817641572652361694,0,1,1,17,3,3,1,5
2771,5,796577732919268381,0,2,2,18,3,3,2,8
2772,5,-5686541351928089602,0,2,2,18,1,6,3,19
2773,5,-1201668797116338811,0,4,4,16,3,5,4,11
2774,5,2112343418903071390,0,4,4,15,3,6,4,18
2775,5,-7848094145791343500,0,4,4,18,1,7,4,18
2776,5,-9149874119862622222,0,1,1,17,4,5,3,16
2777,5,2476062001414085111,0,0,0,19,1,8,2,23
2778,5,-1759446293235274034,0,2,2,19,4,7,3,17
2779,5,1193202821694572449,0,1,1,13,5,2,2,6
2780,5,477136150030014977,0,2,2,15,1,4,2,9
2781,5,-8416749662490265408,0,0,0,18,2,5,2,12
2782,5,8144496730315553447,0,0,0,19,1,6,2,10
2783,5,5049248514984477394,0,2,2,17,2,3,1,7
2784,5,-8186403901458757701,0,0,0,16,3,4,2,10
2785,5,1142124467675140407,0,3,3,15,3,6,4,16
2786,5,-4480131765413883152,0,0,0,15,2,4,1,11
2787,5,-5946226950251718617,0,3,3,18,3,4,2,8
2788,5,448946297683687104,0,2,2,18,2,7,4,21
2789,5,-8136406967432117531,0,0,0,22,2,6,2,16
2790,5,2534990582495171012,0,2,2,16,1,3,1,5
2791,5,5595431291025248564,0,0,0,14,2,4,2,14
2792,5,-345224010421148858,0,1,1,16,2,4,2,7
2793,5,-3547959296540764150,0,4,4,17,1,4,2,9
2794,5,8389954172731743508,0,3,3,18,5,5,3,8
2795,5,-670375965475759741,0,0,0,17,2,6,3,19
2796,5,2706228945533402775,0,0,0,18,3,6,2,19
2797,5,712581151405172760,0,4,4,21,1,4,2,7
2798,5,7891114186160114979,0,2,2,18,5,3,2,5
2799,5,1806362505885174032,0,1,1,17,2,4,2,8
2800,5,8765405082584857999,0,3,3,17,3,2,1,3
2801,5,-1739447204458444234,0,0,0,17,3,5,3,14
2802,5,3427435824291554056,0,2,2,18,2,4,2,6
2803,5,-4015005822836375861,0,2,2,13,9,2,2,4
2804,5,789940363184518946,0,0,0,14,6,4,2,9
2805,5,-8737572559014783042,0,1,1,19,4,3,1,9
2806,5,-74152443945758929,0,1,1,16,4,5,3,12
2807,5,2172759473688922906,0,1,1,17,4,2,1,5
2808,5,-1416181135406525740,0,1,1,15,3,2,1,9
2809,5,-1537846634032447809,0,0,0,17,3,7,3,23
2810,5,-8932200917019834408,0,2,2,14,3,3,2,8
2811,5,2291016348910971476,0,3,3,15,1,4,2,14
2812,5,-6992080829109827777,0,3,3,20,2,6,2,18
2813,5,-7738533390153112453,0,2,2,20,2,4,2,8
2814,5,8798159409368969111,0,2,2,20,3,6,4,11
2815,5,8774021516246110023,0,3,3,20,1,6,3,13
2816,5,-8082855496746981231,0,0,0,18,1,5,2,12
2817,5,4270593300778997738,0,3,3,21,1,7,3,18
2818,5,5101364342412135378,0,4,4,18,3,4,1,11
2819,5,-1937497097814016590,0,1,1,17,2,5,3,15
2820,5,-7363317007824812277,0,3,3,17,1,5,2,9
2821,5,-6872262548823239626,0,2,2,22,4,7,2,19
2822,5,-8229350950708999354,0,2,2,16,2,4,2,9
2823,5,-3802117155185281844,0,2,2,19,1,4,2,8
2824,5,-9188251420940165757,0,3,3,22,2,6,2,11
2825,5,5152485767276630845,0,2,2,17,6,2,1,9
2826,5,8590574632279694467,0,1,1,11,9,1,1,4
2827,5,-3836837314726630981,0,0,0,17,7,5,3,12
2828,5,-2435067221888659486,0,4,4,15,1,4,2,8
2829,5,6647692229151502354,0,2,2,18,2,4,2,13
2830,5,682952993528599659,0,1,1,14,2,3,2,7
2831,5,1429886200138732062,0,1,1,19,1,5,3,10
2832,5,1028629820323608999,0,4,4,18,1,6,3,13
2833,5,8955340711435327869,0,2,2,19,5,3,1,11
2834,5,-6241554472023513929,0,3,3,19,2,5,3,7
2835,5,3367508255044714116,0,2,2,18,6,4,2,13
2836,5,3614092155148242019,0,3,3,16,3,2,1,5
2837,5,2891097064377767030,0,0,0,18,1,5,2,9
2838,5,-8240597731974913422,0,3,3,15,1,4,2,9
2839,5,-6680197820586326797,0,3,3,19,3,3,1,6
2840,5,-8142745753557746117,0,0,0,18,1,7,4,16
2841,5,-7765854780576641363,0,2,2,16,4,2,1,4
2842,5,-5392612536696660868,0,3,3,17,6,5,3,16
2843,5,2661023277161331554,0,2,2,19,4,4,3,7
2844,5,2808942823041976425,0,0,0,20,2,6,2,17
2845,5,4373939178365763845,0,4,4,17,1,4,2,14
2846,5,-5059836119664770552,0,1,1,20,3,4,1,11
2847,5,6500544656303489598,0,2,2,17,1,4,2,6
2848,5,-6898846274564278853,0,0,0,17,1,5,2,13
2849,5,1773916445470892565,0,1,1,16,3,3,2,11
2850,5,-6106286186205652706,0,3,3,16,3,4,2,11
2851,5,1438125513642254057,0,0,0,19,2,5,2,10
2852,5,4716823000860672275,0,3,3,21,1,5,2,10
2853,5,-8523199346878224218,0,3,3,17,1,6,3,17
2854,5,-522275585304427238,0,1,1,18,2,5,2,17
2855,5,-3770849708749216202,0,2,2,16,8,2,2,4
2856,5,724716575914247141,0,0,0,19,2,5,3,14
2857,5,3281297359668895288,0,2,2,16,2,3,1,9
2858,5,5842739579048484139,0,0,0,15,3,3,1,9
2859,5,-8245037753104238865,0,1,1,20,3,4,1,6
2860,5,-5541666023368756036,0,0,0,16,7,4,1,7
2861,5,-8839137156198317700,0,0,0,17,4,5,2,14
2862,5,5510160282522718933,0,1,1,15,8,2,1,6
2863,5,482465010178360399,0,4,4,15,1,3,1,11
2864,5,-5548416304300100171,0,1,1,20,2,4,2,11
2865,5,167155235603560667,0,3,3,20,1,5,2,7
2866,5,-6588237135905560465,0,2,2,16,5,3,2,13
2867,5,5447154099362689160,0,3,3,20,2,4,2,7
2868,5,3858602253446066946,0,2,2,17,5,3,2,5
2869,5,7212373049318708462,0,0,0,15,4,7,3,25
2870,5,-5041949950100736090,0,1,1,16,4,2,1,6
2871,5,1213501231642834751,0,3,3,19,2,7,4,14
2872,5,6281867896738058600,0,3,3,13,6,3,2,12
2873,5,9169881126764897027,0,0,0,17,2,6,3,15
2874,5,2942926228220200952,0,2,2,16,2,3,1,10
2875,5,8812431660255127563,0,3,3,18,5,4,2,10
2876,5,-2795514583817884479,0,2,2,20,1,5,2,11
2877,5,8260413044658065311,0,1,1,14,2,4,2,14
2878,5,3978684347795092794,0,1,1,21,3,3,1,6
2879,5,6537504322968416505,0,1,1,18,2,4,1,11
2880,5,-960340273831352709,0,1,1,19,2,4,2,7
2881,5,689608509417838839,0,1,1,14,3,2,1,6
2882,5,-230818485129042413,0,2,2,13,6,4,3,15
2883,5,-5087650333173679861,0,1,1,16,6,2,2,2
2884,5,-2892185593553746920,0,0,0,21,2,8,3,25
2885,5,-8489689467839655563,0,4,4,15,5,3,1,7
2886,5,4207568647407014526,0,3,3,19,1,3,1,5
2887,5,-5215262829977777484,0,4,4,16,2,6,4,19
2888,5,1203499542483443116,0,2,2,16,1,6,3,20
2889,5,8548975833766801977,0,3,3,13,4,2,1,5
2890,5,-247087906260919732,0,4,4,18,4,3,1,8
2891,5,8969650966624226910,0,3,3,17,1,3,1,10
2892,5,-4857264479168095134,0,1,1,17,5,4,3,10
2893,5,-2827232293197529707,0,2,2,18,3,4,2,9
2894,5,5605175205327268768,0,0,0,21,4,5,1,10
2895,5,-6842023664657132316,0,0,0,17,2,5,2,15
2896,5,8100234022038669559,0,0,0,16,6,3,1,9
2897,5,-8681554868753206896,0,4,4,20,2,6,3,17
2898,5,7990552138282350961,0,1,1,18,1,4,1,9
2899,5,-5476508693187857896,0,3,3,23,1,6,2,13
2900,5,8193640620099430973,0,1,1,19,4,2,1,3
2901,5,8520699598768065124,0,3,3,13,2,4,3,17
2902,5,5128591307472044555,0,3,3,18,5,4,3,4
2903,5,-3504667059175332034,0,2,2,19,2,3,2,6
2904,5,-5742155405261868134,0,0,0,17,6,4,2,8
2905,5,-8813433296058198783,0,2,2,13,2,2,1,5
2906,5,-48752492380134002,0,4,4,16,1,4,2,7
2907,5,-1747535747622183537,0,1,1,15,8,3,2,10
2908,5,425817579638555526,0,0,0,17,2,6,2,17
2909,5,9158854129857696136,0,2,2,17,3,4,3,9
2910,5,355207190058912878,0,1,1,18,2,5,3,13
2911,5,8099763732836888760,0,3,3,20,1,6,3,17
2912,5,-1057104298006711791,0,1,1,19,4,3,1,5
2913,5,-2730866641244772912,0,3,3,20,2,6,2,18
2914,5,461848024031108593,0,2,2,16,6,4,2,7
2915,5,3161710812191983960,0,0,0,14,1,6,4,16
2916,5,4145193407652966234,0,0,0,17,4,5,2,12
2917,5,-5912374136787279900,0,1,1,20,3,5,2,9
2918,5,-3350631980720863564,0,0,0,19,5,4,1,12
2919,5,-8853766144344586363,0,2,2,18,2,5,2,17
2920,5,-6734480160761564647,0,2,2,22,1,4,2,7
2921,5,-5225990034912933758,0,1,1,14,8,2,1,7
2922,5,6967557755262045991,0,1,1,18,6,3,2,5
2923,5,-7392342579231998648,0,4,4,16,5,3,2,10
2924,5,2661977299602781718,0,1,1,18,1,5,3,11
2925,5,-5991421415364524642,0,2,2,18,5,4,3,9
2926,5,-3585167568318479860,0,2,2,16,2,5,3,17
2927,5,3404524773558843676,0,1,1,19,3,4,2,9
2928,5,-1836950677552575825,0,0,0,16,5,5,2,17
2929,5,3520579398430346461,0,1,1,17,1,5,3,18
2930,5,6171345830306816764,0,3,3,20,3,6,3,15
2931,5,3695384762889461875,0,3,3,17,3,5,3,12
2932,5,-8565075520620220074,0,2,2,17,1,6,3,18
2933,5,-7536562966885030373,0,1,1,15,3,3,2,5
2934,5,481054415873848546,0,4,4,19,4,4,1,11
2935,5,-582628428198094287,0,3,3,16,4,3,2,7
2936,5,4847887133726247953,0,2,2,14,4,2,1,6
2937,5,6158152328938143205,0,2,2,16,5,5,3,16
2938,5,5725513160386629757,0,1,1,15,8,1,1,3
2939,5,6982292010683746607,0,3,3,19,1,5,3,12
2940,5,-7251415002901980167,0,4,4,18,1,7,3,20
2941,5,7391619725698467840,0,3,3,18,1,5,2,13
2942,5,942758959901608675,0,3,3,19,1,7,4,16
2943,5,6370408892744505017,0,2,2,18,1,4,2,13
2944,5,-8213341959909978181,0,4,4,19,4,4,2,9
2945,5,3080767570091241952,0,4,4,19,3,5,1,16
2946,5,7260496258780130297,0,1,1,15,4,2,1,6
2947,5,7435729458190748944,0,3,3,15,5,3,2,10
2948,5,6701772436444045850,0,3,3,17,5,2,1,5
2949,5,4560516408935310641,0,1,1,18,1,4,1,13
2950,5,4724200245257598203,0,2,2,17,1,4,3,7
2951,5,996285031361217001,0,4,4,15,3,6,4,18
2952,5,4847974018290960491,0,3,3,16,3,5,3,12
2953,5,-7074361845068129710,0,1,1,17,1,5,2,18
2954,5,-778371814324668678,0,4,4,15,1,4,2,12
2955,5,-8559292550708932371,0,3,3,21,2,6,3,14
2956,5,-3422361843257298665,0,2,2,22,1,4,2,6
2957,5,-2536069618485904683,0,3,3,21,3,4,2,11
2958,5,2623968719254927705,0,1,1,15,4,2,1,7
2959,5,58610747621189175,0,2,2,18,3,4,1,13
2960,5,-4833327205017136612,0,3,3,18,2,4,2,9
2961,5,-4251166656330771455,0,1,1,16,3,4,2,13
2962,5,-2743969819407323056,0,3,3,19,1,6,4,10
2963,5,-5098482081900259111,0,4,4,21,1,5,2,11
2964,5,-7169321638486718579,0,3,3,18,4,5,3,8
2965,5,-8080482874517284528,0,1,1,20,1,4,2,9
2966,5,6122083980168856425,0,0,0,14,5,4,2,16
2967,5,-3870620508926306985,0,3,3,17,1,3,2,6
2968,5,-672210002083757554,0,2,2,18,5,2,1,6
2969,5,775799952293558001,0,3,3,21,2,7,3,18
2970,5,-1517202776833481722,0,2,2,15,3,3,1,5
2971,5,243724818774923306,0,2,2,18,3,4,3,10
2972,5,-1290682102069885608,0,3,3,19,3,7,3,22
2973,5,-8389940939742677945,0,1,1,17,3,4,2,15
2974,5,2141635602583630809,0,2,2,15,5,2,1,4
2975,5,2174480623672670270,0,2,2,16,2,3,2,8
2976,5,-3293385703444203845,0,3,3,17,6,3,1,6
2977,5,1937173568519497320,0,0,0,18,2,5,2,8
2978,5,-2707512528395142295,0,2,2,17,3,5,4,10
2979,5,1923964122762740084,0,2,2,17,4,2,1,2
2980,5,-6113044938086384745,0,2,2,14,2,4,3,14
2981,5,8723940932735759006,0,0,0,19,1,5,1,11
2982,5,-5836430890329526124,0,3,3,18,1,4,2,10
2983,5,-6541733095275356383,0,1,1,17,3,6,4,16
2984,5,897969872152881122,0,2,2,17,2,3,1,8
2985,5,-6135889093091041046,0,0,0,16,4,6,3,19
2986,5,-6427316842945032953,0,1,1,18,1,6,3,21
2987,5,-5629130277704968563,0,1,1,11,5,4,3,18
2988,5,5044644337652350117,0,2,2,15,1,4,2,8
2989,5,-8431611616468124036,0,0,0,21,1,4,1,7
2990,5,7556995177925883080,0,0,0,17,4,5,2,14
2991,5,1058425892365259125,0,2,2,19,3,8,4,24
2992,5,5995608813324662399,0,2,2,17,3,4,3,6
2993,5,8543245492704137276,0,1,1,17,5,4,2,8
2994,5,2655052345405484205,0,0,0,17,1,6,2,13
2995,5,-8619735001060689782,0,2,2,18,5,4,3,12
2996,5,-4400648783052461024,0,1,1,17,4,3,1,8
2997,5,-8530912189671156411,0,2,2,18,5,3,1,9
2998,5,-3060681517866442526,0,0,0,17,4,4,1,7
2999,5,7151535893170298352,0,0,0,17,1,7,4,15
3000,5,3390092359858797775,0,1,1,18,6,3,2,9
3001,5,741893782054082916,0,2,2,19,3,3,1,9
3002,5,7104051059200801639,0,0,0,18,1,7,3,16
3003,5,6132005235844822976,0,0,0,15,2,4,2,11
3004,5,-4533814143313129755,0,4,4,14,1,3,1,10
3005,5,-8008967908557564003,0,1,1,17,1,5,3,16
3006,5,3820538130640292496,0,3,3,18,2,3,1,7
3007,5,-2182351521093227898,0,2,2,18,4,5,3,10
3008,5,-5782679169374740912,0,3,3,16,9,1,1,4
3009,5,3668379218105068710,0,0,0,20,1,6,2,15
3010,5,-2006724119213705341,0,1,1,14,3,2,1,9
3011,5,-605481955454606397,0,2,2,17,7,1,1,2
3012,5,-7535751238037562607,0,2,2,16,4,4,3,9
3013,5,8718743405173168491,0,0,0,18,2,8,4,19
3014,5,-4939446016350335811,0,0,0,16,1,8,4,31
3015,5,-1231652902308314004,0,2,2,15,1,3,1,9
3016,5,988534287031982014,0,3,3,18,1,5,2,12
3017,5,3266591852499735944,0,2,2,17,3,2,1,6
3018,5,-327253803090047858,0,4,4,17,3,3,1,8
3019,5,-7437783819547026583,0,2,2,16,7,2,1,5
3020,5,-2968876794452523007,0,2,2,15,4,4,3,9
3021,5,2534554172117955026,0,1,1,19,3,2,1,5
3022,5,-2128380055720700008,0,3,3,15,5,3,2,6
3023,5,-2198606292935249897,0,1,1,13,5,4,3,9
3024,5,-5689428262506377450,0,2,2,15,2,4,2,15
3025,5,-1273488730283783473,0,3,3,17,5,5,3,18
3026,5,-4911174575884000428,0,0,0,20,1,6,2,15
3027,5,-6619679564530836281,0,3,3,15,7,3,2,9
3028,5,-4453539596820930991,0,0,0,16,1,5,2,14
3029,5,2495540592112192312,0,2,2,17,1,4,2,11
3030,5,8011638740161626253,0,2,2,19,2,6,3,18
3031,5,-5561845138331846340,0,1,1,19,5,3,1,7
3032,5,5705000069710603158,0,3,3,18,1,5,2,17
3033,5,1981087644967435902,0,1,1,17,4,4,2,8
3034,5,5371569724445503970,0,3,3,13,5,2,1,6
3035,5,-4434128779495287503,0,2,2,16,4,5,3,17
3036,5,-8207864737395521569,0,0,0,20,4,6,3,14
3037,5,8917905825490432835,0,3,3,19,3,4,2,7
3038,5,975906054789009992,0,4,4,19,1,7,3,22
3039,5,-2463429262469938479,0,0,0,22,1,5,1,12
3040,5,1170135017309552058,0,0,0,16,2,4,1,18
3041,5,-8174021087695065635,0,0,0,18,1,6,3,9
3042,5,-8279831450741847161,0,4,4,16,1,6,3,19
3043,5,4550743804818878781,0,3,3,14,4,5,3,14
3044,5,8646743333042134984,0,2,2,15,2,2,1,7
3045,5,8205803038795573974,0,1,1,19,1,6,3,14
3046,5,-6775027578990863176,0,4,4,20,4,6,4,9
3047,5,-801698345637210358,0,1,1,18,4,4,3,11
3048,5,-1367877682291269824,0,3,3,17,6,3,1,9
3049,5,8931024483415306606,0,2,2,17,3,3,1,7
3050,5,8545334278912995533,0,3,3,14,6,4,3,11
3051,5,-9156063687529517888,0,1,1,16,4,3,1,10
3052,5,510871865982812777,0,0,0,17,2,7,4,19
3053,5,-7148583240231422441,0,3,3,18,5,2,1,5
3054,5,-5582487133679713015,0,0,0,17,2,3,1,6
3055,5,-5206139321822038180,0,2,2,17,6,5,4,13
3056,5,-5294270709897415901,0,2,2,16,2,4,2,9
3057,5,-7671788063779582728,0,2,2,19,1,5,3,10
3058,5,8421516177941716868,0,2,2,18,2,6,3,14
3059,5,9163478630387737294,0,1,1,15,2,3,1,7
3060,5,506145288869518687,0,1,1,19,4,5,4,11
3061,5,-4674728676344877972,0,1,1,16,2,4,2,11
3062,5,-8623314630378891864,0,4,4,18,1,6,2,13
3063,5,-5585981575585043332,0,4,4,20,1,5,2,12
3064,5,8666946257976024482,0,4,4,18,2,5,2,15
3065,5,-4409753056724172928,0,2,2,23,1,6,1,10
3066,5,-4714414961252048201,0,4,4,17,1,5,3,9
3067,5,6676977832335269310,0,2,2,14,3,4,3,12
3068,5,999248327694139271,0,0,0,17,3,5,1,16
3069,5,1613468811668867192,0,2,2,17,4,5,3,10
3070,5,-1550319010348396990,0,0,0,15,6,2,1,3
3071,5,-5885803716420430240,0,2,2,13,9,1,1,2
3072,5,2748860872679951418,0,0,0,17,1,5,1,18
3073,5,5126229251396014922,0,1,1,14,1,3,1,8
3074,5,-9001532032172678477,0,4,4,16,4,5,3,20
3075,5,-8000366069702056157,0,3,3,17,5,6,3,21
3076,5,-7048980602594940675,0,1,1,16,5,4,2,10
3077,5,2151870333888608289,0,3,3,17,7,5,4,9
3078,5,-7829074558694771772,0,2,2,18,1,5,4,7
3079,5,9057458852627610683,0,1,1,23,1,6,2,11
3080,5,-4113723258648656474,0,0,0,15,7,3,1,8
3081,5,8031917077337664987,0,2,2,17,2,3,1,9
3082,5,4420917662676514054,0,0,0,15,4,3,1,4
3083,5,5278393335388592082,0,0,0,16,1,5,2,15
3084,5,3906582900592696095,0,2,2,17,1,3,1,9
3085,5,-202937266431316852,0,1,1,16,7,4,2,11
3086,5,-4527064242463186852,0,3,3,17,2,4,2,11
3087,5,-1427758816713335676,0,2,2,19,2,5,3,10
3088,5,-8330041049065375259,0,3,3,15,1,7,4,24
3089,5,2313056608415686649,0,2,2,20,3,4,1,6
3090,5,-6147898272334140291,0,0,0,19,4,8,4,20
3091,5,-1614620496388888607,0,4,4,15,4,2,1,7
3092,5,-2499081214121514870,0,4,4,16,3,3,2,5
3093,5,1999823714637474334,0,3,3,17,7,3,3,7
3094,5,-8995288514289659019,0,2,2,16,7,3,2,8
3095,5,-2632021536821805841,0,3,3,20,7,3,2,5
3096,5,-8480882402207919564,0,2,2,17,1,4,2,8
3097,5,-2599923411939773015,0,1,1,16,7,2,2,4
3098,5,2758824368106236196,0,0,0,17,2,4,1,11
3099,5,-2890156139819041115,0,1,1,19,6,3,2,5
3100,5,28044100754031899,0,2,2,19,2,5,2,11
3101,5,-7935003793888667524,0,3,3,15,4,6,3,22
3102,5,-6634731881326280259,0,3,3,18,1,3,1,3
3103,5,-2999759309223036303,0,0,0,17,2,5,2,17
3104,5,-242454867679985394,0,1,1,14,4,3,2,7
3105,5,2143901824824952366,0,4,4,16,1,3,1,8
3106,5,7698836194163320905,0,2,2,15,2,4,2,13
3107,5,-487637986483223885,0,1,1,20,3,4,2,12
3108,5,-5869816333049195025,0,2,2,15,1,5,3,14
3109,5,8120577299734336139,0,0,0,19,5,7,4,23
3110,5,5929052486020261154,0,3,3,16,6,2,1,5
3111,5,-6714367675329701568,0,0,0,15,6,5,3,11
3112,5,5677485449053147699,0,4,4,21,2,6,2,11
3113,5,2094325517217743888,0,0,0,18,2,6,3,14
3114,5,-369190203325459336,0,2,2,14,6,1,1,2
3115,5,-8446109853205714464,0,0,0,15,2,5,2,19
3116,5,-8728035316455669405,0,4,4,21,3,5,1,10
3117,5,1861911334046185072,0,0,0,16,4,4,2,10
3118,5,-1619964953093911345,0,2,2,17,2,6,4,10
3119,5,-7210895629108685617,0,0,0,18,1,4,1,8
3120,5,6073975207597259421,0,3,3,15,1,6,4,19
3121,5,6261042502280039697,0,1,1,18,4,6,3,12
3122,5,-5688238476080114305,0,0,0,18,4,5,1,13
3123,5,4555380686075676992,0,0,0,14,7,2,1,9
3124,5,-1699918830134132973,0,0,0,18,1,4,1,12
3125,5,2298789992256910736,0,1,1,14,6,3,2,8
3126,5,8789472211407334707,0,3,3,19,1,3,1,8
3127,5,-2521058582150090795,0,2,2,15,1,3,2,6
3128,5,7216875085501540491,0,3,3,19,1,5,1,10
3129,5,8361458708787165753,0,1,1,13,4,3,2,11
3130,5,4135779105821794411,0,0,0,15,2,5,2,14
3131,5,-3918610346406664919,0,2,2,18,4,4,3,10
3132,5,3828929908779984861,0,1,1,16,3,4,3,10
3133,5,7540304084393550991,0,1,1,17,2,3,1,10
3134,5,-931328204100276230,0,1,1,15,6,4,2,13
3135,5,-8743627976667610042,0,4,4,15,3,5,2,18
3136,5,5179727149625037689,0,0,0,17,1,6,3,13
3137,5,7318983165946933194,0,1,1,18,3,6,4,13
3138,5,8379600950464235400,0,1,1,15,3,2,1,6
3139,5,4535580886595993903,0,2,2,16,6,2,1,6
3140,5,4123940973511476702,0,0,0,19,4,5,1,10
3141,5,-8505330776950863020,0,3,3,14,1,5,3,15
3142,5,1130240267607917584,0,1,1,16,5,3,2,8
3143,5,-6428074996513991848,0,0,0,21,2,7,3,17
3144,5,3396492652922276900,0,1,1,19,1,4,2,7
3145,5,-3420477861335470773,0,1,1,16,2,2,1,5
3146,5,325766963007425123,0,3,3,15,2,4,2,14
3147,5,-649949874787831768,0,2,2,14,1,3,2,10
3148,5,532291743957083251,0,0,0,19,3,5,2,12
3149,5,-7302179708681997053,0,2,2,20,3,6,3,12
3150,5,7345076293088144804,0,1,1,14,4,3,2,7
3151,5,-8302076684109097602,0,1,1,15,3,3,1,6
3152,5,1801702079992319113,0,2,2,14,8,1,1,2
3153,5,2446277484415032705,0,2,2,19,1,6,3,16
3154,5,-8568437998394743349,0,2,2,15,6,3,3,9
3155,5,-3039789373296450519,0,4,4,19,2,5,2,17
3156,5,-2643900418087641031,0,2,2,14,3,2,1,9
3157,5,-1158161754528546816,0,3,3,15,4,2,1,5
3158,5,4278008695117338146,0,2,2,15,3,5,3,11
3159,5,-7886693253925729681,0,1,1,18,1,5,3,13
3160,5,7201699709314074598,0,0,0,16,3,6,3,15
3161,5,-2009779612653263248,0,1,1,17,2,2,1,6
3162,5,4897611745649664970,0,2,2,17,3,3,1,10
3163,5,2797743894597107335,0,1,1,15,5,6,4,17
3164,5,-3218613780389071092,0,1,1,17,3,4,1,12
3165,5,-9177998322268901902,0,1,1,18,3,4,1,9
3166,5,-105659106114659273,0,1,1,25,1,4,1,7
3167,5,-6653196983792727777,0,1,1,22,5,5,2,12
3168,5,8455886640413735608,0,0,0,23,1,6,1,12
3169,5,3320643604137605469,0,3,3,17,4,3,1,12
3170,5,3367956273770507184,0,1,1,15,6,2,1,5
3171,5,8228591694035312598,0,3,3,20,1,3,1,7
3172,5,-7912206948561364981,0,1,1,15,4,3,2,6
3173,5,-1775892707502410819,0,2,2,17,3,3,2,9
3174,5,-8725029875363060784,0,3,3,20,3,4,2,6
3175,5,830802112799395779,0,4,4,16,3,3,1,9
3176,5,-6214239432185283910,0,4,4,17,1,3,1,8
3177,5,5082350566770533070,0,1,1,16,1,3,1,10
3178,5,-4746981993212718584,0,2,2,15,3,3,2,4
3179,5,-726509346709882900,0,0,0,18,5,3,1,5
3180,5,1869200440792167313,0,0,0,16,1,3,1,8
3181,5,4338645541212948869,0,1,1,15,6,4,3,10
3182,5,8956876648010851866,0,2,2,16,2,2,1,7
3183,5,6015789873260811216,0,1,1,15,4,3,1,5
3184,5,-92483516318038293,0,1,1,16,3,2,1,8
3185,5,-3259487643856905592,0,2,2,18,2,5,2,14
3186,5,-3070499757894719329,0,0,0,22,2,7,2,17
3187,5,-6099531205552384546,0,1,1,20,3,5,3,12
3188,5,8139649797234641724,0,1,1,17,1,6,3,19
3189,5,4568705471735003825,0,2,2,20,2,3,1,6
3190,5,-8754161487925673597,0,2,2,20,4,4,2,9
3191,5,4180835441726083579,0,1,1,16,3,5,2,11
3192,5,2828217554434774920,0,2,2,17,1,4,2,10
3193,5,3104051913978581902,0,2,2,15,2,2,1,7
3194,5,-6148459515747185020,0,1,1,15,3,2,1,8
3195,5,163200891344189441,0,3,3,15,2,3,1,8
3196,5,-2147953929892888087,0,0,0,20,2,6,2,13
3197,5,-8245409261383502364,0,2,2,22,1,4,1,6
3198,5,2776420535364225462,0,3,3,16,1,2,1,4
3199,5,860104832620928570,0,1,1,16,2,3,1,7
3200,5,-287190314650423796,0,1,1,16,2,4,2,8
3201,5,-5956411088538760152,0,1,1,19,2,3,1,6
3202,5,-7121103464026095615,0,4,4,18,2,4,1,10
3203,5,-5015009565319259159,0,4,4,17,3,4,2,9
3204,5,-1625844439179973708,0,3,3,16,2,4,2,12
3205,5,-2962047936645341948,0,0,0,19,2,8,3,22
3206,5,6487142936303671201,0,2,2,17,2,3,1,10
3207,5,-1689453228849269823,0,3,3,17,2,4,1,14
3208,5,8651640770485626166,0,3,3,15,5,4,3,10
3209,5,2800034381374512600,0,2,2,16,6,2,2,4
3210,5,4485212288973350566,0,0,0,15,8,5,3,18
3211,5,-8893656220985766292,0,4,4,19,2,5,3,14
3212,5,2078099520283237884,0,2,2,16,2,3,2,10
3213,5,5905278401979209015,0,2,2,18,4,4,3,7
3214,5,7657155500955179378,0,2,2,19,1,4,1,13
3215,5,-5048928591197223675,0,3,3,17,5,6,3,16
3216,5,-5529007219524091645,0,3,3,16,6,3,2,6
3217,5,-5871640821419176602,0,2,2,16,4,4,2,11
3218,5,1035281000897161534,0,1,1,17,1,3,1,8
3219,5,6071371141267356574,0,2,2,15,8,1,1,3
3220,5,-6594120394495869092,0,0,0,16,5,4,2,8
3221,5,-2062611487005239584,0,2,2,14,6,2,1,6
3222,5,-8690120495842860396,0,4,4,17,6,2,1,7
3223,5,-1578259809237333061,0,1,1,18,1,5,2,13
3224,5,-8404762146494480722,0,0,0,20,3,8,2,18
3225,5,-8636561925589935404,0,4,4,21,1,4,1,10
3226,5,-5834369814064448554,0,2,2,23,2,4,1,8
3227,5,-8452392065086341419,0,1,1,19,2,7,4,13
3228,5,1237251950617941938,0,1,1,15,2,5,3,18
3229,5,-5531630595478225499,0,0,0,18,8,3,2,4
3230,5,1237969467277966262,0,2,2,17,3,3,1,9
3231,5,2182939066481940697,0,0,0,15,6,4,2,10
3232,5,-1395359256726690634,0,3,3,17,3,3,2,6
3233,5,-1570878450552237719,0,3,3,21,3,6,3,14
3234,5,-8467187153114697796,0,1,1,14,4,3,2,10
3235,5,7246464986925052582,0,3,3,16,2,2,1,4
3236,5,-6682511810846859237,0,0,0,18,2,3,1,7
3237,5,2969094008657582187,0,1,1,20,3,4,2,7
3238,5,-5907386242687438140,0,0,0,17,4,7,4,23
3239,5,-9133342432456612717,0,3,3,19,2,7,4,10
3240,5,-1492232808180935977,0,1,1,22,3,7,3,18
3241,5,-4706863798867044438,0,1,1,16,4,4,3,17
3242,5,3633845177101370237,0,0,0,17,2,7,4,18
3243,5,5985998432692781286,0,2,2,18,3,4,1,11
3244,5,5963314107486671604,0,2,2,14,3,3,2,10
3245,5,-8610190522476299945,0,4,4,14,5,3,2,7
3246,5,-7964405131221783829,0,2,2,17,1,3,1,7
3247,5,7310194350916001373,0,2,2,13,6,4,3,15
3248,5,2190541877371572751,0,1,1,18,4,3,1,5
3249,5,-5165804447211094181,0,1,1,17,2,4,2,10
3250,5,-686243873187204379,0,0,0,13,3,5,3,22
3251,5,3001925705559995049,0,1,1,12,9,2,2,8
3252,5,2986543021471923162,0,2,2,18,4,2,1,5
3253,5,-6585514619567372850,0,0,0,16,1,4,1,13
3254,5,-7846940343613379433,0,1,1,19,3,3,2,4
3255,5,5219646314432249071,0,2,2,15,2,2,1,6
3256,5,-1331058436770716518,0,4,4,19,2,4,1,12
3257,5,6125436549253944705,0,2,2,16,8,1,1,4
3258,5,8334804963275458306,0,0,0,16,1,7,4,22
3259,5,5271950498128969797,0,2,2,18,1,3,2,5
3260,5,-4595724948966193239,0,1,1,19,1,7,4,18
3261,5,7469439194640238198,0,1,1,19,4,4,1,10
3262,5,-667904307384257161,0,0,0,17,3,5,3,9
3263,5,-9214524239974314437,0,2,2,13,3,3,2,11
3264,5,-4468099697396034059,0,2,2,21,1,6,1,16
3265,5,-6442344156908719518,0,2,2,16,7,5,3,15
3266,5,2144543204135331360,0,2,2,18,4,4,2,12
3267,5,3567349217355161935,0,4,4,18,2,4,1,13
3268,5,-1114472247085984641,0,3,3,16,1,4,2,14
3269,5,2576485352068265778,0,1,1,19,4,4,1,7
3270,5,510573556426229879,0,1,1,14,4,4,2,11
3271,5,1953444039238141815,0,0,0,17,3,5,2,13
3272,5,5531296208432302814,0,3,3,22,2,6,2,11
3273,5,-375517529915455102,0,2,2,17,6,2,1,6
3274,5,248322115125715917,0,3,3,19,2,5,3,9
3275,5,2516064191119170716,0,4,4,19,1,7,4,21
3276,5,791659799632462265,0,4,4,21,2,7,4,16
3277,5,-1735597624491337945,0,3,3,19,6,3,1,6
3278,5,-2029693825814921788,0,2,2,18,1,5,3,10
3279,5,-4825279594967296743,0,3,3,17,5,4,2,9
3280,5,5908271902738010449,0,1,1,18,2,4,1,10
3281,5,-4939244998972458585,0,4,4,14,5,2,1,5
3282,5,5653305858371670229,0,2,2,20,1,6,2,15
3283,5,-5213741365599594432,0,2,2,18,4,3,2,7
3284,5,2599171227672756212,0,2,2,18,1,5,2,15
3285,5,5896758220874954940,0,2,2,18,1,5,3,10
3286,5,2594333297047130828,0,2,2,15,3,5,3,18
3287,5,9218565782349261525,0,4,4,18,1,7,4,12
3288,5,-6109452555471277941,0,0,0,17,3,4,2,10
3289,5,2314493114204544213,0,2,2,15,2,4,2,12
3290,5,4652034851661122375,0,3,3,16,2,4,2,10
3291,5,-6974840906776630895,0,2,2,22,4,6,3,18
3292,5,5190964574278770957,0,0,0,18,3,6,3,14
3293,5,-7679298744630750827,0,3,3,17,7,3,2,10
3294,5,3301289939976272442,0,3,3,19,1,5,2,10
3295,5,2565241510367581088,0,4,4,20,1,4,1,10
3296,5,8152653028858034441,0,1,1,15,7,1,1,2
3297,5,-8519872425647515566,0,2,2,15,2,5,3,14
3298,5,-5875891298769138067,0,1,1,19,3,7,4,23
3299,5,-2007975712441653981,0,2,2,16,2,3,1,12
3300,5,-6418721514347845599,0,0,0,16,8,5,3,13
3301,5,-5540477727700202857,0,2,2,23,1,5,2,12
3302,5,7268479599804984316,0,1,1,22,3,4,1,6
3303,5,1440331818375807407,0,0,0,17,2,5,2,15
3304,5,9089439384059679881,0,1,1,19,1,7,4,17
3305,5,-6783713900883219294,0,2,2,19,1,4,2,5
3306,5,4146244270505362135,0,0,0,15,5,5,3,12
3307,5,7296694096769658573,0,2,2,18,1,5,2,15
3308,5,697935000104901004,0,2,2,14,1,5,3,17
3309,5,1574644817313370087,0,2,2,15,5,3,2,9
3310,5,-8087457697888537280,0,3,3,18,4,5,3,15
3311,5,1124990253155884664,0,2,2,17,4,4,2,10
3312,5,-5019744733746211321,0,0,0,15,3,4,1,15
3313,5,-7660596705501444725,0,2,2,16,4,3,2,7
3314,5,-3921070095093772721,0,1,1,21,5,4,1,11
3315,5,7746161804499683746,0,2,2,19,1,5,2,14
3316,5,2415834750342662892,0,1,1,15,7,3,2,8
3317,5,1297638211813990633,0,4,4,20,1,6,2,13
3318,5,1589918965246199921,0,4,4,18,6,3,1,12
3319,5,8572253929931561647,0,3,3,15,3,3,1,7
3320,5,-2136895122173441599,0,1,1,19,1,5,2,15
3321,5,499592078437681681,0,3,3,15,6,2,2,4
3322,5,524928962073060325,0,1,1,13,8,1,1,3
3323,5,-8852980926434023433,0,1,1,19,2,5,2,10
3324,5,-9056869528961944801,0,4,4,17,5,6,4,14
3325,5,-151276469411536828,0,4,4,17,2,3,1,11
3326,5,-598298873834025666,0,4,4,17,3,3,1,7
3327,5,-8218043050648633783,0,0,0,18,5,4,1,7
3328,5,-5068590709546253005,0,3,3,19,4,3,1,5
3329,5,-8466118843495273350,0,1,1,17,4,3,1,7
3330,5,-2830399845579746332,0,2,2,19,1,4,2,12
3331,5,1129821105200020323,0,1,1,17,3,6,4,12
3332,5,6424129065502227007,0,1,1,16,7,3,2,10
3333,5,-2509374947360562212,0,3,3,18,1,5,2,17
3334,5,-7010399295997644654,0,4,4,16,2,4,1,14
3335,5,4060550482961807483,0,1,1,19,4,4,1,10
3336,5,-2761388790558525670,0,1,1,22,2,5,2,6
3337,5,-3553836421523916215,0,0,0,16,2,4,1,11
3338,5,2355380217970842585,0,1,1,15,4,6,4,19
3339,5,1812176382964073657,0,4,4,17,5,3,1,6
3340,5,3468378860426955180,0,3,3,20,1,4,2,12
3341,5,-2887973430982998827,0,3,3,20,1,5,2,11
3342,5,-1409231353283595108,0,2,2,15,5,2,1,4
3343,5,-412684114698342470,0,3,3,19,1,7,4,16
3344,5,-8188262331068598412,0,0,0,16,5,4,2,10
3345,5,-4507899165051622330,0,1,1,16,1,2,1,7
3346,5,4750977063850325650,0,0,0,19,3,6,3,16
3347,5,-9081649853648198641,0,1,1,15,2,3,1,7
3348,5,5776150900562369538,0,2,2,20,2,4,1,8
3349,5,-680630951573000298,0,1,1,19,2,4,2,10
3350,5,2526687667218170056,0,3,3,17,2,4,2,9
3351,5,5018275844666003900,0,0,0,15,3,6,3,22
3352,5,8182531960731588476,0,4,4,15,1,4,2,14
3353,5,5775419792877500020,0,0,0,21,4,4,1,7
3354,5,2830061986379951132,0,0,0,18,4,6,3,18
3355,5,-8625138638564480839,0,4,4,19,2,4,1,9
3356,5,-7928714830609314531,0,1,1,20,3,4,1,9
3357,5,-2632355370342648894,0,3,3,17,3,5,3,16
3358,5,-8320669996407655997,0,1,1,17,1,3,1,7
3359,5,6751965383596630900,0,3,3,16,4,4,2,11
3360,5,-5339358359929278030,0,0,0,17,4,6,3,15
3361,5,-7389525006724687848,0,1,1,18,4,5,2,11
3362,5,-3342434040270495293,0,1,1,15,7,3,2,11
3363,5,2735096967791550797,0,2,2,19,2,3,1,9
3364,5,-5818273235202627045,0,3,3,20,1,8,4,20
3365,5,8319271964419576896,0,1,1,16,4,5,4,13
3366,5,-7751457178506886,0,2,2,16,7,3,2,6
3367,5,6450810798325649689,0,1,1,22,1,5,2,10
3368,5,5941774628395465168,0,1,1,16,1,6,4,17
3369,5,-6165858429052884040,0,1,1,18,2,5,2,15
3370,5,-5992444144668939755,0,4,4,19,1,4,2,13
3371,5,-1602347001427137632,0,0,0,16,1,4,2,9
3372,5,7276047544478810457,0,3,3,19,1,3,1,6
3373,5,-3035616959485257933,0,3,3,18,5,5,2,12
3374,5,-6481252823297679590,0,1,1,21,2,4,1,7
3375,5,1047275973786484255,0,4,4,17,1,6,4,18
3376,5,9217056807739837653,0,2,2,18,5,4,2,8
3377,5,2311562921237952280,0,2,2,21,2,3,1,4
3378,5,3214632046028657887,0,1,1,20,3,6,3,20
3379,5,3854566123589436615,0,1,1,17,7,1,1,1
3380,5,-594534613384105356,0,2,2,16,2,3,1,11
3381,5,-3630604295588932095,0,3,3,17,6,5,3,14
3382,5,-6999971350952988912,0,2,2,22,1,4,1,11
3383,5,-1436241159405382340,0,1,1,21,1,6,3,7
3384,5,4067315932948922621,0,1,1,16,2,6,4,18
3385,5,5042190502867401534,0,0,0,18,4,5,2,15
3386,5,8219218981919358765,0,3,3,17,2,6,4,16
3387,5,669379885146069270,0,0,0,14,3,5,2,19
3388,5,-1482089781700002231,0,1,1,18,2,5,2,11
3389,5,-4337331045603783344,0,0,0,14,2,6,3,19
3390,5,7464420718394059529,0,2,2,21,1,4,2,8
3391,5,1219466014216181859,0,3,3,15,6,5,3,15
3392,5,-6107173845967112762,0,2,2,17,7,4,3,9
3393,5,-8411571160387058578,0,3,3,23,2,5,2,11
3394,5,-334217349934636212,0,1,1,17,1,4,2,10
3395,5,-4207513618031766493,0,2,2,18,2,4,1,11
3396,5,-85301253698251019,0,3,3,18,4,3,2,8
3397,5,381207386128395523,0,3,3,17,1,5,3,10
3398,5,2586510115622988274,0,1,1,17,4,3,2,7
3399,5,2589644195610325195,0,4,4,17,3,2,1,5
3400,5,-3123224075701378069,0,0,0,19,1,7,3,14
3401,5,7415301972475722286,0,3,3,14,5,3,2,12
3402,5,-7049257821522777909,0,1,1,17,4,6,4,15
3403,5,-8309684372331532093,0,2,2,16,4,5,3,10
3404,5,-4865611729690841132,0,1,1,18,5,3,1,7
3405,5,-7215463320593487808,0,2,2,20,6,3,2,5
3406,5,3029491373890918393,0,1,1,17,1,6,4,20
3407,5,-5145999387780481304,0,3,3,15,8,3,3,6
3408,5,-6055496926736634516,0,3,3,16,4,3,2,6
3409,5,299850057583718210,0,1,1,17,6,2,1,9
3410,5,5622017149127341172,0,2,2,19,1,4,2,6
3411,5,3205000580166027531,0,1,1,18,3,4,1,10
3412,5,3584952145504095620,0,3,3,16,4,6,4,15
3413,5,3768903714705884524,0,1,1,19,2,7,3,19
3414,5,8330609743511832201,0,2,2,18,1,6,3,17
3415,5,5229574970176891503,0,1,1,15,2,3,2,10
3416,5,-7506612231889539709,0,3,3,20,1,5,2,10
3417,5,5790646294746771887,0,0,0,15,1,7,3,27
3418,5,8037326162694682711,0,1,1,18,2,3,1,8
3419,5,-5028329385108560305,0,2,2,13,5,5,4,15
3420,5,-7142894420368501278,0,1,1,16,5,3,2,6
3421,5,-3882192964541616596,0,2,2,16,6,4,4,8
3422,5,-3202926071364961199,0,2,2,22,2,4,1,7
3423,5,827570572221051478,0,1,1,13,3,3,2,10
3424,5,1898354670717077679,0,4,4,18,5,3,1,7
3425,5,4824401204126227131,0,3,3,18,1,5,2,13
3426,5,-5072753026272312385,0,2,2,16,3,4,3,9
3427,5,5213837876498600229,0,3,3,20,2,3,2,7
3428,5,2538410078637187083,0,3,3,16,2,2,1,5
3429,5,1306312172435357541,0,1,1,18,1,4,2,11
3430,5,1343595192662885692,0,0,0,19,1,4,1,11
3431,5,3847428355662183632,0,2,2,18,4,4,2,10
3432,5,-1889217264686941012,0,1,1,20,4,6,4,16
3433,5,8703416444871155434,0,2,2,17,3,5,3,12
3434,5,-1920659067236232391,0,4,4,17,1,5,2,16
3435,5,6926008092930629985,0,1,1,17,4,6,4,14
3436,5,-2250524260699732900,0,2,2,19,3,5,2,10
3437,5,-2542399239170598596,0,2,2,20,3,7,4,16
3438,5,6006722384790143609,0,2,2,17,2,5,3,12
3439,5,7316606503368484692,0,2,2,16,2,4,2,11
3440,5,-3826204874393735049,0,3,3,17,1,4,2,13
3441,5,8912132475963465218,0,1,1,18,2,4,3,7
3442,5,-5901460769250008941,0,3,3,20,1,6,3,13
3443,5,2848281102704823833,0,3,3,16,7,3,2,9
3444,5,-2193809274762875791,0,3,3,20,1,4,1,8
3445,5,-1660675972434481386,0,2,2,21,3,6,3,9
3446,5,6778638869793880692,0,2,2,19,3,2,1,6
3447,5,5619233277994849942,0,2,2,20,2,5,2,11
3448,5,3600450516733199438,0,4,4,20,1,4,2,5
3449,5,5711766852989973256,0,4,4,23,1,4,1,6
3450,5,-2147932281336827174,0,1,1,16,4,3,2,10
3451,5,6699165108287765922,0,3,3,15,6,5,3,13
3452,5,-2994075000198601944,0,1,1,18,3,3,1,6
3453,5,-2204465830538291304,0,1,1,17,3,7,4,21
3454,5,-5281037013181749031,0,3,3,15,6,2,1,3
3455,5,-2500115166576376181,0,0,0,13,9,2,1,7
3456,5,1107924455186489773,0,3,3,19,1,6,3,17
3457,5,2022332423950419007,0,2,2,14,5,1,1,2
3458,5,-8817169631134486950,0,1,1,19,1,5,3,11
3459,5,-7980371659697171055,0,0,0,17,3,4,1,11
3460,5,-7642663279849888609,0,4,4,18,2,4,1,9
3461,5,8917463422281538727,0,4,4,18,1,6,4,14
3462,5,-7150338817639412073,0,1,1,15,3,3,2,6
3463,5,8307866513983871592,0,3,3,16,2,5,3,21
3464,5,-8868009045899818158,0,3,3,16,5,4,3,7
3465,5,1286963562675917615,0,3,3,19,6,3,2,4
3466,5,5169644448489399457,0,0,0,18,1,9,4,27
3467,5,5273562184581434042,0,0,0,18,1,4,1,10
3468,5,-5036762121501462991,0,3,3,15,1,5,3,16
3469,5,-853751231886062744,0,1,1,14,6,2,1,6
3470,5,6248707794918670810,0,2,2,16,4,4,3,9
3471,5,-1608378488269345629,0,2,2,17,1,3,1,8
3472,5,-6862895945042531015,0,3,3,20,1,5,2,9
3473,5,-2715067850828444518,0,3,3,16,4,4,3,13
3474,5,-3705124670693956485,0,2,2,16,2,3,2,7
3475,5,-1174526603119742669,0,2,2,19,3,5,2,12
3476,5,-1388617779530150277,0,4,4,16,4,6,4,19
3477,5,6727732417867990080,0,0,0,17,9,3,2,6
3478,5,7624228610388196879,0,0,0,15,1,4,1,14
3479,5,8779922541986373360,0,2,2,15,3,3,1,9
3480,5,-1523726622559671137,0,2,2,16,7,2,2,4
3481,5,3811653306956159111,0,1,1,14,6,3,2,7
3482,5,-8404811375539697162,0,0,0,21,1,6,3,16
3483,5,-4507678783327597487,0,0,0,16,2,3,1,8
3484,5,-5579811192350001828,0,2,2,20,2,2,1,4
3485,5,9128135045556456148,0,4,4,19,3,6,2,16
3486,5,-6971169067516939292,0,1,1,17,5,3,2,6
3487,5,-3992271205942089148,0,2,2,17,2,5,3,12
3488,5,-5599665709472270335,0,1,1,13,7,2,1,5
3489,5,-7711773668388197829,0,3,3,16,5,3,1,8
3490,5,4805387146111290975,0,2,2,18,1,4,1,10
3491,5,1939736321016585897,0,0,0,17,2,5,2,14
3492,5,-4129107758978612240,0,3,3,14,6,3,1,10
3493,5,4074800587774203400,0,3,3,16,2,5,2,15
3494,5,-588443717853783740,0,3,3,19,1,7,4,19
3495,5,-6852103085267472684,0,1,1,22,2,6,3,12
3496,5,5407202535150442269,0,0,0,15,3,6,3,19
3497,5,-2643632436950773702,0,3,3,16,5,3,1,8
3498,5,4880237396399888450,0,2,2,17,4,2,1,3
3499,5,-3304995676078474737,0,2,2,20,3,4,1,8
3500,5,6275808343836679315,0,2,2,16,4,3,2,8
3501,5,-6265353886450507773,0,2,2,19,2,5,3,14
3502,5,-1236677959496238755,0,1,1,19,1,6,3,16
3503,5,2789768185239192597,0,4,4,21,3,6,2,11
3504,5,-5947075242506077457,0,0,0,19,4,7,3,14
3505,5,-8956508465299012535,0,2,2,16,3,5,3,17
3506,5,1529947542229994349,0,0,0,19,2,3,1,4
3507,5,-8880510857957486695,0,4,4,19,2,6,1,17
3508,5,-5528701340563164445,0,1,1,17,2,6,3,17
3509,5,-8570249835044522456,0,0,0,21,2,8,2,23
3510,5,-5948226133527903076,0,4,4,17,1,4,2,11
3511,5,-8451968537621788483,0,3,3,20,1,3,1,4
3512,5,2913600620658462132,0,3,3,17,4,4,2,10
3513,5,-2308645912144823442,0,3,3,15,2,5,3,15
3514,5,3421995380335712492,0,1,1,14,6,1,1,5
3515,5,274160899367354267,0,2,2,17,2,4,2,14
3516,5,4475935385917135805,0,3,3,21,2,5,3,8
3517,5,8880502183250544926,0,3,3,17,1,5,2,16
3518,5,1117114271463989423,0,0,0,19,1,5,3,9
3519,5,-8637933493361757504,0,2,2,16,6,3,1,7
3520,5,1661734397625107178,0,0,0,19,3,6,3,14
3521,5,4116153542085588462,0,3,3,16,4,4,2,7
3522,5,-3304683483167764723,0,2,2,18,5,5,2,16
3523,5,5031252089993619884,0,2,2,20,2,6,3,22
3524,5,-5489523817250464450,0,4,4,19,1,4,1,11
3525,5,5025165814426123464,0,1,1,17,3,3,1,7
3526,5,-7306215802038142847,0,2,2,17,1,5,2,13
3527,5,3863008609817190227,0,1,1,16,2,3,1,10
3528,5,-3809839618734971059,0,2,2,18,2,5,1,17
3529,5,-1157076914913161395,0,2,2,18,2,8,4,17
3530,5,3810828644991494492,0,2,2,17,1,4,1,12
3531,5,-8603248421313479521,0,3,3,16,7,5,3,14
3532,5,1512124331531304642,0,3,3,20,1,3,1,8
3533,5,3437323800646301773,0,2,2,20,3,5,2,15
3534,5,-3984974964960900031,0,2,2,17,4,4,3,12
3535,5,-1006727817762577685,0,1,1,17,1,3,2,7
3536,5,2097680616554606811,0,4,4,17,6,5,3,12
3537,5,-746612373199122864,0,1,1,14,2,4,2,15
3538,5,-7773951522371772249,0,2,2,17,1,3,1,11
3539,5,-8400564315740502391,0,4,4,15,6,6,4,17
3540,5,-4044617130174375704,0,2,2,15,1,3,1,11
3541,5,-321452303989967344,0,3,3,14,8,2,2,6
3542,5,5113456231215595867,0,2,2,14,8,2,2,4
3543,5,8527051572160796990,0,0,0,18,6,6,3,13
3544,5,5971073556411961039,0,2,2,18,4,2,1,6
3545,5,3885120810204673277,0,0,0,16,3,6,3,22
3546,5,-2710945465023137029,0,1,1,18,3,5,2,16
3547,5,773588890975913153,0,3,3,15,6,3,2,10
3548,5,-4558138031231982197,0,1,1,21,1,8,4,15
3549,5,3958340728218915768,0,2,2,19,1,5,2,13
3550,5,731788319508394619,0,0,0,18,3,6,3,15
3551,5,6157354233757152575,0,2,2,16,2,3,1,8
3552,5,5616330063113091496,0,1,1,15,3,2,1,8
3553,5,-3801035591317843816,0,1,1,15,5,4,3,12
3554,5,-1744748596251878492,0,1,1,17,1,6,4,11
3555,5,-1837609232666856486,0,2,2,16,5,3,2,8
3556,5,-4437839059087863863,0,3,3,17,1,3,1,6
3557,5,-2763978270905408984,0,4,4,17,3,3,1,11
3558,5,6434595620359454608,0,0,0,18,3,4,1,9
3559,5,8296570340748005669,0,3,3,17,1,6,4,18
3560,5,3642730393836667683,0,3,3,15,3,5,3,16
3561,5,1616150049596197286,0,1,1,15,3,6,4,19
3562,5,-5167463083813137616,0,0,0,18,5,4,1,10
3563,5,-7214018141791445079,0,0,0,16,1,6,4,10
3564,5,567651107422454783,0,1,1,19,1,6,3,19
3565,5,7786017733055886726,0,0,0,17,3,7,4,20
3566,5,3443294585625173446,0,0,0,20,3,5,2,14
3567,5,4245785636828577380,0,1,1,19,4,4,2,11
3568,5,-564241602715670980,0,0,0,16,1,4,1,12
3569,5,1324064257753658350,0,4,4,15,1,3,1,8
3570,5,-1597603295352754325,0,2,2,15,5,5,3,17
3571,5,-316836329839692987,0,1,1,19,3,4,2,7
3572,5,-1720186034461376566,0,0,0,16,2,3,1,8
3573,5,3350885034522752311,0,2,2,13,6,2,2,4
3574,5,-7503238558451341430,0,2,2,18,2,5,3,12
3575,5,-6917483094588123727,0,2,2,14,5,2,1,2
3576,5,-7726952906580175056,0,1,1,17,6,2,1,3
3577,5,9023373946669604466,0,3,3,16,7,3,1,9
3578,5,7164273968529197923,0,0,0,19,4,6,4,18
3579,5,5021326234040338689,0,0,0,14,5,6,4,21
3580,5,4977636252445385222,0,3,3,15,7,1,1,4
3581,5,-405661045099156511,0,3,3,23,3,5,2,11
3582,5,-2410381083236832119,0,0,0,16,3,5,2,12
3583,5,3399866019518187266,0,2,2,15,5,3,2,8
3584,5,-5497508250133064836,0,0,0,15,8,3,2,6
3585,5,-5788383086986189959,0,0,0,19,4,7,4,16
3586,5,2168760218336763748,0,1,1,14,6,3,2,9
3587,5,1427627037035936371,0,0,0,19,4,6,2,10
3588,5,-2979399693224559918,0,1,1,14,6,1,1,2
3589,5,-3031736240906545305,0,2,2,16,4,5,2,17
3590,5,-4480651316128857680,0,3,3,20,1,6,4,9
3591,5,-4911481580314433142,0,2,2,15,4,3,2,5
3592,5,2973120263799370206,0,1,1,16,1,2,1,4
3593,5,4292834519718000776,0,3,3,16,4,3,1,7
3594,5,5816838759645221117,0,1,1,18,4,4,3,6
3595,5,-4961309906280779664,0,2,2,15,1,3,1,12
3596,5,-6701648151216481399,0,2,2,14,6,4,3,11
3597,5,8355402558959466735,0,1,1,16,5,1,1,1
3598,5,-407255141124452051,0,1,1,14,6,3,2,9
3599,5,8133299833096080320,0,0,0,21,2,7,3,17
3600,5,-7798538725466885550,0,4,4,20,2,5,1,15
3601,5,-6135717416052507037,0,3,3,16,3,4,2,10
3602,5,9206425710976025336,0,1,1,17,4,2,1,5
3603,5,1058244752514544396,0,1,1,20,2,5,2,10
3604,5,3807491091264644809,0,1,1,19,2,5,3,16
3605,5,1739255313082705118,0,3,3,20,5,2,1,3
3606,5,-4501667897508042133,0,4,4,16,3,6,4,15
3607,5,5670487449855542104,0,1,1,18,4,3,1,8
3608,5,-2632163655841378795,0,0,0,12,6,4,3,15
3609,5,-605669234298531569,0,1,1,17,4,3,2,5
3610,5,3594253137413907812,0,3,3,20,2,6,3,15
3611,5,-6116422689756268131,0,0,0,17,2,4,2,8
3612,5,6989477049323659375,0,0,0,18,5,5,2,11
3613,5,-7407231223591415079,0,2,2,16,3,4,3,12
3614,5,3812123909874029080,0,1,1,16,2,3,1,11
3615,5,6861890159994387783,0,2,2,20,6,3,1,6
3616,5,-9086192898254731355,0,1,1,17,6,2,1,3
3617,5,-7601482409531303982,0,4,4,16,2,6,3,17
3618,5,5364687367676118414,0,1,1,17,6,3,2,6
3619,5,3834283604698348216,0,1,1,14,7,2,1,7
3620,5,-6051887854240563816,0,3,3,20,5,7,4,13
3621,5,8780254097268452805,0,3,3,18,3,5,2,11
3622,5,-5186539379061435870,0,3,3,20,1,3,1,6
3623,5,2948754253548801475,0,1,1,16,3,3,2,9
3624,5,-1006542733926712642,0,2,2,16,2,4,2,10
3625,5,3211011503044384048,0,1,1,16,1,4,2,8
3626,5,5402249939717430787,0,2,2,17,8,2,1,7
3627,5,3726174546222922801,0,2,2,14,4,2,1,4
3628,5,-6850448017055566688,0,1,1,16,2,5,3,16
3629,5,5866791170704712647,0,0,0,17,3,5,2,14
3630,5,-5358092903262025292,0,3,3,18,1,5,2,17
3631,5,3010464301732446271,0,1,1,14,6,1,1,1
3632,5,4752415762207288413,0,3,3,19,1,4,2,11
3633,5,5255769525635086063,0,2,2,18,1,3,2,5
3634,5,-262776738022726002,0,0,0,21,1,6,3,14
3635,5,7908123471321801502,0,4,4,18,2,5,2,14
3636,5,-6180529056051917530,0,0,0,13,2,3,1,9
3637,5,-191494240364644797,0,0,0,19,1,5,1,11
3638,5,7014857186516319549,0,2,2,18,1,4,2,4
3639,5,7162372715358955378,0,0,0,15,4,4,2,10
3640,5,1676952594630515392,0,4,4,16,4,2,1,7
3641,5,-4882680707026360813,0,3,3,17,1,4,1,9
3642,5,4690992266806223935,0,2,2,18,3,5,2,14
3643,5,-665408683114413100,0,2,2,17,1,6,3,20
3644,5,4458349764374458373,0,1,1,16,5,4,3,10
3645,5,6079260524435474912,0,1,1,19,2,3,1,5
3646,5,6526476519746856553,0,1,1,16,5,2,1,5
3647,5,4686682761428643152,0,0,0,16,7,4,2,10
3648,5,-6981901413598835357,0,0,0,18,4,6,3,19
3649,5,7346501120696833762,0,2,2,16,4,5,3,11
3650,5,1252947452284680545,0,1,1,18,4,5,3,11
3651,5,5834526116269634024,0,3,3,21,2,4,2,9
3652,5,7892191134753863515,0,2,2,15,7,2,1,3
3653,5,6090285657204012674,0,2,2,19,1,5,2,12
3654,5,5905884342584951844,0,1,1,17,5,4,2,12
3655,5,6968275405321757455,0,0,0,19,4,7,2,25
3656,5,-3838156506880678653,0,1,1,18,3,2,1,4
3657,5,-7984366179517130528,0,2,2,19,6,3,2,6
3658,5,-2159866399527488126,0,3,3,17,2,6,4,15
3659,5,5712976891267878958,0,3,3,17,4,3,2,4
3660,5,3162769236997799557,0,0,0,20,3,6,3,12
3661,5,350264271883376462,0,2,2,19,4,5,4,13
3662,5,1309976077758147229,0,1,1,16,4,2,1,8
3663,5,591847823805059362,0,1,1,18,4,3,1,6
3664,5,4747688268499233694,0,1,1,18,4,4,2,15
3665,5,4158087698036975314,0,2,2,22,3,5,3,15
3666,5,-625855060376181394,0,0,0,19,1,5,1,17
3667,5,-6930509326509743940,0,4,4,19,2,3,1,3
3668,5,-2868188279038316001,0,2,2,19,5,3,2,5
3669,5,-8935855279578015064,0,3,3,17,3,5,3,12
3670,5,-8280399892280028352,0,2,2,16,6,5,3,10
3671,5,5716322735991686976,0,1,1,16,4,3,2,6
3672,5,-4923278021506767760,0,2,2,16,7,3,3,7
3673,5,-3305942046165158210,0,2,2,16,1,5,3,13
3674,5,7262846877058933555,0,2,2,16,4,4,2,10
3675,5,2873469120252237030,0,2,2,15,5,4,3,16
3676,5,-2247360551819173880,0,2,2,22,3,3,1,4
3677,5,-264944870380924361,0,3,3,19,1,3,1,6
3678,5,-3581673002816557894,0,1,1,20,6,4,2,6
3679,5,5179059933381389405,0,1,1,18,4,6,3,12
3680,5,-5824896500322821130,0,3,3,18,5,3,2,5
3681,5,7242287344321006057,0,1,1,20,4,4,2,6
3682,5,-4981250369812994531,0,0,0,15,5,4,2,12
3683,5,-7317932275837199037,0,1,1,18,3,3,1,7
3684,5,-8212500949786867877,0,2,2,19,2,5,2,13
3685,5,8584452506673251038,0,4,4,17,2,4,2,11
3686,5,-855264544924161288,0,0,0,20,1,5,1,13
3687,5,-5990566669647343954,0,0,0,16,6,4,2,12
3688,5,-8317158710921398290,0,2,2,13,7,3,3,7
3689,5,2749415069026106583,0,1,1,20,4,4,1,10
3690,5,-6675014100101295430,0,1,1,17,4,2,1,3
3691,5,-993259447063168602,0,0,0,16,3,4,1,11
3692,5,5040973711996201078,0,2,2,19,2,4,2,9
3693,5,-4081513984550341436,0,2,2,18,1,4,1,9
3694,5,-8071501578944178393,0,1,1,19,3,3,1,7
3695,5,-2185346706976033880,0,0,0,18,1,8,4,24
3696,5,-1141715610161182892,0,2,2,20,1,8,4,22
3697,5,-2907367845123958963,0,3,3,14,4,4,3,9
3698,5,-1303582936680035625,0,1,1,19,2,6,3,18
3699,5,-5177960328763061979,0,1,1,16,6,4,3,13
3700,5,-2696593627145120522,0,2,2,18,5,5,3,13
3701,5,372566914958967628,0,3,3,20,3,5,2,10
3702,5,1084333227004354485,0,2,2,18,2,5,2,9
3703,5,5346120392450271232,0,2,2,22,2,4,1,8
3704,5,9198101980322370149,0,1,1,17,3,3,2,8
3705,5,-8488146565082424239,0,1,1,18,1,4,2,12
3706,5,-3655855431369343616,0,1,1,16,4,3,2,10
3707,5,4573352710270016020,0,0,0,18,6,6,3,16
3708,5,-5554002021783011400,0,3,3,15,4,2,1,5
3709,5,6003871274639551773,0,4,4,17,6,3,1,6
3710,5,896310255068702797,0,1,1,18,1,6,3,15
3711,5,4973955615651811244,0,0,0,17,1,5,2,17
3712,5,7165839955141782174,0,2,2,19,1,3,1,6
3713,5,-6684423063930168793,0,2,2,18,2,2,1,6
3714,5,5081763862346299139,0,2,2,19,2,4,2,7
3715,5,4634280110133819913,0,3,3,17,1,4,3,8
3716,5,-2276041913788740391,0,2,2,19,2,5,3,8
3717,5,-1784490398631435238,0,1,1,16,4,4,3,7
3718,5,-5928418379016119843,0,3,3,18,5,3,2,6
3719,5,5814388993324905952,0,2,2,17,4,7,4,23
3720,5,-8333611338841474371,0,2,2,20,3,4,1,12
3721,5,3981406061590968917,0,3,3,18,6,3,1,8
3722,5,1383151784559849708,0,1,1,16,4,4,2,10
3723,5,8773010979334374873,0,1,1,18,4,3,1,8
3724,5,8165766236434014645,0,1,1,17,9,2,2,6
3725,5,-8294538476794356375,0,0,0,15,7,2,1,5
3726,5,7698699568197956243,0,2,2,19,1,6,3,16
3727,5,2653350741330042129,0,1,1,17,2,4,3,6
3728,5,3962125708379084479,0,2,2,20,3,4,1,9
3729,5,1511104605381513631,0,1,1,23,1,7,2,14
3730,5,8588378194130592265,0,1,1,20,1,6,3,14
3731,5,4928979488229865881,0,3,3,16,8,1,1,1
3732,5,-7970545500360608533,0,2,2,14,4,3,2,9
3733,5,2265756203141243248,0,0,0,18,1,5,2,9
3734,5,-2134946836961503782,0,2,2,17,1,5,2,14
3735,5,-4004752223151059212,0,3,3,16,1,3,2,8
3736,5,6764231411648105439,0,2,2,16,4,5,3,12
3737,5,1851972695486902283,0,3,3,16,3,4,2,12
3738,5,-3770023974526038426,0,0,0,14,8,4,2,10
3739,5,4508580327586627741,0,2,2,21,1,4,1,7
3740,5,5300133173034786390,0,3,3,17,7,3,2,6
3741,5,-5790702560298935342,0,1,1,18,5,4,2,6
3742,5,-7258968918598427551,0,3,3,17,3,5,3,12
3743,5,-1289846414995821441,0,2,2,16,6,3,2,6
3744,5,799938503104327836,0,1,1,17,2,7,4,20
3745,5,-6339887284020694819,0,3,3,17,2,6,4,11
3746,5,-4620003039930656942,0,2,2,16,7,3,2,7
3747,5,8851805673907225979,0,3,3,17,4,4,3,5
3748,5,-1161607212778510572,0,4,4,15,5,4,2,13
3749,5,5834115218699185013,0,2,2,16,2,5,3,16
3750,5,-3106534684281347052,0,0,0,18,7,4,2,12
3751,5,2257813823468305894,0,3,3,20,1,3,1,5
3752,5,-4995087363884731213,0,1,1,14,4,2,1,9
3753,5,6461442110048750234,0,1,1,18,3,4,2,9
3754,5,-8020261415205811369,0,0,0,17,5,4,1,10
3755,5,-2718742513271832056,0,0,0,19,4,4,1,11
3756,5,-7454221707321927294,0,1,1,15,4,3,1,7
3757,5,-4136275449962974594,0,3,3,19,1,6,3,13
3758,5,-4140664329660227553,0,3,3,18,3,4,3,7
3759,5,9205764235870077598,0,1,1,18,4,3,1,9
3760,5,4503968492323860767,0,4,4,17,1,3,1,10
3761,5,5028929620034232072,0,0,0,18,4,4,1,9
3762,5,-5170801861750442428,0,1,1,16,8,1,1,2
3763,5,8863186744972496728,0,3,3,16,6,2,2,4
3764,5,1806388045447319868,0,2,2,20,1,5,3,12
3765,5,-8568373072836401582,0,3,3,19,6,2,1,3
3766,5,-1205968619918137103,0,3,3,19,4,6,3,13
3767,5,3562870879744524636,0,3,3,17,3,5,3,12
3768,5,-3099404739057125345,0,3,3,16,6,2,1,3
3769,5,8382492508093303596,0,2,2,20,2,6,3,16
3770,5,-3004536529581854426,0,2,2,17,1,5,2,11
3771,5,7240271743992739265,0,2,2,15,6,4,3,9
3772,5,7965795821481806625,0,1,1,17,4,2,1,6
3773,5,-2461713013436883050,0,1,1,17,2,4,2,8
3774,5,6279920053783071798,0,0,0,15,5,7,4,22
3775,5,-6684294522899654635,0,0,0,17,6,6,3,13
3776,5,7155356496941622575,0,0,0,18,1,7,3,21
3777,5,6326194763261785929,0,1,1,18,1,4,1,10
3778,5,-3267204684006378935,0,4,4,25,1,6,3,8
3779,5,-2729215369887564584,0,4,4,16,2,6,4,19
3780,5,-7480980889664719540,0,3,3,17,6,5,3,13
3781,5,-482425399715206609,0,2,2,16,3,2,1,3
3782,5,-2093155136659055397,0,2,2,17,3,3,1,8
3783,5,5912437721900207102,0,3,3,19,1,4,2,11
3784,5,308872688472141069,0,2,2,16,3,3,2,8
3785,5,7365579595651049191,0,0,0,20,2,5,2,8
3786,5,8811168244860509499,0,1,1,14,6,3,2,10
3787,5,-176489975114237071,0,2,2,16,3,3,2,6
3788,5,3950710535395999515,0,2,2,18,3,4,1,13
3789,5,7279722977281185090,0,1,1,14,4,3,2,7
3790,5,1954368843808817933,0,3,3,18,6,2,1,6
3791,5,-4162411212421834355,0,4,4,18,1,5,1,12
3792,5,6700728848728747445,0,1,1,24,4,3,1,7
3793,5,3057333069046859977,0,1,1,16,4,4,2,12
3794,5,1761723715654669001,0,0,0,16,3,4,1,10
3795,5,-6248444613794568285,0,2,2,17,2,5,3,15
3796,5,-9025237398807074517,0,0,0,12,3,5,3,20
3797,5,2475819116238930740,0,4,4,18,3,4,1,11
3798,5,522621932268555322,0,2,2,16,3,5,3,12
3799,5,-3032442323078708106,0,3,3,18,2,4,2,11
3800,5,7482922999203577444,0,0,0,19,2,6,4,11
3801,5,7390043517513664244,0,0,0,19,2,8,2,25
3802,5,-3692820374739877633,0,4,4,17,4,3,2,12
3803,5,-5979888705333483840,0,0,0,16,2,5,2,14
3804,5,7529173057018729817,0,0,0,19,3,8,3,24
3805,5,4828666312438790570,0,1,1,19,3,4,2,7
3806,5,-80641429679195379,0,2,2,15,5,3,2,8
3807,5,8458290724159055790,0,3,3,18,1,4,1,8
3808,5,-6377894548018020456,0,1,1,16,5,4,3,10
3809,5,2365113757919860397,0,0,0,19,1,8,4,20
3810,5,-6992139299353627861,0,0,0,21,6,6,4,13
3811,5,-3146952239531598496,0,1,1,15,8,1,1,1
3812,5,-2458844943864817983,0,0,0,17,4,6,3,18
3813,5,-1128801510125047415,0,2,2,20,4,4,2,6
3814,5,-8020034494541817996,0,1,1,19,2,4,1,10
3815,5,-7028133904811211414,0,2,2,18,3,5,3,7
3816,5,-992753902650348788,0,1,1,16,1,4,2,9
3817,5,-5506549142605150085,0,1,1,16,1,2,1,6
3818,5,-7938489593882500647,0,1,1,15,3,3,2,8
3819,5,6990264895619104598,0,0,0,20,6,4,1,6
3820,5,-4597359676678241854,0,2,2,19,1,4,2,10
3821,5,1900890347071235830,0,1,1,21,2,3,1,4
3822,5,-2222552960281395555,0,0,0,15,5,4,2,8
3823,5,1725569668585707296,0,0,0,20,4,4,1,9
3824,5,5124773445651112896,0,1,1,21,1,7,3,12
3825,5,4153618514530506784,0,1,1,18,1,4,1,12
3826,5,3871849464095359703,0,3,3,17,4,4,2,10
3827,5,-2175479399001841736,0,3,3,20,1,4,1,9
3828,5,-3711980406624814089,0,2,2,17,4,3,1,11
3829,5,5167971121836337493,0,1,1,18,6,3,1,10
3830,5,2409475561580655347,0,0,0,13,6,3,1,10
3831,5,2736867050776960388,0,2,2,17,3,2,1,3
3832,5,6756540623776712174,0,3,3,15,8,2,1,4
3833,5,-1163735958464955229,0,3,3,17,3,5,3,12
3834,5,8952764504282634545,0,2,2,19,6,3,2,8
3835,5,-8160462576978902821,0,2,2,16,7,1,1,3
3836,5,-9010496673539634114,0,4,4,18,4,6,3,18
3837,5,4542281617365494605,0,1,1,20,1,7,3,14
3838,5,-10349071631553499,0,3,3,17,3,6,4,15
3839,5,7820286281702682763,0,2,2,17,5,3,2,6
3840,5,-2187918505521170667,0,2,2,15,4,2,1,6
3841,5,7272246649584449609,0,0,0,16,5,6,3,16
3842,5,-3632607107090299595,0,1,1,20,1,6,3,16
3843,5,-7785725170193456045,0,2,2,18,3,2,1,6
3844,5,474385115120052916,0,2,2,16,6,3,2,8
3845,5,-8972837111445466430,0,3,3,16,7,3,2,6
3846,5,3646916579815302942,0,3,3,17,1,3,1,6
3847,5,-8300732293662371990,0,3,3,18,2,7,4,16
3848,5,-8493556577723943439,0,4,4,20,3,4,1,8
3849,5,-8029206804231772010,0,1,1,16,3,2,1,6
3850,5,-6847872989639830416,0,4,4,19,6,5,3,11
3851,5,-867970863658853641,0,2,2,18,3,5,2,16
3852,5,5320408550049616054,0,2,2,18,1,6,3,16
3853,5,-2538620267505760040,0,2,2,13,5,3,3,9
3854,5,9075975052306658829,0,1,1,15,2,3,1,6
3855,5,5098182852428132502,0,4,4,18,2,5,2,15
3856,5,-9207615521470272896,0,3,3,19,1,5,1,13
3857,5,3089641431793702479,0,2,2,17,3,6,3,19
3858,5,1787247256381149614,0,2,2,16,2,5,4,14
3859,5,-1543427922518879015,0,4,4,17,2,4,2,11
3860,5,1838517430382987488,0,3,3,17,1,5,3,13
3861,5,7213863126175074806,0,1,1,16,3,4,2,13
3862,5,-2973048306326597538,0,1,1,18,6,3,2,11
3863,5,2847694829515346373,0,1,1,17,4,2,1,5
3864,5,-4411894533325015554,0,1,1,18,4,3,2,9
3865,5,-2527316056525699718,0,2,2,17,5,3,2,8
3866,5,7195251971090093309,0,1,1,19,3,3,2,3
3867,5,-483334434817527471,0,3,3,16,2,3,2,11
3868,5,-2971158179524870383,0,0,0,17,5,6,3,17
3869,5,-3543656460637227585,0,2,2,17,5,2,1,5
3870,5,-9052734604872392002,0,3,3,18,1,6,4,9
3871,5,1006218960881649642,0,3,3,16,5,3,1,9
3872,5,8826164776676901608,0,2,2,19,5,4,1,8
3873,5,2574397574398788955,0,4,4,16,2,6,3,19
3874,5,-2001290289059261527,0,2,2,16,1,3,1,12
3875,5,437791572616515314,0,3,3,17,3,3,1,6
3876,5,-1064868915000700828,0,3,3,17,2,4,3,9
3877,5,-1170992585168281830,0,4,4,22,2,8,3,21
3878,5,6132910168755265306,0,0,0,18,3,6,3,14
3879,5,1020307825355755324,0,2,2,16,2,4,2,8
3880,5,7960909977024206075,0,0,0,21,2,5,1,7
3881,5,-116800529080254344,0,0,0,22,5,6,1,10
3882,5,6721377430591402048,0,0,0,17,4,6,3,18
3883,5,3879294932408638354,0,2,2,16,6,3,1,6
3884,5,8234299227686853431,0,0,0,21,2,5,2,10
3885,5,-6307724957435782102,0,1,1,17,1,3,1,10
3886,5,8059198631499205791,0,1,1,21,4,4,1,6
3887,5,9002186336097426224,0,0,0,19,6,6,3,10
3888,5,757398747650054453,0,3,3,17,3,3,2,7
3889,5,-4574542415323296619,0,4,4,16,8,3,2,7
3890,5,-6239426514371114354,0,0,0,17,4,6,3,18
3891,5,7732638109358826566,0,0,0,19,4,4,1,9
3892,5,3062689396807028519,0,4,4,18,5,3,1,7
3893,5,-4381450001756252587,0,0,0,15,6,6,3,19
3894,5,2172704579145766842,0,3,3,18,1,4,2,12
3895,5,3199002534995912313,0,2,2,15,5,2,1,6
3896,5,-6351437471401871918,0,2,2,15,4,5,4,10
3897,5,-6772937705519760712,0,2,2,17,6,3,2,5
3898,5,-5133709216332230751,0,1,1,14,3,3,2,8
3899,5,-7818126621128530590,0,2,2,17,7,2,1,3
3900,5,5926071182195162385,0,0,0,19,2,5,2,11
3901,5,7966457783321434689,0,4,4,19,3,4,2,12
3902,5,-5343797922203983336,0,1,1,15,4,5,3,14
3903,5,2487951233573241613,0,4,4,19,1,5,2,12
3904,5,706957531120720464,0,3,3,17,1,4,2,11
3905,5,-1950478476491020507,0,4,4,16,3,5,2,13
3906,5,-2756470578144343610,0,0,0,21,1,8,4,11
3907,5,2926100152366357116,0,1,1,16,8,2,1,9
3908,5,-5889323317935380719,0,2,2,15,3,2,1,6
3909,5,6053867085960783825,0,3,3,15,6,3,3,8
3910,5,-7434801583013358938,0,4,4,17,2,4,2,7
3911,5,5961487742106790434,0,1,1,16,1,5,3,16
3912,5,4528204824162520939,0,1,1,17,1,3,1,10
3913,5,-6138213071427270302,0,0,0,23,2,6,2,12
3914,5,-8316549701739401079,0,2,2,21,1,3,1,6
3915,5,-7746496580060180887,0,2,2,16,3,5,3,14
3916,5,-8526666077017386874,0,2,2,21,1,6,2,15
3917,5,-9069535276861128149,0,1,1,14,6,4,3,5
3918,5,-5014584673697307246,0,0,0,23,1,9,4,22
3919,5,2553648922679249964,0,3,3,16,5,3,1,7
3920,5,6295836108904580896,0,3,3,21,1,4,1,9
3921,5,-3305342528073464781,0,2,2,19,4,4,2,10
3922,5,7104594469664929976,0,3,3,16,9,2,2,4
3923,5,6605459028473342781,0,4,4,19,4,6,3,13
3924,5,1570911281004580363,0,1,1,20,3,3,1,7
3925,5,-6658355405601931340,0,4,4,15,5,3,2,8
3926,5,5259235120124132423,0,0,0,15,2,4,2,8
3927,5,-3984232309352734496,0,3,3,19,2,4,1,9
3928,5,-6685701332144116564,0,3,3,19,7,6,4,12
3929,5,8435131475424277917,0,2,2,18,4,6,3,10
3930,5,-6162668662361004961,0,0,0,14,8,4,3,10
3931,5,4162048308099910222,0,2,2,16,2,2,1,3
3932,5,103294894418580862,0,2,2,18,5,4,2,11
3933,5,4320877378676120081,0,1,1,14,1,3,2,6
3934,5,6707094167705841012,0,1,1,17,2,2,1,7
3935,5,-4838446930133551308,0,0,0,16,1,6,3,22
3936,5,7396696240343725197,0,2,2,18,4,5,3,14
3937,5,-2122330488511052058,0,3,3,16,1,5,3,16
3938,5,-1554549002274106676,0,3,3,21,3,5,3,10
3939,5,-7455439943188708303,0,3,3,16,5,3,1,10
3940,5,6341622254362365436,0,2,2,20,3,8,4,20
3941,5,-2073145438976672217,0,1,1,20,1,7,4,20
3942,5,-3544555330801478396,0,1,1,19,5,6,3,8
3943,5,-2299829714225691301,0,0,0,17,4,7,4,22
3944,5,4043438721561472127,0,3,3,15,3,4,3,7
3945,5,3067528357458754707,0,2,2,19,1,6,3,12
3946,5,7579345852390314124,0,1,1,18,3,4,2,10
3947,5,750623384057921723,0,0,0,20,3,5,2,14
3948,5,-429235904396451871,0,3,3,18,3,2,1,8
3949,5,-5107542660796621797,0,0,0,16,5,6,3,16
3950,5,-7872849016556346330,0,1,1,16,4,2,1,7
3951,5,587641369869007052,0,2,2,17,4,4,2,10
3952,5,8616398772039207808,0,2,2,19,1,6,3,16
3953,5,-7585589561894582680,0,1,1,17,8,2,2,6
3954,5,5111789328896845675,0,3,3,17,5,5,3,11
3955,5,-5654888879398926592,0,0,0,18,1,5,2,14
3956,5,4589055026460345548,0,0,0,14,2,5,2,14
3957,5,-8562921420327241902,0,4,4,17,2,3,1,11
3958,5,4548849016175391046,0,2,2,17,1,5,3,14
3959,5,651596439425025595,0,3,3,15,2,5,3,14
3960,5,-8033040831945178677,0,1,1,19,1,5,2,14
3961,5,-6336669438108184726,0,2,2,19,2,3,1,7
3962,5,-1790989757050311050,0,4,4,16,4,3,1,4
3963,5,-4884407777276261034,0,2,2,18,1,7,3,20
3964,5,-7609571452516313192,0,0,0,17,8,5,3,16
3965,5,6380625720139413105,0,4,4,20,1,6,3,13
3966,5,-7311772549138397168,0,2,2,19,2,2,1,3
3967,5,9196324181470673309,0,3,3,16,1,5,2,12
3968,5,-607334946091841312,0,0,0,17,1,4,1,10
3969,5,8297107946045378015,0,3,3,21,1,5,2,15
3970,5,-6037623686928999940,0,4,4,18,1,5,2,18
3971,5,6930010930504157522,0,0,0,15,1,8,4,32
3972,5,3082305150114243683,0,2,2,18,1,4,2,7
3973,5,6247128429280424797,0,2,2,15,1,2,1,5
3974,5,6113316116199766387,0,2,2,19,4,4,2,11
3975,5,-1773708576042121688,0,0,0,18,1,4,1,8
3976,5,1497725147356885881,0,1,1,19,2,3,1,10
3977,5,8319828516271838027,0,1,1,16,7,2,1,6
3978,5,5051406847592991623,0,2,2,19,1,4,2,5
3979,5,-218001042413011000,0,1,1,17,2,3,1,9
3980,5,-1186191315544655734,0,3,3,16,3,4,2,13
3981,5,7613139115830659899,0,3,3,17,2,3,1,7
3982,5,5454534100910730139,0,1,1,22,2,5,2,14
3983,5,-4314106870688262577,0,0,0,19,3,6,3,15
3984,5,-8391296009930343019,0,3,3,19,1,6,3,16
3985,5,3387659263437495412,0,0,0,14,6,6,4,18
3986,5,1499823741735920103,0,3,3,15,2,3,1,8
3987,5,5706728400446657742,0,3,3,20,2,4,1,10
3988,5,-7881759740475690326,0,1,1,18,4,3,2,12
3989,5,-3514986289148121488,0,3,3,17,1,5,3,14
3990,5,-339931218393044491,0,1,1,18,2,4,2,11
3991,5,-1677442248101585975,0,1,1,20,4,3,2,8
3992,5,-7988537895147250576,0,0,0,19,2,6,2,16
3993,5,4844385868677751134,0,2,2,17,1,4,2,13
3994,5,6899197214892214567,0,3,3,15,1,5,2,14
3995,5,-2519726739550037063,0,0,0,16,4,3,1,9
3996,5,3561244884040815264,0,1,1,15,4,6,4,15
3997,5,-8369623239397658464,0,3,3,16,4,5,3,13
3998,5,-251289702583601874,0,1,1,14,1,5,3,14
3999,5,2581317529655074698,0,1,1,14,5,2,2,6
4000,5,4821968183170256519,0,0,0,17,2,4,2,13
4001,5,-5468108195314948786,0,2,2,16,3,5,3,16
4002,5,7130850608751069844,0,0,0,18,2,6,2,21
4003,5,390384772010944285,0,3,3,18,1,3,1,4
4004,5,-2506397252449728120,0,0,0,18,4,5,2,10
4005,5,-6895049201194624846,0,0,0,14,3,5,2,16
4006,5,-5647773049938668748,0,2,2,15,4,2,1,4
4007,5,-2617962547407072825,0,3,3,16,4,4,2,10
4008,5,3255525860381240216,0,1,1,15,5,5,4,14
4009,5,-7589260834494789942,0,3,3,14,4,3,2,10
4010,5,8311161089618959548,0,1,1,17,4,5,3,16
4011,5,6534556263113251024,0,2,2,16,5,3,1,10
4012,5,4659494792683735489,0,2,2,19,3,5,2,13
4013,5,4549473467882909898,0,1,1,16,1,3,2,8
4014,5,-9069643738872635598,0,1,1,14,3,4,3,16
4015,5,7049855551300311542,0,3,3,17,3,5,3,13
4016,5,8330411314230637727,0,3,3,17,3,6,3,19
4017,5,8043048226429964183,0,3,3,15,2,5,3,19
4018,5,-4998731069114305684,0,0,0,21,2,4,1,8
4019,5,3582701915940942311,0,1,1,16,1,5,2,12
4020,5,-613263772631574810,0,2,2,17,1,4,2,8
4021,5,8848462822727259724,0,1,1,13,7,2,1,4
4022,5,5132475830207650198,0,0,0,20,1,6,2,13
4023,5,579912161214899914,0,3,3,15,8,3,3,9
4024,5,5505698770868954074,0,0,0,17,6,5,2,10
4025,5,-2357047999757712199,0,2,2,16,4,6,3,19
4026,5,5502495810746355632,0,1,1,15,3,2,1,8
4027,5,-8168397503197896009,0,0,0,18,3,5,2,11
4028,5,7587616745970980309,0,1,1,19,3,4,2,8
4029,5,2715206025751136735,0,1,1,16,2,3,1,8
4030,5,-3927831477943699442,0,0,0,14,6,5,3,15
4031,5,4537965854557994554,0,2,2,18,3,4,2,11
4032,5,-4679684681332310844,0,1,1,17,8,3,3,5
4033,5,8351820468499478133,0,1,1,17,2,3,2,6
4034,5,-7731863652970819626,0,1,1,17,1,4,2,12
4035,5,-2882834705074562348,0,4,4,19,4,5,1,10
4036,5,4073468940336258218,0,1,1,14,4,3,2,7
4037,5,-2535151999024185498,0,3,3,18,4,3,2,4
4038,5,8146999747003479429,0,1,1,19,4,5,3,11
4039,5,5193672660513951098,0,0,0,18,5,5,2,11
4040,5,-2903293810447148004,0,0,0,19,2,4,1,9
4041,5,-4969139868325883823,0,4,4,17,2,3,1,7
4042,5,7070944733743316843,0,3,3,18,7,2,1,5
4043,5,-471488710487631596,0,1,1,17,1,3,1,9
4044,5,-7598744543877578044,0,4,4,23,3,4,2,6
4045,5,8529606840452591112,0,2,2,21,1,6,2,20
4046,5,-8562484847477693910,0,1,1,15,2,3,2,8
4047,5,4858242472748808447,0,1,1,15,4,4,3,12
4048,5,-4595125254396999713,0,2,2,19,5,7,3,17
4049,5,-1486254383937165039,0,0,0,21,1,7,2,17
4050,5,798727097808922427,0,3,3,16,2,5,2,14
4051,5,-2372506112164775028,0,3,3,14,4,2,1,7
4052,5,999365047718572222,0,0,0,18,4,4,2,11
4053,5,5541596842447986728,0,3,3,15,1,6,3,24
4054,5,-5183737766888082583,0,2,2,14,6,2,1,7
4055,5,-6732682006990820225,0,1,1,17,4,2,1,3
4056,5,8061687911851818825,0,1,1,19,1,4,1,7
4057,5,-4632179686745484613,0,2,2,15,7,3,3,7
4058,5,8101662334035631443,0,3,3,15,3,5,3,14
4059,5,8213825613590679440,0,1,1,17,5,2,1,7
4060,5,-7814089542706843529,0,2,2,17,1,6,4,17
4061,5,2334610633431270252,0,1,1,17,4,3,2,5
4062,5,-8336712600406060050,0,3,3,16,3,3,2,7
4063,5,5289977174883920621,0,2,2,15,2,5,3,17
4064,5,-2116578001232606505,0,2,2,15,4,3,2,9
4065,5,6649430335273183891,0,2,2,16,7,2,1,3
4066,5,-2459609847571573503,0,0,0,16,6,5,2,10
4067,5,9201860255671542198,0,1,1,16,5,4,2,13
4068,5,-1100843387562361590,0,4,4,15,4,5,3,17
4069,5,-8787447925015414598,0,3,3,15,1,2,1,6
4070,5,4648795837850399656,0,2,2,15,6,1,1,5
4071,5,-1865411428738457984,0,0,0,16,2,4,2,11
4072,5,657252581769825350,0,2,2,17,3,3,2,7
4073,5,6286229706178947359,0,1,1,18,3,3,2,10
4074,5,661164278229708498,0,1,1,17,2,3,1,9
4075,5,3807460455658737107,0,2,2,15,5,2,1,4
4076,5,-3085345793007660331,0,2,2,17,4,3,2,7
4077,5,2292963974138078261,0,3,3,18,2,6,4,19
4078,5,1616982586562353091,0,3,3,16,4,2,1,7
4079,5,5256953616902006956,0,0,0,17,2,6,3,11
4080,5,-2141149463557910892,0,1,1,15,4,3,2,6
4081,5,4434464206255043107,0,0,0,13,9,3,2,8
4082,5,-5662077577751443309,0,3,3,13,6,4,3,10
4083,5,1473441295604977404,0,1,1,20,1,4,1,10
4084,5,2612775664338665333,0,0,0,18,1,6,2,17
4085,5,1496714143979027779,0,2,2,16,3,3,2,6
4086,5,-1552578819669153108,0,3,3,21,1,6,2,16
4087,5,-4229811942929403354,0,0,0,17,3,6,3,16
4088,5,8038880351590438397,0,1,1,14,8,3,3,9
4089,5,3241396444012815524,0,2,2,20,3,5,3,9
4090,5,-6989753623843025585,0,1,1,20,3,6,3,12
4091,5,-7725072487303475323,0,0,0,15,2,6,3,24
4092,5,5528321148568170950,0,3,3,17,1,3,1,6
4093,5,-8997367674208362871,0,2,2,16,1,3,1,10
4094,5,-2274656976207655920,0,0,0,15,5,6,3,20
4095,5,-1981131043092464924,0,1,1,16,7,4,3,13
4096,5,8415911152649727998,0,2,2,18,2,4,1,12
4097,5,6670066791749954280,0,0,0,21,1,6,2,12
4098,5,401132406663447894,0,0,0,19,2,4,1,10
4099,5,-3842351961579849468,0,3,3,14,6,4,3,11
4100,5,-4838409390898509337,0,2,2,22,4,4,2,8
4101,5,-1931954644674931220,0,1,1,18,5,3,1,9
4102,5,5406380933868462300,0,3,3,19,3,7,4,20
4103,5,-872752245282854375,0,2,2,19,3,3,1,8
4104,5,3801211830127035221,0,3,3,13,3,2,1,5
4105,5,-6045890390298867084,0,3,3,20,2,5,1,9
4106,5,-8580987729732770253,0,1,1,17,1,5,3,16
4107,5,-3727283577819331507,0,3,3,23,3,5,2,9
4108,5,-4346133261772297933,0,2,2,21,1,6,3,11
4109,5,-6784018263452830574,0,2,2,16,8,2,1,6
4110,5,3338155128952709950,0,0,0,21,1,7,3,18
4111,5,3939987267555663420,0,3,3,15,2,3,2,8
4112,5,-7256478610602909698,0,2,2,12,6,1,1,5
4113,5,-7777040839149620212,0,2,2,19,3,5,3,11
4114,5,7326430774005490356,0,0,0,17,2,7,4,21
4115,5,-5441754594454713993,0,0,0,18,1,8,3,20
4116,5,8095195391948374600,0,2,2,14,1,6,4,19
4117,5,4762431432559042270,0,1,1,18,3,5,2,14
4118,5,-79561439215045983,0,0,0,14,9,5,4,14
4119,5,-4250476123095433983,0,3,3,18,1,7,4,22
4120,5,-8778058767970349258,0,0,0,17,3,4,1,7
4121,5,1067840081485124533,0,0,0,23,1,7,3,13
4122,5,9147614006537763557,0,2,2,18,7,2,1,7
4123,5,8054716387796324309,0,1,1,19,1,5,2,10
4124,5,4651709315768461571,0,1,1,18,4,4,3,10
4125,5,292458060797582454,0,0,0,18,5,3,2,4
4126,5,9096163759399461811,0,1,1,21,1,6,3,10
4127,5,6984444143369995101,0,1,1,16,1,5,3,15
4128,5,2125621035636482939,0,1,1,14,1,2,1,6
4129,5,6045969191341465781,0,1,1,19,1,3,1,6
4130,5,5895819937956482068,0,1,1,18,4,2,1,2
4131,5,-4926593111466631684,0,0,0,20,5,5,3,8
4132,5,-5815781840166788480,0,4,4,17,1,5,2,18
4133,5,-4250637870161483714,0,0,0,16,2,6,3,20
4134,5,-3055340225468379038,0,2,2,20,3,3,1,7
4135,5,-3863883069571525242,0,3,3,14,8,1,1,2
4136,5,7838036578512849033,0,1,1,15,1,4,3,11
4137,5,9137432219398761872,0,1,1,18,1,5,2,15
4138,5,1135613195312324813,0,0,0,16,3,6,3,16
4139,5,96770685582019011,0,0,0,17,1,4,2,10
4140,5,-825966571826989794,0,1,1,16,1,5,3,17
4141,5,8862552695643390045,0,1,1,15,1,5,3,18
4142,5,5780890831942854617,0,3,3,14,5,1,1,2
4143,5,6575759339915611888,0,2,2,19,3,4,2,7
4144,5,-5931632248189988003,0,1,1,15,6,1,1,3
4145,5,8780884954983430156,0,1,1,14,2,2,1,5
4146,5,6983166465213530334,0,2,2,17,7,3,2,6
4147,5,-755388187835660227,0,0,0,19,2,6,3,16
4148,5,-8702132540832860040,0,3,3,18,4,5,2,19
4149,5,-5239695247566358985,0,0,0,17,2,6,3,18
4150,5,6193367285353594503,0,0,0,22,1,7,4,15
4151,5,-832099687667035569,0,3,3,20,3,3,1,6
4152,5,-762573322816089547,0,4,4,17,1,4,2,9
4153,5,-4146876950301542099,0,0,0,20,4,5,1,12
4154,5,-8122248205648772781,0,0,0,19,3,4,2,10
4155,5,2662735969250622912,0,4,4,14,3,4,2,16
4156,5,3626028556526953837,0,1,1,16,6,4,3,11
4157,5,-1541013801137275279,0,3,3,17,4,5,3,17
4158,5,-8704222282021216744,0,2,2,15,1,3,1,10
4159,5,-8870255245371041382,0,3,3,18,3,7,4,17
4160,5,3869831413738609805,0,0,0,17,2,6,3,20
4161,5,-324237694215850695,0,0,0,14,1,7,4,25
4162,5,2004152105818395771,0,3,3,17,2,3,1,6
4163,5,-2874986896488624672,0,1,1,16,3,4,2,12
4164,5,-3606222402162448872,0,1,1,15,6,1,1,1
4165,5,7215517131667439856,0,1,1,19,4,4,3,11
4166,5,1975593423814169976,0,1,1,18,1,5,3,18
4167,5,-5500505350647413242,0,2,2,20,5,5,3,13
4168,5,-4435359358936915166,0,3,3,15,7,2,1,3
4169,5,1383028687790115764,0,3,3,16,2,4,2,11
4170,5,-118865094285092384,0,3,3,16,6,5,3,11
4171,5,-718998528050697357,0,3,3,18,1,5,2,18
4172,5,-1308654730665024042,0,1,1,16,2,5,3,18
4173,5,4912434339750701272,0,2,2,15,2,4,2,15
4174,5,-2104488476903503658,0,0,0,19,3,5,2,10
4175,5,8504876297073979398,0,2,2,19,1,6,2,16
4176,5,-3673971478035595278,0,3,3,20,1,7,3,19
4177,5,-2235055019415222428,0,2,2,16,3,5,3,16
4178,5,1260483962464693842,0,2,2,18,1,3,1,7
4179,5,-3469120207257589618,0,4,4,13,3,2,1,6
4180,5,1565383043976503622,0,3,3,16,2,6,3,23
4181,5,-2613143134542334832,0,1,1,13,6,4,3,13
4182,5,-8322620942375927394,0,4,4,18,1,5,2,15
4183,5,-7306584106822568111,0,3,3,16,2,5,3,16
4184,5,-8778782352127752647,0,4,4,17,2,5,2,13
4185,5,5249797063251750477,0,2,2,15,5,3,2,10
4186,5,7734870588002335707,0,3,3,20,4,3,2,8
4187,5,-157022477532641658,0,2,2,19,1,5,3,11
4188,5,4973510445667415620,0,2,2,15,5,2,1,4
4189,5,3587263541261813180,0,2,2,18,2,5,3,12
4190,5,1312954764912983677,0,1,1,17,1,3,1,8
4191,5,-7894635549645958437,0,2,2,19,1,5,2,12
4192,5,-2907520895680884108,0,0,0,19,1,5,2,11
4193,5,1215633714692805044,0,1,1,15,1,3,1,6
4194,5,-6618960804125914677,0,1,1,19,4,4,2,7
4195,5,-5280978050223946257,0,2,2,18,2,6,3,12
4196,5,-1543991021993413652,0,3,3,16,6,5,4,14
4197,5,-6393064837404348096,0,0,0,20,2,5,2,11
4198,5,7646849987718284128,0,0,0,21,2,6,2,14
4199,5,86048695966916825,0,1,1,20,3,6,3,14
4200,5,-1847139367645554079,0,0,0,22,2,7,2,14
4201,5,7346424551034396191,0,0,0,14,3,4,2,13
4202,5,5462282848195693741,0,2,2,18,7,5,4,10
4203,5,5399020175411836575,0,1,1,20,1,6,2,12
4204,5,-7958207858461447524,0,4,4,19,2,5,3,9
4205,5,-937726819900879037,0,2,2,18,2,4,1,11
4206,5,-2291788449170101900,0,3,3,20,5,3,2,7
4207,5,-2503661939088165184,0,1,1,14,5,3,2,5
4208,5,-3584175994751091460,0,1,1,15,4,2,1,6
4209,5,7851352702108052306,0,3,3,19,1,6,2,16
4210,5,1104012985809548878,0,3,3,16,7,2,1,7
4211,5,-6052709703161821269,0,2,2,19,3,4,2,8
4212,5,-2843461695355323407,0,2,2,22,3,5,3,9
4213,5,-1293405992712533208,0,2,2,21,3,5,1,10
4214,5,-5188045181757198553,0,2,2,23,2,6,3,14
4215,5,2949049515221758278,0,0,0,20,1,7,2,18
4216,5,5245545008192082562,0,1,1,16,3,4,2,10
4217,5,8719959346320788563,0,1,1,20,1,3,1,5
4218,5,5698605285302224317,0,1,1,17,3,6,3,15
4219,5,3002372647758993256,0,2,2,16,1,2,1,8
4220,5,-8960232361520305464,0,4,4,19,4,6,3,16
4221,5,-1561576418465385578,0,4,4,19,1,5,2,9
4222,5,-591214720038582236,0,0,0,16,6,4,2,11
4223,5,-8242458111579093922,0,3,3,19,2,5,2,11
4224,5,3393756178168216689,0,4,4,18,2,4,1,11
4225,5,-4604779041568153754,0,3,3,19,2,5,2,12
4226,5,2815768729719576388,0,0,0,14,7,4,3,9
4227,5,-3645453565643226262,0,3,3,22,6,4,3,5
4228,5,-4976949246936470722,0,3,3,19,1,3,1,5
4229,5,-8394760245756851600,0,3,3,16,3,4,2,8
4230,5,9082605857984507225,0,2,2,23,1,7,3,16
4231,5,7063039475521702719,0,4,4,18,1,5,2,17
4232,5,627907005252728197,0,3,3,16,2,3,1,10
4233,5,-6419816116782342639,0,0,0,18,1,6,2,17
4234,5,3024039470649930867,0,1,1,22,3,5,2,8
4235,5,-175504626849400697,0,1,1,20,2,3,1,8
4236,5,-4195147029254999377,0,1,1,15,4,4,3,14
4237,5,6624130113606014172,0,3,3,14,4,4,3,14
4238,5,-4442311940050621196,0,4,4,17,4,6,3,17
4239,5,-1991084781228910499,0,0,0,15,1,5,2,14
4240,5,1732220863357018555,0,4,4,17,2,3,1,9
4241,5,-216390776967123688,0,4,4,18,3,3,1,5
4242,5,5770923765392745492,0,1,1,18,5,4,3,11
4243,5,5830219591043400403,0,1,1,19,4,3,2,8
4244,5,-3128473411274668103,0,0,0,20,4,3,1,9
4245,5,-7616082863908492480,0,2,2,18,2,3,1,9
4246,5,-2109167731581601184,0,0,0,14,4,5,3,15
4247,5,-5646993507710565011,0,3,3,14,6,1,1,2
4248,5,-7683692749637493167,0,0,0,16,3,5,2,17
4249,5,-4456375304453395327,0,1,1,17,5,5,3,13
4250,5,-2643985694421468617,0,1,1,16,1,4,1,11
4251,5,-4915307475916890715,0,2,2,17,1,3,2,11
4252,5,-6236440690190872006,0,2,2,21,5,5,2,10
4253,5,-2518736633932658369,0,0,0,17,3,6,3,14
4254,5,-2426661710139523508,0,0,0,21,3,5,2,8
4255,5,-4411130943459425435,0,4,4,22,1,7,3,18
4256,5,690697547758424514,0,0,0,17,3,5,2,11
4257,5,5625649148450015120,0,2,2,19,5,4,1,11
4258,5,3515881435017537575,0,4,4,19,1,5,2,12
4259,5,9203333948658205583,0,1,1,18,2,6,2,18
4260,5,3539266495672576845,0,3,3,15,2,5,3,17
4261,5,-2849689226121273921,0,2,2,20,1,6,4,12
4262,5,2195800659685435044,0,2,2,21,3,4,1,9
4263,5,8722973546042698361,0,2,2,17,4,3,2,5
4264,5,-467546319241298994,0,3,3,16,4,2,1,8
4265,5,-918155251723057974,0,2,2,21,2,4,2,6
4266,5,-1609701758271468430,0,2,2,14,5,3,2,11
4267,5,-8748872770848915863,0,2,2,15,5,2,1,6
4268,5,6698639754961907023,0,4,4,16,3,3,1,6
4269,5,-817564189851411739,0,0,0,19,3,6,3,15
4270,5,-5822822288927721836,0,1,1,18,5,5,3,12
4271,5,-9062996382303450594,0,3,3,11,8,1,1,2
4272,5,5971494914094040431,0,2,2,19,1,8,4,21
4273,5,8520104289530287605,0,3,3,22,1,7,3,16
4274,5,-7240121764014701852,0,0,0,13,7,5,3,14
4275,5,1314610732869924679,0,3,3,18,1,4,2,12
4276,5,-3516856215062264865,0,1,1,20,4,6,3,14
4277,5,-5166768877937539562,0,2,2,16,4,3,1,8
4278,5,-4032919837093669237,0,0,0,18,2,5,1,10
4279,5,-7068320496252978935,0,3,3,14,6,3,2,7
4280,5,5470211609485398244,0,1,1,17,3,5,3,14
4281,5,-1007960562824157162,0,2,2,18,2,7,4,13
4282,5,1867592174602302603,0,2,2,15,2,2,1,4
4283,5,-1603634653831854467,0,0,0,19,1,5,2,8
4284,5,3037545932081249240,0,0,0,16,1,5,2,13
4285,5,7855041906148100087,0,0,0,18,1,5,2,16
4286,5,-8766923298449284043,0,1,1,15,3,4,3,8
4287,5,-8296522965591431889,0,1,1,16,6,2,2,4
4288,5,-6436592861092623959,0,1,1,18,2,5,2,11
4289,5,198557912255427441,0,2,2,16,6,5,4,14
4290,5,3576685880604911539,0,0,0,18,2,7,3,26
4291,5,7854784845134807968,0,2,2,18,1,5,3,16
4292,5,1425037314451805017,0,2,2,17,5,3,2,5
4293,5,1342980643705109613,0,0,0,18,3,5,1,12
4294,5,-441177626365541761,0,3,3,19,1,6,2,15
4295,5,-5524800946824207419,0,1,1,16,4,7,4,20
4296,5,-8584562588893154180,0,0,0,16,2,6,3,14
4297,5,5752379505652730763,0,3,3,15,1,3,1,5
4298,5,2229207343542521834,0,2,2,18,1,7,4,22
4299,5,4037331708518421895,0,2,2,18,2,4,2,12
4300,5,4480215718418729405,0,3,3,15,5,3,2,10
4301,5,-3010159321745948003,0,1,1,19,2,4,2,10
4302,5,-1952052878889014890,0,1,1,17,1,4,2,9
4303,5,3988861705989570881,0,1,1,19,1,6,3,12
4304,5,6443568076629442393,0,2,2,20,3,7,4,20
4305,5,-3601245982382756054,0,3,3,16,2,3,1,10
4306,5,4586387679695298044,0,2,2,16,1,4,2,13
4307,5,4512043718238765637,0,1,1,19,1,7,4,22
4308,5,460144068085837730,0,2,2,16,1,4,1,14
4309,5,-8806236424307110676,0,3,3,17,3,5,2,16
4310,5,-3417117633688815896,0,4,4,16,3,3,1,9
4311,5,-6616633314416045737,0,2,2,19,6,4,2,10
4312,5,6101975761576235389,0,3,3,18,2,7,4,20
4313,5,5985472883440425042,0,2,2,17,2,4,2,12
4314,5,-4455031926818549769,0,2,2,16,4,2,1,9
4315,5,-8529972825716015312,0,2,2,18,1,6,2,16
4316,5,8807938588794484453,0,2,2,18,7,3,2,6
4317,5,-5056035356116799233,0,3,3,17,1,6,3,16
4318,5,6250423031522164000,0,3,3,20,2,4,2,6
4319,5,6597628199737507580,0,0,0,18,4,4,1,13
4320,5,-4020750290900935834,0,0,0,14,4,4,2,11
4321,5,6010999233121324105,0,3,3,22,1,7,3,16
4322,5,5935250580775076136,0,3,3,14,3,3,2,12
4323,5,-93622593690828579,0,2,2,17,3,3,2,5
4324,5,-3000551220315749726,0,2,2,21,2,4,2,8
4325,5,-5934071507644352581,0,1,1,17,7,2,1,5
4326,5,-4454353811552496596,0,4,4,16,5,3,1,10
4327,5,6789419422841281638,0,3,3,17,1,5,3,13
4328,5,2826031258244720336,0,3,3,17,3,5,3,12
4329,5,-2066218123166995565,0,2,2,17,2,5,3,13
4330,5,383455340223838747,0,2,2,17,2,5,2,17
4331,5,-2624365590918755552,0,0,0,16,3,7,4,18
4332,5,-3648912375927359688,0,2,2,17,2,3,1,5
4333,5,-45945804505125564,0,2,2,17,7,3,2,8
4334,5,7364469387682605370,0,2,2,16,3,3,1,8
4335,5,3762349036213138184,0,2,2,15,1,3,1,8
4336,5,7548787326965294776,0,0,0,21,5,6,2,11
4337,5,6061229844934885878,0,2,2,16,2,6,4,11
4338,5,362183391300878494,0,3,3,17,1,4,2,10
4339,5,-3613693231054241521,0,2,2,18,1,7,4,19
4340,5,2962049493889452610,0,1,1,19,4,3,1,10
4341,5,-3403465810651025151,0,3,3,14,3,3,2,10
4342,5,5664263769281171125,0,0,0,21,2,6,2,12
4343,5,-119115721564810343,0,0,0,19,3,7,3,14
4344,5,6944608726134048603,0,2,2,15,7,2,2,6
4345,5,489903380239783542,0,3,3,16,4,3,2,9
4346,5,-4832501040123091010,0,4,4,19,3,3,1,6
4347,5,-3439544451495987969,0,1,1,16,3,6,4,15
4348,5,-7554397900729773410,0,2,2,16,7,2,1,7
4349,5,137306501521212822,0,3,3,14,8,2,2,4
4350,5,2961058534919572556,0,1,1,16,3,3,2,12
4351,5,-458702235364923891,0,1,1,19,4,4,3,9
4352,5,181984637366451767,0,2,2,18,2,5,2,15
4353,5,5541092287339379544,0,2,2,20,4,3,1,8
4354,5,-8617173807229313081,0,2,2,20,2,6,2,18
4355,5,3932058481923602564,0,2,2,17,1,3,1,7
4356,5,-5665800569432221591,0,3,3,16,3,2,1,5
4357,5,9109748335872286951,0,1,1,16,2,4,2,13
4358,5,-8574108346635899158,0,0,0,18,3,7,3,20
4359,5,-163291754595665511,0,1,1,14,4,4,2,11
4360,5,-4207904325369161208,0,0,0,19,2,6,3,14
4361,5,8111595961983852066,0,1,1,16,4,3,2,4
4362,5,2599219117875791430,0,3,3,21,1,5,3,13
4363,5,-8012064673619039116,0,1,1,17,6,3,1,9
4364,5,-7812592159157934848,0,0,0,15,7,2,1,5
4365,5,-2976653498316227557,0,2,2,16,1,4,2,6
4366,5,-1835457483639465794,0,3,3,18,1,4,2,10
4367,5,-4653464319892482894,0,3,3,14,5,3,2,9
4368,5,-8027098560412609844,0,0,0,20,1,5,1,15
4369,5,4394224253260519321,0,2,2,17,4,6,4,20
4370,5,7134178559617005065,0,2,2,20,1,3,1,6
4371,5,5708094428263469284,0,3,3,20,5,4,2,6
4372,5,-8107610355923561729,0,4,4,18,1,6,3,13
4373,5,-7084198404736588907,0,0,0,16,4,4,2,12
4374,5,-419241763606441676,0,2,2,20,1,6,3,13
4375,5,-2301111068452715250,0,2,2,18,6,3,2,9
4376,5,-1699550984632968769,0,4,4,17,1,4,2,15
4377,5,-6921353768104805440,0,0,0,17,2,4,1,12
4378,5,-1663403910816229603,0,3,3,17,1,3,1,12
4379,5,5731492356003124520,0,0,0,14,5,2,1,7
4380,5,-3484179576617492923,0,2,2,16,3,6,4,17
4381,5,4946803922639390460,0,3,3,21,4,5,2,11
4382,5,6183837242958386425,0,0,0,16,1,7,4,19
4383,5,1379114281117347745,0,1,1,16,8,1,1,2
4384,5,5532817933329033566,0,2,2,15,4,2,1,7
4385,5,4456061149043698143,0,4,4,19,1,3,1,7
4386,5,-1577325876199756082,0,1,1,16,4,2,1,4
4387,5,-4831168023301101609,0,1,1,17,1,4,2,11
4388,5,-387316537729911827,0,2,2,21,2,7,3,11
4389,5,7890006790892374323,0,1,1,18,1,3,1,9
4390,5,6623821729615390202,0,2,2,18,1,5,2,15
4391,5,-2109884598350913377,0,1,1,18,3,4,2,9
4392,5,-728755645095684761,0,2,2,17,4,3,1,8
4393,5,1208434638465047673,0,2,2,21,3,5,2,10
4394,5,3633077535606435754,0,1,1,20,2,7,4,17
4395,5,-1481725254247283004,0,3,3,20,2,3,1,4
4396,5,2828606469691163221,0,1,1,17,1,3,1,8
4397,5,-1369519867475980191,0,4,4,13,2,4,2,19
4398,5,-695185721075410076,0,4,4,18,1,6,2,15
4399,5,-2592210977513874560,0,3,3,18,2,3,1,5
4400,5,7174188259594279637,0,1,1,20,1,5,3,8
4401,5,7783563581804263763,0,1,1,18,4,4,2,12
4402,5,-866044928689944194,0,3,3,16,5,3,2,6
4403,5,1707206826584461060,0,3,3,17,5,5,3,9
4404,5,-5542884522950178534,0,2,2,17,5,4,2,10
4405,5,-740595301133249047,0,1,1,15,3,2,1,4
4406,5,-5949517100860690012,0,1,1,15,3,2,1,5
4407,5,3239862398393232118,0,2,2,18,3,5,2,12
4408,5,8011097237281763304,0,3,3,21,2,8,4,20
4409,5,-234564541363674766,0,1,1,19,1,5,2,11
4410,5,2228713887001426262,0,3,3,19,1,5,2,17
4411,5,3788373159419071726,0,0,0,16,2,4,1,8
4412,5,-3754436669181695720,0,1,1,21,4,5,3,13
4413,5,2649917735046362737,0,2,2,20,3,4,2,10
4414,5,34713083092507239,0,4,4,18,1,5,3,11
4415,5,-311430840040673032,0,2,2,15,7,4,3,9
4416,5,-3377091946807192550,0,3,3,23,2,3,1,6
4417,5,-6848506116699930339,0,0,0,14,8,4,2,18
4418,5,4825396325275883903,0,3,3,18,3,5,1,12
4419,5,3388985955860597781,0,3,3,18,1,4,2,15
4420,5,-4792728766473866130,0,3,3,18,3,6,3,18
4421,5,7583659606646964703,0,2,2,15,1,5,2,11
4422,5,2355307518515301530,0,2,2,21,2,5,2,11
4423,5,82542103305696953,0,4,4,15,1,3,1,7
4424,5,5405923290565386282,0,1,1,20,1,6,2,13
4425,5,3296856876941385686,0,0,0,17,5,3,1,10
4426,5,4310843261357158791,0,2,2,14,3,3,2,8
4427,5,5877517426575746894,0,2,2,18,3,5,2,11
4428,5,6084221367566138999,0,4,4,18,4,5,2,9
4429,5,-38648547847124138,0,1,1,15,4,2,1,3
4430,5,8027296367596770411,0,0,0,16,1,6,4,16
4431,5,3440802625477033136,0,4,4,18,4,3,1,8
4432,5,-1772149093440858604,0,3,3,17,1,6,2,17
4433,5,9065822113626271844,0,2,2,18,5,5,3,11
4434,5,2999865192958346811,0,2,2,18,1,6,3,16
4435,5,-5749380192564471632,0,4,4,19,2,6,2,17
4436,5,-1792509352270550062,0,1,1,18,1,5,3,13
4437,5,-503162515106858692,0,2,2,17,1,4,2,9
4438,5,6976434017561617221,0,0,0,15,2,5,2,13
4439,5,7991317766581439121,0,2,2,15,8,1,1,2
4440,5,18338123607077141,0,4,4,18,3,7,3,21
4441,5,7002447499879358668,0,3,3,18,3,3,1,7
4442,5,8513280707470780840,0,1,1,17,1,3,1,7
4443,5,-4178257489644811890,0,2,2,17,5,3,1,6
4444,5,-3036632094365875622,0,1,1,16,3,4,1,11
4445,5,757805785592386870,0,4,4,18,1,4,2,10
4446,5,-6626950360880521257,0,1,1,17,3,4,2,5
4447,5,-5429391161927155886,0,1,1,16,3,5,3,17
4448,5,-215465999975189077,0,1,1,17,2,4,2,11
4449,5,5136008199042804306,0,2,2,17,5,5,3,15
4450,5,-1736608152057214182,0,1,1,20,3,4,2,6
4451,5,-5976923140118060418,0,3,3,18,2,7,3,20
4452,5,-7844747825525769940,0,0,0,18,1,3,1,7
4453,5,-7483774586449978327,0,4,4,20,4,5,1,13
4454,5,-5656080279621421556,0,2,2,18,1,6,3,15
4455,5,456766446875451686,0,3,3,15,2,4,1,17
4456,5,-482615755840192110,0,1,1,15,6,4,3,9
4457,5,-4883741825394450053,0,3,3,17,1,3,2,8
4458,5,304592522762962718,0,2,2,18,3,4,2,7
4459,5,-7353533141740430508,0,3,3,16,6,5,4,8
4460,5,-8860609531508979545,0,1,1,15,3,5,4,19
4461,5,4175550334904733242,0,2,2,14,5,2,1,5
4462,5,2371284980275570451,0,4,4,18,2,5,2,13
4463,5,2971543221725097348,0,3,3,14,2,3,2,9
4464,5,-4229762541496198200,0,0,0,17,1,3,1,5
4465,5,1325342459908523533,0,0,0,15,4,6,3,20
4466,5,4696634478988588930,0,2,2,20,3,6,4,11
4467,5,-8941711542453155033,0,1,1,18,4,3,1,6
4468,5,5821877375746538087,0,4,4,17,2,5,2,15
4469,5,3526218371838951118,0,1,1,16,1,2,1,3
4470,5,7447724826340710744,0,2,2,14,2,3,2,11
4471,5,881667997809076512,0,1,1,21,3,4,2,11
4472,5,-1102322606985804663,0,1,1,17,3,7,4,22
4473,5,-3369756854749998324,0,0,0,22,1,5,1,14
4474,5,-4011172473682001069,0,3,3,17,1,5,2,13
4475,5,2469867152145021001,0,0,0,17,4,5,3,16
4476,5,7023697610181425480,0,2,2,17,1,4,2,8
4477,5,-8798506651722619766,0,1,1,15,3,2,1,6
4478,5,-2374104381926381433,0,3,3,18,5,3,2,3
4479,5,3711680757141827567,0,1,1,19,4,5,3,10
4480,5,-3360003077428148910,0,2,2,21,3,6,3,13
4481,5,-4439837778791575874,0,0,0,15,3,4,1,13
4482,5,-3783232813208883491,0,2,2,18,4,3,1,12
4483,5,-6297727247213303726,0,0,0,17,2,6,3,18
4484,5,-4987256740453818008,0,2,2,20,3,5,2,10
4485,5,-3818657841030321837,0,4,4,17,1,6,3,19
4486,5,4128009488208672143,0,1,1,18,7,2,1,3
4487,5,-5819589073867651801,0,3,3,17,4,4,1,12
4488,5,-5288655701201043232,0,0,0,19,3,6,2,16
4489,5,-5331112289362109785,0,0,0,15,2,4,1,9
4490,5,-6031875108906112082,0,0,0,14,9,4,3,7
4491,5,-1569102273204801515,0,1,1,18,1,5,3,13
4492,5,7572030128459534372,0,0,0,16,2,6,3,16
4493,5,-5101626358848226738,0,2,2,18,2,5,2,13
4494,5,-4909544427309468004,0,2,2,18,1,3,1,12
4495,5,7371883830174442299,0,0,0,20,1,6,2,17
4496,5,-5039902670702935247,0,3,3,21,1,5,3,10
4497,5,6302942028152259469,0,1,1,17,2,6,3,19
4498,5,8620603271610017938,0,0,0,17,4,5,3,12
4499,5,-3575875178978786391,0,3,3,17,1,6,3,14
4500,5,2265487973181518873,0,2,2,18,3,5,3,13
4501,5,2472481083535677407,0,3,3,17,5,2,2,2
4502,5,-1520282148077844709,0,3,3,18,1,6,3,17
4503,5,-4752219499798541342,0,0,0,17,1,5,1,11
4504,5,-2357364194842046079,0,1,1,14,6,2,2,4
4505,5,-6113860432592891532,0,2,2,18,2,4,1,10
4506,5,8511267053007020439,0,4,4,16,3,5,2,17
4507,5,4452302986629695072,0,1,1,14,4,4,3,11
4508,5,-3103756756715987677,0,3,3,18,3,6,4,15
4509,5,-1083294045927529043,0,2,2,17,2,6,2,16
4510,5,-9222797788628879431,0,0,0,18,1,4,1,10
4511,5,-1729510898719762416,0,1,1,17,2,4,2,13
4512,5,8282904293887113806,0,2,2,18,3,4,2,8
4513,5,1058212521157744546,0,4,4,16,4,3,1,9
4514,5,-3296043615009361910,0,3,3,22,1,4,1,9
4515,5,-948546358985991470,0,1,1,15,6,2,1,7
4516,5,8213771690227321953,0,1,1,18,3,4,2,12
4517,5,3404568782455437980,0,1,1,19,6,5,3,14
4518,5,-3467268837247295900,0,1,1,18,3,5,3,10
4519,5,6819339969115883514,0,2,2,21,1,7,3,18
4520,5,-2691644880542046893,0,3,3,19,4,5,2,11
4521,5,-3146401059919149925,0,1,1,15,5,2,1,4
4522,5,-7662634911702574473,0,2,2,16,3,4,2,6
4523,5,-3085910328393207086,0,0,0,20,5,5,2,13
4524,5,-2379229398981475282,0,2,2,16,4,3,2,11
4525,5,5558245068308607184,0,4,4,18,2,4,1,13
4526,5,-52076772849572281,0,3,3,17,1,6,3,16
4527,5,6498946502024581910,0,1,1,18,2,3,1,7
4528,5,5072220397659612047,0,0,0,18,1,6,2,15
4529,5,-3264158940970700252,0,3,3,16,1,4,2,11
4530,5,9082933860291830956,0,2,2,17,4,4,3,10
4531,5,-3898082470769877130,0,0,0,16,5,4,1,15
4532,5,348798647986526248,0,3,3,17,2,5,3,16
4533,5,2284227899486696880,0,2,2,16,1,4,2,12
4534,5,-6314621120096591920,0,0,0,16,4,4,2,9
4535,5,5073985503318865943,0,2,2,15,4,3,2,6
4536,5,-812062288468689089,0,3,3,17,4,6,4,22
4537,5,-9102940175959165629,0,2,2,18,3,4,2,6
4538,5,7726185912758968245,0,2,2,19,1,5,2,10
4539,5,2395712545643389202,0,0,0,13,3,3,1,11
4540,5,-8005881501692068564,0,3,3,15,3,6,4,15
4541,5,5913179642671438304,0,3,3,15,4,4,2,11
4542,5,-3350809073696468819,0,0,0,20,2,7,3,10
4543,5,-9049610937736835852,0,0,0,17,1,7,4,18
4544,5,-396300524558398497,0,2,2,16,5,2,1,2
4545,5,9053652897051946556,0,1,1,20,7,4,2,9
4546,5,7411003383445174752,0,2,2,17,2,4,2,10
4547,5,774462292696364861,0,3,3,17,2,5,2,17
4548,5,-8299188628105946793,0,3,3,17,3,2,1,7
4549,5,4692825513027821892,0,3,3,21,3,6,2,14
4550,5,6221191845757453257,0,1,1,16,3,6,3,22
4551,5,-904464956917379359,0,3,3,17,5,5,3,15
4552,5,-4667397705400437204,0,2,2,17,2,4,2,12
4553,5,-8501737476472432491,0,1,1,17,6,3,3,8
4554,5,-8704293333181935943,0,2,2,13,8,4,3,11
4555,5,-5118024160955125558,0,1,1,14,2,3,2,13
4556,5,1999459015133467654,0,2,2,18,2,5,2,11
4557,5,8868380327192204035,0,1,1,17,4,6,4,10
4558,5,2622989075152312659,0,3,3,19,3,5,3,10
4559,5,3733107449745355347,0,0,0,14,2,3,1,10
4560,5,-6977702338126883805,0,0,0,17,2,5,2,12
4561,5,7776717398355172115,0,1,1,17,2,5,3,13
4562,5,3297991829635692302,0,2,2,15,3,4,2,10
4563,5,2143169727174163406,0,1,1,16,7,2,1,4
4564,5,-1336070968624306731,0,2,2,19,1,4,2,10
4565,5,6602036647741917568,0,1,1,16,2,3,1,9
4566,5,-1441683131092937033,0,1,1,15,6,2,1,8
4567,5,7396026370365010688,0,2,2,16,3,4,2,13
4568,5,7204153421872198914,0,2,2,12,6,1,1,5
4569,5,3911276981238126521,0,3,3,18,1,6,3,12
4570,5,7113983966600861932,0,3,3,17,3,5,4,12
4571,5,7484392152801998240,0,2,2,20,1,6,3,13
4572,5,4093044804332087458,0,0,0,15,7,2,1,6
4573,5,9082865801249751649,0,3,3,16,2,6,3,19
4574,5,2774710799416194721,0,2,2,17,2,4,2,10
4575,5,-443741310103428133,0,0,0,20,2,8,4,21
4576,5,-8858937957177708219,0,0,0,19,1,6,2,15
4577,5,-2302864098459747378,0,2,2,19,2,5,3,11
4578,5,5645554163729479583,0,1,1,17,2,2,1,7
4579,5,-6095703014450709805,0,2,2,14,9,1,1,3
4580,5,5634446138658105227,0,2,2,20,1,5,2,12
4581,5,-144712013684674932,0,3,3,16,6,3,2,9
4582,5,-7843874181636278016,0,1,1,17,3,6,4,17
4583,5,-2382415358001332453,0,0,0,19,3,5,2,12
4584,5,6952622952787622569,0,2,2,22,1,6,2,12
4585,5,4450609294186581975,0,4,4,18,2,3,1,7
4586,5,1244529907876676533,0,2,2,20,1,7,3,16
4587,5,6732769016723224381,0,2,2,20,5,4,1,12
4588,5,1388466876889247466,0,0,0,18,5,5,2,11
4589,5,-4612420989446045148,0,1,1,15,4,3,2,6
4590,5,-8430195069444410624,0,0,0,20,2,6,2,14
4591,5,287455914334795316,0,0,0,17,1,7,3,22
4592,5,-2475835405443683284,0,1,1,16,1,3,2,6
4593,5,-5229969747665320040,0,3,3,19,3,3,1,7
4594,5,8983413375209761530,0,3,3,18,5,4,2,13
4595,5,-8333841491632212494,0,1,1,18,2,4,2,9
4596,5,-527060152939013025,0,4,4,19,2,4,1,10
4597,5,4238453760223233167,0,4,4,18,1,8,4,17
4598,5,-3632490047325298930,0,0,0,19,4,5,1,16
4599,5,1550416259789685211,0,2,2,16,4,3,1,11
4600,5,3057283512066988554,0,2,2,17,1,7,3,22
4601,5,6014635620123398679,0,2,2,17,3,5,3,14
4602,5,7732514822930524284,0,1,1,19,2,4,1,6
4603,5,-171003034036244152,0,0,0,22,1,8,4,16
4604,5,4255710372893798086,0,3,3,17,1,3,1,6
4605,5,8832845697821761650,0,2,2,18,1,4,2,9
4606,5,-6438253962714600233,0,2,2,16,1,4,2,10
4607,5,-3283687363360984570,0,3,3,18,5,4,2,8
4608,5,-8922446610459057728,0,3,3,18,1,7,4,22
4609,5,-1137175606061192808,0,1,1,17,1,5,2,18
4610,5,-4863744750989781881,0,0,0,19,4,6,3,16
4611,5,-7335009712852933932,0,1,1,15,2,2,1,8
4612,5,-9220162485069048261,0,0,0,17,2,6,2,19
4613,5,6235967355422700466,0,3,3,17,3,5,3,12
4614,5,-8178839820170505912,0,4,4,19,2,6,3,15
4615,5,8861931383248862696,0,2,2,19,3,3,2,12
4616,5,4406500827000158732,0,0,0,18,1,5,1,10
4617,5,-4293193293689134176,0,4,4,17,1,3,1,5
4618,5,3598429392873223337,0,2,2,14,7,3,2,6
4619,5,-3295214377242061973,0,2,2,16,6,3,2,6
4620,5,2345356583275971612,0,1,1,19,7,6,4,12
4621,5,1352470285754015604,0,2,2,16,4,2,1,6
4622,5,-6512276031972993394,0,0,0,14,6,4,2,11
4623,5,2575683207392056312,0,0,0,15,1,5,3,13
4624,5,8051057563013022442,0,1,1,19,1,4,2,10
4625,5,-9212064823978835723,0,1,1,16,2,3,1,12
4626,5,-5661861691009201233,0,2,2,19,1,5,2,10
4627,5,-2189367002443683039,0,2,2,14,7,1,1,2
4628,5,-5685671474415486201,0,0,0,18,2,5,2,15
4629,5,-1836838547979462627,0,4,4,21,2,6,1,18
4630,5,-5996050385928950761,0,2,2,17,4,5,3,13
4631,5,-751495389661419030,0,0,0,17,3,5,2,14
4632,5,1167005446393288087,0,0,0,14,2,4,2,12
4633,5,-6414332035133456996,0,3,3,18,4,2,1,2
4634,5,-6088355414583694939,0,3,3,18,1,7,4,17
4635,5,2127416507218100556,0,1,1,19,4,6,4,15
4636,5,-7398464362921795882,0,1,1,16,1,2,1,7
4637,5,2329931016919151954,0,4,4,14,1,4,2,15
4638,5,6516353780570977934,0,2,2,16,2,3,1,8
4639,5,-6657189536538850124,0,2,2,14,8,2,2,8
4640,5,5633924726786610321,0,1,1,16,1,4,2,8
4641,5,-264267487050768168,0,3,3,14,2,2,1,6
4642,5,-6343138096139928615,0,1,1,16,1,6,4,20
4643,5,-5395058413673714559,0,1,1,18,4,4,2,10
4644,5,-3773263708711598935,0,2,2,19,2,7,3,19
4645,5,-2228999869242867208,0,2,2,17,1,2,1,3
4646,5,3352605400110948322,0,2,2,12,7,1,1,4
4647,5,-6893962624959483767,0,0,0,16,2,5,2,11
4648,5,8559444061959142292,0,0,0,18,1,8,4,20
4649,5,1959394239877319985,0,2,2,17,3,3,1,8
4650,5,4125848018672917719,0,4,4,16,4,5,4,13
4651,5,-8263347643581263212,0,3,3,18,4,5,2,20
4652,5,-1299974607735586084,0,3,3,19,4,4,2,11
4653,5,-6452507939789960140,0,3,3,16,4,2,1,2
4654,5,2722872952959674174,0,2,2,15,4,3,2,4
4655,5,-2701830490691747616,0,1,1,16,4,3,1,7
4656,5,-4017491149832278115,0,1,1,17,5,3,2,6
4657,5,-7923276058726117271,0,3,3,16,2,6,4,9
4658,5,-2900430191481985939,0,2,2,14,9,1,1,4
4659,5,2390013642129012891,0,1,1,18,1,3,1,9
4660,5,-8885301023018876661,0,1,1,17,6,4,2,12
4661,5,2206342832899306859,0,3,3,14,6,1,1,1
4662,5,-1348005360414363375,0,4,4,17,3,4,1,8
4663,5,815485447340634220,0,3,3,18,6,4,2,7
4664,5,-1703858248763240726,0,2,2,20,4,4,2,10
4665,5,2022163796178514824,0,1,1,13,8,2,2,6
4666,5,7346472945300912040,0,1,1,16,7,3,2,8
4667,5,-8083360519729769749,0,1,1,21,4,4,2,11
4668,5,-1098851606204233708,0,1,1,20,1,7,4,14
4669,5,-196305447095418302,0,0,0,14,7,2,1,7
4670,5,8609847116114777862,0,1,1,16,1,3,1,9
4671,5,-2422757585120229083,0,1,1,18,1,5,2,11
4672,5,-1265121251593338633,0,0,0,20,2,5,1,10
4673,5,-3415294801574819120,0,2,2,17,3,5,3,14
4674,5,6815288322813090004,0,4,4,20,1,4,2,10
4675,5,4682167959708472601,0,4,4,18,2,4,1,8
4676,5,5892810459571474964,0,1,1,16,8,3,2,8
4677,5,-3768423362378110306,0,2,2,16,7,2,2,4
4678,5,1410140407911462924,0,2,2,21,1,4,1,8
4679,5,8993932262399278141,0,1,1,16,5,3,2,8
4680,5,3605608230851413633,0,4,4,18,3,5,1,13
4681,5,7055743710534190536,0,2,2,18,3,4,2,8
4682,5,-1332323374808942721,0,4,4,18,1,5,2,11
4683,5,-3974985951113592327,0,2,2,22,1,7,2,18
4684,5,-7098232332129019288,0,3,3,16,3,4,2,9
4685,5,-1405770957033166429,0,3,3,13,3,3,2,10
4686,5,7515130872325867599,0,2,2,15,1,2,1,5
4687,5,4926733097760748074,0,2,2,17,3,3,1,6
4688,5,5703159924720912774,0,3,3,20,4,7,4,19
4689,5,-4311096994697003211,0,3,3,18,2,4,1,9
4690,5,8404747231618842741,0,2,2,19,5,5,3,15
4691,5,-824025839350563935,0,1,1,18,1,4,2,10
4692,5,9018629188278398381,0,2,2,17,2,6,3,20
4693,5,5480244804990864824,0,3,3,14,1,6,4,22
4694,5,-927588941024157380,0,3,3,15,3,4,2,17
4695,5,-5512164119009699166,0,2,2,18,6,3,2,5
4696,5,1238790563276811586,0,2,2,16,2,5,3,14
4697,5,-3047782187493389029,0,3,3,21,5,6,3,13
4698,5,4441311348562210244,0,1,1,14,4,3,2,12
4699,5,2903745421731713894,0,0,0,14,4,5,2,14
4700,5,-4451175394396931649,0,1,1,21,1,5,2,14
4701,5,8567698693762975872,0,3,3,17,1,4,2,10
4702,5,-1381406972585373312,0,3,3,18,2,5,3,8
4703,5,-3206054661257855847,0,2,2,17,6,5,3,11
4704,5,3860470038209306162,0,2,2,18,9,2,2,6
4705,5,-2193148424064118593,0,0,0,16,6,4,1,7
4706,5,6454343825536276152,0,1,1,16,3,3,1,7
4707,5,8621008729220995548,0,2,2,16,4,5,3,18
4708,5,-9000411917932192323,0,3,3,21,3,4,2,6
4709,5,1057858812745268962,0,2,2,16,4,6,4,12
4710,5,-5447328137169277688,0,4,4,21,2,4,1,8
4711,5,-6221434194409798076,0,0,0,16,3,6,2,21
4712,5,3955558051421463060,0,2,2,18,1,6,3,11
4713,5,1535646357619967655,0,2,2,20,5,4,1,8
4714,5,-1192228144982294561,0,3,3,20,3,6,2,14
4715,5,2427647949303770841,0,1,1,17,3,4,1,6
4716,5,3531279066719287810,0,2,2,17,1,4,2,10
4717,5,-2955236072327489278,0,0,0,19,2,6,3,11
4718,5,2410049515616378113,0,1,1,18,5,4,2,11
4719,5,8673856976662502680,0,2,2,14,4,5,3,15
4720,5,-7941156326897965084,0,1,1,15,3,3,2,11
4721,5,4833469902836192920,0,0,0,19,3,5,2,12
4722,5,8837157527427361542,0,1,1,16,4,4,2,10
4723,5,6454477319823053170,0,2,2,17,2,4,1,11
4724,5,4043248592904208428,0,2,2,15,1,5,3,17
4725,5,-3247340730168094140,0,1,1,13,5,5,4,20
4726,5,6837330329834696665,0,3,3,18,1,4,2,10
4727,5,-2784071305759347253,0,1,1,12,4,3,2,10
4728,5,3779909898735359967,0,2,2,20,2,6,3,15
4729,5,-8582108014560189547,0,2,2,20,1,5,1,8
4730,5,-5033491638767130823,0,2,2,19,3,4,2,11
4731,5,-8899090629261611013,0,2,2,20,5,4,2,12
4732,5,-385944036584766696,0,2,2,14,9,1,1,3
4733,5,3205665927993805134,0,2,2,19,2,5,3,16
4734,5,3395031883687405883,0,2,2,17,3,5,3,11
4735,5,-444363213489423280,0,1,1,16,4,5,3,13
4736,5,701518439758848899,0,0,0,17,2,5,2,15
4737,5,-5309823863897711642,0,1,1,19,3,4,2,9
4738,5,5897875397100380358,0,2,2,17,4,4,2,10
4739,5,6220748316082337802,0,3,3,19,3,3,2,7
4740,5,4053574319023343330,0,0,0,17,4,5,2,11
4741,5,-2408439671966216186,0,0,0,18,2,5,2,11
4742,5,-5007840973072412139,0,0,0,16,4,4,2,12
4743,5,-9102295770110692386,0,0,0,15,1,7,3,26
4744,5,-3391793488890800756,0,1,1,16,2,3,1,8
4745,5,-8559646303804978931,0,3,3,14,2,3,2,8
4746,5,6814927858659488057,0,3,3,13,6,4,3,10
4747,5,8478264000263005812,0,2,2,19,2,3,1,5
4748,5,3637370423494856937,0,2,2,16,5,5,3,17
4749,5,6554155306381491087,0,3,3,15,9,1,1,4
4750,5,5282460066691057813,0,2,2,18,1,5,2,15
4751,5,-1245933930050930967,0,1,1,17,3,4,2,12
4752,5,-5534253996534734345,0,3,3,18,1,5,3,12
4753,5,1944387450237788114,0,0,0,15,6,5,3,18
4754,5,9085232658313899872,0,2,2,17,2,5,2,9
4755,5,-8040223667646556338,0,3,3,13,6,5,4,15
4756,5,2258686240335689672,0,3,3,18,1,4,2,10
4757,5,-6567909653684784049,0,3,3,20,2,6,2,17
4758,5,-8503570892007567322,0,0,0,16,7,3,1,5
4759,5,7844610650369322791,0,0,0,17,1,6,2,18
4760,5,5160076153970324994,0,0,0,15,4,4,1,9
4761,5,1649867159560130615,0,2,2,16,3,5,3,14
4762,5,859520256996081479,0,2,2,19,2,6,3,17
4763,5,719997728832280044,0,1,1,24,4,4,1,6
4764,5,-4962637289850883235,0,2,2,20,1,4,1,5
4765,5,-7396944363526961684,0,0,0,18,1,7,2,23
4766,5,4963406687954788727,0,1,1,15,5,5,3,18
4767,5,8393658885454552459,0,3,3,18,1,8,4,18
4768,5,-659106704868161495,0,3,3,15,2,5,4,9
4769,5,-7871871772422531709,0,1,1,17,3,4,2,10
4770,5,-7765356273205108164,0,1,1,14,2,3,2,6
4771,5,-6064307102545187612,0,0,0,16,3,7,3,25
4772,5,737893365716921541,0,0,0,16,6,5,3,14
4773,5,6813700885540548425,0,1,1,17,5,4,3,9
4774,5,-7040875296971261324,0,2,2,20,1,5,2,13
4775,5,-5220112888619799988,0,4,4,18,3,4,2,13
4776,5,-1185095473039398871,0,1,1,16,4,2,1,2
4777,5,-6713439642185513413,0,0,0,18,1,6,2,17
4778,5,-4803466053731924276,0,3,3,18,6,2,2,4
4779,5,119502955310233099,0,3,3,18,3,5,3,12
4780,5,-7187423802362392995,0,2,2,17,4,3,1,4
4781,5,3643904956652532364,0,0,0,20,2,7,3,17
4782,5,5184789394522484297,0,1,1,17,6,4,2,10
4783,5,2810246249488020702,0,2,2,16,2,4,2,12
4784,5,2036604203239165696,0,1,1,19,1,4,2,9
4785,5,147720298326909987,0,1,1,16,1,2,1,6
4786,5,2978812720012662979,0,1,1,18,1,6,3,17
4787,5,5334287106579540597,0,1,1,17,4,7,4,22
4788,5,-2227467942910045246,0,2,2,18,6,4,3,9
4789,5,1377631257468740890,0,3,3,20,5,5,2,11
4790,5,4822235765924754789,0,2,2,19,2,3,1,6
4791,5,1798954928809976822,0,2,2,18,5,5,3,15
4792,5,-3741559573388448023,0,4,4,15,3,4,2,14
4793,5,7453780796349164608,0,4,4,20,1,7,3,20
4794,5,1190923572047696175,0,2,2,19,1,4,1,8
4795,5,2637456838342521464,0,0,0,19,2,5,2,9
4796,5,7011745095018879440,0,2,2,23,3,8,4,14
4797,5,-643393322997612648,0,0,0,22,2,5,1,14
4798,5,1354386839122132340,0,0,0,16,2,7,4,25
4799,5,-2800091804015741559,0,3,3,21,1,5,3,10
4800,5,-80724804202577052,0,0,0,17,5,5,3,13
4801,5,7052349357684500184,0,3,3,16,3,5,3,12
4802,5,-7658906273423554980,0,4,4,18,3,3,1,8
4803,5,7407165273662289321,0,2,2,20,1,4,1,10
4804,5,-1542990289961881947,0,3,3,15,6,4,4,8
4805,5,-7879906092101358101,0,2,2,22,2,4,2,10
4806,5,-8979915612102706845,0,4,4,19,1,4,1,9
4807,5,3176254989977669325,0,1,1,17,1,5,3,18
4808,5,-8771991959646838485,0,2,2,16,3,3,2,10
4809,5,-3241415252451395729,0,0,0,19,1,5,1,15
4810,5,1544382782731484120,0,1,1,18,2,4,2,11
4811,5,-4612147211380512036,0,0,0,16,7,5,3,15
4812,5,93472631812366751,0,2,2,16,5,3,1,8
4813,5,-2348936318010269896,0,2,2,17,4,5,3,18
4814,5,7040782792118055263,0,0,0,17,1,6,3,19
4815,5,-8175559043283039179,0,2,2,18,4,5,3,12
4816,5,7786032079042774589,0,0,0,19,1,5,1,10
4817,5,7106737101789310155,0,4,4,21,3,6,3,14
4818,5,-1075728688335818128,0,1,1,14,3,3,2,8
4819,5,1605497241076787240,0,2,2,17,1,4,2,12
4820,5,2899936669647704921,0,1,1,21,3,4,2,8
4821,5,-2232728629425121820,0,1,1,16,5,3,2,8
4822,5,-3927526335285046570,0,0,0,19,3,8,4,17
4823,5,4168675845258350968,0,3,3,15,1,6,4,18
4824,5,5727603103096318422,0,3,3,20,1,6,2,17
4825,5,-9004773100710031120,0,3,3,19,1,4,2,10
4826,5,-7577421878283208656,0,1,1,15,2,2,1,4
4827,5,-4274695413568671008,0,1,1,16,5,4,2,12
4828,5,-3491619894057794128,0,4,4,17,1,4,1,13
4829,5,6902077682026788756,0,3,3,15,1,5,3,17
4830,5,-1735598376984739725,0,3,3,19,4,4,1,9
4831,5,3910916052217387402,0,0,0,15,6,4,1,9
4832,5,-6193908125351867276,0,1,1,14,4,5,3,18
4833,5,-2309869730743092956,0,2,2,18,4,4,2,11
4834,5,-4058141494888253338,0,0,0,14,3,6,4,22
4835,5,2586489100113022873,0,3,3,19,2,3,1,8
4836,5,-314537484233446461,0,1,1,19,4,4,2,7
4837,5,-7930550824280105684,0,1,1,19,2,4,2,13
4838,5,6113173314663326244,0,2,2,19,1,6,3,13
4839,5,317086818783364769,0,2,2,20,2,4,2,9
4840,5,3235083806798219219,0,0,0,17,6,4,2,11
4841,5,5799212062587033067,0,2,2,17,3,3,1,8
4842,5,6631235636147506078,0,2,2,18,3,3,1,4
4843,5,476530716965360169,0,2,2,14,6,2,1,4
4844,5,-761038434372273683,0,2,2,17,5,6,3,16
4845,5,-1391441180278349101,0,2,2,16,1,3,2,8
4846,5,7163936371385529623,0,3,3,17,4,5,2,14
4847,5,-6445481405541813712,0,2,2,18,3,4,2,6
4848,5,-6339445273224651024,0,4,4,18,3,6,3,11
4849,5,-6521301236075117813,0,1,1,17,2,4,2,11
4850,5,611094734295009190,0,3,3,17,5,3,2,7
4851,5,1315954391301156261,0,2,2,15,6,2,1,6
4852,5,-7735067156724632115,0,0,0,14,2,4,2,12
4853,5,-7635134465550764051,0,0,0,19,1,9,4,28
4854,5,798971962657856439,0,4,4,17,1,4,2,10
4855,5,1383533000907898094,0,1,1,21,1,4,2,10
4856,5,3166221893209427465,0,1,1,21,2,4,1,10
4857,5,-1356813851856251000,0,0,0,15,3,3,1,13
4858,5,-2062756184541278326,0,0,0,22,1,8,3,18
4859,5,2113343612153594978,0,3,3,15,6,2,1,9
4860,5,-778322841803012546,0,1,1,21,2,6,2,16
4861,5,3487393877544759071,0,1,1,18,1,3,1,8
4862,5,5326659701443538355,0,1,1,20,3,8,4,21
4863,5,6442686020352581327,0,0,0,17,2,4,2,8
4864,5,6275628277835799193,0,3,3,14,1,3,2,8
4865,5,347738813425546663,0,3,3,16,4,4,2,12
4866,5,-6037586217895894120,0,2,2,15,7,3,2,9
4867,5,-275923807867832331,0,3,3,20,1,5,2,10
4868,5,-6284737761413840034,0,2,2,17,4,6,4,20
4869,5,-511255581798658483,0,4,4,18,3,4,1,10
4870,5,2408483202737440758,0,0,0,17,2,3,1,6
4871,5,20255559581972232,0,3,3,18,1,3,2,8
4872,5,-9383704344894624,0,3,3,22,4,5,3,11
4873,5,-7921497051088364818,0,0,0,13,2,4,2,15
4874,5,1586514447318298973,0,1,1,17,5,2,1,4
4875,5,7303539418680637746,0,1,1,13,9,2,2,4
4876,5,-5359063093527820663,0,1,1,18,7,4,3,9
4877,5,8183951760486768286,0,0,0,16,4,6,3,16
4878,5,-8165640397251142481,0,0,0,19,4,5,1,12
4879,5,7668341174674054158,0,0,0,17,2,6,3,14
4880,5,-6032694225040773032,0,3,3,17,3,3,2,6
4881,5,-4889458838971404254,0,2,2,17,3,6,3,17
4882,5,-7669852774021586011,0,1,1,17,6,4,2,12
4883,5,-2989476406264195026,0,4,4,15,2,4,2,13
4884,5,-912604482860123554,0,0,0,16,2,6,3,17
4885,5,1165069046197927029,0,3,3,15,4,5,4,17
4886,5,2226869052168471370,0,0,0,16,8,3,2,8
4887,5,5074373972143500183,0,0,0,20,6,6,3,14
4888,5,-8629253443204562240,0,3,3,21,1,6,3,10
4889,5,4510957173203130695,0,1,1,18,5,5,2,11
4890,5,8392907187921154686,0,1,1,20,5,4,2,7
4891,5,-6723915787590396864,0,3,3,16,1,5,3,16
4892,5,-7575141277294335304,0,2,2,20,1,4,1,9
4893,5,-6136008324683470983,0,2,2,16,1,4,2,11
4894,5,100366529179551860,0,2,2,17,1,6,4,14
4895,5,6151402191644039831,0,2,2,19,3,5,1,12
4896,5,-3779129942157744876,0,1,1,18,3,4,2,13
4897,5,-5895727250851740254,0,4,4,16,2,4,2,15
4898,5,3046674274181346100,0,2,2,13,6,1,1,4
4899,5,-7837473147583452165,0,2,2,20,3,3,1,8
4900,5,-91538517965876043,0,0,0,17,1,6,2,14
4901,5,-7235764474205875571,0,2,2,17,4,4,3,10
4902,5,-5199218322273468902,0,1,1,15,2,2,1,7
4903,5,1177649476535403843,0,3,3,17,2,3,1,8
4904,5,-4579670433124517102,0,1,1,17,3,5,3,12
4905,5,648240737082032057,0,3,3,17,2,4,2,10
4906,5,4343447650372806741,0,3,3,17,1,4,2,8
4907,5,-4308590766539625163,0,3,3,17,5,4,2,7
4908,5,1166172737723627187,0,2,2,17,1,3,1,7
4909,5,-3216862547834817576,0,3,3,16,3,3,2,10
4910,5,-4172443947555878039,0,3,3,19,3,4,2,11
4911,5,-723404788157792496,0,1,1,17,3,3,2,6
4912,5,-2606286179010899530,0,1,1,20,3,5,2,10
4913,5,-1514684993947091632,0,1,1,16,1,5,3,15
4914,5,2690598472679707053,0,3,3,15,1,5,2,17
4915,5,-6537460857314409213,0,3,3,16,6,4,2,15
4916,5,-5279241025590042548,0,3,3,19,3,3,1,8
4917,5,6203214585241277629,0,1,1,19,1,4,1,9
4918,5,159686887126367438,0,0,0,19,5,6,2,11
4919,5,-8581345461870812493,0,4,4,16,1,5,2,15
4920,5,-7481624706385940675,0,3,3,19,2,4,2,11
4921,5,-30297275028754579,0,0,0,21,2,7,3,16
4922,5,475770257234345034,0,3,3,21,2,6,3,8
4923,5,5198794021674258361,0,1,1,20,3,4,2,7
4924,5,6244899919159968352,0,2,2,18,2,5,3,15
4925,5,-2856894716121800222,0,0,0,17,5,3,1,8
4926,5,7352092163977745398,0,3,3,20,3,5,2,11
4927,5,5225359065504850466,0,2,2,15,5,5,3,16
4928,5,286706065750172452,0,0,0,19,1,6,2,13
4929,5,-8521872579014536620,0,3,3,19,2,4,2,8
4930,5,2452555701672317561,0,2,2,17,1,3,1,8
4931,5,7315368837731739885,0,0,0,17,1,6,2,20
4932,5,4880947357679206155,0,3,3,16,7,5,3,13
4933,5,8637640938382555948,0,1,1,17,5,3,2,8
4934,5,-9006778892405745714,0,0,0,13,6,4,3,13
4935,5,3193511670506772112,0,4,4,20,2,6,3,16
4936,5,3816498469503112745,0,1,1,17,2,3,2,8
4937,5,1953647712833207690,0,3,3,16,1,4,2,16
4938,5,6910925752411843526,0,4,4,17,3,4,1,13
4939,5,-4501141371434452108,0,0,0,18,2,4,1,10
4940,5,-8283590786858436183,0,3,3,14,4,3,1,10
4941,5,-4053805655906057279,0,2,2,14,7,4,3,15
4942,5,-465806485414648700,0,3,3,15,8,1,1,2
4943,5,7757773176873488500,0,1,1,15,4,2,1,6
4944,5,1212827566753143368,0,2,2,14,1,5,2,17
4945,5,-3198991557598088234,0,1,1,23,3,6,3,11
4946,5,6927840492396600575,0,2,2,17,6,5,3,14
4947,5,-2828589738850905758,0,0,0,17,4,6,3,20
4948,5,-5837651109396633896,0,0,0,16,8,3,1,6
4949,5,-6236148555502996988,0,2,2,16,3,4,1,12
4950,5,-7737629098956113021,0,1,1,17,3,3,1,7
4951,5,-7328402486721566846,0,2,2,16,1,3,1,7
4952,5,2068208906493328063,0,0,0,15,6,2,1,7
4953,5,-4460038445076270278,0,2,2,16,3,4,2,11
4954,5,-2841586488433063888,0,3,3,22,2,5,2,17
4955,5,-99183350771047411,0,2,2,18,4,2,1,4
4956,5,-258518838167315339,0,0,0,18,3,6,3,16
4957,5,-6076492946496135269,0,3,3,18,3,4,2,8
4958,5,-1518615602346617990,0,1,1,19,1,4,1,12
4959,5,7135321500051196592,0,1,1,16,1,4,2,13
4960,5,4913655718717049865,0,2,2,17,8,1,1,1
4961,5,4577940987654653181,0,1,1,14,3,4,3,13
4962,5,4686431369506106535,0,0,0,20,1,5,2,9
4963,5,6236785660249484298,0,1,1,17,1,5,3,9
4964,5,-3468359689341640291,0,0,0,20,2,6,2,17
4965,5,-1746916865910040213,0,2,2,18,3,3,2,9
4966,5,-6467034427922896812,0,1,1,15,2,6,4,19
4967,5,7587721520521236529,0,3,3,19,1,7,4,15
4968,5,-3955054140325250074,0,1,1,17,2,3,1,8
4969,5,6711204383273389475,0,3,3,17,4,3,1,8
4970,5,1044019188837807856,0,4,4,17,3,3,1,10
4971,5,5790188090556461358,0,3,3,16,5,4,3,8
4972,5,-3025922862253785427,0,1,1,17,1,4,2,11
4973,5,-7559264425661829223,0,3,3,20,8,2,1,4
4974,5,-3287743212537279680,0,3,3,16,1,6,3,19
4975,5,1940423809748239740,0,1,1,15,1,3,1,6
4976,5,-3686649325377904304,0,3,3,16,5,4,3,10
4977,5,-4679176619736621838,0,0,0,18,1,5,2,16
4978,5,-156212797813337894,0,1,1,15,2,4,2,12
4979,5,-7974831299697649011,0,1,1,20,1,4,2,12
4980,5,154703785293925697,0,3,3,16,6,3,3,7
4981,5,-2799029206050585206,0,1,1,17,3,3,2,11
4982,5,-3150495856305802583,0,1,1,19,3,5,2,9
4983,5,8841596844950191941,0,1,1,18,4,5,4,8
4984,5,2614323295306878086,0,2,2,21,3,4,2,11
4985,5,8948102181932760559,0,0,0,20,1,6,2,15
4986,5,3442436459345572207,0,3,3,18,3,2,1,3
4987,5,8271737488782474877,0,2,2,14,1,5,3,15
4988,5,-147956121700890568,0,1,1,14,3,4,2,13
4989,5,7158142412470297059,0,2,2,16,1,6,4,13
4990,5,-1527747286827267522,0,1,1,20,3,4,2,10
4991,5,3249826629912979841,0,3,3,16,2,5,2,15
4992,5,7460723141225715460,0,1,1,15,4,5,4,10
4993,5,-2581518437983254819,0,1,1,15,7,2,2,4
4994,5,1622066195810938110,0,3,3,19,1,7,4,14
4995,5,9163959810080715411,0,1,1,19,3,5,2,16
4996,5,2683378887405067181,0,1,1,15,4,3,2,12
4997,5,1410365442187624073,0,0,0,18,1,4,1,7
4998,5,6458503971860693739,0,2,2,15,3,5,3,15
4999,5,5764018118263068518,0,1,1,20,1,5,2,14
5000,5,7937678444978451335,0,1,1,18,2,4,2,7
5001,5,930714081322117444,0,3,3,22,2,7,3,15
5002,5,8526182245430166804,0,0,0,17,2,7,3,22
5003,5,-7596663668634510429,0,2,2,18,6,3,2,8
5004,5,6845523697264194814,0,0,0,19,2,4,1,12
5005,5,-7012357215985297247,0,0,0,16,1,7,4,24
5006,5,-6936089782546652451,0,2,2,14,9,1,1,4
5007,5,-1848494374678621337,0,1,1,16,3,4,2,13
5008,5,-6265149239706190323,0,1,1,17,6,3,2,8
5009,5,2888393795912253926,0,1,1,21,1,7,2,23
5010,5,-428116294437275522,0,0,0,18,6,5,3,10
5011,5,-6638321312318341693,0,2,2,15,3,2,1,4
5012,5,7238814675793646280,0,0,0,18,1,6,3,15
5013,5,-3204035651726458737,0,0,0,18,6,3,1,5
5014,5,6498231125222397313,0,3,3,17,2,4,2,10
5015,5,-2235715970220757189,0,2,2,20,1,3,1,8
5016,5,797271992622287826,0,4,4,17,6,2,1,6
5017,5,2454230482833369290,0,1,1,13,4,3,2,13
5018,5,2053016372859654984,0,2,2,21,1,6,3,16
5019,5,818074394705136712,0,0,0,16,9,2,1,3
5020,5,5140859246485787879,0,1,1,20,4,5,2,9
5021,5,3165010025597708794,0,3,3,15,2,5,3,15
5022,5,-5457846575330477180,0,2,2,14,7,1,1,2
5023,5,955659920899904470,0,0,0,20,2,8,4,14
5024,5,8152961048177621844,0,2,2,15,3,3,1,11
5025,5,8868917016769642805,0,3,3,18,2,5,2,11
5026,5,7464957167216672447,0,3,3,15,2,4,3,8
5027,5,4310173091320265158,0,4,4,20,5,4,2,10
5028,5,5208282058451553402,0,2,2,21,1,4,2,6
5029,5,-6611458519986521146,0,3,3,16,1,4,2,13
5030,5,-8781583162655720748,0,3,3,18,5,4,3,6
5031,5,8283397848018112877,0,3,3,18,5,4,1,10
5032,5,-4957208417980447665,0,2,2,15,3,4,2,11
5033,5,-3770482011042920021,0,2,2,19,2,3,1,7
5034,5,5382678488945283441,0,1,1,16,6,3,2,7
5035,5,810086921768519700,0,4,4,17,1,5,2,13
5036,5,5643132774581767132,0,4,4,19,3,4,1,8
5037,5,1364765642698645527,0,4,4,18,2,5,2,12
5038,5,-9022697884290773348,0,1,1,20,3,4,1,11
5039,5,-1591014435905867914,0,4,4,16,6,2,1,4
5040,5,474422179715303360,0,0,0,15,7,3,2,8
5041,5,-8838798075428983823,0,1,1,18,3,4,2,9
5042,5,613569399735607083,0,4,4,19,1,5,2,11
5043,5,-4038931573159602108,0,3,3,21,1,5,1,10
5044,5,-8027693327668545877,0,2,2,14,9,1,1,2
5045,5,8694709851185435732,0,3,3,17,1,3,1,9
5046,5,1613099853641766730,0,1,1,15,4,5,3,17
5047,5,-1084510904460706652,0,3,3,13,2,2,1,6
5048,5,-4959701584577585180,0,1,1,15,1,3,2,6
5049,5,-9187520042713084659,0,0,0,16,1,4,1,14
5050,5,9085385268200917241,0,0,0,18,4,6,2,16
5051,5,2829327344578132654,0,2,2,19,3,5,2,11
5052,5,4840247440722334148,0,1,1,18,1,6,4,11
5053,5,163912847521216800,0,3,3,19,4,2,1,2
5054,5,-3023386526116435316,0,1,1,15,3,6,4,23
5055,5,1049785053104807662,0,0,0,19,2,4,1,10
5056,5,6640720621717467193,0,2,2,18,1,4,2,11
5057,5,3511609755539266884,0,0,0,19,1,4,1,9
5058,5,-4352104624303911639,0,3,3,17,7,4,3,9
5059,5,8843545575859044069,0,1,1,19,3,4,3,12
5060,5,6338750133228671812,0,0,0,16,2,3,1,8
5061,5,-5364412294249864606,0,0,0,18,2,7,4,15
5062,5,-6777474119578098867,0,0,0,18,2,7,4,19
5063,5,4962221669804336008,0,3,3,18,4,3,1,9
5064,5,5580709393794790779,0,0,0,19,2,4,1,12
5065,5,-7475324197175613414,0,4,4,17,2,2,1,7
5066,5,-1720355107206867128,0,1,1,19,2,4,2,8
5067,5,-3113200092566273089,0,2,2,18,5,3,1,6
5068,5,-6567612848139865465,0,3,3,15,8,4,4,12
5069,5,122307328906553149,0,1,1,16,1,3,1,8
5070,5,-2673200637454880324,0,2,2,17,1,4,3,12
5071,5,7013100064699289319,0,0,0,18,3,7,4,13
5072,5,-94965138724252249,0,1,1,17,2,3,2,6
5073,5,6029633010907964500,0,1,1,19,1,5,2,9
5074,5,5273403319886762018,0,1,1,17,1,4,2,11
5075,5,436823894165325649,0,3,3,17,2,6,3,11
5076,5,-6972995769518036,0,0,0,17,3,4,1,12
5077,5,-6011098252291182056,0,2,2,20,5,7,3,24
5078,5,5496078138034498372,0,1,1,18,1,4,1,7
5079,5,3581470514738916545,0,1,1,15,5,4,3,8
5080,5,3237466408996122619,0,2,2,17,3,2,1,6
5081,5,6269035439649145848,0,3,3,14,5,2,1,6
5082,5,5135784431686938052,0,4,4,21,1,6,2,19
5083,5,-7205214720320915729,0,0,0,15,1,5,2,11
5084,5,2503482880114511374,0,0,0,21,1,8,3,21
5085,5,-3042545593171685226,0,2,2,17,6,3,3,5
5086,5,-6104924256286336364,0,1,1,15,5,3,2,8
5087,5,-1810296094192394231,0,0,0,18,7,4,2,10
5088,5,3170587407558946035,0,0,0,20,2,6,2,15
5089,5,3813758548985447498,0,0,0,20,3,6,2,13
5090,5,6358910691048620924,0,3,3,19,3,7,4,16
5091,5,5350252077910359855,0,4,4,18,1,5,3,10
5092,5,7356431304344325963,0,0,0,15,2,6,3,20
5093,5,602321223543767965,0,0,0,14,6,5,2,17
5094,5,-3696431587123245160,0,0,0,18,3,4,1,12
5095,5,3368984742611514102,0,0,0,15,8,3,2,10
5096,5,7523973450251505228,0,1,1,16,2,2,1,4
5097,5,677064726377971151,0,2,2,16,6,5,3,12
5098,5,-5145622545941507625,0,1,1,17,2,6,3,22
5099,5,7444734559399795686,0,3,3,19,2,4,3,7
5100,5,-6456127285723113408,0,3,3,17,4,4,2,12
5101,5,-7749871692956037293,0,2,2,19,5,3,2,5
5102,5,-1008580193400934531,0,3,3,14,1,6,4,19
5103,5,-3590930151140415748,0,0,0,15,5,4,2,13
5104,5,-7854198617075794172,0,0,0,16,1,5,2,14
5105,5,6946555029227942990,0,2,2,21,5,6,2,12
5106,5,4365643402072479393,0,3,3,21,4,4,1,9
5107,5,7345080542134626345,0,2,2,18,6,3,1,6
5108,5,-2113353939882322294,0,0,0,18,5,2,1,7
5109,5,-6230003157938156773,0,1,1,18,1,3,1,6
5110,5,-3545696794386971472,0,1,1,17,3,6,4,13
5111,5,-4338472164535679792,0,3,3,17,8,4,3,10
5112,5,2819756368767935319,0,0,0,15,4,6,3,19
5113,5,-5615133511743461687,0,2,2,17,4,4,2,10
5114,5,171313434508008680,0,0,0,16,4,6,3,20
5115,5,8346203698464370252,0,0,0,20,2,7,3,14
5116,5,7375897314639599878,0,3,3,18,1,4,2,10
5117,5,-1542558517459799653,0,0,0,21,1,6,3,14
5118,5,2862150794179153630,0,2,2,18,1,3,1,3
5119,5,4402246558280510568,0,0,0,16,5,3,1,5
5120,5,4368003247991498947,0,3,3,22,1,7,4,13
5121,5,5549797553138966407,0,1,1,17,2,3,1,5
5122,5,426485485376015609,0,1,1,17,1,4,2,11
5123,5,-6410110952654997531,0,2,2,20,1,4,1,11
5124,5,-8107125732802404400,0,3,3,15,4,3,2,12
5125,5,8421723942312145080,0,0,0,16,4,3,1,13
5126,5,3151486711740977908,0,2,2,12,5,1,1,5
5127,5,-1854204231991122697,0,1,1,22,4,4,2,9
5128,5,-3010121387354057213,0,0,0,17,3,4,1,12
5129,5,-4039811967936904179,0,0,0,16,2,6,3,20
5130,5,-2895953031842677664,0,3,3,19,1,5,3,16
5131,5,7117641125006450120,0,3,3,19,5,4,2,6
5132,5,-9090007655929369530,0,2,2,16,1,3,1,5
5133,5,-7883496131634333289,0,1,1,20,1,7,3,15
5134,5,-1674817069607523553,0,1,1,18,1,3,2,6
5135,5,6788709332008381684,0,1,1,20,3,4,2,9
5136,5,2150441878419725078,0,1,1,16,3,4,3,9
5137,5,6016489572452246815,0,3,3,21,2,5,1,12
5138,5,-574000202915791381,0,2,2,16,1,6,3,19
5139,5,-2541143068812322804,0,2,2,22,4,6,3,13
5140,5,6367105553277817093,0,0,0,18,3,5,2,7
5141,5,-7906315169252978531,0,3,3,17,5,2,1,5
5142,5,8986958165572327117,0,0,0,19,2,6,2,17
5143,5,-2917699659686819309,0,2,2,19,2,4,1,14
5144,5,4560055949135290681,0,1,1,19,3,5,3,13
5145,5,-8828692052898312510,0,2,2,20,1,4,1,8
5146,5,-7668999271087214170,0,1,1,20,1,8,4,17
5147,5,-1442248693661659644,0,1,1,20,1,4,2,10
5148,5,-6515819165136600598,0,1,1,18,3,6,3,12
5149,5,8929484699919768943,0,1,1,15,7,2,2,6
5150,5,-2016653880904430935,0,2,2,16,1,3,1,13
5151,5,3417071122630351178,0,3,3,16,1,5,3,10
5152,5,-3261913934505747737,0,1,1,16,4,2,1,5
5153,5,8515945755137300540,0,1,1,14,2,2,1,9
5154,5,-5482384581722123041,0,0,0,16,2,8,4,26
5155,5,-8477704691356555706,0,1,1,16,4,4,2,11
5156,5,6075587141742404626,0,3,3,19,3,4,2,9
5157,5,-7140279385470485774,0,0,0,19,1,5,2,12
5158,5,-8767805128990162782,0,0,0,18,1,7,2,20
5159,5,281774557202669260,0,2,2,15,6,1,1,2
5160,5,564330446555452383,0,2,2,12,4,2,1,7
5161,5,5267878317881635857,0,1,1,17,1,5,3,12
5162,5,-613899232840297950,0,0,0,19,7,5,2,12
5163,5,-5671520651693467994,0,1,1,20,1,5,1,12
5164,5,4140574350053613017,0,0,0,17,5,6,4,15
5165,5,2571823617727563595,0,2,2,16,3,4,2,11
5166,5,-2101085672852387869,0,1,1,17,3,4,2,11
5167,5,-7950695094486346224,0,3,3,18,4,4,2,9
5168,5,173714620304605470,0,3,3,16,3,7,4,21
5169,5,8782283932614721543,0,0,0,19,4,5,2,11
5170,5,-7358413874889617091,0,2,2,18,3,2,1,3
5171,5,8887694758233633850,0,0,0,20,3,4,1,11
5172,5,-1738920208765851938,0,1,1,18,1,6,3,20
5173,5,4916973722477016031,0,0,0,17,1,8,4,27
5174,5,-223838521615428389,0,2,2,19,1,5,2,13
5175,5,7143287243917590986,0,2,2,13,6,2,2,6
5176,5,1862628280135028959,0,2,2,21,4,5,3,9
5177,5,-8757322726052555486,0,4,4,21,1,4,1,7
5178,5,5125536618862823228,0,1,1,16,5,3,1,6
5179,5,-5547708113553570985,0,2,2,16,3,6,3,18
5180,5,-7535422612939548676,0,1,1,21,3,6,3,12
5181,5,-7044203091832679085,0,1,1,15,7,2,2,6
5182,5,7633178021212901685,0,4,4,23,4,6,2,9
5183,5,1845569874495470575,0,3,3,17,2,2,1,4
5184,5,-1434888030720771423,0,0,0,18,2,7,4,13
5185,5,-3483789769782257752,0,1,1,21,1,5,2,9
5186,5,-1966628526307047827,0,2,2,17,1,3,1,7
5187,5,4052570620390459281,0,1,1,17,2,5,3,12
5188,5,3478109541427493713,0,4,4,15,1,7,4,20
5189,5,-2441892744834452597,0,2,2,14,7,2,2,4
5190,5,2445240154464168928,0,2,2,19,1,4,1,7
5191,5,-2788840647178598988,0,2,2,17,2,4,2,10
5192,5,8450412342373732129,0,2,2,18,5,3,1,7
5193,5,-3980498143310690531,0,2,2,22,6,3,1,9
5194,5,-8969649475141464483,0,4,4,16,2,3,1,8
5195,5,-1919153267679128641,0,3,3,16,4,2,1,3
5196,5,-3810529733875590086,0,1,1,15,5,6,4,16
5197,5,-3336022990095590994,0,2,2,19,3,4,2,4
5198,5,8300480227866061064,0,2,2,18,3,7,4,21
5199,5,2405572689729066894,0,2,2,19,2,4,2,11
5200,5,-7129770709940271014,0,1,1,14,3,5,3,15
5201,5,-3483042617362166202,0,3,3,17,4,3,2,9
5202,5,-160699202160878632,0,0,0,15,7,4,2,13
5203,5,-2551944027098113548,0,1,1,18,6,3,2,6
5204,5,4018307732685559636,0,3,3,20,3,8,4,25
5205,5,7626264670050182688,0,1,1,16,7,2,1,3
5206,5,-5009296415402036710,0,1,1,18,7,2,1,7
5207,5,1814286169751499059,0,2,2,16,2,2,1,5
5208,5,-1548757574565226101,0,0,0,17,5,4,1,13
5209,5,5048018560613192489,0,3,3,17,6,4,3,8
5210,5,121483622552221932,0,1,1,18,3,5,3,12
5211,5,7418191122980830085,0,3,3,19,2,7,3,19
5212,5,6535325566444907131,0,1,1,17,1,6,3,18
5213,5,7030374335492643461,0,0,0,20,2,7,2,17
5214,5,-4565959308940155453,0,1,1,18,1,4,1,10
5215,5,-7262258913764398697,0,1,1,17,7,4,3,9
5216,5,5743218943373344561,0,3,3,18,2,5,3,12
5217,5,-4252948269770275061,0,3,3,16,1,2,1,6
5218,5,-8490363857814188826,0,1,1,20,2,4,2,9
5219,5,-3612219689894553335,0,1,1,16,3,3,2,7
5220,5,8276419841685456077,0,3,3,15,8,2,2,6
5221,5,-8918507352328950844,0,4,4,15,3,4,1,13
5222,5,-2414522538690615312,0,1,1,14,4,3,2,8
5223,5,-8689923582204199185,0,1,1,15,4,2,1,5
5224,5,4462359036739866375,0,3,3,21,2,4,2,7
5225,5,-8962222086066833808,0,0,0,21,1,8,3,18
5226,5,456234198693719122,0,1,1,16,3,3,1,9
5227,5,-2871627616472948141,0,2,2,19,4,2,1,4
5228,5,-7452976528503122264,0,0,0,19,3,4,1,11
5229,5,-3800854773288185344,0,3,3,15,1,4,2,11
5230,5,5206475886909239758,0,2,2,18,3,7,4,18
5231,5,2678420716391048880,0,1,1,15,5,3,2,9
5232,5,8324481821208741900,0,2,2,16,1,3,1,6
5233,5,5360953828977760541,0,3,3,16,5,5,3,13
5234,5,-5701081934776145667,0,0,0,15,7,4,2,15
5235,5,-3206688825749150088,0,0,0,18,3,5,2,16
5236,5,472682183725228455,0,0,0,20,2,6,2,16
5237,5,-3695678726730409824,0,3,3,18,7,3,2,9
5238,5,2393796547667861962,0,4,4,20,2,5,2,14
5239,5,-7015250175381742192,0,0,0,17,3,7,4,16
5240,5,3775501824075489916,0,1,1,16,6,3,2,7
5241,5,-8412675853010296296,0,1,1,13,6,3,2,11
5242,5,-2848642231687306763,0,1,1,15,1,3,1,8
5243,5,6024785713055704015,0,3,3,16,2,6,4,16
5244,5,-132238262374365017,0,1,1,15,6,6,4,15
5245,5,3724470381081718343,0,1,1,18,3,4,2,9
5246,5,4101178289978248082,0,2,2,18,6,3,1,7
5247,5,-2462276847013759102,0,0,0,16,8,3,2,6
5248,5,-2440971237554708523,0,2,2,17,7,3,2,4
5249,5,8666527724141809573,0,2,2,20,2,4,1,7
5250,5,1863245995577381767,0,1,1,14,7,1,1,3
5251,5,1132554397296105451,0,2,2,15,8,2,1,6
5252,5,6315867422409170887,0,1,1,16,1,3,1,9
5253,5,4277087013762774236,0,2,2,14,2,2,1,6
5254,5,-7882409108810921967,0,2,2,21,6,4,2,7
5255,5,6111507530680528829,0,2,2,20,1,3,1,7
5256,5,631216153468492499,0,2,2,18,4,4,2,14
5257,5,3570843313434950474,0,2,2,15,5,4,2,10
5258,5,-3672188585614072001,0,1,1,17,6,3,1,11
5259,5,-8670250448574935134,0,0,0,13,7,4,2,16
5260,5,1130039023920135267,0,0,0,19,3,5,2,9
5261,5,7340326505427800450,0,1,1,20,4,5,2,11
5262,5,1746064377797723510,0,2,2,17,1,6,3,17
5263,5,8790046469478709429,0,1,1,16,2,3,1,12
5264,5,-6541145119509293197,0,2,2,18,4,3,1,10
5265,5,7156895664375605707,0,1,1,15,1,4,2,15
5266,5,2751817675721458667,0,1,1,18,6,3,2,3
5267,5,6454252844025198344,0,2,2,15,4,2,1,6
5268,5,7129209841545331991,0,3,3,19,2,5,2,19
5269,5,-1731307285405746017,0,2,2,22,7,4,2,11
5270,5,1849486075551766316,0,3,3,17,1,4,3,8
5271,5,91108367041219616,0,2,2,16,3,2,1,9
5272,5,-3864629498783149325,0,2,2,15,4,2,1,4
5273,5,-1346373033424053459,0,1,1,18,3,5,2,16
5274,5,-3778788948029956712,0,1,1,18,5,3,2,6
5275,5,8130002931750889844,0,0,0,20,4,6,3,14
5276,5,5249573599639896513,0,2,2,18,1,5,3,14
5277,5,-9048107172953959976,0,0,0,16,6,6,4,17
5278,5,8751437890485749218,0,1,1,19,1,4,2,10
5279,5,1970550283071945457,0,2,2,17,4,5,3,14
5280,5,2426187169737036751,0,0,0,23,3,6,3,10
5281,5,7815353730718063287,0,1,1,15,5,2,2,6
5282,5,-2217620464608836206,0,3,3,16,3,2,1,5
5283,5,8635443842908684665,0,2,2,17,5,4,2,10
5284,5,6810487541775723390,0,2,2,16,3,3,1,6
5285,5,-4454984480243310573,0,3,3,17,1,7,3,26
5286,5,-6351883482105307260,0,0,0,17,5,5,2,19
5287,5,4898223136224230751,0,3,3,17,3,4,2,11
5288,5,2635209451963021764,0,1,1,18,2,3,1,7
5289,5,-4627252886434984213,0,1,1,14,5,3,2,5
5290,5,-3765370344893203865,0,1,1,18,6,2,1,6
5291,5,3828477811161508076,0,1,1,12,7,2,1,10
5292,5,-7876328292241474389,0,3,3,19,1,4,1,9
5293,5,-2288964344390583949,0,1,1,15,3,3,1,8
5294,5,-3650707098865219778,0,1,1,18,7,4,2,14
5295,5,7509791509520663262,0,3,3,16,3,3,1,8
5296,5,-7245534525822841392,0,1,1,16,2,4,2,12
5297,5,-2189791540495251056,0,3,3,17,2,5,2,14
5298,5,3077215732341553123,0,2,2,16,1,6,4,15
5299,5,-4828240915378788124,0,3,3,18,3,8,4,20
5300,5,2595216611957440740,0,0,0,22,3,10,4,26
5301,5,-5011897454256258210,0,0,0,17,2,7,3,19
5302,5,-4219018281490430593,0,2,2,16,3,4,1,12
5303,5,7909033699971072547,0,1,1,19,1,6,3,16
5304,5,1097849770705818159,0,2,2,19,3,6,4,13
5305,5,-5907870234171172949,0,2,2,14,4,2,1,5
5306,5,-3736379743520258285,0,1,1,18,5,2,1,4
5307,5,-6867774468899161676,0,2,2,19,1,5,2,15
5308,5,-4447933166261181176,0,2,2,19,2,3,1,10
5309,5,-7068197728047102343,0,2,2,15,3,4,2,15
5310,5,-3815362683640817677,0,2,2,19,2,5,2,10
5311,5,7221058684537800995,0,2,2,20,1,7,3,12
5312,5,2210893350980948574,0,1,1,18,4,3,2,7
5313,5,8036626944058937727,0,2,2,18,3,4,1,12
5314,5,-7357184102624555450,0,2,2,20,2,4,2,10
5315,5,-8925828592739331342,0,2,2,20,1,4,2,10
5316,5,-2026462186916051150,0,1,1,14,1,2,1,9
5317,5,-2578521023234883927,0,1,1,14,9,2,2,6
5318,5,-650616630654762617,0,0,0,20,3,6,3,14
5319,5,-1625157777528533740,0,3,3,16,5,3,2,4
5320,5,-1711455792505752806,0,0,0,17,1,4,1,8
5321,5,5416327940533529236,0,1,1,18,3,3,1,7
5322,5,-4483164219700649721,0,1,1,20,1,3,1,4
5323,5,-4389429042763302030,0,1,1,13,7,3,2,7
5324,5,-6884535408925342016,0,1,1,12,5,2,2,6
5325,5,7237898055542778643,0,1,1,20,2,5,2,12
5326,5,-1005928580245857688,0,3,3,16,3,3,1,9
5327,5,-8507853410274936215,0,1,1,15,4,2,1,6
5328,5,-457694735701769631,0,2,2,22,3,7,4,17
5329,5,-1972288703018368595,0,1,1,19,2,5,3,16
5330,5,-7369221746942275549,0,0,0,18,1,5,1,11
5331,5,1074863719331207498,0,2,2,14,6,5,4,14
5332,5,-6802808485384383409,0,1,1,15,4,3,2,12
5333,5,-2815523933699547620,0,3,3,14,4,3,2,10
5334,5,8900440903930994691,0,3,3,20,1,4,2,10
5335,5,2744366047767741657,0,2,2,17,1,4,2,12
5336,5,8504644353889929072,0,1,1,15,6,2,2,4
5337,5,-3181074580712329009,0,3,3,18,1,6,3,12
5338,5,55617781778577832,0,0,0,15,1,7,4,25
5339,5,3301283301190910415,0,2,2,19,3,3,2,4
5340,5,-383209288281701956,0,0,0,18,5,5,2,14
5341,5,-2683547481262830231,0,1,1,21,1,6,2,14
5342,5,-6563613214614567674,0,3,3,18,3,3,1,5
5343,5,-6509241636020439208,0,4,4,17,3,3,1,9
5344,5,7189812185693295298,0,0,0,19,2,8,3,23
5345,5,-4266716736802939585,0,2,2,14,1,3,2,6
5346,5,4461926942900558051,0,4,4,17,2,5,2,14
5347,5,4939544736413452694,0,1,1,16,3,2,1,8
5348,5,-506558930359135708,0,3,3,19,2,5,3,14
5349,5,-8927560596787879458,0,2,2,16,2,3,2,7
5350,5,-2004859478442589860,0,1,1,15,5,4,2,13
5351,5,-9069118446020197348,0,0,0,17,3,6,2,16
5352,5,5982122759094291990,0,2,2,19,7,2,1,5
5353,5,6516616274194237316,0,1,1,18,2,7,4,20
5354,5,-7064306127582210464,0,1,1,15,3,5,3,12
5355,5,6034879771162760307,0,1,1,14,2,4,3,11
5356,5,4373632813578455523,0,2,2,19,2,2,1,8
5357,5,5350512700685027234,0,0,0,15,7,2,1,7
5358,5,6724605092240253491,0,3,3,17,1,3,1,12
5359,5,-1073557259928841064,0,3,3,17,4,3,1,11
5360,5,-3626492375714444184,0,1,1,17,2,6,4,16
5361,5,3327660920928885600,0,1,1,15,5,3,2,11
5362,5,5844688499526457325,0,1,1,19,4,5,3,6
5363,5,-3337160520365267588,0,4,4,14,3,3,2,11
5364,5,-6024403722152411497,0,3,3,15,1,5,3,13
5365,5,-4580554794153837031,0,0,0,15,1,4,1,10
5366,5,316718604936534521,0,2,2,18,3,5,3,8
5367,5,-5211017452306654845,0,0,0,15,1,8,4,28
5368,5,4771978848519870966,0,0,0,19,2,5,1,10
5369,5,-8909525560185241638,0,2,2,19,2,5,3,12
5370,5,5301564368888287383,0,1,1,18,4,5,2,15
5371,5,-8533286282394669306,0,1,1,17,3,2,1,5
5372,5,1392920830646478621,0,0,0,17,1,5,1,15
5373,5,-835662679402764313,0,0,0,13,7,3,2,10
5374,5,8708876190180757594,0,1,1,13,5,2,2,6
5375,5,-1153144591392941359,0,2,2,17,3,5,3,16
5376,5,6492463903217765436,0,3,3,17,6,5,4,6
5377,5,-8135551087004408009,0,1,1,21,2,3,1,6
5378,5,2017611330507460778,0,3,3,17,5,3,2,4
5379,5,2983150314463126181,0,0,0,16,3,5,2,12
5380,5,8940949785417083794,0,3,3,14,5,1,1,3
5381,5,6759920538609294067,0,1,1,19,2,4,1,9
5382,5,-4945385834432679358,0,0,0,20,4,7,3,18
5383,5,5302467262325917623,0,3,3,18,7,3,2,8
5384,5,-1391260344525893129,0,0,0,18,4,5,1,14
5385,5,6373595677213794043,0,2,2,16,5,2,1,8
5386,5,2509045072408516019,0,0,0,15,2,7,3,26
5387,5,2827195616385122607,0,1,1,16,3,3,2,11
5388,5,-7475990281019689645,0,3,3,18,7,3,3,3
5389,5,-7399325821708029855,0,4,4,17,2,3,1,6
5390,5,2228256786774295008,0,1,1,17,3,4,1,10
5391,5,-8222468206584641878,0,4,4,19,1,4,1,5
5392,5,1300709821334308,0,3,3,19,1,4,2,8
5393,5,-5998285898601553941,0,1,1,19,1,5,2,14
5394,5,7312191835110136448,0,1,1,18,7,3,2,4
5395,5,-1793359868439647559,0,1,1,17,4,2,1,5
5396,5,-4155383159377199363,0,4,4,18,2,3,1,5
5397,5,7526259807032366229,0,0,0,20,3,4,1,9
5398,5,1615731930174006944,0,3,3,17,7,2,1,6
5399,5,8194863636177765728,0,3,3,15,5,3,2,8
5400,5,-8644643762067083007,0,0,0,16,1,7,3,21
5401,5,-7041278919166468595,0,1,1,17,8,4,3,10
5402,5,327707830635407134,0,1,1,18,6,3,2,4
5403,5,5359101866428722840,0,3,3,22,4,3,1,7
5404,5,-8739719517461420948,0,2,2,16,4,4,2,10
5405,5,-5815209057556768970,0,0,0,18,5,6,2,16
5406,5,-4639907519189271249,0,1,1,21,1,6,3,16
5407,5,-231224518701348659,0,2,2,17,5,2,1,2
5408,5,-3057723873877232118,0,2,2,16,1,6,3,25
5409,5,8873013590750795941,0,1,1,16,4,2,1,5
5410,5,3152867175159013593,0,2,2,18,3,3,1,9
5411,5,1264870878763539296,0,4,4,21,2,6,3,8
5412,5,8128228766396789438,0,2,2,18,5,3,1,5
5413,5,7559065445073402663,0,3,3,18,1,3,1,7
5414,5,5504762636628551546,0,2,2,18,4,7,4,18
5415,5,1165267958020947238,0,2,2,18,1,5,3,14
5416,5,-1879340623546120707,0,2,2,15,4,2,1,6
5417,5,5652697445475871289,0,4,4,18,1,7,4,20
5418,5,-3828522868735845825,0,2,2,16,1,4,2,10
5419,5,-5059542863821533465,0,0,0,20,3,7,4,12
5420,5,-480856563782223792,0,1,1,16,1,3,1,7
5421,5,-3787183780710447474,0,2,2,19,2,5,3,11
5422,5,-6082416246689489746,0,1,1,20,2,6,3,16
5423,5,-3107430131457128992,0,2,2,16,3,3,2,6
5424,5,294182132701019606,0,1,1,15,4,6,4,22
5425,5,5028808243719411853,0,3,3,18,3,4,2,9
5426,5,-7601988608268590307,0,4,4,18,1,4,1,7
5427,5,-4705412059712371135,0,2,2,18,6,4,2,12
5428,5,-7296166887669885761,0,0,0,15,8,4,3,13
5429,5,1526176412184875729,0,2,2,16,1,5,3,12
5430,5,1298093641052977464,0,0,0,18,2,7,3,16
5431,5,1972869219876687280,0,2,2,19,4,2,1,2
5432,5,7826002368197882834,0,1,1,17,1,2,1,2
5433,5,-7789313066488863577,0,3,3,15,5,2,1,5
5434,5,1281916022305806463,0,1,1,20,1,6,2,16
5435,5,7628224940327546309,0,1,1,19,4,3,1,4
5436,5,3517303931168590056,0,3,3,24,4,5,2,9
5437,5,-4958981180149048173,0,3,3,18,2,4,2,12
5438,5,4972163795416878789,0,2,2,18,1,3,1,6
5439,5,-779441896987814260,0,0,0,17,1,6,2,18
5440,5,-1937422187854330002,0,2,2,15,2,4,2,13
5441,5,-6221854441413813557,0,2,2,16,4,3,2,8
5442,5,-6775389997218220878,0,0,0,16,1,5,1,12
5443,5,-7442328254592634618,0,0,0,19,1,7,3,18
5444,5,-7473632107811289369,0,2,2,18,1,5,3,13
5445,5,-952190969960344646,0,3,3,15,4,2,1,4
5446,5,-4086014818346847166,0,3,3,20,4,4,3,9
5447,5,1253298702796802471,0,1,1,14,4,5,3,17
5448,5,8678183517882790248,0,4,4,16,2,6,3,17
5449,5,-2429530514464955777,0,3,3,21,3,7,3,16
5450,5,-1379867459309658300,0,2,2,18,1,4,2,13
5451,5,2452690299763018457,0,1,1,18,1,4,2,11
5452,5,-2035337547455364581,0,3,3,14,7,4,2,10
5453,5,-3540834960767243413,0,1,1,19,2,4,1,10
5454,5,5283828111304873437,0,1,1,17,4,3,1,5
5455,5,-6534930103378671752,0,2,2,17,3,3,2,8
5456,5,-4005500024499743812,0,1,1,21,1,7,3,15
5457,5,-2313456771983192441,0,1,1,15,5,2,2,6
5458,5,226729409155759362,0,1,1,19,6,3,1,6
5459,5,-4329788493686778539,0,1,1,14,1,5,3,18
5460,5,-5285169325947879649,0,0,0,17,3,5,2,15
5461,5,7623973772145338892,0,3,3,16,2,3,2,8
5462,5,-150871540759542527,0,2,2,20,1,6,2,13
5463,5,-1582614374503778380,0,2,2,20,2,3,1,6
5464,5,-6461700197149914712,0,2,2,17,3,3,2,13
5465,5,-8846529075125244696,0,2,2,20,1,6,2,16
5466,5,1711375377353244665,0,3,3,14,2,5,3,15
5467,5,-4379212057924576819,0,0,0,19,2,6,2,16
5468,5,-7540010907759221807,0,2,2,18,3,3,2,4
5469,5,-3075417996496668352,0,1,1,16,3,4,2,12
5470,5,-5456747781547063204,0,1,1,18,2,5,2,11
5471,5,8654472572569327950,0,3,3,16,2,5,3,10
5472,5,-2092697053430237272,0,0,0,16,6,4,3,9
5473,5,-2759578304302999832,0,0,0,19,1,6,1,19
5474,5,-4261870711784441996,0,1,1,15,5,3,1,10
5475,5,-6508718273990270761,0,1,1,15,7,4,3,12
5476,5,5294580937267775310,0,0,0,18,3,4,1,8
5477,5,-3965715984020441619,0,0,0,15,4,3,1,4
5478,5,-2841786538920662052,0,2,2,19,1,5,2,9
5479,5,728482116878996092,0,2,2,19,3,7,3,22
5480,5,-8696607946715309191,0,1,1,16,4,2,1,7
5481,5,8985419277386531084,0,2,2,19,2,3,1,7
5482,5,2304761984832839683,0,3,3,23,1,6,4,12
5483,5,-5816853602187722169,0,2,2,19,1,4,1,10
5484,5,-9134999835654733326,0,1,1,19,6,4,2,10
5485,5,5220531181067862072,0,3,3,16,3,4,2,10
5486,5,-4924882937893318483,0,2,2,20,1,5,2,9
5487,5,8024824960780730548,0,2,2,15,3,2,1,5
5488,5,-1804768270136550376,0,1,1,19,1,5,2,10
5489,5,-5971333721309639912,0,0,0,17,1,5,3,13
5490,5,2155646034858668913,0,2,2,18,4,4,2,10
5491,5,894793433654097204,0,1,1,20,2,4,2,9
5492,5,-9150733717493105316,0,2,2,19,3,3,1,5
5493,5,-4992518527775716474,0,0,0,19,4,6,3,15
5494,5,-4366401021439558341,0,3,3,19,4,5,3,13
5495,5,-5218270259561379670,0,2,2,16,7,2,1,6
5496,5,4397045067544140227,0,3,3,22,2,6,2,11
5497,5,-7329296902879457263,0,2,2,19,1,5,2,11
5498,5,538951800396937420,0,2,2,18,2,6,2,17
5499,5,-3357363147041972239,0,4,4,16,5,5,3,14
5500,5,8220441369465472103,0,2,2,20,4,6,3,12
5501,5,3081799839966735996,0,2,2,20,5,3,1,6
5502,5,7226014032613223733,0,3,3,17,3,5,4,8
5503,5,-2267168271542852013,0,2,2,17,2,4,3,10
5504,5,-4262899394529755658,0,3,3,21,3,5,3,7
5505,5,-3249493916285028803,0,3,3,21,4,2,1,7
5506,5,19278470232282208,0,0,0,17,4,7,4,20
5507,5,4073839686855272467,0,0,0,16,2,6,3,16
5508,5,-8546350394097102031,0,4,4,18,2,5,2,12
5509,5,-6104087104739839233,0,3,3,16,1,6,3,21
5510,5,387760125596148103,0,1,1,20,1,3,1,10
5511,5,-8157640086341829403,0,4,4,16,1,6,4,19
5512,5,9166267321340545903,0,1,1,18,2,6,3,17
5513,5,-1473409698579611872,0,1,1,15,1,3,1,10
5514,5,-2290071772006721605,0,0,0,13,1,5,3,18
5515,5,-4059177322101833103,0,0,0,21,2,6,2,12
5516,5,5300340975128061719,0,1,1,19,4,4,2,8
5517,5,1584834882208704051,0,1,1,17,4,3,1,9
5518,5,3447277996775960670,0,2,2,18,2,6,3,18
5519,5,-7321411220730157357,0,2,2,19,1,6,3,16
5520,5,1534961055334755881,0,0,0,21,1,6,2,11
5521,5,-5386686039710148736,0,3,3,15,3,5,3,16
5522,5,-2226490977081536087,0,0,0,17,9,3,2,8
5523,5,5068348009657041694,0,1,1,15,3,3,1,6
5524,5,8282339757743673014,0,4,4,18,3,4,2,11
5525,5,-6933532524250077057,0,4,4,17,5,6,4,15
5526,5,-6151138239701560025,0,2,2,15,8,4,3,11
5527,5,8692447615901533652,0,2,2,18,3,4,2,14
5528,5,-8485465816166642844,0,3,3,19,2,5,2,17
5529,5,-7109315559216568479,0,3,3,17,5,5,4,8
5530,5,-2242250567698850248,0,3,3,19,1,5,2,8
5531,5,-5954318439799362193,0,0,0,13,4,5,3,17
5532,5,8282222040239913451,0,2,2,16,5,6,3,14
5533,5,-388393527685431929,0,2,2,18,1,3,1,9
5534,5,7189608555420958863,0,1,1,16,6,2,1,6
5535,5,-3764555723142425892,0,2,2,18,3,4,2,9
5536,5,-6033101186962288230,0,3,3,19,2,2,1,3
5537,5,1130675798821888520,0,0,0,17,6,4,2,8
5538,5,4178815372478772917,0,4,4,19,1,6,2,11
5539,5,8718715240605713403,0,1,1,20,1,4,2,10
5540,5,7159191008542214610,0,1,1,15,2,3,2,8
5541,5,-129581852892079056,0,0,0,21,3,6,3,12
5542,5,5179806062175201412,0,0,0,18,1,5,2,14
5543,5,-6790509494597636576,0,0,0,17,7,5,3,11
5544,5,8547622554386008202,0,3,3,16,1,4,2,10
5545,5,-858502513949321733,0,3,3,17,1,7,4,21
5546,5,8248896034730934700,0,0,0,19,2,5,2,13
5547,5,470484184337275029,0,0,0,14,2,4,2,12
5548,5,-1518467891103276854,0,1,1,17,5,4,3,12
5549,5,1184525921246346910,0,0,0,16,1,5,1,19
5550,5,7578434422574340145,0,2,2,17,5,5,2,16
5551,5,3110347357401771798,0,3,3,18,6,4,3,10
5552,5,-3101971251941023440,0,3,3,18,2,4,1,12
5553,5,-6923339425675739905,0,2,2,18,6,4,3,11
5554,5,4830464928548594410,0,3,3,16,3,4,2,10
5555,5,-1837715082805797805,0,1,1,20,1,4,1,13
5556,5,-8069488872525663634,0,0,0,14,4,4,2,15
5557,5,-4137717163036790216,0,0,0,20,2,4,1,12
5558,5,1642965305578110980,0,1,1,18,4,3,1,8
5559,5,-951909370653887375,0,1,1,18,2,2,1,4
5560,5,8754447892000146889,0,1,1,16,3,6,4,23
5561,5,-3087043260486759400,0,0,0,17,2,4,1,12
5562,5,-5262644586718917762,0,0,0,16,5,5,2,14
5563,5,5500457384983293834,0,1,1,19,1,4,2,10
5564,5,5648776021961905052,0,1,1,15,5,4,3,12
5565,5,8662069625025439649,0,3,3,18,2,7,3,21
5566,5,-4205445830319553109,0,2,2,17,2,3,1,6
5567,5,-2335431590022712280,0,2,2,16,7,6,4,14
5568,5,-5274845547237479981,0,3,3,20,5,3,1,6
5569,5,-6372664013036125301,0,1,1,13,2,2,1,5
5570,5,7348196448561777075,0,1,1,16,9,1,1,1
5571,5,329759578462728654,0,4,4,19,5,4,2,10
5572,5,-9135246559790183823,0,2,2,23,1,6,2,12
5573,5,-4828457820764503360,0,1,1,13,5,2,2,6
5574,5,-1484402695364176879,0,2,2,18,5,5,3,10
5575,5,-8541187778732061841,0,2,2,20,3,2,1,6
5576,5,-8204658042869163510,0,0,0,16,4,5,2,12
5577,5,7001331544127799006,0,2,2,15,2,4,3,16
5578,5,641999567728974102,0,2,2,18,6,2,2,4
5579,5,-7309163923024588299,0,0,0,13,5,2,1,3
5580,5,8224354332527386185,0,2,2,17,2,4,2,8
5581,5,1018480989667863224,0,2,2,21,2,5,2,7
5582,5,3256216823536446309,0,1,1,18,4,5,2,13
5583,5,-6188348850245202245,0,3,3,18,1,4,1,10
5584,5,7173113776923331691,0,0,0,16,3,6,3,17
5585,5,-4681747411543063339,0,4,4,21,1,7,3,18
5586,5,-1560535847458000267,0,1,1,17,3,3,1,5
5587,5,-7589496916981015020,0,1,1,17,2,5,3,13
5588,5,2195553104097945539,0,2,2,15,4,6,4,18
5589,5,336400940790946288,0,1,1,19,3,5,3,15
5590,5,-9049054022870666990,0,2,2,19,5,3,1,5
5591,5,-5556137518433723966,0,1,1,17,4,6,4,18
5592,5,612309202362839092,0,4,4,17,1,6,3,16
5593,5,2253070402896926582,0,1,1,19,2,5,3,7
5594,5,-858229313015276579,0,2,2,17,3,4,2,9
5595,5,-140324050608745601,0,2,2,18,2,6,4,15
5596,5,262616721790361786,0,1,1,16,2,6,3,17
5597,5,-1335357168409039349,0,4,4,18,1,6,3,18
5598,5,3252061767269220295,0,1,1,14,2,2,1,6
5599,5,-3411240095988965513,0,0,0,17,2,6,2,18
5600,5,1024789133695761889,0,1,1,19,2,5,2,14
5601,5,8742429526073263109,0,3,3,17,1,4,2,10
5602,5,6527057059519035546,0,0,0,19,1,7,3,21
5603,5,8998242274587324108,0,2,2,19,3,6,3,7
5604,5,265199930948088908,0,3,3,18,1,4,1,10
5605,5,-6049826363957413905,0,2,2,18,4,4,1,11
5606,5,-6290439763620432016,0,0,0,14,5,3,2,10
5607,5,-1822843008636077551,0,1,1,15,3,2,1,9
5608,5,-8021877975860852944,0,2,2,19,1,7,4,18
5609,5,4145057943603049224,0,2,2,17,1,3,1,7
5610,5,2820880658916563258,0,0,0,19,1,6,3,16
5611,5,-2008873961112126512,0,4,4,16,3,6,4,16
5612,5,-5559170521055768874,0,2,2,16,1,5,3,7
5613,5,2672563360734579649,0,0,0,14,3,5,2,15
5614,5,-1157060819415397062,0,1,1,15,6,2,1,8
5615,5,5305258751120210692,0,0,0,17,1,5,2,14
5616,5,-1503708172471531748,0,1,1,14,2,5,4,9
5617,5,6404540907718031427,0,2,2,16,1,3,1,10
5618,5,2463304582008114057,0,3,3,18,2,6,3,15
5619,5,-2028061731340147297,0,2,2,18,3,6,3,21
5620,5,-6954824191402693131,0,2,2,16,1,4,1,11
5621,5,-6209589454713663257,0,2,2,15,2,3,1,12
5622,5,-4929981655144883310,0,4,4,14,8,2,1,9
5623,5,4847023264319978246,0,3,3,15,3,3,2,7
5624,5,535996570513895908,0,3,3,16,1,4,2,7
5625,5,5345782280822366907,0,0,0,19,2,5,1,12
5626,5,-2434461344818107755,0,2,2,19,8,2,1,4
5627,5,3100902825731901072,0,0,0,24,3,9,4,20
5628,5,7269917304519520389,0,0,0,17,1,5,2,13
5629,5,2094288501019660804,0,1,1,12,3,2,1,6
5630,5,-7338666070217100763,0,0,0,18,3,4,1,10
5631,5,-6295081915108005366,0,0,0,16,3,3,1,7
5632,5,4099067075516269829,0,1,1,20,2,5,2,13
5633,5,-7684396193902883658,0,0,0,20,2,8,4,23
5634,5,-1957622276453159254,0,1,1,18,1,6,3,20
5635,5,6184265628413212725,0,3,3,16,5,2,1,6
5636,5,-7316823958258129243,0,3,3,20,3,6,4,14
5637,5,-3813304690169606914,0,1,1,20,1,3,1,10
5638,5,163126479132960224,0,2,2,15,2,6,4,15
5639,5,783985608060165959,0,0,0,17,3,5,3,14
5640,5,-3189333387267532998,0,0,0,20,1,6,2,16
5641,5,4181945902684400569,0,1,1,17,1,3,2,8
5642,5,5083484151152983382,0,1,1,18,2,5,2,11
5643,5,6012224187613979494,0,0,0,20,2,4,1,13
5644,5,-1163136778616233552,0,3,3,18,2,6,4,17
5645,5,3258380451917185786,0,1,1,15,4,4,2,13
5646,5,-4594282622694432528,0,1,1,14,3,3,2,9
5647,5,5492329253714438448,0,2,2,14,5,4,3,11
5648,5,-980035349304137598,0,3,3,19,2,3,1,7
5649,5,3637355087213535368,0,2,2,18,2,6,3,16
5650,5,1045920517810452838,0,1,1,21,1,5,2,6
5651,5,3204796710880022582,0,1,1,16,2,4,1,10
5652,5,533707191381378116,0,2,2,16,1,5,4,10
5653,5,1317927034634553437,0,3,3,18,4,5,2,13
5654,5,6932266860353663683,0,1,1,20,4,4,2,8
5655,5,-6775788171280196228,0,0,0,18,1,6,2,18
5656,5,1816549821121901082,0,3,3,20,1,5,2,10
5657,5,-5786804503351834840,0,2,2,16,6,3,1,8
5658,5,6568536159677518566,0,1,1,19,2,6,3,11
5659,5,5966736368777901563,0,0,0,19,3,5,2,14
5660,5,-2336932388593479106,0,3,3,18,1,5,2,12
5661,5,-1966385967267031860,0,3,3,21,2,5,2,9
5662,5,8466223009595940868,0,1,1,17,4,2,1,5
5663,5,5512017847903021344,0,0,0,19,7,5,3,10
5664,5,-6204096969026275714,0,0,0,19,4,5,2,11
5665,5,-1740543161881065761,0,2,2,17,4,2,1,6
5666,5,2066080514772850468,0,0,0,16,3,5,2,17
5667,5,-2022694257917998262,0,2,2,15,1,4,2,7
5668,5,-2551110810810384197,0,0,0,19,4,4,1,12
5669,5,535250262581105452,0,4,4,21,1,6,2,14
5670,5,-2269756181628767582,0,0,0,18,5,7,2,22
5671,5,-8195214681185296305,0,2,2,17,7,5,3,13
5672,5,6317776585720516971,0,3,3,17,5,4,2,9
5673,5,-8074681007699140047,0,2,2,18,2,5,3,11
5674,5,-5012052143015886676,0,3,3,16,3,3,2,11
5675,5,-8726890655624276488,0,1,1,19,1,6,3,15
5676,5,-4373075351542397417,0,3,3,21,4,4,2,10
5677,5,-9036272601757961822,0,3,3,16,6,3,2,8
5678,5,8351761845661944264,0,3,3,19,3,4,2,12
5679,5,-6134282417188417920,0,1,1,16,1,4,3,11
5680,5,932546623271143390,0,3,3,19,3,4,2,8
5681,5,6467783980127848164,0,2,2,18,2,3,2,5
5682,5,2329310185411938124,0,2,2,14,4,3,2,7
5683,5,-3554037096712406247,0,4,4,17,1,6,2,17
5684,5,3893066132971973104,0,4,4,18,1,7,3,18
5685,5,8720981240117080467,0,1,1,18,1,5,3,10
5686,5,-7330512092700481051,0,2,2,18,5,4,3,11
5687,5,-645593250083797401,0,4,4,22,2,4,1,10
5688,5,-888641352753539051,0,2,2,19,6,3,1,4
5689,5,1084817478053567996,0,2,2,16,2,4,2,16
5690,5,-804758036535775215,0,2,2,21,4,6,3,14
5691,5,5343881092068298498,0,0,0,20,4,5,2,11
5692,5,-8891130320413403868,0,0,0,18,1,6,2,15
5693,5,2262878748882483107,0,0,0,19,3,6,3,20
5694,5,-2517818019038999388,0,1,1,14,6,2,1,7
5695,5,4809551363296096761,0,2,2,21,2,6,2,16
5696,5,-7969399702752523892,0,2,2,14,2,2,1,8
5697,5,2524843847965809599,0,3,3,17,1,4,2,9
5698,5,-489408925672432313,0,4,4,21,4,4,1,8
5699,5,-6158768898587351734,0,4,4,16,2,4,3,8
5700,5,-2256331168202300978,0,0,0,20,3,6,3,14
5701,5,3332949923593722809,0,2,2,19,2,3,1,7
5702,5,7928293512495984884,0,1,1,17,3,2,1,5
5703,5,2756153408437477995,0,3,3,17,4,3,1,11
5704,5,2876405070725627136,0,3,3,16,6,4,3,7
5705,5,-3234799734555111503,0,3,3,20,1,5,2,12
5706,5,-3141821548999303556,0,3,3,20,2,6,3,13
5707,5,-6250726404534181692,0,2,2,18,4,2,1,5
5708,5,5114828847700405068,0,4,4,16,6,3,2,7
5709,5,554948831907510521,0,2,2,16,9,4,4,10
5710,5,1441635793937492737,0,3,3,18,2,4,1,13
5711,5,-345508517365784526,0,1,1,19,2,3,1,9
5712,5,-3782954254388839313,0,2,2,19,4,3,1,6
5713,5,3447789755421521048,0,3,3,15,2,5,3,13
5714,5,-3898315151266152324,0,3,3,20,1,6,2,14
5715,5,-7597906555308555386,0,2,2,19,4,2,1,3
5716,5,-5850393650773139910,0,3,3,17,4,3,1,12
5717,5,718558619755281864,0,2,2,16,1,4,2,10
5718,5,2023438257053479992,0,3,3,18,2,3,1,7
5719,5,-8447587824426190076,0,0,0,19,1,6,2,12
5720,5,-2314450885120881900,0,1,1,17,2,6,3,13
5721,5,-6391392621636714376,0,3,3,13,5,2,2,6
5722,5,2126387901877099861,0,2,2,19,4,6,3,14
5723,5,-5086325161712894235,0,0,0,18,3,5,1,14
5724,5,5814466682723043447,0,0,0,18,7,3,1,8
5725,5,-4059009791447778358,0,0,0,18,2,5,1,13
5726,5,3469782694606142278,0,1,1,21,1,4,2,9
5727,5,-5065135639670548011,0,2,2,25,3,8,4,12
5728,5,-1383445553021782673,0,0,0,17,5,6,3,14
5729,5,-1620968996450077546,0,3,3,16,2,6,3,21
5730,5,2663295169768713299,0,3,3,15,3,3,1,11
5731,5,-1582248737033501835,0,1,1,16,4,5,3,18
5732,5,1522653395691497758,0,2,2,22,1,5,1,12
5733,5,2220768180851210214,0,2,2,19,6,2,1,7
5734,5,3739996958128010264,0,3,3,17,7,3,1,9
5735,5,-4931385771641353510,0,4,4,18,6,5,3,7
5736,5,-343624914613903046,0,1,1,17,1,6,4,14
5737,5,4631946738335018360,0,3,3,20,3,6,3,15
5738,5,5220648995275002372,0,1,1,14,2,6,4,22
5739,5,1148628023677096204,0,2,2,20,1,6,3,14
5740,5,8972020732173648013,0,1,1,20,2,5,2,11
5741,5,7470290073850083903,0,0,0,18,1,5,2,12
5742,5,-8565103818005960741,0,3,3,19,6,4,1,11
5743,5,-7653585889752116344,0,1,1,15,1,2,1,5
5744,5,-1425413376482665100,0,0,0,16,2,4,2,15
5745,5,-5526027584057855262,0,0,0,17,1,8,3,29
5746,5,8291024303473717301,0,3,3,20,2,6,3,13
5747,5,7812164621405095615,0,3,3,22,4,5,2,7
5748,5,-7987585879294861215,0,0,0,20,2,8,3,22
5749,5,3766824573419216444,0,1,1,21,1,5,2,11
5750,5,6666608481080034556,0,0,0,16,2,6,3,17
5751,5,-294809170443059051,0,2,2,20,2,5,2,18
5752,5,8818311997311726170,0,4,4,15,1,4,2,14
5753,5,-7965361645356578854,0,4,4,15,1,4,2,9
5754,5,-5471888727490693646,0,1,1,19,4,3,2,7
5755,5,-2692209866257992990,0,3,3,15,3,2,1,5
5756,5,-5441786173961290889,0,4,4,18,3,5,3,13
5757,5,6472139113958531712,0,3,3,19,2,2,1,4
5758,5,-2614961257933344983,0,3,3,17,1,3,1,9
5759,5,-3621541993576516108,0,2,2,16,1,3,1,8
5760,5,-2952124798854811289,0,3,3,14,1,3,2,12
5761,5,4061814771688569508,0,4,4,19,5,7,4,17
5762,5,1305472736565030793,0,3,3,18,2,5,3,13
5763,5,7941551552023520012,0,3,3,16,1,4,2,15
5764,5,6368698777570293228,0,1,1,14,5,3,2,6
5765,5,4376121504773683441,0,1,1,18,6,5,2,10
5766,5,8494449094816894797,0,3,3,21,1,4,2,8
5767,5,-4571204787787874596,0,1,1,18,5,6,3,16
5768,5,1439062749088417114,0,3,3,16,7,3,2,8
5769,5,3698778407046460614,0,3,3,19,2,7,4,20
5770,5,-3360141246632978810,0,0,0,16,5,5,2,9
5771,5,1819791109734102031,0,3,3,15,4,4,3,14
5772,5,-745246640412314340,0,3,3,20,1,4,2,10
5773,5,-7454369039047108939,0,1,1,17,3,3,1,8
5774,5,-8673276024665857129,0,0,0,17,6,5,2,13
5775,5,-263702535943234111,0,2,2,17,1,5,2,14
5776,5,-3827356782218395088,0,1,1,14,6,4,3,12
5777,5,749532175732361988,0,2,2,17,1,7,4,18
5778,5,-5950378286346493513,0,3,3,15,4,3,2,6
5779,5,4828217917467173379,0,2,2,23,1,3,1,10
5780,5,-3413684274779295834,0,2,2,18,5,3,1,7
5781,5,4363827154096538671,0,3,3,18,2,6,3,15
5782,5,1389099346080173938,0,2,2,17,3,4,3,16
5783,5,-5334534009702409127,0,3,3,19,1,3,1,7
5784,5,-5519315040583092956,0,3,3,19,1,4,2,13
5785,5,6543005162562751844,0,1,1,18,5,3,1,7
5786,5,-4019766056930372312,0,1,1,19,5,3,1,5
5787,5,8641901163731654715,0,3,3,15,1,5,2,15
5788,5,6693164136773287269,0,1,1,15,2,2,1,5
5789,5,8516679503350590725,0,1,1,18,2,5,2,11
5790,5,7389319514575858573,0,0,0,16,7,4,2,8
5791,5,1117488697053404055,0,1,1,20,2,7,3,15
5792,5,1787182546173031605,0,3,3,17,2,4,2,15
5793,5,1266351025356920618,0,2,2,14,4,2,1,5
5794,5,5676638354873618983,0,3,3,18,2,5,2,12
5795,5,-7179630306534784691,0,4,4,19,2,4,1,11
5796,5,5851461044647176055,0,1,1,18,5,2,1,6
5797,5,2463646926873751580,0,0,0,17,4,3,1,7
5798,5,-3554346955783514668,0,3,3,21,2,4,1,9
5799,5,-4074384094548548686,0,1,1,19,5,4,3,5
5800,5,6941254704569397407,0,0,0,16,2,6,2,18
5801,5,-2197494859481293093,0,1,1,18,6,2,2,6
5802,5,1505711266435278657,0,0,0,15,3,5,2,14
5803,5,5378575053051352846,0,2,2,18,1,5,2,13
5804,5,-4860535829249509319,0,4,4,16,1,5,3,13
5805,5,-7094838350889390182,0,0,0,16,7,4,1,12
5806,5,-4910271339426725517,0,1,1,15,5,2,1,5
5807,5,-9221631117833767906,0,3,3,15,5,4,3,15
5808,5,1238677900176884192,0,1,1,18,3,4,2,8
5809,5,5570941536230999613,0,2,2,17,4,4,1,13
5810,5,-6295268474627579838,0,3,3,17,1,5,3,12
5811,5,5028488147619426962,0,0,0,16,5,5,2,12
5812,5,-5963196850319799481,0,2,2,17,3,3,1,9
5813,5,1093094400528736482,0,4,4,14,2,5,3,14
5814,5,-783280183567202599,0,2,2,20,2,6,3,16
5815,5,-6382061631115783280,0,0,0,16,2,4,2,12
5816,5,1092461519999990452,0,0,0,21,2,5,1,12
5817,5,-2369838151240340907,0,1,1,18,4,3,1,9
5818,5,-7004469158875015624,0,3,3,18,2,7,4,18
5819,5,3001268992837721135,0,3,3,18,4,4,2,13
5820,5,4274102895135104384,0,0,0,20,3,5,2,10
5821,5,-4365608390381871974,0,1,1,16,3,5,4,14
5822,5,-4783466789131390030,0,4,4,15,1,6,4,13
5823,5,5347930151391289341,0,1,1,14,3,3,2,10
5824,5,-515375610372245864,0,0,0,15,3,4,1,16
5825,5,7358878630574191463,0,1,1,16,3,5,3,14
5826,5,1816847312846126959,0,3,3,17,3,4,2,11
5827,5,-4492777074109195398,0,3,3,22,1,6,1,17
5828,5,498165081075637503,0,1,1,15,3,2,1,5
5829,5,-7908845780308169049,0,4,4,16,3,5,3,10
5830,5,876925579566553835,0,2,2,18,3,5,3,12
5831,5,6382115672862662299,0,0,0,16,2,7,4,24
5832,5,-2696052536164963766,0,1,1,18,6,6,4,13
5833,5,6029195523649676536,0,3,3,16,3,4,2,10
5834,5,-4034862335491375243,0,2,2,16,5,2,2,4
5835,5,-5840818204320315576,0,4,4,17,4,5,3,9
5836,5,8929604987734161698,0,1,1,16,4,6,4,13
5837,5,-8556952266245183954,0,2,2,17,3,3,1,8
5838,5,3920926829047981233,0,0,0,18,2,6,2,15
5839,5,2857996501290830813,0,3,3,15,3,5,3,17
5840,5,-6414997835999251514,0,0,0,19,1,5,1,12
5841,5,-8039976185052402226,0,2,2,17,1,4,3,6
5842,5,-1827001822241638633,0,0,0,19,1,5,1,13
5843,5,5128032880585184685,0,3,3,19,4,4,2,9
5844,5,7760133900121731718,0,1,1,16,1,4,2,13
5845,5,5938685403795334547,0,1,1,13,7,3,2,14
5846,5,-5752717036922118543,0,2,2,15,6,2,1,10
5847,5,4036492360445553530,0,2,2,19,4,5,2,10
5848,5,2742880772694878793,0,2,2,16,3,3,2,10
5849,5,7127642096031381485,0,0,0,21,2,5,1,15
5850,5,-722107055048797087,0,2,2,17,1,3,1,5
5851,5,-3121754935498560513,0,3,3,15,1,5,3,9
5852,5,-3609082696543327480,0,3,3,21,4,8,4,15
5853,5,1199198560221295229,0,2,2,16,2,5,3,18
5854,5,-4593587073515566375,0,4,4,16,6,3,1,9
5855,5,-8511810710859261850,0,3,3,22,3,5,3,6
5856,5,5489044677671136848,0,3,3,22,2,7,4,13
5857,5,4636176540423944347,0,3,3,17,2,3,2,6
5858,5,3754408092343575201,0,3,3,14,8,2,2,4
5859,5,-6823351844464464174,0,4,4,20,2,7,4,22
5860,5,-5070684738227882556,0,0,0,15,6,5,3,16
5861,5,-6122735963896953392,0,0,0,15,2,5,3,16
5862,5,5456059665736462804,0,1,1,17,3,3,1,7
5863,5,618502906011587799,0,1,1,16,4,6,4,17
5864,5,2979809089893562777,0,2,2,17,3,4,3,9
5865,5,-6875444605011984292,0,3,3,19,2,4,2,11
5866,5,1379590863898794595,0,2,2,15,2,5,3,19
5867,5,8404293530180981245,0,2,2,16,1,5,3,12
5868,5,-1772586007807252711,0,2,2,14,5,3,2,7
5869,5,-4615777808599508047,0,0,0,16,4,5,3,19
5870,5,1760174618926067856,0,1,1,18,2,4,1,11
5871,5,-3026060336120128960,0,4,4,19,5,3,1,7
5872,5,-2127468215812231392,0,3,3,14,3,3,2,12
5873,5,3354461685743241974,0,0,0,16,7,4,2,10
5874,5,3454011626350604661,0,4,4,19,1,4,2,13
5875,5,7981512221027035283,0,2,2,17,3,3,2,10
5876,5,5591164310297765026,0,3,3,16,3,4,2,11
5877,5,-5128304797664656507,0,1,1,16,1,4,2,12
5878,5,2885564118019508603,0,3,3,13,5,3,2,7
5879,5,9146576410915055960,0,2,2,16,6,3,3,7
5880,5,7277420261373979427,0,4,4,17,1,3,1,7
5881,5,-1315439574148558995,0,1,1,18,1,3,1,10
5882,5,-8535032157657437469,0,1,1,16,9,2,2,8
5883,5,7540996222009390313,0,2,2,18,1,5,2,8
5884,5,-6353788540769307331,0,0,0,20,3,7,3,18
5885,5,-5201639496654606352,0,1,1,15,6,3,2,9
5886,5,895071717753156672,0,1,1,14,4,3,2,7
5887,5,7028128529780152851,0,3,3,17,3,5,3,13
5888,5,-4156370971065691362,0,3,3,21,3,8,4,17
5889,5,3321915364412837894,0,1,1,16,2,5,3,14
5890,5,-375183533745264901,0,3,3,18,8,2,1,5
5891,5,4820301096504227990,0,1,1,16,1,4,1,11
5892,5,-393907892915023609,0,1,1,18,1,4,2,6
5893,5,6343755837711566553,0,3,3,15,1,4,2,10
5894,5,6222869802415009230,0,0,0,17,3,4,2,12
5895,5,-3545901147941524570,0,2,2,16,1,2,1,3
5896,5,9211630183064036814,0,1,1,17,2,2,1,9
5897,5,7430177257681267271,0,3,3,15,3,3,2,8
5898,5,3926785016953811786,0,1,1,20,3,3,1,4
5899,5,-3740823645320788883,0,0,0,15,8,3,2,8
5900,5,7184814408737108317,0,3,3,17,2,6,3,16
5901,5,8776398808242041187,0,2,2,17,1,4,3,7
5902,5,9207262445886310481,0,0,0,16,6,3,1,8
5903,5,-5766553609742134138,0,2,2,14,1,3,2,10
5904,5,-534468571973711055,0,2,2,17,4,2,1,2
5905,5,5995806966462162677,0,2,2,17,4,4,3,13
5906,5,-4051427481869051236,0,2,2,19,1,6,3,15
5907,5,2857422488661231748,0,0,0,25,2,9,4,15
5908,5,-3909690444684926757,0,3,3,15,4,7,4,25
5909,5,-7824345787563299851,0,1,1,20,1,5,3,14
5910,5,-990519350977610954,0,2,2,16,7,3,2,9
5911,5,-5107242371975015831,0,2,2,19,3,3,1,6
5912,5,975578121478988930,0,1,1,18,1,7,4,15
5913,5,-1990295421733811693,0,1,1,17,2,5,4,16
5914,5,-2943561183005494018,0,2,2,15,1,3,2,7
5915,5,-2432828311844232145,0,3,3,18,4,3,1,6
5916,5,4138095473591454560,0,2,2,16,5,3,2,7
5917,5,4604283728265664050,0,0,0,18,2,4,1,11
5918,5,791196266368152362,0,1,1,14,7,2,1,5
5919,5,8182101092953438787,0,3,3,13,8,3,3,13
5920,5,-8532811026726101951,0,2,2,16,4,4,3,12
5921,5,-1505769472041901335,0,0,0,21,2,8,3,19
5922,5,-5364904119215818817,0,2,2,15,2,4,2,14
5923,5,40056611110942212,0,3,3,17,2,5,2,16
5924,5,295946792365624839,0,2,2,23,1,5,1,9
5925,5,313089947215495937,0,2,2,19,1,4,2,10
5926,5,4401446937344369178,0,1,1,15,7,2,2,2
5927,5,-7252985230681880503,0,1,1,16,2,4,3,13
5928,5,-4750330515642681816,0,0,0,16,2,5,2,10
5929,5,-8609917668386366470,0,1,1,21,1,5,2,11
5930,5,7941329488689448298,0,1,1,14,5,2,1,9
5931,5,418863201170074584,0,2,2,15,5,4,2,10
5932,5,-1228650002301794514,0,2,2,20,3,6,3,17
5933,5,-8852972368149706619,0,3,3,20,1,6,2,11
5934,5,-5523256793427439821,0,0,0,17,6,5,2,20
5935,5,-4401891958413938704,0,2,2,18,2,6,3,18
5936,5,-5974746288851116234,0,1,1,15,5,5,4,13
5937,5,-4263150581351625973,0,1,1,19,4,4,2,7
5938,5,-2271124315505934900,0,2,2,15,8,3,3,5
5939,5,5664248043512599232,0,1,1,19,2,7,3,15
5940,5,314981203168683634,0,4,4,20,2,6,3,17
5941,5,-6637083010928930779,0,2,2,14,4,4,3,11
5942,5,1321910339190957794,0,1,1,17,1,4,1,9
5943,5,-35293570323403795,0,2,2,13,7,1,1,4
5944,5,8520805730354757031,0,2,2,18,3,5,4,9
5945,5,-2082358991097118431,0,2,2,17,2,3,1,4
5946,5,2486549264536604147,0,1,1,17,1,5,3,14
5947,5,8456696844450965264,0,2,2,16,3,3,2,4
5948,5,-2838827490877096784,0,3,3,20,2,5,3,6
5949,5,4550342765384656516,0,0,0,19,1,4,1,9
5950,5,4317182528405867220,0,3,3,13,8,2,2,6
5951,5,3301577570729102902,0,2,2,18,5,4,2,7
5952,5,-626820401121935111,0,2,2,17,5,3,1,7
5953,5,5411957767689165443,0,1,1,19,1,3,1,8
5954,5,3299591756371902508,0,2,2,15,2,4,2,14
5955,5,-3079764163119930274,0,0,0,15,5,3,1,8
5956,5,5936857980468923396,0,2,2,17,4,4,2,12
5957,5,-8295408080593925240,0,0,0,20,1,7,2,18
5958,5,3824099549379027446,0,1,1,20,1,4,1,11
5959,5,3279235565358157823,0,0,0,17,1,6,3,14
5960,5,-3372570522421562905,0,1,1,17,4,4,2,13
5961,5,2497318285309710003,0,4,4,18,1,6,3,17
5962,5,1633328488669023235,0,2,2,15,3,5,3,18
5963,5,-1101114561315121793,0,0,0,19,1,4,1,10
5964,5,5248455811863959500,0,0,0,20,3,7,3,17
5965,5,5239377136516481622,0,2,2,14,4,2,1,6
5966,5,-8121368777840269195,0,2,2,18,1,2,1,5
5967,5,-1524879650601983556,0,1,1,20,1,3,1,5
5968,5,4821776198619284081,0,3,3,19,4,5,3,9
5969,5,-1219792957098246024,0,0,0,16,8,5,3,13
5970,5,5739915147037156934,0,1,1,20,3,7,4,19
5971,5,-6892165225687391097,0,4,4,15,2,3,1,11
5972,5,-8690777396001885018,0,2,2,16,4,3,2,9
5973,5,3383201487141790035,0,2,2,17,2,5,3,12
5974,5,-706500890221264961,0,3,3,17,1,6,3,13
5975,5,4414170531245636389,0,0,0,19,1,8,3,18
5976,5,-8438570299186586159,0,0,0,20,2,8,3,18
5977,5,-2886285160158622249,0,0,0,18,7,3,1,7
5978,5,-5064478343081586431,0,1,1,17,2,2,1,6
5979,5,3708347777464019661,0,2,2,18,1,3,1,3
5980,5,646420275825285229,0,2,2,15,1,3,2,5
5981,5,9032573385295274533,0,0,0,14,3,5,3,14
5982,5,-4425018952121270657,0,1,1,18,2,4,2,6
5983,5,-2014726355869095124,0,3,3,15,4,3,2,8
5984,5,-4606108586462594938,0,1,1,18,1,5,3,17
5985,5,7218834226163097620,0,1,1,20,6,5,3,10
5986,5,-9052780516093826174,0,1,1,16,6,3,2,9
5987,5,-1509177390466957085,0,1,1,20,1,2,1,3
5988,5,8879554352451594814,0,1,1,16,6,6,4,13
5989,5,8261858498000630191,0,1,1,17,2,4,2,13
5990,5,-5479763430037897052,0,2,2,16,1,6,4,20
5991,5,3019669025921198088,0,2,2,22,2,8,4,15
5992,5,6028421411968639052,0,4,4,17,6,4,2,12
5993,5,-3869614768804987980,0,3,3,15,2,5,3,13
5994,5,1205643034402406997,0,2,2,16,2,5,4,12
5995,5,8672107463464750753,0,4,4,18,4,4,2,11
5996,5,6554253854189064824,0,0,0,17,3,6,3,16
5997,5,425420946791219223,0,3,3,17,9,3,3,8
5998,5,3549858402805643098,0,2,2,19,2,4,2,5
5999,5,-526513630548074708,0,3,3,18,2,7,4,18
6000,5,-6022940072571450336,0,2,2,16,5,2,1,5
6001,5,3241626171911491709,0,2,2,14,5,2,1,8
6002,5,-9047192601660858552,0,4,4,16,4,3,2,9
6003,5,7481146213949971226,0,2,2,16,3,4,1,14
6004,5,4225726992295479991,0,2,2,14,3,2,1,6
6005,5,5656838000150106306,0,1,1,19,1,5,3,8
6006,5,-5602380795243874035,0,2,2,20,2,3,1,6
6007,5,7351075766793880911,0,3,3,15,1,2,1,7
6008,5,-8309067151871169472,0,1,1,18,1,6,4,19
6009,5,6697247729812490611,0,2,2,18,4,6,4,18
6010,5,8752662470461888872,0,1,1,16,1,4,2,12
6011,5,-6790826980971062108,0,1,1,14,3,3,2,7
6012,5,298573813087268311,0,2,2,17,2,4,2,9
6013,5,6202354885239507540,0,3,3,19,5,5,3,10
6014,5,3604092753521332588,0,1,1,19,2,8,4,24
6015,5,141196078952998502,0,3,3,16,2,3,1,9
6016,5,3750048508065397288,0,3,3,15,1,6,4,20
6017,5,-506893996651651876,0,1,1,21,1,8,4,14
6018,5,4307839254842483969,0,1,1,13,7,2,2,6
6019,5,7589342256148957396,0,2,2,20,1,8,4,22
6020,5,5081655288706107382,0,3,3,19,5,5,2,11
6021,5,5551617375142971060,0,2,2,14,1,4,3,14
6022,5,-3742831403228933789,0,0,0,15,5,4,2,8
6023,5,8126089596494804388,0,2,2,17,1,3,1,6
6024,5,7891824851725486230,0,3,3,18,4,2,1,10
6025,5,382973202358869052,0,2,2,18,3,4,2,12
6026,5,7349118552813495201,0,1,1,22,1,6,3,14
6027,5,-8996937429154634626,0,1,1,15,2,4,3,9
6028,5,-2232524512193517967,0,4,4,19,3,4,1,12
6029,5,6558780202134741766,0,2,2,17,1,4,2,7
6030,5,-1968863247092883681,0,2,2,21,1,5,2,7
6031,5,1771905493738773887,0,3,3,14,6,1,1,4
6032,5,-319377141223206010,0,1,1,16,7,2,2,4
6033,5,6005431973708366937,0,2,2,15,5,3,3,8
6034,5,-5636478950686116843,0,1,1,17,3,6,4,16
6035,5,7811288638193669048,0,0,0,17,5,5,2,9
6036,5,-7194875431908939803,0,0,0,18,2,7,3,21
6037,5,-8940063617559146577,0,1,1,16,1,5,3,14
6038,5,9063525247460247053,0,2,2,17,2,5,2,11
6039,5,-1429151611259744339,0,0,0,19,5,6,3,13
6040,5,1338760075183902773,0,3,3,19,2,3,1,8
6041,5,5936189564243660087,0,1,1,16,1,4,3,13
6042,5,-7976287569320852887,0,2,2,16,4,3,2,9
6043,5,-3785095417563354665,0,0,0,18,7,4,2,14
6044,5,-9080853187883873233,0,1,1,17,3,3,1,9
6045,5,6551242875980308564,0,2,2,17,6,4,2,12
6046,5,-7416189910478158118,0,2,2,19,2,4,1,11
6047,5,-7233113440702638814,0,1,1,15,5,2,1,7
6048,5,-3235347881911419616,0,0,0,17,6,5,2,15
6049,5,2515333520061020700,0,4,4,20,2,4,1,10
6050,5,-6884332419548194838,0,1,1,19,4,2,1,4
6051,5,-9005805847662069392,0,2,2,16,4,6,4,16
6052,5,466753568900580459,0,1,1,18,2,4,2,11
6053,5,8935201837739662297,0,2,2,14,3,3,2,8
6054,5,-3987869354047428749,0,0,0,16,4,3,1,13
6055,5,-5461928484298318317,0,1,1,18,1,3,1,6
6056,5,-816910871635135995,0,0,0,16,5,5,2,14
6057,5,357480572544838028,0,2,2,17,7,3,2,6
6058,5,3242986631448046374,0,4,4,14,2,5,4,11
6059,5,1201647710377682007,0,2,2,17,1,4,2,11
6060,5,5842837653001339639,0,2,2,17,1,3,1,10
6061,5,397958588526546021,0,4,4,21,5,5,2,13
6062,5,5689227290174751494,0,1,1,16,2,3,1,9
6063,5,8651604365332402678,0,0,0,18,3,8,4,20
6064,5,1315738244212764640,0,0,0,18,3,4,1,5
6065,5,8851432779059307852,0,1,1,18,2,4,2,11
6066,5,6242363633024774122,0,1,1,12,5,4,3,18
6067,5,2319383336805034914,0,2,2,18,2,4,1,10
6068,5,4061604803457747824,0,3,3,16,4,6,4,19
6069,5,-8478760739115495588,0,2,2,18,1,4,2,13
6070,5,8007475969672960510,0,1,1,17,1,4,2,12
6071,5,8580399754885734270,0,1,1,21,2,6,2,12
6072,5,5293506936209961198,0,1,1,19,4,3,2,3
6073,5,-5112823548250869150,0,0,0,19,1,5,1,12
6074,5,-8655467957461358782,0,2,2,17,6,2,1,5
6075,5,8942055073962639269,0,1,1,16,1,3,1,10
6076,5,-4552349142305406285,0,4,4,20,1,6,2,16
6077,5,3873767741101679970,0,3,3,21,2,3,1,6
6078,5,-3545182974805548534,0,3,3,18,6,2,1,5
6079,5,3575071943519849634,0,0,0,19,4,6,3,15
6080,5,2102694895883843757,0,3,3,17,3,5,3,12
6081,5,4360906623243919634,0,1,1,20,2,3,1,6
6082,5,5259256394955337596,0,0,0,16,4,5,2,19
6083,5,-4256377094228127754,0,1,1,22,1,5,1,9
6084,5,3448439991940464349,0,2,2,17,3,5,3,11
6085,5,1897294392773771870,0,2,2,15,9,2,2,4
6086,5,736455396180497941,0,1,1,17,4,3,2,8
6087,5,5649048709581473430,0,1,1,18,1,7,4,19
6088,5,-3670523209585826855,0,1,1,14,2,4,2,13
6089,5,-6909084901101331230,0,3,3,17,4,3,2,8
6090,5,-5939559041923410908,0,2,2,19,1,3,1,7
6091,5,-7499633015477609622,0,2,2,17,3,6,4,14
6092,5,277640674313557835,0,2,2,18,6,3,3,3
6093,5,-1997807674369614477,0,0,0,20,2,6,3,12
6094,5,-2610033934665513394,0,1,1,18,4,3,2,4
6095,5,3194109769095918031,0,3,3,19,2,4,1,12
6096,5,-7888496203690182544,0,1,1,15,5,5,4,12
6097,5,746766354653527191,0,0,0,19,4,7,3,21
6098,5,-2430892995208045048,0,3,3,16,1,3,1,10
6099,5,1024684111220867094,0,2,2,17,2,5,3,10
6100,5,7092087471114351769,0,0,0,17,2,5,2,10
6101,5,7550196823803035911,0,1,1,17,1,4,2,7
6102,5,8642982641460979744,0,1,1,20,1,5,1,15
6103,5,-2784899649921435133,0,0,0,17,1,3,1,10
6104,5,8391050150612727213,0,1,1,19,3,5,3,8
6105,5,-3712957399403015628,0,0,0,15,1,4,2,13
6106,5,9165079774805828405,0,3,3,19,2,6,3,10
6107,5,-4781555179704087730,0,4,4,24,2,7,3,11
6108,5,-3619219691993816922,0,3,3,19,1,4,2,9
6109,5,-3817848731780932928,0,1,1,18,3,3,1,8
6110,5,-101941874766305734,0,4,4,16,5,3,2,7
6111,5,-5236440210303032794,0,4,4,16,3,5,2,15
6112,5,-6738367592603458545,0,2,2,16,3,2,1,3
6113,5,837966096474356480,0,3,3,16,6,3,2,8
6114,5,-838467455639546121,0,0,0,15,8,5,3,15
6115,5,-6634785559311791703,0,2,2,19,3,4,2,10
6116,5,3619269924541929101,0,2,2,15,6,2,1,4
6117,5,3453797192164936577,0,1,1,17,3,3,1,7
6118,5,2497712100847235208,0,0,0,18,6,4,2,12
6119,5,6335643682029900908,0,2,2,17,2,3,2,12
6120,5,-8572939182881741485,0,2,2,17,4,5,2,13
6121,5,-8247751241206222976,0,1,1,19,7,3,1,8
6122,5,-4254332958510065188,0,3,3,19,3,4,2,10
6123,5,-6521857492107471111,0,1,1,19,2,5,3,18
6124,5,-7142507210122620244,0,0,0,18,3,6,3,14
6125,5,4165033527949408112,0,1,1,17,1,3,1,3
6126,5,7590649189619223607,0,2,2,18,1,6,4,15
6127,5,6377683823842538060,0,1,1,14,3,3,2,12
6128,5,1066364692074103925,0,1,1,17,4,6,4,14
6129,5,89664399738573688,0,3,3,17,4,3,1,6
6130,5,-7026713125139969616,0,4,4,20,2,4,2,9
6131,5,-8592875104488001962,0,4,4,19,1,6,3,15
6132,5,3198240677914223263,0,1,1,22,2,3,2,3
6133,5,-4283040132294552077,0,2,2,14,3,4,2,18
6134,5,-6811441208683584588,0,1,1,19,4,4,2,8
6135,5,5121856833544545403,0,2,2,18,5,7,4,13
6136,5,-5972612184308611662,0,1,1,19,1,4,2,8
6137,5,6715785959188907502,0,1,1,19,3,6,2,16
6138,5,-5127715190083399295,0,1,1,24,2,4,2,8
6139,5,-7574120443489437165,0,1,1,15,1,3,2,13
6140,5,930491688453666117,0,0,0,17,5,5,2,15
6141,5,-7214034722479062611,0,1,1,22,2,5,2,6
6142,5,8392734367975462572,0,2,2,16,7,3,1,11
6143,5,-2795507184131740948,0,3,3,16,3,3,2,8
6144,5,6034469477439780487,0,1,1,19,1,5,2,15
6145,5,3143523021079146790,0,1,1,17,1,4,1,10
6146,5,-7187083344070559332,0,2,2,18,2,6,4,14
6147,5,5418239207538009030,0,1,1,21,2,6,3,18
6148,5,-8055095957504709959,0,2,2,14,6,6,4,19
6149,5,2597435823029635204,0,2,2,18,2,4,2,12
6150,5,3573763663575337484,0,2,2,18,2,5,2,13
6151,5,-146900594866852650,0,2,2,20,5,4,1,9
6152,5,5293128224489192882,0,0,0,19,4,4,1,4
6153,5,-2442029494016615771,0,1,1,15,4,3,2,9
6154,5,-8490930169853479027,0,2,2,18,2,4,2,13
6155,5,-5052093811751214012,0,0,0,13,1,6,3,21
6156,5,-5560231867939543974,0,0,0,16,2,6,2,14
6157,5,3353107750081395613,0,3,3,23,1,7,3,12
6158,5,3789686832647993345,0,3,3,17,5,4,2,10
6159,5,-7788507391383877460,0,3,3,15,8,5,4,14
6160,5,8802858145006644015,0,1,1,18,1,5,3,7
6161,5,-9115561384294763727,0,0,0,18,3,6,3,15
6162,5,712235852494880289,0,0,0,15,7,5,3,14
6163,5,-7531470304023833695,0,3,3,19,1,5,2,10
6164,5,-6953767598826957629,0,3,3,16,7,5,4,8
6165,5,8318011427431022429,0,1,1,23,3,6,2,17
6166,5,-8592147493894799367,0,2,2,18,1,5,1,9
6167,5,-3740774130164079578,0,0,0,17,2,5,3,11
6168,5,-2036369867344279493,0,2,2,16,1,6,4,16
6169,5,7711452092874778319,0,2,2,16,3,3,1,10
6170,5,6505302463852907879,0,2,2,18,4,4,2,8
6171,5,693585158829603123,0,4,4,19,1,5,1,15
6172,5,113304679901237202,0,2,2,19,2,4,2,9
6173,5,7536732183217036137,0,2,2,17,1,5,2,15
6174,5,-6241223584347310433,0,3,3,18,1,3,1,8
6175,5,-9009127557664605130,0,3,3,15,1,6,4,22
6176,5,1330115552525887316,0,1,1,17,4,4,3,5
6177,5,-5208968072967852862,0,0,0,21,3,5,2,10
6178,5,-3944800835890412887,0,3,3,19,2,7,3,22
6179,5,-6159991541793956977,0,1,1,16,3,5,3,16
6180,5,4016679147959245475,0,0,0,17,1,6,3,16
6181,5,8035513637009312422,0,1,1,16,4,6,4,17
6182,5,-9181722406293965343,0,2,2,20,5,3,2,5
6183,5,1768444729521272082,0,2,2,15,4,4,3,14
6184,5,-2443682890229287882,0,2,2,17,3,5,3,15
6185,5,-5253930940166203502,0,1,1,16,5,2,1,6
6186,5,3614651753923487863,0,3,3,18,2,3,2,7
6187,5,7476574181791961225,0,2,2,19,3,3,1,9
6188,5,-5204505207276323947,0,1,1,23,2,7,4,14
6189,5,-7849954262451057863,0,2,2,21,2,4,1,14
6190,5,395616198030421229,0,2,2,19,1,4,2,11
6191,5,-8051098475906487760,0,3,3,16,4,2,1,5
6192,5,-2838747534611250210,0,0,0,15,7,4,3,9
6193,5,-7344638645909887743,0,1,1,19,5,4,2,11
6194,5,2601034640515942044,0,1,1,17,4,3,1,7
6195,5,2725044065025035575,0,2,2,18,1,6,2,18
6196,5,3778400252741487171,0,2,2,18,3,4,2,12
6197,5,5612091146266422919,0,1,1,18,5,4,2,10
6198,5,1940768177324994607,0,1,1,16,1,2,1,2
6199,5,157119184404037188,0,2,2,17,3,4,3,10
6200,5,2275235354919281802,0,1,1,15,1,3,2,10
6201,5,-56551867496903145,0,4,4,19,4,4,1,11
6202,5,8147574129853641253,0,1,1,17,1,3,1,11
6203,5,5830536951511463406,0,1,1,16,1,3,1,9
6204,5,6238265429845950347,0,3,3,20,4,5,3,8
6205,5,1343979357654083892,0,2,2,17,4,4,1,13
6206,5,-8115043437451949741,0,2,2,17,2,8,4,27
6207,5,-6491046943106733245,0,4,4,16,4,4,2,13
6208,5,-9140156919227011658,0,0,0,17,1,4,2,8
6209,5,3830114439969969942,0,0,0,18,6,4,3,9
6210,5,2817334529848417632,0,2,2,15,1,5,3,16
6211,5,-4288410501043868093,0,1,1,18,5,6,4,16
6212,5,1895168342870279562,0,2,2,16,2,4,2,9
6213,5,-8141112446236892377,0,2,2,16,2,4,2,7
6214,5,6871643302591989576,0,2,2,12,8,2,2,6
6215,5,58601646023922274,0,3,3,20,3,4,2,9
6216,5,2719368612803301407,0,2,2,15,9,2,2,6
6217,5,5501933960957271941,0,2,2,18,2,5,2,13
6218,5,3758380139162789850,0,3,3,20,1,6,3,15
6219,5,-5610501190959978230,0,1,1,17,1,4,3,7
6220,5,2403161150585620381,0,4,4,18,2,5,2,14
6221,5,-2134642966773102716,0,1,1,15,2,3,1,13
6222,5,-7259640205738291654,0,3,3,20,1,6,2,18
6223,5,-1728102957331433,0,3,3,17,7,4,3,9
6224,5,3404872200198120899,0,2,2,22,2,5,3,9
6225,5,5845023699392967209,0,0,0,17,2,7,3,23
6226,5,3894381534882786911,0,2,2,17,4,5,3,13
6227,5,8151484880125507673,0,2,2,16,2,3,1,11
6228,5,-8390601270567697823,0,3,3,23,1,5,1,11
6229,5,4709198910731474095,0,2,2,16,4,4,3,9
6230,5,-7966749481247250538,0,2,2,18,2,6,3,16
6231,5,533777550904834069,0,3,3,16,3,3,2,8
6232,5,-66371554950495778,0,2,2,15,1,4,3,8
6233,5,5104054650888017158,0,2,2,18,1,5,2,11
6234,5,3971966619938183933,0,2,2,18,5,3,2,4
6235,5,6869475041827560836,0,2,2,25,1,6,1,10
6236,5,2772875475887821746,0,3,3,18,6,4,2,12
6237,5,-4676323847451235249,0,4,4,19,1,4,1,11
6238,5,2154501831713182217,0,4,4,18,3,5,3,13
6239,5,4548369761425411411,0,1,1,18,4,5,2,13
6240,5,1414735290876428525,0,2,2,15,2,3,2,8
6241,5,-4789471840926295711,0,3,3,16,8,2,2,4
6242,5,6409665583184377089,0,3,3,16,1,4,2,14
6243,5,4380789926648944930,0,1,1,19,2,5,2,14
6244,5,373100188667300527,0,3,3,16,1,5,2,17
6245,5,3843326650426893128,0,0,0,20,2,7,3,10
6246,5,4622646543466500480,0,1,1,21,1,5,2,11
6247,5,-6392845103974880763,0,1,1,17,3,4,3,11
6248,5,-5867596277472339794,0,0,0,19,5,5,2,10
6249,5,1921990069554506688,0,0,0,18,2,5,2,12
6250,5,-5921062676215729929,0,1,1,21,1,4,1,7
6251,5,-6145952734043489530,0,0,0,18,2,3,1,10
6252,5,-3379512206294190157,0,1,1,17,4,3,1,13
6253,5,-8925474735907155522,0,2,2,18,3,5,3,14
6254,5,6384634141606248232,0,0,0,18,1,8,4,23
6255,5,-4874091979230551136,0,1,1,16,1,4,2,11
6256,5,-5430331466044282851,0,4,4,19,1,6,2,17
6257,5,-1282132233941031960,0,0,0,17,3,3,1,13
6258,5,-4453572497779375956,0,1,1,14,6,4,3,13
6259,5,-5262623935067246010,0,2,2,19,3,4,2,10
6260,5,7288449527767120988,0,2,2,17,2,6,3,21
6261,5,-6736388388933590249,0,2,2,19,1,3,1,6
6262,5,-5887525045038704274,0,1,1,16,7,4,2,10
6263,5,-5454872504248838438,0,2,2,17,4,3,1,6
6264,5,8659273551565096823,0,1,1,19,1,3,1,8
6265,5,-1375352774715403044,0,2,2,17,1,5,2,11
6266,5,-7569843266999000274,0,3,3,17,1,7,4,18
6267,5,-7117626563767526090,0,1,1,20,3,4,2,8
6268,5,-8945572882621637753,0,2,2,16,1,4,2,7
6269,5,4090916232691099129,0,2,2,15,5,5,4,12
6270,5,2162857572101051392,0,3,3,20,1,4,2,8
6271,5,-7082559688810530905,0,1,1,14,9,3,3,9
6272,5,6861331808802478138,0,4,4,15,2,3,1,11
6273,5,7565494577100446948,0,1,1,17,2,5,3,17
6274,5,983089807334126794,0,2,2,17,1,5,2,14
6275,5,2770780456957466988,0,3,3,16,7,3,2,10
6276,5,-5064220938172561071,0,3,3,13,7,2,2,6
6277,5,-4785348473203893177,0,2,2,17,2,5,3,13
6278,5,1429735054461626313,0,2,2,18,1,7,4,17
6279,5,-1580680498855288517,0,2,2,16,2,4,2,9
6280,5,-7614440840002284255,0,2,2,16,7,2,1,4
6281,5,7056458807468864898,0,2,2,21,1,6,2,16
6282,5,546436384697401100,0,2,2,18,1,3,1,4
6283,5,5767193392060945341,0,1,1,17,5,5,3,13
6284,5,-4851650027554129130,0,3,3,20,1,4,1,11
6285,5,5684974172384430888,0,1,1,14,3,4,3,13
6286,5,3461091925985829624,0,2,2,17,4,3,1,7
6287,5,3164178345304745486,0,1,1,19,3,5,3,11
6288,5,4679892732417548844,0,2,2,15,3,4,2,11
6289,5,-8890874612195228802,0,1,1,18,3,3,2,6
6290,5,-5130726312350742334,0,3,3,16,4,4,2,9
6291,5,2548158558947858494,0,1,1,17,6,3,2,11
6292,5,-2761603608851515532,0,3,3,18,3,4,1,14
6293,5,-4647461480513402113,0,3,3,19,3,8,4,20
6294,5,4059539265776630008,0,2,2,15,1,3,2,9
6295,5,1305591813922480082,0,3,3,18,1,2,1,5
6296,5,-2847287901967885163,0,2,2,21,1,6,3,16
6297,5,-5422443408138279206,0,1,1,19,1,6,3,14
6298,5,-1159321845574572551,0,2,2,17,4,4,2,14
6299,5,-1805428554896350653,0,0,0,19,1,5,1,12
6300,5,4719536581841725000,0,0,0,18,3,6,2,21
6301,5,-7888970031501240462,0,1,1,21,1,6,2,13
6302,5,3940625214028616312,0,3,3,16,6,3,2,12
6303,5,-1649382552858394755,0,0,0,14,3,6,4,19
6304,5,-6123831177165067557,0,3,3,17,4,2,1,4
6305,5,-541192232451306787,0,2,2,14,5,3,2,9
6306,5,6046655711695554557,0,2,2,19,1,5,2,15
6307,5,1300403815033269346,0,2,2,15,2,6,4,26
6308,5,5013655975455252655,0,3,3,17,7,4,2,9
6309,5,-2486302892328935578,0,2,2,16,7,2,1,8
6310,5,-1853702741391696541,0,4,4,18,3,3,1,10
6311,5,3108361996803022149,0,3,3,18,1,5,2,10
6312,5,-6154131542100095813,0,1,1,17,1,3,2,6
6313,5,-2350379425423067636,0,2,2,17,2,2,1,5
6314,5,-2824153380059280037,0,0,0,15,5,4,2,14
6315,5,-6064740112587243409,0,0,0,19,3,7,4,16
6316,5,-3020822512754507514,0,2,2,17,4,5,3,12
6317,5,5359302698748613888,0,2,2,16,7,3,2,10
6318,5,-3456665012530995992,0,2,2,15,5,3,2,8
6319,5,-1689373920458635106,0,3,3,21,1,6,4,14
6320,5,-125705525645481168,0,2,2,18,3,3,1,8
6321,5,-4788509831950149077,0,1,1,18,4,2,1,5
6322,5,-1430565568168504862,0,4,4,16,6,2,1,6
6323,5,-69354507728337023,0,3,3,17,2,3,1,7
6324,5,-3311928462681525526,0,1,1,15,4,4,3,13
6325,5,-5607489996227297883,0,1,1,16,1,4,2,10
6326,5,-5225694354750998157,0,2,2,18,4,2,1,5
6327,5,1233609749307938877,0,0,0,18,1,5,1,14
6328,5,404727620166740089,0,2,2,18,5,5,3,13
6329,5,6062406333774062655,0,3,3,20,1,6,2,17
6330,5,1908189954416131740,0,1,1,16,1,3,2,7
6331,5,-3810105496274183701,0,1,1,17,1,8,4,22
6332,5,-381845244940336329,0,4,4,16,2,4,3,15
6333,5,683079558703120890,0,0,0,13,4,4,2,19
6334,5,4107721558933639345,0,2,2,17,3,3,2,10
6335,5,-1780045650332567017,0,2,2,17,9,1,1,1
6336,5,-4601482896476131310,0,2,2,17,2,5,3,12
6337,5,-4608465686372643698,0,2,2,17,1,5,3,13
6338,5,3363124830034352601,0,2,2,17,2,2,1,5
6339,5,6629193290706161475,0,2,2,19,2,3,1,8
6340,5,-7280623091298832372,0,3,3,16,3,3,1,4
6341,5,-7521687805538845212,0,0,0,22,5,6,2,17
6342,5,-5008652639524715121,0,3,3,16,3,3,1,6
6343,5,2780684057434243938,0,0,0,14,1,5,2,20
6344,5,-3960450516044085575,0,3,3,16,4,3,2,8
6345,5,-4040795996619905380,0,1,1,13,5,1,1,3
6346,5,872801696528488228,0,2,2,18,2,4,2,8
6347,5,3545810969878826589,0,1,1,17,2,3,2,9
6348,5,3744016950867261636,0,0,0,15,2,7,3,24
6349,5,-5642121025603268472,0,2,2,14,5,1,1,2
6350,5,1105916634810847290,0,1,1,17,7,4,4,8
6351,5,-6493793510161989486,0,3,3,19,6,4,2,12
6352,5,6398423307781560938,0,2,2,14,7,2,1,5
6353,5,-2133036186767822545,0,3,3,18,3,3,1,7
6354,5,-4263781372564412598,0,3,3,14,2,3,2,8
6355,5,2137836381033585999,0,3,3,17,1,4,2,13
6356,5,-4625045238633320963,0,3,3,17,2,3,1,11
6357,5,8241404987477339211,0,3,3,20,6,3,2,6
6358,5,8138905109323075103,0,4,4,20,1,4,1,11
6359,5,9136051792121824603,0,2,2,15,5,2,1,6
6360,5,-189476271360470430,0,1,1,18,1,4,2,11
6361,5,-8242607476384438709,0,3,3,15,2,4,2,16
6362,5,-6018360408265226151,0,1,1,16,6,4,3,12
6363,5,641645776336957806,0,2,2,16,1,3,2,5
6364,5,6593680945411473811,0,2,2,17,2,4,2,11
6365,5,2833879002468656850,0,3,3,18,2,4,1,11
6366,5,-6020543612929306132,0,1,1,16,6,3,1,3
6367,5,219184944789077173,0,1,1,16,5,3,2,7
6368,5,-432402447061524705,0,3,3,12,3,3,2,10
6369,5,-3387273701498254538,0,1,1,18,5,2,2,2
6370,5,7583428314268128670,0,1,1,21,1,4,2,11
6371,5,-4985922630980452529,0,3,3,17,3,3,2,9
6372,5,7557446014425863845,0,1,1,17,4,2,1,8
6373,5,7897973959459490050,0,1,1,14,2,4,2,12
6374,5,-6414847654350015604,0,1,1,14,8,3,2,12
6375,5,639103955127154898,0,1,1,18,4,4,2,12
6376,5,9199233854282435164,0,2,2,14,6,3,2,8
6377,5,166764462337097844,0,3,3,14,8,1,1,3
6378,5,4870397158707484581,0,3,3,18,1,5,3,14
6379,5,6550069989208558278,0,0,0,14,5,4,2,10
6380,5,8777791888363786638,0,1,1,17,6,2,1,3
6381,5,3865911876923383552,0,0,0,14,3,6,4,18
6382,5,-7403969994736345043,0,2,2,15,6,2,1,5
6383,5,6298001727927337768,0,3,3,14,7,5,4,12
6384,5,3400943081564391193,0,1,1,16,4,4,2,9
6385,5,2810620582199628235,0,1,1,15,4,2,1,7
6386,5,3888541151628481596,0,0,0,19,1,7,3,14
6387,5,-8348767468483496215,0,2,2,18,1,5,3,12
6388,5,-7673040687485327379,0,0,0,18,7,5,3,15
6389,5,2891467624512981040,0,3,3,16,3,4,2,14
6390,5,-6661489156169143747,0,2,2,17,2,4,2,10
6391,5,4330367811654446189,0,3,3,18,2,4,1,11
6392,5,-7636971244538134128,0,3,3,21,2,5,2,19
6393,5,-8450309929070066113,0,1,1,19,2,3,1,6
6394,5,9030623793812676207,0,3,3,17,4,2,1,5
6395,5,5634587116289447437,0,3,3,18,6,5,3,7
6396,5,-6273142533112598371,0,0,0,16,6,4,2,12
6397,5,2631373113662146361,0,1,1,19,5,4,2,12
6398,5,-7268959923186525849,0,3,3,16,5,3,2,8
6399,5,-7914462312558404459,0,2,2,14,9,1,1,1
6400,5,-7601308736381931712,0,0,0,15,8,4,3,7
6401,5,7222284735823147029,0,3,3,17,5,3,2,7
6402,5,-6081143110644242804,0,2,2,15,2,3,2,9
6403,5,958234783869516230,0,2,2,17,4,6,3,22
6404,5,3704181571133469628,0,3,3,17,3,6,4,12
6405,5,-3280840459255672321,0,3,3,21,3,5,3,11
6406,5,3596545072734894746,0,0,0,19,1,5,2,10
6407,5,-4248920023057685803,0,1,1,19,2,7,4,24
6408,5,-1364093859866698011,0,3,3,18,4,2,1,7
6409,5,-6813275044859675437,0,2,2,14,2,2,1,8
6410,5,9011394315672750624,0,2,2,19,2,4,2,11
6411,5,-8535303989755690262,0,3,3,15,3,2,1,6
6412,5,-9203751169223853402,0,2,2,19,2,2,1,3
6413,5,9145232293608366502,0,2,2,22,2,4,1,9
6414,5,-2755909027259469822,0,1,1,14,3,2,1,4
6415,5,-7579866469093964381,0,1,1,17,1,3,1,9
6416,5,4809073189457479805,0,2,2,16,1,3,1,4
6417,5,3739081520393864510,0,1,1,17,7,3,3,6
6418,5,-1047044184316648457,0,1,1,19,2,5,3,11
6419,5,9135535097103954318,0,1,1,19,3,5,3,10
6420,5,-84328439316963334,0,1,1,15,1,4,3,13
6421,5,-4758549162289315179,0,2,2,14,2,2,1,6
6422,5,281935032596775180,0,1,1,19,1,5,2,11
6423,5,-5494370172429774158,0,2,2,17,4,6,3,22
6424,5,9117654233104620868,0,0,0,19,6,5,3,13
6425,5,8523128087353367898,0,3,3,14,4,2,1,4
6426,5,7659482896752974879,0,1,1,19,5,3,1,4
6427,5,3885582366320325895,0,3,3,12,4,4,3,14
6428,5,-8554232713578193005,0,3,3,15,2,4,2,11
6429,5,-8464250090887977873,0,2,2,16,1,2,1,5
6430,5,-7059943069254948252,0,2,2,20,1,7,4,14
6431,5,6613699780738035449,0,0,0,19,1,6,2,14
6432,5,5070935614204106679,0,0,0,15,5,4,2,9
6433,5,-8901467257898802068,0,0,0,20,3,6,3,10
6434,5,-3554366483156371484,0,2,2,18,8,2,2,4
6435,5,7557450780339993577,0,1,1,16,1,4,2,14
6436,5,-6059248787541662064,0,1,1,20,3,4,1,6
6437,5,-2536435259249939941,0,3,3,20,3,5,2,10
6438,5,-1338308913592930823,0,2,2,16,6,2,1,6
6439,5,-6124636081739929940,0,1,1,18,6,3,1,8
6440,5,-2256774315485705325,0,1,1,19,1,6,3,13
6441,5,-7019408830267566854,0,0,0,18,1,6,2,10
6442,5,-698122042279417388,0,1,1,14,8,3,3,6
6443,5,2445014142964696074,0,2,2,20,2,5,2,10
6444,5,4418309861305738060,0,2,2,16,1,3,1,11
6445,5,-1128287053348488772,0,0,0,18,2,6,2,16
6446,5,3018566265370141431,0,3,3,18,1,5,3,14
6447,5,5347290812355755328,0,1,1,14,5,3,2,8
6448,5,-1758236773213129258,0,0,0,18,2,6,2,15
6449,5,-1115837108980788024,0,3,3,18,3,5,3,15
6450,5,-2572672986041015877,0,1,1,16,3,2,1,4
6451,5,9197356226569071231,0,1,1,18,2,3,1,8
6452,5,-2818955568633916059,0,2,2,18,3,4,2,10
6453,5,-5540250829455684424,0,4,4,16,4,3,1,12
6454,5,8699030183608223180,0,0,0,19,4,7,4,18
6455,5,-8038459675215020694,0,3,3,14,5,2,2,4
6456,5,9141530868561153212,0,0,0,16,1,6,3,16
6457,5,6238015752170357980,0,4,4,17,5,3,2,4
6458,5,6540754085748661416,0,2,2,20,1,5,2,13
6459,5,-8770817421156648036,0,3,3,19,1,4,2,8
6460,5,886588823392705975,0,4,4,15,1,5,3,15
6461,5,1595959419276345269,0,1,1,17,2,3,2,7
6462,5,2974344868322183203,0,1,1,18,1,3,1,7
6463,5,6814026660460235040,0,1,1,21,4,3,1,7
6464,5,-193890295992496189,0,3,3,19,1,5,2,13
6465,5,-541828633806450310,0,2,2,17,5,4,3,11
6466,5,8106987301467698405,0,3,3,13,7,3,2,7
6467,5,7478856094284727031,0,0,0,18,1,8,4,19
6468,5,5283708416887492193,0,0,0,19,4,4,1,11
6469,5,4110103642295919254,0,0,0,19,4,7,3,18
6470,5,6041750026075136234,0,2,2,18,1,4,2,5
6471,5,4453596543394982294,0,2,2,14,5,3,2,11
6472,5,4252605613913986983,0,2,2,22,1,4,1,7
6473,5,-3197611938382855641,0,2,2,18,1,6,3,16
6474,5,5863576326611317249,0,3,3,18,4,4,2,12
6475,5,-1497508776347018395,0,3,3,20,1,5,2,10
6476,5,-1401049971900663106,0,2,2,18,5,5,4,10
6477,5,-6255857905910593407,0,3,3,20,5,4,3,5
6478,5,4319696225893653582,0,3,3,17,3,5,3,10
6479,5,-8474938179751026879,0,2,2,17,2,8,4,26
6480,5,-784981912583395739,0,2,2,16,5,5,3,12
6481,5,-8248533521011324502,0,1,1,17,2,3,1,12
6482,5,-4417765278900496183,0,1,1,16,7,3,2,4
6483,5,-2543222696851816710,0,3,3,17,3,5,3,14
6484,5,-1551758620425566356,0,0,0,21,2,4,1,9
6485,5,3299449840829847515,0,4,4,18,1,4,1,13
6486,5,1657449441501326269,0,2,2,20,3,6,2,12
6487,5,-5540873334846262826,0,3,3,19,2,4,2,9
6488,5,-564640578573945030,0,2,2,15,4,5,4,15
6489,5,2856374471429150213,0,2,2,15,8,2,2,6
6490,5,-8900618122138682551,0,3,3,15,8,2,1,6
6491,5,-5838358670548265204,0,2,2,17,2,5,2,14
6492,5,-900242897189537208,0,2,2,16,5,3,2,8
6493,5,-2762778157858956727,0,1,1,21,3,5,3,9
6494,5,1757840756608087522,0,2,2,17,1,5,3,18
6495,5,-2956633599254757302,0,4,4,16,2,5,3,11
6496,5,166778782481108644,0,2,2,16,7,4,3,11
6497,5,7880016280418672767,0,1,1,22,1,6,3,11
6498,5,-3992622209205499697,0,3,3,17,4,6,4,18
6499,5,-5235624390672446416,0,3,3,20,2,7,4,18
6500,5,2333726856680196719,0,4,4,18,2,5,2,13
6501,5,6609290821602430128,0,0,0,16,6,5,4,10
6502,5,-2021961812602198356,0,0,0,15,3,7,4,24
6503,5,5320100905407369427,0,0,0,15,6,3,1,9
6504,5,-8219557756926440865,0,2,2,15,7,3,2,6
6505,5,3842758794459037084,0,3,3,17,3,5,3,12
6506,5,-522829497823175192,0,2,2,15,2,5,3,14
6507,5,-5964941430329731525,0,2,2,22,2,6,3,12
6508,5,8608642250726322238,0,1,1,16,5,4,2,11
6509,5,-4082193109049462987,0,2,2,19,1,7,4,15
6510,5,-4055328732645081273,0,3,3,20,4,4,2,4
6511,5,-3959678094098652956,0,2,2,19,5,5,2,11
6512,5,-721555319091367575,0,1,1,14,4,2,1,5
6513,5,-3529344046974210782,0,2,2,17,5,2,1,6
6514,5,5507785933117559904,0,3,3,17,2,4,1,13
6515,5,6209896591269186625,0,3,3,16,3,5,2,11
6516,5,-2571042235767360175,0,1,1,19,4,6,3,9
6517,5,5578325817525654845,0,1,1,20,1,6,3,14
6518,5,6797604789308614175,0,0,0,16,3,6,3,16
6519,5,7576609640308995380,0,2,2,20,2,5,2,14
6520,5,-6553749061910936579,0,1,1,20,4,3,2,3
6521,5,3858159483366664726,0,0,0,14,4,4,2,14
6522,5,-1170688815392271547,0,4,4,15,5,3,1,8
6523,5,-8683848362270542696,0,2,2,15,1,4,3,17
6524,5,4208043183496004743,0,3,3,15,4,5,4,13
6525,5,-6978849411751004819,0,3,3,15,8,3,2,8
6526,5,8828576232828434147,0,2,2,15,5,2,1,3
6527,5,-8826382420338775624,0,3,3,19,2,5,3,12
6528,5,4605195787908893595,0,1,1,16,8,2,1,7
6529,5,-2251906529131201861,0,0,0,18,2,7,3,22
6530,5,-4894618359258898717,0,2,2,16,6,3,2,7
6531,5,-1860648789152328492,0,2,2,16,3,5,3,12
6532,5,-296538530975565317,0,1,1,15,6,2,1,5
6533,5,-884178527955404374,0,1,1,17,2,6,4,9
6534,5,9019806043652674175,0,2,2,16,2,3,1,8
6535,5,4257082032488907171,0,2,2,21,4,6,3,12
6536,5,-225993107119805699,0,3,3,15,1,3,1,12
6537,5,5591261552765370521,0,1,1,19,6,5,3,10
6538,5,-4348525423715473208,0,2,2,16,3,5,3,14
6539,5,1054935955809649100,0,4,4,18,2,4,1,14
6540,5,2136350858560451339,0,1,1,16,7,4,3,13
6541,5,-1610004974600057063,0,0,0,18,5,4,2,8
6542,5,8557982560135409440,0,0,0,21,8,4,2,6
6543,5,3968425851119073132,0,0,0,20,1,5,2,13
6544,5,-7449539087517536734,0,3,3,20,1,5,2,12
6545,5,-7582812960976156558,0,1,1,21,2,2,1,6
6546,5,3538391707891277760,0,2,2,20,3,4,2,13
6547,5,916086530633428883,0,0,0,21,3,6,3,14
6548,5,8168148683640151636,0,0,0,20,1,8,4,17
6549,5,-4835996987086572001,0,2,2,18,1,6,2,18
6550,5,-5394641345738397645,0,0,0,15,2,6,3,18
6551,5,-2110018276607914810,0,2,2,14,7,3,2,10
6552,5,-7361002925155313082,0,2,2,18,1,3,1,5
6553,5,-5290600364256273843,0,4,4,18,1,5,1,15
6554,5,4307581651962036185,0,3,3,15,3,4,2,10
6555,5,5570465519410086271,0,0,0,19,4,7,3,15
6556,5,-2397633035455853646,0,2,2,17,1,3,1,5
6557,5,-8449879366095465888,0,1,1,18,4,4,2,6
6558,5,-7012337168497111451,0,2,2,18,1,5,2,11
6559,5,3818717169274575528,0,3,3,19,6,4,2,8
6560,5,-3142390708676100634,0,3,3,17,3,5,3,12
6561,5,5412932705315604847,0,1,1,13,8,3,2,11
6562,5,3604080468316283488,0,3,3,18,2,5,2,14
6563,5,8252386195733895716,0,3,3,14,6,2,1,7
6564,5,-5410345147451327420,0,3,3,19,1,5,3,13
6565,5,-7167162461183722813,0,2,2,21,1,4,2,10
6566,5,-290715296867108957,0,0,0,18,2,3,1,5
6567,5,-5518951756868345529,0,3,3,18,2,7,4,18
6568,5,6708094722987901120,0,4,4,17,1,3,2,11
6569,5,-742903599466052516,0,3,3,17,3,5,3,14
6570,5,-2716394787018650143,0,3,3,19,5,6,3,13
6571,5,-5525114281779221672,0,3,3,15,2,5,3,14
6572,5,6705372245716103781,0,4,4,17,6,5,3,14
6573,5,-1002817655679760020,0,0,0,15,3,3,1,6
6574,5,1199506114454130459,0,0,0,17,6,3,1,7
6575,5,7693015099361990678,0,1,1,16,7,1,1,2
6576,5,6865190721130640336,0,3,3,20,2,4,1,9
6577,5,-5873811883491154727,0,2,2,17,1,7,4,17
6578,5,-6030305281040742871,0,4,4,20,1,6,3,16
6579,5,-5788878044906928592,0,2,2,17,4,2,1,6
6580,5,-78021646183644749,0,1,1,16,2,5,2,12
6581,5,-8875930592314233921,0,3,3,15,3,3,1,10
6582,5,2657330421904090424,0,3,3,16,8,3,2,8
6583,5,-1660776018498306612,0,2,2,17,3,4,2,13
6584,5,-8874229485787487916,0,1,1,19,2,7,4,16
6585,5,-6517744531765411860,0,4,4,17,2,5,2,15
6586,5,-6712451290290103225,0,1,1,14,5,1,1,5
6587,5,-2147985218408617215,0,2,2,18,2,6,3,16
6588,5,-1676751347495936245,0,0,0,16,1,5,2,19
6589,5,-229700841347485085,0,3,3,20,1,4,1,9
6590,5,6920892088606850985,0,1,1,18,1,4,2,8
6591,5,-9166917732960819108,0,3,3,23,1,7,3,15
6592,5,-2156254379768685369,0,1,1,16,3,5,3,12
6593,5,-8502893574744558118,0,0,0,17,1,4,1,10
6594,5,-6366400838174802299,0,0,0,19,6,5,2,10
6595,5,1760596104547539295,0,1,1,18,5,4,2,11
6596,5,-3809349956707422070,0,1,1,16,3,4,2,12
6597,5,-3425608248553594565,0,2,2,16,1,4,2,11
6598,5,1579579517457951065,0,1,1,16,1,4,2,15
6599,5,6974638784921457917,0,2,2,14,2,3,1,12
6600,5,-7639199593065671960,0,1,1,19,4,3,1,10
6601,5,5801518215236682279,0,3,3,18,5,3,2,6
6602,5,-2728930597977175949,0,2,2,18,5,2,1,6
6603,5,-7313382757216526304,0,0,0,17,1,7,3,17
6604,5,1893188604441353613,0,1,1,18,3,3,1,7
6605,5,577162459043954542,0,0,0,16,2,6,2,19
6606,5,-1788054137932332425,0,0,0,17,1,4,1,13
6607,5,5050534715864578084,0,1,1,16,6,4,3,8
6608,5,-8042907478210864716,0,1,1,15,2,2,1,7
6609,5,-3309181668478350440,0,3,3,19,2,6,3,16
6610,5,3600206491028820700,0,4,4,18,2,5,2,17
6611,5,-1488702439730565799,0,3,3,13,5,2,2,6
6612,5,2668152208387415728,0,0,0,18,3,8,3,23
6613,5,2147638013060949855,0,1,1,16,6,5,3,16
6614,5,6223471976427573358,0,2,2,17,1,4,2,10
6615,5,-3154719937000649340,0,0,0,13,6,2,1,7
6616,5,3354255474468192359,0,2,2,13,5,2,2,6
6617,5,-2593701209544100813,0,0,0,19,3,6,3,12
6618,5,4510302531539370958,0,3,3,17,4,4,2,13
6619,5,5362390808560115294,0,0,0,13,5,4,2,17
6620,5,-5520006354500416047,0,0,0,17,1,4,1,11
6621,5,-5453869997395306827,0,3,3,18,5,4,2,12
6622,5,-5609371743141982739,0,0,0,18,3,7,4,15
6623,5,-2664077329623226348,0,0,0,18,1,6,3,13
6624,5,-6949231561378816130,0,0,0,16,3,5,2,15
6625,5,-8486384382929934020,0,3,3,17,3,3,2,6
6626,5,332306518298254997,0,1,1,13,1,3,1,13
6627,5,6920033656181018565,0,3,3,16,2,4,2,11
6628,5,4395357058985440781,0,0,0,23,2,5,2,11
6629,5,1939597624276713043,0,0,0,19,7,6,3,14
6630,5,8509832673156987616,0,1,1,19,1,5,3,10
6631,5,1409440893871030791,0,1,1,17,2,6,3,22
6632,5,4700979809578838198,0,0,0,16,1,7,4,20
6633,5,348215225511899960,0,2,2,19,4,3,2,7
6634,5,4182282382922273726,0,2,2,16,3,4,2,8
6635,5,-4823075043679523485,0,2,2,20,1,5,2,11
6636,5,630448376452981697,0,1,1,14,8,1,1,1
6637,5,-2703881741777268129,0,1,1,20,2,5,2,10
6638,5,-9027710226522608524,0,2,2,20,2,4,2,11
6639,5,2086436367258078420,0,1,1,15,7,4,3,11
6640,5,7405178872131499789,0,0,0,16,4,3,1,8
6641,5,-440711946095802898,0,3,3,18,1,6,3,14
6642,5,7097654394506924312,0,1,1,21,1,5,2,9
6643,5,1675975554576335436,0,2,2,19,2,3,2,6
6644,5,-4132993939554814838,0,4,4,18,1,6,3,16
6645,5,-4421404160486057410,0,3,3,17,4,4,1,11
6646,5,-3604486014586495722,0,2,2,18,6,3,1,7
6647,5,-4440587080758378192,0,3,3,14,2,2,1,6
6648,5,4173743865832840895,0,0,0,16,5,5,2,16
6649,5,7818454660234350688,0,2,2,16,2,4,2,10
6650,5,-8339667765412245074,0,0,0,21,4,5,2,10
6651,5,7712349197050218711,0,0,0,13,1,4,2,12
6652,5,8408771914162759493,0,1,1,19,2,4,2,7
6653,5,3526968572639641750,0,2,2,20,4,6,4,13
6654,5,7867756709358845043,0,3,3,19,5,3,2,4
6655,5,-3247409838138527986,0,2,2,14,1,5,3,18
6656,5,-6343867086011286199,0,1,1,13,7,4,3,12
6657,5,-5605199291285615403,0,0,0,18,1,6,2,16
6658,5,-5821226984093471283,0,1,1,17,4,5,2,17
6659,5,7767103107351100055,0,2,2,14,3,6,4,20
6660,5,-6916094511404471282,0,2,2,16,1,4,1,17
6661,5,-8454790424080047286,0,4,4,17,1,4,2,13
6662,5,1819280323014999928,0,4,4,19,2,6,3,17
6663,5,1488165758463888805,0,3,3,18,1,5,3,8
6664,5,-8420275317132129943,0,1,1,18,3,5,3,14
6665,5,-5220673799016148782,0,3,3,15,1,3,1,12
6666,5,-1248204809416283389,0,0,0,19,4,7,3,15
6667,5,-1457511402210189215,0,3,3,13,3,5,4,20
6668,5,5984424237870527555,0,1,1,17,1,4,1,8
6669,5,2480867626271482752,0,2,2,14,5,5,4,20
6670,5,-8191095385621024686,0,2,2,17,2,4,1,10
6671,5,1976323199739562857,0,4,4,18,1,7,4,22
6672,5,-9086191587995147493,0,3,3,18,4,2,1,6
6673,5,-1949922840576860901,0,2,2,13,6,3,2,10
6674,5,4550967193374034973,0,2,2,19,1,5,2,15
6675,5,2622051495038640716,0,2,2,18,3,3,1,8
6676,5,4748466154841850497,0,1,1,18,2,3,2,8
6677,5,187747375205578141,0,3,3,13,8,3,3,10
6678,5,7486866068847378031,0,2,2,17,3,5,3,18
6679,5,937271199435611663,0,1,1,20,2,3,1,10
6680,5,2640125995015316380,0,1,1,16,4,4,2,12
6681,5,4384397091527323061,0,1,1,18,1,3,1,4
6682,5,3527525398796558631,0,4,4,17,2,6,3,11
6683,5,582685294821595051,0,3,3,16,9,1,1,4
6684,5,421686777337313957,0,3,3,15,5,1,1,2
6685,5,6157962039598215494,0,3,3,16,6,2,2,2
6686,5,6500204671715430010,0,1,1,18,1,3,2,7
6687,5,-7277969098326257012,0,1,1,16,5,3,2,9
6688,5,-8418338581351273110,0,3,3,18,3,4,2,11
6689,5,-8346364940903020058,0,2,2,16,1,3,1,8
6690,5,-2256912487437150353,0,3,3,14,6,3,2,8
6691,5,485613186909951763,0,1,1,17,1,4,2,12
6692,5,8720447522163044812,0,4,4,20,2,6,3,9
6693,5,7210121306527768928,0,2,2,14,2,2,1,8
6694,5,-1580260210845070751,0,2,2,14,6,2,1,9
6695,5,-4909162394895213291,0,0,0,17,6,3,1,6
6696,5,5968404906832067649,0,4,4,17,6,2,1,4
6697,5,-4184064910218079182,0,2,2,16,2,4,2,11
6698,5,5667672761477450113,0,3,3,15,3,6,4,21
6699,5,-1330384577616181669,0,2,2,17,4,4,2,12
6700,5,-8999098831228912046,0,2,2,16,4,2,1,7
6701,5,7275818830640878607,0,0,0,19,1,7,3,19
6702,5,296596314410578258,0,2,2,17,1,5,3,12
6703,5,-1441219173063562976,0,1,1,19,1,4,2,9
6704,5,-7626234261879769826,0,2,2,16,3,2,1,5
6705,5,-2074416569126053281,0,0,0,19,1,6,2,17
6706,5,-7046517756683727061,0,1,1,19,1,5,2,14
6707,5,-3790126052746909034,0,0,0,19,1,6,3,19
6708,5,-1703489583704258602,0,1,1,21,1,5,2,8
6709,5,-7804284779126904134,0,2,2,19,1,5,2,15
6710,5,1470250359302825913,0,2,2,16,2,6,3,14
6711,5,-22102357174343327,0,1,1,16,3,3,2,6
6712,5,-8694641252481026497,0,2,2,19,1,3,1,9
6713,5,-2281392897547328143,0,1,1,16,8,1,1,2
6714,5,-154027907078124166,0,0,0,17,6,3,2,6
6715,5,209819412362229786,0,0,0,18,2,7,4,16
6716,5,-1471541413907196109,0,2,2,17,2,4,1,8
6717,5,5323312188301339141,0,2,2,18,2,5,2,14
6718,5,9181285339779254082,0,1,1,16,7,2,1,3
6719,5,-3511284715066071091,0,2,2,18,2,5,2,11
6720,5,-7053718424545777888,0,4,4,13,5,2,1,6
6721,5,-5736783581673092690,0,1,1,16,5,2,1,6
6722,5,4135675252003210938,0,0,0,21,1,8,4,14
6723,5,-954716192946167173,0,3,3,17,2,3,1,7
6724,5,-3143514049674484089,0,0,0,15,4,5,3,12
6725,5,1390621267095407061,0,3,3,13,3,4,3,8
6726,5,-7100681656636444964,0,3,3,15,4,3,2,4
6727,5,5053365449277379993,0,2,2,18,1,3,1,3
6728,5,-8466716983889852290,0,0,0,19,3,7,3,19
6729,5,4603739891699545754,0,4,4,20,4,4,1,9
6730,5,3949861322916358777,0,3,3,17,3,5,3,13
6731,5,-2474331540510937969,0,3,3,19,5,4,1,7
6732,5,-6161785015497445073,0,0,0,15,8,5,4,16
6733,5,-748155777265924785,0,0,0,22,1,5,1,10
6734,5,-7389899532233583949,0,2,2,15,3,2,1,7
6735,5,-7073361687802619077,0,3,3,16,1,3,2,6
6736,5,6706657603619488855,0,4,4,18,3,6,3,13
6737,5,-2316031185912822022,0,2,2,16,1,2,1,5
6738,5,-2361929129642203773,0,1,1,14,9,1,1,1
6739,5,-365661700615538581,0,4,4,16,5,6,4,17
6740,5,-5240499489376533560,0,0,0,18,4,5,2,14
6741,5,7268455654506228439,0,0,0,16,2,5,2,14
6742,5,-3165305981623825356,0,2,2,17,4,4,1,11
6743,5,-3585344335734839194,0,2,2,17,4,4,2,10
6744,5,-7647659820527862297,0,1,1,16,2,4,2,13
6745,5,-5617603585728114476,0,0,0,17,5,3,1,6
6746,5,3785848242522845670,0,3,3,20,2,4,2,11
6747,5,-2857164141267413148,0,3,3,17,9,1,1,2
6748,5,-7037878582523868114,0,4,4,21,1,6,2,13
6749,5,-7079240107943744492,0,1,1,18,2,4,2,7
6750,5,-6024689002158757364,0,4,4,19,1,8,4,22
6751,5,8906253835716772881,0,3,3,15,2,6,4,21
6752,5,790218071822639531,0,2,2,15,4,4,2,12
6753,5,-1192287933926115987,0,2,2,22,2,5,1,11
6754,5,-7698477853752088850,0,1,1,20,4,4,1,9
6755,5,8558450680973548046,0,3,3,16,5,3,1,7
6756,5,2180769541571225984,0,0,0,17,6,6,2,20
6757,5,6821983457164504553,0,0,0,19,1,4,1,10
6758,5,-3548471568699146200,0,2,2,18,3,5,3,8
6759,5,-1462895844427588496,0,3,3,17,3,7,4,16
6760,5,-2903071520051710623,0,3,3,17,3,3,1,7
6761,5,2463663395540332873,0,2,2,19,2,2,1,5
6762,5,7960938490989119785,0,3,3,20,4,3,1,6
6763,5,-3884563309331996609,0,3,3,18,5,5,4,10
6764,5,-3847952006606570471,0,3,3,16,2,4,2,10
6765,5,4073583971904575613,0,2,2,18,2,8,4,20
6766,5,7722979178909546421,0,0,0,19,7,5,2,13
6767,5,-3816828830310689032,0,3,3,15,5,4,4,8
6768,5,-4211564087106443259,0,1,1,16,5,5,3,17
6769,5,-6090564215674704851,0,3,3,15,5,2,1,6
6770,5,-2356514664673060252,0,2,2,15,2,5,3,15
6771,5,-8806053781474842356,0,0,0,18,6,4,1,7
6772,5,5751503270677149079,0,2,2,14,3,3,2,10
6773,5,-1129956919488518349,0,2,2,17,2,3,1,7
6774,5,-859976995233259744,0,0,0,14,4,6,4,16
6775,5,-3822390218889420705,0,0,0,19,4,5,2,11
6776,5,-2338994330477469228,0,1,1,17,2,4,1,8
6777,5,3387105317293476127,0,0,0,17,2,3,1,9
6778,5,802568019877259691,0,2,2,15,1,4,2,6
6779,5,6845928343984054986,0,3,3,21,6,4,2,7
6780,5,1337102528459565271,0,3,3,17,3,4,2,14
6781,5,-6165268137152595790,0,3,3,19,1,6,4,12
6782,5,5069076997196790295,0,1,1,16,8,3,2,6
6783,5,7052699116272106649,0,4,4,17,2,5,2,14
6784,5,2410870523328025676,0,1,1,18,4,3,2,7
6785,5,-4861521771482139037,0,1,1,17,2,2,1,5
6786,5,2266317388886795084,0,2,2,16,7,3,2,6
6787,5,3248455960006032141,0,2,2,17,3,2,1,5
6788,5,4245993097946733045,0,3,3,18,3,4,2,8
6789,5,-2822905101229678883,0,0,0,17,4,4,1,9
6790,5,6629112526883000709,0,2,2,17,3,3,1,7
6791,5,3924286418216408795,0,0,0,13,3,4,2,12
6792,5,8329692393670527529,0,2,2,20,3,5,2,10
6793,5,-3405617769891594881,0,2,2,16,3,3,2,8
6794,5,5454596815497994451,0,1,1,17,1,3,1,6
6795,5,-7950808765743092053,0,0,0,20,2,5,1,17
6796,5,9006095484768833104,0,0,0,15,1,6,3,17
6797,5,2651227298693394138,0,1,1,14,3,2,1,6
6798,5,-1589468983193746535,0,4,4,19,5,5,3,18
6799,5,-83497801078337126,0,4,4,17,2,6,3,22
6800,5,7218327104449574760,0,0,0,13,3,3,1,7
6801,5,-8765810276409322697,0,2,2,16,2,3,1,8
6802,5,3266344459039504654,0,3,3,15,3,6,4,16
6803,5,1245503742002158008,0,3,3,17,5,3,2,8
6804,5,3412042206902410371,0,1,1,15,4,2,1,6
6805,5,-3624954176240742129,0,1,1,17,5,3,1,8
6806,5,-8476725951372831810,0,1,1,15,2,3,2,9
6807,5,-2532408000513010037,0,3,3,20,3,4,2,6
6808,5,5719830471665486151,0,1,1,19,1,7,4,19
6809,5,-8031245669146122352,0,2,2,18,1,5,2,14
6810,5,8118318895309426697,0,2,2,15,6,3,3,9
6811,5,-4214677093413501046,0,2,2,13,8,2,2,6
6812,5,-9154964863365743508,0,2,2,22,2,4,1,9
6813,5,3840708987361055007,0,3,3,18,5,3,1,9
6814,5,6080614649263749795,0,1,1,15,6,4,3,10
6815,5,-9202234127419644253,0,0,0,16,5,4,2,12
6816,5,-1796134517261404607,0,3,3,20,3,5,3,8
6817,5,-2911390501685037615,0,2,2,19,3,3,2,5
6818,5,-6366646865368471790,0,1,1,17,4,3,1,7
6819,5,1263445215885148854,0,3,3,17,1,6,3,15
6820,5,-2385143605999593688,0,1,1,17,4,3,2,6
6821,5,-7855557795921613328,0,1,1,15,1,6,4,18
6822,5,156298144300561971,0,3,3,26,1,5,2,8
6823,5,-7482532287316973032,0,0,0,18,6,4,1,10
6824,5,5413797138589404694,0,3,3,16,1,3,1,10
6825,5,-3400434407382969220,0,0,0,13,7,2,1,9
6826,5,-7530466342889067338,0,3,3,17,1,2,1,6
6827,5,169171661829137681,0,0,0,14,4,3,1,11
6828,5,-2626278414033414380,0,3,3,13,6,1,1,4
6829,5,477932377373305255,0,1,1,15,5,3,2,10
6830,5,459036194479298973,0,2,2,19,1,4,1,6
6831,5,6625920551310524510,0,1,1,19,2,3,1,10
6832,5,2551542348156537280,0,4,4,18,1,5,2,16
6833,5,-1534656769159690920,0,1,1,20,1,7,3,16
6834,5,9097596660822002881,0,0,0,17,3,5,2,19
6835,5,4856320538725312431,0,0,0,15,5,3,1,6
6836,5,2857999509719562189,0,0,0,16,1,7,4,22
6837,5,-8908573278475282007,0,0,0,16,2,4,2,12
6838,5,3603768957432978765,0,3,3,16,3,6,4,17
6839,5,3888698353893888042,0,2,2,20,2,5,2,13
6840,5,7808786049264769918,0,2,2,18,6,2,2,4
6841,5,-6451665540409014935,0,2,2,19,2,5,2,12
6842,5,1241330096867917889,0,3,3,19,3,5,2,14
6843,5,-3404672415432445209,0,0,0,19,1,5,2,13
6844,5,7976442134289176111,0,2,2,16,1,5,3,14
6845,5,5908256985939211931,0,1,1,18,4,5,3,12
6846,5,-3765952735375446288,0,1,1,16,1,5,3,11
6847,5,-2911750956599863439,0,2,2,17,2,5,2,15
6848,5,-1777693691748581684,0,1,1,15,4,3,2,10
6849,5,4012198056535760117,0,4,4,19,3,4,1,8
6850,5,3840015420671499650,0,1,1,18,2,4,2,13
6851,5,-3472102091348218293,0,2,2,18,1,6,3,16
6852,5,2830832866158690392,0,2,2,13,5,3,2,9
6853,5,1097087391762132066,0,2,2,20,3,6,2,17
6854,5,4139715160081056115,0,4,4,17,4,5,3,12
6855,5,4658330259389430633,0,3,3,19,1,6,2,18
6856,5,6872367927578658920,0,3,3,14,7,3,2,7
6857,5,-4373200003401617535,0,1,1,18,3,5,4,9
6858,5,-5611716908090365934,0,0,0,18,4,7,4,19
6859,5,4000782004961628339,0,2,2,19,2,5,2,10
6860,5,-6281258154114841179,0,3,3,16,8,3,2,8
6861,5,-9101532248687597021,0,3,3,15,4,5,3,13
6862,5,-7107961459230270205,0,2,2,18,3,4,2,7
6863,5,-9027089431349667706,0,3,3,18,6,3,1,7
6864,5,3738323032234309198,0,1,1,15,6,2,1,5
6865,5,-7569981669947700271,0,3,3,17,1,2,1,3
6866,5,7010901306384163006,0,1,1,17,1,3,1,3
6867,5,3535535974376927282,0,3,3,20,2,5,1,13
6868,5,1673251421599975091,0,2,2,18,3,5,3,12
6869,5,-7084173563029556669,0,1,1,18,4,6,4,18
6870,5,532434178487922445,0,4,4,21,1,4,1,9
6871,5,5298983297418171005,0,2,2,14,6,2,2,4
6872,5,-2759273484831014981,0,2,2,20,3,4,1,8
6873,5,-1057145385231025174,0,1,1,16,3,3,1,7
6874,5,-7329220290754374254,0,1,1,18,3,5,4,14
6875,5,6495139195868631582,0,2,2,19,6,4,2,8
6876,5,-740543495495711393,0,3,3,15,5,5,4,16
6877,5,-8884256930440189337,0,0,0,15,4,5,2,13
6878,5,2018923601113324095,0,3,3,18,2,5,3,9
6879,5,8164663380919411779,0,3,3,17,2,5,3,9
6880,5,4900965029058290989,0,4,4,15,3,3,1,6
6881,5,3828766979919402257,0,2,2,17,5,4,2,14
6882,5,-2568688158416424485,0,4,4,19,2,4,2,7
6883,5,5886308251897854731,0,2,2,15,6,1,1,2
6884,5,8213648035355227334,0,2,2,17,1,4,2,7
6885,5,8266817939020229492,0,2,2,16,5,2,1,9
6886,5,5870302456906942084,0,1,1,18,2,5,3,13
6887,5,3757011939905237005,0,1,1,17,1,4,2,9
6888,5,7329685992314241120,0,1,1,15,6,2,2,4
6889,5,-6988311761726863411,0,3,3,18,1,4,2,11
6890,5,-625986623303332312,0,3,3,17,3,2,1,5
6891,5,4049193150050254544,0,1,1,18,1,5,2,14
6892,5,-5173036994942252732,0,1,1,15,2,4,2,11
6893,5,-3223483915848167025,0,3,3,14,4,3,2,10
6894,5,2615986432644116746,0,0,0,19,1,8,4,20
6895,5,-5228924907370950832,0,2,2,20,4,5,2,12
6896,5,4366999320109536337,0,1,1,16,3,5,3,14
6897,5,-2887400902898831392,0,2,2,17,2,3,1,5
6898,5,3762696049422762052,0,1,1,20,4,5,2,18
6899,5,896666702305562752,0,3,3,16,4,4,3,10
6900,5,-2203034020683642761,0,3,3,21,1,7,3,17
6901,5,-633187572122563556,0,0,0,19,3,5,1,12
6902,5,-1986264691605242817,0,3,3,16,3,5,3,12
6903,5,166328215917683394,0,3,3,17,3,5,4,12
6904,5,1661205177923558717,0,1,1,18,1,6,3,12
6905,5,-237972406758939567,0,4,4,19,2,4,2,10
6906,5,4532923349943642940,0,1,1,14,2,4,2,18
6907,5,997800644883862128,0,3,3,13,4,4,3,10
6908,5,5545109235230857532,0,1,1,15,9,1,1,4
6909,5,2623482707207466434,0,2,2,18,2,6,3,23
6910,5,-325738907599519794,0,1,1,17,2,3,1,9
6911,5,-6483222466139807145,0,2,2,15,1,3,1,7
6912,5,392160153103327394,0,1,1,17,6,4,3,13
6913,5,-873866289942100123,0,2,2,20,4,5,2,9
6914,5,-3353753672088580258,0,2,2,15,2,3,1,9
6915,5,-8268656354030868937,0,3,3,18,3,6,2,18
6916,5,8500164322003833776,0,1,1,17,3,5,3,17
6917,5,-576529042435507099,0,1,1,19,1,5,3,13
6918,5,-3635890875623565146,0,0,0,14,8,3,1,10
6919,5,-6812461829892969148,0,0,0,15,2,5,3,15
6920,5,-6329896001044677316,0,3,3,13,6,3,2,5
6921,5,3086890214222370464,0,0,0,16,7,4,2,9
6922,5,7099474953370442294,0,0,0,18,3,5,2,12
6923,5,-3079345016442078040,0,0,0,19,4,8,4,22
6924,5,-7623382767525146320,0,2,2,15,3,4,2,10
6925,5,6093199501112246569,0,1,1,21,2,4,2,8
6926,5,-7683369098856990477,0,2,2,16,5,3,2,10
6927,5,5226815956574493183,0,1,1,15,4,3,2,8
6928,5,-3800800852444841207,0,2,2,19,6,5,3,13
6929,5,1382973694287903431,0,0,0,15,2,4,1,13
6930,5,6310462049602451091,0,0,0,15,1,6,3,21
6931,5,1378584369105348057,0,0,0,17,4,4,2,6
6932,5,-6423157315195257767,0,3,3,18,2,4,2,8
6933,5,6123302073706420341,0,2,2,16,4,3,2,6
6934,5,-2528143162313000926,0,2,2,17,2,6,3,18
6935,5,4089251973895685691,0,3,3,20,4,8,4,20
6936,5,-9167231468612543675,0,2,2,13,2,2,1,5
6937,5,-476846019966117920,0,0,0,21,1,6,2,14
6938,5,8935420687452396671,0,1,1,21,1,4,2,7
6939,5,7571076388024459550,0,3,3,21,4,4,1,9
6940,5,-8030578199843315449,0,2,2,17,5,4,3,9
6941,5,-208868320055197204,0,3,3,15,1,2,1,6
6942,5,8304971746579538655,0,1,1,18,3,4,2,8
6943,5,-6655677608007244049,0,1,1,19,1,6,3,15
6944,5,-6146447224400123795,0,2,2,16,5,6,4,16
6945,5,981471343122832687,0,3,3,18,6,4,2,10
6946,5,-4745048914498870966,0,2,2,15,6,2,2,4
6947,5,-7842126101475463922,0,1,1,15,1,3,1,10
6948,5,-7243280375015785384,0,2,2,15,5,2,2,4
6949,5,-6834056585121288075,0,3,3,16,5,4,3,8
6950,5,68037614145833753,0,3,3,14,4,3,2,7
6951,5,8667731371356428367,0,1,1,14,8,1,1,2
6952,5,2702135720939849279,0,1,1,16,7,2,1,4
6953,5,-5184126437493369542,0,3,3,20,2,7,4,23
6954,5,8300658096358721406,0,2,2,18,6,2,1,2
6955,5,-4051017330176845957,0,2,2,17,1,5,2,17
6956,5,8120482420562709673,0,3,3,19,3,7,3,18
6957,5,4391011301169273395,0,1,1,14,2,5,4,13
6958,5,-7225217362254718980,0,2,2,16,4,5,3,17
6959,5,3812397130022989264,0,3,3,17,3,4,2,12
6960,5,316743226446152118,0,3,3,18,1,4,2,10
6961,5,-7983073176321215035,0,4,4,17,1,5,2,15
6962,5,-6704068867966808341,0,2,2,16,6,2,1,5
6963,5,-4868564721128223363,0,1,1,16,6,3,1,10
6964,5,4434038156872901015,0,1,1,16,6,3,2,7
6965,5,3727927744155748492,0,4,4,18,6,3,2,5
6966,5,-384455760135219722,0,4,4,18,6,4,2,7
6967,5,7589175155668582951,0,3,3,18,1,6,3,12
6968,5,-8054878843739528942,0,2,2,14,5,3,2,10
6969,5,-7515796094165946410,0,2,2,13,5,2,1,9
6970,5,2060556524965545116,0,1,1,17,2,3,1,10
6971,5,-557426749591835801,0,1,1,18,1,4,1,14
6972,5,-3878166096455078913,0,1,1,18,1,4,1,8
6973,5,3607925234358380582,0,0,0,18,4,4,1,9
6974,5,3142533322864559794,0,2,2,18,2,3,1,7
6975,5,3715200566331475786,0,0,0,17,1,4,1,9
6976,5,-439347596379573299,0,0,0,17,3,5,2,15
6977,5,8947311921218207665,0,3,3,17,2,3,1,11
6978,5,6134713057419956959,0,2,2,17,2,6,4,17
6979,5,-2525730571632079665,0,2,2,13,5,1,1,2
6980,5,-7756615832972734979,0,0,0,16,3,5,2,11
6981,5,3037912067255507172,0,2,2,17,1,4,1,16
6982,5,-1503191557749100258,0,2,2,17,3,4,2,11
6983,5,4570341963087386221,0,1,1,16,4,4,2,8
6984,5,-1033209078828735834,0,4,4,19,3,5,2,15
6985,5,2059046917952617692,0,1,1,14,4,3,2,6
6986,5,5835624817166684480,0,0,0,19,1,6,2,18
6987,5,1093496761600892042,0,3,3,18,4,4,2,9
6988,5,4552480000875834096,0,1,1,18,6,3,2,7
6989,5,-6617310393569362452,0,2,2,16,2,5,3,14
6990,5,-13917856386191001,0,3,3,14,2,4,2,14
6991,5,1303949843439337477,0,2,2,16,5,4,3,9
6992,5,-7800238331291238503,0,3,3,18,1,7,4,21
6993,5,-8671781787169756645,0,0,0,18,1,4,2,10
6994,5,1820443378441360525,0,2,2,15,2,6,4,18
6995,5,2854478280907416749,0,2,2,16,2,4,2,15
6996,5,-1647198423708846221,0,1,1,19,5,2,1,6
6997,5,-2651168030480069213,0,3,3,16,3,3,2,6
6998,5,4167887984747448571,0,3,3,13,5,4,3,10
6999,5,-6145397366937216057,0,1,1,14,5,4,3,13
7000,5,6622791744407229923,0,2,2,17,6,4,2,6
7001,5,2428817019334690163,0,1,1,17,8,3,2,7
7002,5,9083171574397058770,0,2,2,21,1,6,3,10
7003,5,-3069267974389752180,0,0,0,17,2,4,1,11
7004,5,4124156126045833572,0,3,3,18,2,5,3,9
7005,5,6926930310166487470,0,3,3,18,3,5,3,10
7006,5,-561956813120278907,0,2,2,19,2,3,1,8
7007,5,-4537409599496316760,0,2,2,17,2,3,1,8
7008,5,1184264670643517954,0,0,0,17,1,4,1,12
7009,5,-4350764338369931222,0,4,4,17,2,7,3,21
7010,5,2777221971708792669,0,0,0,14,5,4,2,12
7011,5,-2653917817768312131,0,2,2,17,1,4,2,11
7012,5,3762694856519542752,0,1,1,17,2,6,3,16
7013,5,4255239403744380658,0,1,1,18,5,3,2,11
7014,5,6055563522080611828,0,1,1,19,1,4,2,13
7015,5,3100282428303199454,0,1,1,15,3,2,1,8
7016,5,-3034730753709729358,0,1,1,15,5,4,2,14
7017,5,-1356093758398265659,0,3,3,16,1,6,4,20
7018,5,3461538559402635962,0,1,1,17,2,4,3,8
7019,5,-8104606647725631212,0,3,3,15,2,5,3,16
7020,5,3100143538556181316,0,0,0,19,2,6,3,14
7021,5,-4274967025515278956,0,1,1,17,3,3,2,8
7022,5,6019664367064508532,0,2,2,15,5,5,3,18
7023,5,3644187377470162396,0,1,1,16,5,3,2,4
7024,5,-2562806732612973583,0,3,3,16,1,4,2,13
7025,5,7178626755762053384,0,2,2,12,6,2,2,8
7026,5,-2528938056478321993,0,3,3,15,4,5,3,15
7027,5,-3881599851923011417,0,2,2,13,7,2,1,7
7028,5,6002492749345766700,0,0,0,18,4,3,1,6
7029,5,-5740339521164781319,0,3,3,16,6,4,2,12
7030,5,-4238950493792320399,0,0,0,16,1,4,1,13
7031,5,-2009519747212847015,0,0,0,19,1,9,4,22
7032,5,6331461523419881723,0,0,0,19,1,7,3,19
7033,5,-3064220011113991688,0,4,4,17,2,5,3,10
7034,5,1466558915711411809,0,1,1,15,3,2,1,6
7035,5,7366808453004519371,0,4,4,18,3,4,1,8
7036,5,-2658094746604337034,0,2,2,18,2,8,4,23
7037,5,-8551766119665722,0,1,1,17,4,4,2,8
7038,5,-6606994399931425382,0,2,2,18,2,4,2,10
7039,5,-6966031708532215734,0,1,1,17,3,4,2,12
7040,5,-5533398552955637171,0,1,1,17,3,5,3,12
7041,5,6675710725143957467,0,0,0,15,1,5,2,18
7042,5,-5465287096872205820,0,0,0,24,2,7,2,14
7043,5,-4342075602127352811,0,2,2,21,2,4,1,12
7044,5,-8592948087892530880,0,2,2,16,8,1,1,1
7045,5,-2721214004671476768,0,2,2,21,1,4,1,8
7046,5,2900202927175640283,0,1,1,19,1,3,1,7
7047,5,8275874401695752418,0,1,1,16,6,3,1,5
7048,5,3530899394762273444,0,1,1,17,1,3,1,9
7049,5,-592203924350784459,0,3,3,17,1,4,2,9
7050,5,-776620026565613778,0,2,2,17,2,4,2,11
7051,5,-1167223397464139175,0,2,2,19,2,5,2,16
7052,5,4014588569848089829,0,2,2,17,1,4,2,11
7053,5,9064169809121602156,0,1,1,16,3,5,4,12
7054,5,-2404978791177576351,0,3,3,16,1,4,2,15
7055,5,863550009832453272,0,0,0,19,5,8,4,24
7056,5,7581530042935049726,0,1,1,19,4,6,3,14
7057,5,6046424738551276492,0,1,1,14,7,3,2,8
7058,5,7212790798169937067,0,4,4,16,1,5,3,16
7059,5,6766757750413792941,0,3,3,16,2,3,2,8
7060,5,-4336386741560888830,0,1,1,17,3,4,2,11
7061,5,-4068758755358581809,0,1,1,17,8,4,3,12
7062,5,8229649492834859929,0,2,2,18,3,3,1,7
7063,5,4858540875625659679,0,1,1,16,7,2,1,5
7064,5,6182954918210709911,0,2,2,17,1,3,1,10
7065,5,9174374821567221412,0,3,3,21,2,6,3,14
7066,5,3337487191375582857,0,1,1,22,3,7,3,14
7067,5,6522028344844694630,0,3,3,18,2,3,1,7
7068,5,3707325641796483190,0,1,1,14,9,3,3,6
7069,5,573103427671413677,0,1,1,18,5,6,4,11
7070,5,-64474611437742288,0,0,0,19,2,5,1,12
7071,5,-8068879698077965458,0,2,2,18,3,5,3,7
7072,5,-2384411246051978259,0,1,1,17,2,3,2,8
7073,5,6825201911800238082,0,3,3,20,1,6,2,11
7074,5,-4202669579264223723,0,0,0,16,4,4,2,16
7075,5,-6906454743570242023,0,2,2,16,3,4,2,10
7076,5,3598265996304609628,0,1,1,21,1,5,2,9
7077,5,2211932568764545261,0,0,0,19,1,5,2,8
7078,5,1536616159430039827,0,4,4,18,2,7,4,23
7079,5,-1691241841996548166,0,2,2,16,9,1,1,2
7080,5,1706252460474987707,0,1,1,14,2,2,1,5
7081,5,-168339858386475412,0,4,4,17,1,3,2,11
7082,5,1901092711241869787,0,3,3,13,6,2,1,3
7083,5,-5180063502066553446,0,2,2,15,4,2,1,2
7084,5,3105888814777216787,0,0,0,15,3,5,3,18
7085,5,1586001912204522931,0,0,0,17,4,7,3,26
7086,5,-3835961784327111568,0,0,0,17,2,7,3,18
7087,5,-2493475918122303114,0,3,3,13,9,1,1,2
7088,5,-7151031800967009024,0,1,1,18,2,5,2,17
7089,5,1387002530979609511,0,2,2,19,3,4,2,11
7090,5,-1361938453817514583,0,1,1,14,2,3,2,9
7091,5,1121433221283621887,0,2,2,17,5,2,1,3
7092,5,-7426803405289908938,0,0,0,21,3,7,3,11
7093,5,-5265050439870265501,0,0,0,20,4,5,2,11
7094,5,9048401435234279858,0,2,2,20,2,5,3,11
7095,5,-896710932242755751,0,1,1,19,2,5,2,12
7096,5,-4222036318915832071,0,1,1,16,1,4,2,14
7097,5,6056996182710744247,0,2,2,17,1,5,3,15
7098,5,-441274994787849589,0,0,0,19,1,4,1,11
7099,5,-1566594950840061540,0,1,1,17,1,4,1,15
7100,5,6080143991645939875,0,3,3,16,1,6,4,18
7101,5,-3512102247987638620,0,1,1,16,2,4,2,10
7102,5,2874467280180944520,0,2,2,18,4,5,3,14
7103,5,-8557695769823213738,0,2,2,17,3,4,2,9
7104,5,-7476115555304827358,0,0,0,19,2,7,3,15
7105,5,7666126537628402145,0,3,3,17,6,3,3,7
7106,5,-217821214964500785,0,0,0,19,1,5,2,14
7107,5,-7225662410662146552,0,4,4,16,5,5,2,14
7108,5,-409113823637643401,0,2,2,12,6,2,1,8
7109,5,2469555840139976537,0,2,2,16,2,3,1,8
7110,5,7351135041781403101,0,1,1,15,1,5,3,18
7111,5,-3617535722730457436,0,3,3,18,4,5,3,15
7112,5,-5427826500214036680,0,4,4,21,1,6,1,16
7113,5,-5927545777219686741,0,2,2,16,6,3,2,9
7114,5,-3271816872983579135,0,0,0,22,4,6,3,14
7115,5,-5767502533211267050,0,1,1,18,4,4,2,9
7116,5,-5356605655789014770,0,3,3,20,1,6,4,11
7117,5,4412054449360048297,0,1,1,20,1,3,1,8
7118,5,-8075747152938459168,0,3,3,17,3,6,4,14
7119,5,-7670585119291645512,0,3,3,14,5,2,2,4
7120,5,-6781778615847538632,0,2,2,14,4,4,2,14
7121,5,-968773304879451687,0,2,2,18,2,7,4,17
7122,5,3635579192911204591,0,3,3,19,5,2,1,6
7123,5,-1392551795646814757,0,2,2,18,2,4,2,10
7124,5,-32300504944335353,0,1,1,17,4,4,2,12
7125,5,-6295496786203734793,0,1,1,18,3,3,1,7
7126,5,-8704383966302705156,0,2,2,21,1,8,4,20
7127,5,1342927660557849669,0,2,2,20,4,5,2,14
7128,5,3787665557276905568,0,0,0,18,4,6,3,11
7129,5,811127667381894513,0,4,4,24,3,5,1,9
7130,5,-4012796043800265306,0,2,2,18,3,4,2,8
7131,5,6054266615838493870,0,0,0,18,3,6,2,22
7132,5,2793962751919368253,0,1,1,18,1,4,1,10
7133,5,3404415335846060521,0,2,2,19,6,4,2,11
7134,5,1899021599419414240,0,3,3,15,4,5,4,12
7135,5,-4907390383466729150,0,3,3,15,6,3,1,5
7136,5,-273209616878833620,0,1,1,18,5,3,2,4
7137,5,-3205688540052107593,0,2,2,14,6,5,4,13
7138,5,-6172453769565188238,0,1,1,17,3,3,2,7
7139,5,-7937213413132484318,0,2,2,18,1,6,4,18
7140,5,-5818136868065684786,0,2,2,18,2,7,3,16
7141,5,3739154857433845861,0,2,2,15,7,1,1,4
7142,5,2199416652572087928,0,3,3,21,1,5,1,11
7143,5,-1531281114045971742,0,3,3,17,3,6,3,18
7144,5,-1651733115942317735,0,1,1,15,4,5,3,15
7145,5,-2392754886607847887,0,3,3,20,1,6,3,10
7146,5,7955726245549852385,0,1,1,17,7,3,2,5
7147,5,8970300406464462605,0,3,3,17,4,2,1,7
7148,5,-2685520177050156521,0,4,4,17,2,4,1,11
7149,5,5692827107184417934,0,0,0,19,3,3,1,7
7150,5,-6875736826611995151,0,2,2,14,5,3,2,8
7151,5,-496706311785428323,0,1,1,18,1,5,2,14
7152,5,-7219908903301636379,0,1,1,20,2,4,2,8
7153,5,2535716360326139811,0,1,1,19,3,5,3,8
7154,5,6863180983785382335,0,1,1,17,3,3,1,11
7155,5,-7924720819594419837,0,0,0,21,1,7,3,15
7156,5,-1475444419393199179,0,1,1,15,5,2,1,5
7157,5,-5984044489592283702,0,1,1,16,4,2,1,2
7158,5,-3558584699530360904,0,1,1,17,1,5,2,14
7159,5,-1708494004979543771,0,0,0,22,2,8,2,14
7160,5,1126332289433091340,0,2,2,16,3,5,3,18
7161,5,4142307449448595986,0,1,1,19,1,5,2,12
7162,5,-7889852724017829094,0,2,2,15,2,4,3,11
7163,5,-7270507304035831078,0,3,3,15,6,5,4,14
7164,5,-972636785144904060,0,0,0,16,6,3,1,8
7165,5,-1863495106890854722,0,3,3,21,2,6,2,13
7166,5,8849723786574898042,0,4,4,16,4,5,3,11
7167,5,-2740740390445386128,0,4,4,19,3,6,2,15
7168,5,-8048845979100079797,0,2,2,19,4,3,2,3
7169,5,829344685381558212,0,2,2,16,2,5,3,9
7170,5,-2254440543117407425,0,2,2,17,1,3,1,10
7171,5,-2575651451663975257,0,4,4,17,3,3,1,6
7172,5,4117713610091457187,0,3,3,20,2,6,3,14
7173,5,5319942963965861199,0,4,4,17,1,5,3,12
7174,5,6393988617199453732,0,2,2,17,7,3,1,10
7175,5,-2010844804099833420,0,0,0,18,1,4,1,12
7176,5,3211579567224355424,0,3,3,18,1,4,2,12
7177,5,702019275321314878,0,4,4,15,2,4,3,10
7178,5,7361155458176954,0,2,2,15,1,4,2,8
7179,5,9131970737723185087,0,4,4,19,2,4,1,10
7180,5,-7438741574753267347,0,3,3,16,1,5,3,12
7181,5,-3113216118897722717,0,4,4,23,2,4,2,8
7182,5,6193846354797070819,0,2,2,16,3,3,1,10
7183,5,641654554773811557,0,2,2,14,6,2,2,4
7184,5,1612907903277060167,0,1,1,19,1,3,1,9
7185,5,4698061505350606404,0,3,3,18,1,5,2,16
7186,5,4853077878476039000,0,2,2,20,1,5,2,15
7187,5,1862067445587868726,0,2,2,18,4,4,3,7
7188,5,5755647222949318016,0,3,3,18,5,2,1,3
7189,5,5526118398062701341,0,2,2,18,3,4,3,10
7190,5,-5826319903860576731,0,1,1,19,2,3,1,5
7191,5,6619962568499120952,0,0,0,16,2,5,1,17
7192,5,-6796935621323619267,0,2,2,19,6,2,1,9
7193,5,-1544475976138236965,0,0,0,18,2,5,2,13
7194,5,-4813627328047378904,0,1,1,17,4,3,2,8
7195,5,-8803377728540978846,0,2,2,18,3,5,3,12
7196,5,2786694655910679225,0,3,3,15,7,3,3,5
7197,5,4121600652728014435,0,2,2,19,3,3,1,10
7198,5,-6739072293342533739,0,1,1,16,5,1,1,3
7199,5,-7154657005732991966,0,3,3,13,5,2,2,6
7200,5,-3256603320055150400,0,2,2,17,1,7,4,20
7201,5,5448660360449187401,0,3,3,19,2,4,1,10
7202,5,-3893940425805539980,0,3,3,18,1,5,2,13
7203,5,7007527530170138072,0,0,0,15,7,3,2,8
7204,5,-886629147406236107,0,2,2,20,5,3,1,8
7205,5,-5479630132058826919,0,2,2,19,2,4,1,9
7206,5,-2270472213358858207,0,2,2,18,2,2,1,3
7207,5,-3358033019497392040,0,2,2,16,5,2,1,8
7208,5,-5932797431781299828,0,0,0,15,1,7,3,24
7209,5,279153766132226066,0,0,0,16,3,6,3,20
7210,5,4606901310716044236,0,1,1,17,1,3,1,8
7211,5,-1018363057680795796,0,2,2,15,4,4,3,11
7212,5,-3343809752860160432,0,2,2,16,3,4,2,13
7213,5,5204284761772346406,0,2,2,19,2,5,2,10
7214,5,2039018984157075191,0,0,0,18,2,6,3,14
7215,5,-6326522560475460784,0,1,1,15,2,3,1,13
7216,5,-5304293917505709154,0,3,3,15,3,4,2,14
7217,5,2130471372339357436,0,0,0,21,4,5,2,9
7218,5,-4058194185852313349,0,2,2,15,8,2,2,8
7219,5,5337306502998610740,0,1,1,16,2,4,3,12
7220,5,-7561489086816116055,0,2,2,17,4,3,2,8
7221,5,6582439419395319342,0,3,3,15,3,2,1,6
7222,5,6643356678110171267,0,2,2,15,2,3,2,10
7223,5,-6145098764168214594,0,1,1,19,4,3,2,5
7224,5,6104747435810606388,0,2,2,18,4,5,4,15
7225,5,8922018294034899979,0,1,1,18,1,4,1,8
7226,5,2105793042419712526,0,0,0,16,2,6,3,20
7227,5,-2609025566881901179,0,4,4,16,7,3,2,6
7228,5,7053805415215750171,0,0,0,18,2,7,3,20
7229,5,-2956711450454377962,0,4,4,17,2,6,2,19
7230,5,-1464338375992359311,0,2,2,14,5,2,1,6
7231,5,-8434767811677591657,0,2,2,19,4,4,2,8
7232,5,795043086455535050,0,1,1,18,3,5,2,11
7233,5,9160518362053538693,0,0,0,19,2,4,1,12
7234,5,4259372672040786259,0,3,3,21,4,5,2,17
7235,5,-2164361995119934988,0,1,1,15,1,5,3,14
7236,5,5056673692468954308,0,0,0,16,7,3,2,10
7237,5,1007561935445053379,0,2,2,19,2,6,3,15
7238,5,1140521641817122736,0,3,3,15,8,5,4,14
7239,5,1393504069681556496,0,2,2,16,6,1,1,2
7240,5,-5622697479160404451,0,3,3,18,1,6,4,17
7241,5,-496914887759620882,0,0,0,18,3,5,2,9
7242,5,-5736786227486054825,0,3,3,16,3,6,3,21
7243,5,5293614687119387477,0,3,3,18,4,5,3,10
7244,5,8262168273859225601,0,1,1,18,1,4,1,8
7245,5,1535994976566964825,0,0,0,17,2,6,2,21
7246,5,-2370752013713999764,0,2,2,16,5,3,2,6
7247,5,-9012254820922847841,0,2,2,19,1,4,1,9
7248,5,3007036907995404331,0,1,1,19,1,7,4,15
7249,5,-4001635212045126900,0,2,2,18,4,6,3,14
7250,5,-6741392968144001562,0,2,2,18,2,8,4,20
7251,5,187424054167897022,0,2,2,17,3,3,2,6
7252,5,6573413345328095854,0,3,3,17,5,5,3,11
7253,5,678284986403110975,0,2,2,18,1,5,3,11
7254,5,-2486223766958595566,0,2,2,19,4,4,2,11
7255,5,6803238141985033207,0,4,4,22,1,4,1,5
7256,5,3603718248593456944,0,0,0,16,4,4,1,6
7257,5,-5309668989651209245,0,3,3,16,3,4,3,4
7258,5,4307347233444749838,0,1,1,15,3,3,1,10
7259,5,-2010336293002924924,0,2,2,15,2,2,1,8
7260,5,-5007795932059422230,0,2,2,18,2,3,1,10
7261,5,-467000776615478503,0,0,0,15,9,2,1,6
7262,5,4477753185956250447,0,1,1,17,2,5,2,15
7263,5,-51800846807073265,0,1,1,18,4,3,1,9
7264,5,6453889492667094953,0,1,1,20,1,4,1,12
7265,5,7901693522434984120,0,2,2,17,2,3,2,4
7266,5,-8603186210305342948,0,0,0,19,3,4,1,11
7267,5,-8602770157037287877,0,1,1,19,3,4,2,5
7268,5,8910356790567798160,0,1,1,18,3,5,3,14
7269,5,8194495934737127371,0,3,3,14,4,5,4,15
7270,5,-1496825066887282672,0,1,1,17,3,3,2,5
7271,5,7634809687569293851,0,2,2,20,1,5,3,15
7272,5,3921374843813230420,0,2,2,16,2,5,3,16
7273,5,-6469079932266709487,0,3,3,15,1,4,2,13
7274,5,174457471790389916,0,3,3,17,7,4,3,9
7275,5,-3478199258393624391,0,1,1,17,3,5,3,11
7276,5,-2502221533090951746,0,0,0,19,1,7,3,12
7277,5,-2539579051006423428,0,3,3,17,2,6,3,17
7278,5,-5377605143192022654,0,1,1,16,2,4,2,11
7279,5,3742902384836619665,0,1,1,18,1,4,1,12
7280,5,6321283110136880429,0,1,1,15,3,3,2,8
7281,5,-2629353470226478158,0,1,1,20,1,6,2,12
7282,5,5432009253552667995,0,2,2,15,3,3,2,9
7283,5,-1474926323454399725,0,2,2,16,2,6,4,20
7284,5,6804208434356145169,0,0,0,18,3,5,2,11
7285,5,3932933444362447503,0,0,0,17,1,6,3,16
7286,5,5429333494388708882,0,0,0,17,3,3,1,9
7287,5,-9006114492963054300,0,0,0,17,7,3,1,7
7288,5,-6755442398688165519,0,1,1,17,3,4,2,13
7289,5,2963453208551433377,0,2,2,14,3,3,2,8
7290,5,-2691383107510531737,0,1,1,20,1,5,3,14
7291,5,2567301396006044573,0,1,1,17,1,3,2,6
7292,5,5105138830999446374,0,1,1,16,1,4,2,10
7293,5,-3984053776793888085,0,1,1,15,4,3,2,10
7294,5,-2650174771799449234,0,0,0,15,6,5,2,19
7295,5,7953717277621716171,0,1,1,13,8,4,3,18
7296,5,613137449552930206,0,4,4,20,4,7,3,17
7297,5,2693595050416047906,0,1,1,18,1,5,3,11
7298,5,-7309682396278228211,0,0,0,17,2,5,2,12
7299,5,-5279009236020541459,0,2,2,17,2,4,2,8
7300,5,-2647064549462906918,0,2,2,22,3,5,2,10
7301,5,-1633932705461239629,0,2,2,17,5,2,1,4
7302,5,9069699050033351809,0,1,1,18,2,4,1,10
7303,5,5396588012256403386,0,0,0,21,1,7,3,13
7304,5,-3491584878580734864,0,2,2,17,1,4,2,10
7305,5,-3231779442708443973,0,1,1,16,1,4,2,12
7306,5,-5063665497023726631,0,1,1,15,5,4,2,17
7307,5,-8951806386676267816,0,3,3,15,6,4,3,7
7308,5,-8152033739326492983,0,3,3,17,5,3,2,4
7309,5,-710820281994296883,0,3,3,21,1,6,2,12
7310,5,-3611677728816298631,0,2,2,18,5,3,1,5
7311,5,-6105487804772720538,0,2,2,19,1,6,3,12
7312,5,-3362643979455053340,0,1,1,14,5,3,3,9
7313,5,288181556174469680,0,0,0,18,3,5,2,11
7314,5,3461346839241585305,0,0,0,20,5,3,1,4
7315,5,7163368446781204083,0,1,1,17,6,5,3,11
7316,5,-4401214514152202542,0,1,1,16,7,1,1,2
7317,5,289765969171240542,0,1,1,16,1,3,1,9
7318,5,5394690157837541316,0,1,1,17,8,3,2,5
7319,5,2112746879777423492,0,1,1,14,6,3,2,12
7320,5,7915360602186447672,0,3,3,23,2,4,3,4
7321,5,-4353730654817857657,0,1,1,17,3,4,2,11
7322,5,-5152870727154560166,0,0,0,17,1,7,3,20
7323,5,6576406637576308754,0,1,1,20,4,5,2,8
7324,5,-1908821834434805808,0,1,1,17,2,3,1,10
7325,5,-257297102243161588,0,1,1,16,5,4,3,12
7326,5,7649489439377466382,0,3,3,19,1,4,2,5
7327,5,-1354806602765790967,0,1,1,23,1,5,1,14
7328,5,1999189876686935784,0,3,3,18,3,5,2,16
7329,5,-6536672217526593532,0,0,0,15,2,6,3,15
7330,5,4682826323671297896,0,3,3,22,4,4,1,8
7331,5,1402567088393258059,0,2,2,15,8,2,2,2
7332,5,31276440408869601,0,3,3,18,2,5,3,10
7333,5,2416844386116541370,0,4,4,18,1,3,1,11
7334,5,8493590695434870851,0,0,0,16,2,8,4,27
7335,5,8622601674129852971,0,3,3,17,9,4,4,4
7336,5,-3912247197248703311,0,2,2,21,2,5,2,11
7337,5,949498352362764844,0,1,1,18,3,4,1,8
7338,5,1222956330344924496,0,2,2,17,4,3,1,7
7339,5,4022403548026193139,0,1,1,21,1,6,3,13
7340,5,665692402253052514,0,1,1,15,3,4,3,10
7341,5,3617442476989509006,0,1,1,15,4,2,1,2
7342,5,-7249301451356997742,0,2,2,18,2,3,1,8
7343,5,-3144704241950631074,0,2,2,16,3,2,1,5
7344,5,-9121153467773461103,0,2,2,19,1,7,4,19
7345,5,-3662556609736079419,0,2,2,16,6,4,2,14
7346,5,2880432371533713633,0,2,2,18,2,6,3,17
7347,5,-5944943468729953506,0,1,1,17,2,4,2,10
7348,5,-8979493252477658641,0,2,2,17,2,4,2,9
7349,5,-6440136142964493075,0,2,2,18,3,4,2,14
7350,5,-3873406709052902809,0,2,2,18,1,7,4,19
7351,5,-2225715198610703529,0,4,4,17,3,5,2,11
7352,5,-203027351155125309,0,1,1,16,2,3,1,9
7353,5,-5800664290145874476,0,1,1,16,7,3,2,11
7354,5,-7706886146384176347,0,0,0,16,3,4,1,12
7355,5,-4167008367457638622,0,2,2,14,8,1,1,3
7356,5,5012638547677828711,0,3,3,17,4,6,3,15
7357,5,-4694743283265783172,0,1,1,17,2,3,1,10
7358,5,4923273472641420911,0,0,0,14,7,4,2,14
7359,5,-631126044700215285,0,0,0,21,3,6,2,8
7360,5,2390668769479074503,0,3,3,16,8,3,2,4
7361,5,-4076816357015313251,0,2,2,16,1,5,3,17
7362,5,-4029172019194312084,0,4,4,17,4,4,2,11
7363,5,-2756929572697507692,0,2,2,15,2,3,2,10
7364,5,8297646317723864549,0,3,3,13,4,2,1,7
7365,5,6626556248075385376,0,1,1,18,1,4,3,7
7366,5,40549216176033431,0,2,2,16,2,3,1,9
7367,5,-3178964953101629776,0,3,3,18,5,5,3,9
7368,5,-8549125721432674473,0,3,3,16,1,5,3,15
7369,5,-6829372016329769051,0,1,1,19,2,4,2,9
7370,5,2165211228828021313,0,3,3,18,2,5,3,12
7371,5,-1187151467848823224,0,1,1,17,4,3,1,7
7372,5,-374492950889750585,0,4,4,16,4,6,4,17
7373,5,-2513935803323993346,0,1,1,17,4,2,1,5
7374,5,4680720343862299404,0,3,3,21,3,4,1,7
7375,5,8959184701098070970,0,0,0,13,6,2,1,7
7376,5,-7134370167717066894,0,2,2,18,2,3,2,6
7377,5,-6164151455224676942,0,3,3,14,3,3,2,8
7378,5,2958961717271323505,0,3,3,19,4,6,4,12
7379,5,6917335364402269781,0,4,4,19,4,4,1,15
7380,5,3111330924439092394,0,1,1,19,4,3,2,9
7381,5,8737059629708277627,0,0,0,21,1,8,4,14
7382,5,-216340670676958917,0,2,2,15,5,4,2,12
7383,5,2839655924166890206,0,1,1,18,4,7,4,17
7384,5,-2821671533295685036,0,2,2,18,4,3,2,6
7385,5,7743415998293375176,0,0,0,15,7,3,1,9
7386,5,8460921312691158026,0,1,1,17,6,1,1,4
7387,5,-7492678950465958387,0,2,2,16,3,3,1,6
7388,5,3374537075401586283,0,0,0,18,2,4,1,11
7389,5,-3554785864684323524,0,2,2,17,1,6,4,17
7390,5,106418878958429138,0,1,1,14,2,2,1,9
7391,5,8417228662732738321,0,1,1,17,3,5,3,16
7392,5,4682839199970558075,0,3,3,15,7,2,1,8
7393,5,7721586812653426221,0,3,3,17,3,3,1,6
7394,5,-3714442930175461543,0,0,0,15,2,5,2,16
7395,5,7392758629289370120,0,3,3,20,2,5,3,14
7396,5,-9207833865886052314,0,1,1,20,1,6,3,15
7397,5,-6825525183445144282,0,1,1,15,4,4,2,12
7398,5,-1822640453930325316,0,1,1,15,3,5,3,7
7399,5,8901496049011112584,0,2,2,19,2,2,1,5
7400,5,3118884524368092067,0,2,2,14,2,5,3,13
7401,5,-3020310274542430619,0,1,1,19,5,5,2,14
7402,5,3914770260994604522,0,3,3,19,5,5,2,12
7403,5,9090333034011962905,0,2,2,21,3,6,3,13
7404,5,-6424213831829926342,0,3,3,14,5,3,2,5
7405,5,48887359138919261,0,1,1,16,8,3,2,11
7406,5,4475312855061226279,0,0,0,18,1,6,3,15
7407,5,8664268228444864185,0,0,0,18,4,4,2,12
7408,5,-3209355659801684279,0,1,1,15,4,2,1,5
7409,5,4735288797576766774,0,1,1,12,6,2,2,10
7410,5,4302581326182151563,0,4,4,23,4,5,2,13
7411,5,1320446679844975958,0,3,3,14,6,1,1,2
7412,5,-3560121274111179198,0,0,0,20,1,9,4,24
7413,5,5690953752027172680,0,2,2,13,9,1,1,2
7414,5,-7479132168187101311,0,1,1,17,4,5,3,12
7415,5,2645371026912578647,0,2,2,18,5,5,2,11
7416,5,7629060113446911531,0,2,2,16,4,3,2,7
7417,5,2669190996463217060,0,1,1,17,2,6,3,16
7418,5,2904919938834911560,0,0,0,20,2,4,1,7
7419,5,-4954107010567362028,0,2,2,15,5,2,1,5
7420,5,729415009367404316,0,0,0,20,2,7,3,17
7421,5,-2206773062853024885,0,3,3,16,4,6,4,18
7422,5,4900412453045036917,0,2,2,15,3,3,2,9
7423,5,90996485317487449,0,2,2,17,6,2,2,4
7424,5,-8223256884693604540,0,1,1,15,5,4,3,13
7425,5,-2347530971200580108,0,3,3,19,1,4,2,9
7426,5,5718440455814193519,0,2,2,14,4,4,3,10
7427,5,532450058308795879,0,0,0,19,2,7,4,14
7428,5,5870672536523370725,0,3,3,15,4,3,2,6
7429,5,3712227287290873354,0,1,1,15,7,3,2,8
7430,5,-1674282883899717646,0,1,1,18,3,4,2,12
7431,5,1816031049302969075,0,3,3,17,5,3,1,10
7432,5,7267702194774966484,0,1,1,18,1,4,1,9
7433,5,7399034187041863596,0,4,4,18,4,6,3,11
7434,5,-7860685074236808307,0,2,2,14,7,2,1,6
7435,5,7268895616594162086,0,1,1,18,5,4,3,8
7436,5,-8231066422716353286,0,1,1,18,2,6,3,12
7437,5,-1828732735258603540,0,3,3,17,2,5,3,14
7438,5,6567712732166218532,0,3,3,15,5,2,1,2
7439,5,814170198260404635,0,0,0,16,1,4,2,12
7440,5,-4691643403089993003,0,1,1,14,3,5,3,20
7441,5,-756138639264757871,0,2,2,18,5,3,2,8
7442,5,-5828846499600166290,0,2,2,19,1,6,3,18
7443,5,5429350853737702755,0,3,3,13,9,1,1,3
7444,5,4835136935563376119,0,1,1,15,4,3,2,5
7445,5,385802231297781140,0,3,3,17,2,3,1,5
7446,5,5676437918588543096,0,3,3,17,2,4,2,12
7447,5,6864337756170104068,0,2,2,10,1,2,1,10
7448,5,-429232697870623098,0,2,2,20,1,7,3,18
7449,5,5985862855991425446,0,2,2,18,1,3,1,7
7450,5,741262908434970144,0,0,0,18,1,7,3,24
7451,5,-3507917744423606154,0,0,0,15,4,4,2,9
7452,5,-6233361290524520517,0,1,1,19,5,3,1,5
7453,5,5007080956094459561,0,1,1,20,2,4,2,10
7454,5,-4237796353946968934,0,4,4,17,1,7,4,20
7455,5,8159893936683180581,0,0,0,20,2,6,2,16
7456,5,-7686260484333105565,0,1,1,18,3,3,2,8
7457,5,-8289948747776881357,0,0,0,16,3,4,1,8
7458,5,791949677836170223,0,1,1,18,1,5,3,9
7459,5,580808796372715890,0,4,4,20,2,7,4,18
7460,5,5049615639163735905,0,2,2,16,2,5,3,19
7461,5,4634109647718782478,0,2,2,21,3,6,2,14
7462,5,6567970988091488633,0,2,2,15,6,2,2,6
7463,5,8959730954313948466,0,3,3,15,3,4,2,10
7464,5,-6607850720854366678,0,1,1,19,6,3,2,6
7465,5,4346009192936365242,0,1,1,18,6,4,3,9
7466,5,3809915178678017641,0,0,0,16,3,3,1,12
7467,5,-1080728399603177939,0,0,0,16,2,3,1,9
7468,5,6150013084197618503,0,0,0,16,2,4,1,9
7469,5,-2679252130439353878,0,4,4,18,7,5,4,10
7470,5,-3070959723335242175,0,2,2,19,1,3,1,7
7471,5,-8275863967325486688,0,4,4,16,2,6,3,21
7472,5,-7765087732130905385,0,4,4,18,2,2,1,6
7473,5,-5813506466490716669,0,4,4,20,1,4,1,10
7474,5,-8251060202760059558,0,0,0,16,5,3,1,11
7475,5,-5790817838949352516,0,4,4,19,1,4,1,9
7476,5,-7522568479167673590,0,2,2,19,2,5,2,12
7477,5,6243649438953112480,0,3,3,17,2,2,1,5
7478,5,-8237282255264164000,0,4,4,20,3,6,3,17
7479,5,7298124897457076772,0,0,0,18,5,4,2,7
7480,5,-859561809653974361,0,3,3,18,1,3,1,10
7481,5,-8079483546955759088,0,3,3,16,1,5,2,14
7482,5,720412714421503440,0,2,2,18,2,3,2,5
7483,5,7418469690711783027,0,1,1,15,4,2,1,8
7484,5,5800362963246573447,0,1,1,14,1,2,1,5
7485,5,-4265505460159881258,0,2,2,17,3,3,1,6
7486,5,-6814427641591789951,0,2,2,19,5,3,2,8
7487,5,-7425919498030151500,0,3,3,15,3,4,2,11
7488,5,3447778001894337815,0,3,3,17,3,5,3,12
7489,5,-2265385266865134295,0,2,2,20,4,4,2,8
7490,5,482371475965499928,0,0,0,19,2,5,2,11
7491,5,99130986211049960,0,2,2,18,3,6,3,17
7492,5,-8449219718908163366,0,4,4,23,1,7,3,17
7493,5,-3233240804608348558,0,0,0,15,6,5,2,16
7494,5,177576734511321746,0,2,2,14,8,2,1,6
7495,5,8035118157231707780,0,2,2,16,5,2,1,9
7496,5,8134982642851812069,0,0,0,14,6,6,4,16
7497,5,7558860847073296080,0,3,3,19,1,4,2,5
7498,5,685908725305846206,0,2,2,20,1,7,3,14
7499,5,-7333166886156314384,0,3,3,13,1,5,3,20
7500,5,-1083165563219072926,0,0,0,15,3,4,1,13
7501,5,3282447257281176215,0,1,1,16,5,4,2,11
7502,5,-3791233754352916544,0,4,4,18,2,5,2,19
7503,5,5772293730131887113,0,3,3,15,2,3,2,6
7504,5,1413228980223495693,0,3,3,14,5,3,2,5
7505,5,-1596699124639358516,0,2,2,18,1,4,2,14
7506,5,5792750164533762448,0,4,4,18,3,4,2,8
7507,5,8050062906588976543,0,2,2,17,2,5,2,15
7508,5,-3697752145720900422,0,2,2,15,4,3,2,10
7509,5,-1434108910151761237,0,3,3,13,5,5,4,12
7510,5,8663409280767514489,0,0,0,16,2,4,1,12
7511,5,-4378855082807969544,0,2,2,15,2,2,1,4
7512,5,7198115451797420493,0,2,2,16,2,3,1,13
7513,5,-5509904310129157086,0,1,1,17,3,3,1,6
7514,5,-1408183994596336742,0,1,1,19,3,4,1,11
7515,5,-8762862912411254453,0,1,1,17,1,3,1,8
7516,5,-258028233832020544,0,2,2,17,4,3,1,6
7517,5,-4131932614959237037,0,2,2,14,7,4,3,14
7518,5,-1979769743036848024,0,0,0,15,7,3,1,11
7519,5,5935215290413282374,0,3,3,18,4,6,3,19
7520,5,-7983665289526560096,0,2,2,17,2,5,3,9
7521,5,8456934326998959894,0,1,1,18,1,4,1,9
7522,5,7727055826158305066,0,1,1,17,3,3,1,10
7523,5,7435025717990548617,0,1,1,13,9,1,1,2
7524,5,-1009747377972313455,0,3,3,16,5,3,1,6
7525,5,543304594292580468,0,3,3,20,4,3,1,6
7526,5,3441699749971125884,0,3,3,19,1,4,2,7
7527,5,-3557595712924492759,0,4,4,20,4,3,1,8
7528,5,813426828792647238,0,2,2,20,5,2,1,5
7529,5,7007112070496147245,0,3,3,17,2,2,1,5
7530,5,5665883331707896013,0,2,2,16,6,3,2,9
7531,5,-6852040720145197266,0,1,1,19,8,2,1,5
7532,5,712421943253750665,0,2,2,17,1,3,1,6
7533,5,8486129190718708531,0,3,3,20,1,5,2,10
7534,5,-1640343866387631391,0,3,3,19,1,5,2,12
7535,5,-4077863532123468267,0,0,0,21,2,7,2,16
7536,5,-5150456938547291207,0,2,2,15,1,3,1,10
7537,5,-346880565782959059,0,4,4,20,3,3,1,6
7538,5,-3108221956076381617,0,4,4,19,2,3,1,9
7539,5,-697557435655729074,0,2,2,17,1,4,2,10
7540,5,-3685424168084889017,0,0,0,17,1,4,1,13
7541,5,-5753012393996035083,0,2,2,17,6,3,2,4
7542,5,2614109430897529859,0,0,0,16,3,5,2,14
7543,5,4183266584947257023,0,2,2,19,7,2,1,4
7544,5,-5266775359276481736,0,1,1,17,4,3,1,10
7545,5,3324136918449430810,0,1,1,14,2,4,2,15
7546,5,-3366479590747434307,0,3,3,15,2,3,2,6
7547,5,7035833002876565055,0,2,2,17,1,4,2,8
7548,5,-1401610046179477082,0,3,3,15,5,2,1,8
7549,5,-5608781164023449249,0,3,3,22,4,7,3,12
7550,5,6189584312000038289,0,1,1,21,6,7,4,19
7551,5,-4355681848364369380,0,3,3,15,4,4,3,14
7552,5,-7443245393504080321,0,2,2,17,3,3,2,8
7553,5,9154397890008390714,0,3,3,15,6,2,2,2
7554,5,-7563161819305685402,0,2,2,15,6,2,1,5
7555,5,6244061614231662230,0,2,2,21,3,6,3,13
7556,5,892096407000896964,0,2,2,14,9,1,1,3
7557,5,8895713725919624534,0,3,3,16,1,3,1,8
7558,5,2074807944609450103,0,3,3,18,1,6,3,14
7559,5,-2505542313161944223,0,0,0,21,2,5,1,11
7560,5,5598786179411353483,0,3,3,15,1,4,2,13
7561,5,8594091660939960081,0,2,2,22,2,5,3,11
7562,5,3942672200483692245,0,2,2,16,6,3,1,7
7563,5,-1421907569490792921,0,2,2,20,4,5,2,10
7564,5,-6378503859191483394,0,3,3,17,6,3,2,7
7565,5,1391704735079937279,0,0,0,21,3,7,3,19
7566,5,6108120812259013346,0,2,2,16,1,5,3,14
7567,5,-1335635835018373884,0,2,2,15,6,3,2,11
7568,5,3035594805575729946,0,1,1,19,7,2,1,2
7569,5,-6977787772445485467,0,1,1,19,3,4,2,11
7570,5,-8086925873714621737,0,0,0,14,2,5,2,19
7571,5,-2981227879309997816,0,2,2,17,3,4,1,10
7572,5,-6570874156825074959,0,2,2,15,9,2,2,10
7573,5,6972655044014309566,0,3,3,19,5,5,4,7
7574,5,1622906861146128447,0,2,2,14,3,3,2,6
7575,5,3850161034116292792,0,1,1,18,6,2,2,4
7576,5,-4883691029844492760,0,3,3,16,3,4,3,6
7577,5,-6773603134758442438,0,1,1,15,1,5,3,16
7578,5,-653266706114083206,0,2,2,20,1,5,2,14
7579,5,6537687151444689550,0,2,2,18,3,5,2,13
7580,5,7667896068471427706,0,1,1,21,1,4,1,8
7581,5,-8036979393001642950,0,3,3,19,3,5,3,14
7582,5,-8873301703490182853,0,1,1,19,6,6,3,8
7583,5,-1957057528993140876,0,2,2,19,5,3,1,6
7584,5,7020094950961397555,0,3,3,13,2,2,1,8
7585,5,8365555699050778070,0,4,4,17,1,4,2,12
7586,5,8247356162482991882,0,3,3,19,1,5,3,8
7587,5,-6589924335359763123,0,0,0,16,2,4,1,13
7588,5,-9165588064641014859,0,0,0,21,1,5,2,7
7589,5,99059884079715927,0,3,3,19,1,6,3,17
7590,5,-8628841052825875517,0,2,2,15,1,6,4,17
7591,5,-2543519340760047251,0,0,0,20,2,8,4,18
7592,5,-3733650344263971337,0,1,1,18,2,4,2,11
7593,5,-7762571095419269187,0,2,2,18,6,4,3,10
7594,5,-3656012039712571626,0,1,1,18,1,6,3,18
7595,5,2931480293964081947,0,1,1,17,3,2,1,8
7596,5,1692826311716976896,0,1,1,17,7,2,2,6
7597,5,-1066836051336834759,0,0,0,19,4,4,2,14
7598,5,-2750723053522531579,0,4,4,18,3,3,1,9
7599,5,-1577494067227668970,0,0,0,17,3,5,1,11
7600,5,-1478429074114913423,0,1,1,13,4,2,1,8
7601,5,-4502082360793454156,0,2,2,17,3,5,3,10
7602,5,144521272897375848,0,0,0,17,1,7,3,16
7603,5,-394296621320495859,0,2,2,16,1,4,2,7
7604,5,-311489633905015303,0,1,1,18,5,3,2,9
7605,5,7029742041955115591,0,2,2,15,4,2,1,6
7606,5,-91984444771020948,0,3,3,15,8,2,1,6
7607,5,-9077225446591753178,0,0,0,16,4,5,2,14
7608,5,-1951734705431260706,0,0,0,18,3,6,2,13
7609,5,-4758345204118859583,0,1,1,22,1,8,3,20
7610,5,-4684677539040685552,0,2,2,16,6,2,1,3
7611,5,4607492264270943096,0,0,0,22,2,7,1,18
7612,5,-3312146606717476997,0,3,3,14,8,3,2,8
7613,5,-1225516572098332123,0,2,2,17,3,5,3,10
7614,5,1502404665625427622,0,0,0,13,2,4,2,10
7615,5,5124640558951164304,0,1,1,18,2,6,3,15
7616,5,1330375216256722108,0,0,0,19,1,7,3,14
7617,5,-570620317763418840,0,1,1,15,6,3,3,10
7618,5,287403098822858840,0,2,2,15,3,2,1,5
7619,5,3130424028205624816,0,2,2,16,5,3,1,12
7620,5,-6579895241266426973,0,3,3,17,6,4,2,10
7621,5,-7879037975066329929,0,0,0,18,4,3,1,9
7622,5,-7924514785453898847,0,0,0,15,5,4,2,13
7623,5,-2122162907361809524,0,3,3,20,1,4,3,5
7624,5,3811398686380482759,0,1,1,19,6,4,2,10
7625,5,3688442830626988655,0,2,2,17,6,5,3,14
7626,5,1944510449421835472,0,1,1,17,2,4,2,13
7627,5,2732604291069369163,0,2,2,17,6,4,3,8
7628,5,1605828286137864656,0,3,3,19,2,5,3,14
7629,5,-8659526711063178973,0,2,2,21,4,4,2,7
7630,5,6234157829151825545,0,4,4,19,3,4,1,8
7631,5,-515586700279779700,0,3,3,19,1,4,3,8
7632,5,5461661885926816764,0,4,4,17,2,5,2,17
7633,5,-8632992489228636325,0,2,2,20,3,5,4,11
7634,5,7836471763833559107,0,2,2,19,2,4,2,8
7635,5,1215182750567295390,0,1,1,16,2,4,2,11
7636,5,-3800376531065894243,0,2,2,20,1,7,4,16
7637,5,-3591742844963343921,0,2,2,19,3,4,3,14
7638,5,-5478953011786222390,0,2,2,14,3,3,2,9
7639,5,4881511124479888966,0,1,1,19,5,4,2,12
7640,5,-4304781332646533735,0,2,2,20,3,5,2,12
7641,5,6313503950079290863,0,3,3,14,8,2,2,4
7642,5,-982764915517697858,0,2,2,20,1,4,1,9
7643,5,-3884744963003640259,0,2,2,20,1,5,2,13
7644,5,-2725408487298600983,0,2,2,22,2,6,2,14
7645,5,123041436828449886,0,2,2,17,1,4,2,9
7646,5,5310685466572103955,0,3,3,18,3,4,2,11
7647,5,1878811778975055280,0,3,3,16,5,2,1,4
7648,5,-1210766657560455654,0,1,1,18,5,4,2,7
7649,5,423184873572330354,0,2,2,16,8,3,2,10
7650,5,4940593079612860816,0,3,3,14,1,3,2,7
7651,5,6485710364602867134,0,3,3,17,5,5,4,6
7652,5,6072364103669509327,0,3,3,16,3,4,2,12
7653,5,-9097753328405577289,0,3,3,21,1,9,4,18
7654,5,-2921611189908356272,0,3,3,18,1,5,2,11
7655,5,-1251410136862812418,0,0,0,19,2,6,2,12
7656,5,-1130771870638366916,0,3,3,16,6,3,3,6
7657,5,-7291199632420564887,0,0,0,14,7,5,3,14
7658,5,-8497315780199992509,0,1,1,12,7,1,1,5
7659,5,8459293731224423414,0,2,2,16,3,4,3,13
7660,5,3969544893451906477,0,4,4,15,5,4,3,11
7661,5,2253623411656939005,0,1,1,16,1,6,3,21
7662,5,7454425441837338798,0,3,3,18,2,5,2,13
7663,5,-8135024943468794971,0,2,2,16,2,3,1,9
7664,5,-7589623634533041155,0,2,2,17,2,6,4,16
7665,5,-7093804253682716520,0,3,3,19,1,6,4,17
7666,5,-4198185347547776089,0,4,4,15,2,5,2,17
7667,5,4300487034776685562,0,0,0,14,7,3,2,8
7668,5,6362170734897704991,0,2,2,19,1,4,1,12
7669,5,-3718638054711172970,0,4,4,21,1,4,1,11
7670,5,8135224220198626202,0,1,1,15,6,3,2,8
7671,5,3168148393687422042,0,0,0,19,5,5,2,7
7672,5,-3458405169502855015,0,1,1,17,5,3,1,9
7673,5,-4212450570997458171,0,1,1,16,3,3,2,9
7674,5,5013882308977728967,0,0,0,20,3,6,4,14
7675,5,6538641467919120414,0,1,1,19,2,6,3,16
7676,5,2060789068663722756,0,0,0,14,5,6,4,18
7677,5,385698969112734759,0,4,4,21,1,7,3,10
7678,5,-3179843704242435135,0,1,1,19,2,5,2,12
7679,5,8246236678016696594,0,1,1,18,3,4,2,11
7680,5,-6375172702597657970,0,3,3,15,3,4,3,12
7681,5,6478516578716772852,0,1,1,18,1,3,1,5
7682,5,3730574664648151536,0,1,1,16,5,1,1,1
7683,5,88640896421718520,0,1,1,22,5,3,1,3
7684,5,782059517703906935,0,1,1,18,1,6,3,14
7685,5,-1410471962119784811,0,1,1,15,4,3,2,3
7686,5,-3489601452106539504,0,0,0,16,7,3,1,9
7687,5,4714468351385340163,0,1,1,15,2,6,4,18
7688,5,107782086393041047,0,2,2,14,4,2,1,4
7689,5,6346997979602735850,0,4,4,19,1,6,3,15
7690,5,-8470101267615744592,0,1,1,18,7,4,2,12
7691,5,5217293901096421980,0,3,3,18,4,3,1,6
7692,5,-8340640109333808169,0,3,3,18,1,5,2,10
7693,5,5874410429874127109,0,3,3,17,2,4,2,10
7694,5,6052953337154208948,0,4,4,20,2,4,1,6
7695,5,-4432505640261780831,0,1,1,17,3,4,2,16
7696,5,-8908529369526209869,0,2,2,15,2,4,2,16
7697,5,-4996131535732902227,0,4,4,16,2,3,1,9
7698,5,-1478782743259790380,0,0,0,18,3,4,1,11
7699,5,-109542960820395679,0,3,3,17,2,3,2,10
7700,5,7688188551567127999,0,3,3,20,3,6,4,9
7701,5,2203561844544118748,0,2,2,16,4,6,4,19
7702,5,5764817597299003163,0,0,0,14,6,2,1,6
7703,5,-1166143326201730143,0,1,1,21,1,7,4,13
7704,5,6961390494744390175,0,1,1,14,5,2,2,4
7705,5,8760012423455322434,0,0,0,19,2,5,1,13
7706,5,2091442075385992296,0,2,2,15,2,2,1,5
7707,5,-396844245337774502,0,1,1,20,5,6,4,11
7708,5,-2428248994981095411,0,1,1,16,1,2,1,6
7709,5,-2183112980750480705,0,1,1,14,5,3,2,9
7710,5,-2543228179778878992,0,4,4,17,2,5,2,11
7711,5,-3440911409735251720,0,2,2,19,1,7,4,17
7712,5,-1720368844675434154,0,0,0,17,5,4,2,9
7713,5,2048955755596999148,0,2,2,17,3,4,2,14
7714,5,3178859447686986938,0,2,2,15,2,5,3,17
7715,5,7110845109464141788,0,1,1,21,1,6,3,14
7716,5,4253799829784516573,0,2,2,17,1,4,2,10
7717,5,7932730076384521363,0,3,3,18,2,3,1,11
7718,5,7447713139303098145,0,1,1,18,2,4,1,11
7719,5,-989966228675942693,0,1,1,20,1,3,1,9
7720,5,2764535016763931671,0,0,0,20,1,8,3,20
7721,5,-555096294221618381,0,1,1,17,1,5,2,19
7722,5,8503913822145673046,0,2,2,20,3,3,1,10
7723,5,-8186503583861496898,0,1,1,20,4,3,1,5
7724,5,-8107393629548041330,0,3,3,18,5,3,2,7
7725,5,-3696144226471857283,0,4,4,22,1,7,4,16
7726,5,4218887033305570780,0,1,1,18,3,5,3,14
7727,5,-1223712514447830848,0,1,1,19,3,4,2,13
7728,5,-1582364936143620257,0,2,2,17,3,2,1,3
7729,5,8180476442146966233,0,4,4,23,1,7,2,19
7730,5,1839356066901801994,0,3,3,14,5,3,2,7
7731,5,7815649470776018707,0,1,1,17,6,4,3,9
7732,5,-4192797951838774597,0,2,2,16,3,5,4,9
7733,5,-739184668935184158,0,0,0,14,6,3,1,9
7734,5,563707226411248268,0,1,1,15,9,2,2,8
7735,5,-115280841306105509,0,4,4,20,1,4,1,8
7736,5,-1045614339962214039,0,2,2,19,3,3,1,9
7737,5,-2663140596835071514,0,1,1,14,5,1,1,5
7738,5,-7986152029234622493,0,0,0,22,1,8,3,19
7739,5,-7551810073341915599,0,3,3,20,3,6,3,17
7740,5,1713371913061273154,0,1,1,17,4,3,2,5
7741,5,851493938503375207,0,2,2,19,1,4,1,9
7742,5,5957985106045191904,0,2,2,19,1,6,3,15
7743,5,-1939927933706671455,0,1,1,15,4,4,3,12
7744,5,3076196847552993716,0,0,0,18,2,6,3,16
7745,5,-3763645507469781860,0,1,1,13,7,4,3,8
7746,5,8593872253596013869,0,3,3,18,1,7,4,18
7747,5,9134406194884594860,0,1,1,15,6,3,3,7
7748,5,-1803762576841514943,0,2,2,15,3,3,1,12
7749,5,1294294576111875313,0,3,3,15,3,3,2,8
7750,5,-2450834100442713660,0,1,1,17,5,4,2,11
7751,5,-4209493156659096121,0,0,0,19,1,6,2,15
7752,5,4028779217792264445,0,1,1,17,2,6,4,18
7753,5,244122692354603650,0,1,1,17,6,3,2,4
7754,5,-5412540661466129547,0,1,1,16,1,3,1,8
7755,5,5994111547964253531,0,3,3,14,1,3,2,9
7756,5,5341908650546703378,0,2,2,20,1,5,2,10
7757,5,6151079868889779876,0,1,1,17,6,6,4,14
7758,5,8987878562630811493,0,0,0,20,1,6,2,19
7759,5,-7105311092662738109,0,0,0,16,3,3,1,6
7760,5,-6197668902167961281,0,1,1,15,5,4,4,14
7761,5,3986893259533317725,0,2,2,19,4,2,1,3
7762,5,-7153213840954036342,0,0,0,22,1,7,3,18
7763,5,-7581033718337021360,0,0,0,15,4,3,1,7
7764,5,-2257163246139007403,0,1,1,17,7,3,1,9
7765,5,279073147841271015,0,4,4,15,1,4,2,11
7766,5,-1785065279808132816,0,1,1,18,2,4,2,10
7767,5,8579170395882267336,0,4,4,18,4,6,3,13
7768,5,-6825493696772143687,0,4,4,17,2,6,3,19
7769,5,6992754670214528561,0,2,2,17,1,3,1,8
7770,5,-5559279984805958793,0,2,2,15,9,2,2,4
7771,5,-9062681175536771869,0,1,1,15,6,2,1,5
7772,5,-4808679140184210202,0,1,1,18,1,5,2,15
7773,5,-6320650172189681315,0,3,3,18,3,4,2,10
7774,5,8478825174511705554,0,2,2,18,3,3,1,9
7775,5,-7327681631535989939,0,1,1,18,3,4,2,10
7776,5,-4165165880247868696,0,2,2,21,3,7,3,12
7777,5,7388525280423039811,0,0,0,17,1,7,3,19
7778,5,2471687312047015561,0,3,3,18,1,6,4,12
7779,5,-6704458034026340953,0,1,1,14,3,3,2,8
7780,5,8691499221908086497,0,0,0,19,2,6,3,15
7781,5,-8836436611620773651,0,3,3,20,2,4,2,8
7782,5,-2227683780419137224,0,2,2,18,1,4,1,10
7783,5,4841561126966049542,0,1,1,16,1,3,1,11
7784,5,-3857889758215659897,0,0,0,17,3,4,2,11
7785,5,3902887604494406169,0,2,2,15,3,5,3,13
7786,5,2425961533953418574,0,1,1,15,8,2,1,6
7787,5,6720573951482141811,0,3,3,17,4,4,3,11
7788,5,-4799557639163597660,0,0,0,21,4,5,2,7
7789,5,626653274292384699,0,3,3,21,4,5,1,11
7790,5,7760518913715752079,0,2,2,18,3,3,1,9
7791,5,-6252001651057318039,0,0,0,17,1,4,1,9
7792,5,-2023197635246389355,0,0,0,16,4,4,2,12
7793,5,-5858332049302060424,0,3,3,17,4,4,2,9
7794,5,-4073247342255642221,0,2,2,19,3,3,1,6
7795,5,4238898966264051801,0,1,1,16,6,2,1,8
7796,5,-2432604011308040244,0,3,3,18,3,4,2,11
7797,5,-3589216793796711125,0,4,4,17,1,3,1,6
7798,5,1272173285745835588,0,2,2,19,4,3,1,7
7799,5,6890376670442179881,0,1,1,17,5,3,2,9
7800,5,-1004079448557672882,0,0,0,17,3,5,3,9
7801,5,-1393182503559026845,0,4,4,17,3,3,1,10
7802,5,1116749259929371236,0,2,2,23,3,3,1,6
7803,5,3367257359052619697,0,2,2,18,2,4,2,9
7804,5,5115864902810716982,0,2,2,18,2,4,2,10
7805,5,-1334882591077119005,0,1,1,16,5,4,3,12
7806,5,-6690339413650437627,0,1,1,21,2,5,3,13
7807,5,6295151805223948349,0,2,2,18,3,4,2,7
7808,5,4549720620919999536,0,0,0,21,3,6,2,14
7809,5,-3031615908066832606,0,2,2,17,3,4,1,15
7810,5,1295426754142927886,0,3,3,17,6,4,3,11
7811,5,4039971760083058702,0,0,0,18,3,5,2,9
7812,5,-2737881088047680769,0,1,1,17,2,4,1,9
7813,5,-8504129575375142455,0,2,2,16,2,4,2,13
7814,5,-1659701810043922243,0,2,2,19,4,4,2,6
7815,5,900802334415141849,0,1,1,15,9,3,3,8
7816,5,1004086389720327159,0,4,4,16,5,3,1,6
7817,5,-248156469458083017,0,2,2,16,1,5,3,14
7818,5,-5931181928740057056,0,3,3,19,7,2,1,4
7819,5,864807382640154182,0,0,0,19,1,5,1,14
7820,5,-8460654973444088701,0,2,2,17,6,4,2,7
7821,5,-2391437237171207168,0,0,0,16,6,4,2,8
7822,5,3772688662593005722,0,2,2,17,4,4,2,10
7823,5,-6388862463072611726,0,1,1,16,6,3,2,8
7824,5,7291563347176063392,0,4,4,18,2,6,2,20
7825,5,3599499195842181226,0,1,1,17,1,2,1,6
7826,5,2733223715703649637,0,3,3,17,1,3,1,7
7827,5,-5736934474481844627,0,3,3,15,3,5,3,18
7828,5,-4204667287434838432,0,2,2,14,8,3,3,9
7829,5,4566801856005561070,0,0,0,16,3,3,1,11
7830,5,-333860296728093430,0,0,0,17,4,6,3,14
7831,5,1920534659662110141,0,2,2,18,1,2,1,6
7832,5,-3915690977624378775,0,2,2,16,2,2,1,8
7833,5,7151458594220760765,0,2,2,15,7,3,2,8
7834,5,8459744687021780970,0,3,3,17,3,4,2,8
7835,5,3448271560896504794,0,2,2,15,5,2,1,6
7836,5,8750937840011260020,0,0,0,15,2,5,2,8
7837,5,-4194083734749646279,0,2,2,18,4,3,2,5
7838,5,7099137201492266681,0,3,3,18,2,7,4,18
7839,5,-8649386743774904656,0,1,1,16,3,4,2,13
7840,5,-2897254607836132146,0,0,0,17,1,6,2,14
7841,5,-7497779812837035657,0,1,1,19,1,6,4,13
7842,5,6265880703467544829,0,1,1,18,4,4,1,10
7843,5,-3424215455048224480,0,0,0,16,4,5,2,18
7844,5,-3642671864521163814,0,0,0,17,1,5,2,12
7845,5,-6336680369231238972,0,0,0,17,3,7,4,19
7846,5,-3105692208880231533,0,2,2,18,1,3,1,7
7847,5,8271398157430226302,0,0,0,18,1,6,2,15
7848,5,-1290890153391882100,0,2,2,19,4,3,2,4
7849,5,3161518991689213725,0,1,1,14,2,3,2,10
7850,5,4990496472713664299,0,2,2,18,1,3,1,8
7851,5,8495478785170497556,0,2,2,16,6,2,2,6
7852,5,-2637372178469278993,0,3,3,18,7,4,3,8
7853,5,7852422674568978613,0,2,2,20,1,6,3,16
7854,5,837362479624222407,0,0,0,19,3,7,3,16
7855,5,-8365030677041178210,0,2,2,13,5,2,2,6
7856,5,6416550299312744097,0,1,1,17,5,3,2,5
7857,5,-7108836590512119437,0,3,3,16,3,2,1,4
7858,5,-985670118513304000,0,0,0,17,2,5,2,14
7859,5,1728314933350484429,0,1,1,20,2,7,4,16
7860,5,-398568828004525742,0,1,1,15,5,4,1,13
7861,5,8779526728761954161,0,2,2,13,3,3,2,8
7862,5,2716180441563379905,0,4,4,19,2,6,3,15
7863,5,2139879799457110468,0,1,1,18,7,2,1,7
7864,5,-5633202564031983287,0,0,0,19,2,5,2,10
7865,5,-8601746650600211074,0,2,2,15,5,4,3,7
7866,5,-579866075519152310,0,0,0,17,2,3,1,9
7867,5,8576740129450407582,0,1,1,20,2,3,1,10
7868,5,7895591664115139550,0,4,4,19,1,6,2,16
7869,5,-5625414247993881187,0,2,2,16,2,4,2,10
7870,5,-5672126956242702546,0,3,3,16,3,4,2,13
7871,5,7089574814692989926,0,1,1,18,5,4,2,6
7872,5,6949967263786703873,0,2,2,17,7,3,1,9
7873,5,-6221276894120860796,0,1,1,20,3,5,2,11
7874,5,-4462698500304281451,0,2,2,17,3,3,1,11
7875,5,8532642374905081372,0,2,2,21,2,4,2,10
7876,5,-8803383352826521422,0,2,2,21,1,5,2,10
7877,5,2357481215087699742,0,1,1,18,3,4,3,9
7878,5,-4082456057937449733,0,1,1,20,1,4,1,8
7879,5,5579953337871574327,0,2,2,15,5,3,2,6
7880,5,8268946391654988678,0,0,0,15,4,5,3,14
7881,5,-212237461827987703,0,4,4,18,3,5,2,15
7882,5,-871330720462883409,0,2,2,12,1,5,4,22
7883,5,-4117549789238376674,0,1,1,18,5,4,2,12
7884,5,-8492506260467628247,0,0,0,16,3,6,3,15
7885,5,-1739883663781418215,0,3,3,16,5,3,2,7
7886,5,-7301900434310849963,0,2,2,19,1,4,1,11
7887,5,-8009185411900673490,0,1,1,15,6,2,1,5
7888,5,4099702308946955734,0,0,0,15,4,5,2,15
7889,5,6436057604035020499,0,1,1,15,8,1,1,2
7890,5,-3952510478905397403,0,3,3,19,3,6,4,10
7891,5,-3955619807901681737,0,4,4,19,4,5,2,10
7892,5,-796069580402913311,0,1,1,14,3,2,1,5
7893,5,-1588564009696478221,0,1,1,21,2,5,3,8
7894,5,1966567579776173225,0,2,2,19,1,6,3,18
7895,5,-1762619338303109505,0,4,4,17,1,4,2,9
7896,5,6379854915692882478,0,3,3,17,6,6,4,19
7897,5,1830150322491645158,0,2,2,20,2,3,1,9
7898,5,3739126224241179587,0,3,3,19,2,5,2,12
7899,5,-3301294712779315907,0,1,1,16,1,3,1,9
7900,5,-2803330440267754313,0,1,1,15,3,3,1,8
7901,5,-1505830606595514543,0,2,2,18,3,2,1,4
7902,5,-8118023384427139420,0,1,1,21,2,3,1,8
7903,5,-1318829112183915233,0,3,3,14,4,4,2,13
7904,5,5165342244235997449,0,2,2,16,2,5,2,17
7905,5,-5659839934343704952,0,1,1,13,7,1,1,5
7906,5,-5148139733392333290,0,0,0,16,8,3,2,8
7907,5,4191276410933752901,0,2,2,14,5,3,2,4
7908,5,9139163348000647367,0,2,2,19,1,5,2,12
7909,5,2316797609343127063,0,2,2,16,1,4,2,10
7910,5,4770835491219726388,0,3,3,14,3,4,3,10
7911,5,1166767421196605507,0,1,1,17,3,3,1,6
7912,5,6926234490324229158,0,1,1,20,4,4,2,10
7913,5,5109329807223794749,0,0,0,16,4,5,2,13
7914,5,5235196401041778413,0,0,0,20,1,8,2,22
7915,5,-2419642469813364573,0,1,1,17,4,6,4,18
7916,5,-8503426002326282128,0,0,0,17,3,6,2,19
7917,5,7334076120019747948,0,1,1,17,6,5,3,13
7918,5,-6112291663100692860,0,3,3,18,1,2,1,4
7919,5,6626655252493046113,0,3,3,18,6,3,1,5
7920,5,-249747950353281407,0,2,2,18,2,4,2,9
7921,5,-6574964937987296821,0,1,1,18,4,5,2,13
7922,5,-7100756074443000814,0,0,0,22,1,8,3,16
7923,5,30378568915805549,0,2,2,15,8,2,2,4
7924,5,4199566130043330893,0,1,1,17,3,3,1,10
7925,5,-7471430482246741580,0,1,1,17,5,4,2,13
7926,5,-6025287111777700861,0,1,1,20,3,3,1,6
7927,5,3923351589343553836,0,3,3,15,3,7,4,25
7928,5,5782134227045557336,0,3,3,21,2,4,1,6
7929,5,2677228390370383414,0,1,1,14,4,3,2,10
7930,5,-3202135130742108011,0,3,3,17,3,3,1,8
7931,5,-6194193653218059016,0,2,2,14,6,2,2,8
7932,5,-7586602794381413828,0,2,2,17,3,6,3,18
7933,5,-4229170536737478508,0,0,0,18,2,5,1,13
7934,5,-3803142116040994724,0,0,0,21,7,3,1,5
7935,5,5189028990481053595,0,4,4,19,2,7,4,17
7936,5,-1542934178341731545,0,0,0,19,1,6,2,13
7937,5,7585239405291412419,0,3,3,19,4,4,2,10
7938,5,5211836897043094721,0,1,1,19,1,5,2,14
7939,5,25830173291872472,0,3,3,19,3,5,3,12
7940,5,-7695975597569422502,0,3,3,14,2,5,3,19
7941,5,3452651731363540720,0,2,2,20,3,6,2,16
7942,5,-9000277925545850754,0,2,2,19,1,3,1,4
7943,5,2407314108657466338,0,0,0,16,3,6,4,16
7944,5,1653632944029706667,0,0,0,19,2,8,4,19
7945,5,-550051868191154184,0,3,3,15,2,6,4,18
7946,5,-415623600217496029,0,3,3,14,7,1,1,1
7947,5,3316202197118722531,0,3,3,17,3,3,2,8
7948,5,-8125358069546441212,0,1,1,17,4,3,1,6
7949,5,6988832485924408815,0,1,1,19,2,4,1,11
7950,5,1411620765255102101,0,0,0,17,7,4,2,8
7951,5,7294791031885687927,0,1,1,19,5,4,2,4
7952,5,-8472809270035464223,0,2,2,18,2,3,1,9
7953,5,2249808407533005722,0,1,1,15,5,4,3,9
7954,5,-1362989319373064310,0,4,4,17,4,3,1,9
7955,5,-3597931084374347730,0,2,2,20,1,5,2,11
7956,5,-7723421958789919530,0,4,4,17,3,5,3,12
7957,5,-4901280203131190796,0,3,3,22,1,4,1,9
7958,5,7711067988794014221,0,0,0,16,4,3,1,11
7959,5,9110030956772902669,0,0,0,17,4,5,2,14
7960,5,1159462469200733959,0,1,1,18,3,3,1,5
7961,5,-6287954951837449555,0,2,2,15,3,3,2,10
7962,5,5992450359368673536,0,3,3,21,1,5,3,13
7963,5,22202642499554061,0,0,0,19,4,5,2,12
7964,5,7953427797973298094,0,1,1,21,2,4,1,14
7965,5,5878679750397094566,0,2,2,19,2,3,1,6
7966,5,1033421949395834773,0,3,3,20,2,3,1,5
7967,5,3224305062843359387,0,1,1,21,1,4,1,8
7968,5,2668392734628104601,0,0,0,16,8,4,2,12
7969,5,5249939692056605814,0,2,2,18,2,4,2,10
7970,5,8950472339309752277,0,1,1,15,3,2,1,7
7971,5,-8056296035864014569,0,3,3,18,4,3,2,6
7972,5,6843400736299409322,0,1,1,15,2,4,2,14
7973,5,-1646599097124824344,0,1,1,18,4,4,2,7
7974,5,2273917625861404953,0,1,1,17,2,6,4,11
7975,5,8092150664054584661,0,1,1,16,3,5,2,16
7976,5,-5415809801321370795,0,1,1,19,3,6,3,14
7977,5,-3260724383896196229,0,0,0,14,4,6,4,19
7978,5,-3792931354327142765,0,2,2,18,5,6,4,13
7979,5,-2937418383170834401,0,4,4,15,6,2,1,6
7980,5,-609266723854874843,0,2,2,19,1,6,3,16
7981,5,8781921962838157537,0,1,1,18,2,4,2,13
7982,5,-2063559062237207098,0,2,2,20,4,7,3,16
7983,5,-7128353348392240976,0,4,4,16,2,3,1,10
7984,5,7486163088603199799,0,3,3,18,5,5,3,14
7985,5,-7837586777640174208,0,1,1,17,5,1,1,3
7986,5,3812290809078449418,0,2,2,18,3,7,4,20
7987,5,4891491692932740410,0,2,2,15,6,4,2,15
7988,5,-8333388086392729155,0,2,2,17,1,5,3,13
7989,5,-8305202979334849036,0,0,0,18,2,4,1,9
7990,5,7443501958792694281,0,1,1,15,4,3,2,11
7991,5,-6955922316389571231,0,2,2,16,4,3,2,9
7992,5,3761053318143859068,0,2,2,17,1,4,2,11
7993,5,7529462244738251659,0,0,0,17,6,5,2,15
7994,5,359720732142362693,0,4,4,15,3,2,1,6
7995,5,-5909841266358149953,0,0,0,14,6,2,1,6
7996,5,2127084993062326350,0,2,2,18,3,3,2,7
7997,5,4629095831851148999,0,3,3,18,2,5,2,11
7998,5,2972460608248579984,0,2,2,20,3,3,2,8
7999,5,-4981922208607072930,0,2,2,13,5,1,1,5
8000,5,2443398740208384929,0,0,0,18,4,4,1,13
8001,5,8073977395179749856,0,4,4,17,2,4,2,8
8002,5,-1138748993132557679,0,1,1,15,3,2,1,6
8003,5,-2182450278142074303,0,3,3,14,5,2,1,6
8004,5,-4341010318633171721,0,2,2,14,4,3,2,10
8005,5,-1812926935507836097,0,2,2,15,4,3,2,8
8006,5,-2209445297046502074,0,1,1,15,7,2,1,9
8007,5,5418513400120895963,0,3,3,15,1,5,4,15
8008,5,8393631807944747108,0,2,2,17,2,4,2,11
8009,5,7205081852647540740,0,3,3,16,1,5,3,10
8010,5,-5837451155909411971,0,1,1,20,1,4,2,11
8011,5,722605508616671381,0,4,4,19,1,5,2,14
8012,5,-995023794972642541,0,1,1,16,3,3,1,6
8013,5,8735784554698765954,0,0,0,19,1,8,3,28
8014,5,-3516332256183025831,0,2,2,17,3,7,4,20
8015,5,5949032906174917453,0,0,0,20,2,5,1,9
8016,5,-6235904137644011071,0,3,3,18,3,4,2,12
8017,5,34495034715697342,0,4,4,18,1,5,3,13
8018,5,-6550949872830994477,0,1,1,18,2,4,2,6
8019,5,-2042401670721924654,0,3,3,16,4,6,4,15
8020,5,2187610897465192256,0,1,1,16,2,4,2,8
8021,5,6150112372832483059,0,1,1,15,4,2,1,8
8022,5,3147549825193449271,0,3,3,19,3,4,2,8
8023,5,-2609013989328074391,0,3,3,19,1,5,3,11
8024,5,-152594637681892618,0,2,2,21,1,4,2,10
8025,5,757693791151069712,0,2,2,16,4,4,3,7
8026,5,6175646817808044451,0,0,0,18,1,4,1,8
8027,5,-2192452104633286837,0,3,3,15,1,3,2,9
8028,5,-6966011467270803621,0,3,3,18,1,4,1,13
8029,5,225663981067329080,0,4,4,16,2,4,2,14
8030,5,-6926014173375487093,0,0,0,16,1,4,1,12
8031,5,8871708593858089764,0,3,3,12,6,2,2,4
8032,5,7738148701339914367,0,0,0,17,1,7,2,23
8033,5,-3388480106729673407,0,2,2,17,1,4,1,10
8034,5,-6507874904851097544,0,2,2,18,3,6,4,10
8035,5,-6051512495798931050,0,3,3,19,2,4,1,10
8036,5,-3101375479231669631,0,0,0,17,4,6,3,19
8037,5,-571227241680709322,0,3,3,15,6,4,4,6
8038,5,-2116235876939251644,0,1,1,19,2,3,1,6
8039,5,8487087263106825908,0,1,1,14,1,5,3,18
8040,5,5613869512440080409,0,3,3,18,4,2,1,6
8041,5,4677114603157597909,0,1,1,18,5,2,1,2
8042,5,3209026951336888351,0,2,2,17,6,3,2,6
8043,5,-6700710176689418105,0,3,3,14,3,3,2,10
8044,5,-1705916376699184881,0,1,1,17,2,5,2,12
8045,5,-7888420677240023022,0,0,0,18,2,7,3,20
8046,5,-2498616764988727667,0,2,2,19,1,7,3,20
8047,5,6463141092878465421,0,0,0,16,6,7,4,22
8048,5,2523417444310884545,0,4,4,20,2,7,3,15
8049,5,-1866366916882706798,0,3,3,16,2,2,1,5
8050,5,1537274716482562854,0,4,4,19,1,5,2,13
8051,5,5576007370649117493,0,2,2,17,4,3,2,9
8052,5,-5314630858854325087,0,1,1,18,1,5,3,17
8053,5,-4195349298370978255,0,2,2,14,5,2,1,6
8054,5,-492349632219736875,0,3,3,15,5,4,2,13
8055,5,1017001428765587556,0,1,1,16,2,5,3,17
8056,5,1436862653826443957,0,0,0,18,1,6,3,20
8057,5,8135455794743031677,0,1,1,16,6,5,4,17
8058,5,5804484594810919002,0,1,1,21,1,5,3,13
8059,5,-2496911003416764429,0,1,1,14,2,2,1,5
8060,5,-5406074903523174378,0,0,0,21,1,8,4,15
8061,5,3450351627535618616,0,4,4,18,1,5,3,15
8062,5,8488481472039513800,0,1,1,12,2,2,1,7
8063,5,-6461576887366121682,0,2,2,17,2,4,1,9
8064,5,4263086311604420465,0,4,4,19,1,7,2,18
8065,5,-7325718899792142375,0,1,1,17,3,6,3,14
8066,5,1711192713933030407,0,1,1,16,5,6,4,15
8067,5,3714960533309488214,0,1,1,19,3,4,2,11
8068,5,-1870281458877120631,0,0,0,18,2,6,2,13
8069,5,-7906738774064624116,0,1,1,19,3,3,1,8
8070,5,-1561732330399417005,0,1,1,17,2,5,4,13
8071,5,9176741102678382880,0,4,4,18,2,5,2,14
8072,5,-2974362907336838733,0,1,1,17,1,4,2,10
8073,5,9183116984054733102,0,2,2,15,4,2,1,6
8074,5,298874758923997115,0,2,2,17,4,4,2,12
8075,5,697333296416537909,0,2,2,17,1,2,1,2
8076,5,2681555240321214552,0,2,2,17,3,3,2,7
8077,5,-1865081791494918447,0,1,1,15,1,3,1,10
8078,5,5887859204103988899,0,4,4,19,1,4,1,13
8079,5,8189640518285531312,0,1,1,14,4,3,2,10
8080,5,-2873662007819502218,0,1,1,15,6,2,1,10
8081,5,-3680976946358738882,0,2,2,18,5,4,2,11
8082,5,4117515760477739586,0,1,1,19,1,4,2,7
8083,5,3279517743901787811,0,1,1,18,6,3,2,5
8084,5,7320491852026671392,0,0,0,19,2,6,2,13
8085,5,-8829297807026068242,0,0,0,16,3,4,1,11
8086,5,4870302175795820069,0,1,1,18,2,4,1,10
8087,5,2296907489339914130,0,2,2,19,3,5,3,9
8088,5,-9016603068633212934,0,3,3,19,1,3,1,6
8089,5,6052897963462651152,0,1,1,20,1,5,3,13
8090,5,7180310236845199274,0,0,0,23,1,7,2,14
8091,5,-749522043768968203,0,4,4,19,3,5,3,12
8092,5,-5917106576451216963,0,1,1,14,1,4,2,15
8093,5,2461363840237077511,0,3,3,15,5,3,1,5
8094,5,4212400340375153798,0,2,2,19,1,6,3,16
8095,5,-6082260085040906565,0,1,1,23,1,6,2,12
8096,5,770830186561601465,0,2,2,22,2,6,2,13
8097,5,-2187649414720437527,0,0,0,18,2,7,3,18
8098,5,-8115937952190826176,0,4,4,14,6,2,1,5
8099,5,6365835553247494082,0,4,4,15,1,6,4,23
8100,5,-1961420089348205746,0,2,2,17,2,4,2,9
8101,5,-8974033391822728447,0,2,2,17,2,4,2,15
8102,5,595121182795354035,0,4,4,18,3,5,3,15
8103,5,6417925264744521312,0,1,1,17,6,4,2,14
8104,5,7088859613117287538,0,3,3,17,9,1,1,1
8105,5,8135833969447927885,0,3,3,17,5,4,2,14
8106,5,1366003939621244304,0,3,3,16,6,5,4,10
8107,5,5669139300847625181,0,2,2,18,3,5,2,11
8108,5,-4720434366140739538,0,2,2,17,1,2,1,6
8109,5,4865845211980553216,0,2,2,13,2,4,2,13
8110,5,-2713382403284043046,0,0,0,15,2,5,3,18
8111,5,-1510466860274237962,0,3,3,21,1,5,2,10
8112,5,-6037791117094944991,0,1,1,16,4,3,2,9
8113,5,1274893285669482241,0,2,2,14,1,5,3,12
8114,5,1444561167697395816,0,4,4,19,1,7,4,15
8115,5,7724492824618867036,0,0,0,20,2,8,4,18
8116,5,6659368380009092091,0,2,2,12,7,2,2,6
8117,5,402507031802772587,0,1,1,16,3,3,2,10
8118,5,7915417593853226598,0,1,1,17,1,3,1,3
8119,5,-4646965837689336781,0,3,3,17,8,2,2,2
8120,5,-206715707264183805,0,3,3,17,7,4,3,7
8121,5,2065149805608784907,0,0,0,24,1,8,3,14
8122,5,7219776762900632276,0,3,3,18,2,5,2,12
8123,5,-3539515209616617325,0,2,2,17,2,5,2,12
8124,5,8067811620500865938,0,1,1,17,2,5,3,8
8125,5,-2457081948282637083,0,3,3,18,5,3,2,5
8126,5,6156508269325475845,0,2,2,17,2,4,2,10
8127,5,-679808152832127221,0,2,2,18,1,3,1,8
8128,5,7168679645389359254,0,2,2,15,3,2,1,4
8129,5,-8253059109001871440,0,3,3,20,3,6,4,15
8130,5,-5209889960775490782,0,2,2,13,2,5,3,24
8131,5,-2000858211893216999,0,1,1,13,1,3,2,11
8132,5,-1045563666499832560,0,0,0,24,2,7,2,15
8133,5,-1981296087463544491,0,1,1,16,4,4,3,11
8134,5,8175655604076563109,0,0,0,19,5,6,2,16
8135,5,3184267017711825843,0,0,0,18,2,6,3,16
8136,5,7091220551395704726,0,1,1,19,2,5,1,13
8137,5,-7187830601172492940,0,1,1,14,4,3,2,7
8138,5,8597721627100134622,0,2,2,15,3,5,3,16
8139,5,-8500267769171455551,0,2,2,18,4,3,1,9
8140,5,-4870485383185088558,0,1,1,17,4,2,1,8
8141,5,3147942232237048030,0,4,4,20,1,5,2,17
8142,5,-326358658162835854,0,0,0,19,1,4,1,7
8143,5,-8206097244869091680,0,1,1,17,7,2,1,5
8144,5,5972383406016216320,0,1,1,17,4,4,2,8
8145,5,-1197649002169433060,0,3,3,16,6,2,1,5
8146,5,-5917671266432669482,0,0,0,18,3,6,3,14
8147,5,-7598510152496449376,0,1,1,17,2,3,2,5
8148,5,-6815495725546025868,0,3,3,16,1,3,1,11
8149,5,-7835437562108176921,0,3,3,21,2,3,1,6
8150,5,-4167149203886739240,0,1,1,17,2,3,1,8
8151,5,6246184451697458055,0,0,0,19,5,5,1,9
8152,5,6586027222752837650,0,1,1,15,8,1,1,4
8153,5,-109655705545947730,0,1,1,17,6,2,1,5
8154,5,-3259955193015386857,0,0,0,19,1,6,2,17
8155,5,-2575031031300359411,0,2,2,15,4,6,4,18
8156,5,-4621042011208293164,0,3,3,17,3,4,2,9
8157,5,3573216649947309587,0,3,3,17,3,2,1,6
8158,5,-7875246808528565114,0,0,0,14,8,2,1,6
8159,5,-742081810817315490,0,2,2,16,4,4,2,8
8160,5,-1203937497259880120,0,0,0,18,1,8,4,17
8161,5,9201797191028621166,0,1,1,16,3,2,1,6
8162,5,8236242275932515565,0,3,3,17,1,4,2,6
8163,5,1812263689896125851,0,1,1,17,4,3,2,8
8164,5,3985145663429870607,0,2,2,15,4,3,2,8
8165,5,5430569091641283144,0,1,1,18,3,5,2,12
8166,5,-7176384124608757400,0,1,1,17,8,3,2,5
8167,5,8095852028305096281,0,3,3,18,1,5,2,11
8168,5,482367545034265184,0,1,1,18,1,3,1,5
8169,5,-555971047280219679,0,0,0,15,6,4,2,9
8170,5,-788239858975172378,0,0,0,17,4,6,3,16
8171,5,8750103991895364640,0,0,0,16,5,4,1,7
8172,5,-9072944858174347646,0,3,3,17,2,4,2,11
8173,5,1382144679677968044,0,2,2,16,5,4,3,10
8174,5,-4911169509491206997,0,0,0,15,2,4,1,15
8175,5,-4533370186236989459,0,2,2,18,3,3,1,10
8176,5,-9213236549267780011,0,1,1,17,1,4,1,13
8177,5,-3936853181004355378,0,3,3,21,5,5,2,10
8178,5,503933490590047950,0,1,1,17,5,2,1,5
8179,5,-7574983999644794448,0,2,2,17,2,3,2,8
8180,5,736074965608110538,0,4,4,20,2,8,4,20
8181,5,-6207919845149089118,0,0,0,16,1,4,1,11
8182,5,-4442643990493122372,0,2,2,19,3,6,3,15
8183,5,4651038480434924239,0,2,2,15,1,3,1,9
8184,5,6687659231056300390,0,3,3,19,1,7,3,16
8185,5,5912815768507964215,0,4,4,18,2,4,2,8
8186,5,6881887580534335923,0,3,3,20,1,6,3,10
8187,5,2132348509120567457,0,0,0,16,8,3,1,10
8188,5,-3944973247905837884,0,2,2,17,4,6,3,14
8189,5,1763873394325788880,0,3,3,21,4,5,3,6
8190,5,-1234250895744010936,0,3,3,15,3,6,3,18
8191,5,6953454741218889460,0,2,2,14,8,1,1,1
8192,5,-4005866729184014064,0,1,1,16,4,2,1,5
8193,5,-14635972732671133,0,0,0,18,1,6,2,14
8194,5,-1483940737804631582,0,1,1,15,5,4,2,11
8195,5,9176843398209077896,0,2,2,16,6,2,2,2
8196,5,317848489073942412,0,1,1,20,2,3,1,6
8197,5,4420519162715205403,0,0,0,18,5,5,2,12
8198,5,-7113805686153214148,0,0,0,20,3,6,3,13
8199,5,4740703726649828242,0,0,0,17,2,4,1,11
8200,5,2139339707017972750,0,1,1,15,1,4,2,9
8201,5,7346896575346269911,0,1,1,19,2,3,1,10
8202,5,-7368030973518045977,0,1,1,18,3,5,3,13
8203,5,6804573517812496442,0,2,2,18,2,4,1,13
8204,5,8486015706983019392,0,3,3,18,1,4,2,10
8205,5,-1981245035214981464,0,1,1,15,9,2,2,6
8206,5,-8000158988377448251,0,2,2,15,4,3,1,10
8207,5,-1274463675551766755,0,0,0,17,8,2,1,3
8208,5,6386217014769289823,0,2,2,18,2,4,2,13
8209,5,-5351850990422661545,0,2,2,24,3,6,1,14
8210,5,5516464787496414607,0,4,4,15,1,3,2,9
8211,5,-7425958273953918517,0,0,0,17,3,3,1,9
8212,5,8331445019673639741,0,4,4,17,1,7,4,25
8213,5,-8851054869367565348,0,4,4,22,4,4,1,8
8214,5,8934767232597156176,0,1,1,16,4,3,1,5
8215,5,4610684374730145610,0,2,2,18,3,5,3,12
8216,5,-6397984790426839744,0,3,3,15,3,4,2,10
8217,5,3404495635142602216,0,3,3,19,4,3,2,7
8218,5,-5876214796170988568,0,1,1,17,9,2,2,4
8219,5,2141499195839125137,0,0,0,15,2,4,2,8
8220,5,-1801291375549887840,0,0,0,18,1,5,1,15
8221,5,6691490241901399644,0,0,0,18,4,5,2,11
8222,5,-6671726946008490613,0,3,3,18,2,4,1,13
8223,5,-4773510490096932594,0,0,0,18,1,6,3,17
8224,5,713104782678671149,0,0,0,18,1,5,2,11
8225,5,7279287405383462096,0,3,3,18,2,5,2,9
8226,5,-1285570891900007105,0,2,2,19,2,4,1,13
8227,5,-887654438524334815,0,0,0,20,3,6,1,18
8228,5,2471538942640891590,0,2,2,17,5,3,1,6
8229,5,-2208361657758850803,0,4,4,17,2,5,3,14
8230,5,-4454178797053333663,0,2,2,17,3,2,1,4
8231,5,-605075091615381345,0,1,1,17,4,4,1,14
8232,5,3796936882784138211,0,4,4,18,6,5,4,7
8233,5,7680793618824738195,0,1,1,16,8,3,2,5
8234,5,-6851515394465364959,0,1,1,19,2,3,1,5
8235,5,2071225685302332239,0,1,1,15,5,3,1,9
8236,5,-1653431947455326708,0,1,1,16,4,5,3,16
8237,5,-4445369876300772844,0,0,0,16,5,5,3,8
8238,5,-8402854787791534591,0,2,2,15,1,4,2,12
8239,5,3068704965090670960,0,2,2,14,4,2,1,5
8240,5,2441800275643009119,0,3,3,18,3,4,2,11
8241,5,5150991841159038455,0,3,3,14,3,3,1,7
8242,5,5531169713496531034,0,2,2,13,7,3,2,11
8243,5,4411640686605387314,0,1,1,16,2,5,3,13
8244,5,4170326067479687182,0,4,4,19,2,6,4,11
8245,5,-881943136252388650,0,1,1,17,3,4,2,9
8246,5,7840096272380442070,0,0,0,19,4,3,1,4
8247,5,3882138495945350712,0,3,3,16,1,4,2,10
8248,5,533919987668355807,0,0,0,15,4,4,2,14
8249,5,5144970444392208128,0,3,3,17,1,5,2,13
8250,5,6608866119596816119,0,2,2,18,1,6,3,20
8251,5,3514083886186979868,0,4,4,16,4,2,1,5
8252,5,-6088601770488812118,0,3,3,17,3,3,1,6
8253,5,8813711707193198584,0,0,0,16,1,5,3,12
8254,5,8282865209956747407,0,1,1,19,1,3,1,5
8255,5,3013001098753274091,0,2,2,16,6,4,2,12
8256,5,-6928501883681238305,0,3,3,17,1,4,2,9
8257,5,50465427776122100,0,3,3,18,2,4,1,11
8258,5,8709561384620505670,0,3,3,21,1,8,4,16
8259,5,-735203734995238235,0,1,1,15,4,2,1,5
8260,5,7927601211111979261,0,1,1,16,4,4,2,12
8261,5,-999653847812720290,0,1,1,20,1,6,2,14
8262,5,8031082080293260568,0,3,3,15,5,5,3,16
8263,5,-432450852664159554,0,1,1,19,6,4,1,9
8264,5,-569992847849713380,0,0,0,15,2,5,2,17
8265,5,3035947651903596375,0,0,0,14,4,3,1,7
8266,5,-7470182252068550188,0,1,1,14,1,3,1,10
8267,5,-7460380865262085472,0,1,1,16,5,4,1,14
8268,5,4696241987085843812,0,3,3,17,1,3,1,5
8269,5,695311423953279535,0,3,3,17,1,4,2,12
8270,5,-4405733731191674978,0,0,0,16,4,5,2,12
8271,5,1972251926134119463,0,0,0,19,2,6,3,16
8272,5,3647291225076440980,0,2,2,19,4,5,3,14
8273,5,-7433566260558196498,0,1,1,13,3,5,3,18
8274,5,3105090389622555245,0,2,2,19,2,6,3,19
8275,5,442363281682136099,0,4,4,18,1,7,3,17
8276,5,-1088611489948354692,0,1,1,16,5,3,1,10
8277,5,7576148308851566799,0,1,1,17,5,3,2,5
8278,5,7694293048182186382,0,1,1,18,4,4,2,9
8279,5,1680527922395426009,0,2,2,17,6,5,2,14
8280,5,-1049889695765900926,0,0,0,15,1,3,1,8
8281,5,-27238520132948033,0,2,2,17,3,4,1,13
8282,5,4595397164296195615,0,1,1,17,4,3,2,8
8283,5,-981664401286387581,0,2,2,20,2,5,3,9
8284,5,2946099310257145121,0,2,2,20,1,4,2,8
8285,5,-4616058450764331294,0,2,2,13,2,3,1,13
8286,5,3853953839466756501,0,0,0,18,3,3,1,7
8287,5,6688410159936256971,0,2,2,15,2,4,2,10
8288,5,6314054760049869670,0,3,3,18,2,3,1,5
8289,5,5222690189809734927,0,4,4,19,4,4,1,12
8290,5,-7979512616090586058,0,3,3,17,5,3,1,8
8291,5,3923255418915954772,0,2,2,22,1,7,4,15
8292,5,-5734479867245644430,0,4,4,18,3,5,2,17
8293,5,-1116196661814752945,0,4,4,17,3,4,2,7
8294,5,4312112558889710496,0,1,1,17,2,3,1,3
8295,5,-2842921815256225999,0,1,1,16,5,4,2,14
8296,5,-3199323731556291846,0,2,2,15,6,3,1,11
8297,5,-6816596755447337630,0,1,1,14,2,4,2,9
8298,5,-4306628247794046656,0,1,1,18,8,2,1,6
8299,5,6077388729382810476,0,0,0,16,5,3,2,4
8300,5,6861232923559844042,0,1,1,17,1,4,2,6
8301,5,-7764648196368824263,0,2,2,18,3,2,1,4
8302,5,192954730410518748,0,1,1,19,2,3,1,7
8303,5,2093273993958524033,0,3,3,19,1,3,1,4
8304,5,2515504139261585213,0,3,3,16,7,1,1,4
8305,5,-7678901932871315331,0,1,1,17,5,2,1,8
8306,5,6094387193673309962,0,3,3,17,2,3,1,9
8307,5,455248643041546464,0,0,0,19,2,6,2,12
8308,5,6667071061902741703,0,1,1,16,5,3,2,12
8309,5,5767267032243252999,0,1,1,16,5,3,2,8
8310,5,-1981260653147662410,0,4,4,14,1,3,1,11
8311,5,2588214980016222318,0,3,3,16,2,3,2,7
8312,5,4666027665919938668,0,2,2,14,4,5,4,14
8313,5,-3817989206449237658,0,2,2,17,4,3,1,5
8314,5,-886391092334291808,0,1,1,14,6,4,3,15
8315,5,284758871959983876,0,1,1,16,5,2,1,6
8316,5,8738295628322316358,0,2,2,15,6,1,1,2
8317,5,-5575510482525369252,0,1,1,23,1,6,3,13
8318,5,-6581916665622334500,0,0,0,18,2,7,3,21
8319,5,-1083398336554033425,0,2,2,18,1,7,4,20
8320,5,3467150042433423362,0,1,1,20,2,5,2,11
8321,5,4652302651427098209,0,2,2,16,6,1,1,2
8322,5,6393434940826609232,0,0,0,18,3,5,1,13
8323,5,7328439607829848942,0,3,3,19,2,4,2,12
8324,5,-5302745849076794525,0,0,0,13,5,4,2,15
8325,5,-7660763920122174945,0,0,0,17,1,6,3,20
8326,5,5534887666729907769,0,0,0,15,7,3,2,12
8327,5,-6886806531770897608,0,3,3,18,2,4,2,11
8328,5,-3276225017402062658,0,4,4,16,4,5,4,13
8329,5,2330806915179184372,0,0,0,17,2,5,2,10
8330,5,-4352585974851330650,0,3,3,16,6,2,1,5
8331,5,5764581358556357363,0,0,0,15,1,3,1,9
8332,5,5217068328659375997,0,3,3,17,3,6,4,14
8333,5,4230793798056129907,0,2,2,15,4,2,1,3
8334,5,-5339948959114007301,0,3,3,20,2,6,3,8
8335,5,-6255750640365541442,0,1,1,15,4,5,3,15
8336,5,4360242649708443293,0,0,0,17,1,7,4,24
8337,5,-8891773019029090845,0,3,3,19,3,7,4,14
8338,5,-5474140065449672336,0,1,1,16,5,5,3,12
8339,5,-3542173916039143000,0,3,3,19,1,4,2,10
8340,5,-6283411764872889553,0,1,1,15,2,5,3,18
8341,5,-7158801656778285378,0,2,2,16,2,6,4,24
8342,5,6728637091953888144,0,3,3,16,1,4,2,13
8343,5,6628863632925093430,0,2,2,17,3,3,1,10
8344,5,4076856431933861594,0,2,2,20,2,5,3,10
8345,5,-4256123064804190925,0,2,2,16,1,3,1,11
8346,5,-7679977863454579269,0,1,1,16,3,5,3,15
8347,5,786540800650484449,0,2,2,20,4,5,2,12
8348,5,-8717771735744147881,0,3,3,18,3,7,4,19
8349,5,-5815804368737805915,0,1,1,19,3,4,2,9
8350,5,7493131585116682916,0,0,0,19,1,5,1,12
8351,5,-1676343096170106986,0,1,1,20,3,5,3,10
8352,5,-1586434515905816588,0,3,3,20,2,4,1,8
8353,5,2736230311908606507,0,1,1,20,3,6,4,14
8354,5,6958495869888150483,0,2,2,20,3,4,1,16
8355,5,4699542816935364916,0,2,2,14,2,5,4,15
8356,5,-6254146419665720814,0,2,2,17,5,5,3,18
8357,5,-8831797857236839154,0,0,0,14,4,5,3,14
8358,5,-953499461791324125,0,1,1,13,6,4,4,12
8359,5,8263409670910723089,0,3,3,20,1,6,3,19
8360,5,-4609303556719955545,0,1,1,14,3,2,1,5
8361,5,309413650792717133,0,2,2,21,4,4,2,8
8362,5,8384965997613900357,0,2,2,20,2,4,1,6
8363,5,2753862579695040118,0,0,0,17,5,3,1,11
8364,5,1030495822436100285,0,2,2,14,2,3,1,12
8365,5,-7577595407124954340,0,2,2,19,1,6,3,15
8366,5,1409522215459542844,0,1,1,17,2,3,2,5
8367,5,-233899180673647842,0,3,3,15,1,4,3,11
8368,5,3102962551641908465,0,2,2,18,1,6,3,18
8369,5,-3198437924524518816,0,3,3,18,2,4,2,10
8370,5,2760619458287563999,0,0,0,19,3,6,3,14
8371,5,-7097733066925831237,0,0,0,20,3,6,3,13
8372,5,-2148679570929453579,0,2,2,20,1,6,2,12
8373,5,-6996425542171612875,0,0,0,14,1,5,2,16
8374,5,3017385986246455387,0,0,0,17,7,4,3,12
8375,5,3953191923547335537,0,0,0,19,3,7,3,16
8376,5,-4319287643693132786,0,2,2,16,3,5,3,13
8377,5,-8413639250840136600,0,2,2,17,3,5,3,11
8378,5,-3749563222408307538,0,0,0,18,4,6,2,19
8379,5,-1228119640240692903,0,0,0,20,1,6,2,17
8380,5,1512347041752522390,0,2,2,16,4,3,2,8
8381,5,-3665051052424941570,0,2,2,13,4,3,2,7
8382,5,6998981157379543341,0,1,1,16,5,3,2,11
8383,5,8443039292402975488,0,1,1,18,5,3,1,5
8384,5,-2888493490749216133,0,2,2,21,1,4,2,6
8385,5,6397990411030796715,0,1,1,19,3,4,2,10
8386,5,4486116925276872703,0,2,2,18,2,4,3,9
8387,5,-2127256869686472987,0,3,3,15,1,4,2,17
8388,5,-6443538521085894466,0,3,3,16,2,5,3,16
8389,5,4639054846286476124,0,2,2,15,2,4,2,17
8390,5,-8840664324640318305,0,2,2,18,2,6,3,17
8391,5,6517693848592029438,0,3,3,22,1,5,2,8
8392,5,-8695060362006106890,0,2,2,16,3,2,1,4
8393,5,-5606523898532842066,0,0,0,18,2,6,2,19
8394,5,1708914591800554078,0,2,2,19,1,4,2,10
8395,5,7721712685248510772,0,1,1,16,7,3,2,6
8396,5,-640198658933883957,0,3,3,19,8,3,3,3
8397,5,418502271701979764,0,1,1,18,1,3,1,8
8398,5,-8431023949219853602,0,3,3,17,4,2,1,2
8399,5,-114263633439165470,0,4,4,16,2,6,3,20
8400,5,-1415391237860980357,0,3,3,14,1,6,4,22
8401,5,2300446526547191605,0,4,4,16,2,3,1,13
8402,5,3355260415532532888,0,0,0,17,3,4,1,10
8403,5,-3817009738920956838,0,1,1,13,4,5,4,16
8404,5,-5922526940891725737,0,3,3,19,2,5,2,10
8405,5,1490693357187547051,0,3,3,19,3,2,1,6
8406,5,7766831975886125399,0,2,2,17,4,4,3,12
8407,5,-7416845476866822816,0,3,3,18,6,5,4,6
8408,5,-679970924745988281,0,4,4,17,4,4,2,12
8409,5,6379305411176835141,0,3,3,18,2,3,1,10
8410,5,844374485220447419,0,2,2,18,2,2,1,2
8411,5,6361259657188530093,0,3,3,16,2,5,3,17
8412,5,488775021750411330,0,0,0,18,3,5,2,13
8413,5,-7083882179751771,0,3,3,20,2,3,1,7
8414,5,4044061303429118647,0,3,3,20,1,5,2,10
8415,5,-280789761622774163,0,0,0,15,1,7,3,28
8416,5,-1234461709498124585,0,2,2,15,8,1,1,2
8417,5,-8761364855264051677,0,4,4,18,2,4,1,8
8418,5,6894347797055258132,0,2,2,20,1,6,3,15
8419,5,5551395526071792065,0,0,0,17,1,6,3,19
8420,5,-7414719769266880856,0,4,4,17,3,3,1,9
8421,5,6214349063622692425,0,2,2,20,1,2,1,2
8422,5,9186695943041312492,0,4,4,17,8,4,3,8
8423,5,7152211353543838014,0,0,0,16,2,3,1,6
8424,5,-3170661189265145367,0,1,1,17,2,3,1,8
8425,5,-3395888695893145258,0,4,4,20,2,5,2,13
8426,5,-5310493585630262993,0,2,2,18,4,2,1,3
8427,5,5378052772591976044,0,0,0,17,1,4,1,10
8428,5,-1879930793247686683,0,2,2,15,8,1,1,3
8429,5,-1551925247804160837,0,3,3,17,3,3,1,9
8430,5,8072046087988079393,0,3,3,17,6,6,4,15
8431,5,7259228535406544713,0,0,0,20,3,7,2,17
8432,5,42394254122564473,0,2,2,14,5,3,2,4
8433,5,-9119898512049793632,0,3,3,21,1,7,4,14
8434,5,-1551095046177080358,0,1,1,19,4,6,3,12
8435,5,8745954510980112579,0,2,2,18,2,3,1,11
8436,5,4738094645968148887,0,4,4,17,1,4,2,9
8437,5,8942999964481065824,0,2,2,26,2,6,2,13
8438,5,5655016919026391493,0,3,3,18,2,5,3,17
8439,5,767811271711127873,0,3,3,15,6,2,2,2
8440,5,-3752345783880839227,0,2,2,20,2,4,2,11
8441,5,6803873887057799688,0,2,2,15,5,2,1,4
8442,5,1921439543194675489,0,2,2,16,2,2,1,4
8443,5,7916168941869001499,0,3,3,17,4,4,1,14
8444,5,-1657635748782857572,0,1,1,19,2,5,2,12
8445,5,8798199986311920860,0,2,2,19,5,3,2,10
8446,5,2856135242914740867,0,1,1,20,4,4,2,12
8447,5,6803395521814562589,0,1,1,16,4,3,2,12
8448,5,1609207716192613449,0,0,0,16,5,4,2,9
8449,5,1426591411974707411,0,2,2,17,7,3,2,8
8450,5,2261263351607951698,0,2,2,17,4,3,2,6
8451,5,4380934327421824777,0,0,0,19,1,6,2,14
8452,5,5793712278679151374,0,3,3,18,2,7,4,14
8453,5,-2876346480686369002,0,1,1,23,1,6,1,7
8454,5,-2590348802799052214,0,2,2,16,3,5,3,14
8455,5,-1209427077376360430,0,3,3,17,1,3,1,6
8456,5,-995253274738362430,0,1,1,16,5,3,1,11
8457,5,-4375146608645894267,0,2,2,18,3,5,2,8
8458,5,-4287168724387257862,0,0,0,16,2,4,1,7
8459,5,7374533184112495969,0,1,1,13,8,2,2,6
8460,5,206872368146818125,0,2,2,19,1,8,4,19
8461,5,3426745873052285746,0,0,0,17,3,5,2,9
8462,5,-1785442472400512186,0,1,1,20,2,5,2,12
8463,5,2052727023154801299,0,3,3,18,2,4,2,8
8464,5,-2695223197692833234,0,1,1,21,1,5,2,11
8465,5,1493820676859832035,0,2,2,20,1,4,1,10
8466,5,5081467892617733605,0,3,3,15,3,3,2,6
8467,5,-9083852913685936583,0,1,1,16,4,3,2,10
8468,5,-7114147959959633675,0,3,3,18,6,4,2,7
8469,5,-6503234784519973484,0,0,0,19,1,7,2,22
8470,5,-8997177205817948957,0,1,1,16,8,1,1,1
8471,5,3270417295285146710,0,1,1,17,3,2,1,4
8472,5,2931840119097144520,0,0,0,17,3,3,1,5
8473,5,6901153195233211123,0,3,3,16,6,4,3,13
8474,5,-3124122361706040031,0,2,2,19,3,4,2,6
8475,5,-3193505987900094235,0,1,1,20,5,5,3,7
8476,5,-5082747365267180318,0,1,1,18,8,2,1,4
8477,5,5712696082305037795,0,1,1,20,2,6,3,17
8478,5,665005692911244240,0,3,3,17,3,4,2,9
8479,5,9100108745731580497,0,0,0,16,1,7,4,19
8480,5,-5147392765146752496,0,0,0,15,1,5,2,13
8481,5,-4055230459473816839,0,4,4,16,6,5,3,10
8482,5,1789304056879486202,0,3,3,16,3,3,1,10
8483,5,3762670193520231419,0,3,3,24,3,8,4,18
8484,5,-2779533504800608974,0,1,1,16,4,3,1,7
8485,5,761072897467481858,0,3,3,22,3,5,3,12
8486,5,-5643265974601266695,0,1,1,19,2,3,1,4
8487,5,5570720443291869368,0,4,4,18,2,3,1,7
8488,5,-1232619787357317696,0,0,0,15,2,5,2,17
8489,5,7115868623425929595,0,3,3,24,1,5,1,8
8490,5,481223953543788542,0,1,1,17,7,5,3,10
8491,5,-855956514115603120,0,1,1,18,1,4,2,8
8492,5,-6661839551569045438,0,2,2,21,1,3,1,6
8493,5,720242638152095511,0,2,2,16,4,4,2,11
8494,5,1310516465589321355,0,3,3,17,3,2,1,7
8495,5,-1237734009797815552,0,1,1,19,1,6,2,18
8496,5,-8061645944325495593,0,1,1,13,1,3,2,13
8497,5,-4227333823299722179,0,0,0,20,2,5,1,11
8498,5,8230119826245062137,0,0,0,16,5,5,2,15
8499,5,-6642543424982926855,0,1,1,19,2,3,1,5
8500,5,75164593347704239,0,0,0,17,1,6,3,16
8501,5,-8725572595239028856,0,1,1,16,4,3,2,8
8502,5,-214442141320352269,0,3,3,17,3,3,2,6
8503,5,8287895823098774495,0,3,3,17,4,3,2,9
8504,5,1898967954420891025,0,2,2,16,3,5,3,14
8505,5,-8434996069774107579,0,2,2,16,4,3,2,6
8506,5,3429564675655078905,0,0,0,15,7,2,1,4
8507,5,-1657154529104339382,0,0,0,18,4,6,3,13
8508,5,-1187916836638022058,0,0,0,17,3,8,4,23
8509,5,6216611400598568184,0,1,1,17,2,4,3,9
8510,5,-6803093578245895713,0,3,3,16,4,2,1,4
8511,5,392801609225475400,0,2,2,20,5,5,2,14
8512,5,-7864887107672252564,0,2,2,19,1,5,1,14
8513,5,-5402736826982705705,0,3,3,18,6,3,2,6
8514,5,-4852417928549718965,0,2,2,16,2,3,2,4
8515,5,-3847935313141994023,0,4,4,15,3,5,3,16
8516,5,1632791309638990932,0,3,3,18,1,3,2,8
8517,5,6354223658136434509,0,0,0,20,4,4,2,7
8518,5,1100672232295270714,0,4,4,17,2,4,2,8
8519,5,-8097198001566068622,0,1,1,19,1,4,1,11
8520,5,-562380457055165661,0,3,3,14,8,3,2,10
8521,5,-487352042155157383,0,0,0,20,2,7,3,17
8522,5,-5374648022506109317,0,0,0,21,4,5,2,8
8523,5,2032372963937698683,0,1,1,16,9,1,1,1
8524,5,8294810116324477701,0,1,1,18,4,3,1,6
8525,5,-353242956577850964,0,3,3,20,3,4,2,7
8526,5,8918391865153140786,0,2,2,17,3,3,2,8
8527,5,7464792804032951761,0,2,2,20,1,3,1,10
8528,5,-3887043612458726730,0,0,0,20,2,6,3,14
8529,5,6338011356536887023,0,2,2,18,3,2,1,4
8530,5,-7755587484580642985,0,2,2,16,5,3,1,8
8531,5,-1003674139314808508,0,0,0,15,1,6,3,22
8532,5,-6381880746731555065,0,0,0,14,4,3,1,9
8533,5,5465922926692018811,0,1,1,18,2,4,3,9
8534,5,-1317723793132140491,0,0,0,15,6,6,3,16
8535,5,1408044430429015322,0,0,0,16,1,9,4,30
8536,5,6315166362131648863,0,2,2,20,3,5,3,14
8537,5,-7779451587518562498,0,0,0,14,9,2,1,5
8538,5,9209705387495006443,0,1,1,17,4,3,1,10
8539,5,5086853709595596938,0,2,2,18,2,2,1,4
8540,5,-4307323040922122697,0,2,2,18,2,4,1,14
8541,5,5436204798037218141,0,2,2,17,4,5,4,14
8542,5,3227323861725519854,0,3,3,17,2,2,1,5
8543,5,7740967923137869122,0,1,1,19,4,3,1,9
8544,5,-4197167915024581731,0,2,2,18,1,5,2,9
8545,5,7266806352353135276,0,2,2,16,6,4,2,12
8546,5,2659593747431332485,0,0,0,18,1,8,4,19
8547,5,4202411117029714402,0,3,3,15,2,3,2,10
8548,5,-7465023133903245390,0,0,0,16,2,5,1,16
8549,5,-8968127771836813000,0,3,3,20,1,4,2,8
8550,5,1740759930021882700,0,2,2,22,1,4,1,6
8551,5,-6800338124672486273,0,1,1,15,7,3,2,9
8552,5,-179506256591296724,0,2,2,19,6,3,2,6
8553,5,8903826298456870334,0,2,2,19,3,6,4,10
8554,5,-2178522417080072014,0,0,0,20,2,8,4,21
8555,5,-7532395531253119711,0,2,2,20,1,8,4,15
8556,5,-2694579243319710763,0,2,2,19,2,7,4,18
8557,5,1357273528879989809,0,1,1,17,6,3,2,7
8558,5,-4300219792938947718,0,1,1,19,7,2,1,8
8559,5,-319117098513168315,0,0,0,20,1,7,3,17
8560,5,-815062313571345654,0,4,4,18,1,4,1,13
8561,5,-5422135339318556616,0,1,1,18,2,4,1,10
8562,5,-4660165602260794050,0,2,2,19,1,3,1,5
8563,5,-9081979935163973285,0,3,3,18,1,3,1,8
8564,5,-4846767338855381956,0,1,1,17,4,3,2,8
8565,5,-6191320695011483731,0,0,0,15,3,7,4,24
8566,5,97712288178210535,0,1,1,16,3,2,1,2
8567,5,4858891717368853833,0,2,2,19,3,4,2,7
8568,5,52407646923085682,0,2,2,19,3,4,1,13
8569,5,1093648172838941983,0,3,3,18,4,3,2,5
8570,5,-274805812546226378,0,4,4,17,2,7,3,18
8571,5,9006870236572853478,0,2,2,14,4,2,1,5
8572,5,-4996631418013473850,0,1,1,21,5,3,1,8
8573,5,3670189665697790545,0,1,1,18,5,3,1,9
8574,5,3065040359113857343,0,3,3,16,5,4,3,9
8575,5,4308469207257421696,0,3,3,15,2,4,2,13
8576,5,2691225496972617187,0,2,2,18,4,6,3,17
8577,5,4677404726822935225,0,1,1,18,4,4,2,11
8578,5,2975409598238466793,0,3,3,19,4,5,1,15
8579,5,3392992973936293207,0,2,2,15,6,3,2,8
8580,5,-5403783939778124146,0,1,1,18,6,4,2,10
8581,5,1843491436952206849,0,0,0,14,5,3,2,10
8582,5,6943658764711232367,0,2,2,17,1,4,2,15
8583,5,-7035400485067328993,0,3,3,16,3,5,3,13
8584,5,-8082147935025829606,0,3,3,18,4,3,2,6
8585,5,266270822211279498,0,3,3,15,2,3,2,8
8586,5,1839941217687730657,0,1,1,21,3,4,2,7
8587,5,-8238108980083849342,0,3,3,16,5,2,2,4
8588,5,-6256042729481475598,0,4,4,18,1,7,4,15
8589,5,8221070601893582820,0,1,1,14,2,2,1,6
8590,5,-8216755684478190684,0,3,3,18,2,7,4,15
8591,5,7976349139250167708,0,1,1,19,1,6,3,14
8592,5,-5767615663978042093,0,1,1,21,3,3,1,6
8593,5,8182784549906792792,0,2,2,15,7,4,3,12
8594,5,2682355398465694446,0,2,2,15,6,2,1,6
8595,5,6427836490796584829,0,1,1,16,6,4,2,12
8596,5,-7535029502454096754,0,3,3,15,7,3,1,10
8597,5,8253246848626100318,0,0,0,14,3,6,3,22
8598,5,-2671539356833112757,0,2,2,17,1,6,4,16
8599,5,-6204212535320870485,0,3,3,14,3,4,3,13
8600,5,-6953245646860552437,0,3,3,22,3,5,3,8
8601,5,772531907350107943,0,0,0,16,5,4,1,12
8602,5,-9045337912611868133,0,3,3,17,1,8,4,28
8603,5,1351866886615232669,0,0,0,15,1,7,3,24
8604,5,7503051118048202305,0,2,2,15,8,2,2,6
8605,5,-365665496777657580,0,2,2,16,2,5,3,16
8606,5,7668560034145745169,0,1,1,20,1,3,1,5
8607,5,-7175756965165952703,0,0,0,17,2,5,3,12
8608,5,-3927329059543624321,0,3,3,20,6,6,3,13
8609,5,4449117242734260028,0,0,0,18,6,3,1,9
8610,5,-5517241176690579275,0,2,2,20,2,6,4,15
8611,5,-3157119064194347658,0,0,0,18,3,6,3,13
8612,5,-2224033103624110041,0,1,1,20,1,9,4,22
8613,5,2582829961978343146,0,2,2,16,2,3,1,10
8614,5,-8584579322677910301,0,2,2,17,6,2,1,2
8615,5,7404999334437777043,0,2,2,17,3,5,3,10
8616,5,145709452517371949,0,4,4,19,2,5,3,13
8617,5,-8433727724229216227,0,3,3,19,1,4,1,7
8618,5,5439051492238628170,0,1,1,16,5,2,1,3
8619,5,-5495778293149657121,0,0,0,15,7,4,2,16
8620,5,-262082236851309412,0,2,2,15,3,4,2,14
8621,5,929420336818066951,0,0,0,14,2,4,2,8
8622,5,-6280858511377527825,0,0,0,17,4,5,2,10
8623,5,8814608287923507478,0,0,0,16,4,4,2,12
8624,5,9202010279055906833,0,2,2,19,4,5,3,17
8625,5,-7194656886779278449,0,3,3,19,1,3,1,8
8626,5,-8341389580802212953,0,3,3,16,3,4,2,17
8627,5,-7190184232302763798,0,2,2,16,3,4,2,13
8628,5,3488905355106697022,0,1,1,16,3,5,3,16
8629,5,7199222948943353295,0,2,2,19,4,5,3,10
8630,5,-3425437946624754016,0,0,0,18,5,5,2,15
8631,5,1667619486107514752,0,3,3,19,4,3,1,11
8632,5,7481315654630954856,0,2,2,16,1,4,1,16
8633,5,-1618890561285423466,0,3,3,16,2,5,2,12
8634,5,-7240766665466827560,0,1,1,16,7,2,1,2
8635,5,-4416234867893327633,0,1,1,15,2,2,1,9
8636,5,8966163152461010154,0,4,4,12,8,5,4,19
8637,5,6764493547707317990,0,0,0,21,5,6,2,10
8638,5,6353524061457842852,0,0,0,18,1,6,2,19
8639,5,1420976924967286725,0,2,2,17,5,3,1,6
8640,5,-2444054529342455376,0,0,0,15,2,6,3,23
8641,5,-4256172845492326025,0,3,3,16,2,5,3,17
8642,5,5989567626898429739,0,0,0,18,4,7,3,22
8643,5,2502695502396845953,0,1,1,16,8,3,2,8
8644,5,5188209315838106557,0,1,1,21,2,7,3,10
8645,5,1924328925209646387,0,1,1,13,5,1,1,1
8646,5,2005893355941126889,0,2,2,16,5,1,1,2
8647,5,8636949854381035290,0,1,1,17,3,3,1,8
8648,5,-3963930322464259163,0,2,2,22,1,6,1,11
8649,5,-1995018389638062152,0,3,3,17,2,5,3,13
8650,5,-1469571149180938707,0,2,2,20,6,5,2,8
8651,5,-6201405975280663690,0,1,1,23,1,8,4,19
8652,5,7515395767759797011,0,0,0,17,2,7,4,16
8653,5,-6002049832502992935,0,1,1,15,8,1,1,1
8654,5,9173346237250502554,0,0,0,16,7,4,2,12
8655,5,-5511825743083965964,0,1,1,14,5,5,4,13
8656,5,-4906214583464643771,0,0,0,15,3,4,2,12
8657,5,-4287098821677928419,0,2,2,16,1,4,2,9
8658,5,204512863923815082,0,2,2,19,7,4,2,10
8659,5,-261467689326030109,0,0,0,20,3,7,3,16
8660,5,-2645391924452365429,0,4,4,17,2,4,2,7
8661,5,4384255813211830591,0,1,1,19,2,4,1,8
8662,5,-1777456484667400666,0,1,1,16,1,2,1,6
8663,5,8833787662938643464,0,2,2,17,1,4,2,8
8664,5,-5206086629512126517,0,1,1,15,1,4,3,9
8665,5,9023739531922310316,0,2,2,19,1,4,1,8
8666,5,-4646287888190143825,0,3,3,16,3,4,2,10
8667,5,-418780833188611300,0,1,1,20,5,3,1,7
8668,5,729082174042998528,0,2,2,18,2,5,2,12
8669,5,344347187385147144,0,3,3,16,1,6,3,16
8670,5,-8654467712922109639,0,3,3,15,3,3,2,7
8671,5,-8148252045332471732,0,2,2,18,1,4,2,6
8672,5,-5529814986841857610,0,0,0,18,3,5,2,11
8673,5,-2350092378221000023,0,2,2,17,5,4,3,9
8674,5,1337719105524701579,0,2,2,19,1,4,2,10
8675,5,8064567573300713655,0,3,3,19,1,7,4,16
8676,5,-6656332341215455088,0,0,0,16,4,3,1,9
8677,5,1703783797705605658,0,1,1,15,2,5,3,18
8678,5,-6276349406647365440,0,1,1,21,1,4,1,7
8679,5,75501477899204852,0,2,2,19,6,5,3,10
8680,5,2017875111465577155,0,3,3,17,1,4,2,8
8681,5,-677723315933590886,0,0,0,15,8,3,1,11
8682,5,6296267547764488136,0,2,2,17,2,4,3,4
8683,5,-7332871903915485303,0,0,0,16,2,5,2,14
8684,5,6917084431981931672,0,3,3,16,4,4,2,9
8685,5,3646970365076756122,0,0,0,17,1,7,3,20
8686,5,-4447805450279929368,0,4,4,18,2,4,1,12
8687,5,-5678394809273084043,0,3,3,19,1,3,1,9
8688,5,-4541588764820367890,0,3,3,18,1,5,3,14
8689,5,5117188044676364355,0,1,1,17,1,4,1,10
8690,5,-3168630591871235274,0,4,4,15,4,4,2,12
8691,5,7367689382215320231,0,1,1,17,7,4,2,11
8692,5,4507665881948463285,0,0,0,15,4,3,1,10
8693,5,1023805242998285294,0,0,0,17,2,7,4,19
8694,5,1186888260525043486,0,4,4,20,4,4,2,10
8695,5,1813560622776628356,0,2,2,21,4,4,2,8
8696,5,-2895892947010832524,0,2,2,15,4,5,4,16
8697,5,6948195453128983209,0,1,1,14,9,1,1,3
8698,5,-2717056573472387361,0,2,2,15,4,4,3,13
8699,5,-7544914960776080283,0,2,2,16,6,3,2,8
8700,5,1061227704277201859,0,3,3,15,5,2,1,5
8701,5,-1627963192305380167,0,0,0,15,3,4,1,10
8702,5,-9055349117913243633,0,1,1,17,1,4,2,8
8703,5,-6320722720772055018,0,0,0,21,2,6,1,16
8704,5,987738475077086418,0,0,0,17,1,4,2,8
8705,5,-6948635237208792046,0,3,3,17,7,4,4,4
8706,5,-8457316029977945325,0,0,0,14,5,2,1,4
8707,5,4270761246090577497,0,3,3,18,1,6,4,14
8708,5,6130927734749304289,0,3,3,13,7,1,1,1
8709,5,5150924497600530145,0,0,0,21,1,7,3,17
8710,5,2404002038125937064,0,1,1,15,1,4,2,12
8711,5,4202889912339763553,0,4,4,19,7,5,3,15
8712,5,-3104542257944580922,0,2,2,15,5,4,3,11
8713,5,3946035334981267971,0,2,2,18,4,4,3,9
8714,5,8791075084367885661,0,1,1,18,2,6,3,13
8715,5,1618122911331246424,0,1,1,20,1,5,2,8
8716,5,-2480033263166130070,0,0,0,18,2,7,3,20
8717,5,1846743422957689739,0,2,2,17,7,4,2,14
8718,5,6153298995294494230,0,3,3,19,3,4,1,8
8719,5,8252416108805846745,0,2,2,20,2,4,2,7
8720,5,6911833106816341836,0,1,1,15,6,4,3,10
8721,5,-2970248013231919808,0,3,3,19,2,5,3,13
8722,5,-4928646288732872565,0,3,3,16,5,2,1,3
8723,5,-1161926971844620938,0,2,2,18,6,2,2,6
8724,5,-8364286547961209348,0,2,2,19,1,3,1,8
8725,5,-3650434234479065316,0,1,1,18,1,6,4,14
8726,5,-6583552253074332474,0,0,0,17,1,6,3,17
8727,5,253630341949212211,0,2,2,13,6,3,3,9
8728,5,-342744226729572959,0,1,1,15,3,3,2,8
8729,5,-7999218837911498290,0,2,2,19,3,2,1,6
8730,5,1116371884053867689,0,4,4,17,1,2,1,3
8731,5,-1790703851801746935,0,2,2,16,7,3,2,6
8732,5,4254362246899100276,0,2,2,18,5,5,3,12
8733,5,-535466799680036551,0,4,4,17,2,5,2,14
8734,5,-3378858405000856986,0,1,1,17,6,3,2,10
8735,5,3269197653743848548,0,2,2,15,4,2,1,7
8736,5,-5268500575785297341,0,1,1,17,2,3,1,8
8737,5,-3764124730975901965,0,0,0,19,3,4,2,11
8738,5,3970884697413273349,0,2,2,19,4,3,1,5
8739,5,4387238620394059174,0,4,4,18,2,6,3,16
8740,5,-4845177218130906385,0,2,2,14,6,3,3,5
8741,5,-7159806609766271801,0,0,0,13,7,3,1,14
8742,5,8394039634832148705,0,1,1,18,4,4,2,11
8743,5,-391786657999094366,0,2,2,19,5,4,2,13
8744,5,-8040627097308720914,0,1,1,16,3,3,2,7
8745,5,7072630083162705715,0,1,1,17,6,4,2,8
8746,5,-5717693797308921301,0,3,3,21,2,5,2,12
8747,5,3932310376758881825,0,1,1,17,2,2,1,4
8748,5,5372691666452336073,0,2,2,15,7,1,1,2
8749,5,4101648015868137451,0,1,1,18,4,2,1,8
8750,5,8886656529027813222,0,2,2,15,5,3,2,11
8751,5,363909876237682016,0,3,3,16,3,5,3,11
8752,5,-8164608747212697953,0,3,3,16,4,3,2,10
8753,5,5175840863448520788,0,3,3,16,5,4,2,10
8754,5,6513969511120719337,0,3,3,17,1,5,2,17
8755,5,503704014597853328,0,2,2,17,2,3,1,8
8756,5,-539432823932329311,0,1,1,19,2,4,1,9
8757,5,2759575805981692938,0,3,3,18,2,5,2,13
8758,5,2352771873974678112,0,4,4,18,4,3,1,11
8759,5,-3726367665559218603,0,1,1,16,3,3,1,8
8760,5,-9205549232637234796,0,2,2,16,6,4,3,10
8761,5,5352901144044211034,0,2,2,15,3,6,4,22
8762,5,-4692457627084589236,0,1,1,17,1,2,1,9
8763,5,-2007271888128011960,0,3,3,18,2,6,4,15
8764,5,-336189453166658990,0,4,4,19,4,4,2,13
8765,5,-839332846574729784,0,2,2,14,1,3,2,9
8766,5,5403341435837959038,0,1,1,17,5,5,3,11
8767,5,-1924528532069909899,0,4,4,16,1,6,3,16
8768,5,5567876308655300937,0,2,2,17,1,6,4,17
8769,5,-4012698493821617013,0,3,3,18,2,4,2,6
8770,5,788513485451905184,0,1,1,18,1,4,2,7
8771,5,-5498065669077212195,0,1,1,16,2,4,2,11
8772,5,-3272101128814932230,0,1,1,18,1,6,3,16
8773,5,-4513070340851294964,0,4,4,17,1,3,1,7
8774,5,7763554937516800428,0,0,0,14,5,2,1,5
8775,5,-8233995786351058187,0,4,4,19,4,4,2,9
8776,5,1028454523131125371,0,1,1,16,2,5,3,16
8777,5,8699341013069994859,0,2,2,19,1,5,2,8
8778,5,-1244061187717254798,0,0,0,17,5,3,1,9
8779,5,-652228301515076826,0,3,3,17,7,2,1,5
8780,5,-6337827954740601866,0,3,3,17,5,5,3,15
8781,5,-4174667736486128390,0,2,2,16,6,4,4,8
8782,5,4755347486870384919,0,0,0,22,1,7,2,14
8783,5,7710158597530810443,0,1,1,20,1,4,2,12
8784,5,6368122174407873320,0,2,2,16,2,7,4,19
8785,5,-7394216033955495232,0,2,2,16,6,1,1,5
8786,5,-1545800258047402351,0,1,1,15,2,4,2,16
8787,5,-2357532834704824010,0,4,4,19,1,4,1,12
8788,5,8440884242631699938,0,3,3,16,2,3,1,8
8789,5,-8206963484158149641,0,1,1,17,2,3,1,10
8790,5,2426172670333913900,0,0,0,16,2,4,2,12
8791,5,9103816328353622571,0,2,2,16,1,5,2,18
8792,5,8087390019433357964,0,0,0,20,1,5,2,10
8793,5,2265363770229065869,0,4,4,15,7,2,1,9
8794,5,-3994481000880518649,0,0,0,22,4,5,2,10
8795,5,-5463297771411828894,0,1,1,16,3,3,1,9
8796,5,-4638635182908018019,0,1,1,20,1,5,2,9
8797,5,-7610897896355380313,0,1,1,17,3,3,2,7
8798,5,-6909747923718318440,0,3,3,18,5,2,1,3
8799,5,-7569017065026207863,0,0,0,19,5,5,2,11
8800,5,6097263945195354404,0,0,0,16,1,6,3,17
8801,5,-4476386979611472358,0,1,1,16,5,3,2,7
8802,5,4936221003110517540,0,2,2,19,1,4,1,8
8803,5,-884819517868995007,0,3,3,17,5,6,4,14
8804,5,-121083012810897086,0,4,4,18,1,3,1,6
8805,5,5334543037502492913,0,2,2,18,2,4,1,9
8806,5,-4106077908694292664,0,2,2,18,6,2,1,6
8807,5,-3807233391435438436,0,4,4,19,4,4,2,10
8808,5,-3343187618134483794,0,4,4,15,6,3,2,7
8809,5,-625033450433687574,0,0,0,16,5,7,4,19
8810,5,2459783368195974771,0,1,1,18,2,7,4,18
8811,5,-2983692418098461274,0,4,4,15,4,4,2,7
8812,5,-647202806753734096,0,1,1,19,2,6,3,17
8813,5,-7545238427354739720,0,4,4,16,2,6,3,21
8814,5,3373968002009261673,0,1,1,17,2,4,2,11
8815,5,-4501746032091839271,0,0,0,18,4,5,3,13
8816,5,969352716025953318,0,2,2,16,3,4,2,11
8817,5,4619220927186957762,0,2,2,17,1,4,1,9
8818,5,3726294218888846785,0,2,2,17,1,3,1,7
8819,5,2352379359744767142,0,2,2,19,1,5,2,14
8820,5,-6446051484540502270,0,2,2,18,3,6,3,14
8821,5,-7709230703825358813,0,4,4,20,3,4,2,12
8822,5,-6815829425665858968,0,1,1,17,1,4,2,10
8823,5,-3239549602036300045,0,3,3,15,4,2,1,8
8824,5,4617498118841663433,0,1,1,15,2,3,1,12
8825,5,6165531740560532136,0,4,4,18,1,5,2,17
8826,5,1244269705787965469,0,1,1,20,3,5,3,17
8827,5,7417198671069989272,0,2,2,18,5,2,1,5
8828,5,-8940356223069887851,0,2,2,19,3,3,1,7
8829,5,-1005263234681234411,0,0,0,15,3,5,2,18
8830,5,2756279754519830258,0,1,1,20,1,4,1,8
8831,5,5716095909865615585,0,3,3,16,3,6,3,24
8832,5,-8776358291466249963,0,1,1,19,2,3,2,3
8833,5,1706261817038259424,0,1,1,17,3,4,2,11
8834,5,-9092181733229577775,0,2,2,15,3,5,3,15
8835,5,3767865085713330703,0,0,0,21,1,5,1,12
8836,5,3440481929391227144,0,2,2,17,3,2,1,8
8837,5,2833838005528388020,0,3,3,16,5,4,3,9
8838,5,-7427845062018603787,0,1,1,19,1,6,3,13
8839,5,7768455581855509975,0,3,3,17,4,3,1,10
8840,5,79723829521715909,0,1,1,16,1,4,2,14
8841,5,5902352496024184304,0,2,2,15,6,2,1,4
8842,5,-2920825123941653395,0,2,2,17,1,3,2,8
8843,5,-5375249653141116191,0,3,3,14,7,5,4,14
8844,5,-2263829427575644233,0,0,0,18,1,8,4,20
8845,5,-6504511965106596314,0,2,2,15,6,5,4,12
8846,5,3098748479364403868,0,3,3,15,6,6,4,20
8847,5,-6416595172947976118,0,4,4,20,1,5,2,11
8848,5,-5472138305212423975,0,4,4,15,7,2,1,5
8849,5,-5740376591731950948,0,3,3,18,4,4,3,9
8850,5,-4658429564883069252,0,3,3,15,2,3,1,10
8851,5,-3067665003835142110,0,0,0,20,4,6,2,9
8852,5,2135886494816933182,0,2,2,15,1,3,2,6
8853,5,8699918521819046350,0,2,2,17,3,3,2,4
8854,5,8244650550754421590,0,2,2,18,3,6,3,16
8855,5,-6306160038862523921,0,3,3,17,2,5,3,13
8856,5,-3432106753364987765,0,1,1,20,2,5,2,13
8857,5,9081741513902895850,0,2,2,18,2,4,2,9
8858,5,5083969060406932683,0,0,0,18,2,5,2,14
8859,5,-858220599036580567,0,3,3,18,2,3,1,11
8860,5,-7458374134488360581,0,1,1,21,1,7,3,16
8861,5,1643073513764409426,0,1,1,15,5,4,2,13
8862,5,-1940011818744141873,0,1,1,17,1,4,1,11
8863,5,-1754590381532240964,0,1,1,14,6,2,2,4
8864,5,6995625578964056154,0,0,0,17,4,4,2,6
8865,5,414499619727395358,0,0,0,15,5,4,2,14
8866,5,1501593351707672552,0,2,2,15,2,4,2,15
8867,5,-7038259091678638967,0,3,3,15,3,5,3,13
8868,5,3961380908485203339,0,0,0,15,1,7,4,20
8869,5,6380768068324466839,0,1,1,16,3,5,3,15
8870,5,-2090326140892641805,0,4,4,18,3,3,1,7
8871,5,-6883613409315021340,0,2,2,21,2,4,1,6
8872,5,-8696229132312131581,0,3,3,20,2,7,3,17
8873,5,-5921345514924222787,0,0,0,14,7,3,2,6
8874,5,2184118759938991776,0,1,1,18,4,3,1,7
8875,5,-978549777346443241,0,3,3,19,2,7,3,16
8876,5,-7046537740017306677,0,2,2,18,1,5,2,11
8877,5,-3481161921879042877,0,1,1,19,4,3,2,8
8878,5,-5783897914013837071,0,2,2,22,2,5,2,11
8879,5,-2231952316068479010,0,1,1,17,3,5,3,15
8880,5,-5171689550749558655,0,2,2,18,4,7,4,17
8881,5,2908640108096690829,0,2,2,16,3,3,1,5
8882,5,5545573302449607871,0,3,3,15,3,2,1,6
8883,5,-7444998019346736918,0,1,1,17,5,5,3,14
8884,5,-3474103676990558249,0,0,0,18,2,7,3,19
8885,5,-669427446591978951,0,3,3,14,1,4,3,10
8886,5,-266504391943464651,0,2,2,16,6,4,3,11
8887,5,-5206384227093925794,0,2,2,17,5,3,1,7
8888,5,-5933888677199487981,0,1,1,15,6,3,2,11
8889,5,5816617295272399507,0,0,0,21,3,6,2,11
8890,5,-2082756926232902829,0,2,2,18,3,5,3,18
8891,5,8762381926570977109,0,2,2,19,1,3,1,7
8892,5,-6191619676637862258,0,3,3,17,2,4,2,7
8893,5,-983262825532661345,0,2,2,20,1,8,4,20
8894,5,-2134301356131109780,0,3,3,19,3,4,1,9
8895,5,-3766358908361003686,0,2,2,15,3,2,1,8
8896,5,-408234596247073227,0,3,3,19,1,5,2,14
8897,5,-8128386681671153901,0,2,2,23,1,6,2,15
8898,5,-7517846943908378456,0,0,0,15,5,3,1,9
8899,5,-7308579661218604306,0,3,3,17,7,4,3,6
8900,5,6677352231429826059,0,2,2,13,3,3,2,9
8901,5,-2461332445643759910,0,2,2,19,1,5,2,8
8902,5,8212990868372020611,0,1,1,21,2,6,2,16
8903,5,-1724704602856662011,0,1,1,19,5,6,4,21
8904,5,8276103898434470821,0,1,1,17,6,2,1,4
8905,5,-2591784713865700462,0,0,0,16,2,7,4,20
8906,5,-5945597640305809332,0,1,1,16,2,3,1,9
8907,5,-3885784562905437559,0,2,2,16,2,3,1,8
8908,5,2448983058818678188,0,2,2,20,2,7,3,17
8909,5,-2675957957910304497,0,1,1,19,3,6,4,11
8910,5,3636347489977375911,0,2,2,14,3,5,3,16
8911,5,4839851850112506070,0,2,2,17,2,5,3,18
8912,5,-2583664241828644257,0,2,2,17,3,4,2,7
8913,5,-4996009523526967594,0,1,1,16,4,4,2,7
8914,5,-8767496120543747317,0,1,1,15,2,3,2,8
8915,5,317683264220310588,0,1,1,19,1,3,1,5
8916,5,-3529931981196931570,0,2,2,17,4,5,3,15
8917,5,6798023354279297698,0,3,3,21,3,6,3,14
8918,5,4035067509483282245,0,3,3,19,1,5,2,12
8919,5,-8420339463193081983,0,1,1,18,4,4,2,13
8920,5,-8021251678867707488,0,2,2,15,3,2,1,5
8921,5,-4161417126350431517,0,0,0,17,2,5,2,12
8922,5,8280588099925165812,0,1,1,18,3,7,4,17
8923,5,-5048106142215903908,0,1,1,21,1,5,2,8
8924,5,731972397792254222,0,2,2,17,5,4,2,10
8925,5,8283447589173203258,0,4,4,19,3,5,2,15
8926,5,-5884152840337373174,0,1,1,20,1,5,2,10
8927,5,12264764410995451,0,0,0,18,1,4,1,12
8928,5,958921560626139622,0,1,1,15,7,2,1,7
8929,5,-6310641659332745985,0,2,2,20,3,4,1,8
8930,5,-4551400183927849135,0,1,1,16,1,4,2,7
8931,5,6907591871210691198,0,3,3,17,6,2,1,5
8932,5,4200051862907212233,0,0,0,16,6,6,3,16
8933,5,-1553878002632954437,0,1,1,20,2,4,1,8
8934,5,-427407415395320092,0,1,1,18,4,3,2,7
8935,5,2728666941507407225,0,2,2,16,4,4,3,13
8936,5,-7589025444107465492,0,1,1,18,6,4,3,13
8937,5,-7827288800732942930,0,1,1,15,6,2,1,6
8938,5,5137089072545359025,0,2,2,21,2,5,2,13
8939,5,-833085371501453450,0,2,2,17,1,5,3,13
8940,5,9141956441496169627,0,2,2,19,8,2,1,6
8941,5,-5287950213485890486,0,2,2,18,6,3,1,9
8942,5,-3374835022299430658,0,0,0,18,1,7,3,23
8943,5,-3118821705869467535,0,1,1,17,4,3,1,7
8944,5,7522072822439583154,0,3,3,17,2,6,3,11
8945,5,-7483050442102566730,0,1,1,17,1,5,2,8
8946,5,-880760688666964767,0,2,2,19,4,6,4,14
8947,5,6904864506697082714,0,1,1,16,5,2,1,7
8948,5,4775960816767250210,0,0,0,18,2,4,1,9
8949,5,-2071193082530278324,0,3,3,19,1,4,2,9
8950,5,-1440275783764201273,0,2,2,18,2,3,2,6
8951,5,-5442022537983050601,0,2,2,18,5,6,4,12
8952,5,2211276854098198642,0,1,1,20,4,4,1,14
8953,5,8231803548707251483,0,0,0,16,1,5,2,13
8954,5,1703523239004347118,0,1,1,16,5,5,3,16
8955,5,-2712937206291442561,0,0,0,16,5,3,1,10
8956,5,3979822454067773499,0,0,0,15,6,5,3,15
8957,5,-1611298016049373083,0,2,2,15,7,2,1,5
8958,5,3442236211826877930,0,3,3,18,3,6,4,14
8959,5,7538302554102946271,0,2,2,18,1,3,1,11
8960,5,5467678357628615339,0,2,2,19,1,2,1,3
8961,5,-6816154207494664926,0,1,1,18,5,3,1,7
8962,5,8613233556199591716,0,3,3,23,3,7,4,14
8963,5,-4514589292190693255,0,2,2,16,2,4,2,10
8964,5,-3288805829118806013,0,1,1,17,2,3,2,11
8965,5,6262571969587994236,0,3,3,20,4,3,2,3
8966,5,8297229545595682134,0,4,4,18,3,4,2,10
8967,5,-593320897664395391,0,0,0,21,1,8,3,17
8968,5,7662835932739660569,0,2,2,17,6,4,2,10
8969,5,-1526086749994957231,0,1,1,15,3,4,3,11
8970,5,6754769668298250000,0,2,2,18,2,3,1,4
8971,5,-8972699177956051938,0,4,4,16,3,4,2,13
8972,5,-8003047157097353257,0,1,1,17,3,4,2,11
8973,5,-128967694268770380,0,1,1,19,4,5,3,15
8974,5,4507667492180781367,0,0,0,15,3,6,3,18
8975,5,3977200917577337839,0,1,1,15,4,4,3,8
8976,5,-7191612036916815430,0,1,1,17,4,3,2,11
8977,5,-7319409978194445972,0,0,0,20,5,5,2,10
8978,5,3489645466797268352,0,3,3,17,6,3,1,6
8979,5,-8244064178335455357,0,2,2,16,1,4,2,12
8980,5,-7080901235572747693,0,1,1,19,1,4,2,8
8981,5,3426334925923281012,0,3,3,15,5,1,1,3
8982,5,2930696316966109433,0,1,1,18,1,4,2,12
8983,5,4848012597383484639,0,3,3,25,2,7,3,14
8984,5,-1614171698714327094,0,0,0,18,7,5,3,16
8985,5,2130605591137700473,0,3,3,15,7,2,2,2
8986,5,5530357588176034433,0,2,2,20,5,3,2,7
8987,5,6995186994603647485,0,3,3,21,2,6,2,16
8988,5,-6555760888234005674,0,1,1,16,5,5,3,11
8989,5,-6019160078642835361,0,0,0,17,2,3,1,9
8990,5,-5738235985296830133,0,2,2,17,2,5,4,8
8991,5,5621311758978606919,0,0,0,22,1,7,2,15
8992,5,-1246603970722922554,0,1,1,18,1,5,3,11
8993,5,-3463164010125924163,0,1,1,19,1,4,1,9
8994,5,2872403971538314079,0,3,3,15,6,6,4,14
8995,5,4378528000894263840,0,0,0,16,1,5,2,14
8996,5,-1678365416412448773,0,3,3,15,4,3,2,5
8997,5,6012579216402350684,0,2,2,19,1,5,2,13
8998,5,-5401037278672376807,0,2,2,18,1,6,3,14
8999,5,5512856249945497435,0,4,4,16,4,6,4,16
9000,5,3042527060757865835,0,2,2,19,1,6,2,13
9001,5,1420693735277616827,0,0,0,22,1,6,1,13
9002,5,-660315565131646296,0,0,0,18,2,5,1,12
9003,5,93729937298175426,0,2,2,15,1,5,4,12
9004,5,-1900501944597907808,0,3,3,15,2,5,3,11
9005,5,-4966662819602369394,0,3,3,17,7,3,2,6
9006,5,-1270259358104078192,0,3,3,16,3,5,3,14
9007,5,5515017067043410064,0,3,3,17,3,2,1,2
9008,5,6751494023637288375,0,2,2,17,1,7,3,21
9009,5,1010174620202148411,0,0,0,18,5,6,3,18
9010,5,6804992592056868905,0,0,0,15,1,6,3,18
9011,5,4184831826436966903,0,2,2,16,2,5,3,16
9012,5,1941616768290141922,0,3,3,16,6,5,3,17
9013,5,3893795370201772124,0,2,2,18,3,4,2,11
9014,5,315208726790390557,0,3,3,18,5,4,2,7
9015,5,8868407267255686556,0,1,1,16,3,3,2,6
9016,5,-5742130466554829082,0,2,2,16,3,2,1,4
9017,5,-6873489448839175105,0,2,2,16,3,4,2,11
9018,5,-1454029407426846482,0,1,1,20,6,4,2,5
9019,5,8333188771068148502,0,1,1,18,3,2,1,2
9020,5,-4269617418283030114,0,1,1,15,1,4,2,18
9021,5,-519646370499845527,0,0,0,17,3,4,2,11
9022,5,2951280458337586542,0,0,0,18,2,5,2,12
9023,5,2655547158183321714,0,1,1,18,3,6,4,15
9024,5,-8831051196246550410,0,2,2,19,4,5,3,11
9025,5,8781741694591017231,0,1,1,14,6,3,2,8
9026,5,6276025158479390532,0,0,0,17,2,5,1,14
9027,5,5236900930787042482,0,1,1,15,2,3,1,10
9028,5,-7298093937923411728,0,3,3,17,3,4,2,10
9029,5,6488522888515562139,0,1,1,22,1,7,2,10
9030,5,6037801161635995246,0,2,2,20,2,5,2,10
9031,5,4175432417180093001,0,0,0,21,3,4,1,9
9032,5,4020257058967585571,0,2,2,18,4,7,4,20
9033,5,6054927274750406701,0,1,1,15,3,3,2,7
9034,5,-3400933120424719686,0,2,2,16,3,2,1,9
9035,5,-3573875408964701792,0,0,0,16,8,4,2,10
9036,5,-2017561155126267849,0,4,4,19,1,4,1,9
9037,5,7424594417930431511,0,1,1,15,1,3,2,6
9038,5,-9108002369237249461,0,0,0,18,1,7,3,21
9039,5,2115140797667124117,0,2,2,15,4,5,2,18
9040,5,3038602513181309162,0,0,0,16,6,3,1,8
9041,5,-4851741625747254176,0,3,3,17,3,5,3,15
9042,5,-2647895583920627686,0,1,1,18,3,4,2,10
9043,5,5303684693192764407,0,0,0,14,2,6,3,19
9044,5,8154919718327589902,0,3,3,16,2,5,3,19
9045,5,4936179948561915202,0,1,1,16,1,3,1,6
9046,5,-7505503043870037389,0,2,2,15,6,3,3,8
9047,5,-3918819373703478261,0,1,1,16,1,4,1,13
9048,5,-2382642834162350840,0,1,1,17,3,4,2,8
9049,5,-180485094727365715,0,2,2,23,1,6,1,10
9050,5,8127463179265067380,0,3,3,16,4,4,2,12
9051,5,6131629797543070986,0,2,2,16,8,2,1,7
9052,5,5575449528648960595,0,2,2,17,5,3,1,6
9053,5,1547860555242592194,0,1,1,15,2,2,1,5
9054,5,-3620287882089570927,0,1,1,15,5,1,1,3
9055,5,-7823167163656037728,0,0,0,18,1,5,2,16
9056,5,508916704046218235,0,1,1,16,1,2,1,4
9057,5,-45426648595308712,0,1,1,20,3,6,3,11
9058,5,8641335485009200659,0,2,2,16,3,4,2,14
9059,5,-2109294212108710545,0,3,3,18,6,4,3,7
9060,5,4004906051694019107,0,1,1,22,1,6,2,14
9061,5,6978005481608341626,0,3,3,14,4,3,2,9
9062,5,-4910111694160844908,0,2,2,19,4,3,1,7
9063,5,1390865013536947594,0,2,2,17,2,5,2,15
9064,5,-5054373921734800513,0,3,3,19,2,4,3,10
9065,5,4655357513116578790,0,3,3,20,2,4,2,6
9066,5,-4154570615181344124,0,1,1,16,3,4,3,11
9067,5,-4617191273935031046,0,2,2,15,5,3,2,6
9068,5,3818411536581250010,0,2,2,19,3,5,2,9
9069,5,3357067639778418576,0,0,0,22,1,6,2,11
9070,5,8268211691657124263,0,2,2,17,2,2,1,5
9071,5,-59038225247651267,0,2,2,15,2,3,1,12
9072,5,5065399203718515346,0,2,2,19,4,5,2,12
9073,5,4001941231223707933,0,1,1,20,6,4,2,11
9074,5,3736913673974605973,0,2,2,17,2,5,3,12
9075,5,-8740675636095554878,0,0,0,20,1,5,2,7
9076,5,-3631787587299901161,0,3,3,18,3,6,3,16
9077,5,6193533027096420457,0,1,1,15,3,4,2,15
9078,5,4205277113500248633,0,1,1,18,1,4,2,7
9079,5,-205657726854339218,0,2,2,16,3,3,1,9
9080,5,5695065871128103280,0,2,2,19,4,3,1,8
9081,5,-5018944303274993151,0,1,1,17,4,3,1,9
9082,5,9093310147173183315,0,2,2,17,2,5,2,13
9083,5,2610180228481828122,0,1,1,19,1,5,2,8
9084,5,-4333479747531809611,0,2,2,13,1,4,2,12
9085,5,-5389493916365868631,0,1,1,17,5,3,1,11
9086,5,-2693709745528814346,0,2,2,22,3,6,4,12
9087,5,-5181903703261598958,0,2,2,21,4,4,1,11
9088,5,2451975246943625622,0,0,0,15,1,5,2,21
9089,5,4983778796182539480,0,2,2,19,6,4,2,10
9090,5,-94447973489202422,0,0,0,20,1,7,3,16
9091,5,6765472722208659863,0,2,2,17,1,4,1,8
9092,5,6379572733842442962,0,0,0,15,5,3,1,8
9093,5,5496432972974755127,0,1,1,15,4,6,4,16
9094,5,-8184488309123933493,0,0,0,16,3,4,1,12
9095,5,-4654685822634254754,0,4,4,18,6,3,2,11
9096,5,8993517037712049601,0,4,4,18,2,4,1,11
9097,5,3993382045838025510,0,2,2,17,3,3,1,6
9098,5,8278767104383802696,0,1,1,20,4,5,3,10
9099,5,-151668425298326256,0,1,1,17,1,3,1,6
9100,5,7756555943577155787,0,3,3,19,3,6,4,12
9101,5,8295620142644146231,0,0,0,19,1,8,4,24
9102,5,148458227417297381,0,0,0,15,2,3,1,10
9103,5,-380109792227915320,0,1,1,19,7,4,2,10
9104,5,3344044607053713903,0,2,2,17,4,3,2,6
9105,5,7024366012417833393,0,1,1,21,1,7,4,16
9106,5,6415750982892668121,0,1,1,19,2,5,3,10
9107,5,-8045743735492140136,0,0,0,19,1,5,1,14
9108,5,835227376038094141,0,1,1,20,3,5,2,11
9109,5,-6567369336979035378,0,1,1,18,4,4,2,11
9110,5,-140818367732451919,0,4,4,15,2,4,2,13
9111,5,-4997761714682839292,0,3,3,17,1,3,1,7
9112,5,5180602827744353116,0,2,2,18,2,4,1,6
9113,5,8902614772298098813,0,2,2,16,1,3,1,10
9114,5,-6815104768716280373,0,1,1,17,4,5,3,12
9115,5,-2748482066499104635,0,2,2,19,3,6,3,13
9116,5,4857068213942710277,0,3,3,19,3,5,3,10
9117,5,-7446691856995880607,0,1,1,19,4,2,1,3
9118,5,-6970464019275217188,0,4,4,17,1,6,4,15
9119,5,-5803875822521391353,0,3,3,18,2,4,2,10
9120,5,-3704564370444894075,0,0,0,20,4,4,1,7
9121,5,6830840142035014352,0,4,4,19,1,7,4,17
9122,5,-5356533044053212821,0,0,0,14,4,7,4,21
9123,5,8121930123028301419,0,0,0,18,3,6,2,23
9124,5,4116944029349390911,0,2,2,21,2,5,2,14
9125,5,-6815463121817916908,0,3,3,19,3,4,2,7
9126,5,4437637581891832659,0,1,1,15,1,2,1,3
9127,5,5688040334335922694,0,2,2,19,4,4,2,6
9128,5,1360744530169706792,0,0,0,17,4,5,3,9
9129,5,1860291207683536686,0,0,0,16,3,4,1,12
9130,5,1646727497815889477,0,3,3,16,4,6,4,21
9131,5,2413209901518472992,0,1,1,16,2,5,4,14
9132,5,-1342108442093115830,0,2,2,21,2,2,1,5
9133,5,-8272305970427068594,0,3,3,16,5,6,4,16
9134,5,7048360011872009796,0,2,2,14,5,3,2,14
9135,5,8222931817453242230,0,0,0,15,7,2,1,6
9136,5,5096813056553510465,0,3,3,18,3,3,1,10
9137,5,4128599005342351196,0,2,2,16,3,5,3,20
9138,5,1412272400113893415,0,1,1,19,5,4,2,8
9139,5,592348717964571577,0,0,0,16,1,6,3,19
9140,5,3238686111842699201,0,0,0,16,5,3,1,9
9141,5,9037322023904882291,0,0,0,17,1,7,3,23
9142,5,7788065776172400666,0,2,2,22,4,4,1,11
9143,5,3751768123058050573,0,3,3,20,1,6,3,13
9144,5,-4701147798683033074,0,2,2,18,2,6,2,18
9145,5,-2451663898175451040,0,2,2,14,9,1,1,4
9146,5,6266243978812956701,0,4,4,20,1,4,1,7
9147,5,-8713086329572778869,0,1,1,19,6,3,2,5
9148,5,-8812517425581419646,0,2,2,18,2,4,2,9
9149,5,8128699750856136743,0,2,2,20,3,7,4,15
9150,5,-3778115964004620669,0,2,2,15,7,3,3,11
9151,5,6537212498866774975,0,3,3,19,5,3,1,9
9152,5,1514494584661069834,0,2,2,17,1,6,3,18
9153,5,8709997383381621374,0,1,1,15,2,6,4,20
9154,5,5856497680875074677,0,0,0,18,3,4,2,8
9155,5,-8965256410081095382,0,1,1,15,2,5,3,15
9156,5,5727438123244617641,0,1,1,20,1,4,1,11
9157,5,8657814552655433809,0,1,1,20,1,4,1,10
9158,5,-1680892091427369875,0,3,3,18,1,3,1,7
9159,5,-3263976649672016447,0,4,4,17,7,4,2,10
9160,5,3775550840194739444,0,3,3,16,1,3,1,6
9161,5,5099680933697923388,0,2,2,18,3,4,2,11
9162,5,-4909581500258572101,0,1,1,19,2,3,1,8
9163,5,-7834643781642768276,0,3,3,17,2,5,2,11
9164,5,1889123886563181461,0,1,1,17,1,4,2,5
9165,5,-3547351707002655212,0,2,2,17,1,6,3,19
9166,5,2488625070712873475,0,2,2,18,1,3,1,6
9167,5,515716691428206728,0,2,2,17,2,4,2,14
9168,5,-3772302512895418679,0,2,2,16,4,3,2,11
9169,5,-2020523763104943266,0,0,0,19,3,6,3,17
9170,5,-5140903337147931203,0,4,4,16,6,6,4,15
9171,5,69926771142916198,0,3,3,17,1,5,3,13
9172,5,1307142994823931874,0,0,0,17,1,6,2,15
9173,5,5749627855989021654,0,0,0,18,7,4,2,10
9174,5,-9153416863284675404,0,1,1,20,4,4,1,10
9175,5,2206102720428142537,0,0,0,14,5,4,2,13
9176,5,-2948638432384203579,0,0,0,16,7,4,2,8
9177,5,-7979509798616749334,0,0,0,17,6,3,1,10
9178,5,5668002002267382152,0,1,1,15,7,2,1,5
9179,5,-3206497589009246612,0,1,1,15,5,4,3,11
9180,5,3111926020984460908,0,4,4,16,2,4,2,13
9181,5,84269337355282237,0,2,2,17,3,5,3,14
9182,5,-304471887335823572,0,2,2,19,1,4,1,9
9183,5,7340550293331506810,0,2,2,19,4,5,2,14
9184,5,3592938085974771557,0,2,2,15,3,5,3,16
9185,5,239193611620519204,0,1,1,17,2,3,1,6
9186,5,4926678969205862248,0,0,0,17,3,3,1,10
9187,5,4536196840922396436,0,3,3,16,3,4,2,7
9188,5,2629820039103294033,0,3,3,19,6,3,2,5
9189,5,-5946529302336548564,0,0,0,21,1,6,2,12
9190,5,8678731736948633944,0,2,2,15,4,2,1,6
9191,5,8204452536105846479,0,1,1,16,5,2,1,7
9192,5,6917626854316501094,0,3,3,18,4,4,1,10
9193,5,-3088680508441939310,0,4,4,16,5,5,3,19
9194,5,-7418793984759836693,0,2,2,15,6,3,1,6
9195,5,2986681217798690355,0,2,2,20,1,5,2,15
9196,5,-5399071786334650386,0,2,2,17,3,5,2,14
9197,5,-4218378141115802167,0,1,1,18,2,5,2,17
9198,5,-2359312356133617563,0,0,0,17,8,4,2,11
9199,5,-4498321501434371523,0,1,1,19,4,5,3,9
9200,5,139420534401356486,0,3,3,18,2,6,4,12
9201,5,-656120160238870792,0,4,4,15,1,3,1,8
9202,5,2151128464738648285,0,3,3,16,6,4,2,14
9203,5,-6021447971684708643,0,3,3,16,9,2,2,6
9204,5,8256538965211235552,0,3,3,20,2,3,1,8
9205,5,170430177127359609,0,4,4,20,2,4,2,5
9206,5,-1672391722838204736,0,2,2,16,3,3,1,6
9207,5,-1659214775092801159,0,2,2,16,3,3,1,7
9208,5,-6717561922670695743,0,1,1,15,6,2,1,8
9209,5,-5617792438759599780,0,1,1,15,5,4,4,8
9210,5,-1155739728251105972,0,3,3,14,3,6,4,20
9211,5,-4936991689729381527,0,1,1,18,1,5,3,12
9212,5,4848741236425656323,0,1,1,17,3,6,4,19
9213,5,-9077116158103134238,0,2,2,18,3,4,2,8
9214,5,-8879815550993183722,0,1,1,17,2,3,1,9
9215,5,-8219502134678702984,0,3,3,14,7,2,1,6
9216,5,-3300748597201642028,0,3,3,17,2,5,4,9
9217,5,1989682532252554242,0,0,0,15,5,3,1,8
9218,5,-3137194471872848508,0,1,1,17,2,4,2,11
9219,5,6457373790788990313,0,4,4,18,4,7,4,20
9220,5,7792086428249180534,0,1,1,17,5,5,3,14
9221,5,6177182299171536359,0,2,2,18,2,3,1,7
9222,5,-335354266940682924,0,2,2,22,3,5,1,8
9223,5,-4599002559402110352,0,4,4,15,2,2,1,8
9224,5,-4976228376557866307,0,4,4,15,4,3,2,12
9225,5,1000420563323112559,0,2,2,16,3,4,2,14
9226,5,-5243826253263829229,0,2,2,16,4,4,2,8
9227,5,440685494028223925,0,1,1,20,5,4,2,9
9228,5,-8361383838510298476,0,1,1,17,4,3,1,8
9229,5,-4843244447227744338,0,3,3,17,4,3,2,9
9230,5,3010082551920835751,0,3,3,20,1,5,1,8
9231,5,8449711305619728853,0,0,0,20,2,6,2,12
9232,5,-6411820871517070984,0,0,0,15,5,5,3,13
9233,5,159212260827204457,0,0,0,19,1,6,2,18
9234,5,-3629664486500426554,0,1,1,18,1,5,3,12
9235,5,5326000356737471584,0,2,2,18,1,5,3,13
9236,5,1503208918357270011,0,0,0,16,4,4,1,13
9237,5,-8935824926044751460,0,2,2,15,5,2,1,8
9238,5,8894696125806107004,0,1,1,20,1,4,1,8
9239,5,3571053395850297436,0,3,3,19,1,7,3,20
9240,5,2484139152016915266,0,1,1,18,1,3,1,9
9241,5,7219106604963568885,0,2,2,17,4,3,1,9
9242,5,2173625749795159721,0,3,3,17,3,3,2,8
9243,5,-8184123819845695296,0,3,3,15,6,2,2,2
9244,5,1490448546557278088,0,4,4,22,2,9,4,22
9245,5,4807057014771303254,0,1,1,19,2,5,3,11
9246,5,-9200714480463570815,0,3,3,20,2,5,2,8
9247,5,2827062803020935930,0,2,2,19,1,6,3,15
9248,5,-5919072951764219239,0,0,0,15,2,6,3,20
9249,5,3966857546364213334,0,1,1,20,1,5,2,13
9250,5,7924540233983617546,0,3,3,15,5,3,3,9
9251,5,-6417812181218850454,0,2,2,21,1,6,4,12
9252,5,6750316027091041367,0,1,1,15,6,3,2,6
9253,5,7986435886581540801,0,3,3,17,2,2,1,3
9254,5,4740521747468186529,0,3,3,18,6,2,1,6
9255,5,6073158037695694309,0,1,1,20,1,5,1,14
9256,5,3551981971227611961,0,3,3,18,2,5,2,13
9257,5,2764649782779277332,0,1,1,17,4,3,1,7
9258,5,-3081475054794307210,0,2,2,16,3,3,1,9
9259,5,-5367333772153107405,0,0,0,20,2,6,2,17
9260,5,6937279617595331271,0,1,1,13,7,1,1,5
9261,5,-9191852465710627582,0,2,2,16,9,2,2,6
9262,5,-5268494443715413493,0,2,2,17,1,6,3,21
9263,5,7533512340366292112,0,1,1,15,1,2,1,5
9264,5,-6829228302857385441,0,4,4,20,1,5,2,8
9265,5,6553788753174905329,0,0,0,17,2,6,2,13
9266,5,8896164210694538424,0,1,1,17,4,5,2,13
9267,5,6081949316890846767,0,1,1,17,2,5,3,14
9268,5,5115783724298973811,0,2,2,20,2,7,4,17
9269,5,-7044274120788276099,0,2,2,18,4,6,4,16
9270,5,-512843731043983318,0,2,2,17,2,5,2,15
9271,5,8990847927955046834,0,2,2,22,1,6,3,10
9272,5,-8807747463823467127,0,3,3,20,2,5,2,15
9273,5,-5974368665456007435,0,1,1,15,1,6,4,18
9274,5,4371978002771431648,0,0,0,14,3,3,1,13
9275,5,3240112640215129012,0,3,3,16,5,3,1,9
9276,5,2704732902197736506,0,0,0,21,2,5,1,9
9277,5,-8371740249480064295,0,1,1,15,1,4,2,11
9278,5,1824139311875542957,0,2,2,16,6,2,1,7
9279,5,-2042634542147762369,0,0,0,19,1,7,3,18
9280,5,6176970578012898547,0,0,0,17,2,6,2,18
9281,5,936487224454431586,0,3,3,20,2,6,3,17
9282,5,4071232056753635385,0,3,3,20,5,3,1,7
9283,5,7285888466997375062,0,1,1,18,2,6,3,14
9284,5,5472926515392848439,0,1,1,19,5,3,1,6
9285,5,-3273055896615215110,0,2,2,16,5,5,4,10
9286,5,-5017700682069657728,0,1,1,17,4,6,3,17
9287,5,-7067580563111950739,0,1,1,16,2,3,1,6
9288,5,-3010212572195925734,0,1,1,20,1,5,1,17
9289,5,4220025752417949375,0,3,3,18,8,3,2,5
9290,5,-8350329767574285743,0,3,3,16,3,6,4,20
9291,5,-8339086785087244565,0,3,3,16,3,3,2,10
9292,5,1081876723705579463,0,2,2,22,2,4,1,7
9293,5,6809471024534126341,0,4,4,17,6,4,2,11
9294,5,-3843975750177793072,0,1,1,19,3,6,3,17
9295,5,4209819315976452015,0,4,4,16,2,6,3,20
9296,5,-1150541110643459076,0,1,1,14,8,3,3,9
9297,5,2691939554082589649,0,1,1,19,1,4,1,9
9298,5,-5180031607266786316,0,4,4,19,1,6,3,13
9299,5,-1090695806687731320,0,2,2,16,4,2,1,6
9300,5,-7588662543290203767,0,2,2,14,3,3,2,6
9301,5,551926133854277214,0,4,4,16,3,4,2,11
9302,5,390069189708965386,0,0,0,17,3,6,3,23
9303,5,3116994997483608764,0,1,1,20,2,5,2,11
9304,5,-6091852841856583467,0,2,2,12,3,4,3,16
9305,5,-8222972329404249956,0,1,1,20,1,4,1,11
9306,5,8303888139486601008,0,1,1,21,3,5,2,7
9307,5,-8698418933037821566,0,2,2,21,3,2,1,6
9308,5,-8952883059227095719,0,3,3,16,5,4,2,12
9309,5,-4504410708358033492,0,3,3,18,4,3,1,8
9310,5,1733262869332473051,0,4,4,19,2,5,2,13
9311,5,-2820048523895273848,0,0,0,20,1,5,1,8
9312,5,4895348365153928226,0,2,2,17,8,2,1,5
9313,5,-4530851339066638747,0,1,1,19,1,5,3,12
9314,5,-1510139207337440431,0,1,1,16,2,3,1,6
9315,5,-3788698371349747859,0,2,2,17,2,5,3,10
9316,5,9049641051962268243,0,3,3,16,2,4,2,11
9317,5,7553539837183915986,0,2,2,17,2,4,2,11
9318,5,-8205722875984466896,0,1,1,15,1,3,1,6
9319,5,-275025921002817208,0,4,4,15,4,2,1,5
9320,5,-8918055923195055199,0,4,4,16,1,6,3,16
9321,5,-8695213207028368974,0,3,3,16,1,6,4,18
9322,5,-5520254582351029019,0,1,1,16,1,4,2,7
9323,5,5019823091662295839,0,1,1,16,3,3,2,6
9324,5,-500299547012687659,0,0,0,19,3,8,4,17
9325,5,7618069554171592439,0,2,2,20,1,3,1,9
9326,5,-1970721769408625354,0,2,2,20,3,6,2,13
9327,5,634381176625260657,0,3,3,17,1,5,3,10
9328,5,-2571257546557323698,0,1,1,18,3,6,3,15
9329,5,-6982225614043631032,0,1,1,19,1,5,3,9
9330,5,-1880970729254574663,0,1,1,15,2,3,1,11
9331,5,-7173254388742347859,0,0,0,21,5,5,1,9
9332,5,-3922594487712331140,0,1,1,16,4,4,2,11
9333,5,-5331663292496072578,0,3,3,16,3,5,4,10
9334,5,7342035970912755290,0,3,3,19,2,4,1,8
9335,5,-5754925180604084040,0,1,1,17,5,2,1,4
9336,5,-2175362917669211034,0,3,3,16,3,3,2,4
9337,5,6752076833052171050,0,1,1,17,4,4,2,9
9338,5,3618747483062109401,0,1,1,16,6,2,1,7
9339,5,6580167360511547243,0,3,3,19,1,5,3,9
9340,5,5565784415189439013,0,2,2,18,6,3,2,7
9341,5,-4205268789070054642,0,0,0,13,6,2,1,6
9342,5,-5876366011791848631,0,1,1,18,3,4,2,8
9343,5,-4136882608156719597,0,2,2,19,2,4,2,12
9344,5,3182585802056597351,0,1,1,17,4,3,2,4
9345,5,5596346839532335776,0,0,0,19,2,6,2,13
9346,5,-2286028907218372973,0,3,3,15,4,3,2,9
9347,5,-2848595021156766736,0,0,0,17,4,4,1,10
9348,5,4992140872789951469,0,4,4,16,4,4,2,10
9349,5,-7364452198290571126,0,1,1,16,3,2,1,3
9350,5,-230550232913500943,0,0,0,17,2,6,3,15
9351,5,1425992568114512822,0,2,2,15,6,2,1,5
9352,5,-4797626237891919347,0,4,4,14,1,3,1,14
9353,5,-1971335987720744404,0,2,2,21,2,4,2,10
9354,5,382839150611031155,0,4,4,18,3,5,2,14
9355,5,-2172276658270654962,0,1,1,16,1,5,2,15
9356,5,-6096395596078910160,0,0,0,15,1,5,1,16
9357,5,-305821057644042727,0,0,0,18,3,5,2,8
9358,5,-6038170211122194051,0,4,4,16,2,3,1,6
9359,5,-2970152886205187050,0,3,3,20,2,4,2,7
9360,5,7537318303614926933,0,0,0,17,2,4,1,14
9361,5,-6229599227186528619,0,2,2,20,2,4,2,10
9362,5,7847612093940413767,0,0,0,20,5,7,4,13
9363,5,1929707259461159389,0,0,0,19,3,7,2,20
9364,5,1544759804999945357,0,2,2,26,1,6,2,9
9365,5,8107891138045240350,0,1,1,12,6,3,3,9
9366,5,8935078382575254620,0,1,1,15,5,2,1,6
9367,5,523488046500145384,0,0,0,17,3,7,3,19
9368,5,-1815771855642462339,0,2,2,17,1,4,2,11
9369,5,7201235139975903200,0,2,2,15,4,6,4,15
9370,5,-661185516569354981,0,2,2,16,7,1,1,2
9371,5,3676238442641480368,0,1,1,16,2,4,2,13
9372,5,8657160865068798431,0,2,2,19,2,5,3,12
9373,5,-7333719658534218177,0,1,1,17,3,5,3,12
9374,5,-8913347317284448711,0,0,0,16,1,5,2,12
9375,5,-7144613249706304734,0,0,0,17,2,7,3,23
9376,5,-8368901059018052096,0,4,4,18,2,7,2,29
9377,5,3291343736261658961,0,0,0,16,4,5,2,15
9378,5,7694524783796251966,0,2,2,14,5,3,3,10
9379,5,6948940146016369437,0,0,0,19,2,5,2,8
9380,5,6486636116933705284,0,2,2,16,7,5,4,16
9381,5,21747364934781793,0,4,4,19,2,6,2,15
9382,5,-498237260632509181,0,2,2,19,2,5,3,10
9383,5,7299997542086347511,0,3,3,16,1,2,1,4
9384,5,-3768722594336423010,0,0,0,19,3,5,2,9
9385,5,9213143747446544750,0,0,0,18,3,5,1,14
9386,5,224138729267815482,0,1,1,18,5,5,3,9
9387,5,-4312921066288507655,0,3,3,21,1,6,2,12
9388,5,-4079132861075633128,0,2,2,16,6,5,4,14
9389,5,8604626796367271337,0,3,3,17,3,4,3,10
9390,5,2064456492777126886,0,2,2,19,3,5,2,15
9391,5,3665341541948958686,0,0,0,18,4,3,1,4
9392,5,94507150201045329,0,2,2,16,1,5,4,14
9393,5,-7782659809807074821,0,3,3,17,1,3,1,10
9394,5,3407149651167116766,0,3,3,21,1,7,3,17
9395,5,-6617192635977780904,0,3,3,14,5,3,2,9
9396,5,-7454177383249475846,0,2,2,15,2,5,2,13
9397,5,-6762947832962491780,0,4,4,17,1,4,2,11
9398,5,179480996670059343,0,3,3,15,5,3,2,9
9399,5,7745720105109727371,0,3,3,19,4,6,3,12
9400,5,2908818315828914520,0,2,2,13,4,4,3,11
9401,5,-5586563827752077315,0,3,3,14,7,2,2,6
9402,5,5718715389552608055,0,4,4,19,2,7,3,19
9403,5,-6729819933239162736,0,2,2,17,3,3,1,7
9404,5,-2659146833077691450,0,0,0,20,1,7,2,15
9405,5,4862027340390261375,0,0,0,14,1,7,4,25
9406,5,255788652220373227,0,3,3,14,9,1,1,4
9407,5,4770928069645638388,0,0,0,18,4,4,1,11
9408,5,8825420700076902191,0,4,4,16,1,4,2,8
9409,5,5135625992891231162,0,4,4,14,2,5,3,14
9410,5,7588951026496608913,0,0,0,18,3,4,2,8
9411,5,6581663561289060918,0,2,2,21,2,4,2,5
9412,5,8024402268996298904,0,1,1,19,1,6,3,17
9413,5,6628883923196717463,0,0,0,17,3,5,2,14
9414,5,350285680887213991,0,0,0,18,5,5,1,9
9415,5,2552226881934881868,0,0,0,19,2,8,3,21
9416,5,2384166591721160596,0,4,4,18,3,5,2,14
9417,5,-3029375423165904714,0,1,1,19,2,5,3,13
9418,5,1818761982868821882,0,2,2,15,5,3,2,4
9419,5,1242200223467132191,0,3,3,18,2,6,3,11
9420,5,3100022208287804622,0,0,0,20,4,7,2,22
9421,5,5397985801030741737,0,2,2,18,2,6,4,22
9422,5,-1038590528025243728,0,4,4,19,2,6,3,14
9423,5,2107492919825129738,0,3,3,17,3,4,2,8
9424,5,7855811791967903875,0,1,1,15,7,3,2,9
9425,5,2733350658949705143,0,3,3,21,5,5,3,8
9426,5,4428111710371203775,0,0,0,20,1,6,2,13
9427,5,6044662888129312607,0,1,1,19,2,6,2,17
9428,5,1284766424598427909,0,2,2,22,1,6,3,11
9429,5,7768303616408913114,0,1,1,16,1,3,1,8
9430,5,680319257018775155,0,1,1,15,7,2,1,6
9431,5,5541267746255443170,0,1,1,17,6,6,4,15
9432,5,4947596057163379001,0,2,2,20,1,8,3,21
9433,5,4607602564135220417,0,1,1,16,2,5,3,11
9434,5,2269886927553696364,0,2,2,20,1,3,1,10
9435,5,-4120564176311284148,0,0,0,18,1,5,2,16
9436,5,8465810721699594010,0,1,1,18,3,4,2,12
9437,5,-1574045014074580721,0,3,3,14,5,2,1,5
9438,5,-1980829292841789795,0,2,2,14,7,1,1,5
9439,5,-7347061460291675447,0,1,1,18,4,4,2,10
9440,5,-5060815855746203084,0,4,4,21,1,7,3,14
9441,5,1576361972316144410,0,1,1,12,9,2,2,6
9442,5,1948858801492453839,0,1,1,18,2,7,4,17
9443,5,8306027319409110650,0,3,3,15,5,2,2,2
9444,5,984234902362595881,0,0,0,15,2,7,4,22
9445,5,-4350460656764801939,0,1,1,20,6,6,4,14
9446,5,5581351261605341212,0,3,3,17,4,5,3,10
9447,5,5272147438872208628,0,1,1,17,5,5,3,12
9448,5,-581139236643750608,0,3,3,20,4,6,3,18
9449,5,-1311251578343712442,0,2,2,18,2,4,3,8
9450,5,262042888978315636,0,4,4,20,1,5,2,13
9451,5,5582357184331856832,0,3,3,17,1,3,2,6
9452,5,6422862315262011025,0,1,1,16,3,4,3,10
9453,5,3612109695318086425,0,4,4,18,1,4,1,13
9454,5,5989310272048625691,0,4,4,15,2,3,1,8
9455,5,3316868942595185881,0,2,2,16,2,5,3,14
9456,5,-237512474441698006,0,3,3,15,1,3,2,6
9457,5,-1636273226136329461,0,4,4,19,1,4,1,11
9458,5,-3863647991168981207,0,1,1,17,4,4,2,13
9459,5,-2996771362948318927,0,0,0,18,2,4,1,7
9460,5,-2801396868663811603,0,0,0,17,5,4,1,8
9461,5,-674041431447595913,0,0,0,19,2,6,3,18
9462,5,3638697325375830281,0,0,0,19,3,5,2,11
9463,5,-8715236436531170516,0,1,1,19,2,4,2,13
9464,5,-3869887274329475489,0,2,2,15,5,3,2,10
9465,5,4755379469886556013,0,3,3,21,1,7,3,17
9466,5,2630425311076804090,0,1,1,18,2,4,2,14
9467,5,227232222769781026,0,0,0,19,2,5,2,13
9468,5,-599035867013625061,0,1,1,14,7,2,2,2
9469,5,4454361252468396846,0,3,3,16,3,4,3,9
9470,5,-422417438474235247,0,0,0,20,5,4,1,8
9471,5,-3837101474897416222,0,2,2,19,1,5,2,16
9472,5,431929233297167949,0,1,1,19,1,5,2,16
9473,5,1476009305745488049,0,1,1,15,1,3,1,12
9474,5,3732459102410999349,0,2,2,19,4,5,2,13
9475,5,-3267918314334925526,0,3,3,18,4,6,3,16
9476,5,-6173409601011856840,0,2,2,12,8,4,3,14
9477,5,1678200190416020770,0,1,1,16,3,2,1,6
9478,5,569124135274869154,0,1,1,17,3,5,3,11
9479,5,-1138553803870879184,0,3,3,16,1,6,3,22
9480,5,3687890858584507312,0,0,0,16,3,4,2,5
9481,5,-3287767053529430947,0,0,0,17,2,5,2,12
9482,5,8211735517025650023,0,1,1,17,7,3,1,6
9483,5,4256579678310815260,0,0,0,16,1,6,2,19
9484,5,2428129535005149345,0,1,1,17,4,5,3,12
9485,5,-5127341394935946377,0,0,0,15,3,4,2,9
9486,5,-4459706987347650456,0,3,3,18,7,6,4,14
9487,5,-324366675845017461,0,4,4,17,3,6,3,17
9488,5,-289528484526795130,0,1,1,19,1,4,2,9
9489,5,-5426761607034346698,0,2,2,19,4,4,2,8
9490,5,6905093831096229468,0,0,0,17,2,7,4,20
9491,5,6317471622809637902,0,2,2,19,1,5,2,12
9492,5,1690888152839340274,0,1,1,20,4,4,2,11
9493,5,452023247662381716,0,3,3,20,1,6,3,14
9494,5,3251648181723082319,0,2,2,14,4,3,2,14
9495,5,-2936469456353277783,0,1,1,14,3,3,2,12
9496,5,4077785132674261003,0,0,0,17,3,4,1,10
9497,5,-4070261229559903936,0,1,1,15,2,5,3,12
9498,5,-5080587223356974814,0,4,4,21,3,3,2,3
9499,5,9966022904419924,0,2,2,19,1,2,1,3
9500,5,-8408033076247785718,0,1,1,16,4,4,2,9
9501,5,1659995416897485340,0,3,3,17,2,6,3,18
9502,5,4486936133201301510,0,2,2,16,1,3,1,9
9503,5,-4319649043459018883,0,2,2,17,3,6,3,16
9504,5,-6470774045023372612,0,1,1,16,5,4,2,10
9505,5,7486632095834600896,0,3,3,18,3,4,2,14
9506,5,3481929109246106373,0,2,2,16,3,5,3,14
9507,5,3637272082432027524,0,0,0,22,3,5,1,16
9508,5,5924541269786628,0,2,2,14,4,3,2,5
9509,5,-5571684609621990154,0,3,3,15,3,4,3,12
9510,5,948088185473867641,0,1,1,15,6,2,1,6
9511,5,-1799084007978290882,0,3,3,16,1,3,2,8
9512,5,9122124493655448151,0,1,1,20,3,7,4,15
9513,5,5550574712663524156,0,1,1,22,3,5,1,10
9514,5,-1451816480270256493,0,1,1,23,1,5,1,9
9515,5,-546600296872578701,0,3,3,20,2,7,4,19
9516,5,-8499852563627548098,0,4,4,22,2,6,3,12
9517,5,-216225179738488507,0,4,4,21,1,5,1,12
9518,5,4931017350234788821,0,2,2,18,6,2,1,2
9519,5,-4586135149196398240,0,4,4,17,7,4,2,10
9520,5,7016813394224880599,0,0,0,17,3,5,3,10
9521,5,8479546808922978168,0,2,2,15,4,3,2,8
9522,5,5951160873627057048,0,0,0,17,2,6,2,17
9523,5,-5670661899900754634,0,1,1,22,3,4,2,9
9524,5,4562925731291845973,0,3,3,18,1,5,2,14
9525,5,-3817646410494384017,0,3,3,19,6,3,2,8
9526,5,8276975734780512647,0,3,3,16,7,2,1,3
9527,5,-7870385865665029479,0,0,0,20,4,5,2,10
9528,5,4599875604170265980,0,3,3,18,2,4,3,7
9529,5,-7861939139025267846,0,3,3,15,4,2,1,6
9530,5,-2616605389164132574,0,2,2,25,1,6,3,10
9531,5,-1617210534274305247,0,1,1,16,2,4,2,8
9532,5,-2631305624800126427,0,1,1,17,2,3,1,5
9533,5,6462064999479334682,0,2,2,16,3,5,3,10
9534,5,2152663114959655485,0,3,3,13,8,4,3,13
9535,5,375295651893489372,0,4,4,19,1,5,2,12
9536,5,4355876791547897536,0,0,0,16,1,7,4,22
9537,5,-3964095817731873914,0,2,2,18,2,4,1,9
9538,5,-1547305432022477954,0,1,1,20,1,3,1,7
9539,5,2924481392482682570,0,0,0,15,5,6,3,20
9540,5,-6398771015411752243,0,1,1,17,4,3,2,8
9541,5,6868712778211196201,0,1,1,17,4,2,1,3
9542,5,-5303244719838427934,0,4,4,19,2,3,1,10
9543,5,-8698181236267903136,0,1,1,15,3,2,1,6
9544,5,-5833690617319143326,0,1,1,17,3,3,1,7
9545,5,-2323258277588152543,0,3,3,17,3,3,2,8
9546,5,-779871671809619912,0,3,3,15,5,4,2,17
9547,5,6792279602938616582,0,2,2,16,6,3,2,6
9548,5,-784116673018813784,0,2,2,14,1,4,3,11
9549,5,-5696763902634357310,0,3,3,17,6,4,2,8
9550,5,-3371049537313239644,0,3,3,17,5,5,2,16
9551,5,4754074358544217241,0,0,0,19,7,6,3,13
9552,5,-4715231879005201314,0,3,3,20,1,5,2,12
9553,5,4251562853331659025,0,0,0,14,4,6,3,26
9554,5,8557078952624605726,0,2,2,14,3,2,1,6
9555,5,-2817944052205057558,0,2,2,18,1,3,1,9
9556,5,-4262875264060236203,0,0,0,18,7,3,1,7
9557,5,-851317397156343990,0,1,1,17,3,5,3,10
9558,5,4869550683644755441,0,0,0,18,4,6,2,15
9559,5,-7122314837206815172,0,1,1,15,9,2,2,8
9560,5,4721854694305758706,0,2,2,18,5,5,3,15
9561,5,3766902397832986459,0,2,2,17,5,3,2,6
9562,5,7974077673124907836,0,0,0,15,6,4,2,14
9563,5,-1389862545432126262,0,4,4,19,2,5,3,10
9564,5,6704660657784060847,0,2,2,18,4,3,1,8
9565,5,1667232073776229222,0,3,3,18,3,6,3,13
9566,5,382536591453281396,0,2,2,16,1,3,2,8
9567,5,-6681682945807023297,0,4,4,18,1,5,3,14
9568,5,-3020355891298365031,0,3,3,17,2,2,1,4
9569,5,-5841481217492948157,0,1,1,19,2,7,4,16
9570,5,7907654094506859232,0,0,0,19,1,7,3,15
9571,5,-5340800998284714949,0,2,2,17,6,5,3,14
9572,5,-1314537717501439533,0,3,3,17,8,3,2,4
9573,5,-8729459352607801605,0,1,1,14,4,3,2,11
9574,5,-486475426107738852,0,3,3,15,4,2,1,7
9575,5,-3750600777217156651,0,0,0,17,1,4,1,7
9576,5,7113279075897513234,0,3,3,17,2,6,3,20
9577,5,-41751328699784882,0,1,1,14,5,2,2,4
9578,5,8234762573550548375,0,1,1,18,2,5,3,9
9579,5,-7060249953337270252,0,3,3,18,2,4,2,8
9580,5,-8376767958840297184,0,2,2,18,3,4,3,7
9581,5,6749991635895298606,0,3,3,17,1,6,3,19
9582,5,-208503883817522924,0,0,0,17,3,7,3,24
9583,5,-672824529897271435,0,4,4,15,2,4,2,12
9584,5,8114295301354860378,0,2,2,13,6,2,2,4
9585,5,9140187722550395202,0,2,2,16,2,3,1,6
9586,5,1437422938432230701,0,3,3,18,2,4,2,5
9587,5,-8197782199593836696,0,0,0,19,3,5,2,12
9588,5,1592040418921536306,0,2,2,17,1,4,2,10
9589,5,165125268749246564,0,2,2,14,2,4,3,11
9590,5,-2183731306233037109,0,2,2,16,4,5,3,15
9591,5,-7032811996894639917,0,1,1,17,3,2,1,4
9592,5,1198241436753281197,0,2,2,19,1,5,2,11
9593,5,7191706021300266532,0,3,3,15,5,4,2,13
9594,5,-4568796832785940305,0,0,0,17,1,4,1,11
9595,5,-672059247063908211,0,0,0,18,1,7,4,17
9596,5,-2965134030458486043,0,0,0,17,4,4,2,12
9597,5,-1110495900863547326,0,3,3,14,4,2,1,6
9598,5,3210946463155712493,0,1,1,18,3,3,2,6
9599,5,-8117137551420997148,0,0,0,16,5,6,4,14
9600,5,4321080604537041544,0,0,0,17,5,4,2,10
9601,5,-5081412498464180681,0,4,4,22,1,5,2,7
9602,5,789369224036228204,0,2,2,21,2,5,2,13
9603,5,1484655497129847064,0,0,0,15,3,4,1,12
9604,5,-1160773870098387881,0,0,0,17,2,6,4,11
9605,5,-6539455475961529427,0,1,1,19,4,6,4,9
9606,5,-4322980780925877401,0,0,0,18,2,4,2,7
9607,5,-6369123931594646051,0,2,2,22,2,6,3,14
9608,5,-2204572297322805336,0,2,2,16,3,3,1,10
9609,5,-8214266684854062334,0,1,1,20,4,4,2,8
9610,5,5493189892412701166,0,2,2,16,6,3,2,10
9611,5,2304674737134177757,0,1,1,14,3,4,2,16
9612,5,-1954829381667777307,0,1,1,18,3,3,1,5
9613,5,-1937544844338874422,0,3,3,19,2,6,3,14
9614,5,-1837607233166964378,0,2,2,18,1,3,1,8
9615,5,7774093975483676468,0,2,2,17,7,4,3,9
9616,5,1169827412951657483,0,0,0,16,7,6,4,11
9617,5,-5686933182433113782,0,3,3,18,2,5,3,12
9618,5,1844058324189145093,0,0,0,19,1,8,4,18
9619,5,5301223208798864114,0,3,3,19,3,5,2,11
9620,5,-3218106256647976148,0,2,2,17,6,6,4,18
9621,5,-2786654232853017346,0,4,4,13,5,3,2,10
9622,5,1042462392777981783,0,4,4,17,2,4,2,10
9623,5,8736639217933840285,0,3,3,19,1,4,1,9
9624,5,-1022638206235409171,0,0,0,16,1,4,1,8
9625,5,-7214827611571511021,0,1,1,18,3,3,1,7
9626,5,5657569844083507900,0,0,0,19,1,6,2,16
9627,5,-5582474831882597460,0,0,0,17,1,5,2,16
9628,5,3025562022425050889,0,2,2,20,3,5,3,10
9629,5,-5098653660981592339,0,1,1,15,2,4,3,12
9630,5,-6665139062949210649,0,3,3,20,2,5,2,8
9631,5,2078741713535762445,0,1,1,18,3,4,2,11
9632,5,-9026115374851309364,0,1,1,16,7,3,2,8
9633,5,6570933855602584995,0,2,2,19,4,4,3,10
9634,5,-5975362981220088992,0,1,1,16,1,6,3,20
9635,5,-4138332914827662688,0,1,1,19,3,3,1,5
9636,5,-1149919685822525032,0,1,1,18,2,5,2,13
9637,5,-355363383288118146,0,0,0,18,4,6,3,15
9638,5,-7354682318584413437,0,3,3,16,3,3,2,6
9639,5,-7297672328048228167,0,0,0,19,2,6,2,16
9640,5,4376008074389743459,0,3,3,18,5,4,2,8
9641,5,-7719340273435755138,0,4,4,16,2,3,1,8
9642,5,6131058920650084479,0,3,3,17,2,4,2,8
9643,5,-6802704031003594334,0,2,2,20,2,5,2,11
9644,5,-1312074026038893257,0,2,2,22,1,8,3,24
9645,5,4922901111327889365,0,2,2,13,4,4,3,17
9646,5,7047238371691909592,0,2,2,23,3,4,2,9
9647,5,-1401865712616873706,0,3,3,18,4,4,2,8
9648,5,2454373393948551601,0,0,0,18,1,4,1,11
9649,5,108702574474349161,0,0,0,14,4,6,4,17
9650,5,-7844139800765952538,0,4,4,16,2,6,4,17
9651,5,7627477918723690952,0,2,2,22,1,7,3,8
9652,5,5135217420758543747,0,4,4,13,1,6,3,25
9653,5,-7854077506168388010,0,1,1,17,4,2,1,7
9654,5,-4163488757309476140,0,0,0,23,1,7,2,13
9655,5,102403703807551450,0,4,4,15,2,3,1,9
9656,5,-2615694979743747597,0,0,0,18,4,3,1,6
9657,5,-909425874118522518,0,1,1,16,4,4,2,9
9658,5,-3995417928355140447,0,1,1,15,2,5,4,10
9659,5,-4062059103278011546,0,4,4,21,1,6,2,14
9660,5,6488262707964018521,0,3,3,16,2,5,3,16
9661,5,6383456559294333096,0,2,2,17,1,6,3,16
9662,5,-7051549745648186462,0,3,3,15,7,2,2,4
9663,5,-4055942783119682823,0,1,1,18,2,3,1,5
9664,5,-2661897308742896731,0,1,1,19,3,3,2,3
9665,5,-4346391622501729594,0,1,1,19,2,3,1,8
9666,5,7866796182810163966,0,2,2,17,2,6,3,13
9667,5,-2059137294149132782,0,1,1,18,8,3,2,7
9668,5,-1210176785807105834,0,0,0,19,3,7,3,22
9669,5,9204080243252488878,0,3,3,18,1,2,1,3
9670,5,8033150659080390449,0,2,2,17,3,4,2,12
9671,5,-8513200571254997080,0,2,2,15,1,4,3,12
9672,5,-5736021494929966204,0,0,0,18,5,6,3,13
9673,5,4540754852509268481,0,1,1,16,2,4,2,10
9674,5,7790418881641755786,0,1,1,16,6,2,1,5
9675,5,-7805384536546699103,0,1,1,19,8,4,3,10
9676,5,1328269361445509463,0,1,1,18,1,4,3,10
9677,5,-7654358373133980785,0,1,1,17,4,5,3,8
9678,5,7326748655354963372,0,4,4,17,1,7,3,23
9679,5,7436704951636263516,0,1,1,15,4,3,2,10
9680,5,494147042246393741,0,4,4,18,4,5,3,11
9681,5,7647836308285246944,0,3,3,21,2,4,2,8
9682,5,6654070853161128465,0,1,1,16,8,2,1,5
9683,5,-6702280081174304472,0,1,1,17,2,4,2,12
9684,5,2251003157212971384,0,1,1,14,5,4,3,12
9685,5,-7998600791343383122,0,4,4,19,1,3,1,8
9686,5,4366601822320168066,0,3,3,16,4,4,2,12
9687,5,-1016658320398666038,0,2,2,17,4,6,3,14
9688,5,-637689917548794114,0,0,0,21,3,5,1,13
9689,5,4032803251259783273,0,0,0,16,1,6,3,14
9690,5,6210877349453601184,0,2,2,16,4,4,3,9
9691,5,6329745574107565308,0,3,3,16,2,2,1,6
9692,5,-3073862515533458665,0,3,3,20,1,5,3,9
9693,5,-1394238640367583566,0,2,2,17,3,6,3,15
9694,5,62187981884511839,0,2,2,15,7,4,3,12
9695,5,4229284139149529064,0,2,2,15,4,5,4,12
9696,5,-6782887242386554285,0,0,0,18,3,5,2,13
9697,5,712786413312640736,0,4,4,18,2,5,1,12
9698,5,7402975118399630981,0,3,3,16,2,4,2,14
9699,5,-6420843617987149647,0,3,3,13,5,2,2,4
9700,5,-8849797538761066158,0,2,2,21,1,6,2,14
9701,5,1422895723186978686,0,0,0,18,1,5,2,11
9702,5,-4139448148245273808,0,4,4,21,3,5,2,11
9703,5,-3175670748225722390,0,0,0,15,4,5,2,18
9704,5,4788440723564710729,0,2,2,17,2,4,3,14
9705,5,1390619316044669386,0,3,3,20,3,6,4,9
9706,5,-2156506649287122611,0,3,3,17,2,4,2,13
9707,5,-5136955835181789156,0,3,3,16,1,5,2,14
9708,5,-6514711683920535420,0,3,3,16,5,5,4,10
9709,5,6024794736231289912,0,0,0,20,3,6,2,14
9710,5,-5237834170271029214,0,0,0,17,1,7,3,18
9711,5,-7756431001491599291,0,3,3,18,3,4,2,7
9712,5,3155578192080618718,0,3,3,19,4,5,3,9
9713,5,-476043216723108626,0,4,4,18,6,3,1,6
9714,5,1548414592171999172,0,2,2,14,5,6,4,21
9715,5,-6046944803862895020,0,2,2,17,2,4,2,4
9716,5,7173975711895062090,0,1,1,19,6,5,3,12
9717,5,-3515721969269873595,0,1,1,17,5,6,3,16
9718,5,1788477534541004706,0,0,0,16,4,5,2,14
9719,5,2529468697637527982,0,3,3,18,4,3,2,6
9720,5,6879094052376683342,0,0,0,18,3,4,1,14
9721,5,5208545329547315022,0,3,3,20,1,4,1,11
9722,5,1911246413071541496,0,3,3,15,6,2,1,4
9723,5,-4769526566500770388,0,3,3,14,8,3,3,3
9724,5,-201397316451563133,0,0,0,16,2,5,2,14
9725,5,3187539222820846154,0,1,1,17,2,3,1,6
9726,5,3220614596334500189,0,2,2,20,1,6,3,10
9727,5,-7667892072321463269,0,1,1,17,3,3,1,10
9728,5,-5719289373081705450,0,0,0,17,3,5,2,19
9729,5,-7615065110422078671,0,2,2,17,1,4,2,13
9730,5,-3753021455703340746,0,0,0,21,4,5,2,9
9731,5,4541858263699050426,0,2,2,16,2,3,1,8
9732,5,-516200258880947638,0,2,2,19,3,4,2,8
9733,5,-939327230144850899,0,1,1,20,5,3,1,7
9734,5,774123552125758016,0,1,1,13,3,3,2,7
9735,5,-6306573050337466689,0,3,3,20,2,6,2,15
9736,5,-6663141296863355404,0,2,2,18,2,4,2,10
9737,5,7977744576098381340,0,3,3,18,2,4,2,13
9738,5,2121628242329817610,0,0,0,15,1,4,1,14
9739,5,219946606890689875,0,2,2,14,4,3,2,10
9740,5,-8562434969991468547,0,1,1,17,4,4,2,11
9741,5,-2747654756240739567,0,3,3,21,3,5,2,8
9742,5,-2981134814117839752,0,2,2,19,2,6,4,18
9743,5,6677429609499164689,0,2,2,18,3,3,1,10
9744,5,8840289472852234468,0,2,2,19,3,3,1,9
9745,5,6658750716243722450,0,1,1,18,3,2,1,4
9746,5,6316059547428037186,0,3,3,19,2,3,1,4
9747,5,3292959138228496011,0,2,2,17,2,3,2,4
9748,5,-5785887860722861254,0,2,2,23,5,5,3,9
9749,5,8503442599835954012,0,0,0,15,1,3,1,7
9750,5,-1014429059406200974,0,3,3,20,1,5,3,11
9751,5,89510237500190149,0,1,1,18,7,3,2,8
9752,5,2498122422383900195,0,4,4,21,1,5,1,11
9753,5,-5892324801788145829,0,1,1,16,6,3,2,9
9754,5,-541599480591767062,0,1,1,15,4,2,1,4
9755,5,-8417745128966829384,0,2,2,18,2,6,4,14
9756,5,-1282865704878296613,0,2,2,20,1,5,2,14
9757,5,661556625368822963,0,2,2,16,1,4,2,7
9758,5,831787053636138972,0,0,0,14,2,3,1,7
9759,5,-901635176411079472,0,2,2,18,3,3,2,5
9760,5,-1327558444048297937,0,2,2,19,1,4,1,9
9761,5,-3654917833792995078,0,3,3,18,5,3,1,7
9762,5,4163395738489075280,0,1,1,17,3,3,1,11
9763,5,-2704225083056355217,0,1,1,19,2,6,4,12
9764,5,-7470606930293325056,0,0,0,18,1,6,2,14
9765,5,7409860287286409723,0,1,1,20,7,2,1,4
9766,5,3285339098288172961,0,2,2,16,4,2,1,3
9767,5,-7068784162631245464,0,3,3,18,1,6,3,14
9768,5,5699612716388252356,0,2,2,16,2,4,2,14
9769,5,4512775399687739444,0,0,0,20,3,6,3,13
9770,5,9128717279354683904,0,3,3,19,5,5,2,13
9771,5,-5533360939474147964,0,4,4,15,2,4,2,11
9772,5,1618320326600205573,0,0,0,14,2,4,2,11
9773,5,2936029056081930584,0,2,2,18,5,3,1,7
9774,5,3067927332553164272,0,1,1,16,4,3,2,9
9775,5,9167320320866846464,0,1,1,16,6,3,2,6
9776,5,738503182644329183,0,4,4,15,4,5,3,13
9777,5,-6251457304005705009,0,1,1,17,4,3,1,8
9778,5,2951104517519672520,0,4,4,18,4,5,2,10
9779,5,-1145315659411273971,0,2,2,19,3,2,1,5
9780,5,-6154712126195228794,0,0,0,19,2,6,2,9
9781,5,-6017965032492366799,0,1,1,17,4,4,2,11
9782,5,793613615108292404,0,3,3,18,2,5,3,9
9783,5,4790142267810832463,0,4,4,14,6,3,2,13
9784,5,-9098202318227632450,0,3,3,18,2,3,1,7
9785,5,8733315006644906447,0,3,3,18,4,6,3,12
9786,5,-7557760072126446668,0,0,0,20,1,7,2,19
9787,5,-4116318693909102241,0,4,4,19,1,5,2,13
9788,5,-8620024630544622751,0,3,3,22,2,4,1,10
9789,5,-7882669095295783126,0,2,2,21,1,7,3,11
9790,5,6661670385757345052,0,3,3,16,3,5,3,12
9791,5,3533507298339755849,0,2,2,18,1,5,3,11
9792,5,2015594231877172701,0,2,2,16,3,2,1,5
9793,5,-494155044301307526,0,2,2,19,5,3,1,9
9794,5,5516418488451014931,0,1,1,18,3,4,1,15
9795,5,-671819454040299505,0,2,2,14,8,2,1,7
9796,5,5863189984708309683,0,0,0,16,5,5,2,14
9797,5,-5141769571514203608,0,1,1,21,1,6,3,15
9798,5,-9018539842847963500,0,1,1,14,4,2,1,6
9799,5,-8668459911962002140,0,1,1,19,4,4,3,7
9800,5,-1461897982205597447,0,2,2,16,8,5,4,15
9801,5,-357845055982741164,0,2,2,19,4,6,4,16
9802,5,-8899966149651256209,0,3,3,21,2,4,1,8
9803,5,-5326694099641328143,0,1,1,17,4,3,2,4
9804,5,5068987740909912281,0,1,1,15,8,2,1,5
9805,5,-1812489861945878448,0,3,3,22,1,4,1,8
9806,5,7879860913598277577,0,2,2,18,2,3,1,7
9807,5,8631074560540908115,0,1,1,17,6,5,3,16
9808,5,1034366432433134096,0,2,2,14,3,5,3,20
9809,5,7576838072678738978,0,1,1,18,4,3,1,10
9810,5,-5706807518367026536,0,0,0,16,1,7,4,20
9811,5,5297842576630129947,0,2,2,17,2,4,2,12
9812,5,-4698576019676155280,0,0,0,15,7,4,1,14
9813,5,-6147028838295494650,0,3,3,18,6,5,4,10
9814,5,5730420180930638376,0,1,1,17,2,5,2,17
9815,5,-2506802498092794227,0,1,1,18,2,4,2,9
9816,5,8132845735431459934,0,2,2,16,4,2,1,3
9817,5,6366137550892068842,0,3,3,15,4,4,2,11
9818,5,-6498727152416305768,0,2,2,16,5,2,1,6
9819,5,7733820486212038369,0,4,4,22,4,5,2,9
9820,5,-5221702812455905964,0,2,2,18,4,5,3,7
9821,5,1669102868214016753,0,1,1,17,1,3,1,10
9822,5,4599983005662565470,0,4,4,18,2,5,2,14
9823,5,-960059709479907130,0,2,2,14,8,3,2,10
9824,5,-1415863327137618848,0,2,2,17,3,4,2,11
9825,5,8402093933124855281,0,4,4,18,1,6,3,19
9826,5,8351041702802011327,0,1,1,17,4,3,1,9
9827,5,-1283454722703283238,0,3,3,15,6,3,2,9
9828,5,-8539414464679597916,0,1,1,15,2,5,2,10
9829,5,7190237090403728884,0,1,1,18,6,4,2,15
9830,5,-2545348094297521576,0,1,1,16,5,3,2,12
9831,5,-8305009773303046349,0,1,1,18,1,3,1,9
9832,5,-1494073084541947948,0,3,3,16,5,2,1,2
9833,5,-2248008502575387973,0,2,2,16,4,2,1,6
9834,5,3459725176920214680,0,0,0,15,7,3,1,7
9835,5,4841881648251460569,0,3,3,19,1,3,1,6
9836,5,1844705849366719675,0,2,2,15,1,3,1,5
9837,5,-6670083476285431498,0,1,1,18,3,3,2,11
9838,5,6389779076566549827,0,0,0,21,2,6,1,14
9839,5,-6555447692863901879,0,0,0,14,3,6,4,16
9840,5,595753720818910646,0,1,1,15,3,3,1,9
9841,5,-2102841404320004595,0,3,3,18,6,3,2,6
9842,5,3180833893213730544,0,3,3,16,4,2,1,6
9843,5,-3720023901960921612,0,2,2,20,1,4,2,8
9844,5,1358273022275105591,0,1,1,18,2,5,2,14
9845,5,858469761225158682,0,1,1,16,8,2,2,4
9846,5,-8109385736027386996,0,0,0,17,2,6,3,16
9847,5,4491766158925303229,0,3,3,16,3,2,1,5
9848,5,6320179847491087939,0,1,1,18,3,5,2,11
9849,5,-805227331591816467,0,3,3,17,6,5,4,8
9850,5,6958744083460268758,0,3,3,16,5,3,2,6
9851,5,2647685637624250495,0,1,1,18,4,6,3,10
9852,5,-326185800215646475,0,1,1,16,3,5,3,16
9853,5,-8698224972531652281,0,4,4,15,6,5,3,9
9854,5,271448430389410016,0,2,2,17,2,4,2,10
9855,5,-1520932798335902075,0,1,1,17,2,4,2,10
9856,5,5532082217615604473,0,4,4,16,4,3,1,8
9857,5,1506840850346973087,0,2,2,17,6,2,1,7
9858,5,511997487150537876,0,2,2,19,4,3,1,7
9859,5,-4116097912464551664,0,3,3,14,7,3,2,6
9860,5,3910999712648528913,0,2,2,17,2,3,1,9
9861,5,-8647844665046581600,0,2,2,15,1,4,2,11
9862,5,-1731168362210871763,0,3,3,19,1,3,1,7
9863,5,9043870638460562645,0,1,1,17,1,3,2,7
9864,5,7727339744533943956,0,2,2,18,5,5,4,9
9865,5,7777099344297166249,0,2,2,18,3,3,1,7
9866,5,-6257912670189707846,0,0,0,18,1,5,2,11
9867,5,-4972636881458041732,0,1,1,19,4,4,3,9
9868,5,4691264415011395562,0,4,4,18,2,4,2,8
9869,5,6389853779241674059,0,3,3,16,1,4,2,10
9870,5,-7925737987684384354,0,0,0,15,2,8,4,28
9871,5,-5850238655435900126,0,2,2,18,2,4,2,10
9872,5,3956220052119655697,0,4,4,14,2,3,2,7
9873,5,-6584298545692206641,0,2,2,17,5,4,2,10
9874,5,2429439659639758098,0,3,3,16,8,2,2,4
9875,5,3857999795497504472,0,1,1,16,5,4,2,13
9876,5,-4506829419157921509,0,1,1,17,1,5,3,13
9877,5,6981963165892863406,0,2,2,21,2,6,3,12
9878,5,-314239146710417758,0,4,4,19,2,4,1,7
9879,5,-4649457971238186207,0,0,0,13,3,4,2,11
9880,5,1270867640702190510,0,2,2,16,1,3,1,8
9881,5,-8356285210031053802,0,2,2,20,2,6,4,8
9882,5,6070449740485254828,0,2,2,16,5,2,1,6
9883,5,5717110943692481400,0,2,2,15,5,3,2,10
9884,5,3475061347709597570,0,2,2,17,1,4,3,8
9885,5,1689464762230041452,0,3,3,17,5,3,2,5
9886,5,3471756776032847332,0,3,3,23,2,6,2,13
9887,5,6951533742673384904,0,1,1,19,1,5,3,16
9888,5,-499178816944604953,0,3,3,17,1,6,3,21
9889,5,-3160723827879346235,0,4,4,16,3,3,1,9
9890,5,-7391904417783364653,0,2,2,18,2,4,2,6
9891,5,4625667520765269234,0,3,3,18,1,6,3,16
9892,5,3862775291597595708,0,2,2,19,1,5,3,13
9893,5,-7236211777883941525,0,1,1,19,2,3,1,7
9894,5,-3994355863897868973,0,2,2,21,2,5,1,12
9895,5,7661876788516653899,0,3,3,14,5,3,2,7
9896,5,6121102301715637369,0,1,1,16,4,3,2,7
9897,5,1281493419771061086,0,4,4,17,3,6,4,15
9898,5,2506151799495990037,0,3,3,14,5,3,2,11
9899,5,-4248728022194774757,0,2,2,19,1,6,2,17
9900,5,440248348981916070,0,1,1,16,8,3,2,7
9901,5,3307616337991288272,0,4,4,18,4,5,3,14
9902,5,-2966606351337144293,0,3,3,22,3,4,2,10
9903,5,3200711856275583774,0,2,2,20,1,5,2,14
9904,5,5121663710408253282,0,0,0,16,3,5,2,16
9905,5,5684523223760548008,0,1,1,16,1,3,1,10
9906,5,-3005007251749392322,0,0,0,20,1,5,1,17
9907,5,-7306343587908545273,0,3,3,19,1,6,2,18
9908,5,5890193153557936989,0,2,2,21,1,6,2,15
9909,5,151462699473220096,0,1,1,18,5,2,1,4
9910,5,-2164744208149987671,0,3,3,16,1,3,2,8
9911,5,6718783415282521081,0,0,0,18,1,3,1,6
9912,5,3312855209328901085,0,2,2,17,2,4,2,12
9913,5,-3900107129653640025,0,1,1,14,6,2,1,5
9914,5,7117958277350120540,0,1,1,22,1,5,2,8
9915,5,3862616413843129612,0,3,3,14,5,3,2,11
9916,5,-7614874893211648451,0,3,3,17,3,3,2,3
9917,5,2477838285957804704,0,0,0,16,2,7,4,19
9918,5,-3231531887378366806,0,1,1,22,1,6,3,12
9919,5,-810842195964556338,0,2,2,18,2,6,2,19
9920,5,5412091109682959722,0,2,2,18,2,2,1,7
9921,5,-4942715844395120735,0,3,3,19,1,4,1,12
9922,5,-8198726469087570501,0,1,1,16,4,5,3,13
9923,5,2407916174369240255,0,2,2,17,4,3,1,8
9924,5,-1878844955195103131,0,1,1,22,1,5,2,15
9925,5,6753722339375076245,0,0,0,20,7,7,4,16
9926,5,-758341395787885813,0,4,4,18,1,7,3,18
9927,5,8766155086342971347,0,1,1,16,4,2,1,5
9928,5,-4770482587716968253,0,3,3,19,1,7,3,13
9929,5,4277778538552982811,0,3,3,17,4,3,2,6
9930,5,-72923379306987543,0,0,0,18,2,7,3,19
9931,5,-5887381443738731788,0,4,4,17,2,4,2,10
9932,5,8249588111587469616,0,0,0,18,2,7,3,15
9933,5,8779781552781321220,0,2,2,14,3,5,4,15
9934,5,7557275808916120569,0,2,2,19,3,3,2,5
9935,5,-8445322506549506946,0,0,0,16,1,6,3,21
9936,5,4882163239124564967,0,1,1,17,2,3,2,6
9937,5,-7053357939693022248,0,0,0,16,5,6,3,15
9938,5,68941356736199602,0,4,4,20,2,3,1,6
9939,5,-2874925217615311423,0,1,1,18,1,7,4,22
9940,5,8036305417617473852,0,2,2,20,4,4,2,12
9941,5,2448097815087531602,0,1,1,19,2,5,3,12
9942,5,-6223425754969719071,0,1,1,19,4,4,2,8
9943,5,-5946201002316475005,0,1,1,17,4,3,1,6
9944,5,8089609472670498322,0,3,3,17,1,6,4,16
9945,5,-2089305938477910560,0,2,2,18,5,3,1,11
9946,5,539565007109535524,0,1,1,15,4,2,1,7
9947,5,-8175832707748834693,0,3,3,14,4,4,3,8
9948,5,1948036882216407653,0,1,1,18,4,5,3,15
9949,5,5432547701398945828,0,0,0,16,1,5,2,16
9950,5,947322275763103344,0,4,4,20,1,5,1,16
9951,5,-6207734277319109161,0,0,0,16,1,4,2,12
9952,5,5405192293655119810,0,1,1,21,2,6,2,17
9953,5,948620291455228021,0,4,4,18,4,4,1,11
9954,5,-1345923061366669940,0,4,4,18,7,3,1,7
9955,5,-4042194276122972745,0,0,0,18,5,7,3,18
9956,5,-109495752431276086,0,2,2,17,3,4,2,11
9957,5,626965966792837727,0,1,1,16,4,3,1,8
9958,5,6137251626701218452,0,0,0,17,2,4,1,12
9959,5,-123136002725032017,0,3,3,18,3,6,3,12
9960,5,-8681085687297764685,0,2,2,17,2,4,1,12
9961,5,9190783854607944735,0,0,0,19,6,7,4,14
9962,5,3700384613413095286,0,1,1,21,1,5,1,8
9963,5,531248337774793545,0,3,3,16,3,3,1,9
9964,5,-5118156486857593402,0,2,2,15,5,3,2,8
9965,5,352560840213193000,0,1,1,17,1,3,1,7
9966,5,-5015307120592465800,0,3,3,19,6,4,2,11
9967,5,3662118671628319873,0,1,1,16,4,5,4,13
9968,5,-4157987724410322462,0,3,3,17,4,5,3,10
9969,5,-5386477424940151648,0,0,0,19,1,4,1,7
9970,5,-4661965944913163600,0,2,2,21,2,4,1,10
9971,5,4595597106304325191,0,4,4,19,1,6,3,14
9972,5,-2050109828218801672,0,0,0,20,2,7,2,18
9973,5,2245876925114635235,0,3,3,16,4,4,2,14
9974,5,1113252573164401291,0,0,0,17,2,7,4,21
9975,5,1550768998775708929,0,1,1,15,8,2,1,4
9976,5,-8033553430440676979,0,3,3,20,1,8,3,25
9977,5,-1219350261105143553,0,0,0,18,6,5,2,13
9978,5,-2646602936111510969,0,3,3,17,1,5,3,10
9979,5,4316875369369155846,0,4,4,17,1,4,2,11
9980,5,-2260588295705509061,0,3,3,14,5,2,2,8
9981,5,-2268086687182088905,0,4,4,22,1,6,2,13
9982,5,-2503717934836989832,0,3,3,20,5,7,4,18
9983,5,2951506026605185316,0,1,1,16,4,3,1,8
9984,5,-40158063375251665,0,3,3,17,2,3,1,4
9985,5,-5806457491070166143,0,3,3,16,6,2,2,4
9986,5,8588825761640294023,0,1,1,16,1,4,2,10
9987,5,-768032504308024038,0,3,3,13,4,6,4,24
9988,5,-6371780849261504083,0,3,3,19,4,3,1,8
9989,5,-4315494525872796920,0,1,1,20,3,4,1,9
9990,5,-7362823855499708626,0,1,1,18,6,4,3,15
9991,5,-3627626236748857313,0,3,3,17,5,3,2,3
9992,5,4645075940362305928,0,1,1,19,3,5,2,10
9993,5,2113347808375310762,0,2,2,18,1,5,2,14
9994,5,-1356297171577557763,0,2,2,16,4,5,4,15
9995,5,-9024334102445345959,0,3,3,18,3,7,4,22
9996,5,-2491641633418776918,0,0,0,17,3,4,1,14
9997,5,-8405722396935233926,0,0,0,14,1,4,1,16
9998,5,6513694674707409112,0,2,2,15,3,2,1,6
9999,5,-1186125063489832857,0,1,1,15,3,3,1,10
10000,5,7401672643329804434,0,2,2,18,1,6,3,18
