simulationId,cowboyCount,seed,starterId,winnerId,winnerOffsetFromStarter,totalShots,winnerRemainingHp,winnerShotsFired,winnerKills,winnerTotalDamageDealt
1,20,7622549244507814510,0,5,5,68,4,6,4,14
2,20,-176823638348867382,0,14,14,74,3,4,2,12
3,20,4653291594555506559,0,10,10,79,1,6,3,17
4,20,-5429547764223392703,0,14,14,71,3,2,1,6
5,20,1354699720820100286,0,12,12,78,2,5,3,11
6,20,-8558099095430985091,0,10,10,80,5,5,3,10
7,20,7566729063232618657,0,9,9,70,4,4,1,6
8,20,-8796280036588025189,0,14,14,78,1,6,3,15
9,20,-1904176087077157359,0,13,13,71,3,5,4,13
10,20,-5950808297819701377,0,13,13,77,4,4,2,8
11,20,8202580055274905697,0,12,12,72,1,3,2,5
12,20,2069697956329713381,0,10,10,68,5,2,1,8
13,20,2331882227666649723,0,13,13,76,4,7,5,10
14,20,-6907155114764864074,0,9,9,76,2,6,3,16
15,20,5743542032431768924,0,6,6,73,3,5,4,14
16,20,1754090216629634460,0,15,15,67,3,4,2,11
17,20,3000933636146778561,0,2,2,75,1,9,5,26
18,20,-818370409442154536,0,18,18,78,1,4,1,6
19,20,-6494085369291419358,0,5,5,71,2,4,1,12
20,20,-4831476700427871918,0,10,10,71,8,3,3,11
21,20,-7164822578341529121,0,9,9,76,4,3,1,6
22,20,-6681209751587204111,0,12,12,68,6,2,1,6
23,20,-2785428037848741191,0,4,4,74,1,6,4,17
24,20,4092339821109795117,0,10,10,74,7,8,7,18
25,20,3063383483373029763,0,16,16,69,3,3,1,5
26,20,3373133630133326305,0,12,12,77,4,6,4,10
27,20,493181087642310936,0,12,12,71,2,2,1,6
28,20,-1746716152221018267,0,15,15,73,2,5,1,11
29,20,446462409193912975,0,11,11,73,6,1,1,1
30,20,1193011675842738652,0,5,5,81,3,5,2,13
31,20,4831360065858792877,0,14,14,78,4,4,2,10
32,20,8575571794862233545,0,16,16,82,4,2,1,6
33,20,345942164528489626,0,5,5,72,2,10,7,27
34,20,7448151043156876008,0,12,12,70,2,5,2,15
35,20,5239964932791844568,0,13,13,76,3,3,1,6
36,20,-9173191548526301637,0,14,14,68,6,4,3,9
37,20,-2161688254686019728,0,14,14,81,1,8,4,15
38,20,-4645889046326623902,0,19,19,76,1,8,5,17
39,20,-4846666793570864531,0,13,13,72,2,7,5,21
40,20,8504972586755124527,0,12,12,70,2,2,1,6
41,20,2012197841368315278,0,11,11,66,2,3,1,10
42,20,-6052823257482687111,0,12,12,71,7,8,7,22
43,20,8951238588419643446,0,4,4,78,5,3,1,4
44,20,8373285886730576944,0,8,8,79,7,4,2,6
45,20,-6024011126309681497,0,12,12,78,3,4,1,8
46,20,-3199751378429683278,0,15,15,78,3,4,2,6
47,20,-205079082719447953,0,13,13,71,1,5,3,16
48,20,-1230956723516543396,0,13,13,78,2,8,4,13
49,20,9009170572123666977,0,14,14,74,3,4,2,9
50,20,502512276757557602,0,14,14,71,4,2,1,4
51,20,-6468460926580581816,0,18,18,75,3,2,1,3
52,20,-1041959172619497245,0,18,18,77,5,3,2,8
53,20,-3176141123837156967,0,13,13,78,3,7,5,18
54,20,-1250743467814938825,0,10,10,70,3,6,5,14
55,20,2802790474057045607,0,11,11,80,3,3,1,5
56,20,1594636887908444555,0,10,10,71,3,4,2,6
57,20,2247049277431032667,0,9,9,69,4,4,3,10
58,20,-2141993941735040080,0,9,9,76,2,5,3,11
59,20,4950414587910089059,0,16,16,70,2,4,2,13
60,20,4024558437153402159,0,16,16,80,1,6,2,15
61,20,8460830073364808938,0,9,9,73,4,4,2,11
62,20,-8861481111054564448,0,11,11,74,3,7,5,15
63,20,5151774012177519178,0,7,7,74,2,6,3,16
64,20,6091217547875219003,0,11,11,72,1,4,2,13
65,20,-2747216630518444674,0,8,8,70,8,2,1,7
66,20,-3120053898601644369,0,18,18,72,6,2,1,5
67,20,3034305960001825052,0,2,2,76,4,4,3,10
68,20,530950165320721202,0,9,9,79,1,5,3,13
69,20,-3239810975889385343,0,16,16,75,2,8,5,19
70,20,8355546087979150809,0,3,3,72,5,4,3,6
71,20,-469783043654121139,0,11,11,66,6,4,3,9
72,20,-8860139790373583575,0,9,9,71,1,5,2,10
73,20,3078272170296328209,0,11,11,68,6,2,1,5
74,20,1861223411033487853,0,3,3,73,1,7,4,15
75,20,6371430372172172359,0,14,14,67,4,4,2,13
76,20,558336081978973769,0,9,9,80,3,7,3,19
77,20,-4684935535263414398,0,11,11,78,4,3,2,3
78,20,4274643094731897359,0,13,13,69,5,2,1,5
79,20,-974467266348133402,0,12,12,75,3,5,2,12
80,20,2876010997474373712,0,16,16,75,1,5,3,12
81,20,2556742473257242073,0,9,9,67,4,4,3,12
82,20,3881636367721409078,0,11,11,71,1,5,2,12
83,20,-4283235462372645638,0,14,14,74,3,2,1,4
84,20,-5435618743545341167,0,13,13,77,2,5,2,15
85,20,8287095643659210833,0,10,10,78,2,9,4,21
86,20,8922802869860413870,0,12,12,68,8,4,4,12
87,20,-8768726520343391800,0,2,2,79,2,6,4,12
88,20,4372297092407986927,0,9,9,66,5,3,2,5
89,20,1825614279441251546,0,17,17,70,1,5,2,11
90,20,-8762036456603649640,0,9,9,67,4,7,4,25
91,20,3126602431026017417,0,13,13,72,3,4,2,6
92,20,-6850303691888806042,0,6,6,68,7,5,3,12
93,20,-8236622947874188139,0,13,13,75,2,6,4,14
94,20,-7308026951116254363,0,7,7,72,4,4,3,11
95,20,7503361998593243626,0,12,12,69,3,5,3,16
96,20,-5497387776322637437,0,7,7,75,1,4,2,8
97,20,-1268344063882912167,0,15,15,74,1,5,2,12
98,20,-4537393245351792801,0,17,17,77,3,6,3,14
99,20,7007109389799046027,0,12,12,75,6,4,2,14
100,20,2541384518595445350,0,11,11,74,2,2,1,4
101,20,3350996714279151922,0,6,6,73,1,4,2,11
102,20,-6122081210866785503,0,5,5,76,3,8,6,17
103,20,3642725993278335616,0,6,6,70,5,2,1,5
104,20,-6310069696443000377,0,4,4,77,1,4,2,12
105,20,1047077068562554588,0,13,13,75,4,4,2,13
106,20,-6852892927081889767,0,7,7,73,3,4,2,10
107,20,-4257256642702636589,0,14,14,73,2,4,2,11
108,20,-5029367128408372113,0,14,14,78,6,2,1,6
109,20,7607616885527668300,0,9,9,68,3,3,2,8
110,20,26434227140393485,0,11,11,74,4,4,1,8
111,20,9209768725001713919,0,3,3,71,1,3,1,9
112,20,-3085924346636983622,0,12,12,73,3,5,3,14
113,20,8675964771217511976,0,5,5,70,6,6,5,17
114,20,4907356856337128851,0,17,17,74,1,9,5,28
115,20,-4666966213610434953,0,5,5,77,8,1,1,5
116,20,-4926837390399736036,0,10,10,80,1,3,1,6
117,20,-8336891457433127094,0,16,16,80,4,7,4,17
118,20,516544900739520151,0,6,6,73,1,5,2,12
119,20,-7283127629127876067,0,10,10,75,3,8,5,12
120,20,-1032635651569392488,0,11,11,65,8,3,2,9
121,20,7769363128375121728,0,8,8,78,3,3,1,12
122,20,-430746176916896039,0,15,15,73,4,7,6,10
123,20,8651847374258448331,0,7,7,80,1,5,2,10
124,20,2224671235021342026,0,7,7,75,2,3,1,7
125,20,-1465474966042121521,0,16,16,77,4,3,1,6
126,20,5232730891868007532,0,10,10,70,1,4,2,14
127,20,1361460470342695374,0,12,12,71,4,3,1,10
128,20,-1356467568661118753,0,12,12,78,3,3,2,8
129,20,-7614506031958753172,0,11,11,75,1,6,4,15
130,20,-8971519793056376775,0,13,13,80,3,5,2,9
131,20,3022396495612605285,0,11,11,76,3,7,4,14
132,20,8290662160158026520,0,16,16,77,1,5,3,13
133,20,3843035322279117505,0,16,16,76,3,4,2,12
134,20,-5189416922603801478,0,13,13,71,1,6,3,16
135,20,-5124300315598734522,0,12,12,80,4,5,3,11
136,20,3837517114234352203,0,0,0,77,3,7,4,17
137,20,-2950185444045550802,0,13,13,71,3,6,5,13
138,20,426757442594773823,0,14,14,77,1,4,2,6
139,20,-4820788126042546662,0,16,16,78,1,6,3,12
140,20,5946862575678741986,0,11,11,77,1,4,2,10
141,20,8974981299390694470,0,11,11,72,7,5,4,9
142,20,-6087080048868049684,0,13,13,75,3,4,2,10
143,20,-3281028519374219011,0,10,10,68,5,2,1,7
144,20,8805111005440957657,0,1,1,74,5,3,2,8
145,20,-945914340663370674,0,8,8,82,2,3,1,11
146,20,3620470311692998329,0,5,5,72,3,3,1,8
147,20,-7847918107806780417,0,13,13,79,3,6,4,18
148,20,-1981419207827807164,0,14,14,74,1,9,6,21
149,20,8917890496236750785,0,10,10,71,4,8,4,19
150,20,2436476489404250417,0,9,9,73,1,5,2,9
151,20,-8587433980523025243,0,9,9,74,1,4,2,8
152,20,-6769828358835675705,0,14,14,74,2,4,2,6
153,20,-3332833132237761586,0,17,17,75,2,7,5,16
154,20,6975984797426359987,0,12,12,80,4,4,2,4
155,20,-6059495332086747032,0,3,3,74,2,4,2,5
156,20,4452296053357995548,0,9,9,75,2,3,1,6
157,20,-4323948211146815272,0,8,8,69,9,3,3,8
158,20,3776308515824177652,0,13,13,73,6,2,1,4
159,20,-2448083839464855756,0,15,15,75,2,7,3,17
160,20,-2641245394580726895,0,11,11,76,4,2,1,4
161,20,2192876119456537845,0,4,4,78,1,5,3,12
162,20,-6690699831491533701,0,4,4,69,3,5,4,10
163,20,-8242276007236563477,0,14,14,80,1,6,3,13
164,20,-5642516344152327033,0,13,13,76,3,5,2,11
165,20,-3238749104845523344,0,3,3,75,3,3,1,7
166,20,-2814418992306178780,0,6,6,71,3,3,1,9
167,20,-5673131306224066336,0,7,7,75,2,4,2,6
168,20,29831252693456372,0,10,10,69,5,4,3,10
169,20,7016585409083752008,0,9,9,78,1,7,3,12
170,20,908195957096416926,0,6,6,75,2,2,1,7
171,20,-7531173376727640483,0,14,14,77,5,4,2,11
172,20,7209757496494277090,0,15,15,74,2,3,1,7
173,20,5291995938437694126,0,12,12,73,6,4,2,7
174,20,5880094698660718061,0,2,2,74,1,9,5,21
175,20,-7265269715823122147,0,10,10,84,2,6,3,12
176,20,-4873275261915122194,0,0,0,69,2,5,2,11
177,20,-1159345103379502709,0,9,9,73,3,5,4,12
178,20,-5555833939274768152,0,9,9,74,2,3,1,7
179,20,-6221400059438910766,0,10,10,78,1,10,7,30
180,20,-5951664687497584183,0,8,8,73,3,5,3,10
181,20,-5112357295890222344,0,16,16,68,2,7,5,22
182,20,-1298152709108151108,0,8,8,73,2,8,6,19
183,20,-6119810466464770400,0,16,16,77,3,5,3,14
184,20,2502297348298907067,0,8,8,75,6,6,3,14
185,20,5240029132549311427,0,9,9,72,1,5,3,6
186,20,2849857456777649255,0,11,11,73,5,4,2,10
187,20,5357231713588214688,0,12,12,79,5,7,5,20
188,20,2470418174820690203,0,15,15,74,5,2,1,4
189,20,-4205413717588758543,0,16,16,67,6,4,3,9
190,20,-190994909066885314,0,1,1,79,2,3,2,5
191,20,5643015977550698334,0,11,11,65,2,4,2,11
192,20,-6149718818074887976,0,14,14,77,2,8,5,26
193,20,-5292947416913470154,0,11,11,76,1,11,6,35
194,20,7725237031423721319,0,8,8,72,1,4,1,11
195,20,-5657309207377328036,0,11,11,72,1,6,3,18
196,20,5671188520636863987,0,8,8,72,4,4,3,14
197,20,-8067556877535570561,0,12,12,72,6,2,2,6
198,20,1388559965909645408,0,14,14,80,2,4,2,9
199,20,-1541781829703729011,0,8,8,77,2,11,7,17
200,20,-4692008703275938814,0,12,12,70,2,7,4,18
201,20,5921825753287209320,0,6,6,70,2,6,3,11
202,20,-7215400166977438346,0,11,11,64,4,4,2,10
203,20,7205195152113270746,0,12,12,71,3,3,2,9
204,20,8555390363154737071,0,16,16,77,4,2,1,5
205,20,-6544356438121168186,0,3,3,71,1,4,2,9
206,20,-24092370755839921,0,10,10,68,2,3,1,10
207,20,-840322277581955423,0,12,12,78,5,9,6,12
208,20,5998048010865198391,0,10,10,72,4,2,1,7
209,20,-4847606256852973793,0,10,10,77,1,6,2,17
210,20,-2380848368725129375,0,14,14,73,1,2,1,6
211,20,5147840700923570224,0,15,15,77,2,3,1,6
212,20,-1353014960296005908,0,9,9,68,1,5,3,16
213,20,-1598501290525054419,0,16,16,72,2,3,2,10
214,20,1961923140490118264,0,16,16,78,1,3,1,6
215,20,-8505615486224464562,0,15,15,74,2,5,3,10
216,20,3517719450423692212,0,0,0,77,4,7,3,18
217,20,3105389479535564896,0,5,5,76,1,5,3,11
218,20,5214840725170559796,0,13,13,74,3,4,2,10
219,20,6293562631990310579,0,8,8,67,5,4,2,12
220,20,-3335407372536324729,0,6,6,76,3,8,5,18
221,20,4329349046570819928,0,12,12,81,2,3,2,11
222,20,-3946251753802068088,0,12,12,77,1,3,1,7
223,20,-2497641178949689460,0,15,15,80,2,5,2,13
224,20,-1598467579073753100,0,15,15,74,9,2,2,4
225,20,-7219157151722771858,0,13,13,77,1,5,3,13
226,20,-4661110030385310659,0,8,8,76,3,2,1,4
227,20,7268898499307905016,0,4,4,74,2,4,2,9
228,20,5073513302777484957,0,15,15,75,5,3,2,7
229,20,-4340584654648921812,0,6,6,76,2,9,6,19
230,20,5747655616131207533,0,16,16,75,2,4,2,8
231,20,-853986668421251187,0,14,14,68,5,2,1,6
232,20,-6485978991128421450,0,10,10,74,6,3,2,5
233,20,5768638224355024336,0,4,4,65,3,6,4,23
234,20,2458075869634312968,0,12,12,77,2,5,2,12
235,20,-8489808341758400557,0,6,6,66,1,5,3,14
236,20,8024946309956992650,0,18,18,75,9,3,3,3
237,20,3052355172840400334,0,15,15,75,5,4,3,14
238,20,7442647678929516370,0,13,13,76,3,5,3,15
239,20,-8626307378104996153,0,15,15,71,6,4,3,7
240,20,4089073642559267318,0,9,9,72,1,4,1,5
241,20,-2236296439523492277,0,7,7,75,2,5,3,17
242,20,3016743768788637027,0,2,2,74,2,4,1,13
243,20,4188166251872219482,0,10,10,75,1,6,4,13
244,20,-3762730370391684372,0,9,9,75,1,3,1,5
245,20,3740820769933958818,0,15,15,78,1,5,2,10
246,20,2497223835397723045,0,13,13,69,3,3,2,8
247,20,1245211740268461552,0,16,16,75,5,5,3,12
248,20,3596120228953640690,0,13,13,75,1,8,4,19
249,20,-8485958391061015837,0,12,12,74,3,3,1,10
250,20,-3530187989459650982,0,8,8,70,1,6,3,13
251,20,1557329990257135330,0,8,8,78,5,5,3,13
252,20,-5014070775909231968,0,17,17,71,4,3,1,7
253,20,8185066700082241103,0,15,15,74,4,9,6,24
254,20,1187857640806559252,0,12,12,68,7,2,1,5
255,20,4592621929158808828,0,1,1,72,8,3,2,7
256,20,-2733519790676682714,0,8,8,76,3,3,1,4
257,20,-9010965276370915874,0,12,12,78,3,3,1,8
258,20,3441661738905144891,0,10,10,75,4,6,3,9
259,20,-1194913879455673857,0,7,7,72,2,6,4,12
260,20,4193196702897053123,0,16,16,75,2,4,1,9
261,20,506810623762930361,0,7,7,79,4,5,3,12
262,20,-5265939102537952373,0,12,12,81,1,7,4,14
263,20,8342510994338939680,0,13,13,76,2,3,1,7
264,20,5449764782182861903,0,15,15,72,6,5,3,16
265,20,9057600608023772352,0,8,8,75,7,3,2,8
266,20,4141399907197696659,0,14,14,77,2,3,2,6
267,20,-6377290153117213817,0,16,16,77,1,4,1,9
268,20,4028413048081249714,0,16,16,71,5,4,2,9
269,20,-4936952770567959292,0,16,16,72,5,2,1,3
270,20,-3833402471891802570,0,14,14,83,1,10,6,19
271,20,-611234609857737006,0,1,1,77,3,7,4,16
272,20,1836329554843149162,0,10,10,77,2,7,5,15
273,20,-6271604032169027506,0,15,15,69,6,2,2,6
274,20,-7649378181101267410,0,12,12,74,5,1,1,2
275,20,-4117742096427242609,0,12,12,72,8,3,2,10
276,20,-426418587539229430,0,10,10,74,3,5,3,9
277,20,-3482144798703779433,0,6,6,75,1,7,3,22
278,20,-4380576730621465212,0,15,15,82,2,4,1,11
279,20,471985320383546821,0,14,14,71,1,5,4,9
280,20,3767412502644510389,0,16,16,70,1,6,3,24
281,20,-3981726802433878898,0,11,11,71,2,3,2,6
282,20,-7129907778307929831,0,11,11,73,4,4,2,11
283,20,353075872508588396,0,10,10,65,1,3,1,10
284,20,8933881702211590055,0,4,4,69,1,5,2,16
285,20,5870060683144538133,0,13,13,70,9,1,1,2
286,20,-6167737670428187103,0,6,6,71,1,7,4,16
287,20,-1481915643660530448,0,14,14,73,4,3,1,10
288,20,-42555890764871508,0,15,15,74,1,5,3,9
289,20,4789677843557388484,0,15,15,71,4,3,2,8
290,20,5603914325809731747,0,13,13,72,2,5,3,14
291,20,2257671157984811954,0,14,14,77,3,4,1,7
292,20,-3981914003719714137,0,13,13,70,3,5,3,16
293,20,-1854622150355557531,0,5,5,74,1,6,3,14
294,20,5561257292223402490,0,13,13,72,5,1,1,2
295,20,-4884363201328877433,0,7,7,70,4,3,2,8
296,20,-4139487150730386163,0,1,1,82,4,6,4,14
297,20,3760748672159352694,0,9,9,80,3,8,6,16
298,20,-8354605131265263785,0,18,18,74,4,3,2,6
299,20,-5942291489905924041,0,12,12,78,1,5,2,15
300,20,-6366786982554665881,0,10,10,82,4,2,1,3
301,20,4987517799179524522,0,8,8,74,4,4,2,8
302,20,2993790680894572604,0,6,6,72,1,9,5,27
303,20,9148108519035745279,0,14,14,78,6,6,4,14
304,20,356053416089542868,0,10,10,78,3,3,2,10
305,20,-1153170656627237272,0,14,14,80,1,7,3,13
306,20,2893755259742999810,0,1,1,72,1,6,4,10
307,20,-2846964163748940784,0,16,16,73,2,9,5,21
308,20,3066658862155213956,0,6,6,78,3,7,4,12
309,20,-2727414419329055670,0,8,8,75,4,3,1,8
310,20,-4763808482497477292,0,9,9,76,4,4,2,11
311,20,-4663998541886316019,0,17,17,73,4,4,2,9
312,20,3401440039618196030,0,6,6,70,5,4,3,13
313,20,8411459461634897568,0,8,8,78,5,4,2,9
314,20,7940202431231995570,0,11,11,76,1,4,2,7
315,20,2320893009249504145,0,6,6,70,4,6,4,13
316,20,-1189509341924688933,0,12,12,74,1,4,2,4
317,20,5352533821174972395,0,12,12,79,2,4,1,4
318,20,1832868611604740847,0,4,4,76,1,10,7,27
319,20,-2456234631830758233,0,9,9,71,1,5,3,11
320,20,-1089146873941124920,0,2,2,77,1,2,1,4
321,20,-4830145270073459614,0,13,13,77,7,4,3,9
322,20,4591227604811538100,0,3,3,81,3,4,1,9
323,20,-7517952184663344560,0,7,7,77,1,5,1,10
324,20,2759393873959435400,0,5,5,80,5,7,4,16
325,20,-3192076090308535184,0,15,15,73,1,6,3,14
326,20,-3518252645608431621,0,14,14,67,2,4,1,11
327,20,-6678954914849788671,0,17,17,77,1,7,4,14
328,20,1051009122719280432,0,1,1,77,2,4,2,6
329,20,-199266881384466636,0,4,4,79,8,1,1,1
330,20,-562237344018420588,0,15,15,74,1,6,3,17
331,20,4631360110322506530,0,8,8,73,2,7,5,18
332,20,-6088734372525309462,0,11,11,78,4,4,2,6
333,20,-4567376467868996353,0,17,17,80,3,3,1,12
334,20,-6043706588882026333,0,14,14,75,5,6,4,16
335,20,-2435838256127503472,0,6,6,71,3,6,4,22
336,20,6756029625274839410,0,11,11,70,7,2,2,6
337,20,3064267014396074458,0,12,12,78,4,4,2,10
338,20,-7107167595673559776,0,6,6,75,1,4,2,9
339,20,7914520723125430299,0,11,11,70,2,5,3,8
340,20,-3939801719671590756,0,5,5,76,1,6,3,17
341,20,7447551660642179069,0,11,11,79,1,7,5,14
342,20,-3312509276445913515,0,13,13,75,4,6,3,18
343,20,1671232814223333385,0,10,10,62,8,5,5,15
344,20,-8997380063345516340,0,6,6,73,5,4,2,7
345,20,7066319119836090969,0,13,13,73,4,7,5,17
346,20,2051562411276173924,0,14,14,71,7,3,1,7
347,20,6633696047227603601,0,13,13,76,5,4,2,9
348,20,8053753224416136828,0,8,8,69,7,2,2,4
349,20,8081798847255029519,0,8,8,83,5,3,1,6
350,20,1686173169983516607,0,13,13,76,4,4,3,9
351,20,-6741191890070349471,0,16,16,80,1,7,4,15
352,20,7551669735035125690,0,13,13,78,4,6,3,12
353,20,817322641040841207,0,10,10,72,5,9,6,26
354,20,-7681608518701036626,0,11,11,76,1,4,2,10
355,20,6813244192803531545,0,9,9,74,1,5,2,12
356,20,-799567251315813721,0,15,15,70,2,4,2,8
357,20,6463463733073614618,0,13,13,82,1,7,4,8
358,20,-3603365709834776371,0,5,5,79,2,8,4,14
359,20,-7475064080194904626,0,5,5,74,3,4,1,9
360,20,-7141271899617235975,0,14,14,73,2,4,2,6
361,20,-3645313680115038920,0,11,11,73,6,4,3,9
362,20,-813606537018452598,0,7,7,64,8,2,2,4
363,20,6077188741552898440,0,16,16,77,4,5,3,12
364,20,-5889240790349597319,0,11,11,74,5,2,1,5
365,20,8460047888651790403,0,7,7,78,3,6,4,13
366,20,5811333872113808043,0,15,15,82,1,6,5,11
367,20,9061771253406507715,0,7,7,81,2,7,4,13
368,20,718880064193883270,0,10,10,74,5,3,2,7
369,20,-5732102379876084766,0,6,6,75,1,4,1,11
370,20,6742280374751132102,0,9,9,68,4,6,3,16
371,20,5181125386420020466,0,11,11,80,5,5,3,11
372,20,-834104396270075759,0,16,16,78,2,6,5,17
373,20,-3132157644125213201,0,8,8,85,1,6,3,11
374,20,-466210819174466616,0,11,11,76,6,2,1,7
375,20,-6446779205686661897,0,14,14,82,7,3,2,6
376,20,-5043496799542115937,0,14,14,74,3,3,1,9
377,20,331600363706155258,0,9,9,76,2,4,1,12
378,20,2632571912175624047,0,11,11,66,7,2,2,8
379,20,7259434726428318637,0,16,16,74,5,4,2,11
380,20,7034773605526970058,0,17,17,80,1,10,5,27
381,20,-2378807064512389437,0,13,13,81,4,3,2,4
382,20,7044002907889436624,0,8,8,75,1,3,1,6
383,20,-7467986275928762273,0,10,10,72,3,3,1,9
384,20,-7710964463403764544,0,11,11,76,2,3,1,7
385,20,-1797319639737052477,0,14,14,70,2,5,3,10
386,20,6648804362421930705,0,8,8,73,3,3,2,9
387,20,-6092895600319714483,0,15,15,73,5,2,1,4
388,20,6677731808203156546,0,18,18,72,5,7,5,15
389,20,-8290431848890866524,0,15,15,70,8,3,2,3
390,20,822470599114602416,0,8,8,75,3,4,1,18
391,20,-440745167956154322,0,5,5,81,3,4,1,9
392,20,5493254706132871335,0,7,7,76,5,6,3,12
393,20,9110007253430282949,0,12,12,78,3,7,3,14
394,20,3828546001588759930,0,15,15,73,6,2,1,7
395,20,954358573689120937,0,7,7,78,6,3,2,5
396,20,4673329353811134038,0,10,10,78,5,6,4,19
397,20,8951106077823315127,0,11,11,71,2,4,1,12
398,20,-2955788004876631659,0,14,14,76,4,6,4,20
399,20,-3074617922874386725,0,9,9,78,2,5,3,13
400,20,-2069238736506574513,0,12,12,70,2,6,3,15
401,20,5142285657910056386,0,15,15,77,2,6,2,15
402,20,-5718166377548646857,0,17,17,68,4,4,2,12
403,20,-2871135245862434860,0,4,4,78,2,6,2,17
404,20,-5470290219754087517,0,11,11,72,5,5,3,14
405,20,6513239277378205537,0,14,14,70,7,1,1,1
406,20,-1937526650582908692,0,18,18,73,1,4,2,11
407,20,4053606368753870361,0,16,16,73,2,3,2,5
408,20,-8685931211186045961,0,7,7,74,2,3,1,10
409,20,753476599907605441,0,17,17,75,2,13,8,37
410,20,7629449046163267860,0,13,13,78,3,10,6,21
411,20,-7165006901954417628,0,11,11,68,1,5,3,13
412,20,-278983357706912762,0,10,10,75,4,4,1,10
413,20,6679654565873428551,0,6,6,72,7,2,1,7
414,20,-4190755768947603870,0,8,8,77,1,4,2,8
415,20,8738829291820281567,0,8,8,78,3,4,1,6
416,20,-6408956391818137828,0,11,11,76,1,8,5,21
417,20,6080893915112984583,0,12,12,70,4,3,1,7
418,20,8338116970483255134,0,19,19,72,2,5,3,13
419,20,-765449995369154515,0,3,3,71,4,5,3,13
420,20,7206399308001339547,0,13,13,74,5,3,2,10
421,20,-4702905487158716851,0,10,10,69,2,4,2,9
422,20,1597001207848986596,0,9,9,73,1,4,2,12
423,20,-5991885943191703198,0,7,7,73,4,4,3,14
424,20,8732933234154285690,0,12,12,70,7,2,2,6
425,20,-8548631991035879144,0,13,13,74,2,5,3,11
426,20,-8215727050752168029,0,1,1,79,4,2,1,5
427,20,-2619328012761457211,0,6,6,70,1,3,1,11
428,20,182458834583790529,0,15,15,66,4,4,3,15
429,20,-9162346926953260134,0,4,4,80,6,5,3,14
430,20,-1369199353322860385,0,1,1,81,1,8,5,18
431,20,1299309702837331221,0,12,12,72,1,6,4,13
432,20,7441283111589658382,0,13,13,77,2,2,1,7
433,20,-1384188605853914951,0,8,8,78,1,5,3,5
434,20,3640669997955440048,0,12,12,69,8,1,1,4
435,20,7981275472775572993,0,10,10,72,5,3,2,7
436,20,8283764711150764307,0,7,7,74,3,6,4,14
437,20,-2352370805791922799,0,9,9,84,2,8,4,19
438,20,-5147310076202069759,0,10,10,80,4,5,1,14
439,20,-9201325968796251985,0,9,9,74,1,5,2,11
440,20,655144395457361685,0,12,12,69,7,3,1,7
441,20,3908628233485368304,0,11,11,83,2,4,1,9
442,20,4259219119874400913,0,14,14,72,5,3,3,5
443,20,6492006978787436854,0,9,9,75,4,4,2,5
444,20,5824038880760083823,0,9,9,69,2,4,2,11
445,20,4287545667298051289,0,10,10,74,3,2,1,5
446,20,7863954918594178741,0,9,9,74,4,5,3,9
447,20,2259789538798252579,0,8,8,71,4,2,1,5
448,20,-6583220104838502899,0,5,5,72,3,6,4,14
449,20,-8309676404741965054,0,9,9,79,1,5,2,19
450,20,2397235078220737684,0,19,19,76,1,9,5,27
451,20,4699390104985784056,0,9,9,75,3,7,4,18
452,20,-8655620574724659470,0,9,9,71,3,2,1,2
453,20,8012186223757638997,0,12,12,71,3,4,1,10
454,20,2749848532295906474,0,12,12,70,6,3,2,11
455,20,-1013635701383389528,0,10,10,83,3,4,3,6
456,20,7094131107054975154,0,14,14,77,2,4,2,8
457,20,67079307814084979,0,7,7,71,6,4,3,16
458,20,1802229122610337605,0,15,15,72,5,4,2,10
459,20,-2622746272502387171,0,14,14,72,7,4,2,10
460,20,-3949227922422858504,0,13,13,72,3,2,1,4
461,20,-4289042721400056276,0,13,13,75,1,6,3,16
462,20,-7289428355998612725,0,11,11,80,3,4,2,10
463,20,-241695527116750157,0,17,17,73,1,6,4,9
464,20,-6364886391143316223,0,6,6,79,2,8,6,20
465,20,-2273530337300556280,0,14,14,77,2,4,2,11
466,20,-8688392759291413645,0,16,16,77,3,5,4,9
467,20,-6279954669395217222,0,10,10,76,1,4,2,12
468,20,-5304247503455899616,0,17,17,70,1,10,6,23
469,20,708007719791634881,0,9,9,69,1,4,2,14
470,20,505129841863794503,0,11,11,80,3,7,3,13
471,20,1287486904444099063,0,10,10,72,5,3,2,5
472,20,5096072508755630648,0,16,16,72,3,6,4,12
473,20,8742498532144020167,0,17,17,75,2,6,3,14
474,20,-7625610483566936280,0,3,3,77,2,4,1,12
475,20,7380182592402866211,0,14,14,76,3,6,3,11
476,20,-7781326526565967291,0,9,9,66,5,3,2,15
477,20,8945088625879987643,0,10,10,80,4,7,5,14
478,20,7601489115278246922,0,15,15,76,3,2,1,4
479,20,-8388658742111897749,0,14,14,75,1,6,4,10
480,20,8620979480002941139,0,12,12,72,1,5,3,10
481,20,2924365767143193844,0,1,1,78,1,8,5,12
482,20,-1953688382615706189,0,11,11,70,2,3,2,8
483,20,-5771253704239338258,0,15,15,78,1,3,1,9
484,20,-7778348975659547003,0,6,6,72,2,6,3,21
485,20,9190655018936085245,0,11,11,68,1,9,7,21
486,20,4091395485076812097,0,10,10,73,3,3,2,10
487,20,8955899908250686786,0,13,13,75,1,3,1,6
488,20,-3961763867478205808,0,14,14,67,5,2,1,3
489,20,-3767739475351788267,0,15,15,69,5,2,1,6
490,20,-7390507330521440351,0,4,4,75,1,7,4,20
491,20,8271665169127991024,0,14,14,67,2,4,2,13
492,20,691807103339905341,0,16,16,80,5,6,2,14
493,20,6915051682548907437,0,13,13,72,6,3,2,7
494,20,-1214507360614351848,0,16,16,73,1,4,2,12
495,20,2297474915129042164,0,12,12,69,7,4,3,8
496,20,8835966317586977386,0,14,14,73,1,4,1,13
497,20,-1261574111467706642,0,17,17,76,4,8,5,23
498,20,5771867014127409854,0,6,6,69,6,3,2,11
499,20,2215001555593705790,0,11,11,69,6,2,1,8
500,20,1631183689968052234,0,16,16,74,3,5,2,8
501,20,-7895992092184021712,0,9,9,69,2,2,1,5
502,20,1090010200436399870,0,11,11,65,7,4,2,9
503,20,-7666429517588455629,0,11,11,70,5,4,3,12
504,20,-963728968369320800,0,4,4,77,3,6,3,15
505,20,5625747461391298948,0,16,16,75,7,8,6,19
506,20,-6007433476670008808,0,8,8,79,1,5,3,14
507,20,-4943281702996779476,0,7,7,73,1,4,2,14
508,20,-6558658218656286264,0,12,12,72,1,8,5,22
509,20,3468304562144377900,0,13,13,70,4,3,1,12
510,20,-9122018711400068705,0,9,9,78,3,3,1,8
511,20,3167657053855978485,0,10,10,75,2,9,7,20
512,20,4502928103781623471,0,8,8,72,8,4,3,14
513,20,-8479868467629211875,0,2,2,76,2,5,2,17
514,20,-8272831089411465732,0,7,7,73,1,6,2,12
515,20,5528419593055883088,0,10,10,73,1,5,3,13
516,20,-4946096044363225450,0,16,16,77,1,7,3,20
517,20,-6602694869557219196,0,7,7,75,6,4,3,12
518,20,7860098468719243497,0,12,12,73,2,3,1,8
519,20,-4059373647691924880,0,1,1,70,1,8,5,18
520,20,-3422683990109087918,0,5,5,80,1,4,1,9
521,20,2191833176427652414,0,8,8,77,2,5,2,8
522,20,2320977485372998646,0,11,11,70,2,4,2,13
523,20,3372472370515219838,0,16,16,69,4,5,4,16
524,20,9196961642534035407,0,0,0,76,2,5,2,13
525,20,-4174276368278457506,0,11,11,70,2,6,3,18
526,20,-1490086673694351609,0,13,13,83,2,7,5,18
527,20,3359944516664099096,0,6,6,74,2,5,3,8
528,20,-1519119564038422904,0,4,4,71,3,4,2,14
529,20,-449277456985955157,0,5,5,74,1,4,1,9
530,20,6780643421540107987,0,9,9,72,5,3,1,10
531,20,5924391909141584077,0,3,3,76,1,7,3,18
532,20,8585930323063154705,0,10,10,72,3,6,3,15
533,20,-3009956243572934369,0,15,15,74,1,4,2,5
534,20,3993718459332363111,0,11,11,73,1,5,3,13
535,20,4606419796508958114,0,13,13,75,1,6,3,18
536,20,7622991739202647438,0,15,15,69,3,5,2,14
537,20,5915879600702503273,0,8,8,77,2,2,1,7
538,20,-6349218183755991390,0,2,2,77,3,3,1,4
539,20,-9086540292151381872,0,7,7,73,4,2,1,6
540,20,-3007621923965492423,0,15,15,76,5,6,4,16
541,20,2020590165834619244,0,9,9,71,2,6,4,16
542,20,4341795819650122423,0,12,12,72,1,11,7,29
543,20,7047391059534322947,0,16,16,76,1,6,3,12
544,20,-2565509465519120673,0,14,14,78,2,6,4,15
545,20,-8653051245477401922,0,9,9,75,7,2,1,3
546,20,-8379104972864094035,0,3,3,74,4,5,4,7
547,20,1982502622682297180,0,11,11,83,1,6,3,10
548,20,-1158146048972036508,0,10,10,71,2,8,4,19
549,20,1716943521475895082,0,0,0,80,2,7,3,17
550,20,-6912001651674790174,0,13,13,75,3,3,2,10
551,20,-5859909968547040400,0,9,9,75,4,5,4,11
552,20,2257743539211220538,0,13,13,79,2,4,2,7
553,20,3900783325912324910,0,13,13,72,3,3,2,6
554,20,-1134117603461365884,0,6,6,75,6,5,4,8
555,20,-2064035397229263096,0,3,3,75,5,2,2,8
556,20,1624125300673906670,0,10,10,77,3,3,2,9
557,20,-8812065308697732994,0,10,10,69,1,7,5,16
558,20,-5780653784626049257,0,11,11,73,2,6,4,20
559,20,-6183573279048922017,0,11,11,72,3,8,5,15
560,20,-1712187466088734564,0,8,8,70,1,10,7,28
561,20,-4175816567338788737,0,10,10,82,2,6,3,16
562,20,2883006854819662578,0,11,11,69,3,5,3,12
563,20,-2538731276127981401,0,4,4,78,2,4,2,9
564,20,9138127877884768117,0,17,17,78,1,7,3,12
565,20,-6265045117529938228,0,9,9,79,1,4,1,7
566,20,-3856577742269202495,0,13,13,73,1,5,3,13
567,20,-8703444824833926524,0,5,5,64,7,1,1,5
568,20,-852699686322455488,0,2,2,72,2,6,3,14
569,20,2343581861657226165,0,17,17,67,4,3,2,5
570,20,-5948030483708983292,0,8,8,78,2,13,7,35
571,20,5768996791695729807,0,13,13,80,1,5,2,11
572,20,-729263075550616105,0,12,12,72,5,3,2,6
573,20,-7371227935676969285,0,5,5,73,2,4,3,7
574,20,3353965954389095055,0,10,10,71,3,3,2,11
575,20,5186073235412707284,0,10,10,70,3,5,4,16
576,20,-3920871824556724059,0,10,10,71,3,6,4,11
577,20,6158644969080056086,0,10,10,72,2,9,5,24
578,20,-8563106058492724984,0,9,9,70,8,5,4,11
579,20,7419094898876356180,0,14,14,77,2,6,4,13
580,20,8895267235172984111,0,18,18,72,7,6,4,18
581,20,-8363620574915098577,0,8,8,80,3,3,1,9
582,20,5258381791508727405,0,16,16,72,4,9,5,22
583,20,4687353338123085188,0,10,10,78,4,3,1,6
584,20,4542484101697404552,0,9,9,71,5,3,1,8
585,20,5950062684538421286,0,9,9,78,1,9,5,20
586,20,-6719756618498863733,0,11,11,77,3,5,3,15
587,20,617350330728548556,0,7,7,74,3,4,3,11
588,20,1238229920545614043,0,16,16,74,1,5,2,9
589,20,5490973947136200269,0,9,9,65,3,5,4,14
590,20,-1716042895111245945,0,12,12,78,3,5,2,9
591,20,-3996769956044063734,0,14,14,77,8,2,2,6
592,20,3993520891512639460,0,18,18,70,3,5,3,13
593,20,166748145512450986,0,12,12,72,1,5,2,14
594,20,9058053103947821657,0,6,6,68,8,1,1,2
595,20,-2462161291655913972,0,8,8,82,4,5,2,9
596,20,5778042927352741239,0,8,8,77,2,3,1,6
597,20,7470778025340776313,0,16,16,73,1,6,4,16
598,20,-922914274036021428,0,16,16,75,1,4,2,8
599,20,1880401453447469849,0,16,16,71,5,6,3,11
600,20,4965927256785733624,0,11,11,68,5,3,2,5
601,20,7797723438811046312,0,10,10,73,1,6,5,11
602,20,2536152855971783040,0,11,11,69,1,3,1,11
603,20,-6374297127422597271,0,4,4,69,1,3,1,6
604,20,-7666589740181892894,0,11,11,78,2,5,3,9
605,20,-5008688377284813478,0,9,9,78,3,7,3,25
606,20,-8778520098460427160,0,9,9,75,2,6,3,16
607,20,-5107018797172291160,0,14,14,73,1,5,3,16
608,20,2562834987466167105,0,10,10,74,3,4,2,9
609,20,-5808763365851307163,0,9,9,67,3,4,2,10
610,20,4153853966842032717,0,3,3,72,1,9,6,25
611,20,5680031095572755831,0,7,7,65,2,4,2,10
612,20,-2924816978135219657,0,5,5,75,7,4,3,13
613,20,6686015133283433683,0,16,16,77,3,8,5,22
614,20,-7679288335379758392,0,11,11,77,5,5,2,14
615,20,-2747723841879853589,0,11,11,73,1,4,2,9
616,20,4358325120334329722,0,14,14,75,3,6,3,11
617,20,-1129544715355091611,0,15,15,75,8,2,2,8
618,20,-8409524851261757108,0,11,11,76,3,7,3,15
619,20,6427127429581613068,0,7,7,75,3,5,3,11
620,20,8236277473930342868,0,9,9,76,1,6,3,16
621,20,2848785449183786507,0,14,14,66,3,3,2,12
622,20,8626997488584336282,0,11,11,74,4,7,5,22
623,20,-7308515258248018600,0,14,14,73,1,5,3,15
624,20,-6722911480423832670,0,10,10,74,2,5,3,12
625,20,-7856483833668040851,0,5,5,76,3,7,5,14
626,20,8978738451720472650,0,16,16,68,2,4,2,11
627,20,-6265477635242770883,0,0,0,65,4,5,3,19
628,20,-9097117299982184106,0,1,1,76,1,6,3,10
629,20,5339019673633817701,0,12,12,77,3,4,1,9
630,20,-502036819416806071,0,16,16,71,1,4,2,10
631,20,1561971706495820962,0,6,6,84,1,7,3,16
632,20,4227131803367833590,0,8,8,75,1,6,3,13
633,20,6488321475945100419,0,7,7,81,5,3,1,5
634,20,3716572881105624661,0,16,16,68,2,5,3,8
635,20,-5494099562871396769,0,8,8,68,2,3,1,8
636,20,-7839981341878619238,0,14,14,72,4,4,2,12
637,20,-6229012718151743864,0,9,9,72,1,7,4,24
638,20,-2978443752059747453,0,7,7,75,5,4,2,12
639,20,-7640069707987232832,0,8,8,72,1,6,3,16
640,20,-189984639016206863,0,8,8,76,2,3,2,5
641,20,4946257041899733739,0,3,3,75,2,7,2,13
642,20,8138681787831965626,0,3,3,72,1,6,4,17
643,20,-7623752017310806522,0,10,10,72,1,9,6,19
644,20,-4224969475637896003,0,1,1,73,3,4,2,12
645,20,204985370822053463,0,4,4,73,2,2,1,6
646,20,-4194619193996013770,0,12,12,74,3,7,4,14
647,20,8490203674349717990,0,15,15,76,4,2,1,7
648,20,-8638696633206347694,0,7,7,71,7,5,3,14
649,20,4835106508989037611,0,11,11,74,4,3,2,5
650,20,6648830967865822725,0,9,9,69,6,4,3,11
651,20,-5700860634815221240,0,13,13,73,1,5,2,9
652,20,-6575713810337443301,0,11,11,72,4,3,2,10
653,20,619190220508180728,0,9,9,78,4,5,2,17
654,20,7301667116721720973,0,9,9,75,1,5,2,17
655,20,8242008095891398025,0,5,5,73,2,5,3,13
656,20,7635364343554618133,0,10,10,70,2,4,2,11
657,20,2025685544460719367,0,9,9,79,3,3,1,11
658,20,-4329622861373073404,0,14,14,72,1,6,3,13
659,20,-5438836071455871367,0,15,15,76,2,4,1,12
660,20,6210266950577433171,0,10,10,72,4,2,1,8
661,20,-737200404888611119,0,1,1,75,3,4,2,7
662,20,-4878756662982392585,0,3,3,67,3,3,2,6
663,20,8920886268423552094,0,8,8,79,4,7,3,19
664,20,-2324307382672929928,0,19,19,82,3,3,1,5
665,20,1954913086004804997,0,11,11,77,2,5,2,8
666,20,-7932264662440699452,0,9,9,78,3,5,3,12
667,20,5198551810820542127,0,11,11,73,5,2,1,6
668,20,-2257887682256921280,0,14,14,69,4,3,2,8
669,20,5626471401692564357,0,17,17,71,5,2,1,6
670,20,2697373206631541535,0,3,3,68,1,3,1,7
671,20,5441517379930580826,0,11,11,74,2,5,2,13
672,20,-1168719844135278601,0,10,10,75,4,3,2,10
673,20,6991120936320905449,0,10,10,72,4,3,2,12
674,20,8557586989733303441,0,17,17,71,3,8,5,20
675,20,-5638650774096782017,0,13,13,71,2,6,3,14
676,20,-6400752778337954816,0,4,4,82,3,4,1,7
677,20,-4240623976175989254,0,7,7,77,1,4,1,10
678,20,-3937985564545138956,0,16,16,73,2,5,2,15
679,20,5294667334917359283,0,3,3,80,4,4,2,8
680,20,1600794599869634639,0,12,12,78,1,5,2,8
681,20,-1153470376203876936,0,8,8,82,4,8,6,17
682,20,793572195422091000,0,12,12,75,2,4,2,9
683,20,3057293731646731262,0,15,15,66,4,3,2,11
684,20,7186387117676820719,0,15,15,72,7,4,2,12
685,20,-8832646481396522923,0,13,13,77,1,8,4,22
686,20,573150642495198114,0,8,8,77,3,5,2,16
687,20,-8542329088232195619,0,5,5,76,3,3,1,8
688,20,-937582461077236354,0,13,13,71,1,5,2,16
689,20,-3763007203866378824,0,11,11,75,1,5,3,12
690,20,-1665919282313794360,0,17,17,75,3,3,2,11
691,20,-4103793045378020352,0,12,12,74,6,2,1,5
692,20,3789201073447339948,0,11,11,69,1,3,1,8
693,20,5756727727777323003,0,11,11,75,4,6,4,13
694,20,8238891411495018902,0,11,11,66,8,1,1,2
695,20,-1635595208993380467,0,8,8,67,1,2,1,8
696,20,-6164135865759968832,0,8,8,79,2,4,1,11
697,20,-4100362900003531282,0,9,9,70,4,7,4,19
698,20,9125143586066968331,0,9,9,82,4,4,3,9
699,20,2191588464847179164,0,1,1,71,4,3,1,10
700,20,-8322353781072388845,0,9,9,75,2,7,4,16
701,20,3281640547462770065,0,13,13,77,1,5,1,10
702,20,3892692370344515197,0,13,13,69,6,1,1,3
703,20,-7399693291743179336,0,6,6,75,2,6,3,16
704,20,-1610791526232962926,0,11,11,81,1,6,2,14
705,20,-2927663709528615267,0,7,7,75,6,5,3,13
706,20,-7281611839672380399,0,8,8,79,1,7,4,12
707,20,1583135794432778340,0,9,9,76,6,3,2,9
708,20,1674279721760311104,0,10,10,71,6,2,1,7
709,20,-6082288165486424836,0,12,12,73,6,3,2,13
710,20,1917131537105642820,0,3,3,87,2,5,2,10
711,20,-7530555278359391852,0,7,7,73,4,3,2,6
712,20,-4672151539449229646,0,7,7,73,4,3,1,7
713,20,555994956041708365,0,10,10,76,3,6,3,12
714,20,-858479477806375067,0,8,8,71,5,6,3,18
715,20,9079781933193493296,0,15,15,75,2,7,4,21
716,20,-2082298428142365295,0,12,12,72,2,6,4,15
717,20,-2631853359219137183,0,7,7,78,7,3,2,6
718,20,8272108122645894680,0,9,9,71,4,3,2,13
719,20,-1804644792757170283,0,16,16,79,2,5,3,9
720,20,-5064672959663660516,0,14,14,75,2,5,2,13
721,20,7219511737277237953,0,10,10,75,5,4,1,7
722,20,3101419038066758100,0,8,8,80,1,5,2,11
723,20,7377788135683617811,0,7,7,70,3,3,2,8
724,20,6970640389417347235,0,9,9,75,2,4,1,16
725,20,-8098276914537826011,0,18,18,73,6,3,3,8
726,20,-6784287251333163418,0,13,13,77,2,7,4,12
727,20,-8341414928140162192,0,11,11,73,2,3,1,7
728,20,-193981059351578099,0,2,2,78,3,4,2,8
729,20,8525489991394072318,0,10,10,65,1,9,7,26
730,20,829276838110460268,0,10,10,80,1,5,2,7
731,20,6109414502816862307,0,6,6,79,2,7,5,18
732,20,717373498097271379,0,11,11,70,4,3,2,5
733,20,-8219475623683346963,0,12,12,79,2,5,2,11
734,20,1611192206832666843,0,12,12,72,1,7,4,19
735,20,-7515601645813833702,0,9,9,71,5,2,1,9
736,20,4616027628173645570,0,14,14,70,2,3,1,6
737,20,3159937691045338442,0,15,15,71,1,5,3,11
738,20,704969445051236730,0,6,6,69,5,4,2,12
739,20,-4219457174414863179,0,8,8,75,3,8,6,19
740,20,-4555937777064946243,0,9,9,77,4,6,4,12
741,20,-5681405390757585762,0,13,13,79,5,2,1,3
742,20,-2630460332156054172,0,15,15,72,1,9,5,26
743,20,-4114903090789658680,0,17,17,73,2,3,1,5
744,20,-2330373555703934279,0,6,6,72,1,6,3,14
745,20,4673908465503604265,0,12,12,72,2,5,3,9
746,20,4578111394877702794,0,5,5,85,3,2,1,6
747,20,-6957574278587181859,0,12,12,71,2,5,2,12
748,20,4003786049401558848,0,7,7,73,7,3,2,5
749,20,3592986233089040733,0,11,11,69,3,3,2,10
750,20,2419619277793114415,0,5,5,73,8,2,1,5
751,20,-8792027644306631696,0,7,7,70,2,7,5,22
752,20,-9189503949451792338,0,18,18,73,2,6,2,22
753,20,-8790022744064735904,0,3,3,77,5,4,3,10
754,20,7527975708339589738,0,7,7,75,2,6,3,15
755,20,-8827203254327786511,0,4,4,72,2,4,1,8
756,20,-911420653835056009,0,8,8,72,2,6,4,12
757,20,-8047784705244206194,0,9,9,71,1,6,3,14
758,20,6851519547912541863,0,3,3,74,1,3,1,7
759,20,6497175321026858309,0,5,5,70,1,3,1,10
760,20,-1781767952397210721,0,7,7,75,1,7,2,15
761,20,-7194196643684967947,0,10,10,72,6,9,7,26
762,20,-6924096408651377626,0,0,0,72,2,10,7,28
763,20,3188143530024043590,0,7,7,70,2,4,3,9
764,20,-5097771795945448384,0,11,11,72,4,3,2,6
765,20,-2879779816402793000,0,13,13,76,6,5,4,11
766,20,-1512512430590179973,0,15,15,68,1,4,2,9
767,20,-137734319784184898,0,13,13,76,1,4,1,8
768,20,-97253082904982904,0,9,9,69,3,3,1,4
769,20,-130114716305478099,0,12,12,73,1,8,5,22
770,20,-2290761710654142452,0,14,14,76,1,3,2,11
771,20,2239006509502019440,0,14,14,73,1,7,5,14
772,20,8651133502603861688,0,1,1,72,2,9,7,25
773,20,3903283307883040287,0,13,13,73,2,6,3,15
774,20,3577880227487621783,0,2,2,72,3,8,5,13
775,20,-5093040269901207921,0,4,4,77,9,1,1,1
776,20,4107852913113443238,0,10,10,77,6,3,2,11
777,20,8225596696272879500,0,8,8,80,1,6,3,17
778,20,-8853890235031118935,0,9,9,71,6,2,1,2
779,20,-7173034446263890363,0,7,7,70,1,4,1,10
780,20,-76374265160749764,0,14,14,76,2,3,1,7
781,20,1988824082467927431,0,11,11,72,2,3,2,5
782,20,-1962233599402074073,0,10,10,72,5,1,1,5
783,20,-4913695286534046674,0,9,9,68,4,5,3,11
784,20,-4594394905922447625,0,10,10,70,2,6,5,11
785,20,4222444361552426711,0,3,3,74,2,4,2,10
786,20,5911613344523860425,0,10,10,73,5,5,3,18
787,20,8271804960806803674,0,10,10,69,3,3,2,7
788,20,1320267479660524136,0,12,12,70,3,4,3,6
789,20,7194103254041518199,0,9,9,73,6,8,6,15
790,20,-4026641994589874790,0,14,14,68,3,5,2,20
791,20,-8764551643818143154,0,13,13,80,2,3,1,5
792,20,2596527542970092982,0,16,16,73,3,2,1,5
793,20,-6826919594218997740,0,10,10,76,3,6,3,23
794,20,-4823079973850850694,0,18,18,71,2,7,5,16
795,20,489730088253757059,0,10,10,68,4,3,2,7
796,20,-5773421119804311013,0,12,12,81,2,6,3,14
797,20,4155261230267338386,0,13,13,79,4,8,4,19
798,20,-330164777305796708,0,9,9,78,2,3,1,6
799,20,-6256768559648825882,0,12,12,74,5,6,4,13
800,20,8633697779525851747,0,11,11,75,4,2,1,3
801,20,-5481153512862682489,0,12,12,68,1,4,2,9
802,20,-9217557798315830520,0,14,14,78,1,5,2,9
803,20,-1416435549025876521,0,11,11,75,4,3,2,5
804,20,-7878232968117780112,0,16,16,74,3,10,7,23
805,20,-5580272034045529409,0,10,10,76,1,3,1,5
806,20,-2114092845510090726,0,6,6,81,1,6,3,10
807,20,7008773506911189802,0,8,8,72,7,3,3,5
808,20,1249416590871421112,0,8,8,67,2,3,2,8
809,20,5525289587461976246,0,13,13,73,1,6,4,18
810,20,-5720267782895475199,0,17,17,73,7,3,2,5
811,20,-4979661588885277527,0,2,2,77,2,6,3,12
812,20,5218731115621893829,0,17,17,70,2,3,1,6
813,20,6475334729444770593,0,9,9,76,3,3,1,10
814,20,997950650801794625,0,7,7,79,8,2,2,6
815,20,-2441883868180677233,0,7,7,77,2,8,5,16
816,20,6406274821311802804,0,14,14,70,4,4,1,8
817,20,-4738992337090729883,0,12,12,71,5,4,3,6
818,20,-2330831161671281871,0,2,2,75,3,5,3,7
819,20,460802687263215630,0,11,11,78,2,4,2,9
820,20,7564158801102363063,0,13,13,74,6,3,2,7
821,20,2648120257888651550,0,7,7,70,1,3,1,6
822,20,-4532208821077834114,0,10,10,68,9,3,3,7
823,20,4043394766966587338,0,3,3,73,6,3,1,8
824,20,6646346769445488531,0,8,8,76,3,4,2,11
825,20,-4775130822827210086,0,8,8,82,1,6,2,12
826,20,166594811644143527,0,10,10,75,1,3,1,7
827,20,-6505933228395760548,0,4,4,78,2,5,2,12
828,20,-4554272596639978718,0,16,16,84,2,6,3,11
829,20,-8652608511541776036,0,18,18,75,6,1,1,3
830,20,-132218690150864258,0,8,8,77,1,5,1,14
831,20,7003117984512308177,0,13,13,78,2,4,1,9
832,20,1512063312311877075,0,14,14,69,1,5,3,17
833,20,7110199232971985817,0,8,8,73,8,2,1,8
834,20,2624218924945329581,0,13,13,75,1,2,1,8
835,20,-5795661303037149911,0,4,4,76,4,7,4,21
836,20,9204180384875420965,0,11,11,75,1,3,1,9
837,20,-6334501830604252226,0,8,8,72,2,3,1,8
838,20,3480148326006513967,0,14,14,78,2,11,7,24
839,20,-7469441834072739112,0,11,11,64,3,4,2,13
840,20,-7791341947657881297,0,14,14,72,1,2,1,6
841,20,6208533372828539624,0,11,11,84,1,6,4,11
842,20,2736270323286269138,0,10,10,73,5,3,2,8
843,20,-2953661748661283513,0,6,6,74,1,3,1,6
844,20,-4840264240840944869,0,10,10,75,3,6,3,13
845,20,-2433187147262170262,0,16,16,75,3,5,3,8
846,20,-2625617452749781316,0,12,12,70,3,4,2,11
847,20,2972901159648906580,0,0,0,76,3,8,4,19
848,20,-9115585146415477849,0,15,15,73,3,5,2,10
849,20,-8474167496347032757,0,15,15,77,3,9,6,26
850,20,324834713615739363,0,7,7,72,5,3,3,7
851,20,1179732107970774734,0,14,14,71,6,2,1,7
852,20,-2283476506104036957,0,13,13,66,2,5,3,16
853,20,618605415004559045,0,7,7,72,1,7,3,17
854,20,-1116525566358037357,0,17,17,67,4,7,5,19
855,20,-9157767488421831942,0,11,11,75,3,3,2,8
856,20,-6504065248216170379,0,16,16,72,1,5,3,7
857,20,1402250684060756679,0,5,5,72,6,5,3,8
858,20,8166243931981911788,0,16,16,75,4,3,2,6
859,20,-6357000498665043183,0,8,8,79,4,5,3,12
860,20,-4271185767796932968,0,17,17,67,2,4,1,9
861,20,7020514506693261172,0,3,3,67,5,2,1,7
862,20,-6541761074080704158,0,9,9,76,1,9,5,26
863,20,-2292601268234007873,0,12,12,76,1,3,2,8
864,20,7411278621617810456,0,17,17,76,2,8,4,19
865,20,-408510961777870174,0,3,3,79,4,3,2,7
866,20,-5356899636786748613,0,11,11,71,6,3,2,9
867,20,3613240337070889638,0,12,12,75,7,2,1,7
868,20,-6903427084377763561,0,17,17,79,2,6,3,14
869,20,-3125043248384468388,0,12,12,74,1,6,3,21
870,20,-808187802581370604,0,12,12,74,5,4,3,8
871,20,3855847289713324761,0,16,16,77,2,5,3,9
872,20,8154599158035840076,0,18,18,70,5,3,2,9
873,20,2536057287361656673,0,10,10,73,5,4,4,10
874,20,2713352589099154269,0,10,10,80,2,7,4,17
875,20,121986182723566945,0,3,3,73,1,5,2,12
876,20,492120859338080639,0,5,5,74,3,4,2,9
877,20,932965167853211554,0,13,13,71,1,3,1,6
878,20,2749490683366280408,0,3,3,69,3,6,4,14
879,20,-1835400132900085572,0,10,10,75,1,5,2,12
880,20,-544532904998189042,0,7,7,75,1,10,6,28
881,20,-6917033186577616696,0,10,10,72,3,10,7,28
882,20,-6676749848310281954,0,14,14,68,4,4,2,11
883,20,504570887083367000,0,9,9,73,4,6,3,13
884,20,-7546766209561466516,0,11,11,73,4,7,5,15
885,20,-5613479591278085461,0,11,11,70,4,4,3,8
886,20,-333886308814157030,0,13,13,72,3,5,2,11
887,20,-7872283810477020899,0,11,11,78,7,3,1,7
888,20,4889644907610627996,0,18,18,73,1,8,4,20
889,20,599548626099171804,0,6,6,74,1,5,2,14
890,20,-979640624624254068,0,9,9,69,1,3,2,6
891,20,5155796667806582752,0,10,10,74,4,4,3,11
892,20,2476665614246085562,0,13,13,71,3,2,1,3
893,20,-8027088702960836068,0,12,12,72,1,4,2,11
894,20,7649995767197802375,0,11,11,76,3,4,1,9
895,20,1747196730047461361,0,11,11,76,6,3,1,8
896,20,8477188296496929906,0,12,12,71,1,4,2,12
897,20,-5808987217060802333,0,16,16,84,2,9,6,18
898,20,-2457112558039695629,0,16,16,80,1,4,1,11
899,20,5965616054099352462,0,11,11,73,1,3,1,6
900,20,6848939474762382471,0,15,15,67,6,6,5,15
901,20,-6601415996160262182,0,15,15,76,5,4,2,8
902,20,-68922840897209588,0,11,11,77,3,6,3,14
903,20,7159214853873655917,0,10,10,73,5,5,2,10
904,20,-4657349968775368370,0,15,15,75,1,6,3,16
905,20,-3350441459732316319,0,10,10,69,6,4,2,10
906,20,8131148341427371233,0,12,12,69,8,1,1,1
907,20,6825586665887939126,0,9,9,70,1,7,4,17
908,20,8879440991739560240,0,16,16,81,2,5,2,8
909,20,4550691673206935818,0,16,16,66,1,5,2,14
910,20,5450552045637821398,0,6,6,71,3,4,3,13
911,20,-3287025016480240377,0,12,12,71,5,3,2,6
912,20,8346174039730944556,0,12,12,74,8,3,2,6
913,20,1273047588930411036,0,10,10,64,2,5,4,13
914,20,-4418513396402947038,0,14,14,72,2,7,3,15
915,20,-791457963442133010,0,13,13,72,1,8,4,30
916,20,1942771417557356626,0,16,16,78,4,6,5,11
917,20,-4358639224225929711,0,9,9,72,5,2,2,2
918,20,111621447588283730,0,15,15,67,1,3,1,4
919,20,3916994937685176178,0,9,9,74,1,5,3,12
920,20,-6367999184089887671,0,10,10,70,1,4,2,10
921,20,-2274042634679846632,0,14,14,71,3,6,4,19
922,20,1778144181136820420,0,14,14,73,3,6,4,12
923,20,6456304274742237195,0,9,9,70,4,2,1,4
924,20,-7588905468831430198,0,12,12,77,3,8,4,18
925,20,-5917230197456325997,0,10,10,77,1,3,1,6
926,20,-7314044793876955091,0,13,13,85,2,7,3,13
927,20,-5060935943969533787,0,16,16,77,2,6,3,10
928,20,5862586573937673762,0,7,7,76,3,3,1,6
929,20,-6548096243369410662,0,6,6,75,1,5,2,14
930,20,6713037904953920532,0,12,12,71,6,4,2,7
931,20,1427301075538689314,0,14,14,69,1,6,3,19
932,20,-8532264004061675852,0,17,17,79,3,5,3,10
933,20,-2006012116514529929,0,15,15,72,2,3,1,12
934,20,-5840885685564491180,0,7,7,78,1,6,2,8
935,20,3913393184130638037,0,13,13,75,4,2,1,6
936,20,1905907169395285877,0,10,10,64,3,7,4,21
937,20,-4454314930156213208,0,10,10,70,2,4,2,10
938,20,3292537267123379358,0,8,8,73,4,4,2,13
939,20,4829725669912975623,0,4,4,71,1,8,5,22
940,20,85444404320780654,0,11,11,71,8,1,1,2
941,20,-8851982633404624671,0,10,10,75,2,3,1,9
942,20,6631728651434028788,0,6,6,67,3,2,1,5
943,20,-4417045326521047179,0,10,10,76,4,5,4,15
944,20,5881705996884769086,0,1,1,82,2,2,1,6
945,20,-3608538843761088377,0,12,12,68,9,2,2,4
946,20,78766780709244463,0,9,9,77,5,8,5,20
947,20,-6351966363755492144,0,12,12,74,1,8,5,21
948,20,-2382334886316001899,0,7,7,82,1,3,1,6
949,20,-5708967194040972747,0,7,7,80,7,5,3,11
950,20,6484214771448348283,0,12,12,71,2,6,5,12
951,20,-9118891025772547268,0,9,9,69,1,5,2,17
952,20,-5761906694678565446,0,5,5,77,5,2,2,6
953,20,-7461376367919392325,0,14,14,74,3,4,3,7
954,20,2766036825642385878,0,7,7,71,4,6,3,22
955,20,-8447980701651293999,0,9,9,74,3,4,2,10
956,20,4403096252583174150,0,11,11,75,1,8,5,21
957,20,143774754669439514,0,2,2,71,8,7,6,19
958,20,-6641775465730408812,0,14,14,78,1,10,6,20
959,20,-455879772917634531,0,8,8,78,3,4,2,10
960,20,-2160276858021289881,0,15,15,71,5,4,2,7
961,20,-2888376958802956279,0,6,6,79,1,10,5,15
962,20,-7088795349768948258,0,6,6,75,4,4,3,10
963,20,-1633618206112039775,0,8,8,66,2,5,2,19
964,20,-1752422861594364194,0,12,12,72,6,5,4,8
965,20,-5505120117921741709,0,12,12,76,1,4,2,7
966,20,-3347739301918488018,0,17,17,69,2,8,5,13
967,20,-9012619734774884017,0,13,13,74,1,6,4,16
968,20,323256161141984769,0,14,14,80,6,5,3,11
969,20,-7785039618417985801,0,15,15,80,3,3,1,8
970,20,835429443500234196,0,11,11,77,4,4,1,11
971,20,-7860557026053019885,0,3,3,72,1,2,1,7
972,20,4214623409899794810,0,16,16,74,1,10,6,23
973,20,-6293545936533688217,0,11,11,69,4,6,4,16
974,20,-8819186011205643916,0,5,5,70,3,2,1,3
975,20,-8284106416513448633,0,11,11,70,1,5,3,19
976,20,-8649246020755628922,0,5,5,78,5,5,2,14
977,20,-6232834317051517623,0,14,14,79,2,8,5,12
978,20,5291590041945213574,0,11,11,71,8,3,2,9
979,20,2153692596343432764,0,10,10,73,1,6,3,14
980,20,-761921353558337418,0,14,14,79,2,3,1,7
981,20,-3329607183727716263,0,2,2,77,1,8,5,19
982,20,-8147288770007275051,0,13,13,79,2,5,2,9
983,20,-3677107538178786888,0,6,6,73,3,4,3,9
984,20,3047758408352983857,0,8,8,76,1,5,3,14
985,20,-19097507581317883,0,16,16,79,2,5,2,13
986,20,5845874269021112833,0,9,9,75,1,4,2,15
987,20,-2421894982000957581,0,10,10,81,5,5,3,8
988,20,-2894943087567104591,0,13,13,83,1,5,2,9
989,20,-6326687444997273105,0,13,13,77,1,7,5,17
990,20,-6906504183536083459,0,16,16,73,2,3,1,7
991,20,-7515308229624325735,0,7,7,71,1,7,4,19
992,20,-582016864485956991,0,12,12,72,3,5,3,14
993,20,5146392891201211247,0,6,6,71,1,3,1,11
994,20,-8655563619588036719,0,11,11,75,4,2,1,4
995,20,5156644492374579019,0,4,4,73,1,7,5,16
996,20,1439506133565719622,0,14,14,65,1,5,3,14
997,20,-5227798666547100145,0,4,4,69,1,7,4,19
998,20,-4802585894114460200,0,15,15,77,2,8,6,21
999,20,-856790661613719778,0,11,11,76,7,3,1,8
1000,20,-8799678523336260557,0,9,9,75,5,1,1,4
1001,20,6732626489464199437,0,2,2,63,3,6,5,16
1002,20,-6383693105471872061,0,16,16,76,1,6,3,18
1003,20,6942090501196132762,0,10,10,76,1,6,3,14
1004,20,-1456245903900049261,0,4,4,81,2,6,3,13
1005,20,8001095623539871964,0,15,15,77,4,5,3,9
1006,20,-4528614177208504683,0,10,10,75,2,9,5,23
1007,20,3232519856667130812,0,6,6,81,1,5,3,15
1008,20,-3070947293332735165,0,13,13,72,4,4,3,8
1009,20,-6227264637878675037,0,12,12,73,5,2,1,4
1010,20,-4099688373389263770,0,16,16,83,1,5,2,15
1011,20,3799484143829062004,0,16,16,71,1,7,4,12
1012,20,546388151987976244,0,9,9,70,4,5,2,15
1013,20,-5425503919016869444,0,16,16,74,6,7,5,16
1014,20,-7334280756767425888,0,8,8,71,5,2,1,4
1015,20,-1487854572836370392,0,7,7,77,1,7,4,22
1016,20,-7921350234834654226,0,16,16,75,4,3,1,10
1017,20,1345322954173795383,0,4,4,73,3,2,1,5
1018,20,5051020601252199557,0,4,4,76,1,5,2,10
1019,20,7825883824679633199,0,12,12,72,4,3,2,6
1020,20,6342553262767372808,0,12,12,69,1,9,5,24
1021,20,-1114382013210406060,0,9,9,80,7,3,3,7
1022,20,2457785799934845350,0,16,16,78,3,8,5,21
1023,20,2640078587250963543,0,13,13,72,2,3,1,9
1024,20,-7213723181893663823,0,17,17,79,1,5,2,7
1025,20,6980571961143556877,0,9,9,75,4,9,5,21
1026,20,-7552120598419452819,0,10,10,77,1,3,1,4
1027,20,8145965926271322720,0,13,13,79,2,5,3,10
1028,20,-7767888153162758614,0,11,11,87,5,6,4,10
1029,20,-8373528675032075382,0,10,10,82,2,6,3,15
1030,20,-5867165717251741547,0,7,7,80,1,8,3,20
1031,20,7017196028105623423,0,7,7,79,1,6,3,13
1032,20,981637865570421066,0,8,8,74,3,6,3,19
1033,20,2833964429510609834,0,5,5,73,5,9,7,23
1034,20,3439171565144588716,0,16,16,72,2,3,1,10
1035,20,-3951819986674661924,0,3,3,72,2,4,1,9
1036,20,-6567437160864293383,0,12,12,72,2,4,2,12
1037,20,1986119578363253633,0,9,9,76,5,6,4,16
1038,20,-4740795767239644776,0,8,8,74,8,3,2,4
1039,20,3013847871405572116,0,14,14,75,1,5,2,11
1040,20,3534125156674628789,0,9,9,73,1,5,3,14
1041,20,-8213677231885578540,0,14,14,74,8,3,2,3
1042,20,1894384132857736975,0,9,9,68,8,3,2,6
1043,20,-7536098237957035081,0,9,9,73,3,6,4,12
1044,20,-8232834124708441072,0,12,12,76,2,2,1,6
1045,20,-5756235941824694369,0,8,8,79,4,3,1,6
1046,20,7024329728420815901,0,10,10,72,3,4,2,9
1047,20,-7006579475619093557,0,15,15,64,4,2,1,4
1048,20,1277973419003008815,0,11,11,73,1,2,1,6
1049,20,-7718040004484706161,0,15,15,70,4,3,2,6
1050,20,-1272330123340450654,0,3,3,67,1,4,1,8
1051,20,6956968685859447623,0,3,3,67,3,3,1,8
1052,20,-6476810758797419444,0,4,4,75,1,5,2,15
1053,20,149398515905677193,0,8,8,73,6,3,2,10
1054,20,4698909214634003665,0,12,12,77,2,6,4,14
1055,20,-8606922568908566631,0,10,10,70,1,9,6,24
1056,20,-6952420270146356426,0,14,14,68,3,2,1,3
1057,20,-6245539228022167519,0,11,11,73,3,7,5,25
1058,20,3295862173771206579,0,10,10,68,7,2,2,4
1059,20,-8870121851557014751,0,10,10,70,4,2,1,4
1060,20,3557355491176045516,0,8,8,75,2,5,2,10
1061,20,8525540962409209380,0,12,12,77,8,2,2,4
1062,20,7160397908874648994,0,8,8,74,2,4,2,8
1063,20,7286824065203537843,0,9,9,73,1,7,4,17
1064,20,-7959212594357836666,0,7,7,78,1,6,3,16
1065,20,-6431258457189857266,0,9,9,71,6,2,2,4
1066,20,5268970803393915598,0,15,15,71,1,6,3,11
1067,20,1538566038767874329,0,12,12,76,1,5,2,10
1068,20,-6281129708932056852,0,5,5,73,1,9,5,29
1069,20,3578951060319885716,0,12,12,77,1,3,1,6
1070,20,1104480544257746363,0,6,6,73,1,10,6,26
1071,20,4467729507565012879,0,12,12,70,2,6,3,18
1072,20,8865665732806019100,0,8,8,78,2,8,5,25
1073,20,-7234692759496225252,0,15,15,72,2,5,4,15
1074,20,-3731411600496611903,0,9,9,73,1,4,2,11
1075,20,-1390625027696012731,0,1,1,78,2,6,3,13
1076,20,5165594003619277640,0,10,10,74,4,6,3,18
1077,20,-5379394623994582208,0,13,13,82,3,4,3,9
1078,20,8246958171908118923,0,5,5,72,5,4,2,12
1079,20,5718519570339107297,0,17,17,75,2,4,1,7
1080,20,-4421764348571806666,0,11,11,75,3,4,2,11
1081,20,-1474995500087127217,0,5,5,72,1,5,3,12
1082,20,8287834942137273753,0,7,7,78,4,4,3,10
1083,20,3935592405131901690,0,17,17,72,4,3,2,10
1084,20,-6194976305715196994,0,3,3,75,1,7,4,17
1085,20,-4815646941425506356,0,10,10,76,6,3,1,7
1086,20,-1865641546984774978,0,15,15,74,1,6,3,15
1087,20,-3957391563367661410,0,9,9,83,1,10,7,24
1088,20,7884694481219436624,0,9,9,77,2,4,1,13
1089,20,-6349462870896690195,0,14,14,73,5,4,3,9
1090,20,2944201387159952546,0,3,3,84,1,3,1,6
1091,20,-3669692562611245363,0,10,10,75,5,4,2,13
1092,20,-8065869165155703701,0,13,13,73,8,5,4,13
1093,20,6380081103373014813,0,8,8,65,4,2,1,6
1094,20,-570692594130292671,0,10,10,74,4,4,2,7
1095,20,3662340730263868667,0,10,10,84,3,3,1,9
1096,20,-1256848557280387801,0,9,9,74,3,3,1,7
1097,20,3993392136835630970,0,10,10,76,2,6,3,17
1098,20,3630661425974352490,0,6,6,74,2,10,7,24
1099,20,1535177484479201426,0,15,15,74,7,3,2,5
1100,20,1618909533979508908,0,14,14,69,7,4,3,10
1101,20,8588672039814005847,0,12,12,85,1,9,5,22
1102,20,-7614864417222506944,0,4,4,68,2,3,1,8
1103,20,4333138898364090222,0,9,9,77,2,3,1,11
1104,20,7823889092517389497,0,11,11,73,8,2,1,3
1105,20,-6461858829844553540,0,12,12,71,1,3,1,6
1106,20,245135183795667901,0,11,11,75,3,6,4,13
1107,20,4992898705647100511,0,7,7,75,1,6,2,14
1108,20,-803132156746236642,0,14,14,80,2,7,4,13
1109,20,7111210998766505441,0,9,9,67,5,5,3,14
1110,20,-60639127785910742,0,12,12,67,6,3,2,6
1111,20,110211618544097194,0,8,8,80,1,7,3,18
1112,20,3265837904044378690,0,12,12,71,2,7,5,12
1113,20,3997298756161023415,0,12,12,70,1,2,1,5
1114,20,-9106442101546409303,0,15,15,70,1,5,2,13
1115,20,4232390766128543113,0,12,12,70,5,5,4,11
1116,20,-7824476955222763619,0,10,10,67,1,5,2,11
1117,20,-2470855409592109729,0,7,7,72,4,6,4,14
1118,20,6257381151960753835,0,8,8,82,3,5,4,13
1119,20,1126866584603106470,0,16,16,71,1,10,7,19
1120,20,1837698441809709631,0,6,6,68,7,2,1,3
1121,20,1150913194910244784,0,11,11,76,1,5,3,8
1122,20,-5382085539335872902,0,14,14,73,1,2,1,6
1123,20,5518558546344909476,0,10,10,78,2,6,4,14
1124,20,624671482784415560,0,13,13,72,7,5,3,17
1125,20,-2155059096224649291,0,8,8,74,1,5,2,10
1126,20,252182412836336560,0,12,12,81,2,5,2,15
1127,20,-5956705731370150762,0,8,8,76,5,4,3,8
1128,20,-8580812589907707282,0,13,13,85,2,3,1,7
1129,20,1581396057495880493,0,8,8,72,4,2,1,9
1130,20,2939495373913983934,0,7,7,77,2,3,2,3
1131,20,-4608891839008439930,0,9,9,71,2,4,2,11
1132,20,5792586201417180282,0,16,16,66,4,5,3,11
1133,20,3936580981264004362,0,13,13,73,5,3,1,8
1134,20,3495696532348120679,0,18,18,77,3,3,1,11
1135,20,3883119462233781488,0,9,9,77,4,3,1,4
1136,20,-4013690948890076725,0,7,7,73,1,3,1,6
1137,20,6601370413562122226,0,15,15,72,6,6,5,11
1138,20,8640012168829172802,0,9,9,74,1,5,3,12
1139,20,-3884442785674790588,0,7,7,73,5,2,1,5
1140,20,5521702077710551249,0,8,8,69,4,4,2,12
1141,20,6172059121909485761,0,15,15,77,1,5,2,9
1142,20,1889360912056350011,0,10,10,71,4,2,1,6
1143,20,-8348178119472448921,0,11,11,78,2,3,1,6
1144,20,706940743621812371,0,7,7,82,1,6,3,16
1145,20,-5792977493938734843,0,15,15,72,2,4,2,14
1146,20,-3439520525144486126,0,14,14,70,4,4,2,4
1147,20,5086615683744071730,0,10,10,73,2,6,3,15
1148,20,7056384772072918826,0,18,18,78,7,5,4,13
1149,20,6727570627528520065,0,15,15,68,2,6,4,18
1150,20,221023395596049370,0,6,6,74,4,4,2,6
1151,20,-1174400111393638158,0,11,11,73,5,6,4,17
1152,20,-5679713936597675965,0,4,4,73,6,1,1,2
1153,20,3140198932194360490,0,17,17,65,2,4,3,15
1154,20,7170385800259895420,0,15,15,71,8,2,1,3
1155,20,-8229318390495194138,0,13,13,77,5,6,4,12
1156,20,-4638749136392877151,0,6,6,78,1,5,2,8
1157,20,211495686116768045,0,9,9,64,7,3,3,7
1158,20,-928091632605021390,0,6,6,75,4,3,2,6
1159,20,-4819754570629403707,0,13,13,78,4,3,2,6
1160,20,3203808806696010649,0,3,3,80,1,7,3,10
1161,20,-2733960081695001497,0,13,13,72,3,3,2,7
1162,20,889735465752279564,0,5,5,76,3,3,1,7
1163,20,1258672997076648245,0,15,15,68,4,3,2,7
1164,20,-6532831345610402923,0,1,1,73,3,5,2,9
1165,20,-4511561447043363605,0,10,10,74,3,2,1,4
1166,20,-6703049032228241042,0,18,18,71,5,8,6,18
1167,20,-2154071158883990187,0,11,11,82,1,8,4,20
1168,20,-3857052395360649582,0,13,13,76,3,4,2,7
1169,20,-3705379616097147648,0,14,14,69,5,3,1,5
1170,20,-6372006800599080304,0,5,5,73,6,3,2,7
1171,20,-6163010058012560332,0,10,10,73,3,2,1,4
1172,20,3932361879683534241,0,6,6,75,4,3,2,9
1173,20,-4811429496946760415,0,2,2,68,2,5,4,11
1174,20,3679771980986810877,0,5,5,70,1,4,2,7
1175,20,1067810016233029463,0,8,8,73,1,7,3,20
1176,20,4599198610284576361,0,7,7,69,2,3,1,6
1177,20,4256064938591063675,0,9,9,70,5,2,1,3
1178,20,-2168298873532486124,0,9,9,74,1,3,1,9
1179,20,-4619965560713000905,0,7,7,72,4,3,1,9
1180,20,-5947393842166595165,0,11,11,79,3,10,4,28
1181,20,1573163757953326450,0,8,8,88,3,4,2,11
1182,20,-8045444399008316022,0,14,14,74,1,4,1,11
1183,20,-1366158606745670975,0,16,16,69,2,7,4,21
1184,20,-3772899470973253219,0,13,13,82,3,5,2,11
1185,20,-8826692502342124516,0,6,6,73,3,6,3,18
1186,20,8920498751202782694,0,7,7,71,5,4,2,13
1187,20,-5718730841370585132,0,13,13,73,2,4,2,8
1188,20,-167526545911863112,0,6,6,72,4,3,2,7
1189,20,-7088319112622177084,0,15,15,74,7,7,5,14
1190,20,-6385876235399734780,0,12,12,74,2,6,3,13
1191,20,-1838811258204569658,0,14,14,78,2,6,3,16
1192,20,3233034008258838506,0,13,13,75,3,2,1,4
1193,20,3520911776556307560,0,5,5,77,2,2,1,3
1194,20,4901801235342385299,0,13,13,76,3,4,2,10
1195,20,2928918031305936096,0,1,1,77,4,3,1,8
1196,20,4066152354350202173,0,11,11,75,7,3,1,11
1197,20,3604911191803391292,0,16,16,75,1,8,5,23
1198,20,-4121552073891896681,0,17,17,74,1,5,3,9
1199,20,4831357962732809693,0,16,16,73,1,3,1,11
1200,20,-2790490447760971186,0,12,12,64,4,5,3,20
1201,20,4054708890109503781,0,14,14,73,1,5,2,15
1202,20,5353054008994251239,0,0,0,78,6,3,1,11
1203,20,5367823001861124207,0,9,9,72,4,4,3,10
1204,20,4804564934900992719,0,10,10,82,1,5,3,11
1205,20,3178473560607292479,0,5,5,69,3,8,6,28
1206,20,-3300015444683053136,0,12,12,67,4,4,3,10
1207,20,-6330709677051008070,0,11,11,69,4,5,3,10
1208,20,2814483964762491653,0,3,3,68,1,13,9,41
1209,20,5439386113202358104,0,16,16,72,1,4,2,7
1210,20,764494269719485168,0,18,18,77,5,4,2,11
1211,20,-2983996943219262761,0,2,2,65,6,3,2,9
1212,20,-5879087943402619318,0,3,3,77,5,6,4,15
1213,20,-6694289543443514766,0,4,4,76,2,10,6,26
1214,20,2764375954644150012,0,7,7,72,4,5,2,10
1215,20,4753839048682227539,0,11,11,75,3,7,3,19
1216,20,6492983629788671372,0,2,2,75,5,4,2,14
1217,20,-3198309318623426747,0,16,16,73,2,6,3,15
1218,20,-7877849818404302342,0,7,7,76,5,2,1,7
1219,20,-5125245647351110739,0,11,11,72,2,3,2,6
1220,20,-4026421029547444787,0,10,10,68,2,2,1,4
1221,20,8760920490842923962,0,15,15,76,2,5,3,18
1222,20,5757905197745382248,0,9,9,72,2,5,2,12
1223,20,2296636136372303323,0,9,9,66,1,5,3,17
1224,20,-4186749888688130399,0,7,7,70,1,3,1,6
1225,20,-2947918183887512463,0,10,10,77,2,5,3,8
1226,20,-2159131431974110573,0,13,13,71,2,2,1,6
1227,20,-6483463208340131387,0,10,10,75,2,2,1,5
1228,20,2982369509995860147,0,4,4,74,2,8,5,16
1229,20,7963468470764304188,0,9,9,64,5,5,4,15
1230,20,-768475996314618591,0,11,11,70,6,6,4,16
1231,20,-8311728298425850935,0,10,10,68,1,10,7,26
1232,20,8432707640331007040,0,13,13,68,3,6,3,17
1233,20,1580283872611198370,0,11,11,75,3,4,2,7
1234,20,449312774721250696,0,14,14,71,6,4,3,13
1235,20,-5679469204610888906,0,7,7,76,2,13,8,29
1236,20,7033860870731644826,0,13,13,73,1,4,1,5
1237,20,-6126864919601805475,0,10,10,67,1,5,3,18
1238,20,-7677506044884821612,0,11,11,74,5,2,1,5
1239,20,7778678740967998673,0,6,6,75,1,6,2,13
1240,20,533761832976952742,0,9,9,77,6,2,1,7
1241,20,-629750863883125540,0,15,15,73,1,5,3,16
1242,20,-5492001181944696603,0,3,3,76,2,4,2,5
1243,20,229761239328638291,0,10,10,73,3,4,2,11
1244,20,-8798036549296991138,0,7,7,79,4,4,1,12
1245,20,-8814264461899183678,0,9,9,72,2,2,1,4
1246,20,-346888373450587282,0,18,18,75,1,8,5,18
1247,20,-1901328382552300568,0,15,15,76,3,8,5,24
1248,20,-5182832408218815663,0,12,12,70,4,3,1,8
1249,20,2384051935700485989,0,1,1,77,1,11,6,23
1250,20,6705218915869038583,0,9,9,75,3,4,1,10
1251,20,2042580003210589361,0,4,4,77,3,4,2,12
1252,20,-5110870628604653026,0,12,12,72,4,5,4,16
1253,20,8451812614385526608,0,16,16,75,1,5,3,15
1254,20,-8662325941985367396,0,5,5,71,5,4,3,8
1255,20,-1723845683225939133,0,13,13,71,2,6,4,17
1256,20,-4925045766510399748,0,12,12,86,2,7,4,15
1257,20,-3217566499455908415,0,7,7,75,3,3,2,11
1258,20,580875716266541901,0,8,8,77,6,6,5,14
1259,20,5309728646698450214,0,4,4,71,8,2,1,9
1260,20,-229542298209223371,0,10,10,77,2,4,2,6
1261,20,7672430928030207019,0,11,11,71,3,2,1,3
1262,20,-5445287967080801204,0,4,4,76,3,4,2,5
1263,20,5388020378781883480,0,14,14,77,2,4,2,8
1264,20,7526809245426201511,0,11,11,76,1,9,5,17
1265,20,6862564203398505398,0,7,7,69,6,3,2,8
1266,20,7215050082962725042,0,9,9,78,2,5,2,16
1267,20,3945936179915071943,0,11,11,66,4,4,3,11
1268,20,-2522815049504822462,0,5,5,72,1,4,2,6
1269,20,771505839196551098,0,1,1,76,2,3,1,10
1270,20,7797626354890656489,0,8,8,73,2,5,3,12
1271,20,-7381879360735326246,0,9,9,75,3,2,1,6
1272,20,-2793325855990837876,0,10,10,62,4,4,3,13
1273,20,6036673961109899336,0,18,18,66,9,2,2,6
1274,20,-2273671825590252749,0,11,11,75,4,5,3,12
1275,20,-4255866280702274327,0,10,10,70,5,13,10,32
1276,20,-4174819065004174560,0,8,8,70,1,4,2,11
1277,20,-8872583317994959711,0,12,12,75,1,9,5,20
1278,20,2271102765947805218,0,8,8,71,3,4,3,9
1279,20,-3305473168654936640,0,13,13,70,6,3,2,9
1280,20,-320382635245628886,0,10,10,68,3,4,2,11
1281,20,4082697931727742396,0,14,14,75,4,4,2,11
1282,20,-4285964653107909858,0,14,14,73,2,5,3,8
1283,20,-7981898935588435935,0,13,13,69,1,3,2,6
1284,20,1706917296611745005,0,1,1,74,1,3,1,5
1285,20,-532825923521371964,0,8,8,79,9,1,1,1
1286,20,-5635537848268242205,0,1,1,69,1,9,7,27
1287,20,-7169923662500356802,0,10,10,81,3,4,2,9
1288,20,4238180790381768765,0,5,5,74,2,8,5,15
1289,20,-1126271856792122984,0,13,13,74,2,6,2,16
1290,20,-8393737233416473089,0,17,17,73,6,2,1,2
1291,20,-3342209460688094141,0,16,16,74,2,4,2,12
1292,20,4930317836835779077,0,17,17,79,1,4,2,12
1293,20,-6237016474316485302,0,13,13,70,2,7,4,15
1294,20,-6722652291477177512,0,13,13,66,2,4,2,12
1295,20,-4075111993002373942,0,10,10,75,2,4,3,11
1296,20,4102333514388045763,0,7,7,69,8,2,1,9
1297,20,1913581720553499809,0,3,3,83,3,4,2,5
1298,20,250509657847080613,0,1,1,70,4,7,4,19
1299,20,8280235636126011748,0,5,5,72,3,4,2,7
1300,20,-8100414146911367929,0,13,13,72,3,3,2,10
1301,20,8551335232991329943,0,10,10,75,6,3,2,10
1302,20,1419718511045144304,0,16,16,71,7,2,2,2
1303,20,1297742059810984471,0,11,11,80,1,6,4,19
1304,20,5016298192038924792,0,0,0,66,8,3,1,9
1305,20,1129344984371561178,0,15,15,78,2,8,5,18
1306,20,-1047104250610367206,0,13,13,76,2,5,3,11
1307,20,-6909826445705996581,0,17,17,79,4,8,6,16
1308,20,4198045717955807694,0,8,8,81,2,4,2,8
1309,20,5836673154096038991,0,14,14,77,3,8,5,21
1310,20,-8434612358659524009,0,17,17,77,1,7,3,18
1311,20,-8432542845166947812,0,12,12,68,5,4,2,13
1312,20,-8838614015053217447,0,11,11,81,1,8,5,16
1313,20,5684599874801077131,0,7,7,72,1,7,5,21
1314,20,4292418524596713134,0,10,10,76,3,5,2,10
1315,20,2037125710233738043,0,17,17,68,6,6,6,14
1316,20,3490304718797403513,0,12,12,73,2,9,7,21
1317,20,-6415925690269507240,0,8,8,72,2,5,2,11
1318,20,-7735785885888217222,0,12,12,78,1,6,4,16
1319,20,1109411019217574157,0,9,9,73,1,4,1,10
1320,20,-510385130804264541,0,18,18,76,3,4,3,7
1321,20,8594075869668991287,0,14,14,70,2,7,5,19
1322,20,-2753906236397974036,0,15,15,65,7,2,1,6
1323,20,1724811823445802074,0,14,14,71,4,4,3,13
1324,20,-8697741838106567069,0,7,7,67,2,3,1,5
1325,20,79851474237955032,0,14,14,71,4,4,2,12
1326,20,-6645370056629537402,0,12,12,77,7,4,3,4
1327,20,-5683636036216837537,0,11,11,74,3,3,2,9
1328,20,-2974029887995269164,0,7,7,66,1,11,7,30
1329,20,2680061803237886371,0,7,7,76,7,4,2,13
1330,20,1068314071054359201,0,16,16,80,1,3,1,8
1331,20,7711383318730798925,0,16,16,67,4,4,3,9
1332,20,6745663228815320105,0,3,3,74,4,8,5,20
1333,20,5112768545201589554,0,12,12,78,3,4,2,13
1334,20,-3227575702538848024,0,4,4,75,2,8,5,19
1335,20,1033961437787033799,0,11,11,70,6,4,3,7
1336,20,-1831385164168732120,0,7,7,80,4,6,2,18
1337,20,5555157222775850452,0,6,6,81,4,4,2,9
1338,20,-6209852115316295205,0,5,5,67,2,7,5,18
1339,20,6646003256565086312,0,9,9,73,2,8,3,24
1340,20,-1199425236025129046,0,2,2,75,4,6,3,10
1341,20,7327220144954749452,0,9,9,82,3,7,5,12
1342,20,7507814554282351437,0,18,18,76,2,4,2,11
1343,20,-2077714092858225093,0,8,8,74,3,3,1,4
1344,20,-3368927040713017315,0,14,14,71,2,6,3,14
1345,20,-1412603229909114351,0,6,6,75,3,5,2,15
1346,20,5898773763446220263,0,15,15,74,2,3,1,8
1347,20,6849213542670641985,0,9,9,84,1,7,3,21
1348,20,-1344264314740622590,0,11,11,72,2,3,1,6
1349,20,5883043441340611148,0,14,14,66,6,7,6,13
1350,20,3982192874447713187,0,8,8,79,6,2,1,4
1351,20,6783950257666313199,0,6,6,72,1,2,1,6
1352,20,-7741632156256245137,0,16,16,74,5,3,2,4
1353,20,3010116309081048540,0,13,13,78,3,9,6,16
1354,20,2052424120804361809,0,7,7,74,3,4,1,11
1355,20,8153893954554481325,0,11,11,76,3,4,2,8
1356,20,7647776859820896653,0,12,12,77,4,4,2,17
1357,20,-7237034668310914795,0,10,10,76,1,7,4,18
1358,20,5514599512234978837,0,14,14,69,2,8,6,20
1359,20,67195492304267864,0,12,12,72,1,3,1,10
1360,20,-8267583833758442725,0,3,3,77,6,4,2,10
1361,20,4441781518934868988,0,6,6,76,4,3,2,8
1362,20,-1151874304628817945,0,9,9,75,3,2,1,3
1363,20,29952666507538624,0,12,12,76,7,4,3,10
1364,20,-1370796915653906455,0,7,7,78,2,7,4,12
1365,20,1340142134214874317,0,3,3,79,4,2,1,4
1366,20,8671522445491166225,0,8,8,73,3,3,1,7
1367,20,1574136534225817899,0,10,10,68,7,3,1,12
1368,20,-4079128783488817826,0,5,5,72,3,5,3,11
1369,20,-4904992203969910154,0,15,15,72,1,5,3,12
1370,20,8274238730854040757,0,6,6,72,2,5,3,16
1371,20,-9052890236275022128,0,10,10,70,9,1,1,2
1372,20,8931714167674215411,0,6,6,80,1,4,1,7
1373,20,3175517686679721753,0,12,12,74,2,4,2,7
1374,20,-6819577263552461755,0,14,14,68,9,3,3,3
1375,20,252735000278204253,0,5,5,75,2,5,2,18
1376,20,-8764704259063173706,0,15,15,72,1,9,6,28
1377,20,1737316907333227150,0,6,6,70,5,5,3,14
1378,20,-8612706763085405175,0,3,3,78,3,7,4,19
1379,20,2754844677404980594,0,5,5,76,3,9,5,20
1380,20,-5891553046916035384,0,14,14,75,6,4,2,12
1381,20,3028734167633165534,0,16,16,74,4,5,3,16
1382,20,-215113708661411172,0,14,14,78,3,5,2,12
1383,20,539038638304008996,0,4,4,76,1,6,3,18
1384,20,3869718709103096287,0,16,16,77,3,4,2,8
1385,20,8971349747324645577,0,6,6,71,3,5,2,16
1386,20,-7082437416070997393,0,17,17,72,9,4,4,10
1387,20,5363752923071132795,0,8,8,76,3,3,1,7
1388,20,1694125507625917125,0,9,9,74,1,3,1,9
1389,20,4148485161894487617,0,7,7,70,3,4,2,16
1390,20,-8116916657816008635,0,10,10,69,8,3,2,9
1391,20,2372334780432187892,0,6,6,79,2,4,2,7
1392,20,3701155210824472791,0,7,7,75,3,3,1,5
1393,20,5608590042080683245,0,7,7,72,1,6,3,19
1394,20,4930202167943881141,0,6,6,77,3,6,3,14
1395,20,-7014827833613722881,0,13,13,80,4,6,4,10
1396,20,-7098060028478099578,0,5,5,72,1,5,3,17
1397,20,135232393528280743,0,3,3,71,2,3,1,8
1398,20,-7833845670087078996,0,7,7,84,3,6,4,11
1399,20,3765456728373008514,0,11,11,83,1,5,2,6
1400,20,2647676935227851481,0,9,9,79,2,7,3,17
1401,20,-859285843168884226,0,10,10,71,1,6,4,10
1402,20,-2275817405698015000,0,11,11,79,2,7,5,18
1403,20,1969254283429826388,0,9,9,75,1,3,1,11
1404,20,-8600022133538138646,0,5,5,72,2,4,2,7
1405,20,6706941091059922101,0,10,10,76,2,6,4,11
1406,20,-6039353316142794626,0,9,9,71,6,4,3,11
1407,20,-5703040879084873021,0,9,9,74,1,3,1,4
1408,20,-4084967986333902491,0,10,10,73,6,3,2,8
1409,20,-4501679060008483262,0,11,11,66,4,3,2,4
1410,20,7360610451942562900,0,6,6,76,2,7,3,16
1411,20,4020554381655324431,0,12,12,79,1,5,2,9
1412,20,6989864665280514572,0,9,9,69,5,5,3,14
1413,20,3736222259242875472,0,12,12,73,1,5,3,13
1414,20,141040600348757928,0,17,17,77,1,5,2,12
1415,20,4737284988159896556,0,6,6,66,2,2,1,7
1416,20,7917053215343746869,0,15,15,70,3,7,4,16
1417,20,1238713541076654909,0,17,17,84,2,4,1,5
1418,20,7803019192395859335,0,11,11,70,3,5,3,11
1419,20,563519499830347524,0,16,16,79,6,2,1,7
1420,20,-1721304105624106678,0,9,9,68,1,8,5,16
1421,20,-5419650453317720931,0,7,7,78,1,9,6,14
1422,20,-6312234470492133545,0,7,7,76,3,8,5,21
1423,20,5931571982036838003,0,15,15,71,8,3,2,9
1424,20,-7242054220527910840,0,12,12,73,5,3,2,8
1425,20,-764373046631909963,0,6,6,80,4,6,4,14
1426,20,1240173503789894477,0,15,15,70,5,3,2,8
1427,20,3005903046143415113,0,13,13,70,3,4,2,12
1428,20,-4526923736101789119,0,14,14,78,6,3,2,9
1429,20,6955678865924854784,0,15,15,72,6,2,1,4
1430,20,-934067350384624904,0,9,9,77,2,6,4,17
1431,20,8075753503431879692,0,15,15,70,6,2,2,6
1432,20,7859018432793960922,0,15,15,73,4,4,2,13
1433,20,1129433534012489134,0,10,10,78,4,3,1,5
1434,20,8457109391503509940,0,11,11,69,1,7,5,11
1435,20,-5911813290866417869,0,17,17,69,3,6,4,18
1436,20,-7473066620549659443,0,8,8,76,3,5,3,9
1437,20,-6653106619216245728,0,10,10,70,1,2,1,5
1438,20,-7616674997942174920,0,7,7,75,1,3,1,9
1439,20,-3288722340191930964,0,9,9,72,2,8,6,19
1440,20,-4433792754252139928,0,12,12,69,3,3,2,6
1441,20,7706883565005825646,0,12,12,72,3,5,3,11
1442,20,-3780044170989487607,0,17,17,86,2,6,1,13
1443,20,7012265691479010646,0,10,10,75,3,7,5,17
1444,20,-2750289304246414835,0,11,11,78,1,7,4,14
1445,20,-618447694243216415,0,12,12,77,2,5,3,11
1446,20,-5253060903171875324,0,11,11,68,7,3,2,9
1447,20,-7988504477890616440,0,11,11,73,5,3,2,3
1448,20,6372697588263713200,0,17,17,71,2,6,3,15
1449,20,8139029383660551801,0,5,5,68,2,5,3,13
1450,20,4612698527432164056,0,12,12,74,2,4,1,7
1451,20,2485737422292176776,0,9,9,71,4,3,2,9
1452,20,5403931838864141404,0,9,9,70,1,6,4,15
1453,20,-4465328238241270424,0,12,12,73,2,4,2,11
1454,20,5319527357100011145,0,4,4,80,3,5,2,14
1455,20,6035622096782019861,0,6,6,77,2,6,3,14
1456,20,4902180912038275246,0,14,14,70,1,4,2,10
1457,20,6043714736034873236,0,12,12,73,1,4,2,6
1458,20,4005969580873287663,0,13,13,72,3,9,6,17
1459,20,3193070804123301598,0,8,8,77,2,7,4,14
1460,20,1474207838518200152,0,10,10,71,6,2,1,7
1461,20,8071605242616917529,0,10,10,71,4,5,3,13
1462,20,7038342762359184693,0,0,0,72,2,8,4,21
1463,20,-9167491204199673591,0,13,13,76,2,10,7,25
1464,20,-9170040576814126688,0,11,11,78,1,7,5,17
1465,20,-8836279032310620475,0,4,4,82,2,6,2,9
1466,20,-6372931350750217638,0,8,8,70,1,4,2,13
1467,20,9032671564590662573,0,14,14,69,5,3,1,6
1468,20,1167724424482289630,0,6,6,76,1,3,1,7
1469,20,9157556304055819931,0,8,8,75,2,2,1,6
1470,20,5868812337094004659,0,7,7,67,3,3,2,11
1471,20,4015360564138747224,0,13,13,67,1,3,1,7
1472,20,-9060823160548659199,0,11,11,77,1,7,4,16
1473,20,1424276398353341520,0,5,5,74,2,6,3,15
1474,20,-8684864194726762393,0,6,6,79,3,3,1,8
1475,20,-4166203885609101943,0,9,9,72,2,3,1,14
1476,20,7743979897595741195,0,5,5,75,3,5,4,11
1477,20,8351178034478738129,0,9,9,75,1,7,5,10
1478,20,-4709424615734841102,0,10,10,73,1,5,3,12
1479,20,-7063266267139119305,0,17,17,73,2,6,4,19
1480,20,-370026211286562672,0,7,7,76,1,4,2,10
1481,20,470207692998349755,0,8,8,74,1,10,6,25
1482,20,-7067803992661766750,0,10,10,77,2,5,3,10
1483,20,-8715696563636544696,0,8,8,81,3,6,3,12
1484,20,-1309096751398948036,0,17,17,77,3,2,1,5
1485,20,-898595107061351966,0,9,9,78,2,5,2,13
1486,20,579425933899612445,0,8,8,71,3,3,2,7
1487,20,5157386016840870683,0,14,14,72,1,6,2,11
1488,20,5151284362668992842,0,7,7,77,4,4,2,9
1489,20,1370972767791778763,0,17,17,80,1,10,7,19
1490,20,2959225201728987865,0,10,10,70,9,3,3,8
1491,20,5050991218593243903,0,15,15,74,5,4,3,14
1492,20,8535935798661897741,0,8,8,75,3,2,1,4
1493,20,8774158633083946545,0,12,12,81,3,6,4,11
1494,20,-6874497007032490589,0,7,7,77,1,5,3,12
1495,20,-4245986159573939015,0,16,16,68,2,7,4,20
1496,20,3629003602728436075,0,16,16,76,4,6,4,17
1497,20,4796529311669864067,0,12,12,77,1,5,2,8
1498,20,2610401058709433881,0,5,5,70,5,4,3,11
1499,20,514318523733486082,0,19,19,75,2,6,2,14
1500,20,-9189279807031558564,0,10,10,73,1,8,4,18
1501,20,7285166263071534436,0,17,17,73,2,7,4,21
1502,20,4595336554527193392,0,3,3,76,4,10,8,24
1503,20,-6957411724825624825,0,10,10,76,2,2,1,5
1504,20,-190338011287025296,0,11,11,74,2,5,2,15
1505,20,7108209858398900523,0,16,16,77,1,8,5,17
1506,20,3111548609644155566,0,6,6,80,1,3,1,6
1507,20,7917282628446481639,0,7,7,76,6,4,2,11
1508,20,-4650045955195338938,0,9,9,74,2,3,1,7
1509,20,5875880115548274785,0,7,7,69,4,8,5,20
1510,20,593792230643604400,0,8,8,82,1,5,2,7
1511,20,5399881485343726649,0,13,13,76,2,4,2,12
1512,20,-1949571005324979434,0,11,11,72,3,5,2,13
1513,20,6379066933643056197,0,8,8,69,3,6,4,15
1514,20,4359083551753298214,0,15,15,76,7,3,2,7
1515,20,3724557894466844547,0,13,13,70,3,4,3,11
1516,20,2678286618393742632,0,10,10,73,2,5,2,12
1517,20,-348354378317147317,0,10,10,70,1,7,6,16
1518,20,430846988369707602,0,11,11,75,1,5,3,7
1519,20,-2738590605846268476,0,13,13,77,7,4,3,10
1520,20,-8302046036831692453,0,15,15,73,1,4,2,11
1521,20,-5689929983582723176,0,7,7,70,2,2,1,3
1522,20,-2617908525583571123,0,5,5,69,5,8,6,21
1523,20,-2743570170127092501,0,8,8,69,5,5,3,10
1524,20,-2217323982862244449,0,11,11,69,3,3,1,6
1525,20,2408758486558936456,0,5,5,74,2,6,4,18
1526,20,-6574133112691603582,0,13,13,73,1,6,3,19
1527,20,8731285138263417949,0,9,9,76,3,4,2,10
1528,20,503726402681770107,0,11,11,84,3,5,3,12
1529,20,407198566211587625,0,13,13,79,4,5,4,8
1530,20,6067914540441190449,0,8,8,73,6,9,7,19
1531,20,-4489507710292033677,0,6,6,74,7,3,2,6
1532,20,3182338860365326216,0,11,11,80,1,3,1,4
1533,20,2613625515055249853,0,2,2,75,2,5,2,14
1534,20,3738631406254829,0,13,13,74,5,3,1,9
1535,20,-210926006848792583,0,15,15,73,7,3,3,10
1536,20,7421139395309467123,0,4,4,73,6,3,2,4
1537,20,1141744002453188156,0,14,14,71,6,3,1,7
1538,20,2202606507532788767,0,15,15,70,1,5,3,9
1539,20,1311107829891526833,0,4,4,68,3,4,2,13
1540,20,-1265704836777024769,0,14,14,79,4,5,4,8
1541,20,6050322563352139215,0,10,10,74,5,4,2,8
1542,20,3259594651848962433,0,2,2,73,4,5,3,18
1543,20,814606490555066318,0,6,6,73,3,3,1,12
1544,20,1229262878114062465,0,6,6,70,3,3,1,12
1545,20,-8956834085811259050,0,16,16,74,1,4,2,14
1546,20,-6342095042300643165,0,14,14,78,1,5,2,14
1547,20,1624132398402072953,0,7,7,75,3,2,1,6
1548,20,-7734409253093185182,0,7,7,69,7,3,2,7
1549,20,3223135826883093219,0,13,13,65,1,5,3,19
1550,20,-2210608903905061527,0,12,12,76,1,3,1,8
1551,20,-6381484278149111216,0,9,9,68,5,3,1,10
1552,20,3998626537838415905,0,9,9,70,1,4,1,7
1553,20,776699261056536637,0,13,13,75,3,5,2,10
1554,20,-127754844250464118,0,13,13,75,3,3,2,9
1555,20,-280188145842615838,0,9,9,81,2,4,1,10
1556,20,-6773868945956905650,0,11,11,68,1,8,6,21
1557,20,-639736190020881058,0,11,11,74,2,5,2,10
1558,20,1366914852457100819,0,13,13,75,1,4,1,8
1559,20,3242363067962547508,0,10,10,64,6,2,1,6
1560,20,3919486015086673424,0,12,12,72,2,4,3,7
1561,20,-556451716311888138,0,17,17,73,1,6,2,16
1562,20,2319907447435807715,0,5,5,70,3,4,2,7
1563,20,1904491379872035135,0,6,6,76,2,5,2,16
1564,20,-3344115893609676128,0,6,6,77,2,5,2,10
1565,20,-8777873543949826843,0,10,10,71,1,2,1,6
1566,20,8786690030297471020,0,12,12,75,7,2,1,6
1567,20,-39812806196181649,0,11,11,71,1,4,1,15
1568,20,-4674106696334840628,0,16,16,73,2,8,4,16
1569,20,-8111929789182993212,0,16,16,74,5,9,8,18
1570,20,-832435639383308296,0,16,16,75,2,4,2,10
1571,20,3280673278970551845,0,11,11,68,5,5,3,16
1572,20,-2861824376378110347,0,10,10,70,2,5,3,7
1573,20,890342606415232093,0,13,13,75,5,3,1,6
1574,20,931148967331464610,0,12,12,68,3,4,3,11
1575,20,8734992145285672759,0,9,9,72,1,10,7,29
1576,20,319185035171723281,0,14,14,77,2,4,2,12
1577,20,-781260739330491345,0,7,7,73,3,3,1,6
1578,20,2781274327059877721,0,9,9,80,3,2,1,6
1579,20,3159900570951439979,0,14,14,72,3,4,2,13
1580,20,1682253352248784681,0,14,14,84,2,2,1,7
1581,20,4623962088793770475,0,15,15,73,1,6,3,15
1582,20,-2395089665221993056,0,6,6,80,1,10,5,24
1583,20,-2108106816016980481,0,8,8,72,3,4,3,9
1584,20,6346420369098581212,0,12,12,73,3,2,1,4
1585,20,2742993242132110073,0,11,11,69,7,2,1,6
1586,20,7826095750644619729,0,8,8,80,3,5,4,10
1587,20,-6869090369060700380,0,13,13,71,5,6,4,17
1588,20,-3356760490660658085,0,11,11,79,1,4,1,13
1589,20,5309594180014190324,0,12,12,80,1,8,5,17
1590,20,-283259702033341291,0,12,12,79,2,5,3,12
1591,20,8825040642308897918,0,15,15,72,3,4,2,10
1592,20,-1491340624582446741,0,12,12,72,8,2,2,4
1593,20,-8532016960172809686,0,17,17,76,3,6,4,16
1594,20,-794330745487594387,0,13,13,69,3,9,7,27
1595,20,-5475610654607414106,0,8,8,77,2,4,2,12
1596,20,-5580027122959655194,0,1,1,77,1,7,3,12
1597,20,3581670388636667933,0,14,14,81,2,3,2,5
1598,20,3042852010516190253,0,10,10,71,3,4,3,11
1599,20,-2957052080633996120,0,9,9,81,1,7,3,21
1600,20,-6715502431259466438,0,7,7,80,1,10,4,16
1601,20,-323485560520571388,0,16,16,69,8,2,2,6
1602,20,-86174262607713925,0,18,18,72,5,2,1,5
1603,20,5266441747403371141,0,13,13,74,1,5,3,12
1604,20,-4864976895559180056,0,9,9,71,2,5,3,12
1605,20,-3764353123379034805,0,12,12,79,4,4,2,12
1606,20,-6284276198439376043,0,9,9,73,5,2,1,4
1607,20,3166668481757583282,0,14,14,76,4,4,3,6
1608,20,3412702466617794822,0,8,8,75,5,4,2,7
1609,20,7252413601257756174,0,13,13,76,1,2,1,7
1610,20,-2538732813212295032,0,6,6,80,2,5,2,11
1611,20,-2574314093362744424,0,4,4,67,5,3,2,9
1612,20,-1739249285524265538,0,16,16,77,1,5,2,17
1613,20,6041429338409052578,0,11,11,74,1,6,4,16
1614,20,6214998806328081977,0,16,16,76,3,2,1,2
1615,20,4281611624232121874,0,14,14,77,1,7,3,14
1616,20,-2583307514484560179,0,11,11,73,4,6,3,16
1617,20,4316347242253176077,0,16,16,78,1,5,2,11
1618,20,-2019577183651897760,0,1,1,73,2,6,3,10
1619,20,690168649543692786,0,17,17,78,4,6,3,16
1620,20,852787745601182213,0,17,17,70,1,6,3,15
1621,20,4102036731645995913,0,6,6,74,1,6,3,9
1622,20,-2792678211950344632,0,6,6,76,1,5,3,10
1623,20,-306162470111557765,0,14,14,76,2,6,3,16
1624,20,-4347739167582580277,0,11,11,85,1,7,3,20
1625,20,-8610763546002956027,0,12,12,72,1,8,5,18
1626,20,554667301575671057,0,18,18,71,1,5,4,10
1627,20,-1972717737072812312,0,9,9,73,2,4,2,12
1628,20,-2549023835062203495,0,12,12,75,1,5,2,12
1629,20,-3657424285514802012,0,6,6,70,3,6,5,17
1630,20,-5830070490813795794,0,0,0,72,1,6,2,14
1631,20,4309642659700404964,0,6,6,76,3,2,1,5
1632,20,6649775291879495293,0,19,19,78,4,7,3,24
1633,20,4506738353487909691,0,13,13,88,1,6,4,14
1634,20,2524423182055994344,0,7,7,68,5,3,1,7
1635,20,-8419125921360958703,0,16,16,74,2,6,3,15
1636,20,1319487183310453145,0,15,15,73,4,6,4,19
1637,20,-3076038534476430889,0,9,9,75,1,7,5,12
1638,20,4667061208755238360,0,12,12,72,3,4,2,12
1639,20,-3596185953647819135,0,16,16,75,4,4,2,8
1640,20,-8250883165493697887,0,12,12,71,3,9,5,29
1641,20,1065538758057394229,0,18,18,77,7,4,3,13
1642,20,3560402803671951217,0,18,18,73,1,10,6,22
1643,20,-7271135824872860096,0,11,11,71,8,2,1,7
1644,20,629066274345428064,0,13,13,75,7,2,1,5
1645,20,3369132400396854089,0,10,10,71,2,5,3,8
1646,20,6863425023136406132,0,12,12,78,4,3,2,3
1647,20,280825508353771464,0,5,5,71,3,4,3,18
1648,20,-4702926439258241741,0,16,16,73,1,5,1,11
1649,20,196207300898287544,0,4,4,87,1,5,2,15
1650,20,-647324522075637383,0,9,9,73,1,4,3,9
1651,20,8431022940367994762,0,2,2,74,1,8,6,16
1652,20,7603707630266834316,0,7,7,71,2,4,2,8
1653,20,567471456097475677,0,10,10,74,1,5,2,12
1654,20,-4017495030037475731,0,11,11,71,5,2,1,5
1655,20,-9117155123005668500,0,13,13,79,3,3,1,5
1656,20,-8007217626298136976,0,10,10,70,2,6,4,17
1657,20,9072080954935289031,0,14,14,76,2,4,2,8
1658,20,-2730580486575482610,0,12,12,75,5,3,2,8
1659,20,8374525664025343302,0,3,3,72,3,5,1,10
1660,20,-5669133775029921798,0,7,7,67,6,2,2,6
1661,20,6988089083854842809,0,12,12,76,4,2,1,5
1662,20,-7757797508526344847,0,2,2,78,3,3,1,7
1663,20,-5460361868720038556,0,10,10,77,1,5,3,15
1664,20,3702676662926702550,0,12,12,83,4,3,2,7
1665,20,9045090913486908842,0,11,11,73,5,2,1,2
1666,20,-1282815522883300739,0,15,15,73,7,4,4,14
1667,20,-8836203910219119353,0,7,7,71,3,3,2,7
1668,20,-6838652177172219962,0,4,4,77,2,7,5,18
1669,20,-3423132029903240381,0,4,4,77,2,7,3,12
1670,20,-5801030668092458898,0,7,7,75,3,6,3,12
1671,20,8350635230332936420,0,11,11,77,2,6,3,12
1672,20,-8786327888129932255,0,10,10,77,2,6,3,13
1673,20,3409972668550067171,0,14,14,70,2,8,5,16
1674,20,8226639564676816722,0,16,16,70,3,7,4,16
1675,20,-4288324442107819101,0,13,13,74,3,5,3,13
1676,20,-1399339511987871153,0,11,11,74,9,1,1,2
1677,20,-4407542383641405410,0,7,7,72,2,7,3,22
1678,20,-4829517383413934705,0,7,7,80,5,6,3,11
1679,20,-7509593011580006303,0,11,11,70,8,2,1,6
1680,20,8682444629397749582,0,13,13,73,3,6,4,18
1681,20,4082776639663131706,0,17,17,71,1,11,8,22
1682,20,4772261390053062235,0,13,13,69,1,4,3,9
1683,20,834360936470381870,0,7,7,70,4,5,3,13
1684,20,-5265172005343572432,0,4,4,79,1,8,6,14
1685,20,-5834693862474812752,0,14,14,66,2,4,2,14
1686,20,551158600590602307,0,15,15,81,2,7,4,15
1687,20,-8573696393397095024,0,15,15,73,3,5,3,16
1688,20,6345696165702366875,0,14,14,70,9,1,1,4
1689,20,5111979397780162225,0,15,15,79,4,7,5,15
1690,20,-86458704929088603,0,16,16,80,2,6,2,11
1691,20,-7294366268375556865,0,4,4,71,4,5,3,9
1692,20,-5876506185579719865,0,6,6,75,1,4,2,14
1693,20,-494966576800285025,0,7,7,73,1,8,4,13
1694,20,6893231476331110709,0,12,12,86,1,7,5,15
1695,20,1926833643872072039,0,8,8,73,1,6,4,18
1696,20,-166436805311250301,0,3,3,69,9,2,2,2
1697,20,-4447818469089608049,0,12,12,72,1,3,1,9
1698,20,-1637670979306278788,0,8,8,78,6,6,4,13
1699,20,4822242989930659241,0,12,12,80,4,4,2,7
1700,20,-2848425638960760143,0,11,11,86,3,5,2,14
1701,20,8890813675337865934,0,11,11,77,1,5,3,6
1702,20,471530017362708052,0,15,15,70,1,9,6,22
1703,20,3561043464060242969,0,9,9,82,5,4,3,11
1704,20,874435705189665990,0,13,13,71,2,5,3,15
1705,20,-4944912085650036135,0,1,1,69,1,8,5,22
1706,20,-5212735094366698643,0,9,9,72,7,7,5,18
1707,20,-4915777221403582207,0,2,2,70,2,6,3,14
1708,20,6803335165649800907,0,10,10,76,2,2,1,3
1709,20,-1214229525294814877,0,7,7,77,4,6,4,10
1710,20,768282901159023308,0,14,14,80,3,5,2,9
1711,20,151776843439129885,0,4,4,76,2,8,5,14
1712,20,-5765144113817078690,0,9,9,76,1,7,4,19
1713,20,7910431868005788627,0,13,13,68,7,5,4,12
1714,20,-2296013895249665977,0,11,11,79,2,6,3,12
1715,20,1054677328889454622,0,13,13,69,1,4,2,11
1716,20,-1373223333582034126,0,15,15,75,2,4,2,12
1717,20,-5865414478943428669,0,6,6,80,5,5,2,9
1718,20,-5541471494755246326,0,12,12,72,1,4,1,13
1719,20,-955643158679739609,0,4,4,74,2,4,3,4
1720,20,-7904565381381273206,0,11,11,75,4,4,3,6
1721,20,-1204624623821365246,0,7,7,71,3,3,1,6
1722,20,2124502186081361940,0,7,7,70,7,2,2,2
1723,20,4504328962599125843,0,18,18,75,6,2,1,7
1724,20,8522319300189834434,0,11,11,76,1,5,3,12
1725,20,-8632697002274531693,0,13,13,66,5,4,3,12
1726,20,-2529983147975821126,0,13,13,77,3,5,3,11
1727,20,7237870589324362797,0,8,8,72,3,6,4,16
1728,20,-1238774634254768186,0,5,5,74,3,4,2,9
1729,20,-1897396297887355092,0,5,5,70,3,4,2,14
1730,20,3271518006482237732,0,14,14,73,1,5,3,14
1731,20,-7577777947952524746,0,10,10,71,1,6,4,16
1732,20,7539373802204455321,0,14,14,70,2,5,3,14
1733,20,-7140656612869776968,0,15,15,79,6,3,1,6
1734,20,7687831278831710924,0,15,15,81,2,5,2,12
1735,20,-1089284875841884830,0,8,8,75,3,4,3,8
1736,20,-82158100208352304,0,17,17,71,4,2,1,3
1737,20,6607160915665853653,0,16,16,68,6,4,4,8
1738,20,701215290191924994,0,7,7,73,2,5,2,11
1739,20,5309387508475847579,0,5,5,77,2,8,5,17
1740,20,-6207424643440748268,0,18,18,77,5,3,2,5
1741,20,-9065687009034258345,0,3,3,75,2,11,6,28
1742,20,2867269088801420650,0,15,15,79,6,5,3,7
1743,20,-2048810803126658243,0,8,8,73,1,5,2,16
1744,20,3022572108440583076,0,14,14,76,2,5,2,14
1745,20,1033057356607330243,0,10,10,73,3,7,5,20
1746,20,2129922523710718587,0,2,2,76,2,3,1,5
1747,20,5077446533567475096,0,0,0,76,4,7,3,21
1748,20,-1648616379524959280,0,10,10,72,2,6,3,18
1749,20,2362298344319309013,0,10,10,77,1,6,2,17
1750,20,-4643746213627179518,0,10,10,74,1,3,1,7
1751,20,-559511628400242318,0,12,12,77,1,4,2,10
1752,20,-5989270613852903809,0,11,11,77,5,6,5,13
1753,20,-3795771286279075334,0,13,13,77,5,3,2,4
1754,20,3978300695418651037,0,13,13,72,7,4,3,8
1755,20,8228372709113648514,0,13,13,81,2,5,2,16
1756,20,1716341608038421418,0,17,17,69,2,10,6,32
1757,20,663603777826256087,0,10,10,73,2,2,1,7
1758,20,-6180459095390011583,0,15,15,79,3,4,2,8
1759,20,-6397275365287613706,0,8,8,71,8,3,2,5
1760,20,-6296181431685896993,0,11,11,74,5,9,7,16
1761,20,-5051096087980201792,0,16,16,67,7,5,5,19
1762,20,4045334653979711413,0,8,8,76,2,7,4,12
1763,20,-6180630205495181330,0,7,7,65,3,3,1,8
1764,20,1914645572918266815,0,2,2,76,2,4,2,10
1765,20,3967946074632032578,0,12,12,68,2,5,3,20
1766,20,3469826569540423956,0,8,8,76,2,2,1,3
1767,20,-8586603315568203266,0,12,12,77,3,5,2,8
1768,20,-3910590570782674816,0,4,4,70,1,6,3,13
1769,20,-6420481713480563559,0,18,18,78,2,3,1,9
1770,20,-4344358494459200177,0,12,12,72,3,5,3,16
1771,20,4218968318896480432,0,11,11,74,1,4,3,9
1772,20,244017960807149675,0,11,11,71,3,5,3,13
1773,20,8941739680093972026,0,10,10,80,1,7,4,11
1774,20,-1991630921893322583,0,12,12,81,1,5,1,10
1775,20,-7437089191721187328,0,11,11,69,9,1,1,4
1776,20,-470589146944066465,0,3,3,83,2,9,4,16
1777,20,-5978934296752006837,0,12,12,76,1,3,2,6
1778,20,7915757905722976313,0,7,7,75,2,10,5,24
1779,20,-5724841548861895970,0,16,16,74,1,3,1,11
1780,20,7346955016115316556,0,10,10,74,2,3,2,5
1781,20,863370341227168550,0,16,16,74,3,7,5,17
1782,20,4003604673939402859,0,7,7,81,1,8,4,16
1783,20,7104135260814984623,0,14,14,77,3,2,1,4
1784,20,-3923012821108575047,0,5,5,68,5,5,3,12
1785,20,-3280786622911472166,0,17,17,76,2,5,3,11
1786,20,3072337077085068159,0,7,7,70,2,3,1,8
1787,20,3698986845813768397,0,11,11,76,3,6,3,10
1788,20,-7558334249063352513,0,4,4,74,6,3,1,12
1789,20,-2163120132027508054,0,9,9,79,6,5,3,12
1790,20,326066951337408521,0,7,7,75,9,3,3,5
1791,20,6916983913513614082,0,15,15,73,2,4,2,13
1792,20,-8391770936571629812,0,12,12,76,4,3,2,8
1793,20,8411421368087549068,0,9,9,71,5,3,2,8
1794,20,-20805395062556817,0,14,14,69,3,2,1,5
1795,20,-3853121836900056047,0,9,9,69,8,1,1,4
1796,20,-1704389653631248287,0,14,14,75,1,4,1,6
1797,20,-487549782415781206,0,12,12,71,7,5,3,14
1798,20,3952391917870822511,0,15,15,72,3,4,3,7
1799,20,1329360384378382125,0,7,7,73,6,7,5,14
1800,20,4959168786434349588,0,5,5,67,1,5,2,13
1801,20,-7224469723546608924,0,11,11,76,2,6,3,19
1802,20,4081832931554036118,0,11,11,74,2,8,5,16
1803,20,4368713173675353472,0,7,7,82,1,3,1,8
1804,20,3503189332727415823,0,11,11,77,6,5,5,9
1805,20,-8005077513722801075,0,8,8,73,4,3,2,6
1806,20,-1360142027543513143,0,2,2,73,3,3,2,5
1807,20,-6876378105054871386,0,9,9,79,2,3,1,8
1808,20,-1129584069787378225,0,10,10,80,1,5,2,13
1809,20,-8270128054483781206,0,15,15,72,1,3,2,11
1810,20,-6977452797994754880,0,10,10,74,1,6,3,20
1811,20,7915272445869085999,0,12,12,72,2,7,5,25
1812,20,3684536551539475686,0,16,16,71,3,5,1,16
1813,20,-787424457769788426,0,10,10,73,1,5,2,15
1814,20,-5226105504518768250,0,7,7,77,1,3,1,9
1815,20,44522079116150048,0,4,4,74,2,9,5,25
1816,20,-4698719552569091207,0,8,8,74,1,6,3,14
1817,20,4134601339983901921,0,10,10,74,3,4,2,7
1818,20,8666716121666914555,0,7,7,75,2,4,2,7
1819,20,7528008939857785459,0,11,11,70,5,3,2,7
1820,20,-5375940226336569662,0,8,8,77,1,4,2,11
1821,20,-8837365623422678708,0,15,15,75,5,4,3,11
1822,20,-3206155163673647534,0,9,9,78,4,4,2,7
1823,20,-505115609577354862,0,10,10,76,1,5,2,11
1824,20,5097637859734420879,0,11,11,70,2,4,2,13
1825,20,6465628942954945486,0,9,9,78,3,8,5,22
1826,20,5134198179704357779,0,13,13,70,8,3,2,9
1827,20,8629291560549309408,0,9,9,69,4,2,1,9
1828,20,6147660542623311553,0,17,17,68,7,3,1,7
1829,20,-982757512298451150,0,8,8,74,1,4,2,10
1830,20,-8744651337584054246,0,8,8,73,4,3,1,9
1831,20,9205081406221781552,0,3,3,74,6,8,6,21
1832,20,-3094712554214979633,0,16,16,77,1,6,4,19
1833,20,6582129143277148407,0,11,11,69,5,3,2,7
1834,20,-7524845124487925994,0,0,0,76,3,8,3,15
1835,20,-122170575064187060,0,10,10,77,1,4,2,7
1836,20,8107857792733332288,0,2,2,79,1,5,2,12
1837,20,-1524676711958076465,0,16,16,79,1,5,2,12
1838,20,-587581538346099189,0,9,9,74,2,6,3,17
1839,20,4765247072515144303,0,10,10,76,2,5,3,14
1840,20,5705032008535959348,0,7,7,69,2,4,1,9
1841,20,7873541953322828320,0,0,0,68,2,9,5,19
1842,20,5670384675119655760,0,5,5,73,2,5,3,15
1843,20,-1081071501753849397,0,13,13,73,2,6,4,10
1844,20,-5926928611762107428,0,12,12,80,3,5,3,8
1845,20,-5645586808841367418,0,7,7,73,5,4,3,13
1846,20,3006298064276200594,0,9,9,74,3,4,2,14
1847,20,6710133682039510277,0,10,10,75,1,4,2,12
1848,20,6342047798640296446,0,9,9,73,4,7,5,19
1849,20,5491344314847209551,0,7,7,75,1,4,2,10
1850,20,5097003802086057295,0,11,11,77,1,6,1,13
1851,20,2263245241490003892,0,8,8,82,1,7,2,14
1852,20,-473314191510957710,0,9,9,76,2,4,2,9
1853,20,6158471991955931645,0,3,3,81,3,7,5,11
1854,20,-718265242928820900,0,16,16,75,4,4,2,9
1855,20,-8071319557104653339,0,15,15,76,2,6,4,13
1856,20,-6309461613632141401,0,16,16,70,4,3,2,7
1857,20,-6591399134895118392,0,8,8,70,2,6,5,14
1858,20,3679436504957708128,0,12,12,71,2,4,2,12
1859,20,-5565962754320808806,0,15,15,74,4,6,5,13
1860,20,460640849110996510,0,11,11,75,1,4,2,9
1861,20,-8989244474994657255,0,12,12,73,6,4,3,8
1862,20,3141124869226846039,0,13,13,80,3,6,3,14
1863,20,8205065560950765638,0,2,2,70,5,2,2,6
1864,20,-3716666383197273874,0,13,13,73,3,6,5,13
1865,20,2555478013340907537,0,6,6,79,3,5,3,15
1866,20,1134344828712741135,0,7,7,79,6,4,2,6
1867,20,-8332843859517998254,0,8,8,71,1,4,1,8
1868,20,-6651880418160730817,0,19,19,84,1,9,6,17
1869,20,3206938633051551232,0,11,11,66,7,2,1,9
1870,20,3426119457071101614,0,10,10,80,6,6,3,11
1871,20,8312728237101460124,0,11,11,73,9,3,3,6
1872,20,-5344546509764419633,0,13,13,77,3,7,3,16
1873,20,-8023593523336463378,0,8,8,74,2,4,2,9
1874,20,-7140655516020482262,0,3,3,70,1,8,4,23
1875,20,7825993617235518963,0,16,16,75,1,5,4,12
1876,20,8689267739900689264,0,11,11,68,4,4,1,10
1877,20,8811646980700901909,0,11,11,76,1,5,2,12
1878,20,-4391572840450765617,0,15,15,74,2,3,1,8
1879,20,-5394310772122371428,0,5,5,74,1,4,2,10
1880,20,-3036495863326879865,0,16,16,71,1,2,1,4
1881,20,-8584670305557032604,0,7,7,80,6,3,2,7
1882,20,-6414353774899115075,0,12,12,71,7,2,1,7
1883,20,825974149257534928,0,4,4,75,6,3,1,6
1884,20,-596994676451809649,0,9,9,73,2,5,3,9
1885,20,-4181648854491167234,0,12,12,70,1,4,2,7
1886,20,-3577691525780721560,0,19,19,79,5,5,1,9
1887,20,-247971487440111813,0,15,15,69,1,4,2,5
1888,20,-5901119103343819628,0,9,9,69,1,2,1,5
1889,20,-5543297987461783111,0,6,6,72,1,6,3,13
1890,20,2079703977943059990,0,14,14,78,2,4,2,10
1891,20,-8397917437772612737,0,9,9,81,1,6,3,13
1892,20,-7328464853666413127,0,15,15,73,4,9,7,27
1893,20,-8013405792630391136,0,19,19,74,1,5,3,10
1894,20,5923173832506441060,0,9,9,65,1,3,2,8
1895,20,5715130755549615791,0,9,9,77,3,3,1,4
1896,20,739785344858508466,0,14,14,74,4,3,1,8
1897,20,-8594697995390619279,0,11,11,71,1,7,4,19
1898,20,3811333731429446338,0,11,11,78,4,4,2,10
1899,20,-1137721648804878636,0,3,3,80,4,4,2,5
1900,20,-5434620682709335733,0,6,6,70,2,4,2,10
1901,20,-5536164276702319584,0,5,5,71,3,5,3,12
1902,20,-2251151483420285710,0,10,10,78,3,4,2,6
1903,20,-66284307672349076,0,13,13,74,2,4,2,11
1904,20,6017123727747456735,0,3,3,70,6,2,1,6
1905,20,744034171106766930,0,8,8,70,3,5,3,16
1906,20,2436988758253699981,0,3,3,72,3,4,2,11
1907,20,-9116343154203744538,0,7,7,77,1,4,2,11
1908,20,8385432198180508385,0,11,11,80,2,8,5,19
1909,20,4378321804301079011,0,4,4,68,4,5,4,17
1910,20,4525009105357651326,0,11,11,72,2,4,3,6
1911,20,3328475198544739111,0,17,17,69,4,7,5,19
1912,20,-5877566513167979689,0,12,12,75,3,3,1,3
1913,20,-485933447702361759,0,12,12,79,5,5,3,17
1914,20,1771586420529551236,0,5,5,72,3,2,1,7
1915,20,4879671273945756168,0,15,15,73,1,5,2,11
1916,20,-2685373682995325607,0,11,11,73,2,9,5,22
1917,20,-4733804739995380082,0,9,9,72,2,4,2,10
1918,20,1033101064712475317,0,1,1,70,2,2,1,5
1919,20,1608544996562452693,0,15,15,80,3,6,2,14
1920,20,-3116514119136302185,0,14,14,69,8,3,3,9
1921,20,8061475044170183393,0,15,15,73,1,4,2,9
1922,20,-6338823605447449866,0,12,12,75,1,4,2,8
1923,20,-1217394809732825649,0,12,12,73,3,6,4,14
1924,20,-4481624959114734383,0,7,7,70,1,3,1,8
1925,20,-704116446854425594,0,4,4,70,4,7,4,20
1926,20,-6652992503501015677,0,11,11,68,2,4,2,11
1927,20,-7336113689164035413,0,17,17,75,3,2,1,5
1928,20,-2629054038798192036,0,10,10,77,2,4,2,6
1929,20,-1089559055840772518,0,14,14,78,3,8,5,20
1930,20,-6666317948309190802,0,0,0,74,1,7,3,21
1931,20,1021351018797649682,0,3,3,76,2,8,5,23
1932,20,4595575739189550756,0,0,0,78,2,10,5,19
1933,20,1802398116364380016,0,9,9,73,5,4,2,12
1934,20,7333406575230520343,0,14,14,76,7,2,2,4
1935,20,-1493542881613249761,0,4,4,71,1,5,3,15
1936,20,6273247421911956388,0,18,18,71,9,1,1,2
1937,20,5111009155706661006,0,10,10,71,2,5,3,9
1938,20,2395936148666524601,0,9,9,70,2,4,3,12
1939,20,3234847725029935588,0,5,5,78,4,6,4,16
1940,20,-576826192842894993,0,10,10,75,3,4,1,10
1941,20,3338651308297552176,0,11,11,73,1,11,6,31
1942,20,6563834306979160542,0,4,4,75,1,5,2,12
1943,20,5515203269875456997,0,15,15,74,1,5,3,11
1944,20,-8247516958979965781,0,18,18,71,3,7,5,18
1945,20,-3635638979272775292,0,9,9,65,4,4,3,11
1946,20,5617846811491361765,0,11,11,72,6,4,4,4
1947,20,4703908635074265498,0,11,11,75,1,9,6,19
1948,20,3114092439827754257,0,11,11,65,2,2,1,8
1949,20,4320028821526279405,0,3,3,69,8,2,2,8
1950,20,-4340915747827746941,0,7,7,77,1,7,3,15
1951,20,4265770415292685810,0,10,10,76,6,2,1,6
1952,20,-6258159833881480209,0,8,8,76,2,6,3,15
1953,20,-269298293263039359,0,12,12,71,4,5,3,16
1954,20,1575751404627382590,0,15,15,78,5,5,3,16
1955,20,-5293442079785645877,0,12,12,75,5,3,2,9
1956,20,-7494165642156121435,0,10,10,71,7,5,4,14
1957,20,3991534890185804171,0,14,14,81,1,12,6,26
1958,20,-2150804475962060044,0,14,14,71,7,2,2,4
1959,20,-8757125350527452805,0,11,11,67,1,3,2,6
1960,20,1940289647686727979,0,9,9,69,6,1,1,3
1961,20,5552599996413220873,0,13,13,62,4,3,2,7
1962,20,-1948274359737179565,0,13,13,74,1,5,2,6
1963,20,-4344926495969296054,0,9,9,72,3,4,2,9
1964,20,8951302026947814538,0,7,7,80,2,4,1,13
1965,20,-621951065478297298,0,1,1,73,1,5,2,10
1966,20,5972336131527692126,0,7,7,75,5,3,2,9
1967,20,2259140386716849653,0,3,3,80,2,7,3,13
1968,20,-6971338088022143650,0,6,6,71,1,4,2,13
1969,20,-2951700238819889695,0,11,11,80,3,3,1,4
1970,20,-68978406668514578,0,11,11,72,1,3,1,6
1971,20,-663284825903715283,0,8,8,73,1,3,2,3
1972,20,5244841597691426395,0,17,17,76,2,3,2,6
1973,20,-7063337382297005763,0,8,8,71,6,2,1,4
1974,20,-7699169447513559761,0,4,4,71,1,5,3,12
1975,20,-6238516862521155050,0,8,8,71,3,2,1,9
1976,20,-7712648321469666619,0,10,10,78,9,1,1,1
1977,20,3919350590755588879,0,13,13,69,3,3,2,10
1978,20,3504750289530735647,0,7,7,69,2,5,3,17
1979,20,2126683959193450953,0,15,15,73,1,8,4,21
1980,20,-2854130000759522058,0,9,9,78,4,3,1,7
1981,20,3795008089964700251,0,7,7,75,2,6,5,18
1982,20,-6592709878265994734,0,5,5,71,9,1,1,4
1983,20,1560355221777474514,0,13,13,73,3,3,1,9
1984,20,-7485909150233144100,0,10,10,69,2,12,8,35
1985,20,-7305129453068992552,0,8,8,74,5,8,6,19
1986,20,-2750133537795341264,0,13,13,72,1,4,2,7
1987,20,-834592401950500430,0,17,17,77,3,4,3,10
1988,20,4216230094225526392,0,11,11,77,3,5,2,10
1989,20,8284197988534874223,0,10,10,78,6,3,2,9
1990,20,-4252414074842191627,0,12,12,71,4,6,4,13
1991,20,-3442065507496703906,0,12,12,66,2,4,1,10
1992,20,-7972971425552848800,0,14,14,74,3,2,1,7
1993,20,1442250680118409152,0,13,13,76,2,2,1,4
1994,20,-7783056854305046863,0,10,10,80,1,4,2,11
1995,20,5018117773074336446,0,13,13,80,1,6,3,13
1996,20,7168868009992421949,0,12,12,73,4,3,2,4
1997,20,-1658899216828796260,0,14,14,78,1,6,4,15
1998,20,-2114867917769616890,0,9,9,69,4,3,2,5
1999,20,5361154555176940591,0,16,16,69,3,8,5,20
2000,20,-6125069922790085810,0,3,3,69,2,6,3,12
2001,20,8748592993461668236,0,17,17,78,1,7,3,19
2002,20,-912554602749541267,0,9,9,80,5,2,1,3
2003,20,6925673941130390273,0,18,18,75,1,4,2,10
2004,20,5963160023926489316,0,5,5,77,8,1,1,1
2005,20,478223706216706889,0,5,5,76,5,3,1,11
2006,20,2703335164928905905,0,10,10,74,3,3,1,7
2007,20,-1633994954219433222,0,16,16,81,2,3,1,6
2008,20,-2544567620302283548,0,3,3,76,2,5,2,11
2009,20,9166295641508562754,0,13,13,75,3,4,3,10
2010,20,2701106927809637233,0,15,15,74,5,2,1,2
2011,20,1174947863147988946,0,12,12,75,2,2,1,5
2012,20,-9207258632603233208,0,11,11,71,5,4,2,13
2013,20,-5135118213241249767,0,6,6,63,5,3,2,10
2014,20,-7287343484795677277,0,11,11,77,3,3,2,10
2015,20,-6704836131115620427,0,8,8,69,5,5,2,12
2016,20,-92762856535947874,0,17,17,67,9,2,2,6
2017,20,-2835366050413212122,0,8,8,70,3,6,3,22
2018,20,7912443515180984076,0,10,10,68,3,4,3,7
2019,20,-8972392443800506940,0,14,14,75,3,4,2,10
2020,20,-6788487344460122233,0,8,8,73,3,8,5,18
2021,20,-7730332991327610382,0,15,15,79,4,5,3,9
2022,20,1510652502432139976,0,6,6,72,2,5,2,13
2023,20,-3320773582526587756,0,12,12,77,4,4,3,8
2024,20,-7639681391905306823,0,11,11,82,3,9,6,17
2025,20,8962729821830813374,0,10,10,74,5,4,2,7
2026,20,-4560549822627014712,0,15,15,76,1,10,6,23
2027,20,-4721477689244223315,0,11,11,71,1,8,5,25
2028,20,1873560293502347006,0,11,11,68,2,3,2,9
2029,20,-3729660819279444742,0,9,9,78,4,11,6,29
2030,20,-6763325857011927217,0,13,13,73,4,4,2,10
2031,20,679292882028778252,0,7,7,73,2,8,5,17
2032,20,-3919857058315473741,0,13,13,73,3,3,1,6
2033,20,7296106389123581134,0,12,12,70,2,9,6,19
2034,20,-85903478317180043,0,15,15,76,4,3,1,8
2035,20,-8000512265300679775,0,8,8,73,5,3,2,6
2036,20,-6856985198582845366,0,13,13,79,4,3,1,3
2037,20,7024060139531999380,0,7,7,67,5,2,1,6
2038,20,4344356553579316644,0,11,11,75,4,3,2,5
2039,20,-994056092806237230,0,5,5,77,4,7,5,16
2040,20,3686140568856918600,0,15,15,74,1,5,2,8
2041,20,7523265406291801947,0,7,7,81,3,5,2,10
2042,20,-7999657351318479586,0,15,15,76,2,4,1,7
2043,20,3336817039661603062,0,12,12,80,1,3,1,7
2044,20,-599836014822702521,0,6,6,75,3,11,7,33
2045,20,6141649744911691622,0,10,10,71,9,1,1,1
2046,20,-7944209423346248332,0,16,16,72,3,2,1,4
2047,20,8748064810126851803,0,15,15,80,1,4,2,10
2048,20,8831008223881854325,0,5,5,78,2,5,3,10
2049,20,-459816557733914453,0,8,8,74,1,8,6,21
2050,20,7373590855732389136,0,18,18,81,1,6,1,15
2051,20,-3112547375773056447,0,9,9,75,2,5,3,9
2052,20,-5092128969279029996,0,12,12,77,1,4,2,11
2053,20,-4051563071305689259,0,15,15,74,2,9,6,26
2054,20,617831545052531628,0,14,14,79,3,4,2,12
2055,20,-2697055598309172387,0,9,9,78,2,5,3,8
2056,20,-1255545559543669512,0,13,13,77,3,3,2,7
2057,20,-654439956305727933,0,12,12,77,1,7,4,20
2058,20,-7710261240432629543,0,13,13,84,2,3,1,7
2059,20,3212956829704132695,0,13,13,73,2,5,2,16
2060,20,-7543411647892979188,0,3,3,77,4,6,4,13
2061,20,5005268225488085382,0,14,14,71,5,7,6,16
2062,20,6714089370776527482,0,9,9,73,1,8,5,20
2063,20,5592385847230080972,0,10,10,81,3,3,2,9
2064,20,-8429127220501468979,0,11,11,64,3,5,3,17
2065,20,-3137729217293604633,0,15,15,76,5,4,3,13
2066,20,2228561867245886278,0,4,4,73,7,2,1,5
2067,20,5112199540532687692,0,11,11,71,1,4,3,9
2068,20,-7698563339708398643,0,10,10,68,2,4,1,9
2069,20,-5178333637298507170,0,1,1,69,1,3,1,10
2070,20,9036194708545943881,0,3,3,82,1,8,4,17
2071,20,7044746065522313693,0,7,7,68,3,4,1,16
2072,20,2127928528341658161,0,7,7,74,1,4,3,8
2073,20,-4492722189944441700,0,7,7,73,7,3,2,8
2074,20,-7244709798690358173,0,11,11,71,4,4,2,9
2075,20,7435473479602821750,0,12,12,71,1,6,4,20
2076,20,1365571393381340724,0,6,6,71,1,5,3,15
2077,20,-5313556928173092478,0,5,5,68,2,4,2,13
2078,20,-9154325708954229561,0,7,7,77,3,5,2,13
2079,20,5665198102787964549,0,16,16,72,4,4,1,8
2080,20,8792171163741451170,0,14,14,76,3,8,4,23
2081,20,-6874200837531416408,0,10,10,72,2,4,2,17
2082,20,-4117568294143940226,0,8,8,69,2,2,1,6
2083,20,-141820505060338582,0,11,11,68,4,4,2,9
2084,20,-5192393019604779426,0,15,15,83,3,5,3,9
2085,20,2942761158715505111,0,12,12,67,3,5,2,12
2086,20,-2287990907959755038,0,9,9,75,1,6,2,12
2087,20,-4315518793190184454,0,19,19,70,2,6,3,19
2088,20,-1170528946178690852,0,10,10,73,2,2,1,4
2089,20,-1675102957824329841,0,4,4,68,7,2,1,5
2090,20,4086055411839020323,0,8,8,79,2,7,3,17
2091,20,-9187488102342084868,0,11,11,72,3,2,1,5
2092,20,-8189539223074995545,0,12,12,74,1,4,2,9
2093,20,-9143678047784605310,0,10,10,71,5,6,3,13
2094,20,5375068506181072581,0,11,11,75,2,9,6,24
2095,20,183899884810643375,0,11,11,80,1,3,1,4
2096,20,8079068109935015644,0,13,13,74,3,4,3,9
2097,20,-3614109426711134441,0,4,4,79,2,10,7,27
2098,20,-4452922501488029920,0,10,10,79,3,4,1,10
2099,20,239354613802547011,0,14,14,68,1,6,2,18
2100,20,-2214449289288533330,0,14,14,71,3,3,2,8
2101,20,-651097023061216792,0,9,9,70,4,4,2,13
2102,20,-4838437108804099873,0,7,7,70,3,3,1,9
2103,20,4877649540728429147,0,8,8,79,6,5,3,11
2104,20,1724729897104430048,0,14,14,74,2,4,1,11
2105,20,4907613413650143300,0,6,6,68,1,8,5,19
2106,20,3844201695054357634,0,11,11,72,1,5,3,15
2107,20,-4331994398612391535,0,8,8,72,1,3,1,9
2108,20,-5926919442521792690,0,11,11,65,4,2,1,9
2109,20,-8560236654296496210,0,14,14,77,3,6,3,9
2110,20,-5085943961928071460,0,13,13,71,1,5,3,8
2111,20,-4773142140774679566,0,5,5,78,2,5,2,12
2112,20,900524903822483300,0,12,12,66,4,2,1,5
2113,20,-4990658776610617508,0,18,18,69,2,8,4,19
2114,20,-7637101533249658987,0,3,3,73,1,2,1,3
2115,20,550705703972643198,0,7,7,75,2,4,2,8
2116,20,-5189864099858294107,0,12,12,87,1,6,2,11
2117,20,-5153908148955704648,0,14,14,65,5,3,2,8
2118,20,-4423282144303761496,0,10,10,68,3,5,3,12
2119,20,-3923232121204773463,0,11,11,81,3,5,4,12
2120,20,-2506568768541013467,0,7,7,73,5,3,2,9
2121,20,-6510521984633312285,0,10,10,75,3,7,4,18
2122,20,-727231474569289754,0,9,9,71,2,2,1,5
2123,20,-351920236373483043,0,8,8,74,2,4,2,13
2124,20,-7664184743449372656,0,18,18,75,1,9,5,20
2125,20,3894202432291716653,0,10,10,70,2,5,3,12
2126,20,8681820847547996018,0,10,10,68,2,3,1,8
2127,20,-826569349283559434,0,8,8,76,3,5,3,18
2128,20,-2673317843186422239,0,9,9,73,5,4,2,10
2129,20,3418245881014866078,0,9,9,75,4,5,4,14
2130,20,8966398135005020740,0,10,10,73,1,8,5,19
2131,20,8743046857026161860,0,5,5,78,2,8,4,18
2132,20,4495932260805383211,0,11,11,72,1,3,1,5
2133,20,-51416601694926735,0,13,13,75,2,4,2,5
2134,20,-362907953879732314,0,4,4,66,4,5,4,16
2135,20,569354688214035085,0,10,10,73,1,4,1,6
2136,20,1563857929054068372,0,11,11,69,4,6,4,14
2137,20,-6003137156259316845,0,5,5,73,9,2,2,6
2138,20,6588679442209681594,0,16,16,71,2,3,1,7
2139,20,-1957088240854162552,0,12,12,73,3,6,3,14
2140,20,-900346923369485099,0,16,16,81,2,5,2,14
2141,20,-6991009252040289496,0,11,11,78,1,4,1,11
2142,20,8174784074598694641,0,7,7,81,1,6,3,18
2143,20,5604364028521319522,0,12,12,63,2,4,2,13
2144,20,-960163872186042373,0,13,13,75,2,5,2,12
2145,20,-6233549114056180217,0,14,14,67,2,5,2,12
2146,20,-5632275194082970987,0,17,17,72,1,6,3,17
2147,20,8877078269608470205,0,10,10,79,2,4,1,8
2148,20,-8099046575099875031,0,5,5,78,3,3,1,7
2149,20,-8262537873916185799,0,13,13,77,3,4,1,9
2150,20,-2828235757443151552,0,11,11,73,4,2,1,4
2151,20,-7113188871441314900,0,10,10,76,2,5,3,13
2152,20,-8503833172145557484,0,14,14,69,3,4,2,11
2153,20,-6179791223227497346,0,10,10,79,3,7,5,11
2154,20,-7122137422140490653,0,3,3,73,2,6,2,15
2155,20,-3747228045214587335,0,12,12,74,7,3,2,9
2156,20,-8099833132610113147,0,17,17,80,1,8,4,13
2157,20,-1743745355288002361,0,13,13,70,2,3,1,8
2158,20,8679274493440911297,0,16,16,68,5,4,3,8
2159,20,-667326265941541408,0,14,14,71,2,4,2,9
2160,20,4523148437279958491,0,5,5,76,4,7,4,18
2161,20,-526631065034955075,0,18,18,72,1,4,1,7
2162,20,-363344048932208655,0,11,11,76,4,3,2,8
2163,20,4354002028832035089,0,11,11,73,4,3,1,7
2164,20,7328160416490229638,0,8,8,74,5,2,1,6
2165,20,-457812731302516935,0,11,11,80,1,8,5,16
2166,20,-6872407681979033377,0,14,14,66,2,4,3,14
2167,20,-5130339443699826767,0,15,15,70,7,3,2,8
2168,20,4729077982738051469,0,13,13,63,2,2,1,7
2169,20,1608077222617118666,0,17,17,76,2,9,5,19
2170,20,-7269963217718625205,0,14,14,76,5,6,4,14
2171,20,-4591406978896411239,0,12,12,74,4,3,2,6
2172,20,-1754033942749164023,0,14,14,75,2,4,1,9
2173,20,5641530834898597170,0,7,7,72,4,4,3,8
2174,20,-7998662115098636216,0,7,7,69,6,2,2,4
2175,20,-5211611937594751722,0,19,19,72,1,6,4,17
2176,20,-1243026926328302424,0,15,15,75,3,3,2,8
2177,20,-5989841949878299159,0,8,8,77,1,6,3,12
2178,20,-2015643946387075650,0,6,6,82,6,4,2,13
2179,20,3572120256219341160,0,9,9,70,5,2,1,6
2180,20,-1654223855535578837,0,14,14,73,3,4,2,10
2181,20,5073834009316273305,0,9,9,70,3,4,3,9
2182,20,-6166202654089148695,0,4,4,75,6,1,1,5
2183,20,-4662595060355438269,0,6,6,77,1,9,4,23
2184,20,4084938352588319208,0,18,18,72,1,5,3,15
2185,20,1605716459924322976,0,7,7,76,3,4,2,6
2186,20,3008165687139614169,0,1,1,77,1,6,3,12
2187,20,-1182816010074173104,0,12,12,83,2,3,1,6
2188,20,5961598228183547464,0,5,5,71,1,6,2,15
2189,20,7552664767017587345,0,10,10,67,2,5,3,16
2190,20,5465426986726017776,0,10,10,69,6,3,1,9
2191,20,5300057751420337837,0,6,6,74,4,3,1,9
2192,20,-8013595056154479286,0,9,9,77,4,6,4,14
2193,20,-3116505423590896973,0,15,15,74,2,6,2,9
2194,20,4100322487293399911,0,12,12,68,4,4,2,10
2195,20,-5873724216272756375,0,10,10,77,3,9,5,23
2196,20,5226057786692856831,0,10,10,76,1,3,1,6
2197,20,-1725204581688623232,0,11,11,75,5,4,2,11
2198,20,-320326453677076535,0,8,8,69,5,2,1,6
2199,20,8181019411321741065,0,9,9,67,5,3,2,4
2200,20,-128122172727741428,0,6,6,73,3,2,1,4
2201,20,-7771044614082206168,0,9,9,76,3,7,5,12
2202,20,-2982654958269717899,0,2,2,71,1,4,2,8
2203,20,-6885771283248116474,0,4,4,69,4,4,3,8
2204,20,3306177539206205995,0,11,11,80,4,4,2,12
2205,20,1575926925967421195,0,18,18,75,3,8,6,16
2206,20,-4763257756150170080,0,19,19,72,2,5,2,12
2207,20,7836637460116421453,0,11,11,77,1,6,3,11
2208,20,6102957525476035754,0,3,3,69,2,4,3,12
2209,20,-8234801516110645181,0,11,11,80,2,4,2,6
2210,20,3905801472078519377,0,7,7,73,8,1,1,1
2211,20,7007227795172576957,0,6,6,74,1,6,4,12
2212,20,-7290607943475770902,0,12,12,73,3,4,2,10
2213,20,-4805867693816016872,0,9,9,68,3,4,2,16
2214,20,-5017947920533044252,0,9,9,70,3,4,2,11
2215,20,1400295871209204652,0,13,13,79,1,4,2,5
2216,20,-4915428045328285983,0,4,4,70,2,5,2,14
2217,20,7416332324792534921,0,15,15,66,5,6,4,15
2218,20,-6490480802303893624,0,4,4,76,1,4,1,6
2219,20,5582161318780334179,0,14,14,74,3,6,2,12
2220,20,-7929584617206977127,0,14,14,71,2,4,3,9
2221,20,-7157048858213739318,0,2,2,88,3,7,2,16
2222,20,-8066850208610425791,0,5,5,72,1,6,2,16
2223,20,4666831200883785629,0,2,2,75,2,5,3,12
2224,20,-583002323005246546,0,13,13,74,6,5,3,11
2225,20,-1967523569808685632,0,16,16,73,9,4,4,4
2226,20,-905048653729380378,0,5,5,78,5,3,2,5
2227,20,3323173349238135564,0,9,9,79,1,4,2,9
2228,20,-8600127942946019116,0,10,10,78,1,4,1,11
2229,20,8665199025087693447,0,16,16,71,5,3,2,13
2230,20,-393877079457445980,0,16,16,75,1,4,1,13
2231,20,1457312917275463124,0,10,10,65,6,4,2,11
2232,20,2734656201785412943,0,13,13,76,2,7,4,15
2233,20,855622320681836525,0,4,4,77,7,4,2,8
2234,20,5279957885580787321,0,6,6,77,5,4,2,10
2235,20,7048617553364412174,0,7,7,73,2,5,3,13
2236,20,1322169425556899962,0,16,16,70,1,4,3,8
2237,20,9131867104794378740,0,12,12,81,1,5,3,15
2238,20,-6332737905527141447,0,6,6,74,5,3,2,7
2239,20,6691833074716001351,0,11,11,81,6,2,1,5
2240,20,-2701273452867700927,0,3,3,69,3,9,7,27
2241,20,-8652494746628338093,0,4,4,78,3,3,1,8
2242,20,-8780315577381484147,0,17,17,72,1,5,3,13
2243,20,-1404843559623545858,0,16,16,77,2,5,3,13
2244,20,4613405546584378022,0,6,6,72,2,3,1,8
2245,20,-544338767128088842,0,8,8,71,2,5,2,20
2246,20,7095546126573638511,0,5,5,70,4,3,2,8
2247,20,-5212221459889801175,0,15,15,69,4,3,2,4
2248,20,-3039788594613897665,0,16,16,70,1,4,2,15
2249,20,8136504700360205434,0,12,12,71,2,6,3,14
2250,20,5706073949860912304,0,12,12,76,1,2,1,7
2251,20,1630227537033089201,0,9,9,69,3,5,3,12
2252,20,343418526872465078,0,13,13,63,4,2,1,6
2253,20,8818790537160583346,0,11,11,80,1,4,2,8
2254,20,-1536089011489679629,0,2,2,72,9,1,1,2
2255,20,3015067548093838833,0,11,11,75,5,4,2,9
2256,20,-4810779034293635000,0,11,11,74,1,5,2,10
2257,20,-3905622726898949851,0,14,14,72,5,9,8,14
2258,20,6775279887529306287,0,11,11,69,6,4,2,10
2259,20,-8872121115235722437,0,13,13,75,2,4,2,12
2260,20,3496375868686370119,0,11,11,70,2,7,3,19
2261,20,1580718481643331981,0,8,8,76,2,6,3,18
2262,20,3002665275593667504,0,11,11,79,1,5,3,12
2263,20,4628499115709288787,0,11,11,74,2,3,1,8
2264,20,-8394867030712785768,0,12,12,67,7,2,1,2
2265,20,5756932465719787097,0,4,4,75,2,4,2,14
2266,20,-3761069696718492778,0,14,14,72,2,3,1,7
2267,20,-1049527400392785678,0,16,16,77,2,3,1,8
2268,20,-3316803186771001290,0,3,3,73,4,3,2,8
2269,20,4497692308662333228,0,1,1,73,2,5,3,13
2270,20,-7637799540222657452,0,3,3,71,4,5,3,14
2271,20,-240722416106965692,0,11,11,74,4,3,1,5
2272,20,-6306955313580332115,0,7,7,71,5,3,2,7
2273,20,8408642042991083868,0,15,15,77,3,4,1,8
2274,20,6489443015915618482,0,13,13,69,1,4,2,10
2275,20,-1172809788991900054,0,12,12,75,3,3,1,7
2276,20,1191483593760326303,0,10,10,71,1,8,4,19
2277,20,6727789965938170483,0,11,11,72,5,2,1,6
2278,20,-1144781194834212660,0,12,12,75,4,5,3,13
2279,20,1896209309265671161,0,15,15,75,3,6,4,17
2280,20,-2762660991438874813,0,11,11,74,3,7,4,18
2281,20,-7284590286620734798,0,13,13,74,8,5,4,11
2282,20,-396632554648358766,0,18,18,67,3,3,1,7
2283,20,7182186806904995706,0,1,1,72,1,7,4,15
2284,20,-3491534534075240223,0,9,9,70,1,4,1,13
2285,20,5663648931211538313,0,14,14,69,2,5,3,13
2286,20,-5340768593648417210,0,14,14,76,2,3,1,6
2287,20,8227124157941241576,0,10,10,71,2,6,4,13
2288,20,8955104883054008919,0,14,14,73,4,5,3,13
2289,20,-1169510564675557856,0,6,6,73,1,6,3,10
2290,20,1632832135476855040,0,1,1,63,5,2,1,7
2291,20,-7673300242666946763,0,16,16,74,2,2,1,3
2292,20,-6086788076495929193,0,10,10,72,2,7,4,14
2293,20,4397660888558947794,0,18,18,76,2,3,1,6
2294,20,-1250799075012622547,0,7,7,71,1,3,1,10
2295,20,-8617471662655377723,0,13,13,74,5,7,3,15
2296,20,-5043602146055790297,0,12,12,72,2,4,2,11
2297,20,8764643876650162860,0,15,15,77,1,5,2,18
2298,20,6376867623352157452,0,11,11,73,1,5,2,10
2299,20,797842978500364272,0,13,13,78,1,3,2,3
2300,20,2496991087699691679,0,14,14,75,2,5,3,10
2301,20,-7402968726636562446,0,7,7,71,4,4,3,8
2302,20,3498173913936401200,0,7,7,69,1,5,3,9
2303,20,-8371330761118866556,0,13,13,71,5,4,3,9
2304,20,-6241850382545313490,0,12,12,68,1,4,2,4
2305,20,3804946243219290779,0,9,9,74,1,6,2,13
2306,20,-807200305922839295,0,2,2,77,5,4,2,9
2307,20,-8098700001053512894,0,11,11,72,1,4,2,7
2308,20,-482783140885491434,0,7,7,70,4,4,2,11
2309,20,2518020947846046672,0,7,7,75,2,7,4,21
2310,20,24964506834040634,0,10,10,76,3,3,1,6
2311,20,5787253380068508765,0,13,13,72,1,4,2,9
2312,20,-8445820776195757780,0,12,12,74,4,6,4,8
2313,20,6316224434545242993,0,10,10,74,1,5,3,9
2314,20,-5149007844230195604,0,11,11,83,3,6,3,16
2315,20,1378203755503340030,0,13,13,72,2,6,3,15
2316,20,3155370302971355993,0,9,9,73,1,5,2,13
2317,20,4458979811469150864,0,12,12,76,1,6,4,15
2318,20,-1401988427830356614,0,5,5,71,3,2,1,5
2319,20,960043094726989762,0,10,10,75,1,4,2,13
2320,20,-7841072402860297957,0,9,9,73,5,5,3,10
2321,20,1657809013153422835,0,14,14,70,1,5,2,11
2322,20,6494648426751433756,0,10,10,72,2,4,3,11
2323,20,5349579826396505146,0,6,6,76,1,6,4,14
2324,20,-127170672939705852,0,6,6,72,6,2,1,6
2325,20,859278691938302102,0,15,15,80,3,6,3,12
2326,20,356449856311096668,0,17,17,71,3,6,4,16
2327,20,-1633381796906996887,0,9,9,80,1,6,2,14
2328,20,-768795522058851782,0,14,14,68,2,5,3,15
2329,20,-8951930114119643609,0,15,15,70,1,6,4,12
2330,20,-3494724254683584997,0,2,2,76,4,5,3,15
2331,20,4001548634541517130,0,10,10,69,7,3,2,8
2332,20,-320939080170622730,0,6,6,70,5,3,2,8
2333,20,333401090352422281,0,12,12,73,2,8,4,17
2334,20,-8098414147454938227,0,19,19,77,6,6,4,14
2335,20,-7252166103045381048,0,12,12,76,2,3,1,8
2336,20,1930804123959021317,0,6,6,73,5,9,7,11
2337,20,6545798782040531793,0,6,6,78,2,5,3,12
2338,20,-6186689772325733959,0,15,15,72,1,5,3,10
2339,20,535940581088004036,0,9,9,73,1,5,3,13
2340,20,-823773917831899830,0,14,14,75,4,4,2,11
2341,20,263000078158060620,0,15,15,72,1,2,1,5
2342,20,2030167301640516090,0,11,11,74,4,3,1,4
2343,20,-6091973536781758829,0,3,3,73,2,4,2,9
2344,20,4432300127452672826,0,16,16,79,1,5,3,8
2345,20,-2283842934830770185,0,11,11,81,2,2,1,5
2346,20,-5043978990964782720,0,9,9,73,3,8,5,27
2347,20,-1755478004766130819,0,3,3,74,5,4,2,12
2348,20,5790815247628596574,0,12,12,73,4,2,1,2
2349,20,500947362541165317,0,5,5,72,3,5,4,17
2350,20,6238103976492492752,0,9,9,80,1,5,2,9
2351,20,1965358391980142015,0,8,8,69,3,3,2,4
2352,20,-3241937022589119531,0,9,9,69,3,4,2,14
2353,20,2222684330219377117,0,9,9,75,5,4,4,6
2354,20,8666260382930502976,0,10,10,71,4,6,5,17
2355,20,-4397236861152991350,0,8,8,80,3,4,2,7
2356,20,4513456684939153615,0,14,14,78,5,8,6,21
2357,20,1566111119818822426,0,13,13,71,1,2,1,5
2358,20,4190561603430707580,0,15,15,65,3,3,2,6
2359,20,9192541574680595586,0,12,12,68,1,3,2,8
2360,20,8811903003224909587,0,11,11,74,1,5,3,14
2361,20,2627625319530361353,0,5,5,78,1,4,1,9
2362,20,-355241477451011580,0,16,16,78,2,3,1,7
2363,20,784253722891899455,0,14,14,79,3,6,3,14
2364,20,-7112600370732185478,0,15,15,73,2,8,4,21
2365,20,659517475677905198,0,11,11,73,4,3,2,7
2366,20,-8776517506992324437,0,7,7,71,4,3,2,10
2367,20,-3185345151302726449,0,14,14,76,2,5,3,10
2368,20,6724801932439301233,0,11,11,77,4,5,4,10
2369,20,1545906996217128127,0,12,12,70,8,2,2,8
2370,20,8289181640218874393,0,14,14,72,1,7,4,18
2371,20,-625163020812744398,0,5,5,77,1,5,2,13
2372,20,-6763069255492522373,0,15,15,70,7,4,4,12
2373,20,3444236633687921959,0,13,13,75,2,6,3,13
2374,20,-7724869865762894774,0,15,15,68,1,6,3,18
2375,20,-8023821621835368483,0,13,13,72,3,4,2,10
2376,20,3978436489423862957,0,14,14,74,7,2,2,6
2377,20,3359556508777607557,0,17,17,75,2,4,2,10
2378,20,8341839259574322446,0,6,6,69,2,5,3,8
2379,20,-1855339869432731848,0,4,4,80,5,2,1,3
2380,20,-7367843116657371599,0,14,14,79,4,3,2,8
2381,20,356044210674549291,0,16,16,74,1,3,1,8
2382,20,-783452395506720633,0,9,9,72,1,4,1,12
2383,20,-3553363325209063904,0,10,10,71,1,7,4,22
2384,20,8067376811407169987,0,11,11,68,4,3,2,7
2385,20,1139406194194516767,0,11,11,74,2,5,3,12
2386,20,-8633183758081439827,0,19,19,66,1,4,2,11
2387,20,-4353135944968493467,0,13,13,79,1,7,5,14
2388,20,5505946012273730615,0,9,9,76,2,5,3,14
2389,20,8397547066976964253,0,12,12,80,2,7,4,12
2390,20,7649643320667811533,0,15,15,70,5,7,6,15
2391,20,9074297261174216525,0,1,1,77,4,6,3,14
2392,20,-78405662392647951,0,7,7,68,8,5,4,14
2393,20,-1754358375385505902,0,12,12,71,3,6,3,17
2394,20,-3184259975379194874,0,6,6,78,5,4,3,7
2395,20,-6722262163715411952,0,13,13,80,1,5,2,10
2396,20,-2718097701706998165,0,16,16,78,1,8,6,23
2397,20,7278987747570598947,0,10,10,76,1,3,2,9
2398,20,3365166014206811595,0,13,13,80,5,6,4,12
2399,20,-325823119089192359,0,9,9,82,2,2,1,5
2400,20,348647677927452850,0,8,8,69,4,3,2,11
2401,20,6456714280626448420,0,10,10,74,4,3,1,6
2402,20,-4479479731198877340,0,4,4,78,2,9,6,20
2403,20,-975846497415041845,0,9,9,74,2,5,3,18
2404,20,2279747878140967914,0,14,14,70,7,3,2,11
2405,20,9208997394227421090,0,6,6,73,2,2,1,5
2406,20,-6927810050709415572,0,14,14,76,3,10,6,27
2407,20,-8203801778794846854,0,11,11,76,2,6,3,16
2408,20,5665439585187761350,0,4,4,74,1,6,4,17
2409,20,3981314678390651226,0,14,14,66,8,2,2,4
2410,20,231686035926795348,0,14,14,80,2,7,5,15
2411,20,-817473960204839826,0,17,17,73,2,2,1,2
2412,20,-987081459975211760,0,9,9,72,5,4,3,6
2413,20,8188162949509603647,0,16,16,70,3,5,3,16
2414,20,-5845023335651237153,0,10,10,68,1,5,3,18
2415,20,-7844087605078692316,0,7,7,76,2,6,4,12
2416,20,3576237981357480487,0,8,8,74,2,3,1,8
2417,20,7340484319023272696,0,10,10,71,1,5,2,16
2418,20,6669380497989037732,0,14,14,77,2,4,1,7
2419,20,7072438570576903692,0,8,8,74,5,8,5,23
2420,20,-3951417684307651716,0,4,4,72,4,4,2,9
2421,20,1991818167433534559,0,4,4,74,2,3,1,7
2422,20,-4941514219401387888,0,7,7,71,1,5,3,11
2423,20,7183978541754814732,0,11,11,69,6,4,3,10
2424,20,8264178880631118100,0,10,10,81,2,6,2,22
2425,20,-8556482628134162429,0,13,13,77,6,3,2,10
2426,20,355057642835298145,0,11,11,81,1,6,3,18
2427,20,7231853294383591419,0,19,19,79,7,4,3,6
2428,20,-6998019280922623479,0,11,11,73,5,1,1,1
2429,20,7938993138671847335,0,11,11,73,4,2,1,7
2430,20,-5250785967318569428,0,15,15,79,5,6,2,15
2431,20,4380652259545098791,0,9,9,70,5,4,1,12
2432,20,2934922914991969033,0,12,12,72,4,5,3,12
2433,20,5535543167422600897,0,3,3,80,3,9,5,18
2434,20,-7597549405096619305,0,9,9,76,4,7,4,17
2435,20,5574140311649972176,0,6,6,64,4,5,3,16
2436,20,2357512425329614037,0,13,13,82,2,5,3,6
2437,20,-1843857311704904452,0,10,10,71,2,5,2,15
2438,20,-5497945494179304289,0,5,5,79,1,7,5,12
2439,20,-5632130021838963542,0,11,11,73,1,5,2,7
2440,20,-3742527731330127165,0,12,12,74,2,5,2,16
2441,20,7202883600442697910,0,5,5,73,1,3,1,8
2442,20,-3282165433750830444,0,4,4,67,3,3,1,11
2443,20,-5229526961846824353,0,10,10,74,4,7,3,19
2444,20,8826015993432490301,0,10,10,72,5,6,4,16
2445,20,-1749390396964284030,0,12,12,75,1,5,1,14
2446,20,4342994966551138840,0,4,4,70,2,6,4,11
2447,20,8314832700384019211,0,16,16,78,3,4,3,9
2448,20,-2069528516510536640,0,7,7,71,3,3,2,6
2449,20,-7301622553258085720,0,5,5,68,1,4,2,10
2450,20,-5201497603750378140,0,11,11,72,5,3,2,9
2451,20,-779037978030617666,0,13,13,71,9,2,2,8
2452,20,5813811403009727966,0,9,9,72,2,9,4,17
2453,20,7624654125463776672,0,10,10,76,6,3,1,4
2454,20,1961951626062592515,0,16,16,70,3,8,6,26
2455,20,8279095538403032830,0,9,9,70,3,4,2,6
2456,20,-84837582693147460,0,15,15,71,3,6,4,8
2457,20,-8110374183762215781,0,14,14,77,2,4,1,6
2458,20,-5729711348640786603,0,13,13,68,1,7,3,21
2459,20,-345296036857888958,0,8,8,76,4,2,1,5
2460,20,-5063671175812709739,0,15,15,80,1,6,4,13
2461,20,-5431622490804048646,0,2,2,76,1,7,2,20
2462,20,7882649609282974990,0,9,9,69,3,4,2,12
2463,20,-6022215432469411464,0,16,16,81,4,5,3,11
2464,20,-852382267542091083,0,10,10,72,3,5,2,18
2465,20,-1193111141633369644,0,13,13,71,7,2,1,6
2466,20,-3231240925028511308,0,15,15,75,7,2,1,6
2467,20,3179210052957179775,0,9,9,77,2,11,7,24
2468,20,5141536173235744894,0,4,4,74,3,8,5,16
2469,20,2520624710274559605,0,12,12,74,2,7,3,12
2470,20,2566289550217451812,0,10,10,79,1,5,3,11
2471,20,2266182004145267374,0,16,16,67,3,4,2,12
2472,20,-8525901372133057049,0,16,16,73,4,3,2,9
2473,20,5612770138200701145,0,11,11,70,4,4,1,9
2474,20,8975017604619696909,0,13,13,70,6,1,1,2
2475,20,-5744213805715755444,0,13,13,67,2,3,1,11
2476,20,8152621881101838839,0,10,10,75,3,5,4,12
2477,20,2670267597550193717,0,15,15,73,1,4,2,15
2478,20,6033236296951189875,0,7,7,67,1,7,4,20
2479,20,-4639487884415942123,0,7,7,72,2,4,2,11
2480,20,292277205666522959,0,13,13,80,4,4,2,11
2481,20,-1167137895754484881,0,5,5,78,1,5,2,9
2482,20,-4578903915296401618,0,11,11,73,2,3,2,10
2483,20,4751213167297703100,0,16,16,70,1,3,1,7
2484,20,-1067298881552104802,0,12,12,75,4,4,2,8
2485,20,-321072575802543199,0,2,2,77,4,9,6,19
2486,20,-437391056768487832,0,7,7,75,1,4,2,8
2487,20,7388327656025646691,0,10,10,73,8,2,1,5
2488,20,5078565046105403690,0,7,7,77,2,6,3,18
2489,20,2659140732395101850,0,9,9,70,7,2,1,6
2490,20,8332971235101931299,0,16,16,83,1,6,3,11
2491,20,-7574560996053644508,0,9,9,73,5,4,2,14
2492,20,-2022834379383247026,0,10,10,79,5,5,3,7
2493,20,-1972577941881211556,0,16,16,69,2,6,4,14
2494,20,830636083789968817,0,7,7,69,1,5,3,10
2495,20,1124378960724338060,0,7,7,77,3,3,1,9
2496,20,8528356976609332982,0,13,13,73,4,7,4,18
2497,20,495166534054353567,0,13,13,75,1,6,4,13
2498,20,-3478823501440841414,0,15,15,66,3,5,4,11
2499,20,-3410067277789755110,0,3,3,80,2,6,4,20
2500,20,-4894599782819490268,0,12,12,72,2,4,1,8
2501,20,-5497768772667370163,0,13,13,69,2,4,2,9
2502,20,-282228308248579527,0,13,13,82,7,5,3,14
2503,20,-1813821662546985787,0,12,12,76,3,4,2,12
2504,20,6032339248466341231,0,12,12,77,2,4,2,12
2505,20,-5201051142971677948,0,10,10,73,1,6,4,11
2506,20,-1020972868362376961,0,10,10,76,2,3,2,9
2507,20,-7181377572105505421,0,14,14,69,6,3,2,7
2508,20,6609227895872986751,0,10,10,76,2,8,5,16
2509,20,929262860708780695,0,13,13,76,2,2,1,6
2510,20,1581831207915095087,0,7,7,77,2,4,2,12
2511,20,-889253865239175037,0,4,4,72,1,4,1,13
2512,20,-5241421274778934638,0,8,8,72,1,5,2,11
2513,20,8722414455691615885,0,8,8,75,2,6,4,11
2514,20,-5385874744213278912,0,13,13,79,2,5,2,14
2515,20,-1543584576542147004,0,10,10,69,1,8,6,18
2516,20,-2047982500947296006,0,8,8,75,3,7,4,13
2517,20,-4806575209184403551,0,14,14,70,1,6,3,14
2518,20,5130979725809250559,0,10,10,70,1,4,2,7
2519,20,7555706090022882427,0,16,16,74,1,6,4,18
2520,20,-1798900905482568291,0,16,16,73,1,7,4,18
2521,20,3678804161636839232,0,18,18,65,5,3,2,14
2522,20,-6130673209284640246,0,15,15,73,2,7,4,13
2523,20,7604547857225220321,0,15,15,68,4,3,1,6
2524,20,673140433865545588,0,9,9,77,5,2,1,6
2525,20,-1657902436329496050,0,8,8,71,4,6,3,11
2526,20,4896507272280437589,0,1,1,68,1,8,5,16
2527,20,-2135762332393008221,0,12,12,72,4,5,4,14
2528,20,-5566384255392442612,0,16,16,76,2,5,2,13
2529,20,5175656582470861409,0,4,4,76,2,4,2,10
2530,20,3370346387448341673,0,9,9,75,4,3,1,9
2531,20,2956484372781488609,0,16,16,74,1,5,1,13
2532,20,447641817635482888,0,11,11,77,1,5,2,12
2533,20,566944057209213636,0,17,17,75,2,3,1,6
2534,20,2236547666132896544,0,13,13,69,4,5,3,13
2535,20,1886472435165573167,0,12,12,75,5,3,2,8
2536,20,-8593075624682725220,0,12,12,73,3,4,2,11
2537,20,-4007039017834405770,0,9,9,74,7,3,1,10
2538,20,-2589047464649013333,0,10,10,72,1,6,2,15
2539,20,1321868826564097302,0,16,16,70,5,5,4,11
2540,20,7966160846507445780,0,10,10,70,1,5,3,15
2541,20,-1574244236927834647,0,7,7,75,1,8,4,17
2542,20,-5033160578220094068,0,14,14,76,1,7,4,18
2543,20,-2500482461775703148,0,0,0,68,4,4,1,9
2544,20,-821965553103112885,0,10,10,74,1,4,2,8
2545,20,7394718864255892803,0,12,12,73,1,9,5,22
2546,20,-2195097265130497828,0,9,9,79,1,3,1,10
2547,20,2053992998783507864,0,6,6,77,4,7,4,24
2548,20,-8957941959672932300,0,2,2,70,5,4,2,7
2549,20,4449352070097085152,0,11,11,70,3,3,2,8
2550,20,-5886710460662221562,0,12,12,77,1,5,2,16
2551,20,5302994253182400135,0,13,13,74,3,6,4,10
2552,20,4058961942923733333,0,17,17,74,6,2,1,7
2553,20,-4876387540421441587,0,14,14,70,2,5,3,12
2554,20,-689426586437119158,0,11,11,75,3,8,5,22
2555,20,7355841159661751738,0,5,5,77,3,4,2,11
2556,20,-3399563984490575289,0,10,10,74,1,5,2,15
2557,20,5570699293830394959,0,7,7,68,2,3,2,5
2558,20,-8234421555476909765,0,15,15,80,2,5,1,13
2559,20,-7078073642059355907,0,15,15,72,4,6,3,13
2560,20,-1055450162240267720,0,9,9,75,4,6,4,10
2561,20,-4569376061369320869,0,9,9,74,2,6,3,18
2562,20,-1045240902737424574,0,13,13,76,6,3,2,9
2563,20,-7096450437505302766,0,13,13,75,2,9,5,24
2564,20,2605430746473419880,0,13,13,72,3,5,2,10
2565,20,-1000945207337142245,0,15,15,73,1,5,2,15
2566,20,-6909828910279559400,0,12,12,76,3,2,1,5
2567,20,2617238343569105452,0,4,4,72,2,3,1,5
2568,20,-436838056441987409,0,13,13,77,1,9,5,25
2569,20,-8908021052667581841,0,12,12,74,2,3,1,7
2570,20,4812176025955177040,0,16,16,71,4,4,2,6
2571,20,6985710700105939573,0,16,16,83,2,6,3,16
2572,20,3824528751386535926,0,4,4,74,1,4,3,13
2573,20,-1034045431823167639,0,1,1,76,1,9,6,22
2574,20,8811856457063829707,0,9,9,74,2,7,4,19
2575,20,178605751436103816,0,9,9,72,4,4,1,7
2576,20,-547473777149004103,0,17,17,73,2,3,1,5
2577,20,-8111369747739698992,0,13,13,68,3,3,2,10
2578,20,-3357388414126219455,0,9,9,73,4,5,3,7
2579,20,9119572290902239223,0,7,7,74,3,4,2,8
2580,20,-8609876403188463732,0,3,3,69,4,3,2,7
2581,20,4615269229830680222,0,12,12,66,5,2,1,6
2582,20,1318343972164545983,0,10,10,71,5,1,1,3
2583,20,-849501742870746682,0,13,13,74,4,2,1,4
2584,20,5542130070046530451,0,14,14,74,4,5,2,17
2585,20,8531700142902149506,0,12,12,65,3,6,4,17
2586,20,-133212039241726429,0,11,11,74,6,3,1,6
2587,20,4500814447370919662,0,4,4,69,6,2,1,7
2588,20,7239045830575462152,0,10,10,82,2,6,2,15
2589,20,-2291784670533358241,0,5,5,76,1,3,1,10
2590,20,3515060352803353250,0,8,8,74,2,8,5,18
2591,20,4483017984896203483,0,16,16,72,1,3,1,9
2592,20,5687351120055340984,0,12,12,72,2,5,3,8
2593,20,-8989388344437330997,0,5,5,69,5,3,1,8
2594,20,-3748163709355543485,0,12,12,72,2,5,3,11
2595,20,2237606543424566767,0,8,8,72,1,6,5,18
2596,20,-2046115847797757050,0,5,5,68,2,2,1,4
2597,20,6532407192318629521,0,0,0,73,2,5,2,16
2598,20,6979677805727091042,0,9,9,76,1,4,2,12
2599,20,6840352351806650365,0,12,12,76,1,6,4,19
2600,20,813354276007399143,0,9,9,78,2,6,3,12
2601,20,-8580234456775443921,0,16,16,76,4,2,1,6
2602,20,8031518452120388654,0,1,1,75,3,8,6,19
2603,20,-5985882128740887858,0,10,10,81,1,5,3,16
2604,20,8798341159259609957,0,6,6,77,3,8,5,22
2605,20,314559005881366617,0,10,10,70,7,4,3,12
2606,20,-4659158241094110934,0,6,6,73,1,7,3,15
2607,20,5156929629620358303,0,9,9,74,1,4,2,8
2608,20,-869201514046521827,0,13,13,76,3,4,2,10
2609,20,4274566606051506804,0,15,15,66,5,3,2,7
2610,20,-4178255473761448528,0,7,7,69,4,3,2,10
2611,20,6866389698410412705,0,14,14,78,3,4,3,8
2612,20,8971955886373604928,0,13,13,70,4,9,6,29
2613,20,-8209312379563199460,0,12,12,72,1,5,2,12
2614,20,5355162169856773737,0,14,14,73,4,3,1,14
2615,20,2749563430456847224,0,6,6,78,5,5,3,12
2616,20,3624291647448759189,0,12,12,73,2,5,4,11
2617,20,-6596298708820478562,0,6,6,85,2,8,6,15
2618,20,8513615295183615446,0,8,8,75,6,3,1,6
2619,20,-6782742948711308867,0,9,9,73,2,3,1,10
2620,20,8780272909276302581,0,15,15,77,2,10,7,14
2621,20,-7670410551286165890,0,13,13,78,8,3,2,7
2622,20,-7912245873332487477,0,16,16,77,1,2,1,7
2623,20,692534512147684988,0,6,6,74,2,6,3,12
2624,20,-8267270383880524082,0,12,12,73,3,5,3,14
2625,20,-8073044033360592909,0,2,2,75,1,9,5,25
2626,20,-5079762943603589394,0,10,10,70,8,2,1,5
2627,20,8458225444253629367,0,10,10,70,3,8,4,23
2628,20,8776835249341305249,0,13,13,74,1,5,3,11
2629,20,3572629009235541862,0,13,13,70,6,7,5,21
2630,20,-1363681604522142404,0,7,7,77,2,4,2,11
2631,20,-1672499699221522720,0,14,14,65,1,8,6,21
2632,20,1432805932165683333,0,17,17,68,2,6,4,14
2633,20,418854561649068279,0,13,13,76,1,7,4,11
2634,20,1284071201244715141,0,5,5,69,2,7,4,18
2635,20,5726505150482500451,0,1,1,77,9,6,6,12
2636,20,8074595060816107425,0,10,10,80,2,2,1,7
2637,20,-5643110130491145736,0,10,10,77,3,5,3,14
2638,20,-8247694119754673685,0,16,16,71,1,6,4,14
2639,20,-3054935582115349222,0,14,14,67,2,4,2,13
2640,20,-173192965264153931,0,9,9,79,7,4,2,7
2641,20,3265890755390106480,0,7,7,78,5,1,1,2
2642,20,7623741158133247847,0,13,13,74,7,6,5,14
2643,20,2536385430574379735,0,8,8,81,2,5,4,14
2644,20,8488117009008077714,0,12,12,73,4,2,1,4
2645,20,767865188275725465,0,15,15,74,4,3,2,6
2646,20,2149737169162062404,0,5,5,79,1,4,1,10
2647,20,7286524630935404766,0,8,8,81,2,3,2,6
2648,20,8157488961775497373,0,5,5,73,1,6,4,8
2649,20,3561702113190509922,0,10,10,71,3,6,4,13
2650,20,7123222764668157346,0,4,4,78,6,4,2,10
2651,20,-4969988481255947417,0,9,9,72,1,3,2,3
2652,20,-7326876761492620463,0,15,15,67,1,3,2,10
2653,20,-6282538506590070547,0,13,13,65,6,3,2,6
2654,20,-4581174486060086028,0,16,16,68,9,1,1,2
2655,20,-7660972758445889248,0,8,8,70,6,1,1,3
2656,20,2553825702376795834,0,9,9,76,1,7,2,18
2657,20,-57036273329594350,0,12,12,82,1,8,4,24
2658,20,-3405917760813524350,0,17,17,71,2,2,1,7
2659,20,-3651506734939599446,0,5,5,74,6,7,4,15
2660,20,6615567675930895866,0,14,14,73,2,7,5,18
2661,20,-6841741709482540069,0,14,14,75,2,4,2,7
2662,20,-7568862198073283096,0,11,11,77,1,3,1,7
2663,20,-4896308741383511016,0,13,13,78,4,2,1,7
2664,20,-133179065194650937,0,14,14,77,1,5,3,14
2665,20,-598838402705059834,0,11,11,83,3,2,1,6
2666,20,-6625030057580393835,0,7,7,79,6,4,2,12
2667,20,8386893985084698995,0,14,14,82,1,8,6,15
2668,20,1818767235551136747,0,14,14,83,1,7,3,21
2669,20,8766192749844745606,0,2,2,74,3,6,4,14
2670,20,3504022486664549965,0,11,11,79,2,5,2,16
2671,20,4651676939085928248,0,16,16,71,2,5,2,16
2672,20,4696497958794705859,0,11,11,77,3,5,3,15
2673,20,-1303604709825956606,0,7,7,76,1,2,1,8
2674,20,-4269920971891732568,0,11,11,79,2,5,2,12
2675,20,-937248884595855913,0,2,2,63,8,1,1,4
2676,20,1039263440975879873,0,7,7,76,3,3,1,10
2677,20,278079093705814357,0,14,14,70,6,9,7,20
2678,20,-9160238142847429487,0,15,15,72,4,5,3,17
2679,20,3838574802645184310,0,19,19,84,2,3,1,11
2680,20,-3615041394001796630,0,14,14,69,2,8,4,22
2681,20,738254019201069580,0,14,14,69,3,3,1,7
2682,20,-7112594831304558393,0,11,11,73,3,3,1,6
2683,20,-1267045434969788115,0,7,7,73,2,5,2,12
2684,20,-6111102970278874791,0,13,13,70,4,4,3,12
2685,20,-58174002362167829,0,12,12,81,3,6,3,10
2686,20,4579615849524210783,0,5,5,76,1,7,4,20
2687,20,1023134652965613576,0,14,14,74,1,6,3,21
2688,20,-8211864614737754438,0,10,10,73,6,3,2,9
2689,20,7783287725077362024,0,11,11,77,2,6,3,10
2690,20,6342120723635597888,0,15,15,74,3,2,1,5
2691,20,-8716363272990316280,0,13,13,74,1,5,2,15
2692,20,6249932512454002640,0,15,15,84,2,6,4,10
2693,20,9193323479591449902,0,11,11,72,4,2,1,6
2694,20,-3211431994139367771,0,7,7,74,3,7,5,22
2695,20,321992794877281506,0,13,13,77,1,8,5,18
2696,20,2889618250076632303,0,11,11,73,3,3,1,8
2697,20,-6749486927046375268,0,11,11,73,4,3,1,5
2698,20,1088110418266117535,0,10,10,73,2,6,3,18
2699,20,-547566879561035202,0,15,15,64,2,3,1,9
2700,20,-1148239641651173502,0,13,13,76,5,2,1,5
2701,20,5708675233319173188,0,6,6,67,5,5,4,6
2702,20,2889890943249605009,0,13,13,74,3,4,2,8
2703,20,-1329049857893494727,0,8,8,77,2,8,6,15
2704,20,8079528501397069958,0,6,6,75,3,5,2,9
2705,20,6142032677963260012,0,19,19,80,4,8,5,25
2706,20,8114491421867309490,0,3,3,77,2,7,4,19
2707,20,-6209092477587453724,0,8,8,76,1,4,2,11
2708,20,-7160846524052543731,0,8,8,71,3,6,4,17
2709,20,-4236230780422534256,0,8,8,69,4,6,5,17
2710,20,1174529101584392334,0,12,12,80,4,4,3,9
2711,20,-8105424555458462782,0,16,16,75,4,8,6,16
2712,20,5192866244781651645,0,19,19,76,1,6,3,14
2713,20,-5181534012025082658,0,5,5,75,2,4,3,12
2714,20,-7541112407102520698,0,11,11,74,2,3,1,10
2715,20,-2843615552615573426,0,7,7,77,1,3,1,9
2716,20,-5329742539729322417,0,15,15,85,4,5,3,10
2717,20,-3895367263711252808,0,5,5,69,2,8,5,27
2718,20,1553835728566541387,0,17,17,75,1,3,1,8
2719,20,-4955661901068302221,0,4,4,75,1,8,4,26
2720,20,-2347485121539805680,0,15,15,78,3,8,5,22
2721,20,-7045012028674102986,0,9,9,72,3,2,1,4
2722,20,1845093564717150567,0,11,11,73,4,3,1,5
2723,20,4917610730046573330,0,2,2,75,4,4,2,13
2724,20,-1729545334536825246,0,1,1,72,3,2,1,6
2725,20,164401077854971041,0,12,12,72,2,6,4,15
2726,20,-3001316983557090636,0,5,5,74,4,7,5,16
2727,20,-5356559586934497665,0,6,6,72,2,2,1,3
2728,20,-8965298985554094532,0,12,12,75,1,5,2,11
2729,20,5396629028752321529,0,5,5,74,4,3,1,6
2730,20,-8153682033575840542,0,10,10,77,2,5,2,6
2731,20,-8693603282512200956,0,13,13,78,1,6,4,14
2732,20,-3508208926667908698,0,11,11,73,4,6,4,17
2733,20,6521158978435215217,0,3,3,71,7,5,4,11
2734,20,6015461078351025910,0,13,13,71,2,3,2,10
2735,20,-5104121523858694819,0,16,16,74,4,3,2,9
2736,20,8199417998116481087,0,9,9,69,2,3,1,13
2737,20,6154331461135021805,0,11,11,74,4,5,4,7
2738,20,952221942658332869,0,11,11,78,4,2,1,6
2739,20,257912348520358203,0,11,11,72,3,4,2,9
2740,20,-6120427071749209161,0,14,14,75,4,5,3,10
2741,20,7635159209031148683,0,15,15,78,2,3,1,6
2742,20,-3600690593733959299,0,4,4,77,3,8,4,18
2743,20,-7512446845644330047,0,16,16,71,4,2,1,6
2744,20,6612798540607182421,0,14,14,74,1,7,4,22
2745,20,4226342272025364247,0,8,8,73,2,5,3,13
2746,20,6917337942442047005,0,10,10,72,5,4,1,12
2747,20,-8347393806130010614,0,8,8,81,2,5,2,13
2748,20,-1087317855114677903,0,1,1,64,1,4,2,12
2749,20,7536305514255318165,0,8,8,73,4,4,2,14
2750,20,1625444729184608248,0,0,0,82,2,8,3,18
2751,20,-4079899796228569183,0,6,6,73,2,5,2,15
2752,20,-8071522084177552389,0,2,2,70,5,2,1,6
2753,20,8413999394175984827,0,12,12,71,9,2,2,8
2754,20,-581495450844986569,0,11,11,70,1,4,2,9
2755,20,3928116993995452679,0,10,10,77,1,5,2,11
2756,20,-3057410308509011725,0,3,3,77,1,9,7,19
2757,20,-5829479645841939596,0,17,17,72,3,4,1,6
2758,20,7981372115271238995,0,17,17,84,3,3,1,4
2759,20,7015609288906610224,0,19,19,88,1,6,4,12
2760,20,-682623703593054738,0,3,3,83,1,7,4,14
2761,20,3613815696179721054,0,15,15,71,7,6,5,18
2762,20,-2996100233121487969,0,15,15,66,4,6,4,17
2763,20,-397131445826832122,0,14,14,81,1,8,3,21
2764,20,1901452238927597976,0,15,15,76,1,7,5,22
2765,20,-360511072816330675,0,7,7,76,2,3,2,6
2766,20,6811191497428490684,0,7,7,74,2,5,2,8
2767,20,-2477447370309798939,0,12,12,75,3,4,2,11
2768,20,6028640782735551020,0,14,14,75,2,4,2,13
2769,20,339218807728390598,0,8,8,79,1,8,4,21
2770,20,-817641572652361694,0,13,13,71,1,3,1,10
2771,20,796577732919268381,0,5,5,76,1,5,2,11
2772,20,-5686541351928089602,0,8,8,71,5,2,1,8
2773,20,-1201668797116338811,0,17,17,75,4,10,7,20
2774,20,2112343418903071390,0,15,15,66,4,2,1,6
2775,20,-7848094145791343500,0,9,9,74,6,3,2,7
2776,20,-9149874119862622222,0,17,17,72,7,3,2,6
2777,20,2476062001414085111,0,8,8,75,2,5,3,10
2778,20,-1759446293235274034,0,3,3,71,2,5,3,10
2779,20,1193202821694572449,0,13,13,75,1,8,4,15
2780,20,477136150030014977,0,3,3,78,1,14,8,34
2781,20,-8416749662490265408,0,3,3,80,1,4,2,8
2782,20,8144496730315553447,0,16,16,78,5,6,4,15
2783,20,5049248514984477394,0,14,14,69,2,5,3,17
2784,20,-8186403901458757701,0,13,13,78,2,5,2,16
2785,20,1142124467675140407,0,12,12,75,1,7,4,15
2786,20,-4480131765413883152,0,3,3,72,1,5,3,14
2787,20,-5946226950251718617,0,13,13,73,4,2,1,4
2788,20,448946297683687104,0,5,5,71,2,3,1,6
2789,20,-8136406967432117531,0,14,14,74,3,5,3,14
2790,20,2534990582495171012,0,11,11,68,5,6,3,15
2791,20,5595431291025248564,0,16,16,76,1,7,5,18
2792,20,-345224010421148858,0,12,12,72,2,5,3,15
2793,20,-3547959296540764150,0,13,13,76,1,4,2,8
2794,20,8389954172731743508,0,15,15,73,1,5,3,12
2795,20,-670375965475759741,0,16,16,76,4,7,4,19
2796,20,2706228945533402775,0,4,4,69,4,2,1,6
2797,20,712581151405172760,0,14,14,75,4,3,1,6
2798,20,7891114186160114979,0,13,13,72,2,5,2,11
2799,20,1806362505885174032,0,11,11,71,7,3,3,8
2800,20,8765405082584857999,0,4,4,82,1,4,2,9
2801,20,-1739447204458444234,0,3,3,73,2,4,1,7
2802,20,3427435824291554056,0,11,11,71,4,2,1,6
2803,20,-4015005822836375861,0,15,15,74,2,6,4,12
2804,20,789940363184518946,0,8,8,67,5,2,1,6
2805,20,-8737572559014783042,0,12,12,76,3,3,1,3
2806,20,-74152443945758929,0,10,10,68,2,7,5,18
2807,20,2172759473688922906,0,14,14,79,3,6,3,12
2808,20,-1416181135406525740,0,6,6,76,2,3,2,8
2809,20,-1537846634032447809,0,17,17,76,3,8,5,14
2810,20,-8932200917019834408,0,8,8,77,5,3,1,9
2811,20,2291016348910971476,0,1,1,69,3,6,4,8
2812,20,-6992080829109827777,0,7,7,76,1,5,1,12
2813,20,-7738533390153112453,0,17,17,78,1,3,1,4
2814,20,8798159409368969111,0,6,6,76,2,2,1,2
2815,20,8774021516246110023,0,4,4,75,8,2,1,3
2816,20,-8082855496746981231,0,5,5,72,4,3,2,7
2817,20,4270593300778997738,0,5,5,76,3,4,1,6
2818,20,5101364342412135378,0,10,10,75,1,3,1,9
2819,20,-1937497097814016590,0,3,3,73,1,3,2,9
2820,20,-7363317007824812277,0,11,11,69,2,4,2,7
2821,20,-6872262548823239626,0,14,14,82,4,9,6,29
2822,20,-8229350950708999354,0,10,10,68,1,3,2,5
2823,20,-3802117155185281844,0,9,9,78,1,4,3,11
2824,20,-9188251420940165757,0,16,16,77,6,2,1,6
2825,20,5152485767276630845,0,6,6,78,3,3,2,10
2826,20,8590574632279694467,0,10,10,60,8,4,3,13
2827,20,-3836837314726630981,0,12,12,77,4,3,2,8
2828,20,-2435067221888659486,0,15,15,72,3,3,1,11
2829,20,6647692229151502354,0,12,12,81,2,2,1,6
2830,20,682952993528599659,0,6,6,70,2,4,1,7
2831,20,1429886200138732062,0,16,16,69,3,2,1,7
2832,20,1028629820323608999,0,12,12,74,5,3,2,11
2833,20,8955340711435327869,0,2,2,73,1,8,5,24
2834,20,-6241554472023513929,0,10,10,71,2,3,2,8
2835,20,3367508255044714116,0,14,14,73,3,4,2,6
2836,20,3614092155148242019,0,14,14,74,1,5,3,13
2837,20,2891097064377767030,0,13,13,69,2,2,1,8
2838,20,-8240597731974913422,0,6,6,74,2,8,4,19
2839,20,-6680197820586326797,0,15,15,68,2,5,3,14
2840,20,-8142745753557746117,0,8,8,70,7,2,1,5
2841,20,-7765854780576641363,0,12,12,66,2,6,5,11
2842,20,-5392612536696660868,0,1,1,73,4,6,3,13
2843,20,2661023277161331554,0,7,7,74,1,4,1,9
2844,20,2808942823041976425,0,10,10,78,2,6,4,15
2845,20,4373939178365763845,0,9,9,80,6,3,2,5
2846,20,-5059836119664770552,0,10,10,77,2,9,5,23
2847,20,6500544656303489598,0,7,7,70,3,3,1,7
2848,20,-6898846274564278853,0,13,13,74,4,4,2,13
2849,20,1773916445470892565,0,15,15,69,3,5,3,15
2850,20,-6106286186205652706,0,12,12,72,3,3,1,6
2851,20,1438125513642254057,0,16,16,79,3,3,2,9
2852,20,4716823000860672275,0,9,9,65,4,4,2,12
2853,20,-8523199346878224218,0,13,13,73,1,5,2,11
2854,20,-522275585304427238,0,15,15,82,2,5,3,14
2855,20,-3770849708749216202,0,12,12,71,4,5,3,10
2856,20,724716575914247141,0,7,7,74,1,3,1,7
2857,20,3281297359668895288,0,10,10,73,2,3,1,7
2858,20,5842739579048484139,0,7,7,75,4,6,3,13
2859,20,-8245037753104238865,0,12,12,80,1,7,4,20
2860,20,-5541666023368756036,0,10,10,78,1,7,5,16
2861,20,-8839137156198317700,0,13,13,76,3,11,7,37
2862,20,5510160282522718933,0,11,11,70,6,4,3,8
2863,20,482465010178360399,0,10,10,72,2,4,2,6
2864,20,-5548416304300100171,0,8,8,76,1,3,1,11
2865,20,167155235603560667,0,17,17,76,4,3,2,5
2866,20,-6588237135905560465,0,11,11,74,1,7,4,19
2867,20,5447154099362689160,0,12,12,73,5,6,5,18
2868,20,3858602253446066946,0,9,9,75,1,5,2,15
2869,20,7212373049318708462,0,11,11,72,8,3,2,6
2870,20,-5041949950100736090,0,4,4,72,3,4,1,13
2871,20,1213501231642834751,0,9,9,73,2,9,5,19
2872,20,6281867896738058600,0,8,8,73,6,3,2,7
2873,20,9169881126764897027,0,18,18,73,2,6,3,10
2874,20,2942926228220200952,0,18,18,71,3,6,3,18
2875,20,8812431660255127563,0,12,12,75,2,6,4,11
2876,20,-2795514583817884479,0,15,15,72,5,3,2,10
2877,20,8260413044658065311,0,9,9,80,1,7,3,19
2878,20,3978684347795092794,0,11,11,75,2,4,3,6
2879,20,6537504322968416505,0,16,16,69,3,3,2,8
2880,20,-960340273831352709,0,11,11,78,1,6,2,11
2881,20,689608509417838839,0,14,14,69,4,4,2,13
2882,20,-230818485129042413,0,14,14,74,2,8,4,22
2883,20,-5087650333173679861,0,14,14,76,3,4,3,9
2884,20,-2892185593553746920,0,12,12,83,1,5,2,11
2885,20,-8489689467839655563,0,13,13,75,2,4,3,7
2886,20,4207568647407014526,0,16,16,71,4,7,5,16
2887,20,-5215262829977777484,0,14,14,78,3,4,2,7
2888,20,1203499542483443116,0,16,16,74,3,6,3,16
2889,20,8548975833766801977,0,10,10,73,4,3,1,3
2890,20,-247087906260919732,0,16,16,80,2,3,1,10
2891,20,8969650966624226910,0,7,7,76,3,4,1,12
2892,20,-4857264479168095134,0,9,9,79,2,6,3,13
2893,20,-2827232293197529707,0,10,10,81,2,4,1,8
2894,20,5605175205327268768,0,17,17,81,1,6,3,14
2895,20,-6842023664657132316,0,9,9,74,5,3,2,8
2896,20,8100234022038669559,0,7,7,77,1,4,1,7
2897,20,-8681554868753206896,0,4,4,75,6,2,1,2
2898,20,7990552138282350961,0,12,12,71,4,3,2,8
2899,20,-5476508693187857896,0,15,15,83,1,3,1,7
2900,20,8193640620099430973,0,14,14,78,1,5,3,11
2901,20,8520699598768065124,0,19,19,69,2,4,1,14
2902,20,5128591307472044555,0,15,15,72,5,5,3,13
2903,20,-3504667059175332034,0,13,13,73,8,6,5,16
2904,20,-5742155405261868134,0,12,12,79,2,6,3,18
2905,20,-8813433296058198783,0,9,9,67,1,5,3,12
2906,20,-48752492380134002,0,11,11,69,4,9,6,19
2907,20,-1747535747622183537,0,14,14,70,4,6,4,14
2908,20,425817579638555526,0,13,13,73,1,7,4,23
2909,20,9158854129857696136,0,4,4,72,2,5,3,16
2910,20,355207190058912878,0,15,15,77,2,5,2,8
2911,20,8099763732836888760,0,12,12,74,5,3,1,8
2912,20,-1057104298006711791,0,14,14,75,2,4,2,13
2913,20,-2730866641244772912,0,13,13,77,3,6,2,13
2914,20,461848024031108593,0,3,3,76,5,9,7,25
2915,20,3161710812191983960,0,13,13,68,3,3,1,10
2916,20,4145193407652966234,0,6,6,80,2,7,2,17
2917,20,-5912374136787279900,0,15,15,80,2,9,5,15
2918,20,-3350631980720863564,0,6,6,76,4,6,3,14
2919,20,-8853766144344586363,0,10,10,69,5,6,5,11
2920,20,-6734480160761564647,0,15,15,81,2,7,4,15
2921,20,-5225990034912933758,0,12,12,71,4,4,3,7
2922,20,6967557755262045991,0,13,13,77,5,3,2,6
2923,20,-7392342579231998648,0,12,12,73,7,3,2,6
2924,20,2661977299602781718,0,9,9,73,3,4,2,7
2925,20,-5991421415364524642,0,11,11,71,1,5,3,12
2926,20,-3585167568318479860,0,10,10,73,2,3,2,6
2927,20,3404524773558843676,0,8,8,84,2,4,1,8
2928,20,-1836950677552575825,0,5,5,80,3,5,3,18
2929,20,3520579398430346461,0,5,5,78,3,6,3,16
2930,20,6171345830306816764,0,14,14,74,1,5,2,9
2931,20,3695384762889461875,0,8,8,72,4,3,2,8
2932,20,-8565075520620220074,0,12,12,75,6,2,1,7
2933,20,-7536562966885030373,0,13,13,70,1,4,2,10
2934,20,481054415873848546,0,10,10,77,3,4,3,11
2935,20,-582628428198094287,0,12,12,71,8,4,3,9
2936,20,4847887133726247953,0,8,8,67,1,3,2,4
2937,20,6158152328938143205,0,14,14,72,6,3,1,7
2938,20,5725513160386629757,0,7,7,74,3,5,3,9
2939,20,6982292010683746607,0,7,7,80,1,6,2,11
2940,20,-7251415002901980167,0,16,16,73,5,5,2,13
2941,20,7391619725698467840,0,5,5,69,7,1,1,1
2942,20,942758959901608675,0,11,11,79,3,3,1,4
2943,20,6370408892744505017,0,14,14,70,3,6,4,20
2944,20,-8213341959909978181,0,3,3,79,1,5,2,13
2945,20,3080767570091241952,0,8,8,72,2,3,1,9
2946,20,7260496258780130297,0,13,13,76,5,12,10,21
2947,20,7435729458190748944,0,5,5,73,1,4,2,9
2948,20,6701772436444045850,0,13,13,69,3,4,2,16
2949,20,4560516408935310641,0,5,5,80,1,3,1,11
2950,20,4724200245257598203,0,5,5,71,7,1,1,2
2951,20,996285031361217001,0,15,15,74,2,4,2,9
2952,20,4847974018290960491,0,10,10,73,1,3,1,8
2953,20,-7074361845068129710,0,12,12,71,2,5,2,15
2954,20,-778371814324668678,0,12,12,71,3,2,1,4
2955,20,-8559292550708932371,0,10,10,77,4,5,3,15
2956,20,-3422361843257298665,0,5,5,79,1,7,4,16
2957,20,-2536069618485904683,0,8,8,78,3,9,4,22
2958,20,2623968719254927705,0,6,6,69,1,6,3,16
2959,20,58610747621189175,0,10,10,77,3,7,5,24
2960,20,-4833327205017136612,0,10,10,79,2,6,3,18
2961,20,-4251166656330771455,0,14,14,71,8,1,1,1
2962,20,-2743969819407323056,0,12,12,81,3,8,5,18
2963,20,-5098482081900259111,0,12,12,78,1,4,2,12
2964,20,-7169321638486718579,0,7,7,71,1,5,2,15
2965,20,-8080482874517284528,0,11,11,81,2,9,5,23
2966,20,6122083980168856425,0,13,13,74,3,12,9,31
2967,20,-3870620508926306985,0,13,13,76,2,4,3,7
2968,20,-672210002083757554,0,10,10,77,4,2,1,6
2969,20,775799952293558001,0,9,9,78,2,3,1,9
2970,20,-1517202776833481722,0,14,14,71,5,4,3,7
2971,20,243724818774923306,0,12,12,74,8,3,2,9
2972,20,-1290682102069885608,0,5,5,77,1,3,1,5
2973,20,-8389940939742677945,0,12,12,82,2,4,1,8
2974,20,2141635602583630809,0,5,5,69,6,5,3,12
2975,20,2174480623672670270,0,12,12,72,1,4,2,9
2976,20,-3293385703444203845,0,15,15,76,2,4,1,14
2977,20,1937173568519497320,0,14,14,71,6,4,2,13
2978,20,-2707512528395142295,0,11,11,76,4,2,1,7
2979,20,1923964122762740084,0,8,8,79,1,8,5,16
2980,20,-6113044938086384745,0,14,14,74,1,4,2,11
2981,20,8723940932735759006,0,0,0,70,1,7,4,16
2982,20,-5836430890329526124,0,14,14,74,1,4,2,5
2983,20,-6541733095275356383,0,16,16,72,1,8,5,17
2984,20,897969872152881122,0,14,14,69,1,4,2,10
2985,20,-6135889093091041046,0,12,12,75,1,4,2,10
2986,20,-6427316842945032953,0,11,11,78,3,4,1,10
2987,20,-5629130277704968563,0,7,7,65,2,2,1,7
2988,20,5044644337652350117,0,8,8,84,3,6,2,12
2989,20,-8431611616468124036,0,15,15,75,5,4,2,7
2990,20,7556995177925883080,0,8,8,74,2,4,1,8
2991,20,1058425892365259125,0,9,9,82,4,5,3,9
2992,20,5995608813324662399,0,8,8,67,5,3,2,6
2993,20,8543245492704137276,0,10,10,75,1,3,1,6
2994,20,2655052345405484205,0,10,10,73,1,8,5,19
2995,20,-8619735001060689782,0,4,4,75,4,3,2,10
2996,20,-4400648783052461024,0,0,0,71,1,8,5,21
2997,20,-8530912189671156411,0,7,7,71,5,2,1,7
2998,20,-3060681517866442526,0,16,16,78,3,3,1,5
2999,20,7151535893170298352,0,6,6,80,1,3,1,6
3000,20,3390092359858797775,0,8,8,76,2,3,1,9
3001,20,741893782054082916,0,8,8,75,3,6,3,18
3002,20,7104051059200801639,0,14,14,72,3,4,2,9
3003,20,6132005235844822976,0,10,10,77,3,4,2,8
3004,20,-4533814143313129755,0,13,13,68,4,7,5,20
3005,20,-8008967908557564003,0,11,11,69,5,5,4,14
3006,20,3820538130640292496,0,4,4,76,4,10,7,17
3007,20,-2182351521093227898,0,6,6,73,1,3,1,10
3008,20,-5782679169374740912,0,11,11,72,7,3,2,15
3009,20,3668379218105068710,0,12,12,79,3,4,2,12
3010,20,-2006724119213705341,0,14,14,73,1,8,6,14
3011,20,-605481955454606397,0,14,14,79,1,5,2,13
3012,20,-7535751238037562607,0,9,9,80,2,5,3,9
3013,20,8718743405173168491,0,7,7,71,2,9,5,23
3014,20,-4939446016350335811,0,15,15,73,8,3,2,7
3015,20,-1231652902308314004,0,13,13,69,4,4,3,11
3016,20,988534287031982014,0,8,8,77,1,7,5,15
3017,20,3266591852499735944,0,5,5,75,1,9,5,16
3018,20,-327253803090047858,0,9,9,77,6,1,1,3
3019,20,-7437783819547026583,0,12,12,73,1,4,2,13
3020,20,-2968876794452523007,0,6,6,73,2,4,3,6
3021,20,2534554172117955026,0,13,13,78,4,3,1,7
3022,20,-2128380055720700008,0,17,17,80,5,4,3,10
3023,20,-2198606292935249897,0,17,17,77,4,6,3,10
3024,20,-5689428262506377450,0,8,8,72,1,4,2,10
3025,20,-1273488730283783473,0,1,1,72,1,4,2,11
3026,20,-4911174575884000428,0,12,12,82,7,5,3,15
3027,20,-6619679564530836281,0,13,13,71,1,5,2,16
3028,20,-4453539596820930991,0,6,6,65,9,1,1,1
3029,20,2495540592112192312,0,11,11,71,1,5,2,11
3030,20,8011638740161626253,0,6,6,78,7,2,1,2
3031,20,-5561845138331846340,0,9,9,77,4,2,1,7
3032,20,5705000069710603158,0,8,8,75,3,8,4,25
3033,20,1981087644967435902,0,7,7,77,2,7,5,16
3034,20,5371569724445503970,0,16,16,67,7,2,1,4
3035,20,-4434128779495287503,0,5,5,71,3,3,2,4
3036,20,-8207864737395521569,0,17,17,74,2,6,3,16
3037,20,8917905825490432835,0,13,13,77,5,5,3,9
3038,20,975906054789009992,0,12,12,77,3,3,1,10
3039,20,-2463429262469938479,0,15,15,78,5,3,2,7
3040,20,1170135017309552058,0,9,9,73,2,5,3,12
3041,20,-8174021087695065635,0,10,10,71,5,4,2,10
3042,20,-8279831450741847161,0,15,15,67,2,5,3,12
3043,20,4550743804818878781,0,15,15,73,1,8,5,14
3044,20,8646743333042134984,0,4,4,66,3,4,2,11
3045,20,8205803038795573974,0,14,14,72,7,4,3,9
3046,20,-6775027578990863176,0,12,12,73,1,6,3,14
3047,20,-801698345637210358,0,13,13,73,4,6,5,10
3048,20,-1367877682291269824,0,7,7,75,1,5,2,14
3049,20,8931024483415306606,0,9,9,72,1,4,2,8
3050,20,8545334278912995533,0,15,15,78,2,5,2,10
3051,20,-9156063687529517888,0,15,15,72,4,2,1,6
3052,20,510871865982812777,0,9,9,70,3,5,3,11
3053,20,-7148583240231422441,0,14,14,82,5,3,2,10
3054,20,-5582487133679713015,0,6,6,74,1,6,3,12
3055,20,-5206139321822038180,0,3,3,76,3,8,5,14
3056,20,-5294270709897415901,0,6,6,67,7,3,2,9
3057,20,-7671788063779582728,0,11,11,75,2,7,3,17
3058,20,8421516177941716868,0,15,15,79,2,3,2,8
3059,20,9163478630387737294,0,13,13,74,2,6,2,13
3060,20,506145288869518687,0,10,10,81,4,5,3,18
3061,20,-4674728676344877972,0,12,12,71,3,4,2,7
3062,20,-8623314630378891864,0,8,8,70,3,4,3,12
3063,20,-5585981575585043332,0,9,9,74,1,3,1,7
3064,20,8666946257976024482,0,14,14,80,1,3,2,10
3065,20,-4409753056724172928,0,4,4,82,2,3,2,5
3066,20,-4714414961252048201,0,10,10,66,3,3,2,6
3067,20,6676977832335269310,0,8,8,75,1,10,7,26
3068,20,999248327694139271,0,14,14,74,2,3,1,6
3069,20,1613468811668867192,0,12,12,76,1,6,3,12
3070,20,-1550319010348396990,0,8,8,75,2,8,5,18
3071,20,-5885803716420430240,0,9,9,73,1,6,3,15
3072,20,2748860872679951418,0,13,13,74,5,2,1,6
3073,20,5126229251396014922,0,8,8,73,3,4,2,11
3074,20,-9001532032172678477,0,4,4,70,3,8,6,18
3075,20,-8000366069702056157,0,15,15,79,3,3,1,4
3076,20,-7048980602594940675,0,11,11,70,1,5,3,16
3077,20,2151870333888608289,0,11,11,77,1,7,2,13
3078,20,-7829074558694771772,0,14,14,71,2,10,7,29
3079,20,9057458852627610683,0,9,9,75,2,6,4,18
3080,20,-4113723258648656474,0,16,16,71,4,4,3,6
3081,20,8031917077337664987,0,9,9,70,4,4,2,12
3082,20,4420917662676514054,0,16,16,78,4,4,3,5
3083,20,5278393335388592082,0,11,11,73,3,5,2,10
3084,20,3906582900592696095,0,6,6,75,4,2,1,5
3085,20,-202937266431316852,0,12,12,77,1,7,5,17
3086,20,-4527064242463186852,0,8,8,75,5,5,3,15
3087,20,-1427758816713335676,0,12,12,71,8,4,3,14
3088,20,-8330041049065375259,0,1,1,62,5,5,3,15
3089,20,2313056608415686649,0,1,1,78,1,9,5,20
3090,20,-6147898272334140291,0,7,7,80,4,2,1,3
3091,20,-1614620496388888607,0,3,3,69,5,2,1,7
3092,20,-2499081214121514870,0,16,16,72,2,3,1,13
3093,20,1999823714637474334,0,13,13,76,2,7,3,23
3094,20,-8995288514289659019,0,13,13,77,3,3,1,8
3095,20,-2632021536821805841,0,8,8,81,5,5,4,11
3096,20,-8480882402207919564,0,17,17,75,1,4,2,11
3097,20,-2599923411939773015,0,6,6,75,2,7,4,20
3098,20,2758824368106236196,0,9,9,76,7,6,4,11
3099,20,-2890156139819041115,0,17,17,70,4,3,2,8
3100,20,28044100754031899,0,12,12,72,4,3,1,5
3101,20,-7935003793888667524,0,16,16,73,1,4,1,11
3102,20,-6634731881326280259,0,6,6,76,2,4,2,12
3103,20,-2999759309223036303,0,14,14,82,4,4,1,8
3104,20,-242454867679985394,0,14,14,70,6,2,2,8
3105,20,2143901824824952366,0,7,7,75,2,5,3,12
3106,20,7698836194163320905,0,10,10,64,3,4,3,8
3107,20,-487637986483223885,0,14,14,76,2,2,1,4
3108,20,-5869816333049195025,0,5,5,67,3,4,2,13
3109,20,8120577299734336139,0,15,15,73,4,6,5,18
3110,20,5929052486020261154,0,13,13,71,1,6,4,15
3111,20,-6714367675329701568,0,15,15,72,3,5,3,9
3112,20,5677485449053147699,0,9,9,79,4,6,4,13
3113,20,2094325517217743888,0,5,5,75,2,6,4,16
3114,20,-369190203325459336,0,11,11,76,2,8,5,13
3115,20,-8446109853205714464,0,8,8,67,3,5,2,15
3116,20,-8728035316455669405,0,13,13,83,4,5,3,13
3117,20,1861911334046185072,0,16,16,76,1,7,4,22
3118,20,-1619964953093911345,0,8,8,80,4,3,2,7
3119,20,-7210895629108685617,0,14,14,70,1,9,6,21
3120,20,6073975207597259421,0,14,14,75,8,2,1,6
3121,20,6261042502280039697,0,18,18,73,2,2,1,6
3122,20,-5688238476080114305,0,10,10,76,5,8,5,19
3123,20,4555380686075676992,0,15,15,75,2,10,8,24
3124,20,-1699918830134132973,0,12,12,68,6,6,5,15
3125,20,2298789992256910736,0,6,6,72,3,4,2,8
3126,20,8789472211407334707,0,5,5,81,9,2,2,2
3127,20,-2521058582150090795,0,4,4,75,1,5,2,17
3128,20,7216875085501540491,0,8,8,74,2,9,5,21
3129,20,8361458708787165753,0,12,12,78,2,9,6,21
3130,20,4135779105821794411,0,8,8,71,3,4,2,11
3131,20,-3918610346406664919,0,11,11,70,3,5,3,10
3132,20,3828929908779984861,0,13,13,73,3,7,5,15
3133,20,7540304084393550991,0,12,12,70,4,3,1,8
3134,20,-931328204100276230,0,0,0,70,2,6,3,18
3135,20,-8743627976667610042,0,11,11,73,4,4,1,9
3136,20,5179727149625037689,0,17,17,78,2,5,2,10
3137,20,7318983165946933194,0,15,15,75,4,7,6,19
3138,20,8379600950464235400,0,16,16,71,3,6,5,12
3139,20,4535580886595993903,0,11,11,78,1,5,3,12
3140,20,4123940973511476702,0,16,16,84,6,4,2,12
3141,20,-8505330776950863020,0,18,18,74,1,4,2,10
3142,20,1130240267607917584,0,7,7,73,4,4,2,8
3143,20,-6428074996513991848,0,9,9,76,4,8,5,21
3144,20,3396492652922276900,0,11,11,72,4,3,1,8
3145,20,-3420477861335470773,0,14,14,66,2,4,2,9
3146,20,325766963007425123,0,6,6,75,5,10,6,17
3147,20,-649949874787831768,0,15,15,74,1,6,3,23
3148,20,532291743957083251,0,7,7,79,1,3,1,7
3149,20,-7302179708681997053,0,13,13,77,4,2,1,5
3150,20,7345076293088144804,0,13,13,77,3,5,3,11
3151,20,-8302076684109097602,0,13,13,71,6,4,2,8
3152,20,1801702079992319113,0,11,11,65,1,7,5,24
3153,20,2446277484415032705,0,13,13,67,7,2,2,2
3154,20,-8568437998394743349,0,8,8,76,6,4,3,4
3155,20,-3039789373296450519,0,3,3,73,1,7,4,15
3156,20,-2643900418087641031,0,13,13,71,4,3,2,6
3157,20,-1158161754528546816,0,4,4,75,5,7,5,12
3158,20,4278008695117338146,0,16,16,69,8,4,3,11
3159,20,-7886693253925729681,0,7,7,68,5,1,1,2
3160,20,7201699709314074598,0,14,14,69,3,4,2,8
3161,20,-2009779612653263248,0,12,12,70,1,8,4,21
3162,20,4897611745649664970,0,15,15,71,4,4,2,12
3163,20,2797743894597107335,0,6,6,77,3,3,1,5
3164,20,-3218613780389071092,0,7,7,83,2,10,5,26
3165,20,-9177998322268901902,0,14,14,70,1,7,4,13
3166,20,-105659106114659273,0,6,6,82,1,7,4,12
3167,20,-6653196983792727777,0,10,10,75,2,3,1,7
3168,20,8455886640413735608,0,7,7,70,7,2,2,4
3169,20,3320643604137605469,0,14,14,66,2,2,1,6
3170,20,3367956273770507184,0,12,12,72,1,3,2,10
3171,20,8228591694035312598,0,10,10,79,1,6,3,17
3172,20,-7912206948561364981,0,8,8,66,2,2,1,9
3173,20,-1775892707502410819,0,8,8,78,1,5,3,11
3174,20,-8725029875363060784,0,18,18,82,3,6,4,15
3175,20,830802112799395779,0,11,11,65,4,6,5,14
3176,20,-6214239432185283910,0,8,8,72,3,5,3,7
3177,20,5082350566770533070,0,14,14,68,3,9,8,21
3178,20,-4746981993212718584,0,13,13,76,1,4,1,8
3179,20,-726509346709882900,0,2,2,75,3,7,4,18
3180,20,1869200440792167313,0,17,17,76,4,4,2,6
3181,20,4338645541212948869,0,17,17,69,5,3,2,10
3182,20,8956876648010851866,0,13,13,72,4,3,2,7
3183,20,6015789873260811216,0,16,16,73,2,6,3,15
3184,20,-92483516318038293,0,10,10,68,4,2,1,7
3185,20,-3259487643856905592,0,18,18,72,1,2,1,4
3186,20,-3070499757894719329,0,11,11,81,5,6,3,15
3187,20,-6099531205552384546,0,6,6,73,6,3,2,7
3188,20,8139649797234641724,0,14,14,71,1,5,3,10
3189,20,4568705471735003825,0,12,12,77,2,5,3,13
3190,20,-8754161487925673597,0,4,4,75,2,6,2,19
3191,20,4180835441726083579,0,15,15,76,1,12,8,26
3192,20,2828217554434774920,0,12,12,67,6,2,1,6
3193,20,3104051913978581902,0,12,12,69,1,6,3,12
3194,20,-6148459515747185020,0,3,3,72,1,4,3,12
3195,20,163200891344189441,0,12,12,76,2,5,2,11
3196,20,-2147953929892888087,0,5,5,80,1,9,5,20
3197,20,-8245409261383502364,0,15,15,75,3,7,5,20
3198,20,2776420535364225462,0,4,4,71,3,2,1,7
3199,20,860104832620928570,0,11,11,78,4,4,2,9
3200,20,-287190314650423796,0,11,11,72,7,4,2,15
3201,20,-5956411088538760152,0,13,13,80,4,8,6,13
3202,20,-7121103464026095615,0,15,15,72,4,5,3,17
3203,20,-5015009565319259159,0,19,19,77,1,10,5,24
3204,20,-1625844439179973708,0,7,7,79,3,5,3,15
3205,20,-2962047936645341948,0,8,8,71,2,5,3,15
3206,20,6487142936303671201,0,14,14,72,3,3,2,7
3207,20,-1689453228849269823,0,12,12,68,1,5,3,10
3208,20,8651640770485626166,0,10,10,75,1,7,4,19
3209,20,2800034381374512600,0,8,8,71,4,5,3,12
3210,20,4485212288973350566,0,15,15,73,1,4,1,9
3211,20,-8893656220985766292,0,8,8,84,1,5,2,13
3212,20,2078099520283237884,0,11,11,69,6,3,3,9
3213,20,5905278401979209015,0,11,11,75,2,3,1,10
3214,20,7657155500955179378,0,13,13,77,3,5,3,9
3215,20,-5048928591197223675,0,16,16,72,4,4,2,11
3216,20,-5529007219524091645,0,14,14,72,3,5,3,10
3217,20,-5871640821419176602,0,16,16,72,3,4,1,7
3218,20,1035281000897161534,0,6,6,74,2,3,2,5
3219,20,6071371141267356574,0,14,14,77,2,3,1,8
3220,20,-6594120394495869092,0,15,15,76,2,6,3,15
3221,20,-2062611487005239584,0,17,17,74,5,6,4,10
3222,20,-8690120495842860396,0,12,12,68,4,3,2,7
3223,20,-1578259809237333061,0,8,8,75,2,4,2,10
3224,20,-8404762146494480722,0,10,10,80,3,6,3,15
3225,20,-8636561925589935404,0,14,14,76,5,9,7,17
3226,20,-5834369814064448554,0,16,16,79,1,9,5,23
3227,20,-8452392065086341419,0,2,2,74,3,7,5,14
3228,20,1237251950617941938,0,13,13,68,3,7,4,19
3229,20,-5531630595478225499,0,10,10,74,3,5,3,8
3230,20,1237969467277966262,0,5,5,71,2,6,4,15
3231,20,2182939066481940697,0,3,3,72,3,5,3,14
3232,20,-1395359256726690634,0,12,12,69,3,7,4,18
3233,20,-1570878450552237719,0,10,10,77,1,4,1,8
3234,20,-8467187153114697796,0,11,11,66,4,4,3,15
3235,20,7246464986925052582,0,9,9,69,1,3,1,9
3236,20,-6682511810846859237,0,6,6,75,1,6,3,15
3237,20,2969094008657582187,0,8,8,79,1,6,3,17
3238,20,-5907386242687438140,0,12,12,68,7,2,2,6
3239,20,-9133342432456612717,0,11,11,67,1,5,3,19
3240,20,-1492232808180935977,0,13,13,85,2,4,3,6
3241,20,-4706863798867044438,0,12,12,74,1,6,3,20
3242,20,3633845177101370237,0,5,5,71,3,7,4,23
3243,20,5985998432692781286,0,19,19,72,7,3,2,7
3244,20,5963314107486671604,0,7,7,69,5,3,1,7
3245,20,-8610190522476299945,0,15,15,67,3,8,5,29
3246,20,-7964405131221783829,0,15,15,70,3,3,1,8
3247,20,7310194350916001373,0,3,3,76,1,6,3,10
3248,20,2190541877371572751,0,7,7,76,6,3,2,7
3249,20,-5165804447211094181,0,14,14,72,2,4,2,16
3250,20,-686243873187204379,0,14,14,73,3,5,3,14
3251,20,3001925705559995049,0,3,3,69,1,3,2,15
3252,20,2986543021471923162,0,1,1,71,7,4,3,11
3253,20,-6585514619567372850,0,8,8,80,1,7,3,16
3254,20,-7846940343613379433,0,5,5,73,2,4,2,8
3255,20,5219646314432249071,0,16,16,76,2,4,3,5
3256,20,-1331058436770716518,0,1,1,74,1,6,3,17
3257,20,6125436549253944705,0,15,15,79,3,6,3,12
3258,20,8334804963275458306,0,15,15,73,4,3,2,6
3259,20,5271950498128969797,0,13,13,69,5,3,3,3
3260,20,-4595724948966193239,0,8,8,76,1,6,2,17
3261,20,7469439194640238198,0,9,9,78,2,2,1,7
3262,20,-667904307384257161,0,4,4,83,1,5,3,12
3263,20,-9214524239974314437,0,8,8,72,1,6,3,15
3264,20,-4468099697396034059,0,1,1,81,1,6,3,15
3265,20,-6442344156908719518,0,9,9,70,6,2,1,5
3266,20,2144543204135331360,0,8,8,74,1,3,1,9
3267,20,3567349217355161935,0,5,5,73,6,3,2,7
3268,20,-1114472247085984641,0,8,8,78,1,8,4,22
3269,20,2576485352068265778,0,10,10,81,1,6,3,15
3270,20,510573556426229879,0,15,15,77,1,7,2,13
3271,20,1953444039238141815,0,7,7,74,6,4,2,9
3272,20,5531296208432302814,0,13,13,74,4,3,2,10
3273,20,-375517529915455102,0,4,4,75,2,4,2,7
3274,20,248322115125715917,0,14,14,76,2,6,4,12
3275,20,2516064191119170716,0,11,11,65,7,5,4,10
3276,20,791659799632462265,0,4,4,81,1,9,6,20
3277,20,-1735597624491337945,0,8,8,76,1,6,3,12
3278,20,-2029693825814921788,0,6,6,74,5,4,2,14
3279,20,-4825279594967296743,0,11,11,64,3,5,3,10
3280,20,5908271902738010449,0,11,11,72,1,3,1,9
3281,20,-4939244998972458585,0,3,3,75,3,10,6,16
3282,20,5653305858371670229,0,13,13,72,2,4,2,15
3283,20,-5213741365599594432,0,10,10,74,2,5,4,10
3284,20,2599171227672756212,0,13,13,69,3,3,2,7
3285,20,5896758220874954940,0,15,15,72,1,2,1,6
3286,20,2594333297047130828,0,13,13,66,3,5,3,11
3287,20,9218565782349261525,0,14,14,70,9,1,1,1
3288,20,-6109452555471277941,0,12,12,74,3,3,1,7
3289,20,2314493114204544213,0,9,9,69,1,8,5,24
3290,20,4652034851661122375,0,14,14,75,1,6,2,20
3291,20,-6974840906776630895,0,15,15,82,4,5,3,9
3292,20,5190964574278770957,0,6,6,71,3,5,3,12
3293,20,-7679298744630750827,0,9,9,74,2,5,3,12
3294,20,3301289939976272442,0,16,16,71,6,4,3,9
3295,20,2565241510367581088,0,7,7,78,1,6,1,14
3296,20,8152653028858034441,0,8,8,74,2,5,3,5
3297,20,-8519872425647515566,0,13,13,73,1,5,3,10
3298,20,-5875891298769138067,0,0,0,76,1,4,1,8
3299,20,-2007975712441653981,0,16,16,75,2,5,3,16
3300,20,-6418721514347845599,0,10,10,76,2,4,1,6
3301,20,-5540477727700202857,0,12,12,84,1,5,2,12
3302,20,7268479599804984316,0,16,16,81,2,4,1,9
3303,20,1440331818375807407,0,12,12,69,3,3,2,10
3304,20,9089439384059679881,0,11,11,72,6,5,3,14
3305,20,-6783713900883219294,0,13,13,78,3,7,5,13
3306,20,4146244270505362135,0,8,8,71,2,4,1,13
3307,20,7296694096769658573,0,11,11,77,3,7,5,20
3308,20,697935000104901004,0,15,15,68,4,2,1,5
3309,20,1574644817313370087,0,2,2,69,1,11,8,26
3310,20,-8087457697888537280,0,17,17,77,1,4,1,13
3311,20,1124990253155884664,0,9,9,66,3,2,1,6
3312,20,-5019744733746211321,0,12,12,67,5,3,2,12
3313,20,-7660596705501444725,0,8,8,68,3,3,2,7
3314,20,-3921070095093772721,0,9,9,78,1,2,1,6
3315,20,7746161804499683746,0,11,11,79,1,6,4,16
3316,20,2415834750342662892,0,5,5,68,2,5,3,12
3317,20,1297638211813990633,0,3,3,82,4,7,4,10
3318,20,1589918965246199921,0,11,11,77,1,6,3,19
3319,20,8572253929931561647,0,15,15,73,1,6,2,17
3320,20,-2136895122173441599,0,11,11,83,4,3,1,3
3321,20,499592078437681681,0,15,15,69,7,3,2,5
3322,20,524928962073060325,0,12,12,75,3,8,3,21
3323,20,-8852980926434023433,0,9,9,78,1,5,3,12
3324,20,-9056869528961944801,0,6,6,71,6,2,2,4
3325,20,-151276469411536828,0,7,7,74,5,3,1,6
3326,20,-598298873834025666,0,14,14,77,5,8,5,19
3327,20,-8218043050648633783,0,7,7,76,4,3,1,7
3328,20,-5068590709546253005,0,6,6,74,6,4,3,8
3329,20,-8466118843495273350,0,15,15,73,2,4,3,7
3330,20,-2830399845579746332,0,15,15,78,2,6,4,16
3331,20,1129821105200020323,0,6,6,73,1,8,4,22
3332,20,6424129065502227007,0,10,10,72,4,3,2,3
3333,20,-2509374947360562212,0,13,13,82,4,7,5,18
3334,20,-7010399295997644654,0,13,13,74,1,4,3,14
3335,20,4060550482961807483,0,3,3,77,3,6,3,12
3336,20,-2761388790558525670,0,6,6,81,2,5,1,13
3337,20,-3553836421523916215,0,15,15,71,4,3,2,6
3338,20,2355380217970842585,0,16,16,77,2,4,2,9
3339,20,1812176382964073657,0,7,7,74,5,5,4,10
3340,20,3468378860426955180,0,8,8,77,3,7,5,14
3341,20,-2887973430982998827,0,12,12,74,1,11,7,25
3342,20,-1409231353283595108,0,11,11,70,7,5,4,13
3343,20,-412684114698342470,0,13,13,76,1,3,1,6
3344,20,-8188262331068598412,0,7,7,72,1,4,1,8
3345,20,-4507899165051622330,0,13,13,72,1,3,1,7
3346,20,4750977063850325650,0,6,6,79,1,3,1,11
3347,20,-9081649853648198641,0,6,6,78,4,7,4,13
3348,20,5776150900562369538,0,8,8,78,4,5,2,10
3349,20,-680630951573000298,0,11,11,82,4,5,3,8
3350,20,2526687667218170056,0,14,14,65,1,3,1,10
3351,20,5018275844666003900,0,5,5,70,4,5,3,16
3352,20,8182531960731588476,0,14,14,66,6,3,1,7
3353,20,5775419792877500020,0,10,10,81,3,4,1,11
3354,20,2830061986379951132,0,16,16,72,6,4,2,9
3355,20,-8625138638564480839,0,6,6,74,7,3,2,8
3356,20,-7928714830609314531,0,16,16,74,2,7,4,23
3357,20,-2632355370342648894,0,9,9,64,3,2,1,5
3358,20,-8320669996407655997,0,10,10,76,2,6,3,15
3359,20,6751965383596630900,0,14,14,72,3,6,4,17
3360,20,-5339358359929278030,0,7,7,72,2,5,3,16
3361,20,-7389525006724687848,0,14,14,73,2,5,3,13
3362,20,-3342434040270495293,0,15,15,70,2,4,3,8
3363,20,2735096967791550797,0,11,11,72,1,7,3,14
3364,20,-5818273235202627045,0,10,10,76,6,4,4,10
3365,20,8319271964419576896,0,10,10,69,5,3,1,9
3366,20,-7751457178506886,0,10,10,77,7,2,1,5
3367,20,6450810798325649689,0,15,15,77,1,4,2,11
3368,20,5941774628395465168,0,9,9,76,7,3,1,4
3369,20,-6165858429052884040,0,10,10,69,7,1,1,2
3370,20,-5992444144668939755,0,13,13,71,1,7,6,19
3371,20,-1602347001427137632,0,4,4,73,3,8,3,23
3372,20,7276047544478810457,0,9,9,73,1,5,3,13
3373,20,-3035616959485257933,0,8,8,82,3,8,6,17
3374,20,-6481252823297679590,0,3,3,78,1,7,4,14
3375,20,1047275973786484255,0,10,10,77,4,7,4,18
3376,20,9217056807739837653,0,14,14,81,1,6,2,9
3377,20,2311562921237952280,0,16,16,82,1,4,2,11
3378,20,3214632046028657887,0,7,7,79,2,5,2,8
3379,20,3854566123589436615,0,11,11,83,3,13,9,29
3380,20,-594534613384105356,0,15,15,67,2,7,4,18
3381,20,-3630604295588932095,0,17,17,74,3,3,1,5
3382,20,-6999971350952988912,0,3,3,80,2,4,1,5
3383,20,-1436241159405382340,0,11,11,71,6,4,2,17
3384,20,4067315932948922621,0,7,7,69,5,4,3,9
3385,20,5042190502867401534,0,13,13,75,1,4,1,14
3386,20,8219218981919358765,0,3,3,78,2,8,4,20
3387,20,669379885146069270,0,14,14,68,1,5,3,14
3388,20,-1482089781700002231,0,15,15,74,2,7,4,18
3389,20,-4337331045603783344,0,11,11,71,6,2,1,4
3390,20,7464420718394059529,0,6,6,75,4,2,1,8
3391,20,1219466014216181859,0,13,13,68,1,3,1,10
3392,20,-6107173845967112762,0,15,15,78,6,6,4,14
3393,20,-8411571160387058578,0,13,13,82,1,3,1,5
3394,20,-334217349934636212,0,2,2,68,3,5,3,14
3395,20,-4207513618031766493,0,11,11,72,1,6,4,15
3396,20,-85301253698251019,0,1,1,74,2,12,8,25
3397,20,381207386128395523,0,12,12,72,2,5,2,15
3398,20,2586510115622988274,0,16,16,74,8,1,1,3
3399,20,2589644195610325195,0,9,9,86,3,7,3,9
3400,20,-3123224075701378069,0,15,15,72,3,5,3,16
3401,20,7415301972475722286,0,12,12,73,5,2,1,3
3402,20,-7049257821522777909,0,13,13,78,1,4,2,5
3403,20,-8309684372331532093,0,13,13,75,1,4,1,9
3404,20,-4865611729690841132,0,16,16,71,4,2,1,5
3405,20,-7215463320593487808,0,16,16,81,1,6,4,15
3406,20,3029491373890918393,0,8,8,66,3,3,2,8
3407,20,-5145999387780481304,0,9,9,81,1,5,3,8
3408,20,-6055496926736634516,0,7,7,75,4,4,2,13
3409,20,299850057583718210,0,11,11,72,1,3,1,7
3410,20,5622017149127341172,0,6,6,71,2,4,2,15
3411,20,3205000580166027531,0,9,9,73,3,6,4,8
3412,20,3584952145504095620,0,18,18,71,2,10,7,29
3413,20,3768903714705884524,0,8,8,70,3,8,5,19
3414,20,8330609743511832201,0,7,7,73,1,6,3,12
3415,20,5229574970176891503,0,8,8,73,1,5,3,15
3416,20,-7506612231889539709,0,6,6,77,1,4,2,12
3417,20,5790646294746771887,0,14,14,69,2,3,2,6
3418,20,8037326162694682711,0,18,18,67,6,3,2,5
3419,20,-5028329385108560305,0,16,16,72,1,10,6,26
3420,20,-7142894420368501278,0,14,14,70,1,11,8,25
3421,20,-3882192964541616596,0,6,6,68,1,6,4,12
3422,20,-3202926071364961199,0,4,4,75,6,3,2,10
3423,20,827570572221051478,0,14,14,64,2,6,5,13
3424,20,1898354670717077679,0,5,5,68,2,4,2,8
3425,20,4824401204126227131,0,14,14,75,4,3,2,5
3426,20,-5072753026272312385,0,14,14,73,3,6,4,13
3427,20,5213837876498600229,0,10,10,80,2,5,2,12
3428,20,2538410078637187083,0,8,8,79,3,6,2,13
3429,20,1306312172435357541,0,17,17,71,1,4,2,12
3430,20,1343595192662885692,0,5,5,68,1,7,5,12
3431,20,3847428355662183632,0,10,10,76,5,4,2,5
3432,20,-1889217264686941012,0,4,4,81,1,4,2,11
3433,20,8703416444871155434,0,7,7,85,1,4,2,4
3434,20,-1920659067236232391,0,11,11,78,1,6,4,15
3435,20,6926008092930629985,0,12,12,70,4,3,2,10
3436,20,-2250524260699732900,0,3,3,75,1,11,7,25
3437,20,-2542399239170598596,0,14,14,73,2,5,3,15
3438,20,6006722384790143609,0,2,2,72,4,3,1,8
3439,20,7316606503368484692,0,15,15,72,7,3,2,8
3440,20,-3826204874393735049,0,11,11,71,6,3,1,12
3441,20,8912132475963465218,0,14,14,75,2,6,4,12
3442,20,-5901460769250008941,0,13,13,75,7,5,4,12
3443,20,2848281102704823833,0,7,7,71,5,5,4,11
3444,20,-2193809274762875791,0,11,11,69,3,5,4,13
3445,20,-1660675972434481386,0,4,4,82,2,4,2,10
3446,20,6778638869793880692,0,9,9,78,1,4,1,12
3447,20,5619233277994849942,0,12,12,75,2,8,5,26
3448,20,3600450516733199438,0,9,9,72,5,7,5,12
3449,20,5711766852989973256,0,7,7,77,7,5,4,10
3450,20,-2147932281336827174,0,6,6,74,4,4,2,7
3451,20,6699165108287765922,0,10,10,72,3,3,2,6
3452,20,-2994075000198601944,0,10,10,78,3,5,2,11
3453,20,-2204465830538291304,0,13,13,71,9,1,1,3
3454,20,-5281037013181749031,0,6,6,70,3,5,3,13
3455,20,-2500115166576376181,0,12,12,76,5,6,4,14
3456,20,1107924455186489773,0,11,11,76,3,4,2,9
3457,20,2022332423950419007,0,15,15,72,2,6,4,12
3458,20,-8817169631134486950,0,6,6,67,3,6,5,16
3459,20,-7980371659697171055,0,15,15,80,4,2,1,9
3460,20,-7642663279849888609,0,12,12,80,1,7,4,14
3461,20,8917463422281538727,0,16,16,70,5,3,1,4
3462,20,-7150338817639412073,0,5,5,72,7,2,1,6
3463,20,8307866513983871592,0,9,9,78,5,3,2,5
3464,20,-8868009045899818158,0,16,16,77,1,6,3,8
3465,20,1286963562675917615,0,8,8,76,1,7,4,14
3466,20,5169644448489399457,0,13,13,73,4,4,2,13
3467,20,5273562184581434042,0,8,8,69,1,6,4,13
3468,20,-5036762121501462991,0,2,2,69,1,6,2,19
3469,20,-853751231886062744,0,9,9,70,4,6,4,16
3470,20,6248707794918670810,0,15,15,77,1,10,7,18
3471,20,-1608378488269345629,0,8,8,73,5,6,5,11
3472,20,-6862895945042531015,0,9,9,79,2,5,3,10
3473,20,-2715067850828444518,0,17,17,72,1,3,1,9
3474,20,-3705124670693956485,0,8,8,69,6,6,4,18
3475,20,-1174526603119742669,0,9,9,76,1,6,4,13
3476,20,-1388617779530150277,0,12,12,68,2,5,3,12
3477,20,6727732417867990080,0,11,11,71,1,2,1,3
3478,20,7624228610388196879,0,14,14,73,2,9,7,20
3479,20,8779922541986373360,0,15,15,66,5,2,1,4
3480,20,-1523726622559671137,0,7,7,74,7,2,2,6
3481,20,3811653306956159111,0,14,14,69,3,2,1,7
3482,20,-8404811375539697162,0,12,12,79,4,7,4,20
3483,20,-4507678783327597487,0,4,4,74,1,5,2,9
3484,20,-5579811192350001828,0,18,18,73,2,7,5,13
3485,20,9128135045556456148,0,19,19,76,2,12,7,32
3486,20,-6971169067516939292,0,13,13,73,2,6,3,17
3487,20,-3992271205942089148,0,16,16,71,1,2,1,2
3488,20,-5599665709472270335,0,17,17,76,2,6,3,13
3489,20,-7711773668388197829,0,3,3,77,6,3,1,9
3490,20,4805387146111290975,0,16,16,75,5,4,3,12
3491,20,1939736321016585897,0,14,14,69,7,2,1,6
3492,20,-4129107758978612240,0,8,8,81,1,5,2,8
3493,20,4074800587774203400,0,18,18,70,2,3,2,5
3494,20,-588443717853783740,0,12,12,76,2,3,1,7
3495,20,-6852103085267472684,0,15,15,86,4,5,2,7
3496,20,5407202535150442269,0,10,10,73,1,9,5,19
3497,20,-2643632436950773702,0,11,11,77,1,4,2,11
3498,20,4880237396399888450,0,11,11,73,6,4,2,12
3499,20,-3304995676078474737,0,14,14,77,3,3,1,10
3500,20,6275808343836679315,0,15,15,72,2,5,2,12
3501,20,-6265353886450507773,0,1,1,70,3,3,1,5
3502,20,-1236677959496238755,0,0,0,71,2,4,2,8
3503,20,2789768185239192597,0,8,8,73,1,6,3,12
3504,20,-5947075242506077457,0,4,4,70,4,5,3,12
3505,20,-8956508465299012535,0,6,6,78,1,6,4,12
3506,20,1529947542229994349,0,11,11,78,4,2,1,4
3507,20,-8880510857957486695,0,10,10,77,1,2,1,6
3508,20,-5528701340563164445,0,3,3,81,4,3,1,8
3509,20,-8570249835044522456,0,15,15,75,3,2,1,6
3510,20,-5948226133527903076,0,3,3,69,2,8,7,13
3511,20,-8451968537621788483,0,14,14,77,1,5,3,6
3512,20,2913600620658462132,0,15,15,71,4,3,2,8
3513,20,-2308645912144823442,0,7,7,71,1,6,4,13
3514,20,3421995380335712492,0,5,5,74,3,3,1,6
3515,20,274160899367354267,0,17,17,78,3,2,1,3
3516,20,4475935385917135805,0,14,14,80,6,4,2,7
3517,20,8880502183250544926,0,10,10,72,2,4,2,9
3518,20,1117114271463989423,0,12,12,73,3,4,2,10
3519,20,-8637933493361757504,0,14,14,73,3,8,6,17
3520,20,1661734397625107178,0,12,12,68,3,6,4,14
3521,20,4116153542085588462,0,13,13,74,3,5,2,7
3522,20,-3304683483167764723,0,13,13,70,1,4,2,11
3523,20,5031252089993619884,0,7,7,78,1,5,2,14
3524,20,-5489523817250464450,0,18,18,74,3,3,2,3
3525,20,5025165814426123464,0,11,11,74,1,4,1,10
3526,20,-7306215802038142847,0,10,10,78,8,5,4,9
3527,20,3863008609817190227,0,14,14,77,5,5,3,5
3528,20,-3809839618734971059,0,11,11,75,2,4,2,8
3529,20,-1157076914913161395,0,14,14,74,3,8,5,16
3530,20,3810828644991494492,0,4,4,72,4,5,4,14
3531,20,-8603248421313479521,0,18,18,70,3,3,2,8
3532,20,1512124331531304642,0,12,12,81,4,7,3,12
3533,20,3437323800646301773,0,8,8,74,4,6,5,14
3534,20,-3984974964960900031,0,10,10,72,3,4,2,15
3535,20,-1006727817762577685,0,17,17,68,1,5,4,8
3536,20,2097680616554606811,0,9,9,72,6,4,2,9
3537,20,-746612373199122864,0,12,12,57,1,4,2,12
3538,20,-7773951522371772249,0,5,5,76,1,7,4,12
3539,20,-8400564315740502391,0,16,16,74,2,5,3,16
3540,20,-4044617130174375704,0,12,12,72,2,8,5,21
3541,20,-321452303989967344,0,8,8,72,1,3,2,8
3542,20,5113456231215595867,0,7,7,77,8,3,2,9
3543,20,8527051572160796990,0,6,6,81,1,5,2,9
3544,20,5971073556411961039,0,8,8,76,2,5,1,9
3545,20,3885120810204673277,0,13,13,70,2,5,3,11
3546,20,-2710945465023137029,0,10,10,73,2,5,3,17
3547,20,773588890975913153,0,15,15,69,5,2,1,5
3548,20,-4558138031231982197,0,11,11,77,1,4,1,9
3549,20,3958340728218915768,0,12,12,73,3,5,3,9
3550,20,731788319508394619,0,9,9,72,4,3,2,7
3551,20,6157354233757152575,0,15,15,69,1,6,3,13
3552,20,5616330063113091496,0,11,11,68,2,5,4,15
3553,20,-3801035591317843816,0,6,6,71,1,8,3,24
3554,20,-1744748596251878492,0,10,10,72,6,3,2,11
3555,20,-1837609232666856486,0,6,6,71,1,6,4,17
3556,20,-4437839059087863863,0,9,9,70,4,3,2,6
3557,20,-2763978270905408984,0,8,8,72,4,3,1,13
3558,20,6434595620359454608,0,9,9,72,4,4,3,11
3559,20,8296570340748005669,0,8,8,77,2,4,2,11
3560,20,3642730393836667683,0,9,9,77,2,6,4,10
3561,20,1616150049596197286,0,3,3,73,3,5,3,14
3562,20,-5167463083813137616,0,12,12,75,3,4,3,12
3563,20,-7214018141791445079,0,11,11,71,3,8,5,20
3564,20,567651107422454783,0,13,13,75,3,6,4,16
3565,20,7786017733055886726,0,17,17,69,3,5,3,10
3566,20,3443294585625173446,0,6,6,71,3,3,2,5
3567,20,4245785636828577380,0,1,1,79,2,6,4,11
3568,20,-564241602715670980,0,7,7,75,6,6,5,12
3569,20,1324064257753658350,0,14,14,76,6,6,4,19
3570,20,-1597603295352754325,0,13,13,69,1,3,1,11
3571,20,-316836329839692987,0,11,11,72,1,5,3,17
3572,20,-1720186034461376566,0,11,11,76,1,8,4,21
3573,20,3350885034522752311,0,11,11,76,6,4,2,4
3574,20,-7503238558451341430,0,13,13,77,1,4,1,10
3575,20,-6917483094588123727,0,14,14,71,1,5,3,10
3576,20,-7726952906580175056,0,16,16,69,5,3,2,7
3577,20,9023373946669604466,0,14,14,73,2,3,1,7
3578,20,7164273968529197923,0,12,12,71,2,5,2,18
3579,20,5021326234040338689,0,9,9,78,2,4,2,10
3580,20,4977636252445385222,0,9,9,68,7,2,1,8
3581,20,-405661045099156511,0,10,10,79,2,6,3,16
3582,20,-2410381083236832119,0,4,4,72,5,5,3,14
3583,20,3399866019518187266,0,2,2,64,5,2,1,5
3584,20,-5497508250133064836,0,2,2,77,4,2,1,4
3585,20,-5788383086986189959,0,8,8,80,2,3,1,7
3586,20,2168760218336763748,0,12,12,72,5,3,2,8
3587,20,1427627037035936371,0,14,14,74,2,8,5,20
3588,20,-2979399693224559918,0,8,8,73,4,4,2,12
3589,20,-3031736240906545305,0,11,11,76,7,9,8,18
3590,20,-4480651316128857680,0,17,17,77,1,4,1,12
3591,20,-4911481580314433142,0,1,1,76,1,5,3,16
3592,20,2973120263799370206,0,9,9,74,1,3,1,9
3593,20,4292834519718000776,0,4,4,72,5,3,1,8
3594,20,5816838759645221117,0,11,11,77,2,7,4,14
3595,20,-4961309906280779664,0,15,15,75,7,2,1,7
3596,20,-6701648151216481399,0,11,11,71,3,6,4,16
3597,20,8355402558959466735,0,3,3,76,1,9,4,17
3598,20,-407255141124452051,0,15,15,72,5,5,4,10
3599,20,8133299833096080320,0,14,14,78,4,9,7,19
3600,20,-7798538725466885550,0,12,12,75,1,5,3,15
3601,20,-6135717416052507037,0,15,15,68,2,4,1,10
3602,20,9206425710976025336,0,12,12,73,3,4,2,7
3603,20,1058244752514544396,0,10,10,76,5,5,5,16
3604,20,3807491091264644809,0,14,14,67,9,2,2,8
3605,20,1739255313082705118,0,7,7,80,1,8,5,24
3606,20,-4501667897508042133,0,11,11,71,2,6,4,14
3607,20,5670487449855542104,0,12,12,72,5,5,3,18
3608,20,-2632163655841378795,0,6,6,75,1,6,3,9
3609,20,-605669234298531569,0,16,16,74,3,13,9,26
3610,20,3594253137413907812,0,19,19,71,5,2,1,6
3611,20,-6116422689756268131,0,4,4,76,1,7,3,18
3612,20,6989477049323659375,0,6,6,73,3,9,6,23
3613,20,-7407231223591415079,0,11,11,72,3,4,3,11
3614,20,3812123909874029080,0,4,4,71,4,8,6,23
3615,20,6861890159994387783,0,16,16,77,1,7,4,18
3616,20,-9086192898254731355,0,14,14,78,4,3,2,6
3617,20,-7601482409531303982,0,12,12,72,2,7,4,13
3618,20,5364687367676118414,0,11,11,75,2,4,2,12
3619,20,3834283604698348216,0,15,15,68,2,6,3,14
3620,20,-6051887854240563816,0,12,12,84,4,10,7,21
3621,20,8780254097268452805,0,18,18,75,5,3,2,11
3622,20,-5186539379061435870,0,3,3,76,2,6,4,10
3623,20,2948754253548801475,0,10,10,67,4,5,3,16
3624,20,-1006542733926712642,0,10,10,69,7,2,1,6
3625,20,3211011503044384048,0,8,8,70,2,4,2,10
3626,20,5402249939717430787,0,10,10,78,1,6,4,9
3627,20,3726174546222922801,0,10,10,70,1,3,1,10
3628,20,-6850448017055566688,0,13,13,74,1,5,2,11
3629,20,5866791170704712647,0,12,12,68,4,3,1,8
3630,20,-5358092903262025292,0,15,15,74,2,5,2,11
3631,20,3010464301732446271,0,7,7,72,2,6,2,15
3632,20,4752415762207288413,0,13,13,70,1,7,4,21
3633,20,5255769525635086063,0,12,12,69,6,3,2,4
3634,20,-262776738022726002,0,5,5,79,2,11,7,26
3635,20,7908123471321801502,0,15,15,73,3,7,6,19
3636,20,-6180529056051917530,0,18,18,70,2,5,2,15
3637,20,-191494240364644797,0,13,13,86,4,6,2,14
3638,20,7014857186516319549,0,13,13,74,1,4,2,11
3639,20,7162372715358955378,0,8,8,76,4,5,2,11
3640,20,1676952594630515392,0,9,9,78,1,5,3,8
3641,20,-4882680707026360813,0,15,15,72,3,6,4,11
3642,20,4690992266806223935,0,12,12,68,9,1,1,2
3643,20,-665408683114413100,0,9,9,76,4,4,2,7
3644,20,4458349764374458373,0,13,13,75,1,3,1,9
3645,20,6079260524435474912,0,8,8,73,5,5,4,7
3646,20,6526476519746856553,0,5,5,73,3,7,3,21
3647,20,4686682761428643152,0,9,9,65,5,6,4,19
3648,20,-6981901413598835357,0,4,4,72,4,3,1,5
3649,20,7346501120696833762,0,12,12,67,8,2,2,4
3650,20,1252947452284680545,0,11,11,69,1,5,3,13
3651,20,5834526116269634024,0,9,9,74,2,9,6,20
3652,20,7892191134753863515,0,9,9,74,3,4,3,9
3653,20,6090285657204012674,0,10,10,72,5,4,2,12
3654,20,5905884342584951844,0,10,10,72,4,2,1,5
3655,20,6968275405321757455,0,12,12,79,3,4,2,5
3656,20,-3838156506880678653,0,8,8,74,6,4,3,11
3657,20,-7984366179517130528,0,14,14,76,3,5,4,10
3658,20,-2159866399527488126,0,13,13,77,2,5,2,12
3659,20,5712976891267878958,0,14,14,70,3,8,6,19
3660,20,3162769236997799557,0,12,12,83,2,4,3,7
3661,20,350264271883376462,0,14,14,72,2,2,1,4
3662,20,1309976077758147229,0,1,1,69,2,4,3,15
3663,20,591847823805059362,0,3,3,81,3,3,2,9
3664,20,4747688268499233694,0,7,7,69,5,3,3,7
3665,20,4158087698036975314,0,4,4,81,6,2,1,5
3666,20,-625855060376181394,0,13,13,76,1,6,4,17
3667,20,-6930509326509743940,0,11,11,65,1,4,2,15
3668,20,-2868188279038316001,0,11,11,77,6,1,1,3
3669,20,-8935855279578015064,0,9,9,67,2,5,3,16
3670,20,-8280399892280028352,0,6,6,75,2,9,5,18
3671,20,5716322735991686976,0,12,12,74,2,2,1,9
3672,20,-4923278021506767760,0,14,14,74,3,7,5,18
3673,20,-3305942046165158210,0,15,15,72,2,3,2,8
3674,20,7262846877058933555,0,9,9,73,5,4,2,5
3675,20,2873469120252237030,0,5,5,68,5,4,3,12
3676,20,-2247360551819173880,0,12,12,76,1,7,4,11
3677,20,-264944870380924361,0,4,4,74,2,2,1,5
3678,20,-3581673002816557894,0,9,9,72,2,9,7,22
3679,20,5179059933381389405,0,12,12,74,1,6,3,14
3680,20,-5824896500322821130,0,14,14,71,2,7,6,16
3681,20,7242287344321006057,0,14,14,74,2,5,3,11
3682,20,-4981250369812994531,0,9,9,69,3,2,1,4
3683,20,-7317932275837199037,0,10,10,80,2,4,3,9
3684,20,-8212500949786867877,0,8,8,83,1,5,2,11
3685,20,8584452506673251038,0,15,15,75,1,8,2,23
3686,20,-855264544924161288,0,10,10,80,2,3,2,7
3687,20,-5990566669647343954,0,11,11,66,3,4,3,9
3688,20,-8317158710921398290,0,12,12,74,6,3,2,7
3689,20,2749415069026106583,0,0,0,71,6,6,3,16
3690,20,-6675014100101295430,0,12,12,68,3,4,2,8
3691,20,-993259447063168602,0,16,16,69,4,4,2,7
3692,20,5040973711996201078,0,10,10,77,3,3,1,9
3693,20,-4081513984550341436,0,15,15,69,4,5,3,13
3694,20,-8071501578944178393,0,10,10,80,3,5,4,12
3695,20,-2185346706976033880,0,7,7,68,2,2,1,4
3696,20,-1141715610161182892,0,1,1,77,8,2,1,9
3697,20,-2907367845123958963,0,16,16,64,5,3,1,10
3698,20,-1303582936680035625,0,6,6,72,2,5,3,14
3699,20,-5177960328763061979,0,10,10,75,2,5,1,8
3700,20,-2696593627145120522,0,11,11,66,7,2,1,6
3701,20,372566914958967628,0,5,5,74,3,3,1,8
3702,20,1084333227004354485,0,11,11,78,1,6,3,14
3703,20,5346120392450271232,0,11,11,78,4,7,5,18
3704,20,9198101980322370149,0,10,10,70,2,2,1,7
3705,20,-8488146565082424239,0,9,9,76,2,5,3,14
3706,20,-3655855431369343616,0,14,14,75,4,6,4,13
3707,20,4573352710270016020,0,7,7,76,2,3,1,6
3708,20,-5554002021783011400,0,9,9,78,1,10,6,24
3709,20,6003871274639551773,0,4,4,80,4,5,3,11
3710,20,896310255068702797,0,12,12,76,3,3,1,7
3711,20,4973955615651811244,0,16,16,74,1,4,2,11
3712,20,7165839955141782174,0,5,5,73,2,4,1,10
3713,20,-6684423063930168793,0,14,14,76,5,4,2,9
3714,20,5081763862346299139,0,6,6,75,1,4,2,11
3715,20,4634280110133819913,0,10,10,71,2,5,3,12
3716,20,-2276041913788740391,0,7,7,75,1,8,3,17
3717,20,-1784490398631435238,0,12,12,68,7,3,2,8
3718,20,-5928418379016119843,0,8,8,77,4,6,3,12
3719,20,5814388993324905952,0,8,8,74,1,7,4,22
3720,20,-8333611338841474371,0,3,3,79,2,4,2,11
3721,20,3981406061590968917,0,5,5,73,1,5,3,14
3722,20,1383151784559849708,0,0,0,70,4,5,3,13
3723,20,8773010979334374873,0,6,6,75,4,2,1,5
3724,20,8165766236434014645,0,11,11,77,2,7,3,20
3725,20,-8294538476794356375,0,15,15,73,2,10,7,27
3726,20,7698699568197956243,0,12,12,72,1,3,2,10
3727,20,2653350741330042129,0,18,18,69,1,4,2,16
3728,20,3962125708379084479,0,5,5,80,2,3,2,7
3729,20,1511104605381513631,0,5,5,76,6,4,2,9
3730,20,8588378194130592265,0,1,1,75,2,6,4,19
3731,20,4928979488229865881,0,8,8,71,2,5,3,15
3732,20,-7970545500360608533,0,13,13,72,2,2,1,6
3733,20,2265756203141243248,0,10,10,69,2,3,1,6
3734,20,-2134946836961503782,0,3,3,74,1,4,1,11
3735,20,-4004752223151059212,0,12,12,73,4,3,2,8
3736,20,6764231411648105439,0,9,9,74,3,8,4,20
3737,20,1851972695486902283,0,12,12,74,1,4,1,13
3738,20,-3770023974526038426,0,14,14,70,6,2,1,5
3739,20,4508580327586627741,0,8,8,74,2,7,4,20
3740,20,5300133173034786390,0,8,8,74,1,5,3,12
3741,20,-5790702560298935342,0,12,12,77,6,3,2,9
3742,20,-7258968918598427551,0,12,12,75,6,2,1,4
3743,20,-1289846414995821441,0,14,14,72,6,3,2,9
3744,20,799938503104327836,0,17,17,73,4,8,5,16
3745,20,-6339887284020694819,0,17,17,76,1,3,1,8
3746,20,-4620003039930656942,0,17,17,81,2,8,3,19
3747,20,8851805673907225979,0,3,3,71,2,6,3,21
3748,20,-1161607212778510572,0,14,14,73,2,3,1,8
3749,20,5834115218699185013,0,12,12,76,3,4,1,11
3750,20,-3106534684281347052,0,8,8,81,1,7,4,15
3751,20,2257813823468305894,0,12,12,69,5,4,3,14
3752,20,-4995087363884731213,0,10,10,71,1,7,4,13
3753,20,6461442110048750234,0,12,12,69,3,2,1,4
3754,20,-8020261415205811369,0,8,8,73,6,5,4,13
3755,20,-2718742513271832056,0,3,3,76,2,6,3,16
3756,20,-7454221707321927294,0,8,8,72,5,3,2,7
3757,20,-4136275449962974594,0,11,11,72,4,6,4,17
3758,20,-4140664329660227553,0,18,18,74,2,8,5,17
3759,20,9205764235870077598,0,10,10,77,1,8,4,15
3760,20,4503968492323860767,0,13,13,72,3,3,2,6
3761,20,5028929620034232072,0,7,7,80,6,6,4,13
3762,20,-5170801861750442428,0,14,14,76,2,3,2,6
3763,20,8863186744972496728,0,16,16,75,1,5,3,8
3764,20,1806388045447319868,0,4,4,72,3,5,2,12
3765,20,-8568373072836401582,0,6,6,79,5,5,3,9
3766,20,-1205968619918137103,0,13,13,70,6,4,2,8
3767,20,3562870879744524636,0,6,6,76,2,4,2,11
3768,20,-3099404739057125345,0,6,6,70,1,2,1,4
3769,20,8382492508093303596,0,9,9,72,3,4,2,11
3770,20,-3004536529581854426,0,18,18,74,3,5,3,12
3771,20,7240271743992739265,0,14,14,77,2,6,3,16
3772,20,7965795821481806625,0,5,5,79,1,4,1,11
3773,20,-2461713013436883050,0,3,3,74,1,5,3,11
3774,20,6279920053783071798,0,11,11,71,4,3,1,7
3775,20,-6684294522899654635,0,12,12,70,2,5,3,10
3776,20,7155356496941622575,0,2,2,75,4,3,1,7
3777,20,6326194763261785929,0,0,0,78,5,6,2,16
3778,20,-3267204684006378935,0,12,12,75,4,4,3,10
3779,20,-2729215369887564584,0,13,13,75,3,4,3,12
3780,20,-7480980889664719540,0,13,13,82,6,2,1,3
3781,20,-482425399715206609,0,12,12,78,2,5,2,12
3782,20,-2093155136659055397,0,6,6,76,3,3,1,6
3783,20,5912437721900207102,0,15,15,79,1,6,2,7
3784,20,308872688472141069,0,6,6,71,5,3,2,6
3785,20,7365579595651049191,0,5,5,80,1,5,2,14
3786,20,8811168244860509499,0,15,15,82,1,5,2,11
3787,20,-176489975114237071,0,15,15,73,1,4,2,14
3788,20,3950710535395999515,0,9,9,71,4,4,2,16
3789,20,7279722977281185090,0,18,18,71,2,9,6,18
3790,20,1954368843808817933,0,12,12,74,7,1,1,3
3791,20,-4162411212421834355,0,7,7,79,1,5,2,14
3792,20,6700728848728747445,0,9,9,79,2,5,2,17
3793,20,3057333069046859977,0,15,15,77,3,4,2,8
3794,20,1761723715654669001,0,12,12,74,1,5,2,14
3795,20,-6248444613794568285,0,9,9,72,7,2,2,2
3796,20,-9025237398807074517,0,11,11,65,3,5,2,12
3797,20,2475819116238930740,0,7,7,72,1,4,2,6
3798,20,522621932268555322,0,13,13,79,1,9,4,24
3799,20,-3032442323078708106,0,12,12,74,1,6,3,14
3800,20,7482922999203577444,0,6,6,79,4,4,1,8
3801,20,7390043517513664244,0,9,9,75,1,8,5,18
3802,20,-3692820374739877633,0,1,1,76,6,4,2,10
3803,20,-5979888705333483840,0,8,8,72,1,5,3,13
3804,20,7529173057018729817,0,16,16,72,4,2,1,4
3805,20,4828666312438790570,0,8,8,82,3,4,2,10
3806,20,-80641429679195379,0,12,12,85,2,4,1,4
3807,20,8458290724159055790,0,8,8,73,5,3,2,8
3808,20,-6377894548018020456,0,1,1,73,1,5,3,11
3809,20,2365113757919860397,0,9,9,75,3,5,2,12
3810,20,-6992139299353627861,0,13,13,71,6,2,1,5
3811,20,-3146952239531598496,0,10,10,72,8,1,1,3
3812,20,-2458844943864817983,0,10,10,71,2,2,1,6
3813,20,-1128801510125047415,0,10,10,70,3,4,2,15
3814,20,-8020034494541817996,0,15,15,71,5,2,1,5
3815,20,-7028133904811211414,0,14,14,78,4,3,2,6
3816,20,-992753902650348788,0,8,8,71,4,3,1,6
3817,20,-5506549142605150085,0,13,13,71,4,5,3,11
3818,20,-7938489593882500647,0,8,8,73,2,5,3,17
3819,20,6990264895619104598,0,18,18,80,1,6,3,10
3820,20,-4597359676678241854,0,5,5,81,1,6,3,11
3821,20,1900890347071235830,0,10,10,71,6,4,2,12
3822,20,-2222552960281395555,0,13,13,66,3,8,6,21
3823,20,1725569668585707296,0,4,4,73,2,8,5,29
3824,20,5124773445651112896,0,15,15,76,4,6,3,14
3825,20,4153618514530506784,0,16,16,72,1,3,2,9
3826,20,3871849464095359703,0,0,0,83,2,7,3,20
3827,20,-2175479399001841736,0,6,6,77,1,5,3,12
3828,20,-3711980406624814089,0,7,7,82,1,3,1,6
3829,20,5167971121836337493,0,11,11,75,4,4,3,14
3830,20,2409475561580655347,0,0,0,74,1,6,3,11
3831,20,2736867050776960388,0,9,9,70,1,4,2,12
3832,20,6756540623776712174,0,5,5,73,4,4,2,9
3833,20,-1163735958464955229,0,9,9,72,1,8,5,21
3834,20,8952764504282634545,0,4,4,75,7,5,5,17
3835,20,-8160462576978902821,0,12,12,73,2,5,3,21
3836,20,-9010496673539634114,0,16,16,70,4,7,6,14
3837,20,4542281617365494605,0,10,10,78,4,4,3,9
3838,20,-10349071631553499,0,10,10,76,2,5,3,11
3839,20,7820286281702682763,0,5,5,70,4,3,1,6
3840,20,-2187918505521170667,0,11,11,72,2,3,2,8
3841,20,7272246649584449609,0,7,7,74,5,6,4,17
3842,20,-3632607107090299595,0,11,11,74,1,3,1,5
3843,20,-7785725170193456045,0,11,11,78,6,6,3,10
3844,20,474385115120052916,0,13,13,68,8,3,3,5
3845,20,-8972837111445466430,0,11,11,73,1,6,4,15
3846,20,3646916579815302942,0,4,4,72,3,4,2,13
3847,20,-8300732293662371990,0,14,14,74,3,8,5,18
3848,20,-8493556577723943439,0,8,8,76,2,3,1,8
3849,20,-8029206804231772010,0,3,3,71,2,3,2,9
3850,20,-6847872989639830416,0,15,15,74,6,6,4,12
3851,20,-867970863658853641,0,11,11,78,1,6,3,13
3852,20,5320408550049616054,0,5,5,73,1,5,3,13
3853,20,-2538620267505760040,0,8,8,69,1,5,3,16
3854,20,9075975052306658829,0,14,14,71,2,4,2,10
3855,20,5098182852428132502,0,10,10,73,1,4,1,10
3856,20,-9207615521470272896,0,6,6,73,4,4,2,11
3857,20,3089641431793702479,0,4,4,73,1,4,2,12
3858,20,1787247256381149614,0,14,14,73,1,4,1,11
3859,20,-1543427922518879015,0,8,8,71,5,3,2,9
3860,20,1838517430382987488,0,8,8,71,2,2,1,7
3861,20,7213863126175074806,0,3,3,78,3,4,2,6
3862,20,-2973048306326597538,0,8,8,71,5,3,2,7
3863,20,2847694829515346373,0,10,10,77,3,4,3,9
3864,20,-4411894533325015554,0,10,10,74,8,2,2,4
3865,20,-2527316056525699718,0,11,11,74,7,6,4,11
3866,20,7195251971090093309,0,12,12,72,3,5,4,10
3867,20,-483334434817527471,0,14,14,72,7,2,1,2
3868,20,-2971158179524870383,0,0,0,79,4,10,6,28
3869,20,-3543656460637227585,0,5,5,73,5,2,1,7
3870,20,-9052734604872392002,0,11,11,73,6,4,3,14
3871,20,1006218960881649642,0,15,15,71,4,5,2,11
3872,20,8826164776676901608,0,10,10,79,1,5,3,12
3873,20,2574397574398788955,0,9,9,73,1,7,4,24
3874,20,-2001290289059261527,0,14,14,73,2,5,2,12
3875,20,437791572616515314,0,11,11,71,1,5,3,13
3876,20,-1064868915000700828,0,11,11,78,5,9,5,20
3877,20,-1170992585168281830,0,10,10,85,1,5,3,8
3878,20,6132910168755265306,0,6,6,74,3,4,2,10
3879,20,1020307825355755324,0,13,13,77,2,3,1,5
3880,20,7960909977024206075,0,15,15,79,1,3,2,10
3881,20,-116800529080254344,0,9,9,76,7,5,5,9
3882,20,6721377430591402048,0,14,14,73,4,4,2,11
3883,20,3879294932408638354,0,10,10,73,3,4,2,13
3884,20,8234299227686853431,0,19,19,77,5,6,3,16
3885,20,-6307724957435782102,0,6,6,70,3,4,2,11
3886,20,8059198631499205791,0,2,2,77,2,5,2,10
3887,20,9002186336097426224,0,12,12,82,1,6,4,15
3888,20,757398747650054453,0,11,11,71,5,2,1,8
3889,20,-4574542415323296619,0,9,9,74,1,6,2,17
3890,20,-6239426514371114354,0,12,12,76,1,6,3,16
3891,20,7732638109358826566,0,16,16,79,1,3,1,7
3892,20,3062689396807028519,0,19,19,75,3,8,4,20
3893,20,-4381450001756252587,0,0,0,65,5,9,5,26
3894,20,2172704579145766842,0,16,16,71,3,4,2,11
3895,20,3199002534995912313,0,13,13,68,6,3,2,9
3896,20,-6351437471401871918,0,17,17,71,1,4,3,9
3897,20,-6772937705519760712,0,10,10,74,6,6,5,20
3898,20,-5133709216332230751,0,12,12,71,4,8,5,31
3899,20,-7818126621128530590,0,11,11,75,3,5,3,14
3900,20,5926071182195162385,0,11,11,71,2,3,1,10
3901,20,7966457783321434689,0,8,8,78,2,7,4,17
3902,20,-5343797922203983336,0,11,11,67,4,5,4,11
3903,20,2487951233573241613,0,12,12,79,2,4,1,5
3904,20,706957531120720464,0,13,13,73,6,6,5,17
3905,20,-1950478476491020507,0,3,3,85,2,8,5,15
3906,20,-2756470578144343610,0,6,6,80,1,6,3,10
3907,20,2926100152366357116,0,10,10,68,5,4,2,8
3908,20,-5889323317935380719,0,5,5,69,7,2,1,4
3909,20,6053867085960783825,0,14,14,80,2,6,4,9
3910,20,-7434801583013358938,0,15,15,78,4,6,4,13
3911,20,5961487742106790434,0,8,8,70,3,8,5,21
3912,20,4528204824162520939,0,12,12,80,3,4,1,12
3913,20,-6138213071427270302,0,13,13,80,5,2,1,2
3914,20,-8316549701739401079,0,15,15,76,4,2,1,6
3915,20,-7746496580060180887,0,15,15,68,1,6,3,21
3916,20,-8526666077017386874,0,10,10,76,3,3,1,6
3917,20,-9069535276861128149,0,12,12,69,4,3,2,10
3918,20,-5014584673697307246,0,7,7,79,1,6,4,14
3919,20,2553648922679249964,0,9,9,70,3,5,2,10
3920,20,6295836108904580896,0,9,9,75,3,6,3,18
3921,20,-3305342528073464781,0,11,11,83,3,4,1,6
3922,20,7104594469664929976,0,14,14,78,3,3,1,5
3923,20,6605459028473342781,0,15,15,77,3,6,3,17
3924,20,1570911281004580363,0,10,10,76,2,7,4,21
3925,20,-6658355405601931340,0,9,9,74,3,4,3,9
3926,20,5259235120124132423,0,10,10,72,2,5,3,8
3927,20,-3984232309352734496,0,3,3,77,1,8,6,18
3928,20,-6685701332144116564,0,14,14,83,2,4,1,8
3929,20,8435131475424277917,0,14,14,69,1,3,1,12
3930,20,-6162668662361004961,0,8,8,65,2,3,1,9
3931,20,4162048308099910222,0,13,13,75,5,3,2,3
3932,20,103294894418580862,0,15,15,71,1,7,4,17
3933,20,4320877378676120081,0,5,5,66,1,6,3,15
3934,20,6707094167705841012,0,13,13,74,1,6,3,14
3935,20,-4838446930133551308,0,16,16,74,2,7,5,15
3936,20,7396696240343725197,0,8,8,74,1,4,3,14
3937,20,-2122330488511052058,0,10,10,78,2,9,5,16
3938,20,-1554549002274106676,0,3,3,72,2,3,2,8
3939,20,-7455439943188708303,0,4,4,70,2,3,2,8
3940,20,6341622254362365436,0,6,6,73,6,4,2,7
3941,20,-2073145438976672217,0,8,8,79,3,5,2,16
3942,20,-3544555330801478396,0,10,10,81,1,9,6,14
3943,20,-2299829714225691301,0,13,13,79,3,5,3,8
3944,20,4043438721561472127,0,12,12,72,6,3,1,8
3945,20,3067528357458754707,0,13,13,70,3,4,1,10
3946,20,7579345852390314124,0,12,12,73,2,2,1,9
3947,20,750623384057921723,0,14,14,81,1,8,5,24
3948,20,-429235904396451871,0,10,10,77,1,4,2,8
3949,20,-5107542660796621797,0,4,4,64,6,3,2,7
3950,20,-7872849016556346330,0,1,1,76,1,7,3,26
3951,20,587641369869007052,0,0,0,79,3,4,1,10
3952,20,8616398772039207808,0,16,16,80,5,4,1,10
3953,20,-7585589561894582680,0,8,8,75,3,4,1,8
3954,20,5111789328896845675,0,15,15,76,6,6,4,7
3955,20,-5654888879398926592,0,5,5,77,2,6,3,11
3956,20,4589055026460345548,0,12,12,73,1,6,3,20
3957,20,-8562921420327241902,0,10,10,68,1,4,2,11
3958,20,4548849016175391046,0,11,11,70,4,5,3,11
3959,20,651596439425025595,0,10,10,70,1,4,2,8
3960,20,-8033040831945178677,0,18,18,73,1,6,4,20
3961,20,-6336669438108184726,0,15,15,81,6,6,4,11
3962,20,-1790989757050311050,0,8,8,69,2,3,2,13
3963,20,-4884407777276261034,0,9,9,76,4,4,3,11
3964,20,-7609571452516313192,0,15,15,75,5,3,1,9
3965,20,6380625720139413105,0,8,8,78,4,6,3,16
3966,20,-7311772549138397168,0,13,13,76,1,6,2,18
3967,20,9196324181470673309,0,15,15,69,3,10,7,29
3968,20,-607334946091841312,0,15,15,78,7,6,5,13
3969,20,8297107946045378015,0,14,14,77,4,5,4,8
3970,20,-6037623686928999940,0,1,1,76,1,4,1,9
3971,20,6930010930504157522,0,7,7,70,4,2,1,4
3972,20,3082305150114243683,0,8,8,83,1,8,4,20
3973,20,6247128429280424797,0,14,14,78,2,5,2,15
3974,20,6113316116199766387,0,15,15,78,4,7,5,12
3975,20,-1773708576042121688,0,8,8,74,2,5,3,15
3976,20,1497725147356885881,0,7,7,78,1,6,4,15
3977,20,8319828516271838027,0,8,8,73,2,7,5,11
3978,20,5051406847592991623,0,10,10,75,1,5,2,10
3979,20,-218001042413011000,0,14,14,76,3,7,4,21
3980,20,-1186191315544655734,0,8,8,73,1,4,2,13
3981,20,7613139115830659899,0,10,10,75,1,6,4,18
3982,20,5454534100910730139,0,7,7,75,3,4,2,9
3983,20,-4314106870688262577,0,8,8,75,1,5,2,6
3984,20,-8391296009930343019,0,8,8,78,4,2,1,4
3985,20,3387659263437495412,0,7,7,70,1,4,1,13
3986,20,1499823741735920103,0,14,14,76,3,3,2,7
3987,20,5706728400446657742,0,5,5,73,2,9,6,27
3988,20,-7881759740475690326,0,0,0,78,1,7,2,19
3989,20,-3514986289148121488,0,7,7,76,1,6,4,13
3990,20,-339931218393044491,0,15,15,70,2,2,1,4
3991,20,-1677442248101585975,0,10,10,69,3,2,1,6
3992,20,-7988537895147250576,0,12,12,74,3,3,2,6
3993,20,4844385868677751134,0,5,5,70,2,5,3,8
3994,20,6899197214892214567,0,15,15,79,1,5,3,7
3995,20,-2519726739550037063,0,12,12,70,2,5,3,12
3996,20,3561244884040815264,0,5,5,75,6,2,1,4
3997,20,-8369623239397658464,0,13,13,66,3,7,6,21
3998,20,-251289702583601874,0,9,9,73,5,5,2,12
3999,20,2581317529655074698,0,12,12,70,4,2,1,2
4000,20,4821968183170256519,0,16,16,74,4,4,2,16
4001,20,-5468108195314948786,0,13,13,75,3,6,3,10
4002,20,7130850608751069844,0,9,9,75,6,3,2,9
4003,20,390384772010944285,0,13,13,77,2,4,2,11
4004,20,-2506397252449728120,0,18,18,72,1,10,9,15
4005,20,-6895049201194624846,0,7,7,69,4,3,1,8
4006,20,-5647773049938668748,0,4,4,71,2,6,3,10
4007,20,-2617962547407072825,0,12,12,70,2,3,1,10
4008,20,3255525860381240216,0,13,13,76,1,9,6,22
4009,20,-7589260834494789942,0,7,7,75,3,7,4,16
4010,20,8311161089618959548,0,5,5,69,4,3,2,9
4011,20,6534556263113251024,0,16,16,76,7,3,2,9
4012,20,4659494792683735489,0,8,8,76,4,4,2,8
4013,20,4549473467882909898,0,3,3,66,1,4,2,12
4014,20,-9069643738872635598,0,7,7,75,1,4,1,10
4015,20,7049855551300311542,0,13,13,79,1,6,3,10
4016,20,8330411314230637727,0,7,7,73,5,7,5,13
4017,20,8043048226429964183,0,3,3,68,5,3,1,8
4018,20,-4998731069114305684,0,15,15,73,6,2,1,2
4019,20,3582701915940942311,0,8,8,68,1,6,3,7
4020,20,-613263772631574810,0,3,3,76,1,4,1,12
4021,20,8848462822727259724,0,6,6,69,3,3,2,7
4022,20,5132475830207650198,0,13,13,77,3,4,2,8
4023,20,579912161214899914,0,9,9,68,3,6,4,12
4024,20,5505698770868954074,0,10,10,74,3,5,3,10
4025,20,-2357047999757712199,0,11,11,71,3,6,4,11
4026,20,5502495810746355632,0,9,9,72,4,3,2,10
4027,20,-8168397503197896009,0,19,19,76,1,6,1,16
4028,20,7587616745970980309,0,4,4,81,1,4,2,4
4029,20,2715206025751136735,0,14,14,66,3,3,1,11
4030,20,-3927831477943699442,0,11,11,62,9,1,1,4
4031,20,4537965854557994554,0,15,15,70,3,6,4,14
4032,20,-4679684681332310844,0,3,3,71,3,5,3,12
4033,20,8351820468499478133,0,5,5,72,2,5,3,13
4034,20,-7731863652970819626,0,13,13,67,1,3,1,9
4035,20,-2882834705074562348,0,19,19,72,3,10,6,30
4036,20,4073468940336258218,0,16,16,77,2,2,1,6
4037,20,-2535151999024185498,0,5,5,72,1,4,2,10
4038,20,8146999747003479429,0,5,5,78,2,7,3,22
4039,20,5193672660513951098,0,12,12,76,1,4,3,10
4040,20,-2903293810447148004,0,7,7,70,3,4,1,17
4041,20,-4969139868325883823,0,10,10,71,2,2,1,5
4042,20,7070944733743316843,0,11,11,73,3,2,1,8
4043,20,-471488710487631596,0,14,14,73,7,2,1,5
4044,20,-7598744543877578044,0,12,12,73,3,2,1,9
4045,20,8529606840452591112,0,13,13,78,1,4,1,12
4046,20,-8562484847477693910,0,4,4,74,3,7,5,17
4047,20,4858242472748808447,0,9,9,72,2,3,1,9
4048,20,-4595125254396999713,0,0,0,82,1,6,1,16
4049,20,-1486254383937165039,0,6,6,72,2,7,5,23
4050,20,798727097808922427,0,14,14,71,1,3,2,9
4051,20,-2372506112164775028,0,6,6,68,1,3,1,12
4052,20,999365047718572222,0,6,6,72,1,5,3,13
4053,20,5541596842447986728,0,14,14,76,3,4,2,11
4054,20,-5183737766888082583,0,8,8,65,1,3,1,8
4055,20,-6732682006990820225,0,11,11,76,3,4,2,10
4056,20,8061687911851818825,0,12,12,74,3,6,3,12
4057,20,-4632179686745484613,0,8,8,69,2,4,1,10
4058,20,8101662334035631443,0,11,11,73,1,6,3,15
4059,20,8213825613590679440,0,15,15,72,2,10,6,27
4060,20,-7814089542706843529,0,5,5,76,3,9,6,22
4061,20,2334610633431270252,0,14,14,81,6,4,2,9
4062,20,-8336712600406060050,0,13,13,76,4,7,3,15
4063,20,5289977174883920621,0,11,11,66,2,5,3,18
4064,20,-2116578001232606505,0,9,9,71,3,6,2,13
4065,20,6649430335273183891,0,8,8,75,2,8,5,23
4066,20,-2459609847571573503,0,6,6,68,8,4,3,10
4067,20,9201860255671542198,0,6,6,72,1,4,2,11
4068,20,-1100843387562361590,0,3,3,81,1,4,2,10
4069,20,-8787447925015414598,0,2,2,67,1,6,3,13
4070,20,4648795837850399656,0,12,12,76,3,7,5,16
4071,20,-1865411428738457984,0,13,13,68,1,3,2,8
4072,20,657252581769825350,0,5,5,72,2,5,4,9
4073,20,6286229706178947359,0,15,15,73,5,5,3,13
4074,20,661164278229708498,0,14,14,78,3,9,7,21
4075,20,3807460455658737107,0,4,4,75,2,9,6,19
4076,20,-3085345793007660331,0,14,14,70,2,5,3,12
4077,20,2292963974138078261,0,17,17,73,3,3,2,7
4078,20,1616982586562353091,0,4,4,69,2,5,2,18
4079,20,5256953616902006956,0,15,15,65,6,3,1,5
4080,20,-2141149463557910892,0,10,10,79,1,5,2,12
4081,20,4434464206255043107,0,11,11,75,5,2,1,5
4082,20,-5662077577751443309,0,12,12,76,1,7,5,17
4083,20,1473441295604977404,0,12,12,78,1,4,1,12
4084,20,2612775664338665333,0,14,14,71,4,5,3,12
4085,20,1496714143979027779,0,11,11,72,3,6,4,15
4086,20,-1552578819669153108,0,14,14,79,3,9,6,18
4087,20,-4229811942929403354,0,13,13,75,1,5,3,15
4088,20,8038880351590438397,0,2,2,74,2,6,3,18
4089,20,3241396444012815524,0,10,10,75,4,4,2,13
4090,20,-6989753623843025585,0,8,8,77,3,5,3,7
4091,20,-7725072487303475323,0,3,3,70,2,6,3,13
4092,20,5528321148568170950,0,10,10,77,1,5,3,13
4093,20,-8997367674208362871,0,13,13,75,4,9,5,16
4094,20,-2274656976207655920,0,14,14,72,4,2,1,4
4095,20,-1981131043092464924,0,9,9,65,6,7,6,18
4096,20,8415911152649727998,0,16,16,77,6,5,3,15
4097,20,6670066791749954280,0,11,11,79,2,4,2,10
4098,20,401132406663447894,0,14,14,72,2,4,1,10
4099,20,-3842351961579849468,0,8,8,72,3,8,5,15
4100,20,-4838409390898509337,0,9,9,79,3,6,4,15
4101,20,-1931954644674931220,0,14,14,70,3,9,6,19
4102,20,5406380933868462300,0,11,11,76,1,4,2,9
4103,20,-872752245282854375,0,4,4,74,3,3,1,8
4104,20,3801211830127035221,0,7,7,67,3,5,3,17
4105,20,-6045890390298867084,0,13,13,72,1,3,1,9
4106,20,-8580987729732770253,0,13,13,77,6,3,2,9
4107,20,-3727283577819331507,0,11,11,77,3,10,7,31
4108,20,-4346133261772297933,0,6,6,74,5,3,1,7
4109,20,-6784018263452830574,0,14,14,82,3,6,2,14
4110,20,3338155128952709950,0,4,4,68,4,5,4,9
4111,20,3939987267555663420,0,1,1,75,5,4,3,9
4112,20,-7256478610602909698,0,15,15,68,5,3,2,8
4113,20,-7777040839149620212,0,9,9,77,2,7,4,18
4114,20,7326430774005490356,0,0,0,80,1,11,7,28
4115,20,-5441754594454713993,0,13,13,74,6,4,3,8
4116,20,8095195391948374600,0,7,7,66,1,5,2,11
4117,20,4762431432559042270,0,18,18,83,1,7,2,17
4118,20,-79561439215045983,0,13,13,78,2,7,4,14
4119,20,-4250476123095433983,0,15,15,70,3,4,3,8
4120,20,-8778058767970349258,0,10,10,75,1,8,5,22
4121,20,1067840081485124533,0,11,11,78,2,3,1,10
4122,20,9147614006537763557,0,6,6,80,2,8,4,20
4123,20,8054716387796324309,0,13,13,70,1,5,3,19
4124,20,4651709315768461571,0,13,13,74,7,3,1,7
4125,20,292458060797582454,0,8,8,76,1,6,2,17
4126,20,9096163759399461811,0,4,4,72,2,4,2,12
4127,20,6984444143369995101,0,12,12,77,1,9,6,19
4128,20,2125621035636482939,0,9,9,73,5,4,2,9
4129,20,6045969191341465781,0,11,11,77,6,3,1,9
4130,20,5895819937956482068,0,5,5,73,3,4,2,11
4131,20,-4926593111466631684,0,6,6,73,5,2,1,7
4132,20,-5815781840166788480,0,6,6,71,1,5,3,9
4133,20,-4250637870161483714,0,17,17,74,4,4,2,14
4134,20,-3055340225468379038,0,13,13,76,2,3,1,12
4135,20,-3863883069571525242,0,5,5,72,2,5,3,13
4136,20,7838036578512849033,0,13,13,71,4,4,2,11
4137,20,9137432219398761872,0,5,5,79,1,8,4,14
4138,20,1135613195312324813,0,8,8,70,3,7,4,20
4139,20,96770685582019011,0,5,5,68,1,4,2,7
4140,20,-825966571826989794,0,10,10,74,4,7,4,13
4141,20,8862552695643390045,0,8,8,70,1,3,2,4
4142,20,5780890831942854617,0,11,11,77,1,3,1,6
4143,20,6575759339915611888,0,9,9,83,1,8,4,20
4144,20,-5931632248189988003,0,11,11,68,2,4,2,12
4145,20,8780884954983430156,0,6,6,68,5,2,2,8
4146,20,6983166465213530334,0,2,2,74,2,5,3,12
4147,20,-755388187835660227,0,12,12,79,3,4,1,8
4148,20,-8702132540832860040,0,13,13,80,4,2,1,5
4149,20,-5239695247566358985,0,16,16,75,2,5,3,9
4150,20,6193367285353594503,0,10,10,84,2,4,1,5
4151,20,-832099687667035569,0,4,4,78,6,4,2,13
4152,20,-762573322816089547,0,8,8,72,1,3,1,4
4153,20,-4146876950301542099,0,14,14,78,4,5,4,14
4154,20,-8122248205648772781,0,11,11,72,5,2,2,8
4155,20,2662735969250622912,0,18,18,68,1,6,4,12
4156,20,3626028556526953837,0,6,6,73,1,3,2,9
4157,20,-1541013801137275279,0,16,16,75,4,6,2,13
4158,20,-8704222282021216744,0,8,8,73,4,3,1,8
4159,20,-8870255245371041382,0,17,17,81,2,7,2,21
4160,20,3869831413738609805,0,10,10,73,2,4,2,8
4161,20,-324237694215850695,0,10,10,63,1,6,3,21
4162,20,2004152105818395771,0,16,16,75,5,3,1,6
4163,20,-2874986896488624672,0,11,11,78,5,5,3,16
4164,20,-3606222402162448872,0,13,13,70,2,6,4,14
4165,20,7215517131667439856,0,6,6,79,1,4,2,7
4166,20,1975593423814169976,0,10,10,73,2,3,1,9
4167,20,-5500505350647413242,0,8,8,75,2,6,4,16
4168,20,-4435359358936915166,0,6,6,71,1,6,4,12
4169,20,1383028687790115764,0,15,15,71,3,3,1,6
4170,20,-118865094285092384,0,17,17,76,2,10,6,21
4171,20,-718998528050697357,0,17,17,81,1,6,2,17
4172,20,-1308654730665024042,0,13,13,71,6,4,3,10
4173,20,4912434339750701272,0,2,2,66,4,5,3,13
4174,20,-2104488476903503658,0,4,4,79,3,3,1,3
4175,20,8504876297073979398,0,7,7,81,1,3,1,7
4176,20,-3673971478035595278,0,9,9,79,2,9,4,20
4177,20,-2235055019415222428,0,11,11,77,1,5,2,11
4178,20,1260483962464693842,0,9,9,79,1,7,3,12
4179,20,-3469120207257589618,0,8,8,69,1,4,2,7
4180,20,1565383043976503622,0,0,0,77,2,6,3,13
4181,20,-2613143134542334832,0,13,13,70,2,5,2,9
4182,20,-8322620942375927394,0,3,3,72,5,3,2,8
4183,20,-7306584106822568111,0,10,10,74,1,3,1,5
4184,20,-8778782352127752647,0,15,15,72,1,3,1,7
4185,20,5249797063251750477,0,0,0,84,3,8,5,14
4186,20,7734870588002335707,0,2,2,81,2,6,3,14
4187,20,-157022477532641658,0,14,14,76,1,11,8,22
4188,20,4973510445667415620,0,10,10,69,5,3,2,8
4189,20,3587263541261813180,0,5,5,70,4,3,1,13
4190,20,1312954764912983677,0,15,15,81,1,2,1,3
4191,20,-7894635549645958437,0,3,3,76,5,4,2,12
4192,20,-2907520895680884108,0,11,11,78,1,6,2,9
4193,20,1215633714692805044,0,2,2,70,6,4,2,7
4194,20,-6618960804125914677,0,10,10,74,4,4,3,10
4195,20,-5280978050223946257,0,5,5,73,3,4,2,6
4196,20,-1543991021993413652,0,17,17,68,7,2,2,2
4197,20,-6393064837404348096,0,0,0,75,6,7,5,10
4198,20,7646849987718284128,0,12,12,78,1,4,1,6
4199,20,86048695966916825,0,10,10,72,3,6,3,13
4200,20,-1847139367645554079,0,12,12,78,6,4,3,6
4201,20,7346424551034396191,0,14,14,69,2,5,2,16
4202,20,5462282848195693741,0,5,5,73,9,1,1,2
4203,20,5399020175411836575,0,11,11,68,6,3,2,15
4204,20,-7958207858461447524,0,8,8,74,2,5,2,10
4205,20,-937726819900879037,0,10,10,73,3,6,4,10
4206,20,-2291788449170101900,0,18,18,76,1,4,1,10
4207,20,-2503661939088165184,0,6,6,63,2,9,7,25
4208,20,-3584175994751091460,0,4,4,71,1,4,1,11
4209,20,7851352702108052306,0,14,14,80,1,10,6,25
4210,20,1104012985809548878,0,14,14,75,4,6,4,11
4211,20,-6052709703161821269,0,6,6,71,4,3,1,3
4212,20,-2843461695355323407,0,8,8,85,3,9,6,23
4213,20,-1293405992712533208,0,7,7,79,7,5,4,18
4214,20,-5188045181757198553,0,8,8,76,2,3,1,8
4215,20,2949049515221758278,0,13,13,76,2,4,1,13
4216,20,5245545008192082562,0,18,18,69,5,3,3,8
4217,20,8719959346320788563,0,11,11,76,2,5,4,10
4218,20,5698605285302224317,0,8,8,76,6,3,2,8
4219,20,3002372647758993256,0,11,11,69,4,5,4,15
4220,20,-8960232361520305464,0,9,9,77,4,3,2,8
4221,20,-1561576418465385578,0,10,10,77,5,4,2,8
4222,20,-591214720038582236,0,12,12,71,4,3,1,5
4223,20,-8242458111579093922,0,6,6,73,5,3,2,7
4224,20,3393756178168216689,0,16,16,74,2,7,4,14
4225,20,-4604779041568153754,0,19,19,77,3,7,4,18
4226,20,2815768729719576388,0,6,6,78,1,11,7,21
4227,20,-3645453565643226262,0,6,6,78,1,4,2,7
4228,20,-4976949246936470722,0,11,11,72,3,3,2,7
4229,20,-8394760245756851600,0,13,13,69,4,6,4,18
4230,20,9082605857984507225,0,16,16,83,3,3,1,6
4231,20,7063039475521702719,0,12,12,78,4,5,3,16
4232,20,627907005252728197,0,11,11,73,5,5,3,16
4233,20,-6419816116782342639,0,12,12,76,3,4,1,8
4234,20,3024039470649930867,0,8,8,78,2,3,2,8
4235,20,-175504626849400697,0,13,13,83,2,5,2,5
4236,20,-4195147029254999377,0,8,8,69,2,4,2,13
4237,20,6624130113606014172,0,13,13,74,2,9,6,20
4238,20,-4442311940050621196,0,10,10,76,2,5,2,9
4239,20,-1991084781228910499,0,10,10,69,2,6,3,15
4240,20,1732220863357018555,0,10,10,73,2,7,4,26
4241,20,-216390776967123688,0,15,15,73,2,5,3,12
4242,20,5770923765392745492,0,11,11,69,4,4,2,9
4243,20,5830219591043400403,0,11,11,74,1,7,5,24
4244,20,-3128473411274668103,0,9,9,78,6,4,2,10
4245,20,-7616082863908492480,0,9,9,70,4,4,2,8
4246,20,-2109167731581601184,0,11,11,80,1,9,5,12
4247,20,-5646993507710565011,0,14,14,68,6,6,4,11
4248,20,-7683692749637493167,0,10,10,72,6,4,3,11
4249,20,-4456375304453395327,0,9,9,74,1,7,3,20
4250,20,-2643985694421468617,0,15,15,71,1,7,5,19
4251,20,-4915307475916890715,0,18,18,73,2,4,1,8
4252,20,-6236440690190872006,0,11,11,79,2,7,4,16
4253,20,-2518736633932658369,0,5,5,70,3,4,3,9
4254,20,-2426661710139523508,0,10,10,76,5,4,2,6
4255,20,-4411130943459425435,0,12,12,75,1,4,1,11
4256,20,690697547758424514,0,11,11,80,2,4,1,12
4257,20,5625649148450015120,0,5,5,73,1,6,4,8
4258,20,3515881435017537575,0,4,4,83,2,2,1,3
4259,20,9203333948658205583,0,16,16,74,4,3,2,7
4260,20,3539266495672576845,0,17,17,75,1,9,6,18
4261,20,-2849689226121273921,0,6,6,80,1,7,4,16
4262,20,2195800659685435044,0,16,16,79,4,7,4,17
4263,20,8722973546042698361,0,9,9,74,1,8,5,20
4264,20,-467546319241298994,0,14,14,74,1,6,3,16
4265,20,-918155251723057974,0,9,9,82,1,4,1,12
4266,20,-1609701758271468430,0,13,13,72,8,4,3,11
4267,20,-8748872770848915863,0,11,11,75,2,5,3,14
4268,20,6698639754961907023,0,10,10,71,2,7,4,22
4269,20,-817564189851411739,0,14,14,78,2,3,1,6
4270,20,-5822822288927721836,0,8,8,79,7,3,2,3
4271,20,-9062996382303450594,0,16,16,62,4,9,7,25
4272,20,5971494914094040431,0,16,16,73,1,7,4,17
4273,20,8520104289530287605,0,9,9,71,7,2,2,4
4274,20,-7240121764014701852,0,11,11,70,1,6,4,22
4275,20,1314610732869924679,0,13,13,71,1,7,4,24
4276,20,-3516856215062264865,0,10,10,77,2,7,4,16
4277,20,-5166768877937539562,0,12,12,75,4,6,4,10
4278,20,-4032919837093669237,0,6,6,72,4,3,2,8
4279,20,-7068320496252978935,0,13,13,71,2,2,1,8
4280,20,5470211609485398244,0,7,7,79,4,3,1,10
4281,20,-1007960562824157162,0,13,13,75,3,4,3,11
4282,20,1867592174602302603,0,12,12,68,4,3,2,7
4283,20,-1603634653831854467,0,15,15,76,4,3,1,9
4284,20,3037545932081249240,0,11,11,76,6,3,2,6
4285,20,7855041906148100087,0,9,9,72,3,5,3,16
4286,20,-8766923298449284043,0,10,10,71,4,3,1,9
4287,20,-8296522965591431889,0,8,8,77,4,3,1,7
4288,20,-6436592861092623959,0,10,10,75,3,4,2,14
4289,20,198557912255427441,0,2,2,83,3,5,2,8
4290,20,3576685880604911539,0,14,14,68,2,5,3,10
4291,20,7854784845134807968,0,8,8,80,4,6,3,13
4292,20,1425037314451805017,0,16,16,75,6,2,1,6
4293,20,1342980643705109613,0,18,18,78,4,4,2,8
4294,20,-441177626365541761,0,16,16,78,4,4,1,4
4295,20,-5524800946824207419,0,5,5,72,4,3,1,6
4296,20,-8584562588893154180,0,11,11,70,2,4,1,6
4297,20,5752379505652730763,0,16,16,72,2,5,2,8
4298,20,2229207343542521834,0,12,12,73,2,8,3,20
4299,20,4037331708518421895,0,11,11,75,3,6,3,19
4300,20,4480215718418729405,0,17,17,68,1,4,3,14
4301,20,-3010159321745948003,0,14,14,77,4,7,5,16
4302,20,-1952052878889014890,0,9,9,75,4,5,3,12
4303,20,3988861705989570881,0,16,16,75,4,2,1,7
4304,20,6443568076629442393,0,10,10,74,4,4,3,10
4305,20,-3601245982382756054,0,4,4,71,2,10,7,26
4306,20,4586387679695298044,0,8,8,72,1,5,3,11
4307,20,4512043718238765637,0,3,3,73,4,3,2,11
4308,20,460144068085837730,0,13,13,66,5,3,2,9
4309,20,-8806236424307110676,0,7,7,76,2,4,1,10
4310,20,-3417117633688815896,0,6,6,73,2,6,3,18
4311,20,-6616633314416045737,0,13,13,72,6,6,4,15
4312,20,6101975761576235389,0,17,17,75,2,5,3,13
4313,20,5985472883440425042,0,9,9,68,1,5,2,11
4314,20,-4455031926818549769,0,8,8,70,1,4,3,6
4315,20,-8529972825716015312,0,9,9,71,3,8,6,12
4316,20,8807938588794484453,0,15,15,80,2,4,2,7
4317,20,-5056035356116799233,0,15,15,69,7,2,2,8
4318,20,6250423031522164000,0,4,4,75,5,4,3,8
4319,20,6597628199737507580,0,13,13,73,5,3,1,5
4320,20,-4020750290900935834,0,6,6,65,8,3,2,9
4321,20,6010999233121324105,0,12,12,83,1,9,5,15
4322,20,5935250580775076136,0,12,12,69,2,10,7,24
4323,20,-93622593690828579,0,12,12,74,1,6,3,13
4324,20,-3000551220315749726,0,14,14,76,5,4,1,12
4325,20,-5934071507644352581,0,10,10,77,2,6,4,11
4326,20,-4454353811552496596,0,8,8,75,5,4,2,13
4327,20,6789419422841281638,0,9,9,75,4,4,2,10
4328,20,2826031258244720336,0,14,14,71,2,7,4,21
4329,20,-2066218123166995565,0,12,12,71,4,2,1,6
4330,20,383455340223838747,0,17,17,76,2,9,5,16
4331,20,-2624365590918755552,0,13,13,72,7,4,3,10
4332,20,-3648912375927359688,0,10,10,74,5,2,1,5
4333,20,-45945804505125564,0,15,15,75,1,4,1,7
4334,20,7364469387682605370,0,17,17,70,4,3,1,7
4335,20,3762349036213138184,0,13,13,70,3,3,1,8
4336,20,7548787326965294776,0,13,13,77,2,3,1,9
4337,20,6061229844934885878,0,12,12,78,3,5,3,15
4338,20,362183391300878494,0,5,5,79,3,4,2,9
4339,20,-3613693231054241521,0,15,15,76,3,6,3,17
4340,20,2962049493889452610,0,16,16,72,4,4,3,14
4341,20,-3403465810651025151,0,17,17,74,2,6,3,13
4342,20,5664263769281171125,0,11,11,75,3,10,7,30
4343,20,-119115721564810343,0,12,12,80,2,9,5,23
4344,20,6944608726134048603,0,5,5,71,5,3,1,6
4345,20,489903380239783542,0,14,14,75,1,4,2,10
4346,20,-4832501040123091010,0,17,17,68,3,3,2,6
4347,20,-3439544451495987969,0,17,17,71,4,5,4,10
4348,20,-7554397900729773410,0,10,10,76,1,7,2,17
4349,20,137306501521212822,0,7,7,72,1,10,5,27
4350,20,2961058534919572556,0,0,0,79,4,3,1,8
4351,20,-458702235364923891,0,14,14,77,6,4,2,8
4352,20,181984637366451767,0,9,9,77,6,4,1,12
4353,20,5541092287339379544,0,10,10,77,1,3,2,9
4354,20,-8617173807229313081,0,3,3,81,2,3,2,5
4355,20,3932058481923602564,0,11,11,79,2,7,3,18
4356,20,-5665800569432221591,0,7,7,72,6,2,2,6
4357,20,9109748335872286951,0,14,14,71,6,4,4,12
4358,20,-8574108346635899158,0,13,13,78,4,3,2,6
4359,20,-163291754595665511,0,6,6,77,3,3,2,7
4360,20,-4207904325369161208,0,16,16,77,1,4,2,10
4361,20,8111595961983852066,0,7,7,70,6,2,1,3
4362,20,2599219117875791430,0,11,11,76,1,6,3,18
4363,20,-8012064673619039116,0,14,14,70,2,6,3,13
4364,20,-7812592159157934848,0,4,4,75,3,7,3,15
4365,20,-2976653498316227557,0,14,14,70,7,5,4,18
4366,20,-1835457483639465794,0,9,9,74,8,2,2,4
4367,20,-4653464319892482894,0,13,13,69,5,1,1,3
4368,20,-8027098560412609844,0,9,9,79,2,8,4,17
4369,20,4394224253260519321,0,9,9,78,1,3,1,3
4370,20,7134178559617005065,0,15,15,77,3,2,1,6
4371,20,5708094428263469284,0,11,11,81,1,4,1,9
4372,20,-8107610355923561729,0,13,13,76,5,8,7,11
4373,20,-7084198404736588907,0,14,14,70,3,2,1,5
4374,20,-419241763606441676,0,14,14,76,3,5,3,13
4375,20,-2301111068452715250,0,9,9,79,2,3,1,6
4376,20,-1699550984632968769,0,8,8,79,1,4,1,9
4377,20,-6921353768104805440,0,9,9,72,1,9,6,22
4378,20,-1663403910816229603,0,2,2,71,6,8,6,20
4379,20,5731492356003124520,0,10,10,76,1,8,4,25
4380,20,-3484179576617492923,0,11,11,78,3,5,2,11
4381,20,4946803922639390460,0,15,15,78,2,4,2,13
4382,20,6183837242958386425,0,9,9,69,2,3,1,10
4383,20,1379114281117347745,0,2,2,70,9,1,1,2
4384,20,5532817933329033566,0,6,6,74,4,2,1,2
4385,20,4456061149043698143,0,5,5,78,1,8,5,20
4386,20,-1577325876199756082,0,18,18,80,1,6,3,20
4387,20,-4831168023301101609,0,12,12,72,7,3,2,6
4388,20,-387316537729911827,0,5,5,78,2,5,2,11
4389,20,7890006790892374323,0,11,11,72,2,4,3,7
4390,20,6623821729615390202,0,16,16,82,2,5,2,12
4391,20,-2109884598350913377,0,16,16,74,5,4,2,11
4392,20,-728755645095684761,0,7,7,75,1,5,1,14
4393,20,1208434638465047673,0,11,11,76,3,7,5,13
4394,20,3633077535606435754,0,11,11,75,2,5,3,10
4395,20,-1481725254247283004,0,12,12,75,1,9,5,25
4396,20,2828606469691163221,0,7,7,72,3,3,1,7
4397,20,-1369519867475980191,0,11,11,65,1,6,3,18
4398,20,-695185721075410076,0,11,11,75,2,7,6,15
4399,20,-2592210977513874560,0,3,3,73,3,3,1,5
4400,20,7174188259594279637,0,9,9,77,2,4,2,11
4401,20,7783563581804263763,0,10,10,77,1,5,3,15
4402,20,-866044928689944194,0,11,11,70,4,3,2,8
4403,20,1707206826584461060,0,13,13,70,4,4,1,9
4404,20,-5542884522950178534,0,10,10,67,3,3,1,11
4405,20,-740595301133249047,0,3,3,73,3,7,6,13
4406,20,-5949517100860690012,0,12,12,71,2,7,4,14
4407,20,3239862398393232118,0,9,9,78,3,4,2,9
4408,20,8011097237281763304,0,16,16,74,4,3,2,5
4409,20,-234564541363674766,0,9,9,69,2,5,3,12
4410,20,2228713887001426262,0,8,8,72,2,7,5,20
4411,20,3788373159419071726,0,7,7,66,9,1,1,2
4412,20,-3754436669181695720,0,11,11,79,6,3,1,10
4413,20,2649917735046362737,0,1,1,77,3,5,2,10
4414,20,34713083092507239,0,17,17,74,4,3,1,5
4415,20,-311430840040673032,0,13,13,74,1,4,1,8
4416,20,-3377091946807192550,0,10,10,76,3,4,2,7
4417,20,-6848506116699930339,0,18,18,76,5,5,3,14
4418,20,4825396325275883903,0,14,14,76,4,4,3,6
4419,20,3388985955860597781,0,9,9,75,1,4,1,13
4420,20,-4792728766473866130,0,9,9,72,1,5,3,15
4421,20,7583659606646964703,0,12,12,78,7,3,1,9
4422,20,2355307518515301530,0,17,17,77,1,8,5,22
4423,20,82542103305696953,0,9,9,65,6,2,2,4
4424,20,5405923290565386282,0,6,6,76,5,3,1,6
4425,20,3296856876941385686,0,12,12,76,4,4,2,9
4426,20,4310843261357158791,0,12,12,67,2,5,3,11
4427,20,5877517426575746894,0,8,8,75,7,2,1,2
4428,20,6084221367566138999,0,11,11,76,4,4,2,7
4429,20,-38648547847124138,0,12,12,71,1,4,1,8
4430,20,8027296367596770411,0,14,14,72,1,4,3,6
4431,20,3440802625477033136,0,9,9,75,1,3,2,7
4432,20,-1772149093440858604,0,5,5,77,4,4,2,6
4433,20,9065822113626271844,0,7,7,78,1,11,8,28
4434,20,2999865192958346811,0,12,12,76,7,3,2,8
4435,20,-5749380192564471632,0,15,15,77,3,7,4,15
4436,20,-1792509352270550062,0,10,10,74,2,5,4,11
4437,20,-503162515106858692,0,9,9,72,1,4,2,7
4438,20,6976434017561617221,0,8,8,68,1,3,1,7
4439,20,7991317766581439121,0,8,8,78,3,4,1,12
4440,20,18338123607077141,0,12,12,71,7,3,2,6
4441,20,7002447499879358668,0,12,12,79,2,6,2,18
4442,20,8513280707470780840,0,6,6,84,1,3,1,4
4443,20,-4178257489644811890,0,15,15,81,1,4,3,9
4444,20,-3036632094365875622,0,6,6,74,1,6,4,15
4445,20,757805785592386870,0,17,17,74,3,3,2,4
4446,20,-6626950360880521257,0,8,8,75,2,10,7,31
4447,20,-5429391161927155886,0,11,11,77,2,7,3,21
4448,20,-215465999975189077,0,14,14,70,1,6,3,18
4449,20,5136008199042804306,0,5,5,70,4,4,3,12
4450,20,-1736608152057214182,0,1,1,72,2,5,3,12
4451,20,-5976923140118060418,0,7,7,78,5,4,2,9
4452,20,-7844747825525769940,0,7,7,74,1,9,7,22
4453,20,-7483774586449978327,0,7,7,77,1,6,3,21
4454,20,-5656080279621421556,0,15,15,73,4,3,2,7
4455,20,456766446875451686,0,15,15,73,4,3,2,12
4456,20,-482615755840192110,0,6,6,78,5,3,2,7
4457,20,-4883741825394450053,0,16,16,71,1,5,2,13
4458,20,304592522762962718,0,12,12,69,2,4,3,11
4459,20,-7353533141740430508,0,14,14,71,3,7,5,14
4460,20,-8860609531508979545,0,9,9,81,2,8,4,29
4461,20,4175550334904733242,0,11,11,71,2,5,3,14
4462,20,2371284980275570451,0,14,14,73,6,4,2,11
4463,20,2971543221725097348,0,11,11,71,4,3,2,8
4464,20,-4229762541496198200,0,5,5,79,2,5,3,10
4465,20,1325342459908523533,0,5,5,77,4,3,2,5
4466,20,4696634478988588930,0,14,14,77,2,5,2,14
4467,20,-8941711542453155033,0,9,9,75,7,5,3,10
4468,20,5821877375746538087,0,5,5,76,2,7,4,14
4469,20,3526218371838951118,0,3,3,79,2,5,2,9
4470,20,7447724826340710744,0,9,9,74,2,6,3,14
4471,20,881667997809076512,0,9,9,79,4,5,2,9
4472,20,-1102322606985804663,0,11,11,75,1,2,1,3
4473,20,-3369756854749998324,0,11,11,79,4,2,1,5
4474,20,-4011172473682001069,0,14,14,69,1,5,3,13
4475,20,2469867152145021001,0,13,13,69,3,4,1,9
4476,20,7023697610181425480,0,16,16,78,1,3,1,7
4477,20,-8798506651722619766,0,18,18,76,1,5,3,11
4478,20,-2374104381926381433,0,16,16,75,3,5,3,11
4479,20,3711680757141827567,0,8,8,70,7,6,5,17
4480,20,-3360003077428148910,0,12,12,75,4,3,2,9
4481,20,-4439837778791575874,0,18,18,73,4,4,2,8
4482,20,-3783232813208883491,0,8,8,72,5,2,1,6
4483,20,-6297727247213303726,0,16,16,75,1,9,6,19
4484,20,-4987256740453818008,0,10,10,69,5,1,1,3
4485,20,-3818657841030321837,0,14,14,74,5,4,2,8
4486,20,4128009488208672143,0,1,1,74,3,8,6,19
4487,20,-5819589073867651801,0,14,14,75,4,7,4,17
4488,20,-5288655701201043232,0,11,11,78,2,5,2,13
4489,20,-5331112289362109785,0,13,13,70,2,7,4,15
4490,20,-6031875108906112082,0,5,5,75,1,5,2,15
4491,20,-1569102273204801515,0,12,12,82,2,5,2,9
4492,20,7572030128459534372,0,8,8,70,2,2,1,7
4493,20,-5101626358848226738,0,16,16,71,1,8,6,19
4494,20,-4909544427309468004,0,15,15,81,5,5,3,8
4495,20,7371883830174442299,0,12,12,74,1,5,4,16
4496,20,-5039902670702935247,0,9,9,78,4,2,1,5
4497,20,6302942028152259469,0,11,11,67,9,1,1,2
4498,20,8620603271610017938,0,14,14,73,2,6,4,15
4499,20,-3575875178978786391,0,10,10,70,2,2,1,5
4500,20,2265487973181518873,0,13,13,77,2,4,1,9
4501,20,2472481083535677407,0,14,14,69,1,3,1,5
4502,20,-1520282148077844709,0,11,11,65,4,3,2,9
4503,20,-4752219499798541342,0,0,0,72,7,3,2,10
4504,20,-2357364194842046079,0,13,13,70,2,5,3,11
4505,20,-6113860432592891532,0,13,13,69,3,5,2,12
4506,20,8511267053007020439,0,4,4,72,3,4,1,8
4507,20,4452302986629695072,0,8,8,79,2,8,5,17
4508,20,-3103756756715987677,0,12,12,77,1,3,1,14
4509,20,-1083294045927529043,0,14,14,64,1,6,4,17
4510,20,-9222797788628879431,0,4,4,77,3,6,3,15
4511,20,-1729510898719762416,0,9,9,74,1,5,2,13
4512,20,8282904293887113806,0,7,7,72,2,3,1,8
4513,20,1058212521157744546,0,10,10,69,1,2,1,6
4514,20,-3296043615009361910,0,15,15,75,3,5,3,12
4515,20,-948546358985991470,0,11,11,71,2,4,1,9
4516,20,8213771690227321953,0,11,11,73,8,2,1,4
4517,20,3404568782455437980,0,12,12,76,4,3,2,11
4518,20,-3467268837247295900,0,8,8,73,5,2,1,7
4519,20,6819339969115883514,0,9,9,84,2,3,1,3
4520,20,-2691644880542046893,0,16,16,79,5,4,2,5
4521,20,-3146401059919149925,0,9,9,67,6,3,2,8
4522,20,-7662634911702574473,0,12,12,78,1,7,4,16
4523,20,-3085910328393207086,0,3,3,78,2,4,2,11
4524,20,-2379229398981475282,0,11,11,72,4,3,2,10
4525,20,5558245068308607184,0,13,13,75,6,3,1,9
4526,20,-52076772849572281,0,14,14,72,1,5,3,8
4527,20,6498946502024581910,0,6,6,79,1,3,1,7
4528,20,5072220397659612047,0,11,11,74,2,6,3,18
4529,20,-3264158940970700252,0,11,11,73,3,4,2,12
4530,20,9082933860291830956,0,13,13,77,1,5,2,12
4531,20,-3898082470769877130,0,14,14,74,5,3,1,7
4532,20,348798647986526248,0,15,15,74,7,2,1,8
4533,20,2284227899486696880,0,14,14,68,3,5,2,14
4534,20,-6314621120096591920,0,6,6,65,6,3,2,7
4535,20,5073985503318865943,0,12,12,74,1,4,2,11
4536,20,-812062288468689089,0,5,5,77,1,8,5,23
4537,20,-9102940175959165629,0,3,3,70,1,4,1,11
4538,20,7726185912758968245,0,12,12,73,1,3,1,6
4539,20,2395712545643389202,0,11,11,69,5,5,3,12
4540,20,-8005881501692068564,0,8,8,72,6,5,3,12
4541,20,5913179642671438304,0,12,12,80,1,8,5,21
4542,20,-3350809073696468819,0,5,5,75,1,3,1,10
4543,20,-9049610937736835852,0,17,17,71,1,5,3,11
4544,20,-396300524558398497,0,9,9,71,3,2,1,6
4545,20,9053652897051946556,0,15,15,73,3,3,2,6
4546,20,7411003383445174752,0,10,10,71,1,6,3,16
4547,20,774462292696364861,0,15,15,80,1,8,4,14
4548,20,-8299188628105946793,0,11,11,77,2,3,2,4
4549,20,4692825513027821892,0,6,6,79,1,5,2,12
4550,20,6221191845757453257,0,12,12,77,3,2,1,5
4551,20,-904464956917379359,0,4,4,76,3,3,1,4
4552,20,-4667397705400437204,0,3,3,75,4,5,2,13
4553,20,-8501737476472432491,0,6,6,72,2,4,1,7
4554,20,-8704293333181935943,0,6,6,68,1,4,2,10
4555,20,-5118024160955125558,0,13,13,67,5,3,2,5
4556,20,1999459015133467654,0,1,1,70,5,5,3,14
4557,20,8868380327192204035,0,6,6,74,1,5,1,15
4558,20,2622989075152312659,0,11,11,78,1,3,1,11
4559,20,3733107449745355347,0,2,2,70,8,3,2,7
4560,20,-6977702338126883805,0,13,13,74,5,5,4,17
4561,20,7776717398355172115,0,6,6,66,5,6,6,22
4562,20,3297991829635692302,0,10,10,68,4,2,1,4
4563,20,2143169727174163406,0,12,12,81,3,6,2,18
4564,20,-1336070968624306731,0,6,6,74,5,3,2,7
4565,20,6602036647741917568,0,12,12,74,3,5,3,12
4566,20,-1441683131092937033,0,10,10,74,3,8,5,16
4567,20,7396026370365010688,0,11,11,66,7,4,3,11
4568,20,7204153421872198914,0,10,10,71,7,3,1,7
4569,20,3911276981238126521,0,9,9,73,2,3,1,10
4570,20,7113983966600861932,0,17,17,77,2,6,4,14
4571,20,7484392152801998240,0,9,9,73,1,6,3,19
4572,20,4093044804332087458,0,6,6,72,1,3,1,7
4573,20,9082865801249751649,0,14,14,68,5,4,3,13
4574,20,2774710799416194721,0,5,5,70,4,2,1,5
4575,20,-443741310103428133,0,2,2,74,3,8,5,18
4576,20,-8858937957177708219,0,16,16,76,3,5,2,13
4577,20,-2302864098459747378,0,11,11,78,2,5,3,14
4578,20,5645554163729479583,0,10,10,73,2,7,4,13
4579,20,-6095703014450709805,0,15,15,73,2,8,6,19
4580,20,5634446138658105227,0,6,6,71,3,4,2,13
4581,20,-144712013684674932,0,14,14,74,3,6,3,12
4582,20,-7843874181636278016,0,9,9,78,4,5,2,12
4583,20,-2382415358001332453,0,2,2,71,3,6,5,14
4584,20,6952622952787622569,0,13,13,77,7,3,2,7
4585,20,4450609294186581975,0,14,14,73,1,6,4,18
4586,20,1244529907876676533,0,15,15,78,3,7,4,18
4587,20,6732769016723224381,0,13,13,82,3,2,1,4
4588,20,1388466876889247466,0,9,9,82,2,5,2,7
4589,20,-4612420989446045148,0,15,15,67,5,3,1,6
4590,20,-8430195069444410624,0,5,5,72,3,6,4,16
4591,20,287455914334795316,0,14,14,77,2,4,2,7
4592,20,-2475835405443683284,0,10,10,71,5,2,1,5
4593,20,-5229969747665320040,0,15,15,76,2,4,3,11
4594,20,8983413375209761530,0,4,4,80,2,3,1,6
4595,20,-8333841491632212494,0,16,16,69,2,5,3,15
4596,20,-527060152939013025,0,12,12,73,2,3,1,9
4597,20,4238453760223233167,0,12,12,70,6,2,2,2
4598,20,-3632490047325298930,0,11,11,78,1,7,4,16
4599,20,1550416259789685211,0,10,10,74,2,8,4,19
4600,20,3057283512066988554,0,1,1,73,6,3,2,7
4601,20,6014635620123398679,0,13,13,73,3,5,3,14
4602,20,7732514822930524284,0,17,17,80,1,5,2,16
4603,20,-171003034036244152,0,8,8,81,2,5,3,11
4604,20,4255710372893798086,0,14,14,74,4,5,3,12
4605,20,8832845697821761650,0,1,1,74,5,7,5,13
4606,20,-6438253962714600233,0,17,17,69,2,4,2,13
4607,20,-3283687363360984570,0,9,9,75,1,4,2,14
4608,20,-8922446610459057728,0,7,7,77,4,5,3,15
4609,20,-1137175606061192808,0,15,15,80,2,6,2,11
4610,20,-4863744750989781881,0,13,13,73,2,4,1,10
4611,20,-7335009712852933932,0,9,9,72,3,3,1,8
4612,20,-9220162485069048261,0,11,11,75,1,4,2,7
4613,20,6235967355422700466,0,7,7,70,3,4,2,9
4614,20,-8178839820170505912,0,11,11,73,2,2,1,5
4615,20,8861931383248862696,0,14,14,66,7,1,1,4
4616,20,4406500827000158732,0,7,7,72,3,3,1,10
4617,20,-4293193293689134176,0,11,11,71,7,4,3,10
4618,20,3598429392873223337,0,11,11,69,2,2,1,4
4619,20,-3295214377242061973,0,12,12,70,2,5,1,11
4620,20,2345356583275971612,0,8,8,82,3,4,2,12
4621,20,1352470285754015604,0,14,14,72,4,6,5,14
4622,20,-6512276031972993394,0,12,12,74,1,6,3,13
4623,20,2575683207392056312,0,13,13,75,1,6,2,17
4624,20,8051057563013022442,0,11,11,72,1,9,5,23
4625,20,-9212064823978835723,0,18,18,70,8,4,4,14
4626,20,-5661861691009201233,0,16,16,72,2,6,4,14
4627,20,-2189367002443683039,0,11,11,67,4,4,1,10
4628,20,-5685671474415486201,0,5,5,72,1,7,3,17
4629,20,-1836838547979462627,0,9,9,81,1,5,2,10
4630,20,-5996050385928950761,0,12,12,73,1,9,6,16
4631,20,-751495389661419030,0,13,13,74,4,4,3,7
4632,20,1167005446393288087,0,4,4,69,4,5,3,10
4633,20,-6414332035133456996,0,13,13,76,1,3,1,10
4634,20,-6088355414583694939,0,6,6,80,1,3,1,3
4635,20,2127416507218100556,0,12,12,71,7,2,1,10
4636,20,-7398464362921795882,0,9,9,73,6,3,3,9
4637,20,2329931016919151954,0,14,14,72,4,3,1,9
4638,20,6516353780570977934,0,14,14,78,2,7,4,14
4639,20,-6657189536538850124,0,11,11,75,3,5,2,14
4640,20,5633924726786610321,0,10,10,77,5,4,2,12
4641,20,-264267487050768168,0,13,13,70,2,3,2,6
4642,20,-6343138096139928615,0,5,5,78,5,10,8,19
4643,20,-5395058413673714559,0,4,4,73,5,4,2,11
4644,20,-3773263708711598935,0,11,11,78,1,3,1,4
4645,20,-2228999869242867208,0,10,10,75,5,6,3,15
4646,20,3352605400110948322,0,7,7,66,2,10,8,20
4647,20,-6893962624959483767,0,2,2,74,2,6,3,16
4648,20,8559444061959142292,0,15,15,75,2,6,3,16
4649,20,1959394239877319985,0,7,7,82,5,6,2,12
4650,20,4125848018672917719,0,12,12,75,2,4,2,10
4651,20,-8263347643581263212,0,10,10,77,1,5,2,8
4652,20,-1299974607735586084,0,16,16,77,1,5,2,10
4653,20,-6452507939789960140,0,10,10,75,3,6,2,19
4654,20,2722872952959674174,0,13,13,70,1,5,3,10
4655,20,-2701830490691747616,0,12,12,69,4,4,1,6
4656,20,-4017491149832278115,0,11,11,71,3,6,5,20
4657,20,-7923276058726117271,0,9,9,79,4,9,6,21
4658,20,-2900430191481985939,0,10,10,70,7,2,1,6
4659,20,2390013642129012891,0,4,4,72,3,8,5,20
4660,20,-8885301023018876661,0,5,5,76,2,2,1,3
4661,20,2206342832899306859,0,9,9,67,1,4,1,14
4662,20,-1348005360414363375,0,17,17,69,4,8,7,13
4663,20,815485447340634220,0,9,9,73,1,3,1,8
4664,20,-1703858248763240726,0,6,6,75,2,3,1,7
4665,20,2022163796178514824,0,8,8,70,4,3,1,6
4666,20,7346472945300912040,0,15,15,77,7,5,3,12
4667,20,-8083360519729769749,0,10,10,77,5,3,2,8
4668,20,-1098851606204233708,0,9,9,76,2,5,3,12
4669,20,-196305447095418302,0,11,11,78,1,4,2,6
4670,20,8609847116114777862,0,18,18,71,1,5,3,14
4671,20,-2422757585120229083,0,8,8,81,3,5,2,10
4672,20,-1265121251593338633,0,13,13,71,3,3,2,8
4673,20,-3415294801574819120,0,9,9,74,1,4,2,11
4674,20,6815288322813090004,0,18,18,75,1,5,3,11
4675,20,4682167959708472601,0,0,0,74,2,7,4,20
4676,20,5892810459571474964,0,12,12,74,4,5,3,14
4677,20,-3768423362378110306,0,4,4,81,3,5,2,11
4678,20,1410140407911462924,0,12,12,75,2,10,7,22
4679,20,8993932262399278141,0,6,6,72,7,3,2,11
4680,20,3605608230851413633,0,11,11,65,6,5,4,18
4681,20,7055743710534190536,0,10,10,77,3,7,4,17
4682,20,-1332323374808942721,0,9,9,75,2,2,1,8
4683,20,-3974985951113592327,0,9,9,80,1,7,5,13
4684,20,-7098232332129019288,0,13,13,72,1,4,2,15
4685,20,-1405770957033166429,0,11,11,73,3,4,2,10
4686,20,7515130872325867599,0,14,14,74,1,7,5,17
4687,20,4926733097760748074,0,11,11,76,1,7,4,17
4688,20,5703159924720912774,0,7,7,83,3,3,2,11
4689,20,-4311096994697003211,0,10,10,74,2,4,2,6
4690,20,8404747231618842741,0,9,9,76,7,2,1,8
4691,20,-824025839350563935,0,6,6,68,1,5,3,16
4692,20,9018629188278398381,0,10,10,75,2,6,4,13
4693,20,5480244804990864824,0,14,14,71,1,4,2,10
4694,20,-927588941024157380,0,12,12,65,2,5,4,13
4695,20,-5512164119009699166,0,12,12,77,3,8,5,20
4696,20,1238790563276811586,0,10,10,72,5,4,3,6
4697,20,-3047782187493389029,0,8,8,78,6,3,1,7
4698,20,4441311348562210244,0,16,16,72,6,3,2,8
4699,20,2903745421731713894,0,14,14,74,2,4,2,9
4700,20,-4451175394396931649,0,10,10,79,3,8,4,18
4701,20,8567698693762975872,0,12,12,76,5,5,3,8
4702,20,-1381406972585373312,0,17,17,69,2,8,5,19
4703,20,-3206054661257855847,0,16,16,72,3,5,2,14
4704,20,3860470038209306162,0,12,12,80,2,5,2,5
4705,20,-2193148424064118593,0,8,8,72,6,3,2,6
4706,20,6454343825536276152,0,9,9,75,2,10,6,29
4707,20,8621008729220995548,0,11,11,75,2,5,3,11
4708,20,-9000411917932192323,0,11,11,81,2,6,3,15
4709,20,1057858812745268962,0,4,4,76,2,5,3,11
4710,20,-5447328137169277688,0,12,12,78,1,7,3,14
4711,20,-6221434194409798076,0,10,10,71,4,6,3,17
4712,20,3955558051421463060,0,14,14,69,1,7,5,21
4713,20,1535646357619967655,0,3,3,79,2,5,2,8
4714,20,-1192228144982294561,0,12,12,70,8,1,1,2
4715,20,2427647949303770841,0,10,10,74,2,4,2,13
4716,20,3531279066719287810,0,2,2,74,5,2,1,2
4717,20,-2955236072327489278,0,8,8,77,6,4,2,12
4718,20,2410049515616378113,0,14,14,74,3,4,1,11
4719,20,8673856976662502680,0,14,14,72,6,2,1,8
4720,20,-7941156326897965084,0,11,11,77,1,7,3,19
4721,20,4833469902836192920,0,4,4,74,1,6,3,17
4722,20,8837157527427361542,0,12,12,73,2,3,2,5
4723,20,6454477319823053170,0,9,9,76,1,7,4,13
4724,20,4043248592904208428,0,8,8,70,3,4,2,11
4725,20,-3247340730168094140,0,7,7,79,3,10,6,18
4726,20,6837330329834696665,0,15,15,77,2,8,5,15
4727,20,-2784071305759347253,0,8,8,74,2,5,2,9
4728,20,3779909898735359967,0,12,12,76,3,4,2,14
4729,20,-8582108014560189547,0,9,9,74,5,7,5,13
4730,20,-5033491638767130823,0,16,16,74,1,4,2,13
4731,20,-8899090629261611013,0,3,3,79,5,6,4,17
4732,20,-385944036584766696,0,14,14,75,3,6,3,16
4733,20,3205665927993805134,0,13,13,74,2,4,3,10
4734,20,3395031883687405883,0,8,8,78,3,4,1,7
4735,20,-444363213489423280,0,2,2,77,1,6,2,9
4736,20,701518439758848899,0,10,10,74,1,6,3,17
4737,20,-5309823863897711642,0,9,9,78,1,13,9,31
4738,20,5897875397100380358,0,5,5,76,1,8,4,18
4739,20,6220748316082337802,0,14,14,76,4,5,2,17
4740,20,4053574319023343330,0,18,18,73,1,6,3,17
4741,20,-2408439671966216186,0,2,2,70,3,2,1,9
4742,20,-5007840973072412139,0,14,14,70,3,2,1,6
4743,20,-9102295770110692386,0,17,17,61,3,3,1,9
4744,20,-3391793488890800756,0,7,7,73,7,2,1,6
4745,20,-8559646303804978931,0,15,15,76,5,3,2,8
4746,20,6814927858659488057,0,11,11,72,4,5,2,13
4747,20,8478264000263005812,0,12,12,77,7,2,1,4
4748,20,3637370423494856937,0,13,13,67,1,3,1,6
4749,20,6554155306381491087,0,17,17,77,4,5,3,13
4750,20,5282460066691057813,0,6,6,72,1,6,4,11
4751,20,-1245933930050930967,0,14,14,79,2,9,5,18
4752,20,-5534253996534734345,0,11,11,69,3,5,2,14
4753,20,1944387450237788114,0,13,13,72,3,6,3,15
4754,20,9085232658313899872,0,11,11,74,3,5,2,15
4755,20,-8040223667646556338,0,14,14,76,3,4,2,8
4756,20,2258686240335689672,0,9,9,81,5,7,4,15
4757,20,-6567909653684784049,0,15,15,82,1,6,2,12
4758,20,-8503570892007567322,0,8,8,67,6,7,6,14
4759,20,7844610650369322791,0,12,12,74,2,5,2,13
4760,20,5160076153970324994,0,15,15,75,2,6,3,15
4761,20,1649867159560130615,0,1,1,76,2,3,2,9
4762,20,859520256996081479,0,10,10,78,1,5,2,10
4763,20,719997728832280044,0,9,9,80,3,4,2,9
4764,20,-4962637289850883235,0,4,4,77,4,2,1,2
4765,20,-7396944363526961684,0,10,10,78,4,2,1,7
4766,20,4963406687954788727,0,15,15,76,1,3,1,8
4767,20,8393658885454552459,0,0,0,72,2,6,3,21
4768,20,-659106704868161495,0,15,15,71,2,6,4,13
4769,20,-7871871772422531709,0,8,8,69,8,5,4,16
4770,20,-7765356273205108164,0,14,14,67,7,5,4,13
4771,20,-6064307102545187612,0,7,7,69,1,8,4,21
4772,20,737893365716921541,0,2,2,78,4,4,2,11
4773,20,6813700885540548425,0,3,3,73,7,3,1,7
4774,20,-7040875296971261324,0,0,0,74,2,8,3,17
4775,20,-5220112888619799988,0,12,12,75,2,5,3,10
4776,20,-1185095473039398871,0,13,13,76,2,4,2,8
4777,20,-6713439642185513413,0,9,9,76,6,4,3,7
4778,20,-4803466053731924276,0,10,10,76,4,4,2,8
4779,20,119502955310233099,0,13,13,73,4,3,1,10
4780,20,-7187423802362392995,0,9,9,74,2,4,1,7
4781,20,3643904956652532364,0,7,7,71,6,4,3,12
4782,20,5184789394522484297,0,14,14,72,4,3,2,3
4783,20,2810246249488020702,0,8,8,74,6,6,4,14
4784,20,2036604203239165696,0,6,6,83,4,2,1,7
4785,20,147720298326909987,0,5,5,77,3,5,3,8
4786,20,2978812720012662979,0,0,0,72,6,4,2,12
4787,20,5334287106579540597,0,12,12,75,2,3,1,8
4788,20,-2227467942910045246,0,5,5,77,2,6,3,22
4789,20,1377631257468740890,0,4,4,81,6,3,2,8
4790,20,4822235765924754789,0,11,11,81,4,8,4,16
4791,20,1798954928809976822,0,10,10,79,1,4,1,8
4792,20,-3741559573388448023,0,11,11,71,1,5,2,9
4793,20,7453780796349164608,0,9,9,71,2,5,3,15
4794,20,1190923572047696175,0,8,8,72,2,5,3,15
4795,20,2637456838342521464,0,5,5,75,1,4,1,10
4796,20,7011745095018879440,0,3,3,77,3,8,5,19
4797,20,-643393322997612648,0,8,8,82,1,6,4,14
4798,20,1354386839122132340,0,9,9,75,5,2,2,4
4799,20,-2800091804015741559,0,13,13,75,7,2,1,5
4800,20,-80724804202577052,0,6,6,72,1,4,2,11
4801,20,7052349357684500184,0,12,12,74,2,4,1,11
4802,20,-7658906273423554980,0,5,5,69,7,4,4,10
4803,20,7407165273662289321,0,12,12,74,3,7,5,19
4804,20,-1542990289961881947,0,14,14,73,1,3,1,10
4805,20,-7879906092101358101,0,15,15,79,2,2,1,5
4806,20,-8979915612102706845,0,12,12,76,1,6,2,14
4807,20,3176254989977669325,0,8,8,77,1,5,1,10
4808,20,-8771991959646838485,0,11,11,74,1,6,3,15
4809,20,-3241415252451395729,0,5,5,72,1,6,2,16
4810,20,1544382782731484120,0,5,5,77,6,3,2,9
4811,20,-4612147211380512036,0,10,10,76,3,6,3,16
4812,20,93472631812366751,0,12,12,71,6,2,1,3
4813,20,-2348936318010269896,0,11,11,73,1,5,3,14
4814,20,7040782792118055263,0,9,9,71,5,2,2,4
4815,20,-8175559043283039179,0,11,11,74,2,5,2,12
4816,20,7786032079042774589,0,9,9,77,2,3,1,7
4817,20,7106737101789310155,0,19,19,86,2,5,2,10
4818,20,-1075728688335818128,0,9,9,75,4,3,2,3
4819,20,1605497241076787240,0,8,8,73,2,7,4,15
4820,20,2899936669647704921,0,10,10,75,3,4,2,8
4821,20,-2232728629425121820,0,7,7,73,4,6,3,11
4822,20,-3927526335285046570,0,16,16,77,1,9,6,20
4823,20,4168675845258350968,0,10,10,77,1,4,2,9
4824,20,5727603103096318422,0,15,15,78,1,4,3,7
4825,20,-9004773100710031120,0,7,7,70,4,3,1,10
4826,20,-7577421878283208656,0,10,10,67,7,6,5,12
4827,20,-4274695413568671008,0,8,8,71,2,3,1,10
4828,20,-3491619894057794128,0,13,13,79,1,5,1,8
4829,20,6902077682026788756,0,8,8,69,2,3,1,6
4830,20,-1735598376984739725,0,11,11,69,3,3,1,8
4831,20,3910916052217387402,0,0,0,75,1,8,4,17
4832,20,-6193908125351867276,0,5,5,71,2,5,2,11
4833,20,-2309869730743092956,0,16,16,76,2,5,3,9
4834,20,-4058141494888253338,0,7,7,68,4,4,2,13
4835,20,2586489100113022873,0,5,5,76,1,6,3,13
4836,20,-314537484233446461,0,9,9,73,2,5,3,14
4837,20,-7930550824280105684,0,18,18,77,2,7,4,15
4838,20,6113173314663326244,0,14,14,73,8,3,2,7
4839,20,317086818783364769,0,13,13,78,2,6,3,18
4840,20,3235083806798219219,0,7,7,71,1,4,2,9
4841,20,5799212062587033067,0,17,17,76,3,5,4,10
4842,20,6631235636147506078,0,15,15,80,6,2,1,4
4843,20,476530716965360169,0,10,10,72,1,6,3,14
4844,20,-761038434372273683,0,8,8,77,2,5,3,12
4845,20,-1391441180278349101,0,10,10,74,1,6,2,12
4846,20,7163936371385529623,0,8,8,75,4,5,3,14
4847,20,-6445481405541813712,0,12,12,72,1,2,1,9
4848,20,-6339445273224651024,0,8,8,72,9,3,3,3
4849,20,-6521301236075117813,0,12,12,75,5,4,2,6
4850,20,611094734295009190,0,14,14,67,4,7,4,21
4851,20,1315954391301156261,0,10,10,69,1,5,3,10
4852,20,-7735067156724632115,0,17,17,76,3,3,1,9
4853,20,-7635134465550764051,0,17,17,70,3,9,7,26
4854,20,798971962657856439,0,18,18,76,2,3,1,11
4855,20,1383533000907898094,0,6,6,74,7,1,1,1
4856,20,3166221893209427465,0,4,4,78,1,3,1,8
4857,20,-1356813851856251000,0,14,14,76,5,2,1,6
4858,20,-2062756184541278326,0,18,18,75,1,7,4,20
4859,20,2113343612153594978,0,5,5,77,3,5,2,7
4860,20,-778322841803012546,0,8,8,77,1,3,1,5
4861,20,3487393877544759071,0,11,11,70,5,4,2,5
4862,20,5326659701443538355,0,7,7,78,1,6,3,20
4863,20,6442686020352581327,0,13,13,79,2,4,1,9
4864,20,6275628277835799193,0,12,12,75,3,4,2,11
4865,20,347738813425546663,0,6,6,75,1,3,1,8
4866,20,-6037586217895894120,0,13,13,74,1,8,5,14
4867,20,-275923807867832331,0,15,15,75,1,10,6,19
4868,20,-6284737761413840034,0,13,13,68,5,2,1,5
4869,20,-511255581798658483,0,17,17,81,2,6,3,11
4870,20,2408483202737440758,0,8,8,66,5,4,3,12
4871,20,20255559581972232,0,6,6,74,1,10,4,22
4872,20,-9383704344894624,0,13,13,72,1,2,1,6
4873,20,-7921497051088364818,0,11,11,72,1,5,1,9
4874,20,1586514447318298973,0,3,3,71,4,4,2,5
4875,20,7303539418680637746,0,11,11,76,1,6,4,6
4876,20,-5359063093527820663,0,7,7,81,2,8,6,17
4877,20,8183951760486768286,0,2,2,74,7,4,3,10
4878,20,-8165640397251142481,0,13,13,81,3,5,2,14
4879,20,7668341174674054158,0,13,13,72,2,4,2,13
4880,20,-6032694225040773032,0,15,15,77,1,7,2,15
4881,20,-4889458838971404254,0,17,17,75,1,6,4,12
4882,20,-7669852774021586011,0,2,2,73,2,4,1,7
4883,20,-2989476406264195026,0,12,12,68,4,5,3,8
4884,20,-912604482860123554,0,7,7,73,4,2,1,5
4885,20,1165069046197927029,0,12,12,65,8,1,1,2
4886,20,2226869052168471370,0,3,3,79,3,4,2,6
4887,20,5074373972143500183,0,12,12,76,1,4,2,7
4888,20,-8629253443204562240,0,2,2,85,4,5,3,11
4889,20,4510957173203130695,0,9,9,80,5,2,2,6
4890,20,8392907187921154686,0,8,8,73,3,4,2,12
4891,20,-6723915787590396864,0,18,18,71,3,9,6,25
4892,20,-7575141277294335304,0,7,7,76,1,6,2,14
4893,20,-6136008324683470983,0,11,11,69,6,6,4,15
4894,20,100366529179551860,0,14,14,76,4,5,3,10
4895,20,6151402191644039831,0,17,17,82,1,5,3,11
4896,20,-3779129942157744876,0,5,5,77,4,3,1,8
4897,20,-5895727250851740254,0,7,7,70,1,5,2,10
4898,20,3046674274181346100,0,8,8,73,6,3,2,8
4899,20,-7837473147583452165,0,8,8,77,6,3,2,5
4900,20,-91538517965876043,0,18,18,80,1,11,8,29
4901,20,-7235764474205875571,0,13,13,75,4,6,3,18
4902,20,-5199218322273468902,0,11,11,66,5,1,1,3
4903,20,1177649476535403843,0,13,13,75,3,7,4,19
4904,20,-4579670433124517102,0,14,14,74,3,3,2,3
4905,20,648240737082032057,0,12,12,77,3,6,3,12
4906,20,4343447650372806741,0,13,13,74,1,4,2,10
4907,20,-4308590766539625163,0,10,10,71,3,5,2,17
4908,20,1166172737723627187,0,11,11,75,1,3,1,8
4909,20,-3216862547834817576,0,10,10,77,8,3,2,7
4910,20,-4172443947555878039,0,15,15,75,2,5,2,8
4911,20,-723404788157792496,0,12,12,67,3,4,3,10
4912,20,-2606286179010899530,0,12,12,83,2,9,5,22
4913,20,-1514684993947091632,0,11,11,70,5,4,3,7
4914,20,2690598472679707053,0,8,8,70,1,3,1,8
4915,20,-6537460857314409213,0,14,14,71,1,5,3,12
4916,20,-5279241025590042548,0,7,7,81,4,7,4,22
4917,20,6203214585241277629,0,7,7,73,2,3,1,7
4918,20,159686887126367438,0,15,15,75,4,3,2,6
4919,20,-8581345461870812493,0,11,11,75,3,2,1,7
4920,20,-7481624706385940675,0,8,8,80,2,3,2,3
4921,20,-30297275028754579,0,7,7,83,3,8,6,17
4922,20,475770257234345034,0,8,8,80,2,3,1,10
4923,20,5198794021674258361,0,7,7,78,2,7,4,19
4924,20,6244899919159968352,0,6,6,68,4,2,1,6
4925,20,-2856894716121800222,0,7,7,70,3,6,3,14
4926,20,7352092163977745398,0,17,17,78,2,9,6,20
4927,20,5225359065504850466,0,3,3,69,2,2,1,6
4928,20,286706065750172452,0,8,8,73,1,3,1,11
4929,20,-8521872579014536620,0,10,10,78,2,8,4,18
4930,20,2452555701672317561,0,15,15,73,2,6,3,10
4931,20,7315368837731739885,0,15,15,75,2,7,5,13
4932,20,4880947357679206155,0,13,13,70,4,3,2,10
4933,20,8637640938382555948,0,6,6,72,4,3,1,4
4934,20,-9006778892405745714,0,11,11,72,1,3,1,8
4935,20,3193511670506772112,0,5,5,74,4,7,4,22
4936,20,3816498469503112745,0,13,13,75,1,5,2,14
4937,20,1953647712833207690,0,9,9,73,7,4,2,10
4938,20,6910925752411843526,0,14,14,74,3,4,2,9
4939,20,-4501141371434452108,0,8,8,77,8,2,1,6
4940,20,-8283590786858436183,0,2,2,79,2,6,3,12
4941,20,-4053805655906057279,0,10,10,69,1,4,1,11
4942,20,-465806485414648700,0,10,10,75,1,4,2,8
4943,20,7757773176873488500,0,6,6,75,3,5,2,13
4944,20,1212827566753143368,0,5,5,70,6,3,2,3
4945,20,-3198991557598088234,0,18,18,82,5,3,1,8
4946,20,6927840492396600575,0,15,15,78,5,4,2,10
4947,20,-2828589738850905758,0,14,14,72,5,3,2,9
4948,20,-5837651109396633896,0,10,10,81,3,3,1,7
4949,20,-6236148555502996988,0,6,6,73,4,3,2,7
4950,20,-7737629098956113021,0,17,17,70,1,7,5,23
4951,20,-7328402486721566846,0,12,12,74,2,5,3,11
4952,20,2068208906493328063,0,10,10,80,2,5,3,11
4953,20,-4460038445076270278,0,8,8,71,2,6,3,18
4954,20,-2841586488433063888,0,3,3,72,1,4,2,18
4955,20,-99183350771047411,0,11,11,79,4,5,3,11
4956,20,-258518838167315339,0,17,17,77,3,4,2,13
4957,20,-6076492946496135269,0,7,7,77,2,4,3,11
4958,20,-1518615602346617990,0,17,17,76,4,5,4,10
4959,20,7135321500051196592,0,6,6,74,2,4,2,12
4960,20,4913655718717049865,0,4,4,75,3,3,2,5
4961,20,4577940987654653181,0,13,13,72,1,5,3,7
4962,20,4686431369506106535,0,11,11,71,4,3,2,7
4963,20,6236785660249484298,0,16,16,72,4,3,2,13
4964,20,-3468359689341640291,0,14,14,77,4,3,1,8
4965,20,-1746916865910040213,0,16,16,75,4,6,4,20
4966,20,-6467034427922896812,0,12,12,67,1,3,1,9
4967,20,7587721520521236529,0,17,17,79,1,4,2,8
4968,20,-3955054140325250074,0,11,11,72,1,3,1,7
4969,20,6711204383273389475,0,13,13,71,2,2,1,6
4970,20,1044019188837807856,0,10,10,75,1,6,2,9
4971,20,5790188090556461358,0,13,13,81,3,3,1,4
4972,20,-3025922862253785427,0,14,14,71,3,3,1,9
4973,20,-7559264425661829223,0,19,19,75,5,6,3,15
4974,20,-3287743212537279680,0,10,10,68,5,3,2,9
4975,20,1940423809748239740,0,6,6,74,3,3,1,6
4976,20,-3686649325377904304,0,13,13,72,3,2,1,4
4977,20,-4679176619736621838,0,14,14,82,1,3,1,6
4978,20,-156212797813337894,0,10,10,67,2,3,1,8
4979,20,-7974831299697649011,0,7,7,81,1,10,5,25
4980,20,154703785293925697,0,10,10,73,6,2,1,5
4981,20,-2799029206050585206,0,13,13,76,4,2,1,4
4982,20,-3150495856305802583,0,13,13,74,4,2,1,3
4983,20,8841596844950191941,0,11,11,80,3,7,4,22
4984,20,2614323295306878086,0,1,1,85,2,7,3,15
4985,20,8948102181932760559,0,10,10,76,4,4,1,8
4986,20,3442436459345572207,0,10,10,75,1,4,2,8
4987,20,8271737488782474877,0,7,7,72,2,4,2,9
4988,20,-147956121700890568,0,14,14,73,2,5,4,11
4989,20,7158142412470297059,0,16,16,71,5,1,1,4
4990,20,-1527747286827267522,0,0,0,82,1,5,2,7
4991,20,3249826629912979841,0,7,7,66,6,5,3,15
4992,20,7460723141225715460,0,13,13,67,3,6,4,18
4993,20,-2581518437983254819,0,7,7,69,5,6,4,16
4994,20,1622066195810938110,0,13,13,73,6,5,3,12
4995,20,9163959810080715411,0,10,10,75,5,1,1,5
4996,20,2683378887405067181,0,16,16,71,5,4,2,7
4997,20,1410365442187624073,0,10,10,71,9,1,1,4
4998,20,6458503971860693739,0,9,9,72,5,4,2,7
4999,20,5764018118263068518,0,16,16,78,3,4,2,6
5000,20,7937678444978451335,0,8,8,75,5,4,2,6
5001,20,930714081322117444,0,3,3,79,2,3,2,7
5002,20,8526182245430166804,0,16,16,73,2,4,1,9
5003,20,-7596663668634510429,0,11,11,73,4,5,2,13
5004,20,6845523697264194814,0,13,13,77,1,3,2,5
5005,20,-7012357215985297247,0,10,10,75,3,4,2,5
5006,20,-6936089782546652451,0,7,7,77,2,5,2,13
5007,20,-1848494374678621337,0,13,13,76,1,7,3,19
5008,20,-6265149239706190323,0,15,15,77,1,5,2,12
5009,20,2888393795912253926,0,10,10,76,1,4,2,12
5010,20,-428116294437275522,0,12,12,77,5,2,1,6
5011,20,-6638321312318341693,0,9,9,71,1,5,3,8
5012,20,7238814675793646280,0,16,16,70,2,4,3,8
5013,20,-3204035651726458737,0,13,13,76,6,6,4,12
5014,20,6498231125222397313,0,14,14,73,8,2,1,6
5015,20,-2235715970220757189,0,6,6,75,3,6,4,10
5016,20,797271992622287826,0,18,18,84,2,4,2,5
5017,20,2454230482833369290,0,7,7,71,4,4,3,10
5018,20,2053016372859654984,0,4,4,76,7,3,2,7
5019,20,818074394705136712,0,9,9,78,5,3,1,11
5020,20,5140859246485787879,0,8,8,71,7,3,2,12
5021,20,3165010025597708794,0,11,11,70,1,6,3,18
5022,20,-5457846575330477180,0,14,14,71,1,5,3,18
5023,20,955659920899904470,0,7,7,80,4,5,3,15
5024,20,8152961048177621844,0,12,12,67,5,4,2,11
5025,20,8868917016769642805,0,8,8,69,3,5,2,18
5026,20,7464957167216672447,0,12,12,73,1,5,3,15
5027,20,4310173091320265158,0,16,16,77,1,7,4,16
5028,20,5208282058451553402,0,18,18,75,1,8,4,16
5029,20,-6611458519986521146,0,17,17,69,4,2,1,6
5030,20,-8781583162655720748,0,7,7,69,4,4,3,12
5031,20,8283397848018112877,0,11,11,75,2,6,4,17
5032,20,-4957208417980447665,0,15,15,72,4,6,4,14
5033,20,-3770482011042920021,0,6,6,74,1,3,1,9
5034,20,5382678488945283441,0,6,6,70,3,4,2,11
5035,20,810086921768519700,0,6,6,73,2,3,2,13
5036,20,5643132774581767132,0,11,11,75,5,4,3,4
5037,20,1364765642698645527,0,12,12,73,7,1,1,3
5038,20,-9022697884290773348,0,9,9,75,4,2,1,6
5039,20,-1591014435905867914,0,9,9,78,1,4,1,8
5040,20,474422179715303360,0,8,8,75,4,5,4,8
5041,20,-8838798075428983823,0,8,8,66,2,2,1,6
5042,20,613569399735607083,0,9,9,73,1,4,2,7
5043,20,-4038931573159602108,0,8,8,79,1,7,4,15
5044,20,-8027693327668545877,0,12,12,74,2,6,3,16
5045,20,8694709851185435732,0,2,2,76,1,6,3,15
5046,20,1613099853641766730,0,14,14,74,3,7,5,22
5047,20,-1084510904460706652,0,11,11,62,5,3,2,7
5048,20,-4959701584577585180,0,6,6,68,4,4,2,10
5049,20,-9187520042713084659,0,14,14,79,2,5,2,12
5050,20,9085385268200917241,0,15,15,75,5,7,5,18
5051,20,2829327344578132654,0,15,15,74,5,4,3,11
5052,20,4840247440722334148,0,17,17,77,3,4,2,6
5053,20,163912847521216800,0,11,11,71,3,2,1,4
5054,20,-3023386526116435316,0,11,11,76,2,8,6,12
5055,20,1049785053104807662,0,16,16,67,7,3,3,3
5056,20,6640720621717467193,0,10,10,72,1,4,2,10
5057,20,3511609755539266884,0,6,6,71,5,5,4,15
5058,20,-4352104624303911639,0,13,13,72,5,4,2,9
5059,20,8843545575859044069,0,9,9,71,3,3,2,6
5060,20,6338750133228671812,0,2,2,67,1,5,3,15
5061,20,-5364412294249864606,0,5,5,76,3,4,2,10
5062,20,-6777474119578098867,0,15,15,81,1,5,2,10
5063,20,4962221669804336008,0,15,15,77,2,3,1,10
5064,20,5580709393794790779,0,16,16,74,1,6,4,17
5065,20,-7475324197175613414,0,8,8,76,2,3,2,9
5066,20,-1720355107206867128,0,6,6,69,3,4,3,14
5067,20,-3113200092566273089,0,14,14,74,3,5,3,14
5068,20,-6567612848139865465,0,15,15,72,2,6,4,15
5069,20,122307328906553149,0,10,10,69,4,6,5,11
5070,20,-2673200637454880324,0,11,11,76,3,3,1,9
5071,20,7013100064699289319,0,14,14,74,4,3,2,10
5072,20,-94965138724252249,0,5,5,79,2,5,1,8
5073,20,6029633010907964500,0,7,7,76,2,8,5,21
5074,20,5273403319886762018,0,16,16,74,1,5,2,9
5075,20,436823894165325649,0,14,14,71,3,3,1,8
5076,20,-6972995769518036,0,15,15,73,7,2,1,7
5077,20,-6011098252291182056,0,5,5,82,4,4,3,8
5078,20,5496078138034498372,0,9,9,78,1,7,4,11
5079,20,3581470514738916545,0,15,15,75,4,5,2,12
5080,20,3237466408996122619,0,5,5,79,1,4,2,14
5081,20,6269035439649145848,0,14,14,73,1,4,2,9
5082,20,5135784431686938052,0,9,9,70,1,6,4,11
5083,20,-7205214720320915729,0,12,12,70,4,3,2,10
5084,20,2503482880114511374,0,11,11,76,3,10,8,26
5085,20,-3042545593171685226,0,16,16,71,5,4,2,8
5086,20,-6104924256286336364,0,11,11,66,1,3,1,7
5087,20,-1810296094192394231,0,11,11,76,1,3,2,8
5088,20,3170587407558946035,0,7,7,71,1,4,2,13
5089,20,3813758548985447498,0,16,16,71,4,6,4,13
5090,20,6358910691048620924,0,18,18,72,2,11,8,34
5091,20,5350252077910359855,0,12,12,73,6,6,5,11
5092,20,7356431304344325963,0,15,15,67,6,3,1,4
5093,20,602321223543767965,0,13,13,71,1,5,2,12
5094,20,-3696431587123245160,0,15,15,77,2,3,1,5
5095,20,3368984742611514102,0,13,13,74,5,4,3,9
5096,20,7523973450251505228,0,9,9,71,4,2,1,6
5097,20,677064726377971151,0,14,14,78,1,6,2,16
5098,20,-5145622545941507625,0,18,18,69,1,7,3,22
5099,20,7444734559399795686,0,11,11,73,5,7,4,14
5100,20,-6456127285723113408,0,6,6,71,4,3,2,8
5101,20,-7749871692956037293,0,11,11,77,2,3,2,7
5102,20,-1008580193400934531,0,11,11,71,2,4,2,8
5103,20,-3590930151140415748,0,6,6,70,1,5,3,7
5104,20,-7854198617075794172,0,9,9,67,5,2,1,8
5105,20,6946555029227942990,0,14,14,79,5,3,1,9
5106,20,4365643402072479393,0,15,15,73,2,2,1,5
5107,20,7345080542134626345,0,14,14,72,3,5,2,14
5108,20,-2113353939882322294,0,10,10,72,2,4,2,11
5109,20,-6230003157938156773,0,8,8,77,3,5,3,8
5110,20,-3545696794386971472,0,15,15,73,4,2,1,7
5111,20,-4338472164535679792,0,16,16,77,5,3,1,10
5112,20,2819756368767935319,0,13,13,76,2,3,2,7
5113,20,-5615133511743461687,0,12,12,72,2,4,2,15
5114,20,171313434508008680,0,8,8,76,6,3,2,5
5115,20,8346203698464370252,0,17,17,87,3,6,3,14
5116,20,7375897314639599878,0,10,10,68,3,9,6,26
5117,20,-1542558517459799653,0,8,8,71,6,3,2,12
5118,20,2862150794179153630,0,5,5,81,2,10,6,22
5119,20,4402246558280510568,0,8,8,76,6,3,2,6
5120,20,4368003247991498947,0,8,8,77,6,3,2,7
5121,20,5549797553138966407,0,5,5,71,4,6,4,12
5122,20,426485485376015609,0,8,8,77,3,3,1,10
5123,20,-6410110952654997531,0,11,11,79,4,6,4,16
5124,20,-8107125732802404400,0,14,14,71,5,7,5,19
5125,20,8421723942312145080,0,8,8,73,2,7,4,16
5126,20,3151486711740977908,0,11,11,68,4,6,4,13
5127,20,-1854204231991122697,0,15,15,89,1,4,1,6
5128,20,-3010121387354057213,0,10,10,74,3,3,1,9
5129,20,-4039811967936904179,0,1,1,72,5,4,1,12
5130,20,-2895953031842677664,0,11,11,72,3,4,2,10
5131,20,7117641125006450120,0,15,15,74,2,10,7,22
5132,20,-9090007655929369530,0,5,5,76,1,5,3,12
5133,20,-7883496131634333289,0,14,14,75,1,8,5,18
5134,20,-1674817069607523553,0,11,11,77,3,6,4,17
5135,20,6788709332008381684,0,11,11,75,2,2,1,7
5136,20,2150441878419725078,0,14,14,65,3,6,4,14
5137,20,6016489572452246815,0,5,5,80,1,6,2,15
5138,20,-574000202915791381,0,5,5,70,2,2,1,6
5139,20,-2541143068812322804,0,3,3,77,2,4,2,12
5140,20,6367105553277817093,0,11,11,79,1,5,2,11
5141,20,-7906315169252978531,0,8,8,76,1,3,1,8
5142,20,8986958165572327117,0,10,10,76,2,2,1,8
5143,20,-2917699659686819309,0,6,6,83,2,6,3,11
5144,20,4560055949135290681,0,4,4,74,3,8,5,20
5145,20,-8828692052898312510,0,6,6,74,3,2,1,6
5146,20,-7668999271087214170,0,14,14,82,5,7,6,16
5147,20,-1442248693661659644,0,8,8,75,7,3,2,6
5148,20,-6515819165136600598,0,13,13,69,5,4,2,12
5149,20,8929484699919768943,0,10,10,70,3,4,2,12
5150,20,-2016653880904430935,0,9,9,72,1,6,4,21
5151,20,3417071122630351178,0,11,11,77,2,7,3,18
5152,20,-3261913934505747737,0,11,11,67,4,3,2,8
5153,20,8515945755137300540,0,11,11,74,1,6,2,14
5154,20,-5482384581722123041,0,1,1,68,4,4,3,10
5155,20,-8477704691356555706,0,12,12,70,1,6,4,14
5156,20,6075587141742404626,0,12,12,83,2,5,2,6
5157,20,-7140279385470485774,0,8,8,74,1,5,3,10
5158,20,-8767805128990162782,0,11,11,72,1,8,4,11
5159,20,281774557202669260,0,7,7,75,1,6,3,17
5160,20,564330446555452383,0,14,14,71,1,5,2,9
5161,20,5267878317881635857,0,12,12,72,1,6,3,13
5162,20,-613899232840297950,0,8,8,77,1,6,4,21
5163,20,-5671520651693467994,0,12,12,81,1,3,1,6
5164,20,4140574350053613017,0,9,9,71,2,4,1,12
5165,20,2571823617727563595,0,4,4,72,2,3,1,6
5166,20,-2101085672852387869,0,8,8,83,1,5,2,13
5167,20,-7950695094486346224,0,2,2,75,3,4,2,12
5168,20,173714620304605470,0,13,13,68,1,6,4,15
5169,20,8782283932614721543,0,9,9,72,2,5,3,14
5170,20,-7358413874889617091,0,9,9,80,4,6,4,19
5171,20,8887694758233633850,0,16,16,78,2,3,2,6
5172,20,-1738920208765851938,0,16,16,70,2,10,7,28
5173,20,4916973722477016031,0,5,5,76,4,6,4,17
5174,20,-223838521615428389,0,7,7,73,4,5,3,10
5175,20,7143287243917590986,0,11,11,69,7,3,2,7
5176,20,1862628280135028959,0,5,5,75,1,4,3,10
5177,20,-8757322726052555486,0,18,18,80,1,3,1,6
5178,20,5125536618862823228,0,17,17,67,3,7,4,20
5179,20,-5547708113553570985,0,2,2,77,2,8,4,18
5180,20,-7535422612939548676,0,8,8,71,8,2,2,4
5181,20,-7044203091832679085,0,13,13,78,1,5,3,5
5182,20,7633178021212901685,0,16,16,77,7,2,2,4
5183,20,1845569874495470575,0,4,4,77,1,5,3,11
5184,20,-1434888030720771423,0,13,13,76,2,3,1,8
5185,20,-3483789769782257752,0,15,15,83,3,3,1,5
5186,20,-1966628526307047827,0,17,17,75,1,9,5,21
5187,20,4052570620390459281,0,9,9,76,2,3,2,7
5188,20,3478109541427493713,0,14,14,77,1,7,5,15
5189,20,-2441892744834452597,0,12,12,68,5,4,2,11
5190,20,2445240154464168928,0,12,12,78,1,7,4,17
5191,20,-2788840647178598988,0,13,13,81,4,4,2,8
5192,20,8450412342373732129,0,15,15,72,8,4,3,12
5193,20,-3980498143310690531,0,10,10,76,5,2,1,6
5194,20,-8969649475141464483,0,10,10,76,3,5,3,14
5195,20,-1919153267679128641,0,9,9,69,1,5,2,9
5196,20,-3810529733875590086,0,13,13,72,6,1,1,2
5197,20,-3336022990095590994,0,16,16,81,3,6,3,8
5198,20,8300480227866061064,0,12,12,68,7,2,2,6
5199,20,2405572689729066894,0,14,14,77,3,7,3,16
5200,20,-7129770709940271014,0,10,10,72,1,5,2,14
5201,20,-3483042617362166202,0,14,14,76,4,3,2,10
5202,20,-160699202160878632,0,7,7,72,5,6,4,15
5203,20,-2551944027098113548,0,12,12,71,3,5,3,12
5204,20,4018307732685559636,0,7,7,84,3,7,4,15
5205,20,7626264670050182688,0,9,9,75,4,5,4,12
5206,20,-5009296415402036710,0,16,16,74,1,9,5,27
5207,20,1814286169751499059,0,5,5,76,1,4,1,11
5208,20,-1548757574565226101,0,15,15,74,3,4,3,9
5209,20,5048018560613192489,0,11,11,75,2,7,3,15
5210,20,121483622552221932,0,4,4,71,3,6,4,14
5211,20,7418191122980830085,0,11,11,73,4,4,3,11
5212,20,6535325566444907131,0,6,6,77,1,4,1,9
5213,20,7030374335492643461,0,8,8,81,4,5,3,10
5214,20,-4565959308940155453,0,9,9,79,1,4,1,10
5215,20,-7262258913764398697,0,16,16,75,8,6,5,11
5216,20,5743218943373344561,0,5,5,76,3,5,4,11
5217,20,-4252948269770275061,0,17,17,79,1,4,1,13
5218,20,-8490363857814188826,0,13,13,74,2,6,4,16
5219,20,-3612219689894553335,0,6,6,70,1,5,3,17
5220,20,8276419841685456077,0,14,14,69,1,5,1,12
5221,20,-8918507352328950844,0,7,7,65,6,1,1,5
5222,20,-2414522538690615312,0,2,2,70,2,7,3,21
5223,20,-8689923582204199185,0,9,9,75,3,6,3,13
5224,20,4462359036739866375,0,14,14,79,3,3,1,8
5225,20,-8962222086066833808,0,12,12,77,6,2,1,7
5226,20,456234198693719122,0,10,10,74,1,5,2,12
5227,20,-2871627616472948141,0,10,10,77,1,4,3,13
5228,20,-7452976528503122264,0,8,8,76,1,7,4,15
5229,20,-3800854773288185344,0,13,13,73,8,1,1,1
5230,20,5206475886909239758,0,17,17,77,2,5,1,12
5231,20,2678420716391048880,0,14,14,68,1,7,3,16
5232,20,8324481821208741900,0,4,4,71,1,5,3,10
5233,20,5360953828977760541,0,13,13,75,1,9,4,27
5234,20,-5701081934776145667,0,14,14,69,7,4,3,7
5235,20,-3206688825749150088,0,15,15,77,3,6,3,14
5236,20,472682183725228455,0,13,13,72,8,1,1,2
5237,20,-3695678726730409824,0,8,8,69,1,3,1,11
5238,20,2393796547667861962,0,13,13,72,2,5,3,12
5239,20,-7015250175381742192,0,13,13,67,5,2,2,4
5240,20,3775501824075489916,0,6,6,75,1,5,2,15
5241,20,-8412675853010296296,0,13,13,70,3,5,2,12
5242,20,-2848642231687306763,0,11,11,64,1,6,3,11
5243,20,6024785713055704015,0,12,12,69,3,5,2,13
5244,20,-132238262374365017,0,11,11,74,4,3,2,7
5245,20,3724470381081718343,0,11,11,80,1,10,6,21
5246,20,4101178289978248082,0,16,16,76,5,2,1,4
5247,20,-2462276847013759102,0,11,11,77,2,6,3,16
5248,20,-2440971237554708523,0,11,11,75,1,3,2,8
5249,20,8666527724141809573,0,16,16,77,5,3,2,9
5250,20,1863245995577381767,0,13,13,75,1,5,2,10
5251,20,1132554397296105451,0,4,4,71,1,5,3,14
5252,20,6315867422409170887,0,13,13,69,2,4,2,7
5253,20,4277087013762774236,0,8,8,73,4,4,3,9
5254,20,-7882409108810921967,0,15,15,78,2,4,2,9
5255,20,6111507530680528829,0,10,10,74,2,6,3,12
5256,20,631216153468492499,0,11,11,75,7,3,2,7
5257,20,3570843313434950474,0,8,8,77,1,6,3,14
5258,20,-3672188585614072001,0,14,14,77,1,3,1,8
5259,20,-8670250448574935134,0,14,14,72,5,6,3,10
5260,20,1130039023920135267,0,6,6,74,2,3,2,9
5261,20,7340326505427800450,0,6,6,72,1,7,3,16
5262,20,1746064377797723510,0,13,13,74,3,5,3,11
5263,20,8790046469478709429,0,5,5,72,3,8,6,16
5264,20,-6541145119509293197,0,12,12,66,3,5,4,17
5265,20,7156895664375605707,0,8,8,69,1,5,3,9
5266,20,2751817675721458667,0,16,16,71,8,2,1,4
5267,20,6454252844025198344,0,13,13,69,5,1,1,5
5268,20,7129209841545331991,0,18,18,76,4,6,2,19
5269,20,-1731307285405746017,0,0,0,77,2,7,4,13
5270,20,1849486075551766316,0,15,15,71,5,2,1,8
5271,20,91108367041219616,0,11,11,70,2,3,1,10
5272,20,-3864629498783149325,0,18,18,77,1,7,4,13
5273,20,-1346373033424053459,0,13,13,71,2,3,2,5
5274,20,-3778788948029956712,0,9,9,74,2,5,3,9
5275,20,8130002931750889844,0,11,11,79,2,2,1,6
5276,20,5249573599639896513,0,14,14,80,1,7,4,16
5277,20,-9048107172953959976,0,9,9,71,4,5,2,13
5278,20,8751437890485749218,0,4,4,77,4,6,3,14
5279,20,1970550283071945457,0,17,17,70,9,1,1,4
5280,20,2426187169737036751,0,9,9,79,1,8,5,21
5281,20,7815353730718063287,0,9,9,70,1,5,3,11
5282,20,-2217620464608836206,0,12,12,74,4,3,1,3
5283,20,8635443842908684665,0,13,13,71,5,4,2,8
5284,20,6810487541775723390,0,17,17,72,3,5,4,14
5285,20,-4454984480243310573,0,10,10,83,2,3,2,9
5286,20,-6351883482105307260,0,12,12,77,5,8,6,20
5287,20,4898223136224230751,0,14,14,71,1,7,5,18
5288,20,2635209451963021764,0,6,6,75,1,4,2,13
5289,20,-4627252886434984213,0,1,1,72,3,6,4,15
5290,20,-3765370344893203865,0,12,12,75,5,2,1,6
5291,20,3828477811161508076,0,10,10,68,1,8,5,18
5292,20,-7876328292241474389,0,2,2,77,2,5,3,11
5293,20,-2288964344390583949,0,13,13,75,1,6,3,15
5294,20,-3650707098865219778,0,17,17,77,4,7,4,17
5295,20,7509791509520663262,0,4,4,76,3,5,3,15
5296,20,-7245534525822841392,0,10,10,76,1,7,4,21
5297,20,-2189791540495251056,0,8,8,81,3,5,2,13
5298,20,3077215732341553123,0,13,13,68,2,4,2,9
5299,20,-4828240915378788124,0,8,8,76,1,3,1,8
5300,20,2595216611957440740,0,10,10,82,3,3,2,4
5301,20,-5011897454256258210,0,16,16,67,1,7,5,14
5302,20,-4219018281490430593,0,17,17,74,2,8,5,19
5303,20,7909033699971072547,0,12,12,78,1,9,5,31
5304,20,1097849770705818159,0,16,16,74,1,6,3,16
5305,20,-5907870234171172949,0,14,14,70,1,8,6,22
5306,20,-3736379743520258285,0,3,3,78,2,5,3,13
5307,20,-6867774468899161676,0,9,9,75,1,4,2,14
5308,20,-4447933166261181176,0,8,8,76,1,4,3,7
5309,20,-7068197728047102343,0,11,11,73,1,5,3,16
5310,20,-3815362683640817677,0,10,10,72,1,4,2,11
5311,20,7221058684537800995,0,14,14,80,3,4,2,10
5312,20,2210893350980948574,0,7,7,71,3,7,4,18
5313,20,8036626944058937727,0,7,7,72,8,2,1,5
5314,20,-7357184102624555450,0,18,18,80,2,7,4,16
5315,20,-8925828592739331342,0,9,9,72,3,5,4,10
5316,20,-2026462186916051150,0,7,7,70,1,8,6,16
5317,20,-2578521023234883927,0,16,16,72,4,11,6,27
5318,20,-650616630654762617,0,13,13,73,1,4,3,6
5319,20,-1625157777528533740,0,4,4,72,1,7,3,16
5320,20,-1711455792505752806,0,12,12,75,2,5,1,7
5321,20,5416327940533529236,0,14,14,81,1,4,2,10
5322,20,-4483164219700649721,0,8,8,76,2,3,1,10
5323,20,-4389429042763302030,0,9,9,70,6,5,2,13
5324,20,-6884535408925342016,0,9,9,69,4,3,2,7
5325,20,7237898055542778643,0,9,9,77,2,6,3,12
5326,20,-1005928580245857688,0,9,9,76,2,8,4,24
5327,20,-8507853410274936215,0,11,11,76,2,4,1,9
5328,20,-457694735701769631,0,12,12,80,2,4,3,12
5329,20,-1972288703018368595,0,8,8,73,3,3,2,7
5330,20,-7369221746942275549,0,19,19,69,1,10,6,22
5331,20,1074863719331207498,0,15,15,69,4,4,2,12
5332,20,-6802808485384383409,0,13,13,71,1,5,2,13
5333,20,-2815523933699547620,0,13,13,71,3,5,2,12
5334,20,8900440903930994691,0,17,17,79,3,6,3,17
5335,20,2744366047767741657,0,11,11,76,4,3,1,6
5336,20,8504644353889929072,0,3,3,74,1,11,8,31
5337,20,-3181074580712329009,0,9,9,75,1,9,6,22
5338,20,55617781778577832,0,17,17,80,3,6,3,9
5339,20,3301283301190910415,0,15,15,85,4,3,2,9
5340,20,-383209288281701956,0,9,9,75,2,5,2,13
5341,20,-2683547481262830231,0,13,13,73,2,3,2,4
5342,20,-6563613214614567674,0,5,5,72,2,2,1,5
5343,20,-6509241636020439208,0,16,16,78,1,6,4,15
5344,20,7189812185693295298,0,8,8,71,5,2,1,3
5345,20,-4266716736802939585,0,13,13,70,1,3,1,6
5346,20,4461926942900558051,0,6,6,70,1,13,10,34
5347,20,4939544736413452694,0,7,7,76,2,7,3,13
5348,20,-506558930359135708,0,13,13,74,3,4,1,13
5349,20,-8927560596787879458,0,2,2,74,5,2,1,4
5350,20,-2004859478442589860,0,16,16,73,3,3,1,7
5351,20,-9069118446020197348,0,5,5,69,4,4,2,10
5352,20,5982122759094291990,0,9,9,77,1,6,3,18
5353,20,6516616274194237316,0,10,10,79,1,6,3,19
5354,20,-7064306127582210464,0,4,4,63,6,3,2,13
5355,20,6034879771162760307,0,12,12,70,2,4,1,8
5356,20,4373632813578455523,0,9,9,72,3,9,6,31
5357,20,5350512700685027234,0,12,12,71,2,4,1,10
5358,20,6724605092240253491,0,11,11,73,1,5,2,12
5359,20,-1073557259928841064,0,4,4,72,1,4,1,12
5360,20,-3626492375714444184,0,10,10,71,4,5,3,15
5361,20,3327660920928885600,0,12,12,69,5,3,2,13
5362,20,5844688499526457325,0,8,8,78,3,5,3,18
5363,20,-3337160520365267588,0,11,11,72,2,3,1,5
5364,20,-6024403722152411497,0,13,13,73,1,10,5,25
5365,20,-4580554794153837031,0,10,10,74,5,4,2,10
5366,20,316718604936534521,0,16,16,75,1,7,5,22
5367,20,-5211017452306654845,0,7,7,70,1,5,2,10
5368,20,4771978848519870966,0,9,9,68,6,4,3,13
5369,20,-8909525560185241638,0,7,7,80,3,3,1,9
5370,20,5301564368888287383,0,9,9,71,1,5,3,14
5371,20,-8533286282394669306,0,11,11,69,4,2,1,7
5372,20,1392920830646478621,0,6,6,71,3,4,1,10
5373,20,-835662679402764313,0,10,10,69,3,4,3,8
5374,20,8708876190180757594,0,7,7,69,1,8,5,18
5375,20,-1153144591392941359,0,11,11,75,1,4,1,6
5376,20,6492463903217765436,0,6,6,79,1,6,3,12
5377,20,-8135551087004408009,0,16,16,71,4,6,5,7
5378,20,2017611330507460778,0,13,13,75,3,4,2,15
5379,20,2983150314463126181,0,11,11,73,2,3,2,7
5380,20,8940949785417083794,0,17,17,74,2,6,3,13
5381,20,6759920538609294067,0,6,6,68,4,2,1,6
5382,20,-4945385834432679358,0,12,12,80,5,3,2,8
5383,20,5302467262325917623,0,14,14,74,3,4,2,7
5384,20,-1391260344525893129,0,7,7,69,4,3,2,6
5385,20,6373595677213794043,0,10,10,80,3,5,2,16
5386,20,2509045072408516019,0,15,15,69,3,3,1,11
5387,20,2827195616385122607,0,13,13,85,1,6,2,14
5388,20,-7475990281019689645,0,6,6,75,1,6,3,11
5389,20,-7399325821708029855,0,11,11,71,7,2,1,7
5390,20,2228256786774295008,0,6,6,68,1,4,2,7
5391,20,-8222468206584641878,0,12,12,78,2,4,2,7
5392,20,1300709821334308,0,13,13,81,3,5,3,8
5393,20,-5998285898601553941,0,7,7,69,1,8,6,20
5394,20,7312191835110136448,0,13,13,74,3,2,1,6
5395,20,-1793359868439647559,0,6,6,79,1,8,5,15
5396,20,-4155383159377199363,0,17,17,74,2,5,2,8
5397,20,7526259807032366229,0,2,2,76,6,2,1,8
5398,20,1615731930174006944,0,8,8,76,7,2,2,4
5399,20,8194863636177765728,0,3,3,69,3,4,3,12
5400,20,-8644643762067083007,0,13,13,74,1,5,3,8
5401,20,-7041278919166468595,0,11,11,75,1,3,1,10
5402,20,327707830635407134,0,9,9,82,6,4,2,4
5403,20,5359101866428722840,0,5,5,78,2,5,2,18
5404,20,-8739719517461420948,0,16,16,76,5,5,2,11
5405,20,-5815209057556768970,0,16,16,74,3,6,4,19
5406,20,-4639907519189271249,0,11,11,76,7,2,1,4
5407,20,-231224518701348659,0,13,13,73,4,4,2,8
5408,20,-3057723873877232118,0,8,8,73,3,5,3,10
5409,20,8873013590750795941,0,10,10,77,1,4,2,9
5410,20,3152867175159013593,0,13,13,69,4,8,6,17
5411,20,1264870878763539296,0,11,11,71,5,2,1,6
5412,20,8128228766396789438,0,11,11,78,8,3,3,5
5413,20,7559065445073402663,0,11,11,69,4,5,3,19
5414,20,5504762636628551546,0,17,17,69,1,8,6,21
5415,20,1165267958020947238,0,7,7,68,2,6,4,23
5416,20,-1879340623546120707,0,5,5,69,3,4,1,12
5417,20,5652697445475871289,0,11,11,70,3,2,1,6
5418,20,-3828522868735845825,0,11,11,76,2,5,3,10
5419,20,-5059542863821533465,0,8,8,71,5,2,1,7
5420,20,-480856563782223792,0,11,11,76,4,4,3,6
5421,20,-3787183780710447474,0,13,13,69,2,4,2,14
5422,20,-6082416246689489746,0,16,16,74,5,2,2,2
5423,20,-3107430131457128992,0,9,9,77,1,5,2,13
5424,20,294182132701019606,0,8,8,82,1,8,5,20
5425,20,5028808243719411853,0,9,9,76,5,4,1,10
5426,20,-7601988608268590307,0,9,9,71,3,5,2,10
5427,20,-4705412059712371135,0,11,11,73,4,3,2,8
5428,20,-7296166887669885761,0,5,5,79,2,7,4,11
5429,20,1526176412184875729,0,9,9,70,1,5,3,15
5430,20,1298093641052977464,0,14,14,69,1,3,1,8
5431,20,1972869219876687280,0,7,7,71,1,3,1,12
5432,20,7826002368197882834,0,7,7,67,2,4,2,14
5433,20,-7789313066488863577,0,10,10,71,2,4,2,11
5434,20,1281916022305806463,0,12,12,80,3,5,3,9
5435,20,7628224940327546309,0,9,9,76,7,8,7,12
5436,20,3517303931168590056,0,6,6,74,1,2,1,3
5437,20,-4958981180149048173,0,13,13,79,2,9,6,16
5438,20,4972163795416878789,0,13,13,78,1,5,2,10
5439,20,-779441896987814260,0,19,19,70,4,6,4,15
5440,20,-1937422187854330002,0,9,9,69,2,5,3,12
5441,20,-6221854441413813557,0,8,8,71,1,6,3,15
5442,20,-6775389997218220878,0,11,11,70,7,3,3,8
5443,20,-7442328254592634618,0,14,14,68,4,4,3,9
5444,20,-7473632107811289369,0,13,13,74,5,4,2,10
5445,20,-952190969960344646,0,16,16,66,3,3,2,10
5446,20,-4086014818346847166,0,10,10,77,4,3,1,8
5447,20,1253298702796802471,0,17,17,72,3,6,3,14
5448,20,8678183517882790248,0,12,12,74,5,5,3,12
5449,20,-2429530514464955777,0,12,12,82,2,6,2,18
5450,20,-1379867459309658300,0,18,18,72,1,9,6,18
5451,20,2452690299763018457,0,12,12,73,2,4,1,14
5452,20,-2035337547455364581,0,11,11,72,4,6,3,16
5453,20,-3540834960767243413,0,13,13,79,2,6,3,12
5454,20,5283828111304873437,0,8,8,74,3,6,4,18
5455,20,-6534930103378671752,0,15,15,77,2,5,3,8
5456,20,-4005500024499743812,0,11,11,74,4,3,2,4
5457,20,-2313456771983192441,0,8,8,76,1,4,1,12
5458,20,226729409155759362,0,7,7,84,2,4,2,12
5459,20,-4329788493686778539,0,16,16,75,1,8,4,17
5460,20,-5285169325947879649,0,7,7,72,5,3,3,3
5461,20,7623973772145338892,0,11,11,69,1,8,6,16
5462,20,-150871540759542527,0,13,13,79,4,5,2,7
5463,20,-1582614374503778380,0,7,7,75,1,3,1,10
5464,20,-6461700197149914712,0,17,17,78,7,3,2,8
5465,20,-8846529075125244696,0,9,9,71,4,8,6,18
5466,20,1711375377353244665,0,12,12,74,3,3,1,10
5467,20,-4379212057924576819,0,7,7,74,5,5,4,12
5468,20,-7540010907759221807,0,16,16,83,1,4,2,8
5469,20,-3075417996496668352,0,6,6,68,2,3,1,6
5470,20,-5456747781547063204,0,10,10,80,1,8,4,11
5471,20,8654472572569327950,0,12,12,71,1,7,4,14
5472,20,-2092697053430237272,0,10,10,72,3,5,3,11
5473,20,-2759578304302999832,0,16,16,72,2,3,2,7
5474,20,-4261870711784441996,0,14,14,71,5,3,1,6
5475,20,-6508718273990270761,0,10,10,67,6,4,3,7
5476,20,5294580937267775310,0,13,13,71,3,5,3,10
5477,20,-3965715984020441619,0,14,14,70,1,9,5,25
5478,20,-2841786538920662052,0,11,11,78,2,4,2,7
5479,20,728482116878996092,0,14,14,77,3,3,1,5
5480,20,-8696607946715309191,0,12,12,71,4,5,3,13
5481,20,8985419277386531084,0,14,14,78,5,3,2,5
5482,20,2304761984832839683,0,8,8,82,2,7,5,14
5483,20,-5816853602187722169,0,13,13,77,6,1,1,3
5484,20,-9134999835654733326,0,12,12,82,2,8,4,19
5485,20,5220531181067862072,0,10,10,74,1,5,3,12
5486,20,-4924882937893318483,0,18,18,79,4,6,4,11
5487,20,8024824960780730548,0,12,12,76,2,3,2,7
5488,20,-1804768270136550376,0,14,14,70,1,3,1,8
5489,20,-5971333721309639912,0,10,10,72,4,4,3,10
5490,20,2155646034858668913,0,3,3,69,5,2,1,5
5491,20,894793433654097204,0,0,0,78,2,7,3,11
5492,20,-9150733717493105316,0,8,8,68,5,2,1,3
5493,20,-4992518527775716474,0,15,15,77,1,4,2,12
5494,20,-4366401021439558341,0,9,9,65,3,4,2,12
5495,20,-5218270259561379670,0,10,10,69,7,6,5,12
5496,20,4397045067544140227,0,18,18,73,3,12,10,28
5497,20,-7329296902879457263,0,15,15,70,8,4,3,8
5498,20,538951800396937420,0,16,16,75,5,2,1,5
5499,20,-3357363147041972239,0,10,10,77,3,5,3,10
5500,20,8220441369465472103,0,13,13,75,2,4,3,5
5501,20,3081799839966735996,0,6,6,81,2,6,4,9
5502,20,7226014032613223733,0,13,13,73,1,6,4,20
5503,20,-2267168271542852013,0,13,13,65,7,2,2,2
5504,20,-4262899394529755658,0,6,6,77,1,4,1,8
5505,20,-3249493916285028803,0,12,12,77,1,6,3,16
5506,20,19278470232282208,0,2,2,79,3,5,3,19
5507,20,4073839686855272467,0,15,15,73,2,4,2,11
5508,20,-8546350394097102031,0,11,11,72,2,4,2,11
5509,20,-6104087104739839233,0,11,11,74,2,2,1,6
5510,20,387760125596148103,0,16,16,78,4,4,2,8
5511,20,-8157640086341829403,0,16,16,74,1,4,2,8
5512,20,9166267321340545903,0,11,11,71,3,3,2,7
5513,20,-1473409698579611872,0,10,10,74,1,7,4,11
5514,20,-2290071772006721605,0,14,14,67,3,7,5,15
5515,20,-4059177322101833103,0,17,17,82,2,7,5,11
5516,20,5300340975128061719,0,9,9,72,3,3,1,9
5517,20,1584834882208704051,0,15,15,72,5,8,6,14
5518,20,3447277996775960670,0,4,4,71,1,6,3,15
5519,20,-7321411220730157357,0,1,1,80,5,4,3,12
5520,20,1534961055334755881,0,4,4,76,1,3,1,9
5521,20,-5386686039710148736,0,7,7,74,2,4,2,11
5522,20,-2226490977081536087,0,5,5,75,2,5,3,13
5523,20,5068348009657041694,0,15,15,79,1,3,1,6
5524,20,8282339757743673014,0,12,12,81,1,5,2,14
5525,20,-6933532524250077057,0,13,13,73,4,4,3,12
5526,20,-6151138239701560025,0,6,6,74,4,6,3,16
5527,20,8692447615901533652,0,13,13,77,1,4,2,15
5528,20,-8485465816166642844,0,4,4,67,6,3,2,8
5529,20,-7109315559216568479,0,3,3,77,1,5,1,17
5530,20,-2242250567698850248,0,17,17,79,3,8,4,15
5531,20,-5954318439799362193,0,8,8,67,3,7,5,14
5532,20,8282222040239913451,0,10,10,78,1,5,2,9
5533,20,-388393527685431929,0,16,16,70,2,6,3,19
5534,20,7189608555420958863,0,10,10,81,1,4,2,7
5535,20,-3764555723142425892,0,15,15,77,4,6,5,8
5536,20,-6033101186962288230,0,13,13,79,2,5,2,9
5537,20,1130675798821888520,0,3,3,77,1,5,3,14
5538,20,4178815372478772917,0,4,4,80,4,5,2,8
5539,20,8718715240605713403,0,5,5,77,7,6,4,11
5540,20,7159191008542214610,0,12,12,71,1,6,3,14
5541,20,-129581852892079056,0,8,8,79,1,4,2,6
5542,20,5179806062175201412,0,10,10,73,1,4,1,12
5543,20,-6790509494597636576,0,6,6,77,1,5,2,12
5544,20,8547622554386008202,0,13,13,74,4,4,2,9
5545,20,-858502513949321733,0,9,9,70,8,2,2,6
5546,20,8248896034730934700,0,2,2,70,4,3,2,10
5547,20,470484184337275029,0,13,13,74,1,5,3,14
5548,20,-1518467891103276854,0,13,13,76,5,3,2,9
5549,20,1184525921246346910,0,7,7,67,2,7,4,18
5550,20,7578434422574340145,0,13,13,72,5,4,3,6
5551,20,3110347357401771798,0,8,8,75,1,6,3,11
5552,20,-3101971251941023440,0,12,12,80,6,2,1,5
5553,20,-6923339425675739905,0,10,10,75,4,3,1,6
5554,20,4830464928548594410,0,15,15,71,2,6,3,17
5555,20,-1837715082805797805,0,5,5,74,2,3,2,9
5556,20,-8069488872525663634,0,10,10,78,1,7,4,14
5557,20,-4137717163036790216,0,6,6,75,3,3,2,7
5558,20,1642965305578110980,0,2,2,78,6,4,2,7
5559,20,-951909370653887375,0,10,10,75,2,4,1,14
5560,20,8754447892000146889,0,6,6,78,1,7,4,12
5561,20,-3087043260486759400,0,14,14,70,6,2,1,9
5562,20,-5262644586718917762,0,16,16,70,4,8,6,15
5563,20,5500457384983293834,0,15,15,76,3,6,4,13
5564,20,5648776021961905052,0,6,6,70,1,8,4,18
5565,20,8662069625025439649,0,8,8,75,4,4,2,8
5566,20,-4205445830319553109,0,14,14,72,3,6,4,9
5567,20,-2335431590022712280,0,5,5,75,1,3,1,7
5568,20,-5274845547237479981,0,10,10,77,2,3,1,11
5569,20,-6372664013036125301,0,7,7,63,3,4,2,13
5570,20,7348196448561777075,0,14,14,73,6,3,1,6
5571,20,329759578462728654,0,19,19,71,1,5,3,15
5572,20,-9135246559790183823,0,14,14,74,9,1,1,4
5573,20,-4828457820764503360,0,6,6,71,2,6,4,13
5574,20,-1484402695364176879,0,12,12,75,3,3,1,5
5575,20,-8541187778732061841,0,11,11,82,2,5,2,10
5576,20,-8204658042869163510,0,3,3,79,5,4,2,11
5577,20,7001331544127799006,0,5,5,73,2,9,6,19
5578,20,641999567728974102,0,12,12,76,1,4,2,6
5579,20,-7309163923024588299,0,5,5,71,6,2,1,9
5580,20,8224354332527386185,0,3,3,69,4,5,3,17
5581,20,1018480989667863224,0,11,11,82,5,3,2,11
5582,20,3256216823536446309,0,7,7,77,1,3,1,7
5583,20,-6188348850245202245,0,10,10,78,1,4,1,9
5584,20,7173113776923331691,0,12,12,74,3,3,2,8
5585,20,-4681747411543063339,0,4,4,75,4,3,2,7
5586,20,-1560535847458000267,0,13,13,83,2,5,2,11
5587,20,-7589496916981015020,0,5,5,68,2,2,1,8
5588,20,2195553104097945539,0,3,3,63,4,6,5,12
5589,20,336400940790946288,0,3,3,74,4,4,2,10
5590,20,-9049054022870666990,0,14,14,75,4,4,3,7
5591,20,-5556137518433723966,0,17,17,70,7,3,2,8
5592,20,612309202362839092,0,13,13,75,3,2,1,6
5593,20,2253070402896926582,0,16,16,75,1,5,3,14
5594,20,-858229313015276579,0,4,4,68,1,3,2,10
5595,20,-140324050608745601,0,9,9,68,2,11,8,25
5596,20,262616721790361786,0,9,9,76,1,4,1,4
5597,20,-1335357168409039349,0,15,15,74,3,6,3,14
5598,20,3252061767269220295,0,3,3,71,3,5,2,10
5599,20,-3411240095988965513,0,15,15,75,3,4,3,7
5600,20,1024789133695761889,0,10,10,76,1,8,4,18
5601,20,8742429526073263109,0,9,9,71,1,3,1,8
5602,20,6527057059519035546,0,10,10,75,3,4,2,8
5603,20,8998242274587324108,0,15,15,73,3,4,2,6
5604,20,265199930948088908,0,15,15,85,3,5,2,10
5605,20,-6049826363957413905,0,17,17,81,2,6,4,17
5606,20,-6290439763620432016,0,14,14,64,3,4,2,10
5607,20,-1822843008636077551,0,12,12,71,3,4,3,10
5608,20,-8021877975860852944,0,10,10,71,2,4,2,15
5609,20,4145057943603049224,0,14,14,69,5,5,3,14
5610,20,2820880658916563258,0,14,14,82,2,8,6,18
5611,20,-2008873961112126512,0,7,7,68,2,6,4,17
5612,20,-5559170521055768874,0,10,10,68,7,3,1,7
5613,20,2672563360734579649,0,8,8,71,1,4,1,8
5614,20,-1157060819415397062,0,3,3,74,8,4,3,9
5615,20,5305258751120210692,0,4,4,77,3,5,2,7
5616,20,-1503708172471531748,0,6,6,71,2,4,2,8
5617,20,6404540907718031427,0,12,12,66,3,8,5,21
5618,20,2463304582008114057,0,4,4,72,6,1,1,2
5619,20,-2028061731340147297,0,6,6,74,4,4,2,12
5620,20,-6954824191402693131,0,6,6,74,2,4,1,8
5621,20,-6209589454713663257,0,1,1,73,3,5,2,17
5622,20,-4929981655144883310,0,11,11,73,2,5,3,11
5623,20,4847023264319978246,0,12,12,77,1,6,2,9
5624,20,535996570513895908,0,5,5,70,5,7,5,19
5625,20,5345782280822366907,0,14,14,73,6,4,2,8
5626,20,-2434461344818107755,0,7,7,80,2,3,1,9
5627,20,3100902825731901072,0,8,8,75,1,6,4,12
5628,20,7269917304519520389,0,7,7,81,4,4,2,10
5629,20,2094288501019660804,0,10,10,70,1,6,3,12
5630,20,-7338666070217100763,0,7,7,71,3,4,2,10
5631,20,-6295081915108005366,0,10,10,72,4,6,3,21
5632,20,4099067075516269829,0,16,16,73,1,4,2,10
5633,20,-7684396193902883658,0,10,10,79,2,10,6,22
5634,20,-1957622276453159254,0,9,9,72,3,2,1,7
5635,20,6184265628413212725,0,12,12,69,4,2,1,4
5636,20,-7316823958258129243,0,7,7,75,4,2,1,6
5637,20,-3813304690169606914,0,12,12,76,4,2,1,4
5638,20,163126479132960224,0,6,6,67,6,4,3,11
5639,20,783985608060165959,0,10,10,77,7,5,3,11
5640,20,-3189333387267532998,0,7,7,75,2,5,2,17
5641,20,4181945902684400569,0,11,11,63,4,4,3,11
5642,20,5083484151152983382,0,10,10,80,3,5,3,7
5643,20,6012224187613979494,0,10,10,75,2,4,2,13
5644,20,-1163136778616233552,0,14,14,73,3,4,1,15
5645,20,3258380451917185786,0,6,6,72,1,3,1,9
5646,20,-4594282622694432528,0,9,9,70,1,4,3,8
5647,20,5492329253714438448,0,10,10,71,2,3,1,7
5648,20,-980035349304137598,0,7,7,77,6,5,3,9
5649,20,3637355087213535368,0,4,4,84,1,7,3,17
5650,20,1045920517810452838,0,14,14,79,1,10,6,23
5651,20,3204796710880022582,0,8,8,70,3,3,1,9
5652,20,533707191381378116,0,12,12,72,4,4,2,7
5653,20,1317927034634553437,0,16,16,69,4,8,5,18
5654,20,6932266860353663683,0,2,2,74,2,7,4,13
5655,20,-6775788171280196228,0,13,13,79,1,5,2,14
5656,20,1816549821121901082,0,6,6,76,3,6,4,14
5657,20,-5786804503351834840,0,9,9,69,3,5,3,14
5658,20,6568536159677518566,0,13,13,72,1,7,5,15
5659,20,5966736368777901563,0,9,9,76,5,4,2,11
5660,20,-2336932388593479106,0,10,10,75,4,5,1,16
5661,20,-1966385967267031860,0,3,3,80,2,9,6,22
5662,20,8466223009595940868,0,14,14,77,1,10,6,19
5663,20,5512017847903021344,0,10,10,76,3,2,1,7
5664,20,-6204096969026275714,0,10,10,75,7,2,1,2
5665,20,-1740543161881065761,0,7,7,74,1,6,3,13
5666,20,2066080514772850468,0,17,17,71,6,4,3,7
5667,20,-2022694257917998262,0,6,6,74,2,7,3,16
5668,20,-2551110810810384197,0,7,7,74,6,2,2,4
5669,20,535250262581105452,0,2,2,78,3,3,1,9
5670,20,-2269756181628767582,0,15,15,71,3,3,2,10
5671,20,-8195214681185296305,0,8,8,71,6,7,6,17
5672,20,6317776585720516971,0,9,9,73,3,5,3,12
5673,20,-8074681007699140047,0,12,12,74,4,3,2,3
5674,20,-5012052143015886676,0,11,11,67,7,2,2,4
5675,20,-8726890655624276488,0,17,17,79,3,6,4,12
5676,20,-4373075351542397417,0,12,12,77,5,5,4,17
5677,20,-9036272601757961822,0,14,14,74,3,5,2,11
5678,20,8351761845661944264,0,9,9,78,1,5,3,12
5679,20,-6134282417188417920,0,14,14,80,2,8,4,19
5680,20,932546623271143390,0,6,6,77,2,4,2,13
5681,20,6467783980127848164,0,5,5,75,2,6,3,18
5682,20,2329310185411938124,0,18,18,72,3,3,2,4
5683,20,-3554037096712406247,0,8,8,67,2,3,1,10
5684,20,3893066132971973104,0,8,8,73,3,4,3,14
5685,20,8720981240117080467,0,5,5,73,5,2,1,3
5686,20,-7330512092700481051,0,11,11,72,5,2,2,8
5687,20,-645593250083797401,0,7,7,82,1,6,3,12
5688,20,-888641352753539051,0,13,13,70,1,5,3,14
5689,20,1084817478053567996,0,9,9,77,1,7,3,21
5690,20,-804758036535775215,0,11,11,71,3,4,2,9
5691,20,5343881092068298498,0,12,12,77,2,13,8,36
5692,20,-8891130320413403868,0,15,15,72,2,4,2,8
5693,20,2262878748882483107,0,14,14,75,1,6,3,17
5694,20,-2517818019038999388,0,12,12,72,6,3,2,7
5695,20,4809551363296096761,0,15,15,82,1,6,4,11
5696,20,-7969399702752523892,0,14,14,69,2,4,2,9
5697,20,2524843847965809599,0,14,14,73,2,4,2,10
5698,20,-489408925672432313,0,14,14,70,3,3,2,7
5699,20,-6158768898587351734,0,12,12,75,2,4,2,10
5700,20,-2256331168202300978,0,2,2,83,1,5,1,9
5701,20,3332949923593722809,0,9,9,84,1,10,5,18
5702,20,7928293512495984884,0,14,14,73,4,4,1,12
5703,20,2756153408437477995,0,9,9,72,4,2,1,5
5704,20,2876405070725627136,0,15,15,71,1,4,1,11
5705,20,-3234799734555111503,0,9,9,76,2,11,6,24
5706,20,-3141821548999303556,0,17,17,77,3,9,6,23
5707,20,-6250726404534181692,0,13,13,80,7,3,2,3
5708,20,5114828847700405068,0,16,16,75,4,7,5,16
5709,20,554948831907510521,0,15,15,76,3,6,3,18
5710,20,1441635793937492737,0,14,14,76,4,4,1,6
5711,20,-345508517365784526,0,14,14,74,2,4,3,14
5712,20,-3782954254388839313,0,12,12,74,4,5,3,13
5713,20,3447789755421521048,0,5,5,74,3,5,3,16
5714,20,-3898315151266152324,0,8,8,81,1,5,2,15
5715,20,-7597906555308555386,0,11,11,78,4,2,1,7
5716,20,-5850393650773139910,0,11,11,72,3,4,2,8
5717,20,718558619755281864,0,9,9,75,1,4,1,10
5718,20,2023438257053479992,0,12,12,77,1,8,4,22
5719,20,-8447587824426190076,0,16,16,82,2,3,1,6
5720,20,-2314450885120881900,0,11,11,69,3,2,1,6
5721,20,-6391392621636714376,0,12,12,66,6,2,1,7
5722,20,2126387901877099861,0,17,17,71,2,9,5,21
5723,20,-5086325161712894235,0,1,1,74,3,8,5,19
5724,20,5814466682723043447,0,11,11,82,2,10,7,25
5725,20,-4059009791447778358,0,13,13,70,1,7,4,18
5726,20,3469782694606142278,0,2,2,81,1,4,2,6
5727,20,-5065135639670548011,0,0,0,78,3,5,2,16
5728,20,-1383445553021782673,0,12,12,74,2,6,3,14
5729,20,-1620968996450077546,0,17,17,71,4,3,1,6
5730,20,2663295169768713299,0,13,13,64,1,3,1,8
5731,20,-1582248737033501835,0,9,9,80,2,4,1,14
5732,20,1522653395691497758,0,13,13,74,4,3,1,11
5733,20,2220768180851210214,0,13,13,79,3,5,3,12
5734,20,3739996958128010264,0,9,9,78,3,3,1,11
5735,20,-4931385771641353510,0,10,10,75,1,4,3,10
5736,20,-343624914613903046,0,13,13,67,8,1,1,2
5737,20,4631946738335018360,0,16,16,72,2,7,5,21
5738,20,5220648995275002372,0,6,6,74,2,6,3,13
5739,20,1148628023677096204,0,6,6,77,5,3,2,8
5740,20,8972020732173648013,0,10,10,74,5,1,1,3
5741,20,7470290073850083903,0,10,10,71,1,10,7,29
5742,20,-8565103818005960741,0,11,11,71,2,3,2,7
5743,20,-7653585889752116344,0,16,16,78,2,4,2,9
5744,20,-1425413376482665100,0,15,15,77,2,8,4,21
5745,20,-5526027584057855262,0,15,15,78,2,8,5,15
5746,20,8291024303473717301,0,17,17,83,1,7,4,16
5747,20,7812164621405095615,0,16,16,81,4,3,2,7
5748,20,-7987585879294861215,0,13,13,73,2,3,1,6
5749,20,3766824573419216444,0,16,16,73,2,4,3,6
5750,20,6666608481080034556,0,15,15,76,1,4,1,9
5751,20,-294809170443059051,0,13,13,74,1,4,2,10
5752,20,8818311997311726170,0,13,13,64,5,1,1,4
5753,20,-7965361645356578854,0,6,6,65,2,3,1,6
5754,20,-5471888727490693646,0,14,14,73,3,7,5,17
5755,20,-2692209866257992990,0,7,7,71,7,1,1,1
5756,20,-5441786173961290889,0,11,11,77,1,8,5,22
5757,20,6472139113958531712,0,7,7,74,7,2,2,6
5758,20,-2614961257933344983,0,9,9,70,1,3,1,8
5759,20,-3621541993576516108,0,9,9,72,2,5,2,14
5760,20,-2952124798854811289,0,16,16,81,3,4,2,12
5761,20,4061814771688569508,0,15,15,77,2,4,1,9
5762,20,1305472736565030793,0,10,10,77,2,3,1,5
5763,20,7941551552023520012,0,11,11,74,1,8,3,23
5764,20,6368698777570293228,0,14,14,72,3,5,3,12
5765,20,4376121504773683441,0,7,7,73,5,4,3,10
5766,20,8494449094816894797,0,6,6,77,1,10,6,18
5767,20,-4571204787787874596,0,10,10,76,1,3,1,7
5768,20,1439062749088417114,0,14,14,74,1,5,2,13
5769,20,3698778407046460614,0,11,11,75,3,3,1,7
5770,20,-3360141246632978810,0,6,6,74,1,8,6,15
5771,20,1819791109734102031,0,12,12,69,2,2,1,7
5772,20,-745246640412314340,0,15,15,72,1,8,5,15
5773,20,-7454369039047108939,0,16,16,76,3,3,1,4
5774,20,-8673276024665857129,0,10,10,71,2,7,4,18
5775,20,-263702535943234111,0,9,9,70,6,2,1,4
5776,20,-3827356782218395088,0,11,11,68,3,3,2,5
5777,20,749532175732361988,0,7,7,74,5,2,1,6
5778,20,-5950378286346493513,0,11,11,71,1,6,2,12
5779,20,4828217917467173379,0,9,9,76,4,6,4,8
5780,20,-3413684274779295834,0,9,9,79,2,5,2,10
5781,20,4363827154096538671,0,15,15,80,1,7,3,13
5782,20,1389099346080173938,0,14,14,69,3,2,1,7
5783,20,-5334534009702409127,0,16,16,67,2,10,8,21
5784,20,-5519315040583092956,0,3,3,72,2,4,2,11
5785,20,6543005162562751844,0,15,15,74,2,6,3,14
5786,20,-4019766056930372312,0,11,11,74,2,7,3,15
5787,20,8641901163731654715,0,12,12,66,6,5,3,11
5788,20,6693164136773287269,0,7,7,80,1,4,1,8
5789,20,8516679503350590725,0,12,12,73,2,4,2,9
5790,20,7389319514575858573,0,9,9,67,4,3,2,9
5791,20,1117488697053404055,0,7,7,77,3,8,4,18
5792,20,1787182546173031605,0,7,7,72,2,3,1,10
5793,20,1266351025356920618,0,12,12,77,1,11,7,29
5794,20,5676638354873618983,0,1,1,73,4,8,7,20
5795,20,-7179630306534784691,0,6,6,74,7,3,2,4
5796,20,5851461044647176055,0,3,3,74,1,6,3,15
5797,20,2463646926873751580,0,14,14,78,2,7,3,15
5798,20,-3554346955783514668,0,13,13,76,2,6,3,15
5799,20,-4074384094548548686,0,11,11,73,9,3,3,8
5800,20,6941254704569397407,0,12,12,75,4,7,5,12
5801,20,-2197494859481293093,0,12,12,75,5,3,3,7
5802,20,1505711266435278657,0,3,3,68,4,4,2,10
5803,20,5378575053051352846,0,11,11,81,3,4,2,9
5804,20,-4860535829249509319,0,5,5,72,3,5,3,13
5805,20,-7094838350889390182,0,9,9,75,1,3,1,5
5806,20,-4910271339426725517,0,5,5,70,1,4,1,8
5807,20,-9221631117833767906,0,7,7,74,6,2,1,6
5808,20,1238677900176884192,0,12,12,74,8,3,2,5
5809,20,5570941536230999613,0,17,17,76,3,4,3,4
5810,20,-6295268474627579838,0,4,4,73,2,5,3,10
5811,20,5028488147619426962,0,1,1,70,3,5,2,14
5812,20,-5963196850319799481,0,6,6,69,1,4,3,13
5813,20,1093094400528736482,0,19,19,69,5,3,1,9
5814,20,-783280183567202599,0,10,10,78,1,10,8,20
5815,20,-6382061631115783280,0,13,13,72,2,5,2,13
5816,20,1092461519999990452,0,8,8,77,1,3,1,8
5817,20,-2369838151240340907,0,2,2,68,4,5,4,11
5818,20,-7004469158875015624,0,5,5,68,3,9,7,22
5819,20,3001268992837721135,0,10,10,78,2,6,3,16
5820,20,4274102895135104384,0,14,14,76,2,3,2,7
5821,20,-4365608390381871974,0,13,13,72,4,8,7,15
5822,20,-4783466789131390030,0,9,9,65,7,4,3,10
5823,20,5347930151391289341,0,10,10,72,2,3,2,10
5824,20,-515375610372245864,0,9,9,70,2,3,2,7
5825,20,7358878630574191463,0,15,15,65,3,8,5,24
5826,20,1816847312846126959,0,15,15,68,3,2,1,6
5827,20,-4492777074109195398,0,5,5,71,6,4,3,15
5828,20,498165081075637503,0,8,8,67,3,3,2,8
5829,20,-7908845780308169049,0,10,10,65,7,2,2,6
5830,20,876925579566553835,0,13,13,74,2,6,3,17
5831,20,6382115672862662299,0,15,15,73,1,8,5,16
5832,20,-2696052536164963766,0,15,15,77,2,2,1,4
5833,20,6029195523649676536,0,8,8,75,6,4,2,9
5834,20,-4034862335491375243,0,15,15,73,1,8,5,23
5835,20,-5840818204320315576,0,13,13,71,6,1,1,4
5836,20,8929604987734161698,0,6,6,69,6,2,1,6
5837,20,-8556952266245183954,0,14,14,74,2,4,2,6
5838,20,3920926829047981233,0,12,12,71,1,3,1,10
5839,20,2857996501290830813,0,7,7,71,6,6,4,13
5840,20,-6414997835999251514,0,13,13,80,1,3,1,9
5841,20,-8039976185052402226,0,15,15,69,5,5,4,13
5842,20,-1827001822241638633,0,9,9,76,3,4,2,8
5843,20,5128032880585184685,0,18,18,77,3,7,4,13
5844,20,7760133900121731718,0,3,3,67,5,3,1,10
5845,20,5938685403795334547,0,12,12,66,3,3,2,12
5846,20,-5752717036922118543,0,13,13,73,5,3,2,6
5847,20,4036492360445553530,0,13,13,75,4,6,3,17
5848,20,2742880772694878793,0,10,10,75,6,4,2,7
5849,20,7127642096031381485,0,7,7,74,1,6,3,16
5850,20,-722107055048797087,0,4,4,68,6,2,2,4
5851,20,-3121754935498560513,0,12,12,69,1,4,2,11
5852,20,-3609082696543327480,0,16,16,75,3,3,1,5
5853,20,1199198560221295229,0,13,13,71,2,7,4,15
5854,20,-4593587073515566375,0,8,8,74,4,4,3,11
5855,20,-8511810710859261850,0,14,14,82,3,2,1,6
5856,20,5489044677671136848,0,16,16,86,1,5,2,6
5857,20,4636176540423944347,0,17,17,75,7,3,2,5
5858,20,3754408092343575201,0,11,11,72,3,5,3,11
5859,20,-6823351844464464174,0,5,5,83,2,7,3,14
5860,20,-5070684738227882556,0,14,14,72,2,4,3,15
5861,20,-6122735963896953392,0,14,14,62,8,7,6,24
5862,20,5456059665736462804,0,13,13,74,1,3,1,10
5863,20,618502906011587799,0,12,12,78,4,2,1,4
5864,20,2979809089893562777,0,14,14,79,4,5,3,9
5865,20,-6875444605011984292,0,9,9,75,6,4,3,12
5866,20,1379590863898794595,0,7,7,70,4,7,5,19
5867,20,8404293530180981245,0,7,7,71,1,3,1,7
5868,20,-1772586007807252711,0,11,11,74,3,5,2,14
5869,20,-4615777808599508047,0,13,13,76,5,7,6,16
5870,20,1760174618926067856,0,13,13,68,4,4,3,16
5871,20,-3026060336120128960,0,6,6,70,5,4,3,4
5872,20,-2127468215812231392,0,11,11,74,1,4,1,8
5873,20,3354461685743241974,0,17,17,70,4,2,1,5
5874,20,3454011626350604661,0,12,12,86,2,9,3,26
5875,20,7981512221027035283,0,15,15,75,2,6,4,12
5876,20,5591164310297765026,0,6,6,77,3,3,1,10
5877,20,-5128304797664656507,0,10,10,68,5,3,2,6
5878,20,2885564118019508603,0,10,10,77,3,7,3,18
5879,20,9146576410915055960,0,15,15,80,1,5,3,10
5880,20,7277420261373979427,0,19,19,69,5,5,3,7
5881,20,-1315439574148558995,0,14,14,76,2,5,3,10
5882,20,-8535032157657437469,0,14,14,76,2,8,5,18
5883,20,7540996222009390313,0,7,7,78,2,4,2,6
5884,20,-6353788540769307331,0,10,10,73,2,5,3,13
5885,20,-5201639496654606352,0,11,11,68,7,2,2,6
5886,20,895071717753156672,0,6,6,72,4,2,1,5
5887,20,7028128529780152851,0,18,18,70,3,6,5,15
5888,20,-4156370971065691362,0,19,19,76,5,3,1,6
5889,20,3321915364412837894,0,13,13,68,1,3,1,6
5890,20,-375183533745264901,0,17,17,78,2,6,3,12
5891,20,4820301096504227990,0,4,4,74,3,5,3,8
5892,20,-393907892915023609,0,12,12,75,3,5,4,10
5893,20,6343755837711566553,0,16,16,68,2,5,3,19
5894,20,6222869802415009230,0,14,14,73,1,6,2,17
5895,20,-3545901147941524570,0,7,7,73,3,4,2,8
5896,20,9211630183064036814,0,17,17,74,1,10,7,20
5897,20,7430177257681267271,0,6,6,66,4,5,3,16
5898,20,3926785016953811786,0,12,12,77,4,4,2,15
5899,20,-3740823645320788883,0,8,8,71,1,4,2,9
5900,20,7184814408737108317,0,5,5,71,1,3,1,7
5901,20,8776398808242041187,0,8,8,75,6,4,3,8
5902,20,9207262445886310481,0,5,5,81,1,8,4,21
5903,20,-5766553609742134138,0,11,11,67,1,6,4,17
5904,20,-534468571973711055,0,8,8,74,3,4,2,10
5905,20,5995806966462162677,0,5,5,74,1,5,3,11
5906,20,-4051427481869051236,0,11,11,73,2,6,4,16
5907,20,2857422488661231748,0,1,1,82,2,5,3,8
5908,20,-3909690444684926757,0,12,12,76,1,5,2,10
5909,20,-7824345787563299851,0,11,11,67,8,4,4,14
5910,20,-990519350977610954,0,4,4,72,3,3,2,7
5911,20,-5107242371975015831,0,10,10,73,6,3,1,7
5912,20,975578121478988930,0,11,11,74,1,5,3,11
5913,20,-1990295421733811693,0,3,3,77,2,7,5,19
5914,20,-2943561183005494018,0,13,13,67,2,4,2,7
5915,20,-2432828311844232145,0,11,11,76,4,3,2,9
5916,20,4138095473591454560,0,13,13,75,1,6,3,11
5917,20,4604283728265664050,0,9,9,70,3,6,4,15
5918,20,791196266368152362,0,14,14,71,2,6,4,12
5919,20,8182101092953438787,0,13,13,71,6,1,1,5
5920,20,-8532811026726101951,0,9,9,73,2,3,1,9
5921,20,-1505769472041901335,0,4,4,76,3,4,2,6
5922,20,-5364904119215818817,0,4,4,64,4,4,2,12
5923,20,40056611110942212,0,14,14,74,1,4,2,12
5924,20,295946792365624839,0,15,15,83,6,2,1,4
5925,20,313089947215495937,0,16,16,70,4,3,2,9
5926,20,4401446937344369178,0,10,10,73,1,3,1,11
5927,20,-7252985230681880503,0,11,11,72,2,5,3,18
5928,20,-4750330515642681816,0,4,4,73,1,11,6,28
5929,20,-8609917668386366470,0,3,3,69,3,6,3,14
5930,20,7941329488689448298,0,6,6,65,2,4,2,15
5931,20,418863201170074584,0,3,3,77,7,3,2,7
5932,20,-1228650002301794514,0,10,10,81,6,4,2,9
5933,20,-8852972368149706619,0,16,16,78,2,2,1,3
5934,20,-5523256793427439821,0,12,12,75,2,4,1,8
5935,20,-4401891958413938704,0,6,6,76,4,4,3,10
5936,20,-5974746288851116234,0,8,8,76,1,7,3,14
5937,20,-4263150581351625973,0,8,8,71,1,5,3,19
5938,20,-2271124315505934900,0,16,16,71,7,4,3,10
5939,20,5664248043512599232,0,14,14,78,2,7,4,18
5940,20,314981203168683634,0,14,14,75,6,4,3,6
5941,20,-6637083010928930779,0,16,16,71,1,4,2,10
5942,20,1321910339190957794,0,13,13,77,2,4,3,10
5943,20,-35293570323403795,0,9,9,75,4,7,5,12
5944,20,8520805730354757031,0,17,17,77,5,7,5,14
5945,20,-2082358991097118431,0,15,15,74,1,4,1,14
5946,20,2486549264536604147,0,8,8,75,3,4,2,7
5947,20,8456696844450965264,0,6,6,70,1,5,4,11
5948,20,-2838827490877096784,0,7,7,76,1,5,3,13
5949,20,4550342765384656516,0,9,9,74,3,3,1,10
5950,20,4317182528405867220,0,10,10,73,1,11,8,25
5951,20,3301577570729102902,0,13,13,68,4,3,2,8
5952,20,-626820401121935111,0,13,13,72,4,4,2,13
5953,20,5411957767689165443,0,13,13,75,1,7,3,10
5954,20,3299591756371902508,0,14,14,70,7,2,2,2
5955,20,-3079764163119930274,0,10,10,72,2,7,4,14
5956,20,5936857980468923396,0,14,14,77,1,12,7,34
5957,20,-8295408080593925240,0,12,12,79,3,4,2,8
5958,20,3824099549379027446,0,11,11,79,3,4,2,11
5959,20,3279235565358157823,0,9,9,72,2,3,1,5
5960,20,-3372570522421562905,0,11,11,71,2,5,3,10
5961,20,2497318285309710003,0,12,12,70,3,6,5,18
5962,20,1633328488669023235,0,13,13,68,4,3,1,11
5963,20,-1101114561315121793,0,5,5,69,2,5,3,16
5964,20,5248455811863959500,0,17,17,78,6,4,2,14
5965,20,5239377136516481622,0,5,5,73,1,4,2,10
5966,20,-8121368777840269195,0,12,12,76,5,5,3,10
5967,20,-1524879650601983556,0,12,12,83,3,6,4,11
5968,20,4821776198619284081,0,17,17,74,1,4,2,11
5969,20,-1219792957098246024,0,10,10,67,3,4,3,10
5970,20,5739915147037156934,0,11,11,77,3,4,2,11
5971,20,-6892165225687391097,0,5,5,68,1,5,3,14
5972,20,-8690777396001885018,0,12,12,69,3,2,1,5
5973,20,3383201487141790035,0,11,11,73,1,4,1,7
5974,20,-706500890221264961,0,11,11,72,2,4,2,9
5975,20,4414170531245636389,0,16,16,71,4,9,7,18
5976,20,-8438570299186586159,0,7,7,77,3,2,1,7
5977,20,-2886285160158622249,0,8,8,77,2,4,2,10
5978,20,-5064478343081586431,0,10,10,81,1,9,5,15
5979,20,3708347777464019661,0,9,9,69,4,5,2,12
5980,20,646420275825285229,0,15,15,69,3,3,1,6
5981,20,9032573385295274533,0,3,3,73,1,7,2,21
5982,20,-4425018952121270657,0,2,2,76,3,6,3,14
5983,20,-2014726355869095124,0,10,10,70,3,6,4,17
5984,20,-4606108586462594938,0,16,16,78,3,5,2,12
5985,20,7218834226163097620,0,11,11,79,6,5,4,13
5986,20,-9052780516093826174,0,18,18,73,3,4,2,7
5987,20,-1509177390466957085,0,11,11,78,1,3,1,11
5988,20,8879554352451594814,0,13,13,73,5,2,2,2
5989,20,8261858498000630191,0,12,12,77,1,9,4,13
5990,20,-5479763430037897052,0,13,13,74,7,2,1,7
5991,20,3019669025921198088,0,10,10,76,5,2,2,6
5992,20,6028421411968639052,0,7,7,72,1,4,2,11
5993,20,-3869614768804987980,0,17,17,69,2,4,2,13
5994,20,1205643034402406997,0,16,16,72,5,4,2,10
5995,20,8672107463464750753,0,17,17,69,5,4,2,11
5996,20,6554253854189064824,0,16,16,65,3,11,9,31
5997,20,425420946791219223,0,10,10,74,8,1,1,4
5998,20,3549858402805643098,0,17,17,69,2,5,2,19
5999,20,-526513630548074708,0,8,8,77,2,8,5,17
6000,20,-6022940072571450336,0,9,9,68,4,3,1,10
6001,20,3241626171911491709,0,2,2,72,1,5,2,16
6002,20,-9047192601660858552,0,16,16,74,7,3,2,9
6003,20,7481146213949971226,0,1,1,78,3,7,4,18
6004,20,4225726992295479991,0,8,8,66,2,4,2,11
6005,20,5656838000150106306,0,16,16,80,2,8,4,16
6006,20,-5602380795243874035,0,6,6,76,2,4,1,13
6007,20,7351075766793880911,0,14,14,72,5,4,3,12
6008,20,-8309067151871169472,0,15,15,77,2,4,2,7
6009,20,6697247729812490611,0,14,14,77,1,9,5,19
6010,20,8752662470461888872,0,7,7,72,1,6,4,15
6011,20,-6790826980971062108,0,13,13,77,1,4,2,9
6012,20,298573813087268311,0,15,15,78,2,6,4,12
6013,20,6202354885239507540,0,10,10,75,3,4,2,13
6014,20,3604092753521332588,0,16,16,77,3,4,2,9
6015,20,141196078952998502,0,9,9,67,2,4,3,11
6016,20,3750048508065397288,0,13,13,72,1,8,4,15
6017,20,-506893996651651876,0,11,11,81,1,4,2,8
6018,20,4307839254842483969,0,12,12,70,2,4,1,10
6019,20,7589342256148957396,0,8,8,77,1,5,3,13
6020,20,5081655288706107382,0,12,12,75,5,3,2,10
6021,20,5551617375142971060,0,2,2,72,3,8,4,19
6022,20,-3742831403228933789,0,7,7,74,2,9,7,24
6023,20,8126089596494804388,0,5,5,71,7,3,2,5
6024,20,7891824851725486230,0,6,6,75,4,2,1,5
6025,20,382973202358869052,0,14,14,73,3,5,3,16
6026,20,7349118552813495201,0,13,13,76,6,3,2,9
6027,20,-8996937429154634626,0,5,5,70,3,3,1,8
6028,20,-2232524512193517967,0,14,14,72,5,6,4,18
6029,20,6558780202134741766,0,8,8,70,3,4,3,5
6030,20,-1968863247092883681,0,13,13,78,1,6,3,18
6031,20,1771905493738773887,0,8,8,75,2,6,3,9
6032,20,-319377141223206010,0,13,13,85,1,6,3,10
6033,20,6005431973708366937,0,12,12,78,1,5,2,12
6034,20,-5636478950686116843,0,12,12,70,3,6,4,12
6035,20,7811288638193669048,0,5,5,72,3,7,3,16
6036,20,-7194875431908939803,0,9,9,68,7,2,1,8
6037,20,-8940063617559146577,0,9,9,70,2,8,5,22
6038,20,9063525247460247053,0,11,11,72,1,5,1,13
6039,20,-1429151611259744339,0,15,15,77,5,4,2,14
6040,20,1338760075183902773,0,7,7,73,4,3,1,9
6041,20,5936189564243660087,0,10,10,69,1,6,4,14
6042,20,-7976287569320852887,0,7,7,78,2,2,1,10
6043,20,-3785095417563354665,0,15,15,78,5,6,4,13
6044,20,-9080853187883873233,0,5,5,68,3,5,3,14
6045,20,6551242875980308564,0,4,4,77,1,3,1,5
6046,20,-7416189910478158118,0,10,10,76,4,5,2,13
6047,20,-7233113440702638814,0,12,12,82,1,5,1,8
6048,20,-3235347881911419616,0,7,7,75,3,6,2,14
6049,20,2515333520061020700,0,8,8,76,1,7,4,17
6050,20,-6884332419548194838,0,14,14,72,4,4,3,9
6051,20,-9005805847662069392,0,4,4,71,2,3,1,9
6052,20,466753568900580459,0,15,15,78,1,4,2,9
6053,20,8935201837739662297,0,16,16,68,7,2,1,9
6054,20,-3987869354047428749,0,16,16,73,3,3,1,7
6055,20,-5461928484298318317,0,14,14,72,7,2,1,5
6056,20,-816910871635135995,0,5,5,73,1,12,9,22
6057,20,357480572544838028,0,9,9,74,5,4,3,11
6058,20,3242986631448046374,0,11,11,71,2,6,4,15
6059,20,1201647710377682007,0,12,12,76,1,4,1,10
6060,20,5842837653001339639,0,9,9,70,5,3,2,8
6061,20,397958588526546021,0,10,10,78,2,8,5,19
6062,20,5689227290174751494,0,1,1,74,1,7,2,15
6063,20,8651604365332402678,0,4,4,80,2,11,6,21
6064,20,1315738244212764640,0,6,6,74,1,3,2,9
6065,20,8851432779059307852,0,10,10,73,3,4,2,9
6066,20,6242363633024774122,0,15,15,68,9,1,1,2
6067,20,2319383336805034914,0,9,9,71,1,3,1,9
6068,20,4061604803457747824,0,8,8,81,4,4,2,10
6069,20,-8478760739115495588,0,11,11,68,9,1,1,4
6070,20,8007475969672960510,0,6,6,79,3,6,4,13
6071,20,8580399754885734270,0,6,6,76,1,4,2,9
6072,20,5293506936209961198,0,2,2,80,1,5,3,5
6073,20,-5112823548250869150,0,14,14,73,1,5,3,10
6074,20,-8655467957461358782,0,9,9,70,2,4,2,13
6075,20,8942055073962639269,0,15,15,68,5,3,2,11
6076,20,-4552349142305406285,0,12,12,75,3,4,3,11
6077,20,3873767741101679970,0,8,8,75,4,6,4,15
6078,20,-3545182974805548534,0,14,14,74,6,4,1,12
6079,20,3575071943519849634,0,16,16,81,1,5,3,9
6080,20,2102694895883843757,0,9,9,73,1,4,1,8
6081,20,4360906623243919634,0,6,6,80,2,2,1,3
6082,20,5259256394955337596,0,7,7,69,7,4,2,8
6083,20,-4256377094228127754,0,15,15,77,6,1,1,2
6084,20,3448439991940464349,0,15,15,80,2,4,2,7
6085,20,1897294392773771870,0,12,12,73,4,9,7,22
6086,20,736455396180497941,0,5,5,85,1,8,5,14
6087,20,5649048709581473430,0,8,8,75,3,7,5,17
6088,20,-3670523209585826855,0,10,10,73,6,2,1,7
6089,20,-6909084901101331230,0,9,9,75,3,4,2,8
6090,20,-5939559041923410908,0,12,12,73,4,9,7,22
6091,20,-7499633015477609622,0,13,13,76,3,4,2,14
6092,20,277640674313557835,0,12,12,83,3,4,1,5
6093,20,-1997807674369614477,0,8,8,80,3,6,3,13
6094,20,-2610033934665513394,0,14,14,74,4,3,2,6
6095,20,3194109769095918031,0,13,13,69,4,5,3,15
6096,20,-7888496203690182544,0,15,15,72,1,5,2,8
6097,20,746766354653527191,0,14,14,75,4,3,1,11
6098,20,-2430892995208045048,0,18,18,69,1,6,4,17
6099,20,1024684111220867094,0,7,7,70,1,4,2,8
6100,20,7092087471114351769,0,9,9,73,3,5,3,10
6101,20,7550196823803035911,0,14,14,75,3,4,2,9
6102,20,8642982641460979744,0,1,1,81,1,8,4,19
6103,20,-2784899649921435133,0,9,9,77,1,4,1,12
6104,20,8391050150612727213,0,6,6,79,2,4,2,11
6105,20,-3712957399403015628,0,14,14,70,3,3,1,6
6106,20,9165079774805828405,0,15,15,78,2,4,1,11
6107,20,-4781555179704087730,0,12,12,81,1,6,4,14
6108,20,-3619219691993816922,0,13,13,72,3,5,3,12
6109,20,-3817848731780932928,0,12,12,74,2,7,4,17
6110,20,-101941874766305734,0,9,9,72,2,9,6,23
6111,20,-5236440210303032794,0,13,13,69,2,5,3,13
6112,20,-6738367592603458545,0,16,16,70,2,5,2,9
6113,20,837966096474356480,0,3,3,67,1,5,2,9
6114,20,-838467455639546121,0,2,2,75,2,6,2,18
6115,20,-6634785559311791703,0,9,9,75,2,5,3,12
6116,20,3619269924541929101,0,16,16,68,1,5,3,13
6117,20,3453797192164936577,0,17,17,76,2,4,3,5
6118,20,2497712100847235208,0,8,8,84,1,4,1,7
6119,20,6335643682029900908,0,13,13,70,4,4,3,13
6120,20,-8572939182881741485,0,6,6,69,1,8,5,28
6121,20,-8247751241206222976,0,11,11,73,2,4,2,7
6122,20,-4254332958510065188,0,1,1,73,3,6,4,14
6123,20,-6521857492107471111,0,14,14,76,2,4,2,7
6124,20,-7142507210122620244,0,13,13,78,2,6,4,10
6125,20,4165033527949408112,0,14,14,72,3,7,4,23
6126,20,7590649189619223607,0,14,14,72,1,6,3,19
6127,20,6377683823842538060,0,15,15,72,2,4,1,5
6128,20,1066364692074103925,0,14,14,79,6,4,3,11
6129,20,89664399738573688,0,16,16,76,1,5,3,12
6130,20,-7026713125139969616,0,16,16,71,2,5,3,11
6131,20,-8592875104488001962,0,15,15,76,3,5,3,12
6132,20,3198240677914223263,0,5,5,82,1,5,2,12
6133,20,-4283040132294552077,0,12,12,68,4,6,3,12
6134,20,-6811441208683584588,0,10,10,73,3,5,2,14
6135,20,5121856833544545403,0,11,11,76,2,4,3,8
6136,20,-5972612184308611662,0,14,14,75,3,6,4,21
6137,20,6715785959188907502,0,15,15,73,1,7,4,23
6138,20,-5127715190083399295,0,4,4,85,2,6,3,8
6139,20,-7574120443489437165,0,16,16,72,6,3,2,7
6140,20,930491688453666117,0,9,9,70,3,3,1,8
6141,20,-7214034722479062611,0,12,12,77,2,5,3,10
6142,20,8392734367975462572,0,5,5,79,2,6,4,15
6143,20,-2795507184131740948,0,16,16,79,1,4,1,9
6144,20,6034469477439780487,0,8,8,82,2,4,2,9
6145,20,3143523021079146790,0,10,10,74,1,12,9,27
6146,20,-7187083344070559332,0,16,16,78,4,6,4,15
6147,20,5418239207538009030,0,5,5,74,1,7,4,16
6148,20,-8055095957504709959,0,12,12,67,2,4,3,11
6149,20,2597435823029635204,0,0,0,72,3,6,4,15
6150,20,3573763663575337484,0,2,2,75,3,11,6,26
6151,20,-146900594866852650,0,12,12,71,3,4,2,10
6152,20,5293128224489192882,0,7,7,77,1,5,1,12
6153,20,-2442029494016615771,0,6,6,70,2,6,3,18
6154,20,-8490930169853479027,0,14,14,71,5,3,1,10
6155,20,-5052093811751214012,0,12,12,73,1,3,1,7
6156,20,-5560231867939543974,0,0,0,70,3,12,8,28
6157,20,3353107750081395613,0,2,2,79,2,6,3,14
6158,20,3789686832647993345,0,16,16,79,7,3,2,4
6159,20,-7788507391383877460,0,17,17,70,2,6,4,13
6160,20,8802858145006644015,0,6,6,72,5,3,2,5
6161,20,-9115561384294763727,0,12,12,69,4,4,2,14
6162,20,712235852494880289,0,8,8,73,7,4,3,8
6163,20,-7531470304023833695,0,10,10,72,5,7,5,21
6164,20,-6953767598826957629,0,18,18,74,3,2,1,5
6165,20,8318011427431022429,0,6,6,74,2,2,1,6
6166,20,-8592147493894799367,0,7,7,77,3,5,3,20
6167,20,-3740774130164079578,0,8,8,77,4,4,3,13
6168,20,-2036369867344279493,0,8,8,76,3,6,4,20
6169,20,7711452092874778319,0,11,11,74,6,4,2,10
6170,20,6505302463852907879,0,5,5,75,7,2,1,5
6171,20,693585158829603123,0,19,19,75,4,6,4,11
6172,20,113304679901237202,0,8,8,69,3,7,4,18
6173,20,7536732183217036137,0,16,16,71,1,3,2,7
6174,20,-6241223584347310433,0,5,5,73,3,3,1,6
6175,20,-9009127557664605130,0,6,6,75,2,5,3,12
6176,20,1330115552525887316,0,15,15,74,4,6,2,14
6177,20,-5208968072967852862,0,4,4,82,1,3,1,9
6178,20,-3944800835890412887,0,17,17,72,3,3,1,9
6179,20,-6159991541793956977,0,12,12,75,3,5,3,8
6180,20,4016679147959245475,0,6,6,74,5,3,3,5
6181,20,8035513637009312422,0,6,6,72,1,4,2,8
6182,20,-9181722406293965343,0,14,14,74,3,7,6,12
6183,20,1768444729521272082,0,12,12,72,6,3,2,8
6184,20,-2443682890229287882,0,15,15,72,2,4,2,5
6185,20,-5253930940166203502,0,11,11,69,3,8,5,21
6186,20,3614651753923487863,0,11,11,80,1,4,2,9
6187,20,7476574181791961225,0,16,16,77,1,9,5,17
6188,20,-5204505207276323947,0,9,9,75,3,6,4,13
6189,20,-7849954262451057863,0,11,11,79,6,5,3,14
6190,20,395616198030421229,0,11,11,68,9,2,2,4
6191,20,-8051098475906487760,0,4,4,77,1,6,2,10
6192,20,-2838747534611250210,0,4,4,76,6,4,3,14
6193,20,-7344638645909887743,0,5,5,75,1,3,1,9
6194,20,2601034640515942044,0,10,10,75,4,3,1,10
6195,20,2725044065025035575,0,9,9,75,4,2,1,4
6196,20,3778400252741487171,0,7,7,74,5,5,3,13
6197,20,5612091146266422919,0,9,9,74,1,7,4,18
6198,20,1940768177324994607,0,1,1,69,3,5,3,11
6199,20,157119184404037188,0,8,8,72,1,7,5,16
6200,20,2275235354919281802,0,4,4,73,4,3,1,3
6201,20,-56551867496903145,0,9,9,71,3,4,2,8
6202,20,8147574129853641253,0,12,12,77,1,6,3,16
6203,20,5830536951511463406,0,4,4,67,4,6,5,15
6204,20,6238265429845950347,0,4,4,72,2,6,3,18
6205,20,1343979357654083892,0,6,6,75,8,2,1,2
6206,20,-8115043437451949741,0,13,13,72,3,4,2,9
6207,20,-6491046943106733245,0,19,19,72,2,6,3,16
6208,20,-9140156919227011658,0,17,17,72,1,6,2,9
6209,20,3830114439969969942,0,11,11,69,2,2,1,5
6210,20,2817334529848417632,0,6,6,72,5,5,4,9
6211,20,-4288410501043868093,0,9,9,64,8,1,1,4
6212,20,1895168342870279562,0,12,12,74,1,2,1,6
6213,20,-8141112446236892377,0,15,15,73,2,9,4,23
6214,20,6871643302591989576,0,12,12,63,1,5,3,20
6215,20,58601646023922274,0,10,10,74,6,5,3,13
6216,20,2719368612803301407,0,5,5,77,4,3,1,4
6217,20,5501933960957271941,0,3,3,77,2,4,2,6
6218,20,3758380139162789850,0,5,5,74,2,2,1,5
6219,20,-5610501190959978230,0,12,12,76,1,5,2,12
6220,20,2403161150585620381,0,11,11,74,3,5,3,11
6221,20,-2134642966773102716,0,13,13,68,5,2,1,6
6222,20,-7259640205738291654,0,10,10,78,3,3,1,8
6223,20,-1728102957331433,0,17,17,75,2,5,3,11
6224,20,3404872200198120899,0,12,12,77,1,8,6,23
6225,20,5845023699392967209,0,11,11,69,3,4,3,12
6226,20,3894381534882786911,0,9,9,80,1,3,1,4
6227,20,8151484880125507673,0,10,10,72,2,5,3,11
6228,20,-8390601270567697823,0,9,9,78,3,5,3,12
6229,20,4709198910731474095,0,9,9,69,1,2,1,2
6230,20,-7966749481247250538,0,8,8,73,4,2,1,7
6231,20,533777550904834069,0,7,7,79,1,6,2,13
6232,20,-66371554950495778,0,14,14,75,1,6,2,16
6233,20,5104054650888017158,0,15,15,75,1,5,2,10
6234,20,3971966619938183933,0,14,14,70,3,5,3,7
6235,20,6869475041827560836,0,12,12,76,6,4,4,10
6236,20,2772875475887821746,0,13,13,79,1,9,6,20
6237,20,-4676323847451235249,0,9,9,73,8,3,3,10
6238,20,2154501831713182217,0,9,9,78,2,4,2,10
6239,20,4548369761425411411,0,3,3,67,3,4,3,13
6240,20,1414735290876428525,0,16,16,74,1,7,4,10
6241,20,-4789471840926295711,0,6,6,74,2,6,3,15
6242,20,6409665583184377089,0,17,17,67,2,4,3,9
6243,20,4380789926648944930,0,10,10,79,1,6,3,15
6244,20,373100188667300527,0,11,11,78,1,4,1,10
6245,20,3843326650426893128,0,5,5,82,8,2,2,6
6246,20,4622646543466500480,0,15,15,76,2,3,2,10
6247,20,-6392845103974880763,0,11,11,70,2,2,1,7
6248,20,-5867596277472339794,0,13,13,74,3,4,2,10
6249,20,1921990069554506688,0,5,5,77,3,9,5,27
6250,20,-5921062676215729929,0,7,7,74,1,5,3,12
6251,20,-6145952734043489530,0,9,9,75,2,5,2,9
6252,20,-3379512206294190157,0,9,9,75,2,7,5,15
6253,20,-8925474735907155522,0,9,9,76,4,5,3,18
6254,20,6384634141606248232,0,14,14,70,2,8,5,29
6255,20,-4874091979230551136,0,9,9,80,2,3,1,8
6256,20,-5430331466044282851,0,10,10,75,4,6,2,11
6257,20,-1282132233941031960,0,8,8,72,2,3,1,9
6258,20,-4453572497779375956,0,16,16,74,1,7,5,15
6259,20,-5262623935067246010,0,11,11,78,6,3,2,9
6260,20,7288449527767120988,0,16,16,71,1,3,2,9
6261,20,-6736388388933590249,0,14,14,70,3,5,4,16
6262,20,-5887525045038704274,0,12,12,75,4,7,4,17
6263,20,-5454872504248838438,0,15,15,76,1,4,2,11
6264,20,8659273551565096823,0,4,4,74,5,3,2,6
6265,20,-1375352774715403044,0,7,7,71,2,6,3,12
6266,20,-7569843266999000274,0,18,18,71,4,5,3,11
6267,20,-7117626563767526090,0,8,8,74,2,3,2,8
6268,20,-8945572882621637753,0,1,1,77,2,6,2,11
6269,20,4090916232691099129,0,10,10,74,1,4,1,10
6270,20,2162857572101051392,0,8,8,78,2,6,4,12
6271,20,-7082559688810530905,0,15,15,69,3,4,2,10
6272,20,6861331808802478138,0,4,4,74,5,3,2,9
6273,20,7565494577100446948,0,5,5,71,2,9,6,23
6274,20,983089807334126794,0,12,12,79,1,9,5,17
6275,20,2770780456957466988,0,9,9,77,2,8,5,21
6276,20,-5064220938172561071,0,17,17,75,3,8,4,15
6277,20,-4785348473203893177,0,4,4,71,1,8,6,23
6278,20,1429735054461626313,0,15,15,70,5,3,2,8
6279,20,-1580680498855288517,0,4,4,75,1,6,3,16
6280,20,-7614440840002284255,0,11,11,70,5,4,2,10
6281,20,7056458807468864898,0,2,2,77,4,3,2,7
6282,20,546436384697401100,0,9,9,79,1,7,3,17
6283,20,5767193392060945341,0,13,13,75,5,5,4,10
6284,20,-4851650027554129130,0,11,11,69,6,4,2,12
6285,20,5684974172384430888,0,14,14,66,2,2,1,7
6286,20,3461091925985829624,0,9,9,72,1,6,4,14
6287,20,3164178345304745486,0,5,5,76,3,4,3,9
6288,20,4679892732417548844,0,13,13,71,4,6,3,14
6289,20,-8890874612195228802,0,12,12,68,5,5,3,13
6290,20,-5130726312350742334,0,6,6,70,7,5,4,14
6291,20,2548158558947858494,0,14,14,73,1,2,1,9
6292,20,-2761603608851515532,0,8,8,69,2,3,2,10
6293,20,-4647461480513402113,0,16,16,75,5,2,2,6
6294,20,4059539265776630008,0,12,12,70,3,6,2,15
6295,20,1305591813922480082,0,15,15,77,1,7,3,16
6296,20,-2847287901967885163,0,13,13,79,7,6,5,13
6297,20,-5422443408138279206,0,7,7,72,2,4,2,9
6298,20,-1159321845574572551,0,13,13,70,6,3,2,10
6299,20,-1805428554896350653,0,12,12,71,8,2,2,6
6300,20,4719536581841725000,0,0,0,76,5,10,6,29
6301,20,-7888970031501240462,0,8,8,73,3,5,3,14
6302,20,3940625214028616312,0,17,17,78,4,6,3,14
6303,20,-1649382552858394755,0,6,6,70,1,5,2,10
6304,20,-6123831177165067557,0,11,11,72,2,6,4,19
6305,20,-541192232451306787,0,14,14,69,2,3,2,7
6306,20,6046655711695554557,0,10,10,64,1,3,2,11
6307,20,1300403815033269346,0,8,8,69,4,3,2,8
6308,20,5013655975455252655,0,16,16,72,8,1,1,2
6309,20,-2486302892328935578,0,13,13,70,3,3,2,6
6310,20,-1853702741391696541,0,18,18,73,2,3,1,7
6311,20,3108361996803022149,0,14,14,74,1,7,4,16
6312,20,-6154131542100095813,0,16,16,74,1,5,1,12
6313,20,-2350379425423067636,0,11,11,68,6,5,3,11
6314,20,-2824153380059280037,0,6,6,72,2,7,4,17
6315,20,-6064740112587243409,0,11,11,78,3,6,3,22
6316,20,-3020822512754507514,0,14,14,64,3,5,4,14
6317,20,5359302698748613888,0,10,10,69,6,3,2,6
6318,20,-3456665012530995992,0,10,10,69,1,4,2,10
6319,20,-1689373920458635106,0,5,5,75,8,5,4,13
6320,20,-125705525645481168,0,12,12,75,7,3,1,8
6321,20,-4788509831950149077,0,12,12,78,3,7,4,16
6322,20,-1430565568168504862,0,6,6,73,3,4,2,11
6323,20,-69354507728337023,0,15,15,73,1,4,1,10
6324,20,-3311928462681525526,0,12,12,73,7,2,1,8
6325,20,-5607489996227297883,0,11,11,77,1,4,2,10
6326,20,-5225694354750998157,0,12,12,77,4,3,2,7
6327,20,1233609749307938877,0,14,14,78,1,4,1,11
6328,20,404727620166740089,0,12,12,81,1,4,1,14
6329,20,6062406333774062655,0,13,13,77,2,3,1,12
6330,20,1908189954416131740,0,9,9,64,2,5,2,16
6331,20,-3810105496274183701,0,11,11,73,5,3,1,8
6332,20,-381845244940336329,0,12,12,72,4,3,2,7
6333,20,683079558703120890,0,8,8,78,3,6,3,14
6334,20,4107721558933639345,0,8,8,73,5,8,5,23
6335,20,-1780045650332567017,0,3,3,74,2,8,3,21
6336,20,-4601482896476131310,0,15,15,74,2,4,2,8
6337,20,-4608465686372643698,0,12,12,76,7,4,3,9
6338,20,3363124830034352601,0,16,16,74,2,3,2,6
6339,20,6629193290706161475,0,11,11,71,3,4,3,11
6340,20,-7280623091298832372,0,9,9,69,7,3,2,9
6341,20,-7521687805538845212,0,18,18,80,2,7,4,19
6342,20,-5008652639524715121,0,9,9,72,4,3,1,6
6343,20,2780684057434243938,0,8,8,62,2,7,5,21
6344,20,-3960450516044085575,0,16,16,75,5,3,1,6
6345,20,-4040795996619905380,0,8,8,72,1,5,3,12
6346,20,872801696528488228,0,5,5,72,1,7,4,20
6347,20,3545810969878826589,0,12,12,68,2,3,1,12
6348,20,3744016950867261636,0,4,4,75,3,5,2,9
6349,20,-5642121025603268472,0,9,9,77,1,6,2,17
6350,20,1105916634810847290,0,16,16,82,1,3,1,6
6351,20,-6493793510161989486,0,1,1,76,2,4,2,12
6352,20,6398423307781560938,0,1,1,74,6,10,7,27
6353,20,-2133036186767822545,0,5,5,78,3,6,2,18
6354,20,-4263781372564412598,0,14,14,71,6,6,4,13
6355,20,2137836381033585999,0,11,11,71,1,4,1,6
6356,20,-4625045238633320963,0,17,17,72,2,8,6,18
6357,20,8241404987477339211,0,3,3,80,1,7,4,13
6358,20,8138905109323075103,0,14,14,73,6,2,1,4
6359,20,9136051792121824603,0,11,11,76,2,4,2,12
6360,20,-189476271360470430,0,2,2,78,2,5,3,11
6361,20,-8242607476384438709,0,18,18,77,1,8,4,28
6362,20,-6018360408265226151,0,7,7,73,2,3,1,8
6363,20,641645776336957806,0,15,15,73,5,2,2,4
6364,20,6593680945411473811,0,15,15,76,3,5,3,11
6365,20,2833879002468656850,0,7,7,76,3,4,2,15
6366,20,-6020543612929306132,0,14,14,76,2,4,2,9
6367,20,219184944789077173,0,7,7,81,1,7,4,17
6368,20,-432402447061524705,0,13,13,72,1,6,2,18
6369,20,-3387273701498254538,0,12,12,79,4,5,3,13
6370,20,7583428314268128670,0,7,7,73,9,5,5,11
6371,20,-4985922630980452529,0,11,11,75,1,8,6,21
6372,20,7557446014425863845,0,11,11,75,5,5,3,8
6373,20,7897973959459490050,0,16,16,76,1,5,2,16
6374,20,-6414847654350015604,0,19,19,67,6,3,1,10
6375,20,639103955127154898,0,11,11,79,3,7,4,15
6376,20,9199233854282435164,0,11,11,70,1,5,3,16
6377,20,166764462337097844,0,13,13,68,1,5,3,9
6378,20,4870397158707484581,0,16,16,71,8,3,2,8
6379,20,6550069989208558278,0,11,11,76,2,5,3,12
6380,20,8777791888363786638,0,4,4,76,9,3,3,5
6381,20,3865911876923383552,0,9,9,66,3,4,2,12
6382,20,-7403969994736345043,0,11,11,75,1,5,3,9
6383,20,6298001727927337768,0,13,13,79,1,12,7,28
6384,20,3400943081564391193,0,13,13,75,4,3,2,6
6385,20,2810620582199628235,0,3,3,67,2,4,2,8
6386,20,3888541151628481596,0,11,11,76,1,7,4,19
6387,20,-8348767468483496215,0,8,8,70,2,4,2,16
6388,20,-7673040687485327379,0,6,6,74,2,4,2,9
6389,20,2891467624512981040,0,13,13,71,1,4,3,11
6390,20,-6661489156169143747,0,7,7,75,2,5,3,9
6391,20,4330367811654446189,0,13,13,77,3,7,4,18
6392,20,-7636971244538134128,0,10,10,76,2,6,4,14
6393,20,-8450309929070066113,0,11,11,74,8,2,2,8
6394,20,9030623793812676207,0,4,4,74,4,3,2,6
6395,20,5634587116289447437,0,11,11,75,3,4,1,15
6396,20,-6273142533112598371,0,2,2,78,4,6,3,17
6397,20,2631373113662146361,0,15,15,73,5,5,3,13
6398,20,-7268959923186525849,0,16,16,75,4,3,2,10
6399,20,-7914462312558404459,0,15,15,72,2,3,1,7
6400,20,-7601308736381931712,0,9,9,70,2,2,1,5
6401,20,7222284735823147029,0,8,8,81,1,4,1,7
6402,20,-6081143110644242804,0,14,14,69,4,4,2,8
6403,20,958234783869516230,0,12,12,77,2,3,1,10
6404,20,3704181571133469628,0,9,9,74,2,5,3,9
6405,20,-3280840459255672321,0,10,10,69,4,7,5,29
6406,20,3596545072734894746,0,3,3,70,1,4,2,10
6407,20,-4248920023057685803,0,10,10,76,7,3,2,8
6408,20,-1364093859866698011,0,4,4,72,6,3,1,7
6409,20,-6813275044859675437,0,9,9,69,1,5,2,12
6410,20,9011394315672750624,0,15,15,75,3,4,3,10
6411,20,-8535303989755690262,0,10,10,73,2,4,1,9
6412,20,-9203751169223853402,0,12,12,83,4,5,4,7
6413,20,9145232293608366502,0,5,5,81,3,10,7,25
6414,20,-2755909027259469822,0,9,9,66,1,5,3,11
6415,20,-7579866469093964381,0,6,6,70,4,4,2,10
6416,20,4809073189457479805,0,13,13,73,9,1,1,3
6417,20,3739081520393864510,0,10,10,77,1,8,4,28
6418,20,-1047044184316648457,0,16,16,77,1,5,2,9
6419,20,9135535097103954318,0,7,7,74,8,2,2,4
6420,20,-84328439316963334,0,8,8,68,5,3,1,7
6421,20,-4758549162289315179,0,5,5,72,7,2,1,5
6422,20,281935032596775180,0,16,16,76,3,7,5,14
6423,20,-5494370172429774158,0,9,9,73,1,5,3,12
6424,20,9117654233104620868,0,6,6,75,2,3,1,8
6425,20,8523128087353367898,0,8,8,75,2,2,1,6
6426,20,7659482896752974879,0,15,15,79,5,4,2,5
6427,20,3885582366320325895,0,13,13,73,2,4,2,8
6428,20,-8554232713578193005,0,3,3,71,1,6,3,14
6429,20,-8464250090887977873,0,16,16,74,3,4,2,8
6430,20,-7059943069254948252,0,10,10,73,3,4,2,9
6431,20,6613699780738035449,0,12,12,75,3,4,1,6
6432,20,5070935614204106679,0,15,15,68,2,4,3,10
6433,20,-8901467257898802068,0,5,5,75,1,4,1,10
6434,20,-3554366483156371484,0,7,7,83,1,5,2,12
6435,20,7557450780339993577,0,14,14,67,2,7,5,16
6436,20,-6059248787541662064,0,10,10,84,1,4,1,13
6437,20,-2536435259249939941,0,12,12,76,4,3,1,6
6438,20,-1338308913592930823,0,13,13,80,2,5,1,9
6439,20,-6124636081739929940,0,0,0,76,6,8,6,11
6440,20,-2256774315485705325,0,12,12,70,6,10,8,25
6441,20,-7019408830267566854,0,2,2,72,3,6,4,17
6442,20,-698122042279417388,0,10,10,72,2,5,2,14
6443,20,2445014142964696074,0,15,15,77,1,6,3,15
6444,20,4418309861305738060,0,7,7,72,1,4,2,10
6445,20,-1128287053348488772,0,2,2,73,3,5,3,14
6446,20,3018566265370141431,0,10,10,77,4,7,5,18
6447,20,5347290812355755328,0,9,9,73,5,3,2,9
6448,20,-1758236773213129258,0,8,8,73,5,2,1,6
6449,20,-1115837108980788024,0,6,6,72,4,8,6,19
6450,20,-2572672986041015877,0,10,10,71,5,3,2,6
6451,20,9197356226569071231,0,10,10,76,1,5,3,14
6452,20,-2818955568633916059,0,11,11,76,3,4,3,10
6453,20,-5540250829455684424,0,18,18,75,3,5,3,15
6454,20,8699030183608223180,0,14,14,82,1,5,3,11
6455,20,-8038459675215020694,0,13,13,75,3,4,2,5
6456,20,9141530868561153212,0,11,11,80,4,5,3,14
6457,20,6238015752170357980,0,11,11,76,4,4,3,6
6458,20,6540754085748661416,0,11,11,76,7,3,2,11
6459,20,-8770817421156648036,0,16,16,73,5,7,5,20
6460,20,886588823392705975,0,9,9,72,1,5,2,13
6461,20,1595959419276345269,0,10,10,71,4,2,1,8
6462,20,2974344868322183203,0,10,10,83,3,4,2,11
6463,20,6814026660460235040,0,6,6,78,3,14,10,29
6464,20,-193890295992496189,0,19,19,73,1,4,2,13
6465,20,-541828633806450310,0,13,13,74,2,7,3,24
6466,20,8106987301467698405,0,17,17,66,4,4,2,8
6467,20,7478856094284727031,0,10,10,81,3,8,4,15
6468,20,5283708416887492193,0,15,15,73,4,4,3,9
6469,20,4110103642295919254,0,4,4,74,1,7,3,20
6470,20,6041750026075136234,0,11,11,75,6,3,2,11
6471,20,4453596543394982294,0,15,15,68,2,6,4,15
6472,20,4252605613913986983,0,9,9,77,5,2,1,3
6473,20,-3197611938382855641,0,10,10,76,4,5,3,10
6474,20,5863576326611317249,0,4,4,67,2,4,2,14
6475,20,-1497508776347018395,0,10,10,74,5,1,1,1
6476,20,-1401049971900663106,0,11,11,70,5,1,1,3
6477,20,-6255857905910593407,0,15,15,75,6,7,4,16
6478,20,4319696225893653582,0,11,11,70,2,3,1,8
6479,20,-8474938179751026879,0,0,0,68,1,8,5,21
6480,20,-784981912583395739,0,17,17,69,3,2,1,5
6481,20,-8248533521011324502,0,16,16,69,2,6,3,15
6482,20,-4417765278900496183,0,14,14,78,1,6,3,11
6483,20,-2543222696851816710,0,4,4,71,4,7,4,19
6484,20,-1551758620425566356,0,12,12,73,1,6,4,21
6485,20,3299449840829847515,0,3,3,79,3,5,3,12
6486,20,1657449441501326269,0,8,8,74,2,5,2,12
6487,20,-5540873334846262826,0,6,6,76,3,4,2,9
6488,20,-564640578573945030,0,10,10,72,1,6,3,15
6489,20,2856374471429150213,0,9,9,71,3,3,1,9
6490,20,-8900618122138682551,0,6,6,77,1,6,2,14
6491,20,-5838358670548265204,0,10,10,80,1,8,5,22
6492,20,-900242897189537208,0,4,4,77,5,3,1,7
6493,20,-2762778157858956727,0,8,8,79,1,4,2,7
6494,20,1757840756608087522,0,15,15,79,7,4,2,6
6495,20,-2956633599254757302,0,5,5,81,6,7,4,17
6496,20,166778782481108644,0,16,16,78,1,3,1,6
6497,20,7880016280418672767,0,14,14,79,1,4,2,10
6498,20,-3992622209205499697,0,12,12,73,2,4,2,12
6499,20,-5235624390672446416,0,12,12,74,6,2,1,7
6500,20,2333726856680196719,0,5,5,72,2,5,2,10
6501,20,6609290821602430128,0,14,14,74,4,5,3,8
6502,20,-2021961812602198356,0,14,14,76,2,5,2,10
6503,20,5320100905407369427,0,12,12,64,4,7,5,18
6504,20,-8219557756926440865,0,7,7,74,7,2,1,3
6505,20,3842758794459037084,0,11,11,77,4,7,4,21
6506,20,-522829497823175192,0,14,14,71,2,3,2,8
6507,20,-5964941430329731525,0,5,5,76,6,3,2,9
6508,20,8608642250726322238,0,12,12,66,2,2,1,5
6509,20,-4082193109049462987,0,15,15,71,2,9,6,28
6510,20,-4055328732645081273,0,10,10,75,5,6,5,13
6511,20,-3959678094098652956,0,5,5,76,7,3,1,10
6512,20,-721555319091367575,0,4,4,68,6,4,3,12
6513,20,-3529344046974210782,0,10,10,70,5,2,1,6
6514,20,5507785933117559904,0,12,12,73,2,3,1,7
6515,20,6209896591269186625,0,13,13,72,3,3,1,12
6516,20,-2571042235767360175,0,11,11,71,6,3,2,7
6517,20,5578325817525654845,0,17,17,78,3,6,3,19
6518,20,6797604789308614175,0,5,5,74,1,9,5,29
6519,20,7576609640308995380,0,11,11,69,3,2,1,5
6520,20,-6553749061910936579,0,12,12,74,1,3,2,4
6521,20,3858159483366664726,0,1,1,73,7,3,2,9
6522,20,-1170688815392271547,0,6,6,75,3,3,2,7
6523,20,-8683848362270542696,0,8,8,70,5,3,1,11
6524,20,4208043183496004743,0,15,15,71,2,10,7,27
6525,20,-6978849411751004819,0,8,8,71,7,3,2,6
6526,20,8828576232828434147,0,8,8,75,1,8,4,20
6527,20,-8826382420338775624,0,11,11,78,2,6,3,15
6528,20,4605195787908893595,0,9,9,75,2,5,2,7
6529,20,-2251906529131201861,0,12,12,70,4,2,1,8
6530,20,-4894618359258898717,0,15,15,81,3,6,3,7
6531,20,-1860648789152328492,0,19,19,73,3,4,1,14
6532,20,-296538530975565317,0,13,13,76,3,3,2,3
6533,20,-884178527955404374,0,14,14,65,2,3,1,10
6534,20,9019806043652674175,0,7,7,72,1,3,1,12
6535,20,4257082032488907171,0,7,7,77,2,2,1,8
6536,20,-225993107119805699,0,18,18,71,4,2,1,8
6537,20,5591261552765370521,0,1,1,70,5,4,3,9
6538,20,-4348525423715473208,0,9,9,78,3,8,5,15
6539,20,1054935955809649100,0,9,9,73,2,8,6,22
6540,20,2136350858560451339,0,7,7,76,3,14,11,32
6541,20,-1610004974600057063,0,15,15,78,1,8,6,11
6542,20,8557982560135409440,0,0,0,80,4,5,1,10
6543,20,3968425851119073132,0,12,12,79,1,7,4,14
6544,20,-7449539087517536734,0,13,13,76,3,6,5,10
6545,20,-7582812960976156558,0,12,12,75,2,2,1,6
6546,20,3538391707891277760,0,16,16,76,5,4,3,7
6547,20,916086530633428883,0,18,18,75,2,5,3,12
6548,20,8168148683640151636,0,12,12,71,4,5,3,15
6549,20,-4835996987086572001,0,15,15,73,2,5,3,12
6550,20,-5394641345738397645,0,3,3,72,3,7,4,21
6551,20,-2110018276607914810,0,10,10,76,1,5,3,14
6552,20,-7361002925155313082,0,2,2,78,1,10,6,22
6553,20,-5290600364256273843,0,9,9,75,2,3,2,9
6554,20,4307581651962036185,0,12,12,68,1,4,2,16
6555,20,5570465519410086271,0,7,7,73,3,6,4,10
6556,20,-2397633035455853646,0,8,8,70,1,7,4,20
6557,20,-8449879366095465888,0,4,4,80,2,4,1,15
6558,20,-7012337168497111451,0,7,7,77,3,4,2,5
6559,20,3818717169274575528,0,14,14,81,4,4,2,11
6560,20,-3142390708676100634,0,8,8,70,1,5,3,16
6561,20,5412932705315604847,0,15,15,76,2,5,2,15
6562,20,3604080468316283488,0,12,12,73,4,4,2,8
6563,20,8252386195733895716,0,10,10,70,1,2,1,6
6564,20,-5410345147451327420,0,16,16,70,6,2,2,4
6565,20,-7167162461183722813,0,14,14,80,6,6,4,17
6566,20,-290715296867108957,0,6,6,73,3,6,4,9
6567,20,-5518951756868345529,0,3,3,69,3,10,7,22
6568,20,6708094722987901120,0,7,7,71,4,7,4,22
6569,20,-742903599466052516,0,6,6,76,1,3,1,6
6570,20,-2716394787018650143,0,15,15,72,5,1,1,2
6571,20,-5525114281779221672,0,17,17,72,3,2,1,3
6572,20,6705372245716103781,0,8,8,72,6,3,2,9
6573,20,-1002817655679760020,0,10,10,63,6,2,1,6
6574,20,1199506114454130459,0,14,14,74,3,3,2,8
6575,20,7693015099361990678,0,12,12,77,1,3,1,8
6576,20,6865190721130640336,0,13,13,79,3,5,1,10
6577,20,-5873811883491154727,0,12,12,71,3,7,5,13
6578,20,-6030305281040742871,0,1,1,74,1,8,5,17
6579,20,-5788878044906928592,0,12,12,74,5,4,2,7
6580,20,-78021646183644749,0,8,8,77,2,5,3,13
6581,20,-8875930592314233921,0,12,12,75,1,4,2,11
6582,20,2657330421904090424,0,5,5,73,2,4,2,9
6583,20,-1660776018498306612,0,15,15,74,1,8,5,19
6584,20,-8874229485787487916,0,14,14,87,1,4,2,8
6585,20,-6517744531765411860,0,14,14,73,1,4,3,7
6586,20,-6712451290290103225,0,13,13,72,3,3,1,10
6587,20,-2147985218408617215,0,9,9,75,1,5,3,12
6588,20,-1676751347495936245,0,15,15,78,4,5,2,15
6589,20,-229700841347485085,0,9,9,76,4,6,3,14
6590,20,6920892088606850985,0,13,13,75,1,6,3,13
6591,20,-9166917732960819108,0,16,16,84,2,4,1,11
6592,20,-2156254379768685369,0,11,11,67,5,4,2,12
6593,20,-8502893574744558118,0,12,12,71,5,4,3,7
6594,20,-6366400838174802299,0,5,5,76,3,6,4,15
6595,20,1760596104547539295,0,16,16,75,1,5,3,13
6596,20,-3809349956707422070,0,10,10,71,7,4,2,8
6597,20,-3425608248553594565,0,5,5,75,5,6,3,13
6598,20,1579579517457951065,0,15,15,73,3,3,1,10
6599,20,6974638784921457917,0,17,17,73,1,6,2,16
6600,20,-7639199593065671960,0,12,12,72,4,4,3,10
6601,20,5801518215236682279,0,8,8,76,1,2,1,6
6602,20,-2728930597977175949,0,9,9,70,2,5,2,11
6603,20,-7313382757216526304,0,14,14,66,1,8,5,26
6604,20,1893188604441353613,0,8,8,74,3,6,2,18
6605,20,577162459043954542,0,19,19,70,1,7,4,11
6606,20,-1788054137932332425,0,8,8,73,6,5,3,16
6607,20,5050534715864578084,0,7,7,74,5,2,1,6
6608,20,-8042907478210864716,0,14,14,71,1,5,2,9
6609,20,-3309181668478350440,0,15,15,78,5,5,4,11
6610,20,3600206491028820700,0,15,15,75,3,8,7,12
6611,20,-1488702439730565799,0,11,11,70,3,7,5,18
6612,20,2668152208387415728,0,9,9,81,4,3,2,7
6613,20,2147638013060949855,0,13,13,83,1,7,4,15
6614,20,6223471976427573358,0,9,9,71,4,5,2,9
6615,20,-3154719937000649340,0,10,10,75,2,6,3,13
6616,20,3354255474468192359,0,14,14,74,3,3,1,9
6617,20,-2593701209544100813,0,16,16,79,4,8,5,15
6618,20,4510302531539370958,0,15,15,68,1,4,2,14
6619,20,5362390808560115294,0,14,14,72,3,4,2,8
6620,20,-5520006354500416047,0,14,14,76,2,6,3,14
6621,20,-5453869997395306827,0,12,12,73,5,3,3,3
6622,20,-5609371743141982739,0,10,10,76,2,5,2,10
6623,20,-2664077329623226348,0,19,19,75,3,8,5,19
6624,20,-6949231561378816130,0,8,8,68,6,2,1,6
6625,20,-8486384382929934020,0,11,11,72,4,9,7,18
6626,20,332306518298254997,0,17,17,72,8,4,3,8
6627,20,6920033656181018565,0,8,8,74,1,4,1,9
6628,20,4395357058985440781,0,10,10,77,5,2,1,4
6629,20,1939597624276713043,0,0,0,77,4,7,3,17
6630,20,8509832673156987616,0,11,11,70,3,5,3,14
6631,20,1409440893871030791,0,10,10,76,2,9,7,20
6632,20,4700979809578838198,0,8,8,73,1,4,1,8
6633,20,348215225511899960,0,11,11,74,3,3,2,7
6634,20,4182282382922273726,0,15,15,66,2,5,2,16
6635,20,-4823075043679523485,0,16,16,71,8,3,2,5
6636,20,630448376452981697,0,9,9,72,1,4,2,10
6637,20,-2703881741777268129,0,15,15,82,2,9,7,19
6638,20,-9027710226522608524,0,12,12,76,7,4,3,7
6639,20,2086436367258078420,0,3,3,71,5,1,1,1
6640,20,7405178872131499789,0,3,3,75,1,11,7,27
6641,20,-440711946095802898,0,9,9,78,3,9,5,19
6642,20,7097654394506924312,0,5,5,79,2,4,2,13
6643,20,1675975554576335436,0,2,2,76,2,7,4,17
6644,20,-4132993939554814838,0,14,14,76,1,5,3,10
6645,20,-4421404160486057410,0,13,13,74,3,5,2,9
6646,20,-3604486014586495722,0,12,12,71,4,3,1,9
6647,20,-4440587080758378192,0,13,13,78,2,5,2,10
6648,20,4173743865832840895,0,11,11,69,6,1,1,1
6649,20,7818454660234350688,0,16,16,69,2,5,3,13
6650,20,-8339667765412245074,0,14,14,76,5,5,3,13
6651,20,7712349197050218711,0,2,2,69,1,4,2,8
6652,20,8408771914162759493,0,6,6,86,2,4,2,9
6653,20,3526968572639641750,0,11,11,79,1,4,2,12
6654,20,7867756709358845043,0,14,14,71,6,2,2,4
6655,20,-3247409838138527986,0,16,16,68,9,1,1,3
6656,20,-6343867086011286199,0,12,12,71,4,9,7,27
6657,20,-5605199291285615403,0,6,6,73,2,4,2,7
6658,20,-5821226984093471283,0,12,12,76,5,2,1,4
6659,20,7767103107351100055,0,11,11,73,1,9,6,15
6660,20,-6916094511404471282,0,8,8,75,1,9,6,19
6661,20,-8454790424080047286,0,16,16,72,1,3,1,6
6662,20,1819280323014999928,0,9,9,78,5,4,2,11
6663,20,1488165758463888805,0,18,18,70,3,5,4,13
6664,20,-8420275317132129943,0,17,17,74,2,8,4,21
6665,20,-5220673799016148782,0,13,13,69,2,4,2,12
6666,20,-1248204809416283389,0,11,11,78,3,7,4,14
6667,20,-1457511402210189215,0,14,14,72,1,5,2,12
6668,20,5984424237870527555,0,15,15,74,2,7,4,15
6669,20,2480867626271482752,0,9,9,74,1,5,3,12
6670,20,-8191095385621024686,0,10,10,71,1,10,7,19
6671,20,1976323199739562857,0,13,13,76,2,6,3,13
6672,20,-9086191587995147493,0,8,8,74,5,3,2,7
6673,20,-1949922840576860901,0,16,16,69,5,1,1,3
6674,20,4550967193374034973,0,8,8,79,1,8,4,15
6675,20,2622051495038640716,0,10,10,74,4,3,2,10
6676,20,4748466154841850497,0,1,1,78,2,7,3,18
6677,20,187747375205578141,0,12,12,69,2,7,3,19
6678,20,7486866068847378031,0,2,2,75,2,6,3,15
6679,20,937271199435611663,0,9,9,80,2,3,1,7
6680,20,2640125995015316380,0,13,13,72,2,4,2,10
6681,20,4384397091527323061,0,15,15,76,1,3,1,9
6682,20,3527525398796558631,0,14,14,75,2,4,1,10
6683,20,582685294821595051,0,6,6,77,3,7,4,14
6684,20,421686777337313957,0,16,16,76,9,3,3,5
6685,20,6157962039598215494,0,16,16,72,1,6,2,14
6686,20,6500204671715430010,0,7,7,77,2,7,3,11
6687,20,-7277969098326257012,0,11,11,75,4,2,1,3
6688,20,-8418338581351273110,0,14,14,74,1,5,2,13
6689,20,-8346364940903020058,0,12,12,75,2,6,4,11
6690,20,-2256912487437150353,0,6,6,74,4,5,2,18
6691,20,485613186909951763,0,16,16,75,4,5,3,11
6692,20,8720447522163044812,0,7,7,79,3,3,1,10
6693,20,7210121306527768928,0,9,9,71,2,6,3,15
6694,20,-1580260210845070751,0,8,8,74,2,3,1,6
6695,20,-4909162394895213291,0,17,17,75,6,2,1,7
6696,20,5968404906832067649,0,10,10,75,1,13,9,31
6697,20,-4184064910218079182,0,12,12,72,2,3,1,8
6698,20,5667672761477450113,0,11,11,74,2,8,5,22
6699,20,-1330384577616181669,0,6,6,64,6,3,2,11
6700,20,-8999098831228912046,0,7,7,71,2,7,5,20
6701,20,7275818830640878607,0,7,7,72,5,3,1,8
6702,20,296596314410578258,0,5,5,71,2,4,3,12
6703,20,-1441219173063562976,0,9,9,83,2,4,2,7
6704,20,-7626234261879769826,0,11,11,68,1,4,2,14
6705,20,-2074416569126053281,0,15,15,75,2,10,5,22
6706,20,-7046517756683727061,0,5,5,72,1,4,2,17
6707,20,-3790126052746909034,0,11,11,72,2,6,4,13
6708,20,-1703489583704258602,0,9,9,84,1,6,1,13
6709,20,-7804284779126904134,0,8,8,72,1,5,3,13
6710,20,1470250359302825913,0,8,8,68,2,3,1,7
6711,20,-22102357174343327,0,12,12,73,5,5,4,15
6712,20,-8694641252481026497,0,9,9,77,1,9,7,17
6713,20,-2281392897547328143,0,14,14,71,4,6,3,23
6714,20,-154027907078124166,0,6,6,72,1,9,5,28
6715,20,209819412362229786,0,13,13,78,1,5,2,11
6716,20,-1471541413907196109,0,4,4,73,3,3,1,5
6717,20,5323312188301339141,0,6,6,70,5,7,5,22
6718,20,9181285339779254082,0,7,7,75,1,6,4,12
6719,20,-3511284715066071091,0,7,7,80,2,7,3,12
6720,20,-7053718424545777888,0,12,12,75,5,4,2,10
6721,20,-5736783581673092690,0,14,14,70,2,7,4,18
6722,20,4135675252003210938,0,18,18,77,3,3,1,7
6723,20,-954716192946167173,0,10,10,74,5,4,1,9
6724,20,-3143514049674484089,0,13,13,77,4,4,3,8
6725,20,1390621267095407061,0,6,6,67,4,6,5,18
6726,20,-7100681656636444964,0,15,15,78,2,6,3,12
6727,20,5053365449277379993,0,13,13,72,5,6,4,12
6728,20,-8466716983889852290,0,10,10,78,3,4,2,13
6729,20,4603739891699545754,0,6,6,73,1,4,2,12
6730,20,3949861322916358777,0,2,2,66,1,8,5,23
6731,20,-2474331540510937969,0,6,6,80,1,5,2,8
6732,20,-6161785015497445073,0,7,7,71,5,1,1,2
6733,20,-748155777265924785,0,1,1,80,2,5,2,14
6734,20,-7389899532233583949,0,18,18,68,6,3,2,6
6735,20,-7073361687802619077,0,7,7,69,8,3,2,7
6736,20,6706657603619488855,0,8,8,75,3,4,2,12
6737,20,-2316031185912822022,0,12,12,73,6,4,2,15
6738,20,-2361929129642203773,0,14,14,75,3,9,6,16
6739,20,-365661700615538581,0,14,14,76,5,2,1,4
6740,20,-5240499489376533560,0,17,17,76,5,5,2,11
6741,20,7268455654506228439,0,2,2,67,1,4,2,11
6742,20,-3165305981623825356,0,10,10,75,2,7,4,17
6743,20,-3585344335734839194,0,16,16,76,1,7,3,11
6744,20,-7647659820527862297,0,5,5,69,2,4,2,12
6745,20,-5617603585728114476,0,19,19,73,1,9,6,25
6746,20,3785848242522845670,0,15,15,76,1,10,6,25
6747,20,-2857164141267413148,0,15,15,75,3,5,3,8
6748,20,-7037878582523868114,0,17,17,72,3,6,4,17
6749,20,-7079240107943744492,0,12,12,70,5,3,1,10
6750,20,-6024689002158757364,0,10,10,74,1,4,1,8
6751,20,8906253835716772881,0,3,3,74,3,8,5,18
6752,20,790218071822639531,0,9,9,71,2,3,2,4
6753,20,-1192287933926115987,0,10,10,79,3,5,2,8
6754,20,-7698477853752088850,0,2,2,82,1,6,3,10
6755,20,8558450680973548046,0,12,12,73,6,2,1,3
6756,20,2180769541571225984,0,8,8,80,5,3,2,5
6757,20,6821983457164504553,0,15,15,81,1,5,2,13
6758,20,-3548471568699146200,0,1,1,73,2,5,3,12
6759,20,-1462895844427588496,0,11,11,74,3,7,5,15
6760,20,-2903071520051710623,0,12,12,70,4,4,3,8
6761,20,2463663395540332873,0,17,17,77,1,7,4,19
6762,20,7960938490989119785,0,14,14,77,3,6,3,19
6763,20,-3884563309331996609,0,9,9,79,6,4,3,8
6764,20,-3847952006606570471,0,0,0,80,2,6,1,18
6765,20,4073583971904575613,0,15,15,74,3,6,3,11
6766,20,7722979178909546421,0,7,7,77,4,3,1,8
6767,20,-3816828830310689032,0,10,10,71,3,4,2,8
6768,20,-4211564087106443259,0,0,0,75,1,9,5,18
6769,20,-6090564215674704851,0,13,13,75,2,4,1,11
6770,20,-2356514664673060252,0,3,3,77,1,6,4,10
6771,20,-8806053781474842356,0,15,15,73,1,4,1,7
6772,20,5751503270677149079,0,11,11,68,3,6,4,14
6773,20,-1129956919488518349,0,12,12,71,1,6,3,20
6774,20,-859976995233259744,0,15,15,75,7,3,1,6
6775,20,-3822390218889420705,0,9,9,73,1,3,2,9
6776,20,-2338994330477469228,0,16,16,77,1,7,2,14
6777,20,3387105317293476127,0,13,13,73,4,5,3,11
6778,20,802568019877259691,0,16,16,71,2,5,2,11
6779,20,6845928343984054986,0,9,9,86,2,8,5,16
6780,20,1337102528459565271,0,14,14,79,3,4,1,9
6781,20,-6165268137152595790,0,9,9,71,4,4,3,4
6782,20,5069076997196790295,0,5,5,77,6,6,3,17
6783,20,7052699116272106649,0,13,13,66,4,5,4,14
6784,20,2410870523328025676,0,7,7,69,6,3,1,6
6785,20,-4861521771482139037,0,7,7,68,7,3,2,11
6786,20,2266317388886795084,0,15,15,74,1,6,2,19
6787,20,3248455960006032141,0,12,12,76,3,4,1,8
6788,20,4245993097946733045,0,6,6,75,1,4,2,9
6789,20,-2822905101229678883,0,3,3,69,7,4,3,14
6790,20,6629112526883000709,0,18,18,68,2,5,4,13
6791,20,3924286418216408795,0,11,11,62,4,3,1,9
6792,20,8329692393670527529,0,11,11,72,3,5,3,10
6793,20,-3405617769891594881,0,8,8,78,1,4,1,10
6794,20,5454596815497994451,0,16,16,69,2,2,1,6
6795,20,-7950808765743092053,0,15,15,86,4,5,3,10
6796,20,9006095484768833104,0,9,9,84,3,6,2,9
6797,20,2651227298693394138,0,11,11,71,3,8,6,17
6798,20,-1589468983193746535,0,11,11,82,4,3,1,7
6799,20,-83497801078337126,0,10,10,80,1,4,2,7
6800,20,7218327104449574760,0,16,16,75,1,11,5,25
6801,20,-8765810276409322697,0,6,6,73,3,3,1,14
6802,20,3266344459039504654,0,15,15,78,3,3,1,5
6803,20,1245503742002158008,0,6,6,72,3,3,2,10
6804,20,3412042206902410371,0,16,16,72,1,5,2,12
6805,20,-3624954176240742129,0,17,17,75,3,5,3,7
6806,20,-8476725951372831810,0,11,11,68,1,5,3,14
6807,20,-2532408000513010037,0,8,8,72,2,5,3,16
6808,20,5719830471665486151,0,11,11,78,3,4,2,8
6809,20,-8031245669146122352,0,0,0,82,5,9,6,23
6810,20,8118318895309426697,0,5,5,69,1,3,1,8
6811,20,-4214677093413501046,0,12,12,71,3,6,4,12
6812,20,-9154964863365743508,0,1,1,79,1,3,1,5
6813,20,3840708987361055007,0,10,10,73,1,4,2,9
6814,20,6080614649263749795,0,17,17,69,1,6,4,19
6815,20,-9202234127419644253,0,14,14,76,1,7,4,21
6816,20,-1796134517261404607,0,6,6,75,1,5,2,14
6817,20,-2911390501685037615,0,12,12,78,4,5,2,15
6818,20,-6366646865368471790,0,10,10,71,5,2,1,7
6819,20,1263445215885148854,0,17,17,73,1,5,3,15
6820,20,-2385143605999593688,0,8,8,78,3,4,1,10
6821,20,-7855557795921613328,0,3,3,77,2,5,2,9
6822,20,156298144300561971,0,8,8,84,1,8,5,13
6823,20,-7482532287316973032,0,12,12,75,1,7,4,17
6824,20,5413797138589404694,0,15,15,76,1,6,3,13
6825,20,-3400434407382969220,0,5,5,68,1,9,6,33
6826,20,-7530466342889067338,0,12,12,80,1,6,3,16
6827,20,169171661829137681,0,4,4,73,2,6,2,11
6828,20,-2626278414033414380,0,12,12,69,2,5,3,15
6829,20,477932377373305255,0,17,17,69,7,4,3,9
6830,20,459036194479298973,0,5,5,76,3,6,3,19
6831,20,6625920551310524510,0,11,11,76,2,5,2,12
6832,20,2551542348156537280,0,10,10,76,3,6,3,12
6833,20,-1534656769159690920,0,13,13,69,6,5,4,17
6834,20,9097596660822002881,0,17,17,74,1,6,3,16
6835,20,4856320538725312431,0,2,2,71,3,2,1,5
6836,20,2857999509719562189,0,9,9,80,3,5,3,12
6837,20,-8908573278475282007,0,14,14,76,2,3,1,8
6838,20,3603768957432978765,0,13,13,75,4,8,5,21
6839,20,3888698353893888042,0,12,12,79,3,4,2,8
6840,20,7808786049264769918,0,10,10,74,6,7,5,22
6841,20,-6451665540409014935,0,3,3,69,1,7,5,23
6842,20,1241330096867917889,0,8,8,76,1,5,1,16
6843,20,-3404672415432445209,0,8,8,79,3,6,3,16
6844,20,7976442134289176111,0,7,7,71,2,2,1,9
6845,20,5908256985939211931,0,16,16,71,6,2,1,9
6846,20,-3765952735375446288,0,2,2,76,4,2,1,3
6847,20,-2911750956599863439,0,14,14,77,7,4,2,5
6848,20,-1777693691748581684,0,5,5,78,1,8,5,13
6849,20,4012198056535760117,0,12,12,79,3,3,1,8
6850,20,3840015420671499650,0,14,14,80,4,3,1,8
6851,20,-3472102091348218293,0,6,6,79,2,6,3,13
6852,20,2830832866158690392,0,11,11,72,1,4,2,11
6853,20,1097087391762132066,0,3,3,78,4,3,1,7
6854,20,4139715160081056115,0,14,14,76,2,4,1,10
6855,20,4658330259389430633,0,11,11,77,1,8,6,23
6856,20,6872367927578658920,0,10,10,68,4,5,2,14
6857,20,-4373200003401617535,0,10,10,75,5,4,2,7
6858,20,-5611716908090365934,0,4,4,74,3,5,3,10
6859,20,4000782004961628339,0,17,17,77,3,4,3,13
6860,20,-6281258154114841179,0,15,15,76,2,3,1,10
6861,20,-9101532248687597021,0,18,18,72,1,4,1,10
6862,20,-7107961459230270205,0,11,11,73,2,8,5,22
6863,20,-9027089431349667706,0,6,6,72,1,7,5,13
6864,20,3738323032234309198,0,12,12,71,3,8,4,23
6865,20,-7569981669947700271,0,5,5,77,9,1,1,5
6866,20,7010901306384163006,0,3,3,75,2,5,4,15
6867,20,3535535974376927282,0,12,12,71,3,5,3,12
6868,20,1673251421599975091,0,6,6,76,2,3,1,10
6869,20,-7084173563029556669,0,14,14,74,1,5,2,11
6870,20,532434178487922445,0,7,7,78,2,8,4,20
6871,20,5298983297418171005,0,10,10,65,6,2,1,6
6872,20,-2759273484831014981,0,14,14,77,5,5,3,10
6873,20,-1057145385231025174,0,6,6,73,2,6,3,8
6874,20,-7329220290754374254,0,16,16,76,1,6,3,16
6875,20,6495139195868631582,0,1,1,73,4,6,4,10
6876,20,-740543495495711393,0,16,16,72,3,4,2,11
6877,20,-8884256930440189337,0,14,14,72,1,4,2,5
6878,20,2018923601113324095,0,17,17,72,1,5,3,14
6879,20,8164663380919411779,0,16,16,67,2,9,7,30
6880,20,4900965029058290989,0,5,5,68,5,7,5,25
6881,20,3828766979919402257,0,15,15,70,6,4,3,9
6882,20,-2568688158416424485,0,12,12,75,4,4,3,9
6883,20,5886308251897854731,0,10,10,71,5,5,3,16
6884,20,8213648035355227334,0,6,6,78,1,7,4,18
6885,20,8266817939020229492,0,11,11,84,1,7,3,11
6886,20,5870302456906942084,0,11,11,73,6,3,2,7
6887,20,3757011939905237005,0,4,4,68,1,7,4,21
6888,20,7329685992314241120,0,6,6,76,5,3,1,8
6889,20,-6988311761726863411,0,12,12,72,8,3,2,5
6890,20,-625986623303332312,0,15,15,76,4,4,3,8
6891,20,4049193150050254544,0,11,11,75,2,4,1,9
6892,20,-5173036994942252732,0,15,15,68,3,6,4,17
6893,20,-3223483915848167025,0,7,7,72,1,6,2,13
6894,20,2615986432644116746,0,9,9,75,3,5,3,10
6895,20,-5228924907370950832,0,9,9,76,1,4,3,7
6896,20,4366999320109536337,0,11,11,72,2,5,3,11
6897,20,-2887400902898831392,0,14,14,74,3,4,2,11
6898,20,3762696049422762052,0,8,8,73,2,8,5,26
6899,20,896666702305562752,0,6,6,73,2,2,1,4
6900,20,-2203034020683642761,0,12,12,78,1,7,4,17
6901,20,-633187572122563556,0,14,14,82,4,4,2,7
6902,20,-1986264691605242817,0,10,10,67,7,3,2,5
6903,20,166328215917683394,0,11,11,71,5,4,3,8
6904,20,1661205177923558717,0,7,7,75,4,3,2,7
6905,20,-237972406758939567,0,14,14,81,1,7,3,19
6906,20,4532923349943642940,0,10,10,67,2,3,1,6
6907,20,997800644883862128,0,9,9,80,2,4,2,8
6908,20,5545109235230857532,0,6,6,70,3,3,1,5
6909,20,2623482707207466434,0,8,8,76,1,5,2,14
6910,20,-325738907599519794,0,9,9,76,4,5,3,10
6911,20,-6483222466139807145,0,14,14,70,1,3,1,8
6912,20,392160153103327394,0,16,16,69,5,3,2,9
6913,20,-873866289942100123,0,9,9,81,1,6,4,10
6914,20,-3353753672088580258,0,14,14,75,1,6,2,10
6915,20,-8268656354030868937,0,9,9,65,8,1,1,5
6916,20,8500164322003833776,0,15,15,75,3,8,5,20
6917,20,-576529042435507099,0,14,14,80,1,5,2,11
6918,20,-3635890875623565146,0,12,12,63,3,6,5,20
6919,20,-6812461829892969148,0,10,10,81,1,4,2,9
6920,20,-6329896001044677316,0,15,15,69,1,5,2,13
6921,20,3086890214222370464,0,15,15,68,2,4,2,8
6922,20,7099474953370442294,0,5,5,73,4,4,2,11
6923,20,-3079345016442078040,0,12,12,77,4,5,3,16
6924,20,-7623382767525146320,0,17,17,69,3,4,2,12
6925,20,6093199501112246569,0,15,15,72,3,3,2,9
6926,20,-7683369098856990477,0,6,6,80,2,5,2,11
6927,20,5226815956574493183,0,5,5,63,1,6,3,19
6928,20,-3800800852444841207,0,16,16,76,4,6,3,17
6929,20,1382973694287903431,0,15,15,75,5,5,3,11
6930,20,6310462049602451091,0,10,10,71,5,3,1,10
6931,20,1378584369105348057,0,10,10,68,4,4,3,8
6932,20,-6423157315195257767,0,15,15,75,3,2,1,4
6933,20,6123302073706420341,0,11,11,76,2,7,4,13
6934,20,-2528143162313000926,0,13,13,67,7,2,1,7
6935,20,4089251973895685691,0,7,7,80,1,4,2,8
6936,20,-9167231468612543675,0,12,12,70,3,2,1,6
6937,20,-476846019966117920,0,13,13,73,4,4,3,9
6938,20,8935420687452396671,0,12,12,76,1,6,4,16
6939,20,7571076388024459550,0,7,7,74,1,5,2,14
6940,20,-8030578199843315449,0,9,9,77,3,3,1,10
6941,20,-208868320055197204,0,10,10,70,5,4,2,13
6942,20,8304971746579538655,0,14,14,70,3,5,4,12
6943,20,-6655677608007244049,0,2,2,77,4,5,2,11
6944,20,-6146447224400123795,0,13,13,72,5,6,3,15
6945,20,981471343122832687,0,14,14,77,2,7,3,16
6946,20,-4745048914498870966,0,12,12,70,4,4,2,7
6947,20,-7842126101475463922,0,2,2,64,1,6,4,26
6948,20,-7243280375015785384,0,7,7,72,6,5,3,14
6949,20,-6834056585121288075,0,15,15,76,1,5,3,14
6950,20,68037614145833753,0,16,16,72,2,5,3,16
6951,20,8667731371356428367,0,11,11,78,4,6,4,15
6952,20,2702135720939849279,0,16,16,75,3,7,5,16
6953,20,-5184126437493369542,0,4,4,74,2,2,1,5
6954,20,8300658096358721406,0,4,4,74,2,7,4,16
6955,20,-4051017330176845957,0,19,19,77,2,4,1,10
6956,20,8120482420562709673,0,17,17,79,2,9,5,24
6957,20,4391011301169273395,0,15,15,82,2,8,4,24
6958,20,-7225217362254718980,0,16,16,76,3,4,2,9
6959,20,3812397130022989264,0,10,10,73,2,6,3,9
6960,20,316743226446152118,0,12,12,77,2,5,3,10
6961,20,-7983073176321215035,0,2,2,75,1,3,1,11
6962,20,-6704068867966808341,0,10,10,74,1,6,3,17
6963,20,-4868564721128223363,0,7,7,69,7,3,2,7
6964,20,4434038156872901015,0,4,4,77,4,6,4,22
6965,20,3727927744155748492,0,13,13,70,3,6,3,19
6966,20,-384455760135219722,0,12,12,67,6,3,3,8
6967,20,7589175155668582951,0,7,7,75,2,5,1,12
6968,20,-8054878843739528942,0,6,6,71,4,6,4,10
6969,20,-7515796094165946410,0,12,12,64,4,3,2,8
6970,20,2060556524965545116,0,16,16,80,2,3,1,7
6971,20,-557426749591835801,0,12,12,67,8,2,1,4
6972,20,-3878166096455078913,0,7,7,71,3,4,2,12
6973,20,3607925234358380582,0,0,0,79,2,6,3,16
6974,20,3142533322864559794,0,9,9,79,3,10,6,24
6975,20,3715200566331475786,0,11,11,74,2,5,2,15
6976,20,-439347596379573299,0,14,14,70,1,7,4,20
6977,20,8947311921218207665,0,5,5,76,1,4,1,4
6978,20,6134713057419956959,0,9,9,71,2,6,3,18
6979,20,-2525730571632079665,0,11,11,74,4,3,1,10
6980,20,-7756615832972734979,0,5,5,76,3,2,1,4
6981,20,3037912067255507172,0,13,13,72,3,2,1,6
6982,20,-1503191557749100258,0,11,11,72,4,3,1,6
6983,20,4570341963087386221,0,2,2,75,2,8,4,19
6984,20,-1033209078828735834,0,13,13,78,6,2,1,4
6985,20,2059046917952617692,0,16,16,73,1,8,5,17
6986,20,5835624817166684480,0,9,9,77,4,5,3,11
6987,20,1093496761600892042,0,8,8,71,5,4,4,10
6988,20,4552480000875834096,0,8,8,76,5,2,1,3
6989,20,-6617310393569362452,0,10,10,65,4,3,2,7
6990,20,-13917856386191001,0,8,8,68,1,6,3,17
6991,20,1303949843439337477,0,12,12,77,1,4,1,7
6992,20,-7800238331291238503,0,11,11,80,1,12,9,26
6993,20,-8671781787169756645,0,5,5,69,4,4,3,13
6994,20,1820443378441360525,0,8,8,70,3,6,4,12
6995,20,2854478280907416749,0,13,13,68,1,9,5,29
6996,20,-1647198423708846221,0,12,12,77,4,5,3,10
6997,20,-2651168030480069213,0,11,11,79,4,3,1,9
6998,20,4167887984747448571,0,13,13,75,6,6,5,12
6999,20,-6145397366937216057,0,18,18,76,4,4,3,10
7000,20,6622791744407229923,0,6,6,78,1,4,1,9
7001,20,2428817019334690163,0,12,12,74,2,7,4,23
7002,20,9083171574397058770,0,11,11,80,1,3,2,6
7003,20,-3069267974389752180,0,11,11,72,5,2,2,4
7004,20,4124156126045833572,0,17,17,72,2,4,2,13
7005,20,6926930310166487470,0,1,1,77,3,6,4,23
7006,20,-561956813120278907,0,4,4,75,2,4,2,7
7007,20,-4537409599496316760,0,17,17,71,4,5,2,12
7008,20,1184264670643517954,0,9,9,71,5,3,2,8
7009,20,-4350764338369931222,0,16,16,71,1,5,2,11
7010,20,2777221971708792669,0,9,9,77,1,5,2,15
7011,20,-2653917817768312131,0,12,12,79,1,3,1,7
7012,20,3762694856519542752,0,18,18,74,3,6,3,18
7013,20,4255239403744380658,0,12,12,77,4,4,2,12
7014,20,6055563522080611828,0,3,3,70,1,7,5,16
7015,20,3100282428303199454,0,11,11,72,2,6,4,14
7016,20,-3034730753709729358,0,9,9,70,2,4,1,5
7017,20,-1356093758398265659,0,9,9,79,2,7,3,15
7018,20,3461538559402635962,0,8,8,72,3,3,2,8
7019,20,-8104606647725631212,0,10,10,73,2,8,5,19
7020,20,3100143538556181316,0,12,12,70,3,4,1,8
7021,20,-4274967025515278956,0,0,0,82,3,8,5,13
7022,20,6019664367064508532,0,11,11,73,6,5,4,7
7023,20,3644187377470162396,0,8,8,69,1,10,6,25
7024,20,-2562806732612973583,0,4,4,77,1,7,2,17
7025,20,7178626755762053384,0,15,15,71,3,6,4,14
7026,20,-2528938056478321993,0,14,14,68,8,2,2,8
7027,20,-3881599851923011417,0,13,13,72,2,5,3,11
7028,20,6002492749345766700,0,18,18,70,2,5,2,17
7029,20,-5740339521164781319,0,11,11,72,5,2,1,5
7030,20,-4238950493792320399,0,9,9,76,1,7,3,14
7031,20,-2009519747212847015,0,1,1,80,5,5,3,8
7032,20,6331461523419881723,0,13,13,71,1,5,2,11
7033,20,-3064220011113991688,0,17,17,75,2,4,2,8
7034,20,1466558915711411809,0,15,15,68,1,6,3,16
7035,20,7366808453004519371,0,11,11,77,6,4,3,11
7036,20,-2658094746604337034,0,16,16,78,1,5,3,11
7037,20,-8551766119665722,0,9,9,73,1,4,1,10
7038,20,-6606994399931425382,0,10,10,74,3,4,2,10
7039,20,-6966031708532215734,0,7,7,70,7,5,4,17
7040,20,-5533398552955637171,0,5,5,72,2,4,2,9
7041,20,6675710725143957467,0,13,13,68,3,4,3,9
7042,20,-5465287096872205820,0,16,16,78,4,4,2,10
7043,20,-4342075602127352811,0,15,15,76,1,7,4,12
7044,20,-8592948087892530880,0,16,16,78,3,6,4,16
7045,20,-2721214004671476768,0,16,16,77,1,4,1,10
7046,20,2900202927175640283,0,14,14,81,3,3,1,9
7047,20,8275874401695752418,0,13,13,74,2,6,4,12
7048,20,3530899394762273444,0,9,9,79,1,5,1,11
7049,20,-592203924350784459,0,7,7,76,1,7,3,19
7050,20,-776620026565613778,0,4,4,76,1,6,3,14
7051,20,-1167223397464139175,0,15,15,78,2,3,1,10
7052,20,4014588569848089829,0,9,9,68,1,4,2,13
7053,20,9064169809121602156,0,5,5,74,2,3,2,9
7054,20,-2404978791177576351,0,11,11,77,6,4,2,7
7055,20,863550009832453272,0,9,9,77,5,2,2,6
7056,20,7581530042935049726,0,14,14,78,4,5,3,7
7057,20,6046424738551276492,0,9,9,73,1,4,2,8
7058,20,7212790798169937067,0,19,19,76,1,5,2,12
7059,20,6766757750413792941,0,19,19,69,2,8,6,20
7060,20,-4336386741560888830,0,14,14,72,1,4,2,9
7061,20,-4068758755358581809,0,12,12,73,3,6,3,17
7062,20,8229649492834859929,0,8,8,75,3,7,3,15
7063,20,4858540875625659679,0,9,9,79,1,5,2,13
7064,20,6182954918210709911,0,10,10,78,4,5,3,7
7065,20,9174374821567221412,0,9,9,77,2,5,3,10
7066,20,3337487191375582857,0,10,10,77,2,4,1,10
7067,20,6522028344844694630,0,15,15,71,1,4,2,11
7068,20,3707325641796483190,0,14,14,78,1,4,2,7
7069,20,573103427671413677,0,11,11,75,5,4,2,9
7070,20,-64474611437742288,0,12,12,76,1,5,2,12
7071,20,-8068879698077965458,0,9,9,73,4,5,3,16
7072,20,-2384411246051978259,0,14,14,78,2,3,1,7
7073,20,6825201911800238082,0,6,6,75,2,6,3,12
7074,20,-4202669579264223723,0,14,14,67,4,2,1,8
7075,20,-6906454743570242023,0,12,12,69,1,5,3,16
7076,20,3598265996304609628,0,10,10,72,3,4,2,9
7077,20,2211932568764545261,0,13,13,76,2,4,2,17
7078,20,1536616159430039827,0,10,10,79,5,3,1,3
7079,20,-1691241841996548166,0,17,17,76,2,6,3,18
7080,20,1706252460474987707,0,13,13,72,3,5,3,11
7081,20,-168339858386475412,0,15,15,74,3,2,1,5
7082,20,1901092711241869787,0,9,9,69,2,5,4,14
7083,20,-5180063502066553446,0,13,13,66,1,4,2,12
7084,20,3105888814777216787,0,3,3,71,1,5,3,16
7085,20,1586001912204522931,0,7,7,76,1,6,4,15
7086,20,-3835961784327111568,0,10,10,74,2,6,3,15
7087,20,-2493475918122303114,0,13,13,70,4,2,1,6
7088,20,-7151031800967009024,0,15,15,74,6,7,5,22
7089,20,1387002530979609511,0,13,13,73,8,2,1,7
7090,20,-1361938453817514583,0,15,15,72,6,4,2,8
7091,20,1121433221283621887,0,10,10,69,8,4,3,9
7092,20,-7426803405289908938,0,6,6,78,1,7,3,14
7093,20,-5265050439870265501,0,16,16,84,2,3,1,7
7094,20,9048401435234279858,0,9,9,73,3,4,2,12
7095,20,-896710932242755751,0,17,17,75,1,7,5,9
7096,20,-4222036318915832071,0,18,18,77,2,4,2,8
7097,20,6056996182710744247,0,1,1,71,5,5,4,16
7098,20,-441274994787849589,0,10,10,74,5,3,1,8
7099,20,-1566594950840061540,0,12,12,75,1,3,1,8
7100,20,6080143991645939875,0,13,13,73,4,2,1,4
7101,20,-3512102247987638620,0,6,6,70,1,9,6,23
7102,20,2874467280180944520,0,6,6,79,4,5,2,10
7103,20,-8557695769823213738,0,10,10,79,3,5,3,15
7104,20,-7476115555304827358,0,6,6,76,4,4,2,6
7105,20,7666126537628402145,0,7,7,67,1,3,1,10
7106,20,-217821214964500785,0,14,14,69,8,3,2,7
7107,20,-7225662410662146552,0,11,11,74,2,6,3,17
7108,20,-409113823637643401,0,18,18,66,5,4,2,11
7109,20,2469555840139976537,0,16,16,72,1,3,1,6
7110,20,7351135041781403101,0,10,10,75,1,4,2,9
7111,20,-3617535722730457436,0,11,11,80,2,4,2,9
7112,20,-5427826500214036680,0,17,17,82,4,5,2,14
7113,20,-5927545777219686741,0,13,13,67,8,2,2,4
7114,20,-3271816872983579135,0,8,8,78,3,6,4,17
7115,20,-5767502533211267050,0,9,9,73,1,7,5,19
7116,20,-5356605655789014770,0,6,6,78,1,6,2,20
7117,20,4412054449360048297,0,5,5,75,3,7,3,11
7118,20,-8075747152938459168,0,5,5,70,3,4,2,10
7119,20,-7670585119291645512,0,5,5,71,2,12,9,32
7120,20,-6781778615847538632,0,8,8,71,4,3,2,12
7121,20,-968773304879451687,0,13,13,73,4,5,2,10
7122,20,3635579192911204591,0,8,8,79,1,10,7,24
7123,20,-1392551795646814757,0,7,7,77,7,2,2,4
7124,20,-32300504944335353,0,9,9,68,1,3,1,6
7125,20,-6295496786203734793,0,13,13,76,4,3,1,12
7126,20,-8704383966302705156,0,9,9,74,2,4,1,11
7127,20,1342927660557849669,0,12,12,82,5,1,1,2
7128,20,3787665557276905568,0,8,8,70,2,6,4,19
7129,20,811127667381894513,0,18,18,83,6,4,2,11
7130,20,-4012796043800265306,0,9,9,68,3,4,3,14
7131,20,6054266615838493870,0,8,8,78,2,4,2,5
7132,20,2793962751919368253,0,7,7,82,3,6,2,12
7133,20,3404415335846060521,0,16,16,80,1,6,3,14
7134,20,1899021599419414240,0,10,10,74,1,7,4,19
7135,20,-4907390383466729150,0,10,10,74,2,3,1,5
7136,20,-273209616878833620,0,4,4,76,1,3,2,15
7137,20,-3205688540052107593,0,10,10,74,5,4,2,7
7138,20,-6172453769565188238,0,6,6,70,5,6,3,13
7139,20,-7937213413132484318,0,13,13,68,1,4,3,12
7140,20,-5818136868065684786,0,13,13,74,2,8,5,18
7141,20,3739154857433845861,0,16,16,74,3,10,7,23
7142,20,2199416652572087928,0,4,4,81,6,4,3,7
7143,20,-1531281114045971742,0,13,13,80,1,10,6,15
7144,20,-1651733115942317735,0,11,11,73,1,5,4,15
7145,20,-2392754886607847887,0,4,4,74,2,3,1,8
7146,20,7955726245549852385,0,12,12,77,9,2,2,4
7147,20,8970300406464462605,0,10,10,75,3,6,4,12
7148,20,-2685520177050156521,0,14,14,73,4,2,1,5
7149,20,5692827107184417934,0,9,9,79,2,6,3,15
7150,20,-6875736826611995151,0,13,13,80,1,8,5,22
7151,20,-496706311785428323,0,2,2,70,5,7,5,23
7152,20,-7219908903301636379,0,8,8,85,6,3,1,10
7153,20,2535716360326139811,0,7,7,79,1,8,5,21
7154,20,6863180983785382335,0,3,3,75,5,5,2,8
7155,20,-7924720819594419837,0,3,3,74,8,4,3,8
7156,20,-1475444419393199179,0,7,7,70,1,4,1,13
7157,20,-5984044489592283702,0,13,13,71,7,7,6,14
7158,20,-3558584699530360904,0,8,8,80,1,6,3,13
7159,20,-1708494004979543771,0,6,6,71,4,3,2,5
7160,20,1126332289433091340,0,9,9,70,1,6,4,19
7161,20,4142307449448595986,0,12,12,67,4,4,3,11
7162,20,-7889852724017829094,0,7,7,71,1,3,1,7
7163,20,-7270507304035831078,0,11,11,73,2,10,6,28
7164,20,-972636785144904060,0,8,8,72,5,2,1,4
7165,20,-1863495106890854722,0,3,3,85,4,3,2,6
7166,20,8849723786574898042,0,9,9,78,1,6,4,13
7167,20,-2740740390445386128,0,8,8,77,4,4,2,11
7168,20,-8048845979100079797,0,3,3,74,1,3,1,6
7169,20,829344685381558212,0,13,13,71,3,2,1,6
7170,20,-2254440543117407425,0,8,8,71,2,5,2,14
7171,20,-2575651451663975257,0,12,12,71,7,2,1,6
7172,20,4117713610091457187,0,12,12,82,2,6,3,17
7173,20,5319942963965861199,0,14,14,77,1,3,1,6
7174,20,6393988617199453732,0,2,2,78,4,3,1,7
7175,20,-2010844804099833420,0,16,16,70,6,8,7,19
7176,20,3211579567224355424,0,6,6,71,1,10,4,29
7177,20,702019275321314878,0,14,14,74,1,6,3,16
7178,20,7361155458176954,0,13,13,70,2,5,4,9
7179,20,9131970737723185087,0,8,8,75,1,5,2,12
7180,20,-7438741574753267347,0,13,13,69,4,3,2,7
7181,20,-3113216118897722717,0,13,13,76,3,11,9,27
7182,20,6193846354797070819,0,8,8,81,1,5,2,10
7183,20,641654554773811557,0,9,9,70,1,7,5,21
7184,20,1612907903277060167,0,12,12,73,2,4,2,12
7185,20,4698061505350606404,0,15,15,68,6,7,5,23
7186,20,4853077878476039000,0,8,8,73,1,4,2,8
7187,20,1862067445587868726,0,9,9,70,3,3,1,9
7188,20,5755647222949318016,0,15,15,71,2,5,4,8
7189,20,5526118398062701341,0,8,8,76,2,7,5,18
7190,20,-5826319903860576731,0,3,3,73,2,4,2,8
7191,20,6619962568499120952,0,6,6,67,4,5,3,11
7192,20,-6796935621323619267,0,13,13,79,2,6,3,12
7193,20,-1544475976138236965,0,3,3,79,1,3,1,6
7194,20,-4813627328047378904,0,1,1,73,1,6,4,17
7195,20,-8803377728540978846,0,6,6,78,1,10,7,26
7196,20,2786694655910679225,0,9,9,77,2,9,5,20
7197,20,4121600652728014435,0,14,14,80,1,5,2,12
7198,20,-6739072293342533739,0,15,15,77,1,6,2,18
7199,20,-7154657005732991966,0,17,17,69,2,3,1,6
7200,20,-3256603320055150400,0,16,16,71,3,3,1,5
7201,20,5448660360449187401,0,16,16,74,3,6,3,19
7202,20,-3893940425805539980,0,4,4,76,1,4,1,6
7203,20,7007527530170138072,0,11,11,72,2,7,4,14
7204,20,-886629147406236107,0,14,14,83,2,6,4,10
7205,20,-5479630132058826919,0,9,9,72,3,3,2,6
7206,20,-2270472213358858207,0,10,10,79,2,8,5,21
7207,20,-3358033019497392040,0,13,13,73,5,2,1,7
7208,20,-5932797431781299828,0,10,10,73,1,6,4,19
7209,20,279153766132226066,0,3,3,70,2,6,3,18
7210,20,4606901310716044236,0,14,14,73,8,3,2,11
7211,20,-1018363057680795796,0,16,16,77,1,8,4,18
7212,20,-3343809752860160432,0,9,9,73,1,6,3,13
7213,20,5204284761772346406,0,17,17,78,1,5,3,11
7214,20,2039018984157075191,0,6,6,77,2,4,2,12
7215,20,-6326522560475460784,0,16,16,67,8,3,2,9
7216,20,-5304293917505709154,0,6,6,72,3,8,5,18
7217,20,2130471372339357436,0,15,15,79,1,5,2,11
7218,20,-4058194185852313349,0,11,11,73,1,5,3,14
7219,20,5337306502998610740,0,7,7,77,2,7,4,12
7220,20,-7561489086816116055,0,5,5,76,1,7,4,18
7221,20,6582439419395319342,0,9,9,80,4,4,2,8
7222,20,6643356678110171267,0,14,14,72,3,4,2,11
7223,20,-6145098764168214594,0,8,8,75,4,3,2,4
7224,20,6104747435810606388,0,10,10,72,1,3,1,6
7225,20,8922018294034899979,0,11,11,76,5,4,2,8
7226,20,2105793042419712526,0,5,5,70,2,2,1,5
7227,20,-2609025566881901179,0,1,1,77,2,2,1,7
7228,20,7053805415215750171,0,10,10,73,1,8,6,22
7229,20,-2956711450454377962,0,2,2,69,3,2,1,9
7230,20,-1464338375992359311,0,12,12,76,2,4,1,10
7231,20,-8434767811677591657,0,13,13,80,2,6,1,13
7232,20,795043086455535050,0,7,7,72,1,2,1,4
7233,20,9160518362053538693,0,3,3,77,6,3,2,5
7234,20,4259372672040786259,0,8,8,76,5,6,6,10
7235,20,-2164361995119934988,0,17,17,77,2,4,2,8
7236,20,5056673692468954308,0,9,9,78,1,3,2,7
7237,20,1007561935445053379,0,10,10,79,2,6,2,15
7238,20,1140521641817122736,0,9,9,69,3,8,6,15
7239,20,1393504069681556496,0,4,4,81,2,5,2,11
7240,20,-5622697479160404451,0,7,7,68,5,4,2,7
7241,20,-496914887759620882,0,11,11,69,7,1,1,2
7242,20,-5736786227486054825,0,16,16,77,1,4,1,7
7243,20,5293614687119387477,0,9,9,68,4,4,2,10
7244,20,8262168273859225601,0,16,16,73,4,3,2,6
7245,20,1535994976566964825,0,8,8,76,4,2,1,8
7246,20,-2370752013713999764,0,14,14,68,8,3,2,4
7247,20,-9012254820922847841,0,1,1,72,2,5,3,9
7248,20,3007036907995404331,0,10,10,70,2,4,2,10
7249,20,-4001635212045126900,0,14,14,69,7,4,3,11
7250,20,-6741392968144001562,0,15,15,79,5,6,3,15
7251,20,187424054167897022,0,9,9,69,2,5,3,15
7252,20,6573413345328095854,0,4,4,78,1,4,2,10
7253,20,678284986403110975,0,13,13,69,2,3,1,8
7254,20,-2486223766958595566,0,10,10,80,1,3,1,9
7255,20,6803238141985033207,0,15,15,77,5,4,2,8
7256,20,3603718248593456944,0,8,8,75,3,6,3,11
7257,20,-5309668989651209245,0,15,15,69,2,7,4,19
7258,20,4307347233444749838,0,6,6,70,1,6,4,13
7259,20,-2010336293002924924,0,10,10,66,1,2,1,5
7260,20,-5007795932059422230,0,9,9,79,1,5,4,5
7261,20,-467000776615478503,0,12,12,74,1,5,2,9
7262,20,4477753185956250447,0,13,13,70,3,6,4,13
7263,20,-51800846807073265,0,1,1,76,3,5,3,11
7264,20,6453889492667094953,0,9,9,76,1,4,1,10
7265,20,7901693522434984120,0,12,12,74,5,6,4,13
7266,20,-8603186210305342948,0,16,16,79,5,3,1,7
7267,20,-8602770157037287877,0,5,5,77,3,6,3,16
7268,20,8910356790567798160,0,12,12,75,3,5,2,13
7269,20,8194495934737127371,0,10,10,74,3,4,1,9
7270,20,-1496825066887282672,0,8,8,71,1,8,5,26
7271,20,7634809687569293851,0,10,10,75,2,7,3,19
7272,20,3921374843813230420,0,8,8,72,4,3,1,4
7273,20,-6469079932266709487,0,11,11,71,3,5,2,17
7274,20,174457471790389916,0,7,7,77,2,6,3,15
7275,20,-3478199258393624391,0,12,12,75,2,5,3,14
7276,20,-2502221533090951746,0,14,14,69,1,4,2,14
7277,20,-2539579051006423428,0,9,9,73,2,4,2,7
7278,20,-5377605143192022654,0,8,8,81,1,6,2,11
7279,20,3742902384836619665,0,18,18,74,1,5,3,12
7280,20,6321283110136880429,0,10,10,74,2,9,6,20
7281,20,-2629353470226478158,0,14,14,74,8,4,3,10
7282,20,5432009253552667995,0,8,8,67,4,6,4,19
7283,20,-1474926323454399725,0,13,13,69,2,3,2,4
7284,20,6804208434356145169,0,6,6,74,3,3,2,11
7285,20,3932933444362447503,0,12,12,74,4,3,2,7
7286,20,5429333494388708882,0,13,13,74,2,6,4,13
7287,20,-9006114492963054300,0,18,18,74,3,5,2,7
7288,20,-6755442398688165519,0,6,6,70,1,5,1,16
7289,20,2963453208551433377,0,7,7,67,2,2,1,6
7290,20,-2691383107510531737,0,11,11,76,2,8,4,21
7291,20,2567301396006044573,0,8,8,68,4,4,3,9
7292,20,5105138830999446374,0,13,13,73,1,5,2,13
7293,20,-3984053776793888085,0,11,11,71,1,7,4,16
7294,20,-2650174771799449234,0,13,13,68,1,4,1,12
7295,20,7953717277621716171,0,12,12,70,4,5,2,11
7296,20,613137449552930206,0,15,15,78,2,8,6,17
7297,20,2693595050416047906,0,12,12,73,2,4,2,13
7298,20,-7309682396278228211,0,11,11,80,2,5,2,12
7299,20,-5279009236020541459,0,11,11,70,1,3,1,8
7300,20,-2647064549462906918,0,9,9,74,2,6,3,12
7301,20,-1633932705461239629,0,4,4,78,3,4,2,10
7302,20,9069699050033351809,0,10,10,76,1,6,3,18
7303,20,5396588012256403386,0,17,17,76,6,3,2,10
7304,20,-3491584878580734864,0,11,11,73,2,6,3,12
7305,20,-3231779442708443973,0,12,12,77,7,3,1,9
7306,20,-5063665497023726631,0,15,15,71,4,4,2,8
7307,20,-8951806386676267816,0,8,8,69,7,2,1,4
7308,20,-8152033739326492983,0,13,13,67,3,6,4,19
7309,20,-710820281994296883,0,12,12,76,2,8,4,16
7310,20,-3611677728816298631,0,16,16,76,1,3,1,7
7311,20,-6105487804772720538,0,8,8,77,3,4,2,10
7312,20,-3362643979455053340,0,11,11,79,5,7,5,20
7313,20,288181556174469680,0,8,8,75,1,6,3,15
7314,20,3461346839241585305,0,6,6,80,2,7,5,20
7315,20,7163368446781204083,0,12,12,73,2,8,3,19
7316,20,-4401214514152202542,0,11,11,80,2,5,2,9
7317,20,289765969171240542,0,16,16,72,2,5,2,13
7318,20,5394690157837541316,0,17,17,76,1,6,3,11
7319,20,2112746879777423492,0,9,9,74,2,3,1,9
7320,20,7915360602186447672,0,11,11,75,3,2,1,3
7321,20,-4353730654817857657,0,7,7,81,2,3,1,5
7322,20,-5152870727154560166,0,14,14,72,4,5,2,12
7323,20,6576406637576308754,0,1,1,78,2,8,4,17
7324,20,-1908821834434805808,0,13,13,75,2,4,2,9
7325,20,-257297102243161588,0,6,6,69,6,9,8,28
7326,20,7649489439377466382,0,13,13,74,1,9,6,18
7327,20,-1354806602765790967,0,6,6,75,1,10,6,34
7328,20,1999189876686935784,0,16,16,75,1,5,3,13
7329,20,-6536672217526593532,0,9,9,75,1,6,4,8
7330,20,4682826323671297896,0,15,15,78,3,5,3,14
7331,20,1402567088393258059,0,12,12,73,3,3,1,7
7332,20,31276440408869601,0,13,13,75,3,4,2,9
7333,20,2416844386116541370,0,7,7,70,3,4,2,13
7334,20,8493590695434870851,0,13,13,72,4,2,1,5
7335,20,8622601674129852971,0,9,9,80,5,6,3,6
7336,20,-3912247197248703311,0,6,6,85,5,4,2,8
7337,20,949498352362764844,0,18,18,72,4,4,2,9
7338,20,1222956330344924496,0,6,6,72,4,4,2,7
7339,20,4022403548026193139,0,15,15,72,1,5,3,13
7340,20,665692402253052514,0,14,14,72,2,3,2,5
7341,20,3617442476989509006,0,15,15,73,5,5,3,16
7342,20,-7249301451356997742,0,12,12,76,2,3,1,7
7343,20,-3144704241950631074,0,14,14,70,3,3,2,8
7344,20,-9121153467773461103,0,15,15,83,3,7,5,17
7345,20,-3662556609736079419,0,10,10,80,1,7,4,13
7346,20,2880432371533713633,0,10,10,74,2,5,3,10
7347,20,-5944943468729953506,0,10,10,74,3,3,1,6
7348,20,-8979493252477658641,0,8,8,79,4,6,3,14
7349,20,-6440136142964493075,0,15,15,76,2,7,3,15
7350,20,-3873406709052902809,0,13,13,69,1,5,3,16
7351,20,-2225715198610703529,0,15,15,72,2,2,1,5
7352,20,-203027351155125309,0,17,17,74,5,2,1,3
7353,20,-5800664290145874476,0,11,11,75,6,4,3,12
7354,20,-7706886146384176347,0,11,11,67,1,8,6,15
7355,20,-4167008367457638622,0,9,9,79,4,6,3,14
7356,20,5012638547677828711,0,7,7,78,4,5,3,12
7357,20,-4694743283265783172,0,12,12,72,3,4,3,8
7358,20,4923273472641420911,0,2,2,71,2,4,2,12
7359,20,-631126044700215285,0,14,14,69,5,2,1,6
7360,20,2390668769479074503,0,12,12,72,3,7,4,19
7361,20,-4076816357015313251,0,3,3,80,2,9,5,20
7362,20,-4029172019194312084,0,6,6,74,2,5,4,13
7363,20,-2756929572697507692,0,7,7,69,2,8,6,17
7364,20,8297646317723864549,0,15,15,78,1,5,2,9
7365,20,6626556248075385376,0,9,9,75,5,6,4,17
7366,20,40549216176033431,0,12,12,75,1,6,3,13
7367,20,-3178964953101629776,0,17,17,79,6,2,1,7
7368,20,-8549125721432674473,0,5,5,79,3,6,4,15
7369,20,-6829372016329769051,0,14,14,80,1,7,3,12
7370,20,2165211228828021313,0,14,14,88,3,7,4,16
7371,20,-1187151467848823224,0,6,6,78,3,5,4,9
7372,20,-374492950889750585,0,11,11,72,3,4,3,8
7373,20,-2513935803323993346,0,9,9,69,3,3,2,7
7374,20,4680720343862299404,0,6,6,78,5,3,1,7
7375,20,8959184701098070970,0,7,7,75,1,5,2,14
7376,20,-7134370167717066894,0,9,9,69,7,3,2,7
7377,20,-6164151455224676942,0,5,5,74,1,7,3,17
7378,20,2958961717271323505,0,7,7,78,3,2,1,5
7379,20,6917335364402269781,0,12,12,70,9,2,2,6
7380,20,3111330924439092394,0,6,6,77,1,4,2,7
7381,20,8737059629708277627,0,2,2,77,2,7,4,15
7382,20,-216340670676958917,0,12,12,66,4,5,3,14
7383,20,2839655924166890206,0,3,3,78,1,4,2,10
7384,20,-2821671533295685036,0,13,13,72,1,6,3,20
7385,20,7743415998293375176,0,10,10,78,4,4,1,6
7386,20,8460921312691158026,0,8,8,74,1,5,2,15
7387,20,-7492678950465958387,0,6,6,68,6,4,2,12
7388,20,3374537075401586283,0,4,4,69,3,3,1,10
7389,20,-3554785864684323524,0,3,3,77,2,7,4,15
7390,20,106418878958429138,0,8,8,68,1,8,4,20
7391,20,8417228662732738321,0,4,4,77,2,5,2,11
7392,20,4682839199970558075,0,8,8,71,4,4,2,11
7393,20,7721586812653426221,0,17,17,77,4,5,3,7
7394,20,-3714442930175461543,0,13,13,68,4,2,1,6
7395,20,7392758629289370120,0,12,12,80,6,2,1,3
7396,20,-9207833865886052314,0,14,14,71,2,2,1,8
7397,20,-6825525183445144282,0,7,7,67,5,2,1,5
7398,20,-1822640453930325316,0,13,13,64,2,3,1,8
7399,20,8901496049011112584,0,6,6,76,5,3,1,8
7400,20,3118884524368092067,0,11,11,64,3,4,2,15
7401,20,-3020310274542430619,0,8,8,72,6,4,3,11
7402,20,3914770260994604522,0,7,7,75,1,7,4,17
7403,20,9090333034011962905,0,13,13,69,5,3,2,7
7404,20,-6424213831829926342,0,13,13,75,4,6,5,9
7405,20,48887359138919261,0,14,14,79,1,8,5,20
7406,20,4475312855061226279,0,13,13,76,4,5,3,14
7407,20,8664268228444864185,0,12,12,81,1,3,1,7
7408,20,-3209355659801684279,0,16,16,69,3,5,3,16
7409,20,4735288797576766774,0,6,6,73,3,7,4,11
7410,20,4302581326182151563,0,12,12,78,5,4,2,10
7411,20,1320446679844975958,0,12,12,75,1,3,1,7
7412,20,-3560121274111179198,0,10,10,75,4,5,3,13
7413,20,5690953752027172680,0,7,7,77,4,4,1,8
7414,20,-7479132168187101311,0,10,10,72,1,3,1,7
7415,20,2645371026912578647,0,15,15,74,1,4,2,7
7416,20,7629060113446911531,0,11,11,78,1,4,2,11
7417,20,2669190996463217060,0,13,13,69,6,6,4,15
7418,20,2904919938834911560,0,13,13,79,1,7,4,8
7419,20,-4954107010567362028,0,6,6,71,1,4,1,9
7420,20,729415009367404316,0,9,9,73,4,5,2,12
7421,20,-2206773062853024885,0,12,12,75,5,3,2,4
7422,20,4900412453045036917,0,15,15,65,1,2,1,5
7423,20,90996485317487449,0,6,6,71,1,3,1,10
7424,20,-8223256884693604540,0,1,1,72,5,6,5,12
7425,20,-2347530971200580108,0,8,8,75,6,3,2,5
7426,20,5718440455814193519,0,16,16,74,1,10,6,29
7427,20,532450058308795879,0,15,15,68,5,2,1,4
7428,20,5870672536523370725,0,13,13,68,1,5,3,19
7429,20,3712227287290873354,0,10,10,74,1,4,1,7
7430,20,-1674282883899717646,0,14,14,78,3,7,5,15
7431,20,1816031049302969075,0,4,4,71,1,6,4,15
7432,20,7267702194774966484,0,14,14,74,1,6,2,13
7433,20,7399034187041863596,0,9,9,74,5,3,1,6
7434,20,-7860685074236808307,0,14,14,68,1,10,6,30
7435,20,7268895616594162086,0,10,10,75,1,4,2,11
7436,20,-8231066422716353286,0,15,15,69,4,7,6,13
7437,20,-1828732735258603540,0,16,16,76,2,4,2,12
7438,20,6567712732166218532,0,13,13,67,6,4,3,7
7439,20,814170198260404635,0,9,9,75,1,4,1,10
7440,20,-4691643403089993003,0,13,13,74,5,11,9,25
7441,20,-756138639264757871,0,15,15,77,5,5,3,15
7442,20,-5828846499600166290,0,0,0,72,2,8,4,22
7443,20,5429350853737702755,0,18,18,71,2,4,3,14
7444,20,4835136935563376119,0,4,4,77,3,5,2,12
7445,20,385802231297781140,0,2,2,74,3,8,5,14
7446,20,5676437918588543096,0,6,6,71,1,8,3,18
7447,20,6864337756170104068,0,15,15,71,4,3,1,6
7448,20,-429232697870623098,0,14,14,77,3,4,1,9
7449,20,5985862855991425446,0,8,8,68,5,8,7,15
7450,20,741262908434970144,0,0,0,71,2,7,3,16
7451,20,-3507917744423606154,0,16,16,72,1,3,2,10
7452,20,-6233361290524520517,0,8,8,73,4,6,5,15
7453,20,5007080956094459561,0,12,12,75,4,3,2,9
7454,20,-4237796353946968934,0,15,15,68,8,2,2,8
7455,20,8159893936683180581,0,18,18,78,2,4,2,8
7456,20,-7686260484333105565,0,13,13,78,4,3,1,5
7457,20,-8289948747776881357,0,12,12,69,3,8,5,19
7458,20,791949677836170223,0,12,12,74,1,4,1,11
7459,20,580808796372715890,0,15,15,77,2,7,3,19
7460,20,5049615639163735905,0,3,3,75,1,9,5,23
7461,20,4634109647718782478,0,15,15,88,2,7,4,10
7462,20,6567970988091488633,0,13,13,69,1,5,3,13
7463,20,8959730954313948466,0,14,14,75,4,4,2,8
7464,20,-6607850720854366678,0,11,11,77,2,8,5,20
7465,20,4346009192936365242,0,7,7,72,2,4,1,12
7466,20,3809915178678017641,0,15,15,82,2,4,2,7
7467,20,-1080728399603177939,0,14,14,77,2,4,1,10
7468,20,6150013084197618503,0,6,6,71,3,7,3,17
7469,20,-2679252130439353878,0,3,3,80,3,6,4,8
7470,20,-3070959723335242175,0,11,11,74,2,7,4,23
7471,20,-8275863967325486688,0,13,13,73,3,4,2,5
7472,20,-7765087732130905385,0,8,8,80,6,3,2,5
7473,20,-5813506466490716669,0,10,10,77,4,4,2,10
7474,20,-8251060202760059558,0,12,12,74,5,3,1,9
7475,20,-5790817838949352516,0,10,10,75,3,3,2,8
7476,20,-7522568479167673590,0,3,3,73,6,3,2,8
7477,20,6243649438953112480,0,10,10,69,4,3,2,9
7478,20,-8237282255264164000,0,6,6,74,6,2,1,5
7479,20,7298124897457076772,0,13,13,72,4,4,2,10
7480,20,-859561809653974361,0,17,17,74,4,5,2,10
7481,20,-8079483546955759088,0,13,13,73,5,5,3,11
7482,20,720412714421503440,0,18,18,74,2,3,1,8
7483,20,7418469690711783027,0,3,3,76,1,7,4,14
7484,20,5800362963246573447,0,11,11,70,4,5,3,11
7485,20,-4265505460159881258,0,14,14,76,2,8,4,18
7486,20,-6814427641591789951,0,9,9,79,6,3,3,7
7487,20,-7425919498030151500,0,16,16,69,3,6,3,21
7488,20,3447778001894337815,0,10,10,76,3,7,3,17
7489,20,-2265385266865134295,0,10,10,70,2,3,1,8
7490,20,482371475965499928,0,10,10,77,3,4,2,11
7491,20,99130986211049960,0,6,6,78,3,3,1,9
7492,20,-8449219718908163366,0,11,11,76,4,4,2,10
7493,20,-3233240804608348558,0,9,9,70,8,3,2,6
7494,20,177576734511321746,0,7,7,71,2,4,2,12
7495,20,8035118157231707780,0,13,13,76,6,4,3,8
7496,20,8134982642851812069,0,5,5,67,8,2,1,6
7497,20,7558860847073296080,0,14,14,73,6,5,3,14
7498,20,685908725305846206,0,7,7,68,4,3,2,9
7499,20,-7333166886156314384,0,1,1,69,1,7,5,17
7500,20,-1083165563219072926,0,16,16,80,3,5,1,15
7501,20,3282447257281176215,0,14,14,75,1,3,2,9
7502,20,-3791233754352916544,0,13,13,74,4,3,2,5
7503,20,5772293730131887113,0,5,5,69,1,4,2,10
7504,20,1413228980223495693,0,13,13,71,1,4,2,12
7505,20,-1596699124639358516,0,11,11,73,1,4,1,10
7506,20,5792750164533762448,0,9,9,75,1,6,2,18
7507,20,8050062906588976543,0,16,16,70,2,6,4,13
7508,20,-3697752145720900422,0,14,14,76,3,3,2,8
7509,20,-1434108910151761237,0,16,16,66,4,4,3,8
7510,20,8663409280767514489,0,10,10,73,2,5,2,8
7511,20,-4378855082807969544,0,7,7,69,2,6,3,15
7512,20,7198115451797420493,0,15,15,62,6,2,1,7
7513,20,-5509904310129157086,0,15,15,72,1,6,4,19
7514,20,-1408183994596336742,0,18,18,75,1,5,3,15
7515,20,-8762862912411254453,0,11,11,77,3,4,2,7
7516,20,-258028233832020544,0,10,10,75,4,3,1,11
7517,20,-4131932614959237037,0,6,6,75,3,3,1,9
7518,20,-1979769743036848024,0,12,12,75,6,6,5,6
7519,20,5935215290413282374,0,14,14,74,1,9,5,16
7520,20,-7983665289526560096,0,11,11,81,2,6,2,8
7521,20,8456934326998959894,0,9,9,77,2,8,4,22
7522,20,7727055826158305066,0,15,15,82,7,3,1,5
7523,20,7435025717990548617,0,12,12,71,4,6,3,13
7524,20,-1009747377972313455,0,15,15,71,9,2,2,4
7525,20,543304594292580468,0,3,3,80,4,5,2,14
7526,20,3441699749971125884,0,9,9,80,1,5,2,17
7527,20,-3557595712924492759,0,0,0,79,1,6,3,13
7528,20,813426828792647238,0,11,11,73,5,2,1,5
7529,20,7007112070496147245,0,12,12,72,3,7,5,20
7530,20,5665883331707896013,0,5,5,76,1,8,4,24
7531,20,-6852040720145197266,0,9,9,76,3,2,1,5
7532,20,712421943253750665,0,7,7,77,1,6,3,15
7533,20,8486129190718708531,0,12,12,81,2,4,1,5
7534,20,-1640343866387631391,0,10,10,76,5,3,2,10
7535,20,-4077863532123468267,0,8,8,74,1,5,2,10
7536,20,-5150456938547291207,0,15,15,68,2,3,1,11
7537,20,-346880565782959059,0,11,11,75,3,5,2,14
7538,20,-3108221956076381617,0,13,13,71,4,5,3,9
7539,20,-697557435655729074,0,12,12,75,3,3,1,6
7540,20,-3685424168084889017,0,13,13,74,2,6,4,17
7541,20,-5753012393996035083,0,10,10,66,5,1,1,3
7542,20,2614109430897529859,0,14,14,71,4,5,2,14
7543,20,4183266584947257023,0,15,15,70,1,2,1,5
7544,20,-5266775359276481736,0,5,5,75,3,5,3,13
7545,20,3324136918449430810,0,12,12,73,3,6,4,12
7546,20,-3366479590747434307,0,13,13,75,1,6,2,16
7547,20,7035833002876565055,0,12,12,69,4,3,1,10
7548,20,-1401610046179477082,0,11,11,79,4,3,1,7
7549,20,-5608781164023449249,0,12,12,79,2,4,1,8
7550,20,6189584312000038289,0,15,15,80,6,2,1,7
7551,20,-4355681848364369380,0,3,3,71,1,3,2,8
7552,20,-7443245393504080321,0,10,10,71,1,4,3,9
7553,20,9154397890008390714,0,3,3,69,1,9,4,27
7554,20,-7563161819305685402,0,7,7,72,2,3,1,8
7555,20,6244061614231662230,0,18,18,81,1,4,2,11
7556,20,892096407000896964,0,7,7,69,5,4,2,18
7557,20,8895713725919624534,0,8,8,74,3,3,1,6
7558,20,2074807944609450103,0,18,18,72,1,5,4,15
7559,20,-2505542313161944223,0,4,4,75,3,4,1,11
7560,20,5598786179411353483,0,12,12,70,2,3,1,9
7561,20,8594091660939960081,0,11,11,80,1,7,4,20
7562,20,3942672200483692245,0,5,5,77,1,6,4,15
7563,20,-1421907569490792921,0,12,12,84,7,3,1,12
7564,20,-6378503859191483394,0,13,13,63,2,4,2,14
7565,20,1391704735079937279,0,4,4,77,4,2,1,8
7566,20,6108120812259013346,0,14,14,71,4,7,5,16
7567,20,-1335635835018373884,0,16,16,73,4,4,2,15
7568,20,3035594805575729946,0,4,4,75,2,4,3,7
7569,20,-6977787772445485467,0,9,9,72,3,6,4,15
7570,20,-8086925873714621737,0,6,6,70,3,6,3,20
7571,20,-2981227879309997816,0,10,10,74,4,2,1,7
7572,20,-6570874156825074959,0,14,14,76,1,5,2,12
7573,20,6972655044014309566,0,16,16,72,1,2,1,6
7574,20,1622906861146128447,0,4,4,73,5,4,3,12
7575,20,3850161034116292792,0,1,1,76,1,7,4,14
7576,20,-4883691029844492760,0,10,10,70,2,4,2,11
7577,20,-6773603134758442438,0,13,13,75,1,4,2,7
7578,20,-653266706114083206,0,1,1,73,6,4,2,8
7579,20,6537687151444689550,0,4,4,70,6,2,1,5
7580,20,7667896068471427706,0,11,11,80,2,6,1,15
7581,20,-8036979393001642950,0,9,9,86,2,10,7,17
7582,20,-8873301703490182853,0,13,13,76,2,6,4,22
7583,20,-1957057528993140876,0,18,18,73,1,6,4,11
7584,20,7020094950961397555,0,5,5,65,1,4,2,14
7585,20,8365555699050778070,0,9,9,81,3,5,2,11
7586,20,8247356162482991882,0,10,10,76,3,7,4,17
7587,20,-6589924335359763123,0,3,3,68,5,3,2,8
7588,20,-9165588064641014859,0,18,18,75,5,1,1,5
7589,20,99059884079715927,0,5,5,76,3,3,1,7
7590,20,-8628841052825875517,0,16,16,70,2,4,3,9
7591,20,-2543519340760047251,0,7,7,80,1,7,3,20
7592,20,-3733650344263971337,0,4,4,80,2,5,2,14
7593,20,-7762571095419269187,0,8,8,75,2,6,3,19
7594,20,-3656012039712571626,0,5,5,69,1,6,5,14
7595,20,2931480293964081947,0,10,10,72,3,4,2,11
7596,20,1692826311716976896,0,13,13,73,3,5,3,12
7597,20,-1066836051336834759,0,7,7,75,5,4,2,7
7598,20,-2750723053522531579,0,9,9,75,2,7,5,18
7599,20,-1577494067227668970,0,14,14,68,2,4,2,9
7600,20,-1478429074114913423,0,9,9,73,5,3,2,7
7601,20,-4502082360793454156,0,14,14,67,3,3,2,10
7602,20,144521272897375848,0,0,0,74,4,7,4,25
7603,20,-394296621320495859,0,12,12,71,1,4,2,8
7604,20,-311489633905015303,0,18,18,73,3,4,2,12
7605,20,7029742041955115591,0,9,9,73,5,4,3,10
7606,20,-91984444771020948,0,14,14,77,1,5,1,11
7607,20,-9077225446591753178,0,10,10,76,1,7,4,16
7608,20,-1951734705431260706,0,14,14,72,5,5,3,10
7609,20,-4758345204118859583,0,13,13,80,2,4,2,9
7610,20,-4684677539040685552,0,14,14,71,2,7,5,16
7611,20,4607492264270943096,0,8,8,75,3,3,1,6
7612,20,-3312146606717476997,0,14,14,70,3,3,2,11
7613,20,-1225516572098332123,0,5,5,70,2,5,4,13
7614,20,1502404665625427622,0,5,5,67,1,4,2,6
7615,20,5124640558951164304,0,6,6,77,3,4,2,6
7616,20,1330375216256722108,0,9,9,77,1,5,3,12
7617,20,-570620317763418840,0,4,4,75,2,3,2,9
7618,20,287403098822858840,0,7,7,70,3,5,3,15
7619,20,3130424028205624816,0,9,9,75,6,4,3,10
7620,20,-6579895241266426973,0,10,10,76,4,4,2,7
7621,20,-7879037975066329929,0,12,12,73,5,5,4,8
7622,20,-7924514785453898847,0,11,11,72,4,2,1,5
7623,20,-2122162907361809524,0,5,5,77,5,5,4,17
7624,20,3811398686380482759,0,9,9,74,1,7,5,14
7625,20,3688442830626988655,0,3,3,81,1,4,1,11
7626,20,1944510449421835472,0,13,13,71,7,8,6,21
7627,20,2732604291069369163,0,13,13,74,2,4,2,10
7628,20,1605828286137864656,0,11,11,72,6,4,3,9
7629,20,-8659526711063178973,0,4,4,85,2,5,2,11
7630,20,6234157829151825545,0,10,10,66,1,4,2,7
7631,20,-515586700279779700,0,11,11,71,5,2,1,6
7632,20,5461661885926816764,0,7,7,81,1,5,2,8
7633,20,-8632992489228636325,0,8,8,75,6,4,2,9
7634,20,7836471763833559107,0,7,7,82,1,8,3,18
7635,20,1215182750567295390,0,16,16,76,5,3,2,8
7636,20,-3800376531065894243,0,13,13,77,1,4,2,11
7637,20,-3591742844963343921,0,12,12,75,2,5,3,11
7638,20,-5478953011786222390,0,11,11,67,3,3,2,7
7639,20,4881511124479888966,0,10,10,76,4,4,2,8
7640,20,-4304781332646533735,0,15,15,72,4,10,7,25
7641,20,6313503950079290863,0,10,10,73,4,4,2,9
7642,20,-982764915517697858,0,15,15,74,2,5,3,15
7643,20,-3884744963003640259,0,10,10,78,3,6,3,15
7644,20,-2725408487298600983,0,0,0,70,3,5,1,14
7645,20,123041436828449886,0,9,9,77,3,5,3,13
7646,20,5310685466572103955,0,11,11,76,1,3,1,8
7647,20,1878811778975055280,0,9,9,81,1,11,5,25
7648,20,-1210766657560455654,0,16,16,73,6,4,3,10
7649,20,423184873572330354,0,11,11,77,1,7,4,15
7650,20,4940593079612860816,0,13,13,66,3,5,3,12
7651,20,6485710364602867134,0,12,12,78,7,2,1,3
7652,20,6072364103669509327,0,12,12,70,4,4,3,9
7653,20,-9097753328405577289,0,16,16,76,3,4,2,12
7654,20,-2921611189908356272,0,9,9,68,3,4,2,11
7655,20,-1251410136862812418,0,0,0,76,3,6,3,12
7656,20,-1130771870638366916,0,5,5,77,1,8,3,22
7657,20,-7291199632420564887,0,13,13,71,3,6,3,8
7658,20,-8497315780199992509,0,13,13,72,2,6,4,19
7659,20,8459293731224423414,0,9,9,70,5,4,2,7
7660,20,3969544893451906477,0,6,6,74,1,5,2,9
7661,20,2253623411656939005,0,14,14,70,3,3,2,5
7662,20,7454425441837338798,0,7,7,73,2,5,2,10
7663,20,-8135024943468794971,0,9,9,79,4,6,2,15
7664,20,-7589623634533041155,0,11,11,69,3,2,1,5
7665,20,-7093804253682716520,0,12,12,69,4,3,2,7
7666,20,-4198185347547776089,0,9,9,74,2,6,3,18
7667,20,4300487034776685562,0,10,10,72,2,4,2,6
7668,20,6362170734897704991,0,2,2,71,3,3,1,5
7669,20,-3718638054711172970,0,12,12,78,3,7,4,23
7670,20,8135224220198626202,0,6,6,70,8,2,2,8
7671,20,3168148393687422042,0,5,5,80,5,4,2,9
7672,20,-3458405169502855015,0,10,10,75,2,2,1,9
7673,20,-4212450570997458171,0,12,12,66,9,2,2,4
7674,20,5013882308977728967,0,4,4,75,3,4,1,8
7675,20,6538641467919120414,0,6,6,73,1,6,4,11
7676,20,2060789068663722756,0,17,17,67,1,5,4,13
7677,20,385698969112734759,0,11,11,79,1,6,3,14
7678,20,-3179843704242435135,0,15,15,72,4,5,3,11
7679,20,8246236678016696594,0,14,14,76,1,11,7,29
7680,20,-6375172702597657970,0,8,8,73,2,3,1,13
7681,20,6478516578716772852,0,6,6,74,2,9,7,18
7682,20,3730574664648151536,0,11,11,70,6,6,3,16
7683,20,88640896421718520,0,5,5,79,1,6,3,15
7684,20,782059517703906935,0,5,5,68,4,4,2,7
7685,20,-1410471962119784811,0,10,10,75,6,5,4,11
7686,20,-3489601452106539504,0,14,14,71,3,4,2,12
7687,20,4714468351385340163,0,15,15,72,5,5,3,10
7688,20,107782086393041047,0,10,10,68,2,3,2,3
7689,20,6346997979602735850,0,18,18,72,9,1,1,3
7690,20,-8470101267615744592,0,14,14,73,5,4,2,12
7691,20,5217293901096421980,0,12,12,77,2,4,2,7
7692,20,-8340640109333808169,0,12,12,67,3,5,3,12
7693,20,5874410429874127109,0,16,16,79,6,3,2,6
7694,20,6052953337154208948,0,15,15,75,1,3,2,11
7695,20,-4432505640261780831,0,18,18,80,6,3,2,4
7696,20,-8908529369526209869,0,8,8,76,1,6,3,15
7697,20,-4996131535732902227,0,9,9,72,1,4,2,7
7698,20,-1478782743259790380,0,5,5,75,5,5,3,12
7699,20,-109542960820395679,0,13,13,81,1,3,1,7
7700,20,7688188551567127999,0,11,11,81,2,7,4,20
7701,20,2203561844544118748,0,14,14,75,3,5,2,12
7702,20,5764817597299003163,0,9,9,79,1,7,5,15
7703,20,-1166143326201730143,0,18,18,79,1,6,3,13
7704,20,6961390494744390175,0,12,12,69,4,4,2,8
7705,20,8760012423455322434,0,9,9,78,6,3,2,7
7706,20,2091442075385992296,0,7,7,69,6,7,5,22
7707,20,-396844245337774502,0,8,8,73,2,6,3,9
7708,20,-2428248994981095411,0,12,12,76,1,12,7,31
7709,20,-2183112980750480705,0,15,15,72,4,2,1,7
7710,20,-2543228179778878992,0,13,13,72,4,5,4,9
7711,20,-3440911409735251720,0,7,7,81,1,6,3,12
7712,20,-1720368844675434154,0,5,5,75,1,4,1,9
7713,20,2048955755596999148,0,11,11,72,3,4,2,7
7714,20,3178859447686986938,0,16,16,77,4,5,2,16
7715,20,7110845109464141788,0,13,13,72,5,3,1,8
7716,20,4253799829784516573,0,6,6,72,3,3,2,9
7717,20,7932730076384521363,0,8,8,74,3,5,2,11
7718,20,7447713139303098145,0,15,15,83,3,4,2,6
7719,20,-989966228675942693,0,5,5,73,3,4,2,12
7720,20,2764535016763931671,0,16,16,74,1,5,3,13
7721,20,-555096294221618381,0,11,11,76,3,5,3,11
7722,20,8503913822145673046,0,17,17,73,1,4,3,6
7723,20,-8186503583861496898,0,10,10,74,8,2,2,4
7724,20,-8107393629548041330,0,13,13,78,2,3,1,5
7725,20,-3696144226471857283,0,6,6,73,3,3,2,8
7726,20,4218887033305570780,0,12,12,79,2,4,2,7
7727,20,-1223712514447830848,0,10,10,72,4,5,3,17
7728,20,-1582364936143620257,0,4,4,75,4,5,3,13
7729,20,8180476442146966233,0,14,14,84,4,5,3,10
7730,20,1839356066901801994,0,14,14,73,3,8,7,17
7731,20,7815649470776018707,0,14,14,72,5,5,3,16
7732,20,-4192797951838774597,0,10,10,74,3,4,1,11
7733,20,-739184668935184158,0,12,12,73,2,6,4,13
7734,20,563707226411248268,0,11,11,81,2,4,1,7
7735,20,-115280841306105509,0,13,13,76,6,9,7,14
7736,20,-1045614339962214039,0,4,4,77,3,2,1,5
7737,20,-2663140596835071514,0,10,10,77,3,6,3,14
7738,20,-7986152029234622493,0,11,11,71,7,3,2,9
7739,20,-7551810073341915599,0,13,13,76,1,3,2,7
7740,20,1713371913061273154,0,10,10,70,4,6,5,18
7741,20,851493938503375207,0,12,12,82,3,5,2,14
7742,20,5957985106045191904,0,7,7,78,3,6,5,7
7743,20,-1939927933706671455,0,16,16,70,6,5,2,15
7744,20,3076196847552993716,0,14,14,77,1,4,2,7
7745,20,-3763645507469781860,0,0,0,73,4,3,1,8
7746,20,8593872253596013869,0,9,9,74,2,4,2,11
7747,20,9134406194884594860,0,8,8,70,2,7,5,21
7748,20,-1803762576841514943,0,16,16,71,1,3,1,9
7749,20,1294294576111875313,0,6,6,63,7,2,2,4
7750,20,-2450834100442713660,0,2,2,67,2,3,1,5
7751,20,-4209493156659096121,0,15,15,75,4,3,2,5
7752,20,4028779217792264445,0,5,5,74,3,7,5,17
7753,20,244122692354603650,0,14,14,71,6,4,3,15
7754,20,-5412540661466129547,0,12,12,68,7,5,4,15
7755,20,5994111547964253531,0,12,12,68,1,5,3,12
7756,20,5341908650546703378,0,11,11,78,1,5,2,13
7757,20,6151079868889779876,0,13,13,80,2,4,1,8
7758,20,8987878562630811493,0,17,17,76,2,2,1,6
7759,20,-7105311092662738109,0,13,13,78,2,7,4,15
7760,20,-6197668902167961281,0,9,9,70,1,4,2,12
7761,20,3986893259533317725,0,9,9,77,3,2,1,9
7762,20,-7153213840954036342,0,14,14,77,4,4,1,10
7763,20,-7581033718337021360,0,9,9,71,2,4,2,10
7764,20,-2257163246139007403,0,12,12,73,4,4,2,11
7765,20,279073147841271015,0,9,9,68,4,4,3,13
7766,20,-1785065279808132816,0,11,11,72,2,5,3,14
7767,20,8579170395882267336,0,1,1,67,5,5,3,15
7768,20,-6825493696772143687,0,4,4,74,3,7,4,17
7769,20,6992754670214528561,0,9,9,81,1,8,4,16
7770,20,-5559279984805958793,0,15,15,75,4,2,1,5
7771,20,-9062681175536771869,0,12,12,77,2,5,2,13
7772,20,-4808679140184210202,0,9,9,76,6,4,3,7
7773,20,-6320650172189681315,0,12,12,73,1,10,7,25
7774,20,8478825174511705554,0,15,15,70,3,2,1,10
7775,20,-7327681631535989939,0,3,3,76,3,5,3,14
7776,20,-4165165880247868696,0,15,15,72,4,2,1,6
7777,20,7388525280423039811,0,11,11,74,1,5,2,8
7778,20,2471687312047015561,0,3,3,77,3,9,5,16
7779,20,-6704458034026340953,0,8,8,69,5,5,3,14
7780,20,8691499221908086497,0,11,11,74,4,3,2,4
7781,20,-8836436611620773651,0,14,14,76,5,4,2,10
7782,20,-2227683780419137224,0,13,13,72,1,9,5,19
7783,20,4841561126966049542,0,1,1,71,1,7,4,22
7784,20,-3857889758215659897,0,13,13,73,3,4,2,11
7785,20,3902887604494406169,0,11,11,70,4,2,1,7
7786,20,2425961533953418574,0,5,5,76,4,5,3,10
7787,20,6720573951482141811,0,12,12,71,3,3,2,10
7788,20,-4799557639163597660,0,2,2,82,3,7,3,10
7789,20,626653274292384699,0,12,12,74,5,3,2,11
7790,20,7760518913715752079,0,17,17,73,2,3,1,6
7791,20,-6252001651057318039,0,11,11,71,6,5,3,7
7792,20,-2023197635246389355,0,4,4,75,7,1,1,5
7793,20,-5858332049302060424,0,16,16,71,6,3,1,5
7794,20,-4073247342255642221,0,10,10,77,3,2,1,5
7795,20,4238898966264051801,0,11,11,72,4,3,2,9
7796,20,-2432604011308040244,0,11,11,72,2,2,1,4
7797,20,-3589216793796711125,0,16,16,71,3,5,2,14
7798,20,1272173285745835588,0,11,11,72,4,2,1,8
7799,20,6890376670442179881,0,6,6,70,2,5,4,9
7800,20,-1004079448557672882,0,4,4,72,1,10,7,25
7801,20,-1393182503559026845,0,5,5,70,2,11,6,29
7802,20,1116749259929371236,0,15,15,77,2,6,4,12
7803,20,3367257359052619697,0,14,14,73,1,6,4,12
7804,20,5115864902810716982,0,5,5,80,3,6,3,13
7805,20,-1334882591077119005,0,18,18,69,1,4,2,10
7806,20,-6690339413650437627,0,9,9,85,1,5,2,12
7807,20,6295151805223948349,0,12,12,76,1,6,4,20
7808,20,4549720620919999536,0,14,14,74,4,4,2,7
7809,20,-3031615908066832606,0,15,15,71,2,4,2,12
7810,20,1295426754142927886,0,8,8,72,7,5,4,9
7811,20,4039971760083058702,0,11,11,75,2,4,2,11
7812,20,-2737881088047680769,0,7,7,75,5,5,4,14
7813,20,-8504129575375142455,0,10,10,68,1,3,2,8
7814,20,-1659701810043922243,0,17,17,73,4,4,3,9
7815,20,900802334415141849,0,8,8,79,3,4,2,5
7816,20,1004086389720327159,0,12,12,71,2,4,1,9
7817,20,-248156469458083017,0,4,4,78,2,6,3,13
7818,20,-5931181928740057056,0,13,13,77,1,5,2,12
7819,20,864807382640154182,0,10,10,73,3,5,2,18
7820,20,-8460654973444088701,0,11,11,69,2,4,2,12
7821,20,-2391437237171207168,0,4,4,77,1,7,5,18
7822,20,3772688662593005722,0,6,6,72,5,4,1,9
7823,20,-6388862463072611726,0,9,9,71,1,4,2,10
7824,20,7291563347176063392,0,19,19,71,5,3,2,9
7825,20,3599499195842181226,0,9,9,70,5,3,1,7
7826,20,2733223715703649637,0,16,16,72,4,4,3,9
7827,20,-5736934474481844627,0,14,14,70,1,5,2,11
7828,20,-4204667287434838432,0,7,7,64,2,7,4,18
7829,20,4566801856005561070,0,10,10,73,1,5,2,11
7830,20,-333860296728093430,0,5,5,77,7,2,1,6
7831,20,1920534659662110141,0,7,7,71,4,7,4,13
7832,20,-3915690977624378775,0,10,10,75,1,5,2,13
7833,20,7151458594220760765,0,13,13,77,1,6,3,14
7834,20,8459744687021780970,0,9,9,75,2,12,8,23
7835,20,3448271560896504794,0,9,9,74,1,5,3,14
7836,20,8750937840011260020,0,9,9,72,8,4,3,11
7837,20,-4194083734749646279,0,14,14,77,2,5,2,11
7838,20,7099137201492266681,0,15,15,82,1,4,2,13
7839,20,-8649386743774904656,0,6,6,72,1,6,4,16
7840,20,-2897254607836132146,0,10,10,66,4,5,4,13
7841,20,-7497779812837035657,0,14,14,80,3,7,5,13
7842,20,6265880703467544829,0,14,14,79,1,4,2,9
7843,20,-3424215455048224480,0,15,15,79,1,7,3,11
7844,20,-3642671864521163814,0,4,4,72,2,6,4,11
7845,20,-6336680369231238972,0,6,6,76,1,9,5,21
7846,20,-3105692208880231533,0,12,12,67,5,4,3,13
7847,20,8271398157430226302,0,14,14,71,4,3,2,10
7848,20,-1290890153391882100,0,8,8,84,1,5,2,9
7849,20,3161518991689213725,0,8,8,70,5,5,4,14
7850,20,4990496472713664299,0,16,16,71,9,3,3,3
7851,20,8495478785170497556,0,9,9,71,2,3,1,8
7852,20,-2637372178469278993,0,7,7,79,9,2,2,6
7853,20,7852422674568978613,0,9,9,83,2,3,2,6
7854,20,837362479624222407,0,6,6,71,3,3,1,10
7855,20,-8365030677041178210,0,8,8,75,2,8,4,17
7856,20,6416550299312744097,0,7,7,73,1,4,2,5
7857,20,-7108836590512119437,0,12,12,69,1,4,2,11
7858,20,-985670118513304000,0,10,10,75,1,4,2,14
7859,20,1728314933350484429,0,18,18,72,1,4,1,12
7860,20,-398568828004525742,0,4,4,72,6,8,6,21
7861,20,8779526728761954161,0,10,10,71,3,5,3,12
7862,20,2716180441563379905,0,10,10,78,5,4,2,10
7863,20,2139879799457110468,0,10,10,79,1,4,2,8
7864,20,-5633202564031983287,0,6,6,79,3,8,4,18
7865,20,-8601746650600211074,0,12,12,80,3,5,3,6
7866,20,-579866075519152310,0,14,14,67,1,5,3,13
7867,20,8576740129450407582,0,11,11,70,1,5,3,10
7868,20,7895591664115139550,0,7,7,72,5,5,3,8
7869,20,-5625414247993881187,0,15,15,71,6,4,3,12
7870,20,-5672126956242702546,0,16,16,73,4,8,5,16
7871,20,7089574814692989926,0,1,1,76,3,5,2,14
7872,20,6949967263786703873,0,18,18,74,4,4,2,13
7873,20,-6221276894120860796,0,9,9,79,3,3,1,8
7874,20,-4462698500304281451,0,16,16,73,3,3,1,8
7875,20,8532642374905081372,0,11,11,79,1,9,6,16
7876,20,-8803383352826521422,0,11,11,75,2,11,6,35
7877,20,2357481215087699742,0,6,6,71,5,2,1,6
7878,20,-4082456057937449733,0,6,6,74,7,2,1,2
7879,20,5579953337871574327,0,9,9,66,1,6,4,23
7880,20,8268946391654988678,0,9,9,74,2,4,3,10
7881,20,-212237461827987703,0,10,10,77,2,6,3,9
7882,20,-871330720462883409,0,5,5,75,2,8,6,18
7883,20,-4117549789238376674,0,9,9,71,1,7,3,19
7884,20,-8492506260467628247,0,10,10,77,1,7,3,12
7885,20,-1739883663781418215,0,10,10,74,4,4,3,16
7886,20,-7301900434310849963,0,14,14,77,1,8,5,25
7887,20,-8009185411900673490,0,11,11,71,2,4,3,10
7888,20,4099702308946955734,0,12,12,72,3,6,4,15
7889,20,6436057604035020499,0,8,8,74,2,3,1,8
7890,20,-3952510478905397403,0,17,17,71,2,8,6,21
7891,20,-3955619807901681737,0,12,12,73,4,8,5,22
7892,20,-796069580402913311,0,9,9,73,1,6,3,17
7893,20,-1588564009696478221,0,6,6,74,5,2,1,3
7894,20,1966567579776173225,0,7,7,79,4,5,3,10
7895,20,-1762619338303109505,0,2,2,74,2,6,4,11
7896,20,6379854915692882478,0,4,4,80,1,8,5,16
7897,20,1830150322491645158,0,13,13,73,3,4,2,9
7898,20,3739126224241179587,0,5,5,78,8,1,1,2
7899,20,-3301294712779315907,0,12,12,70,3,4,1,10
7900,20,-2803330440267754313,0,4,4,71,3,3,1,9
7901,20,-1505830606595514543,0,10,10,81,1,6,3,11
7902,20,-8118023384427139420,0,15,15,79,2,4,2,10
7903,20,-1318829112183915233,0,12,12,68,1,4,1,15
7904,20,5165342244235997449,0,11,11,74,5,4,2,14
7905,20,-5659839934343704952,0,12,12,70,7,6,5,12
7906,20,-5148139733392333290,0,9,9,80,2,6,3,15
7907,20,4191276410933752901,0,12,12,70,2,5,2,10
7908,20,9139163348000647367,0,5,5,71,3,4,2,13
7909,20,2316797609343127063,0,10,10,71,1,6,3,13
7910,20,4770835491219726388,0,15,15,80,3,6,3,12
7911,20,1166767421196605507,0,16,16,69,8,2,2,2
7912,20,6926234490324229158,0,9,9,78,4,3,1,6
7913,20,5109329807223794749,0,15,15,75,3,5,2,8
7914,20,5235196401041778413,0,6,6,72,2,4,2,7
7915,20,-2419642469813364573,0,10,10,70,4,5,2,16
7916,20,-8503426002326282128,0,5,5,75,2,5,3,14
7917,20,7334076120019747948,0,5,5,73,7,2,2,6
7918,20,-6112291663100692860,0,9,9,76,4,4,1,7
7919,20,6626655252493046113,0,14,14,82,1,5,2,11
7920,20,-249747950353281407,0,6,6,74,1,6,4,12
7921,20,-6574964937987296821,0,11,11,75,3,4,1,8
7922,20,-7100756074443000814,0,6,6,69,5,2,2,10
7923,20,30378568915805549,0,10,10,71,5,3,2,11
7924,20,4199566130043330893,0,17,17,76,3,4,2,12
7925,20,-7471430482246741580,0,12,12,66,4,3,2,7
7926,20,-6025287111777700861,0,12,12,74,1,3,2,10
7927,20,3923351589343553836,0,13,13,74,5,3,2,9
7928,20,5782134227045557336,0,7,7,81,2,6,3,12
7929,20,2677228390370383414,0,18,18,72,4,6,3,18
7930,20,-3202135130742108011,0,8,8,72,1,3,1,5
7931,20,-6194193653218059016,0,8,8,67,2,4,2,11
7932,20,-7586602794381413828,0,14,14,74,4,5,3,12
7933,20,-4229170536737478508,0,12,12,74,3,4,1,7
7934,20,-3803142116040994724,0,17,17,85,1,4,2,11
7935,20,5189028990481053595,0,11,11,72,3,3,2,8
7936,20,-1542934178341731545,0,11,11,77,3,5,3,7
7937,20,7585239405291412419,0,6,6,77,6,4,2,10
7938,20,5211836897043094721,0,13,13,74,2,7,4,17
7939,20,25830173291872472,0,9,9,66,8,1,1,1
7940,20,-7695975597569422502,0,4,4,67,1,4,3,8
7941,20,3452651731363540720,0,14,14,73,6,4,2,11
7942,20,-9000277925545850754,0,13,13,77,1,8,4,17
7943,20,2407314108657466338,0,4,4,77,1,9,5,21
7944,20,1653632944029706667,0,9,9,76,2,5,3,12
7945,20,-550051868191154184,0,11,11,72,4,5,3,8
7946,20,-415623600217496029,0,16,16,74,3,6,4,15
7947,20,3316202197118722531,0,14,14,69,5,2,1,4
7948,20,-8125358069546441212,0,14,14,76,5,4,2,12
7949,20,6988832485924408815,0,11,11,82,1,7,2,12
7950,20,1411620765255102101,0,8,8,67,4,2,1,7
7951,20,7294791031885687927,0,19,19,76,3,3,1,11
7952,20,-8472809270035464223,0,16,16,78,1,7,4,13
7953,20,2249808407533005722,0,11,11,67,3,4,3,8
7954,20,-1362989319373064310,0,2,2,74,2,3,1,7
7955,20,-3597931084374347730,0,7,7,71,2,5,2,11
7956,20,-7723421958789919530,0,11,11,75,5,4,3,13
7957,20,-4901280203131190796,0,8,8,79,2,4,3,12
7958,20,7711067988794014221,0,15,15,76,2,6,3,15
7959,20,9110030956772902669,0,9,9,74,6,5,3,10
7960,20,1159462469200733959,0,13,13,75,2,6,4,9
7961,20,-6287954951837449555,0,16,16,76,2,4,2,9
7962,20,5992450359368673536,0,13,13,75,2,6,5,13
7963,20,22202642499554061,0,14,14,80,3,4,2,8
7964,20,7953427797973298094,0,9,9,75,3,2,1,3
7965,20,5878679750397094566,0,13,13,74,4,3,2,6
7966,20,1033421949395834773,0,10,10,75,3,6,4,13
7967,20,3224305062843359387,0,10,10,74,2,5,4,13
7968,20,2668392734628104601,0,18,18,77,4,5,3,9
7969,20,5249939692056605814,0,6,6,77,3,5,3,12
7970,20,8950472339309752277,0,8,8,73,4,4,2,9
7971,20,-8056296035864014569,0,13,13,82,3,6,4,14
7972,20,6843400736299409322,0,6,6,71,3,6,4,17
7973,20,-1646599097124824344,0,14,14,70,4,6,3,16
7974,20,2273917625861404953,0,9,9,74,6,4,2,8
7975,20,8092150664054584661,0,10,10,70,8,3,2,11
7976,20,-5415809801321370795,0,8,8,75,6,3,1,7
7977,20,-3260724383896196229,0,12,12,67,4,8,6,17
7978,20,-3792931354327142765,0,13,13,75,6,3,2,7
7979,20,-2937418383170834401,0,13,13,75,3,5,2,13
7980,20,-609266723854874843,0,8,8,73,5,4,2,10
7981,20,8781921962838157537,0,11,11,73,1,6,3,14
7982,20,-2063559062237207098,0,3,3,77,2,8,6,21
7983,20,-7128353348392240976,0,10,10,77,4,5,3,14
7984,20,7486163088603199799,0,15,15,78,1,5,2,10
7985,20,-7837586777640174208,0,9,9,77,1,6,3,16
7986,20,3812290809078449418,0,17,17,80,2,11,7,26
7987,20,4891491692932740410,0,9,9,77,3,5,2,7
7988,20,-8333388086392729155,0,8,8,74,4,4,2,10
7989,20,-8305202979334849036,0,13,13,74,4,7,4,15
7990,20,7443501958792694281,0,3,3,72,1,4,2,9
7991,20,-6955922316389571231,0,8,8,72,2,5,2,15
7992,20,3761053318143859068,0,17,17,74,2,3,2,8
7993,20,7529462244738251659,0,2,2,80,1,4,1,10
7994,20,359720732142362693,0,3,3,71,1,3,1,6
7995,20,-5909841266358149953,0,4,4,69,5,2,2,4
7996,20,2127084993062326350,0,18,18,76,3,7,4,21
7997,20,4629095831851148999,0,13,13,79,4,2,1,3
7998,20,2972460608248579984,0,8,8,75,4,3,1,5
7999,20,-4981922208607072930,0,9,9,70,4,2,1,4
8000,20,2443398740208384929,0,8,8,69,3,4,2,13
8001,20,8073977395179749856,0,17,17,75,1,7,3,15
8002,20,-1138748993132557679,0,7,7,75,4,4,2,9
8003,20,-2182450278142074303,0,14,14,81,2,4,1,12
8004,20,-4341010318633171721,0,12,12,70,5,5,3,14
8005,20,-1812926935507836097,0,10,10,67,3,3,1,9
8006,20,-2209445297046502074,0,11,11,72,2,6,4,6
8007,20,5418513400120895963,0,11,11,71,6,3,2,12
8008,20,8393631807944747108,0,10,10,70,1,3,1,10
8009,20,7205081852647540740,0,12,12,71,2,5,3,16
8010,20,-5837451155909411971,0,1,1,76,3,4,2,13
8011,20,722605508616671381,0,2,2,72,9,2,2,4
8012,20,-995023794972642541,0,15,15,74,1,5,2,11
8013,20,8735784554698765954,0,17,17,74,1,8,6,17
8014,20,-3516332256183025831,0,6,6,75,1,3,1,9
8015,20,5949032906174917453,0,16,16,77,5,3,2,3
8016,20,-6235904137644011071,0,12,12,75,2,4,2,10
8017,20,34495034715697342,0,3,3,80,4,4,2,12
8018,20,-6550949872830994477,0,16,16,70,1,4,2,9
8019,20,-2042401670721924654,0,14,14,69,3,3,1,8
8020,20,2187610897465192256,0,11,11,76,1,6,2,17
8021,20,6150112372832483059,0,8,8,74,4,6,5,12
8022,20,3147549825193449271,0,9,9,74,1,4,2,10
8023,20,-2609013989328074391,0,10,10,78,4,3,1,3
8024,20,-152594637681892618,0,8,8,79,2,3,1,5
8025,20,757693791151069712,0,13,13,76,7,6,5,11
8026,20,6175646817808044451,0,11,11,76,2,4,2,9
8027,20,-2192452104633286837,0,18,18,76,2,3,1,4
8028,20,-6966011467270803621,0,9,9,79,2,7,5,14
8029,20,225663981067329080,0,9,9,73,4,3,2,9
8030,20,-6926014173375487093,0,15,15,72,2,6,4,19
8031,20,8871708593858089764,0,13,13,67,6,3,2,6
8032,20,7738148701339914367,0,13,13,76,2,5,3,12
8033,20,-3388480106729673407,0,15,15,71,3,5,3,14
8034,20,-6507874904851097544,0,9,9,72,5,3,2,10
8035,20,-6051512495798931050,0,4,4,71,3,4,2,11
8036,20,-3101375479231669631,0,3,3,78,4,4,2,9
8037,20,-571227241680709322,0,8,8,77,2,4,1,10
8038,20,-2116235876939251644,0,12,12,75,3,2,1,8
8039,20,8487087263106825908,0,11,11,77,2,6,4,9
8040,20,5613869512440080409,0,9,9,76,8,1,1,1
8041,20,4677114603157597909,0,12,12,71,5,3,2,7
8042,20,3209026951336888351,0,7,7,76,2,5,3,13
8043,20,-6700710176689418105,0,6,6,76,2,5,3,12
8044,20,-1705916376699184881,0,14,14,74,2,3,2,10
8045,20,-7888420677240023022,0,8,8,78,1,6,3,14
8046,20,-2498616764988727667,0,10,10,75,6,3,1,7
8047,20,6463141092878465421,0,12,12,79,1,4,1,8
8048,20,2523417444310884545,0,4,4,77,3,7,5,19
8049,20,-1866366916882706798,0,9,9,81,1,8,4,15
8050,20,1537274716482562854,0,16,16,76,4,5,3,11
8051,20,5576007370649117493,0,15,15,74,1,4,2,9
8052,20,-5314630858854325087,0,11,11,75,4,9,6,25
8053,20,-4195349298370978255,0,8,8,69,6,3,2,5
8054,20,-492349632219736875,0,13,13,70,3,2,1,6
8055,20,1017001428765587556,0,9,9,71,1,4,2,11
8056,20,1436862653826443957,0,12,12,76,2,3,2,9
8057,20,8135455794743031677,0,13,13,76,4,7,5,19
8058,20,5804484594810919002,0,11,11,75,5,3,1,3
8059,20,-2496911003416764429,0,10,10,74,2,3,1,8
8060,20,-5406074903523174378,0,10,10,77,3,4,1,9
8061,20,3450351627535618616,0,15,15,75,3,5,2,17
8062,20,8488481472039513800,0,10,10,74,1,6,2,8
8063,20,-6461576887366121682,0,12,12,72,6,2,1,7
8064,20,4263086311604420465,0,9,9,76,1,8,5,18
8065,20,-7325718899792142375,0,8,8,75,1,6,3,14
8066,20,1711192713933030407,0,10,10,75,2,6,3,15
8067,20,3714960533309488214,0,15,15,74,3,2,1,9
8068,20,-1870281458877120631,0,11,11,76,3,8,5,23
8069,20,-7906738774064624116,0,15,15,75,7,2,1,7
8070,20,-1561732330399417005,0,6,6,69,3,4,3,15
8071,20,9176741102678382880,0,11,11,75,5,2,1,6
8072,20,-2974362907336838733,0,14,14,74,5,4,1,13
8073,20,9183116984054733102,0,19,19,76,1,4,2,5
8074,20,298874758923997115,0,18,18,69,3,6,4,11
8075,20,697333296416537909,0,14,14,78,2,5,4,9
8076,20,2681555240321214552,0,15,15,74,1,5,2,10
8077,20,-1865081791494918447,0,5,5,70,4,5,3,14
8078,20,5887859204103988899,0,6,6,70,5,7,5,23
8079,20,8189640518285531312,0,10,10,63,3,5,4,16
8080,20,-2873662007819502218,0,13,13,70,2,6,5,16
8081,20,-3680976946358738882,0,13,13,73,6,4,2,9
8082,20,4117515760477739586,0,6,6,79,2,3,1,9
8083,20,3279517743901787811,0,4,4,76,1,7,4,18
8084,20,7320491852026671392,0,9,9,77,2,5,3,13
8085,20,-8829297807026068242,0,3,3,69,3,6,3,23
8086,20,4870302175795820069,0,15,15,77,1,7,5,15
8087,20,2296907489339914130,0,8,8,76,1,4,3,6
8088,20,-9016603068633212934,0,10,10,81,3,5,2,10
8089,20,6052897963462651152,0,9,9,77,2,4,1,10
8090,20,7180310236845199274,0,9,9,76,4,5,3,15
8091,20,-749522043768968203,0,11,11,76,5,3,1,5
8092,20,-5917106576451216963,0,14,14,77,2,4,1,11
8093,20,2461363840237077511,0,6,6,66,6,4,3,11
8094,20,4212400340375153798,0,5,5,82,3,4,2,7
8095,20,-6082260085040906565,0,9,9,84,5,3,2,7
8096,20,770830186561601465,0,11,11,75,1,6,4,15
8097,20,-2187649414720437527,0,7,7,72,2,3,2,8
8098,20,-8115937952190826176,0,10,10,73,3,3,2,4
8099,20,6365835553247494082,0,17,17,73,2,4,1,7
8100,20,-1961420089348205746,0,11,11,73,2,5,2,17
8101,20,-8974033391822728447,0,6,6,70,6,8,5,26
8102,20,595121182795354035,0,10,10,71,3,3,2,8
8103,20,6417925264744521312,0,16,16,77,2,5,2,15
8104,20,7088859613117287538,0,9,9,75,1,5,2,14
8105,20,8135833969447927885,0,9,9,73,1,3,1,11
8106,20,1366003939621244304,0,10,10,74,6,5,3,10
8107,20,5669139300847625181,0,10,10,71,1,5,3,14
8108,20,-4720434366140739538,0,8,8,77,3,4,2,8
8109,20,4865845211980553216,0,12,12,65,4,4,3,6
8110,20,-2713382403284043046,0,9,9,71,1,7,4,19
8111,20,-1510466860274237962,0,12,12,76,1,5,3,11
8112,20,-6037791117094944991,0,7,7,81,2,7,4,19
8113,20,1274893285669482241,0,11,11,72,5,4,1,5
8114,20,1444561167697395816,0,11,11,83,4,5,2,7
8115,20,7724492824618867036,0,16,16,74,1,7,3,18
8116,20,6659368380009092091,0,13,13,68,4,4,2,13
8117,20,402507031802772587,0,8,8,69,1,5,3,15
8118,20,7915417593853226598,0,5,5,77,6,3,1,6
8119,20,-4646965837689336781,0,12,12,79,1,9,5,17
8120,20,-206715707264183805,0,14,14,79,2,4,1,9
8121,20,2065149805608784907,0,11,11,83,5,3,1,9
8122,20,7219776762900632276,0,13,13,70,8,2,1,6
8123,20,-3539515209616617325,0,13,13,69,2,6,4,12
8124,20,8067811620500865938,0,8,8,73,1,5,3,14
8125,20,-2457081948282637083,0,6,6,73,3,4,2,14
8126,20,6156508269325475845,0,11,11,71,6,3,2,8
8127,20,-679808152832127221,0,12,12,72,3,3,1,6
8128,20,7168679645389359254,0,5,5,69,2,3,2,10
8129,20,-8253059109001871440,0,14,14,80,4,11,9,19
8130,20,-5209889960775490782,0,9,9,68,5,2,1,3
8131,20,-2000858211893216999,0,12,12,68,7,3,3,6
8132,20,-1045563666499832560,0,17,17,77,2,8,5,17
8133,20,-1981296087463544491,0,9,9,73,8,2,1,5
8134,20,8175655604076563109,0,1,1,73,4,4,2,16
8135,20,3184267017711825843,0,15,15,77,2,10,7,20
8136,20,7091220551395704726,0,0,0,83,1,5,2,9
8137,20,-7187830601172492940,0,12,12,69,3,4,2,7
8138,20,8597721627100134622,0,10,10,73,4,6,3,19
8139,20,-8500267769171455551,0,7,7,72,2,6,4,13
8140,20,-4870485383185088558,0,9,9,75,4,3,1,6
8141,20,3147942232237048030,0,5,5,78,2,5,2,8
8142,20,-326358658162835854,0,17,17,75,7,4,3,14
8143,20,-8206097244869091680,0,4,4,75,6,6,4,14
8144,20,5972383406016216320,0,12,12,78,3,7,4,17
8145,20,-1197649002169433060,0,8,8,73,4,3,1,6
8146,20,-5917671266432669482,0,11,11,74,4,6,4,19
8147,20,-7598510152496449376,0,8,8,75,1,5,2,9
8148,20,-6815495725546025868,0,12,12,67,1,6,4,12
8149,20,-7835437562108176921,0,13,13,75,7,4,2,11
8150,20,-4167149203886739240,0,3,3,78,1,8,3,18
8151,20,6246184451697458055,0,11,11,80,4,6,3,16
8152,20,6586027222752837650,0,11,11,72,8,4,3,14
8153,20,-109655705545947730,0,10,10,73,1,5,3,9
8154,20,-3259955193015386857,0,15,15,74,6,2,2,8
8155,20,-2575031031300359411,0,1,1,66,4,4,2,12
8156,20,-4621042011208293164,0,13,13,71,2,3,2,8
8157,20,3573216649947309587,0,11,11,71,4,3,2,6
8158,20,-7875246808528565114,0,5,5,70,1,4,3,10
8159,20,-742081810817315490,0,7,7,79,1,5,3,11
8160,20,-1203937497259880120,0,10,10,85,4,4,1,9
8161,20,9201797191028621166,0,6,6,72,4,3,2,5
8162,20,8236242275932515565,0,5,5,73,5,5,3,16
8163,20,1812263689896125851,0,12,12,74,5,8,5,16
8164,20,3985145663429870607,0,7,7,70,3,3,2,5
8165,20,5430569091641283144,0,14,14,69,4,5,4,12
8166,20,-7176384124608757400,0,11,11,78,4,8,5,17
8167,20,8095852028305096281,0,11,11,72,6,2,1,7
8168,20,482367545034265184,0,12,12,83,1,5,1,13
8169,20,-555971047280219679,0,10,10,71,3,4,2,9
8170,20,-788239858975172378,0,11,11,75,1,8,4,16
8171,20,8750103991895364640,0,12,12,72,2,4,2,6
8172,20,-9072944858174347646,0,6,6,77,2,4,2,6
8173,20,1382144679677968044,0,3,3,74,2,3,1,4
8174,20,-4911169509491206997,0,9,9,71,2,3,1,11
8175,20,-4533370186236989459,0,8,8,72,3,6,4,14
8176,20,-9213236549267780011,0,10,10,75,1,6,3,12
8177,20,-3936853181004355378,0,3,3,81,4,7,4,11
8178,20,503933490590047950,0,16,16,74,2,9,6,22
8179,20,-7574983999644794448,0,7,7,67,4,5,4,9
8180,20,736074965608110538,0,15,15,76,4,4,2,8
8181,20,-6207919845149089118,0,9,9,70,1,6,2,12
8182,20,-4442643990493122372,0,10,10,70,4,3,2,11
8183,20,4651038480434924239,0,17,17,67,2,4,2,14
8184,20,6687659231056300390,0,10,10,79,1,8,6,16
8185,20,5912815768507964215,0,11,11,72,3,4,1,10
8186,20,6881887580534335923,0,16,16,74,3,4,1,9
8187,20,2132348509120567457,0,14,14,72,2,4,2,10
8188,20,-3944973247905837884,0,8,8,72,3,3,1,8
8189,20,1763873394325788880,0,13,13,80,1,6,3,18
8190,20,-1234250895744010936,0,8,8,74,1,8,5,14
8191,20,6953454741218889460,0,3,3,73,3,5,2,13
8192,20,-4005866729184014064,0,12,12,71,1,5,4,15
8193,20,-14635972732671133,0,6,6,75,2,9,6,21
8194,20,-1483940737804631582,0,8,8,67,5,3,2,6
8195,20,9176843398209077896,0,5,5,75,1,5,3,11
8196,20,317848489073942412,0,13,13,74,5,5,4,9
8197,20,4420519162715205403,0,15,15,71,3,4,1,9
8198,20,-7113805686153214148,0,12,12,76,1,3,1,9
8199,20,4740703726649828242,0,5,5,77,1,6,3,12
8200,20,2139339707017972750,0,6,6,65,1,4,3,13
8201,20,7346896575346269911,0,12,12,76,3,2,1,5
8202,20,-7368030973518045977,0,15,15,76,2,6,3,16
8203,20,6804573517812496442,0,13,13,72,1,8,4,21
8204,20,8486015706983019392,0,13,13,71,1,3,2,8
8205,20,-1981245035214981464,0,10,10,76,6,3,2,7
8206,20,-8000158988377448251,0,15,15,72,6,4,3,9
8207,20,-1274463675551766755,0,8,8,76,7,3,2,8
8208,20,6386217014769289823,0,17,17,74,2,5,4,10
8209,20,-5351850990422661545,0,9,9,81,4,4,2,6
8210,20,5516464787496414607,0,14,14,74,3,7,5,16
8211,20,-7425958273953918517,0,3,3,76,1,4,1,6
8212,20,8331445019673639741,0,14,14,73,2,6,4,11
8213,20,-8851054869367565348,0,18,18,77,7,2,1,4
8214,20,8934767232597156176,0,4,4,72,3,4,2,10
8215,20,4610684374730145610,0,7,7,73,7,3,1,7
8216,20,-6397984790426839744,0,17,17,75,2,8,4,18
8217,20,3404495635142602216,0,14,14,78,1,5,2,11
8218,20,-5876214796170988568,0,12,12,73,2,4,2,9
8219,20,2141499195839125137,0,18,18,67,2,9,7,19
8220,20,-1801291375549887840,0,1,1,76,4,6,3,10
8221,20,6691490241901399644,0,13,13,79,1,9,6,17
8222,20,-6671726946008490613,0,10,10,71,2,4,3,11
8223,20,-4773510490096932594,0,4,4,83,2,7,3,17
8224,20,713104782678671149,0,5,5,71,4,2,1,8
8225,20,7279287405383462096,0,4,4,71,5,2,1,5
8226,20,-1285570891900007105,0,12,12,75,2,5,3,10
8227,20,-887654438524334815,0,6,6,77,1,9,6,19
8228,20,2471538942640891590,0,4,4,70,3,3,1,8
8229,20,-2208361657758850803,0,9,9,71,2,6,4,7
8230,20,-4454178797053333663,0,5,5,75,5,6,3,14
8231,20,-605075091615381345,0,14,14,76,6,4,3,9
8232,20,3796936882784138211,0,8,8,69,1,7,5,20
8233,20,7680793618824738195,0,10,10,79,3,4,1,10
8234,20,-6851515394465364959,0,13,13,69,5,3,2,6
8235,20,2071225685302332239,0,16,16,76,1,7,2,17
8236,20,-1653431947455326708,0,15,15,70,2,3,1,8
8237,20,-4445369876300772844,0,6,6,77,2,4,2,9
8238,20,-8402854787791534591,0,10,10,74,1,8,5,18
8239,20,3068704965090670960,0,11,11,71,5,3,1,10
8240,20,2441800275643009119,0,16,16,73,1,7,3,17
8241,20,5150991841159038455,0,15,15,73,4,3,2,4
8242,20,5531169713496531034,0,5,5,71,2,3,1,8
8243,20,4411640686605387314,0,14,14,77,2,8,3,14
8244,20,4170326067479687182,0,14,14,81,5,6,5,12
8245,20,-881943136252388650,0,8,8,77,4,4,3,8
8246,20,7840096272380442070,0,7,7,78,3,3,2,10
8247,20,3882138495945350712,0,9,9,76,3,6,3,18
8248,20,533919987668355807,0,10,10,75,2,9,5,15
8249,20,5144970444392208128,0,9,9,76,7,5,5,5
8250,20,6608866119596816119,0,11,11,77,4,5,3,8
8251,20,3514083886186979868,0,11,11,71,2,2,1,6
8252,20,-6088601770488812118,0,19,19,76,3,3,1,11
8253,20,8813711707193198584,0,8,8,71,1,5,2,12
8254,20,8282865209956747407,0,4,4,71,2,5,2,13
8255,20,3013001098753274091,0,12,12,78,1,5,2,17
8256,20,-6928501883681238305,0,11,11,72,5,2,1,6
8257,20,50465427776122100,0,17,17,73,1,5,3,9
8258,20,8709561384620505670,0,12,12,80,2,4,2,11
8259,20,-735203734995238235,0,10,10,72,3,6,4,16
8260,20,7927601211111979261,0,5,5,77,1,5,1,13
8261,20,-999653847812720290,0,7,7,76,4,4,3,4
8262,20,8031082080293260568,0,17,17,76,2,4,2,7
8263,20,-432450852664159554,0,2,2,80,1,5,2,10
8264,20,-569992847849713380,0,11,11,75,6,3,1,9
8265,20,3035947651903596375,0,7,7,71,1,4,2,12
8266,20,-7470182252068550188,0,14,14,69,4,3,1,4
8267,20,-7460380865262085472,0,14,14,73,2,6,4,15
8268,20,4696241987085843812,0,13,13,78,4,5,3,14
8269,20,695311423953279535,0,7,7,73,4,6,3,17
8270,20,-4405733731191674978,0,3,3,76,3,8,5,16
8271,20,1972251926134119463,0,9,9,82,2,6,4,8
8272,20,3647291225076440980,0,14,14,72,4,3,2,10
8273,20,-7433566260558196498,0,16,16,71,7,4,3,8
8274,20,3105090389622555245,0,11,11,74,8,5,4,16
8275,20,442363281682136099,0,4,4,76,2,5,1,11
8276,20,-1088611489948354692,0,14,14,75,5,6,5,15
8277,20,7576148308851566799,0,13,13,77,1,3,1,7
8278,20,7694293048182186382,0,3,3,80,3,6,3,13
8279,20,1680527922395426009,0,16,16,70,8,2,1,6
8280,20,-1049889695765900926,0,11,11,71,5,5,3,9
8281,20,-27238520132948033,0,15,15,74,5,3,2,6
8282,20,4595397164296195615,0,4,4,79,1,5,3,7
8283,20,-981664401286387581,0,11,11,74,7,6,4,19
8284,20,2946099310257145121,0,11,11,85,2,7,3,17
8285,20,-4616058450764331294,0,19,19,69,1,6,3,15
8286,20,3853953839466756501,0,12,12,70,6,2,1,5
8287,20,6688410159936256971,0,12,12,76,2,6,3,13
8288,20,6314054760049869670,0,14,14,79,2,5,2,14
8289,20,5222690189809734927,0,5,5,68,4,7,4,26
8290,20,-7979512616090586058,0,13,13,76,3,7,6,12
8291,20,3923255418915954772,0,6,6,77,7,2,1,5
8292,20,-5734479867245644430,0,9,9,81,3,3,2,7
8293,20,-1116196661814752945,0,7,7,73,1,6,2,15
8294,20,4312112558889710496,0,13,13,74,2,6,2,19
8295,20,-2842921815256225999,0,16,16,81,4,4,3,10
8296,20,-3199323731556291846,0,14,14,73,3,7,6,20
8297,20,-6816596755447337630,0,15,15,69,3,5,4,12
8298,20,-4306628247794046656,0,14,14,72,6,8,5,26
8299,20,6077388729382810476,0,15,15,78,5,8,7,15
8300,20,6861232923559844042,0,15,15,75,2,5,3,10
8301,20,-7764648196368824263,0,10,10,81,4,4,2,10
8302,20,192954730410518748,0,9,9,71,5,4,3,12
8303,20,2093273993958524033,0,14,14,76,4,5,3,12
8304,20,2515504139261585213,0,8,8,74,4,4,2,6
8305,20,-7678901932871315331,0,1,1,74,2,7,5,22
8306,20,6094387193673309962,0,15,15,70,3,7,5,22
8307,20,455248643041546464,0,11,11,76,3,4,1,10
8308,20,6667071061902741703,0,15,15,70,7,3,2,7
8309,20,5767267032243252999,0,13,13,71,1,6,4,25
8310,20,-1981260653147662410,0,15,15,68,4,3,2,11
8311,20,2588214980016222318,0,8,8,70,1,3,1,8
8312,20,4666027665919938668,0,8,8,74,2,9,5,25
8313,20,-3817989206449237658,0,11,11,71,2,6,4,13
8314,20,-886391092334291808,0,12,12,69,3,5,3,15
8315,20,284758871959983876,0,16,16,70,1,2,1,5
8316,20,8738295628322316358,0,14,14,73,1,6,3,16
8317,20,-5575510482525369252,0,8,8,76,1,9,5,26
8318,20,-6581916665622334500,0,11,11,72,2,3,2,11
8319,20,-1083398336554033425,0,9,9,74,1,4,1,10
8320,20,3467150042433423362,0,5,5,82,1,5,3,11
8321,20,4652302651427098209,0,2,2,76,3,7,4,14
8322,20,6393434940826609232,0,14,14,81,2,5,2,6
8323,20,7328439607829848942,0,15,15,74,1,7,5,17
8324,20,-5302745849076794525,0,7,7,70,1,5,3,10
8325,20,-7660763920122174945,0,6,6,77,3,2,1,3
8326,20,5534887666729907769,0,7,7,77,7,4,3,10
8327,20,-6886806531770897608,0,12,12,75,3,7,5,15
8328,20,-3276225017402062658,0,13,13,76,1,8,5,13
8329,20,2330806915179184372,0,3,3,73,3,4,2,9
8330,20,-4352585974851330650,0,7,7,72,8,4,3,13
8331,20,5764581358556357363,0,15,15,63,1,6,4,18
8332,20,5217068328659375997,0,13,13,76,3,9,7,13
8333,20,4230793798056129907,0,13,13,75,2,6,2,9
8334,20,-5339948959114007301,0,10,10,79,3,5,3,14
8335,20,-6255750640365541442,0,6,6,69,2,4,2,11
8336,20,4360242649708443293,0,9,9,78,1,6,3,23
8337,20,-8891773019029090845,0,6,6,76,2,5,3,9
8338,20,-5474140065449672336,0,6,6,72,4,7,5,18
8339,20,-3542173916039143000,0,8,8,75,4,5,3,11
8340,20,-6283411764872889553,0,14,14,72,5,4,3,8
8341,20,-7158801656778285378,0,12,12,75,5,4,3,13
8342,20,6728637091953888144,0,9,9,73,2,3,1,3
8343,20,6628863632925093430,0,15,15,68,2,3,2,11
8344,20,4076856431933861594,0,9,9,73,6,3,2,13
8345,20,-4256123064804190925,0,10,10,72,6,4,2,11
8346,20,-7679977863454579269,0,10,10,70,4,4,2,11
8347,20,786540800650484449,0,13,13,76,5,2,1,4
8348,20,-8717771735744147881,0,5,5,83,5,6,4,13
8349,20,-5815804368737805915,0,11,11,73,1,6,3,16
8350,20,7493131585116682916,0,18,18,77,4,7,5,18
8351,20,-1676343096170106986,0,9,9,76,6,4,3,14
8352,20,-1586434515905816588,0,15,15,74,5,4,3,11
8353,20,2736230311908606507,0,13,13,73,8,2,1,4
8354,20,6958495869888150483,0,11,11,76,1,5,2,17
8355,20,4699542816935364916,0,3,3,64,1,4,1,8
8356,20,-6254146419665720814,0,7,7,73,3,4,2,15
8357,20,-8831797857236839154,0,4,4,75,4,4,2,12
8358,20,-953499461791324125,0,12,12,72,1,6,3,17
8359,20,8263409670910723089,0,13,13,79,1,5,2,13
8360,20,-4609303556719955545,0,13,13,77,1,6,4,11
8361,20,309413650792717133,0,10,10,75,1,10,7,15
8362,20,8384965997613900357,0,15,15,74,7,2,1,7
8363,20,2753862579695040118,0,9,9,75,1,5,3,14
8364,20,1030495822436100285,0,7,7,73,4,7,5,12
8365,20,-7577595407124954340,0,17,17,79,5,8,5,17
8366,20,1409522215459542844,0,13,13,67,4,5,4,13
8367,20,-233899180673647842,0,9,9,68,4,4,2,16
8368,20,3102962551641908465,0,3,3,77,2,6,3,14
8369,20,-3198437924524518816,0,4,4,81,2,6,4,10
8370,20,2760619458287563999,0,15,15,77,3,9,7,27
8371,20,-7097733066925831237,0,8,8,71,4,3,2,13
8372,20,-2148679570929453579,0,8,8,73,3,5,3,13
8373,20,-6996425542171612875,0,9,9,73,1,7,3,10
8374,20,3017385986246455387,0,14,14,74,3,5,2,12
8375,20,3953191923547335537,0,11,11,69,3,5,3,12
8376,20,-4319287643693132786,0,15,15,70,3,3,2,10
8377,20,-8413639250840136600,0,0,0,76,1,5,1,11
8378,20,-3749563222408307538,0,10,10,79,2,6,2,15
8379,20,-1228119640240692903,0,8,8,78,1,5,2,12
8380,20,1512347041752522390,0,8,8,80,3,7,2,17
8381,20,-3665051052424941570,0,14,14,68,2,7,4,16
8382,20,6998981157379543341,0,10,10,74,1,4,1,13
8383,20,8443039292402975488,0,7,7,80,6,5,2,11
8384,20,-2888493490749216133,0,8,8,72,2,5,3,9
8385,20,6397990411030796715,0,17,17,79,1,7,4,11
8386,20,4486116925276872703,0,13,13,67,5,5,4,11
8387,20,-2127256869686472987,0,16,16,75,1,5,3,14
8388,20,-6443538521085894466,0,7,7,72,6,4,2,8
8389,20,4639054846286476124,0,15,15,74,1,4,2,8
8390,20,-8840664324640318305,0,9,9,79,4,3,1,6
8391,20,6517693848592029438,0,7,7,79,2,4,3,13
8392,20,-8695060362006106890,0,8,8,75,2,6,3,16
8393,20,-5606523898532842066,0,13,13,78,1,6,2,12
8394,20,1708914591800554078,0,11,11,77,3,3,2,8
8395,20,7721712685248510772,0,1,1,73,1,4,1,10
8396,20,-640198658933883957,0,10,10,74,6,4,3,10
8397,20,418502271701979764,0,11,11,72,6,2,1,4
8398,20,-8431023949219853602,0,7,7,69,5,2,2,2
8399,20,-114263633439165470,0,8,8,68,2,3,2,9
8400,20,-1415391237860980357,0,11,11,71,1,4,2,8
8401,20,2300446526547191605,0,15,15,71,5,6,4,15
8402,20,3355260415532532888,0,14,14,77,2,4,2,8
8403,20,-3817009738920956838,0,11,11,70,5,4,3,11
8404,20,-5922526940891725737,0,17,17,78,3,4,3,9
8405,20,1490693357187547051,0,9,9,72,1,9,6,16
8406,20,7766831975886125399,0,14,14,83,1,9,3,21
8407,20,-7416845476866822816,0,13,13,76,1,5,3,12
8408,20,-679970924745988281,0,4,4,77,2,4,2,11
8409,20,6379305411176835141,0,11,11,75,1,5,3,15
8410,20,844374485220447419,0,7,7,75,4,6,4,15
8411,20,6361259657188530093,0,15,15,76,4,3,1,5
8412,20,488775021750411330,0,17,17,75,2,5,2,12
8413,20,-7083882179751771,0,9,9,78,1,3,1,4
8414,20,4044061303429118647,0,6,6,75,2,8,5,20
8415,20,-280789761622774163,0,7,7,69,5,4,3,19
8416,20,-1234461709498124585,0,12,12,72,4,2,1,3
8417,20,-8761364855264051677,0,13,13,79,1,5,2,12
8418,20,6894347797055258132,0,8,8,84,3,4,2,10
8419,20,5551395526071792065,0,14,14,77,1,4,2,12
8420,20,-7414719769266880856,0,13,13,81,1,3,1,6
8421,20,6214349063622692425,0,9,9,75,7,3,2,5
8422,20,9186695943041312492,0,14,14,81,7,3,2,10
8423,20,7152211353543838014,0,10,10,70,3,5,3,12
8424,20,-3170661189265145367,0,3,3,77,1,9,5,21
8425,20,-3395888695893145258,0,0,0,78,6,6,3,17
8426,20,-5310493585630262993,0,14,14,76,1,7,3,20
8427,20,5378052772591976044,0,11,11,72,2,3,2,6
8428,20,-1879930793247686683,0,12,12,72,1,6,3,16
8429,20,-1551925247804160837,0,11,11,72,4,5,4,6
8430,20,8072046087988079393,0,16,16,70,2,5,3,9
8431,20,7259228535406544713,0,11,11,76,5,3,2,13
8432,20,42394254122564473,0,12,12,69,3,7,3,24
8433,20,-9119898512049793632,0,10,10,81,5,6,4,15
8434,20,-1551095046177080358,0,9,9,86,4,3,2,4
8435,20,8745954510980112579,0,10,10,74,1,3,1,8
8436,20,4738094645968148887,0,16,16,73,1,6,3,16
8437,20,8942999964481065824,0,4,4,82,3,7,5,11
8438,20,5655016919026391493,0,4,4,78,6,2,1,8
8439,20,767811271711127873,0,9,9,75,4,7,3,11
8440,20,-3752345783880839227,0,12,12,75,2,6,2,17
8441,20,6803873887057799688,0,15,15,74,3,3,1,7
8442,20,1921439543194675489,0,9,9,66,8,2,2,4
8443,20,7916168941869001499,0,14,14,74,5,2,1,4
8444,20,-1657635748782857572,0,11,11,73,2,4,2,14
8445,20,8798199986311920860,0,11,11,85,1,4,1,6
8446,20,2856135242914740867,0,9,9,70,5,5,3,9
8447,20,6803395521814562589,0,14,14,76,1,6,4,16
8448,20,1609207716192613449,0,15,15,71,6,1,1,1
8449,20,1426591411974707411,0,6,6,75,3,3,1,5
8450,20,2261263351607951698,0,14,14,73,4,2,1,4
8451,20,4380934327421824777,0,9,9,73,3,4,2,6
8452,20,5793712278679151374,0,3,3,73,2,4,2,10
8453,20,-2876346480686369002,0,18,18,80,6,5,4,12
8454,20,-2590348802799052214,0,18,18,69,2,4,1,8
8455,20,-1209427077376360430,0,12,12,74,5,5,3,12
8456,20,-995253274738362430,0,11,11,69,3,2,1,5
8457,20,-4375146608645894267,0,11,11,75,1,5,3,12
8458,20,-4287168724387257862,0,8,8,77,1,6,3,13
8459,20,7374533184112495969,0,12,12,78,2,5,2,12
8460,20,206872368146818125,0,13,13,76,2,6,3,15
8461,20,3426745873052285746,0,4,4,74,6,7,5,17
8462,20,-1785442472400512186,0,6,6,76,1,7,4,16
8463,20,2052727023154801299,0,12,12,71,7,2,1,6
8464,20,-2695223197692833234,0,8,8,73,1,5,2,14
8465,20,1493820676859832035,0,9,9,77,2,2,1,5
8466,20,5081467892617733605,0,10,10,74,1,6,4,16
8467,20,-9083852913685936583,0,14,14,73,1,2,1,5
8468,20,-7114147959959633675,0,7,7,74,3,4,2,12
8469,20,-6503234784519973484,0,15,15,76,2,4,2,9
8470,20,-8997177205817948957,0,6,6,76,1,5,3,10
8471,20,3270417295285146710,0,10,10,70,4,4,3,10
8472,20,2931840119097144520,0,7,7,75,3,4,2,7
8473,20,6901153195233211123,0,7,7,73,4,4,2,9
8474,20,-3124122361706040031,0,2,2,79,2,5,3,13
8475,20,-3193505987900094235,0,11,11,78,1,3,1,6
8476,20,-5082747365267180318,0,8,8,73,3,3,2,8
8477,20,5712696082305037795,0,5,5,73,4,4,2,12
8478,20,665005692911244240,0,10,10,74,1,4,2,9
8479,20,9100108745731580497,0,6,6,69,4,4,2,7
8480,20,-5147392765146752496,0,3,3,69,2,3,1,9
8481,20,-4055230459473816839,0,12,12,74,6,8,7,22
8482,20,1789304056879486202,0,7,7,73,3,3,1,4
8483,20,3762670193520231419,0,5,5,78,1,5,3,12
8484,20,-2779533504800608974,0,2,2,73,3,4,2,12
8485,20,761072897467481858,0,11,11,79,2,3,2,9
8486,20,-5643265974601266695,0,8,8,74,1,5,3,14
8487,20,5570720443291869368,0,15,15,77,1,7,5,20
8488,20,-1232619787357317696,0,9,9,70,3,5,3,12
8489,20,7115868623425929595,0,11,11,77,1,3,2,8
8490,20,481223953543788542,0,14,14,74,3,4,3,10
8491,20,-855956514115603120,0,12,12,75,1,5,2,7
8492,20,-6661839551569045438,0,5,5,72,3,3,1,10
8493,20,720242638152095511,0,12,12,74,2,5,2,13
8494,20,1310516465589321355,0,11,11,74,1,3,1,7
8495,20,-1237734009797815552,0,12,12,75,2,8,5,23
8496,20,-8061645944325495593,0,13,13,68,4,2,1,6
8497,20,-4227333823299722179,0,12,12,75,3,7,5,21
8498,20,8230119826245062137,0,7,7,72,4,4,2,11
8499,20,-6642543424982926855,0,3,3,73,2,5,3,14
8500,20,75164593347704239,0,7,7,72,2,4,2,8
8501,20,-8725572595239028856,0,8,8,73,1,5,3,12
8502,20,-214442141320352269,0,4,4,70,2,3,1,6
8503,20,8287895823098774495,0,18,18,76,3,5,3,9
8504,20,1898967954420891025,0,11,11,71,1,5,2,12
8505,20,-8434996069774107579,0,15,15,74,2,9,6,27
8506,20,3429564675655078905,0,13,13,78,1,5,2,12
8507,20,-1657154529104339382,0,10,10,74,3,6,4,14
8508,20,-1187916836638022058,0,10,10,68,4,3,2,14
8509,20,6216611400598568184,0,12,12,75,1,6,4,13
8510,20,-6803093578245895713,0,6,6,71,1,2,1,6
8511,20,392801609225475400,0,14,14,79,3,8,4,18
8512,20,-7864887107672252564,0,3,3,79,4,4,2,9
8513,20,-5402736826982705705,0,17,17,75,5,5,2,17
8514,20,-4852417928549718965,0,10,10,75,5,3,2,9
8515,20,-3847935313141994023,0,6,6,80,5,6,4,10
8516,20,1632791309638990932,0,16,16,75,2,5,3,15
8517,20,6354223658136434509,0,9,9,75,4,5,4,14
8518,20,1100672232295270714,0,12,12,71,3,3,2,6
8519,20,-8097198001566068622,0,13,13,80,3,3,1,4
8520,20,-562380457055165661,0,15,15,68,3,4,3,9
8521,20,-487352042155157383,0,13,13,82,2,7,3,13
8522,20,-5374648022506109317,0,14,14,70,4,4,2,11
8523,20,2032372963937698683,0,9,9,68,4,3,2,10
8524,20,8294810116324477701,0,4,4,76,2,11,6,28
8525,20,-353242956577850964,0,11,11,74,3,4,1,8
8526,20,8918391865153140786,0,9,9,76,3,4,2,12
8527,20,7464792804032951761,0,9,9,74,2,5,3,11
8528,20,-3887043612458726730,0,11,11,79,3,5,3,12
8529,20,6338011356536887023,0,14,14,73,2,8,5,13
8530,20,-7755587484580642985,0,2,2,70,3,8,6,15
8531,20,-1003674139314808508,0,13,13,68,2,8,6,11
8532,20,-6381880746731555065,0,6,6,67,1,5,3,12
8533,20,5465922926692018811,0,14,14,73,1,5,2,13
8534,20,-1317723793132140491,0,10,10,76,3,6,3,19
8535,20,1408044430429015322,0,14,14,77,5,2,1,3
8536,20,6315166362131648863,0,12,12,73,1,8,5,21
8537,20,-7779451587518562498,0,14,14,70,1,6,4,12
8538,20,9209705387495006443,0,14,14,67,6,3,2,7
8539,20,5086853709595596938,0,10,10,79,1,7,3,15
8540,20,-4307323040922122697,0,8,8,76,1,7,4,18
8541,20,5436204798037218141,0,14,14,84,2,10,5,20
8542,20,3227323861725519854,0,8,8,76,4,3,1,9
8543,20,7740967923137869122,0,7,7,76,2,4,2,6
8544,20,-4197167915024581731,0,14,14,73,4,5,3,12
8545,20,7266806352353135276,0,5,5,72,4,4,2,9
8546,20,2659593747431332485,0,10,10,74,3,4,2,15
8547,20,4202411117029714402,0,11,11,80,1,5,2,10
8548,20,-7465023133903245390,0,10,10,79,3,5,2,11
8549,20,-8968127771836813000,0,14,14,73,2,2,1,7
8550,20,1740759930021882700,0,17,17,87,2,4,1,8
8551,20,-6800338124672486273,0,12,12,71,1,4,2,11
8552,20,-179506256591296724,0,10,10,79,4,3,1,5
8553,20,8903826298456870334,0,14,14,79,1,4,1,11
8554,20,-2178522417080072014,0,12,12,76,2,6,3,16
8555,20,-7532395531253119711,0,17,17,77,4,4,2,17
8556,20,-2694579243319710763,0,13,13,69,2,4,2,10
8557,20,1357273528879989809,0,10,10,76,4,5,2,11
8558,20,-4300219792938947718,0,12,12,80,4,6,4,13
8559,20,-319117098513168315,0,17,17,81,3,12,9,26
8560,20,-815062313571345654,0,17,17,75,2,7,3,20
8561,20,-5422135339318556616,0,6,6,78,3,5,2,8
8562,20,-4660165602260794050,0,14,14,73,8,1,1,4
8563,20,-9081979935163973285,0,16,16,70,5,3,2,11
8564,20,-4846767338855381956,0,7,7,71,3,7,5,20
8565,20,-6191320695011483731,0,11,11,68,4,7,4,12
8566,20,97712288178210535,0,4,4,73,3,13,9,37
8567,20,4858891717368853833,0,7,7,82,3,4,1,6
8568,20,52407646923085682,0,14,14,78,1,6,3,17
8569,20,1093648172838941983,0,9,9,72,3,4,2,8
8570,20,-274805812546226378,0,8,8,82,1,4,2,6
8571,20,9006870236572853478,0,3,3,72,3,7,4,13
8572,20,-4996631418013473850,0,13,13,78,1,9,6,22
8573,20,3670189665697790545,0,11,11,77,2,3,1,7
8574,20,3065040359113857343,0,10,10,75,2,3,1,10
8575,20,4308469207257421696,0,16,16,73,4,6,3,14
8576,20,2691225496972617187,0,14,14,72,4,5,3,13
8577,20,4677404726822935225,0,2,2,73,5,6,3,17
8578,20,2975409598238466793,0,11,11,78,5,5,2,7
8579,20,3392992973936293207,0,11,11,74,2,8,6,18
8580,20,-5403783939778124146,0,15,15,75,7,7,6,14
8581,20,1843491436952206849,0,13,13,74,7,7,5,15
8582,20,6943658764711232367,0,12,12,71,3,7,6,17
8583,20,-7035400485067328993,0,4,4,74,7,5,3,14
8584,20,-8082147935025829606,0,12,12,68,2,2,1,4
8585,20,266270822211279498,0,12,12,71,2,5,4,11
8586,20,1839941217687730657,0,6,6,79,3,5,3,14
8587,20,-8238108980083849342,0,12,12,79,3,5,3,12
8588,20,-6256042729481475598,0,12,12,75,2,5,2,11
8589,20,8221070601893582820,0,16,16,67,7,4,3,12
8590,20,-8216755684478190684,0,11,11,70,4,4,2,12
8591,20,7976349139250167708,0,9,9,70,2,5,3,14
8592,20,-5767615663978042093,0,2,2,78,4,4,2,11
8593,20,8182784549906792792,0,17,17,70,2,2,1,3
8594,20,2682355398465694446,0,8,8,72,4,3,2,5
8595,20,6427836490796584829,0,12,12,67,7,2,2,2
8596,20,-7535029502454096754,0,2,2,71,1,5,3,7
8597,20,8253246848626100318,0,10,10,75,1,6,4,14
8598,20,-2671539356833112757,0,6,6,73,2,3,2,3
8599,20,-6204212535320870485,0,17,17,71,3,3,2,5
8600,20,-6953245646860552437,0,13,13,78,1,5,3,18
8601,20,772531907350107943,0,13,13,77,1,3,2,6
8602,20,-9045337912611868133,0,11,11,76,1,4,1,8
8603,20,1351866886615232669,0,13,13,73,4,8,5,19
8604,20,7503051118048202305,0,9,9,72,4,2,1,6
8605,20,-365665496777657580,0,9,9,68,5,2,1,3
8606,20,7668560034145745169,0,7,7,72,1,6,4,15
8607,20,-7175756965165952703,0,11,11,76,1,4,2,11
8608,20,-3927329059543624321,0,13,13,80,5,8,4,16
8609,20,4449117242734260028,0,5,5,74,1,5,2,16
8610,20,-5517241176690579275,0,11,11,73,1,3,1,3
8611,20,-3157119064194347658,0,8,8,75,5,4,3,11
8612,20,-2224033103624110041,0,8,8,80,1,7,4,19
8613,20,2582829961978343146,0,11,11,77,2,8,5,13
8614,20,-8584579322677910301,0,11,11,74,5,10,7,24
8615,20,7404999334437777043,0,11,11,75,2,3,1,5
8616,20,145709452517371949,0,19,19,79,3,4,1,10
8617,20,-8433727724229216227,0,2,2,73,2,5,3,12
8618,20,5439051492238628170,0,13,13,67,6,4,3,12
8619,20,-5495778293149657121,0,7,7,70,1,6,4,17
8620,20,-262082236851309412,0,10,10,66,1,5,3,9
8621,20,929420336818066951,0,16,16,67,1,3,1,7
8622,20,-6280858511377527825,0,14,14,74,4,3,1,7
8623,20,8814608287923507478,0,7,7,77,2,4,2,10
8624,20,9202010279055906833,0,13,13,77,5,3,2,9
8625,20,-7194656886779278449,0,14,14,70,1,5,3,15
8626,20,-8341389580802212953,0,8,8,73,3,5,2,15
8627,20,-7190184232302763798,0,13,13,75,2,4,2,10
8628,20,3488905355106697022,0,12,12,77,2,9,5,13
8629,20,7199222948943353295,0,2,2,78,3,5,3,23
8630,20,-3425437946624754016,0,13,13,78,4,4,2,13
8631,20,1667619486107514752,0,17,17,71,2,5,2,12
8632,20,7481315654630954856,0,7,7,74,2,4,2,9
8633,20,-1618890561285423466,0,16,16,78,2,8,5,17
8634,20,-7240766665466827560,0,13,13,83,5,4,2,5
8635,20,-4416234867893327633,0,12,12,70,4,3,1,7
8636,20,8966163152461010154,0,15,15,72,3,3,2,6
8637,20,6764493547707317990,0,8,8,77,5,6,5,20
8638,20,6353524061457842852,0,0,0,78,1,10,6,29
8639,20,1420976924967286725,0,10,10,73,3,5,4,9
8640,20,-2444054529342455376,0,9,9,76,1,8,6,18
8641,20,-4256172845492326025,0,15,15,72,5,4,3,6
8642,20,5989567626898429739,0,12,12,73,4,2,1,8
8643,20,2502695502396845953,0,16,16,71,4,3,2,8
8644,20,5188209315838106557,0,10,10,78,3,2,1,8
8645,20,1924328925209646387,0,3,3,75,2,4,2,8
8646,20,2005893355941126889,0,8,8,75,3,8,5,19
8647,20,8636949854381035290,0,15,15,84,1,4,2,9
8648,20,-3963930322464259163,0,4,4,74,3,5,3,9
8649,20,-1995018389638062152,0,3,3,76,2,6,3,9
8650,20,-1469571149180938707,0,10,10,79,5,10,8,23
8651,20,-6201405975280663690,0,18,18,76,2,4,2,7
8652,20,7515395767759797011,0,0,0,74,4,7,4,16
8653,20,-6002049832502992935,0,6,6,75,2,3,1,8
8654,20,9173346237250502554,0,3,3,80,2,6,4,12
8655,20,-5511825743083965964,0,13,13,73,2,4,1,7
8656,20,-4906214583464643771,0,17,17,69,1,4,2,14
8657,20,-4287098821677928419,0,10,10,71,2,4,2,6
8658,20,204512863923815082,0,2,2,87,1,9,5,17
8659,20,-261467689326030109,0,16,16,76,5,4,2,13
8660,20,-2645391924452365429,0,8,8,76,3,3,1,7
8661,20,4384255813211830591,0,4,4,81,1,6,3,15
8662,20,-1777456484667400666,0,5,5,74,4,3,1,10
8663,20,8833787662938643464,0,0,0,72,3,7,3,16
8664,20,-5206086629512126517,0,3,3,70,3,7,5,16
8665,20,9023739531922310316,0,14,14,74,3,6,4,17
8666,20,-4646287888190143825,0,0,0,71,2,4,1,8
8667,20,-418780833188611300,0,12,12,82,1,4,1,12
8668,20,729082174042998528,0,6,6,68,5,4,2,14
8669,20,344347187385147144,0,12,12,70,1,10,6,25
8670,20,-8654467712922109639,0,11,11,66,1,5,4,14
8671,20,-8148252045332471732,0,11,11,76,2,4,2,10
8672,20,-5529814986841857610,0,7,7,77,3,7,5,10
8673,20,-2350092378221000023,0,9,9,75,4,3,2,10
8674,20,1337719105524701579,0,11,11,76,7,4,3,11
8675,20,8064567573300713655,0,14,14,67,5,2,1,5
8676,20,-6656332341215455088,0,8,8,72,1,7,5,18
8677,20,1703783797705605658,0,14,14,69,6,3,2,10
8678,20,-6276349406647365440,0,11,11,79,3,5,2,16
8679,20,75501477899204852,0,11,11,79,7,3,1,8
8680,20,2017875111465577155,0,4,4,80,1,6,3,9
8681,20,-677723315933590886,0,18,18,74,4,4,2,10
8682,20,6296267547764488136,0,12,12,73,2,2,1,5
8683,20,-7332871903915485303,0,14,14,70,1,2,1,9
8684,20,6917084431981931672,0,10,10,77,1,3,1,5
8685,20,3646970365076756122,0,8,8,76,2,4,1,12
8686,20,-4447805450279929368,0,5,5,69,5,3,2,6
8687,20,-5678394809273084043,0,6,6,68,7,3,2,9
8688,20,-4541588764820367890,0,14,14,74,6,2,1,6
8689,20,5117188044676364355,0,15,15,78,3,3,2,7
8690,20,-3168630591871235274,0,2,2,75,3,5,3,10
8691,20,7367689382215320231,0,10,10,75,2,7,4,22
8692,20,4507665881948463285,0,8,8,75,1,7,3,13
8693,20,1023805242998285294,0,10,10,72,2,4,3,12
8694,20,1186888260525043486,0,14,14,75,1,6,4,13
8695,20,1813560622776628356,0,15,15,81,5,4,2,11
8696,20,-2895892947010832524,0,7,7,71,4,4,3,10
8697,20,6948195453128983209,0,8,8,78,2,5,2,11
8698,20,-2717056573472387361,0,16,16,70,1,6,4,14
8699,20,-7544914960776080283,0,1,1,71,2,7,5,17
8700,20,1061227704277201859,0,8,8,81,3,6,3,12
8701,20,-1627963192305380167,0,5,5,70,1,5,4,9
8702,20,-9055349117913243633,0,13,13,72,4,2,1,9
8703,20,-6320722720772055018,0,10,10,86,1,5,2,14
8704,20,987738475077086418,0,15,15,70,5,2,1,6
8705,20,-6948635237208792046,0,14,14,82,2,6,3,15
8706,20,-8457316029977945325,0,11,11,71,2,7,4,18
8707,20,4270761246090577497,0,7,7,78,1,4,2,6
8708,20,6130927734749304289,0,9,9,71,1,4,2,11
8709,20,5150924497600530145,0,11,11,77,4,3,2,3
8710,20,2404002038125937064,0,15,15,65,5,5,5,13
8711,20,4202889912339763553,0,2,2,69,2,5,2,15
8712,20,-3104542257944580922,0,13,13,71,3,4,2,10
8713,20,3946035334981267971,0,15,15,75,4,2,1,5
8714,20,8791075084367885661,0,1,1,73,1,7,4,18
8715,20,1618122911331246424,0,11,11,76,1,5,2,16
8716,20,-2480033263166130070,0,12,12,72,4,2,1,7
8717,20,1846743422957689739,0,14,14,75,3,7,4,18
8718,20,6153298995294494230,0,11,11,65,3,2,1,9
8719,20,8252416108805846745,0,6,6,74,5,2,1,6
8720,20,6911833106816341836,0,5,5,75,1,6,3,16
8721,20,-2970248013231919808,0,5,5,75,4,2,1,4
8722,20,-4928646288732872565,0,11,11,68,6,1,1,5
8723,20,-1161926971844620938,0,4,4,77,2,5,1,17
8724,20,-8364286547961209348,0,12,12,71,2,3,2,7
8725,20,-3650434234479065316,0,11,11,74,6,5,4,8
8726,20,-6583552253074332474,0,8,8,72,1,6,3,15
8727,20,253630341949212211,0,12,12,70,1,4,2,8
8728,20,-342744226729572959,0,9,9,75,1,6,3,14
8729,20,-7999218837911498290,0,8,8,79,3,4,3,12
8730,20,1116371884053867689,0,10,10,71,6,2,1,7
8731,20,-1790703851801746935,0,12,12,73,4,5,3,14
8732,20,4254362246899100276,0,14,14,73,3,3,1,10
8733,20,-535466799680036551,0,11,11,75,2,4,1,6
8734,20,-3378858405000856986,0,10,10,79,1,5,3,11
8735,20,3269197653743848548,0,11,11,73,4,3,1,9
8736,20,-5268500575785297341,0,12,12,69,3,5,4,10
8737,20,-3764124730975901965,0,11,11,78,2,5,3,13
8738,20,3970884697413273349,0,15,15,74,2,4,2,7
8739,20,4387238620394059174,0,3,3,72,4,10,5,23
8740,20,-4845177218130906385,0,11,11,68,6,2,1,2
8741,20,-7159806609766271801,0,11,11,70,1,3,1,6
8742,20,8394039634832148705,0,7,7,73,1,5,3,9
8743,20,-391786657999094366,0,14,14,81,2,6,4,11
8744,20,-8040627097308720914,0,13,13,78,6,3,1,6
8745,20,7072630083162705715,0,14,14,75,2,8,6,17
8746,20,-5717693797308921301,0,13,13,76,1,3,2,13
8747,20,3932310376758881825,0,15,15,69,2,8,7,24
8748,20,5372691666452336073,0,8,8,71,1,11,8,26
8749,20,4101648015868137451,0,15,15,70,4,6,4,16
8750,20,8886656529027813222,0,10,10,68,2,5,3,21
8751,20,363909876237682016,0,8,8,65,4,5,3,14
8752,20,-8164608747212697953,0,10,10,69,1,4,2,10
8753,20,5175840863448520788,0,9,9,67,2,5,4,11
8754,20,6513969511120719337,0,10,10,72,5,8,7,26
8755,20,503704014597853328,0,1,1,74,1,3,1,3
8756,20,-539432823932329311,0,9,9,71,1,6,3,15
8757,20,2759575805981692938,0,8,8,69,7,2,1,6
8758,20,2352771873974678112,0,15,15,79,3,7,5,20
8759,20,-3726367665559218603,0,13,13,72,1,4,1,7
8760,20,-9205549232637234796,0,13,13,82,1,5,3,12
8761,20,5352901144044211034,0,16,16,75,3,5,3,15
8762,20,-4692457627084589236,0,4,4,77,2,5,3,12
8763,20,-2007271888128011960,0,8,8,84,1,6,3,10
8764,20,-336189453166658990,0,9,9,76,2,4,3,11
8765,20,-839332846574729784,0,9,9,69,2,4,2,12
8766,20,5403341435837959038,0,9,9,74,6,4,2,12
8767,20,-1924528532069909899,0,11,11,71,2,7,4,22
8768,20,5567876308655300937,0,9,9,69,8,2,1,6
8769,20,-4012698493821617013,0,14,14,78,8,2,2,6
8770,20,788513485451905184,0,15,15,70,6,3,2,11
8771,20,-5498065669077212195,0,10,10,78,2,4,2,10
8772,20,-3272101128814932230,0,14,14,79,3,8,5,22
8773,20,-4513070340851294964,0,7,7,74,1,10,5,19
8774,20,7763554937516800428,0,11,11,76,1,5,2,15
8775,20,-8233995786351058187,0,10,10,74,7,5,4,11
8776,20,1028454523131125371,0,11,11,77,1,7,5,25
8777,20,8699341013069994859,0,4,4,79,2,6,4,18
8778,20,-1244061187717254798,0,10,10,75,3,4,2,14
8779,20,-652228301515076826,0,7,7,74,3,7,4,16
8780,20,-6337827954740601866,0,7,7,78,1,5,2,11
8781,20,-4174667736486128390,0,14,14,72,2,6,4,22
8782,20,4755347486870384919,0,14,14,71,2,8,6,24
8783,20,7710158597530810443,0,2,2,85,1,8,5,18
8784,20,6368122174407873320,0,10,10,75,1,5,2,7
8785,20,-7394216033955495232,0,11,11,76,1,3,1,4
8786,20,-1545800258047402351,0,10,10,68,5,3,1,10
8787,20,-2357532834704824010,0,16,16,79,7,4,2,5
8788,20,8440884242631699938,0,14,14,75,3,8,6,17
8789,20,-8206963484158149641,0,4,4,76,1,7,3,20
8790,20,2426172670333913900,0,3,3,66,9,2,2,4
8791,20,9103816328353622571,0,0,0,74,6,7,5,16
8792,20,8087390019433357964,0,1,1,71,5,5,3,13
8793,20,2265363770229065869,0,14,14,74,2,7,4,18
8794,20,-3994481000880518649,0,13,13,76,1,3,1,7
8795,20,-5463297771411828894,0,9,9,67,8,1,1,5
8796,20,-4638635182908018019,0,4,4,65,6,2,2,6
8797,20,-7610897896355380313,0,14,14,67,3,5,3,13
8798,20,-6909747923718318440,0,10,10,77,4,7,4,13
8799,20,-7569017065026207863,0,9,9,85,1,7,4,17
8800,20,6097263945195354404,0,8,8,68,8,2,1,5
8801,20,-4476386979611472358,0,16,16,71,6,3,2,10
8802,20,4936221003110517540,0,10,10,72,1,8,5,21
8803,20,-884819517868995007,0,13,13,72,5,4,2,13
8804,20,-121083012810897086,0,8,8,74,5,6,4,13
8805,20,5334543037502492913,0,18,18,73,2,4,2,8
8806,20,-4106077908694292664,0,3,3,75,3,5,3,12
8807,20,-3807233391435438436,0,9,9,80,2,6,4,16
8808,20,-3343187618134483794,0,12,12,71,5,3,2,10
8809,20,-625033450433687574,0,9,9,73,2,3,1,9
8810,20,2459783368195974771,0,13,13,73,7,4,3,13
8811,20,-2983692418098461274,0,9,9,71,5,3,2,10
8812,20,-647202806753734096,0,17,17,73,4,3,2,9
8813,20,-7545238427354739720,0,6,6,64,7,2,2,2
8814,20,3373968002009261673,0,12,12,79,4,2,1,5
8815,20,-4501746032091839271,0,14,14,74,2,2,1,5
8816,20,969352716025953318,0,11,11,66,7,6,5,13
8817,20,4619220927186957762,0,18,18,74,2,4,1,13
8818,20,3726294218888846785,0,18,18,69,8,2,1,3
8819,20,2352379359744767142,0,11,11,73,2,6,4,13
8820,20,-6446051484540502270,0,17,17,77,2,7,3,12
8821,20,-7709230703825358813,0,10,10,72,3,3,2,5
8822,20,-6815829425665858968,0,8,8,75,1,3,1,4
8823,20,-3239549602036300045,0,11,11,70,5,3,2,6
8824,20,4617498118841663433,0,9,9,64,7,4,2,10
8825,20,6165531740560532136,0,14,14,70,3,4,3,10
8826,20,1244269705787965469,0,15,15,79,4,4,1,11
8827,20,7417198671069989272,0,6,6,80,2,5,2,9
8828,20,-8940356223069887851,0,9,9,81,1,4,2,8
8829,20,-1005263234681234411,0,13,13,78,2,4,1,10
8830,20,2756279754519830258,0,0,0,78,1,9,4,14
8831,20,5716095909865615585,0,18,18,84,3,7,3,18
8832,20,-8776358291466249963,0,13,13,76,1,4,2,15
8833,20,1706261817038259424,0,14,14,76,5,3,1,13
8834,20,-9092181733229577775,0,18,18,78,2,6,4,8
8835,20,3767865085713330703,0,13,13,75,2,4,2,10
8836,20,3440481929391227144,0,15,15,75,1,3,1,10
8837,20,2833838005528388020,0,14,14,77,8,1,1,2
8838,20,-7427845062018603787,0,10,10,71,3,5,3,13
8839,20,7768455581855509975,0,15,15,79,5,3,2,7
8840,20,79723829521715909,0,11,11,68,4,4,3,12
8841,20,5902352496024184304,0,3,3,75,1,4,2,9
8842,20,-2920825123941653395,0,4,4,71,6,3,1,6
8843,20,-5375249653141116191,0,11,11,66,4,3,1,7
8844,20,-2263829427575644233,0,11,11,82,1,5,1,13
8845,20,-6504511965106596314,0,4,4,72,6,3,1,3
8846,20,3098748479364403868,0,13,13,74,1,6,4,14
8847,20,-6416595172947976118,0,14,14,76,1,10,5,20
8848,20,-5472138305212423975,0,13,13,74,1,7,3,16
8849,20,-5740376591731950948,0,13,13,87,2,6,3,11
8850,20,-4658429564883069252,0,9,9,74,1,5,2,12
8851,20,-3067665003835142110,0,11,11,75,2,3,1,8
8852,20,2135886494816933182,0,9,9,75,7,2,1,4
8853,20,8699918521819046350,0,4,4,72,2,8,5,22
8854,20,8244650550754421590,0,8,8,75,2,3,1,7
8855,20,-6306160038862523921,0,17,17,73,1,5,2,12
8856,20,-3432106753364987765,0,13,13,83,2,6,3,16
8857,20,9081741513902895850,0,9,9,75,4,8,7,19
8858,20,5083969060406932683,0,7,7,72,1,8,5,22
8859,20,-858220599036580567,0,8,8,77,1,3,1,10
8860,20,-7458374134488360581,0,6,6,81,1,5,2,10
8861,20,1643073513764409426,0,10,10,75,2,7,4,19
8862,20,-1940011818744141873,0,16,16,71,3,12,8,25
8863,20,-1754590381532240964,0,8,8,64,1,6,4,14
8864,20,6995625578964056154,0,10,10,70,7,4,3,9
8865,20,414499619727395358,0,11,11,69,5,5,3,9
8866,20,1501593351707672552,0,2,2,72,2,4,2,10
8867,20,-7038259091678638967,0,11,11,70,6,4,3,11
8868,20,3961380908485203339,0,18,18,76,1,6,3,12
8869,20,6380768068324466839,0,9,9,75,2,10,8,21
8870,20,-2090326140892641805,0,7,7,80,1,4,2,8
8871,20,-6883613409315021340,0,10,10,80,6,3,2,6
8872,20,-8696229132312131581,0,3,3,76,2,6,3,11
8873,20,-5921345514924222787,0,9,9,70,1,5,3,10
8874,20,2184118759938991776,0,9,9,74,2,5,3,14
8875,20,-978549777346443241,0,12,12,73,4,2,1,3
8876,20,-7046537740017306677,0,16,16,73,4,3,1,9
8877,20,-3481161921879042877,0,9,9,76,4,7,3,20
8878,20,-5783897914013837071,0,11,11,79,1,9,5,27
8879,20,-2231952316068479010,0,12,12,80,2,6,3,10
8880,20,-5171689550749558655,0,7,7,72,1,4,2,10
8881,20,2908640108096690829,0,13,13,70,2,4,1,11
8882,20,5545573302449607871,0,7,7,71,1,4,3,9
8883,20,-7444998019346736918,0,14,14,80,2,4,2,9
8884,20,-3474103676990558249,0,9,9,76,2,8,4,19
8885,20,-669427446591978951,0,9,9,76,1,6,3,15
8886,20,-266504391943464651,0,18,18,72,3,5,3,12
8887,20,-5206384227093925794,0,6,6,78,1,4,1,9
8888,20,-5933888677199487981,0,16,16,71,1,6,3,18
8889,20,5816617295272399507,0,7,7,79,3,9,7,18
8890,20,-2082756926232902829,0,7,7,76,6,5,3,10
8891,20,8762381926570977109,0,10,10,75,2,7,6,25
8892,20,-6191619676637862258,0,10,10,78,1,6,4,16
8893,20,-983262825532661345,0,18,18,71,2,3,2,8
8894,20,-2134301356131109780,0,5,5,81,2,3,1,7
8895,20,-3766358908361003686,0,12,12,69,4,4,2,9
8896,20,-408234596247073227,0,13,13,74,3,4,2,10
8897,20,-8128386681671153901,0,10,10,76,6,4,3,10
8898,20,-7517846943908378456,0,3,3,74,1,7,5,16
8899,20,-7308579661218604306,0,15,15,75,4,4,2,11
8900,20,6677352231429826059,0,16,16,67,3,4,2,11
8901,20,-2461332445643759910,0,9,9,73,7,4,2,11
8902,20,8212990868372020611,0,7,7,79,1,3,1,8
8903,20,-1724704602856662011,0,11,11,73,4,3,2,8
8904,20,8276103898434470821,0,12,12,71,4,2,1,6
8905,20,-2591784713865700462,0,13,13,75,1,4,2,11
8906,20,-5945597640305809332,0,5,5,76,2,6,3,14
8907,20,-3885784562905437559,0,11,11,73,2,6,2,16
8908,20,2448983058818678188,0,10,10,75,6,3,2,8
8909,20,-2675957957910304497,0,12,12,71,4,6,4,14
8910,20,3636347489977375911,0,0,0,74,2,5,2,16
8911,20,4839851850112506070,0,13,13,68,2,8,6,18
8912,20,-2583664241828644257,0,11,11,74,1,7,5,17
8913,20,-4996009523526967594,0,14,14,76,1,6,3,14
8914,20,-8767496120543747317,0,11,11,75,2,5,2,8
8915,20,317683264220310588,0,5,5,76,6,3,2,6
8916,20,-3529931981196931570,0,7,7,77,3,2,1,3
8917,20,6798023354279297698,0,14,14,77,2,4,2,14
8918,20,4035067509483282245,0,16,16,69,3,7,4,25
8919,20,-8420339463193081983,0,12,12,77,5,3,2,7
8920,20,-8021251678867707488,0,11,11,71,6,2,1,6
8921,20,-4161417126350431517,0,13,13,75,3,5,2,9
8922,20,8280588099925165812,0,15,15,78,3,4,2,12
8923,20,-5048106142215903908,0,10,10,77,1,3,1,6
8924,20,731972397792254222,0,8,8,71,9,2,2,6
8925,20,8283447589173203258,0,12,12,73,4,4,2,6
8926,20,-5884152840337373174,0,7,7,79,2,6,3,17
8927,20,12264764410995451,0,7,7,78,1,6,4,13
8928,20,958921560626139622,0,11,11,78,2,5,3,14
8929,20,-6310641659332745985,0,9,9,72,1,9,6,20
8930,20,-4551400183927849135,0,5,5,71,4,4,3,8
8931,20,6907591871210691198,0,10,10,79,2,2,1,4
8932,20,4200051862907212233,0,14,14,69,4,2,1,6
8933,20,-1553878002632954437,0,4,4,79,2,4,1,12
8934,20,-427407415395320092,0,10,10,75,6,5,3,11
8935,20,2728666941507407225,0,15,15,76,6,4,3,4
8936,20,-7589025444107465492,0,14,14,78,4,4,2,9
8937,20,-7827288800732942930,0,18,18,69,3,3,2,10
8938,20,5137089072545359025,0,10,10,82,2,5,2,14
8939,20,-833085371501453450,0,14,14,75,3,4,2,9
8940,20,9141956441496169627,0,10,10,72,8,1,1,2
8941,20,-5287950213485890486,0,13,13,80,5,4,3,5
8942,20,-3374835022299430658,0,7,7,81,2,5,3,11
8943,20,-3118821705869467535,0,9,9,73,1,4,2,12
8944,20,7522072822439583154,0,14,14,68,3,6,5,13
8945,20,-7483050442102566730,0,11,11,69,4,3,2,9
8946,20,-880760688666964767,0,2,2,73,5,3,2,9
8947,20,6904864506697082714,0,18,18,71,4,3,1,8
8948,20,4775960816767250210,0,10,10,76,6,6,4,15
8949,20,-2071193082530278324,0,8,8,69,1,4,2,15
8950,20,-1440275783764201273,0,15,15,70,4,4,3,10
8951,20,-5442022537983050601,0,16,16,71,2,6,4,13
8952,20,2211276854098198642,0,6,6,76,1,5,2,10
8953,20,8231803548707251483,0,17,17,73,5,4,3,7
8954,20,1703523239004347118,0,7,7,74,6,2,1,6
8955,20,-2712937206291442561,0,11,11,74,2,6,3,15
8956,20,3979822454067773499,0,19,19,67,1,10,7,24
8957,20,-1611298016049373083,0,12,12,71,2,4,2,9
8958,20,3442236211826877930,0,9,9,69,2,6,4,17
8959,20,7538302554102946271,0,13,13,78,1,5,2,12
8960,20,5467678357628615339,0,10,10,73,4,2,1,6
8961,20,-6816154207494664926,0,10,10,77,1,4,2,13
8962,20,8613233556199591716,0,16,16,75,4,2,1,5
8963,20,-4514589292190693255,0,8,8,72,2,4,3,11
8964,20,-3288805829118806013,0,7,7,76,1,6,4,9
8965,20,6262571969587994236,0,13,13,80,1,7,3,15
8966,20,8297229545595682134,0,8,8,73,1,5,2,16
8967,20,-593320897664395391,0,7,7,81,3,4,2,10
8968,20,7662835932739660569,0,2,2,77,1,12,8,27
8969,20,-1526086749994957231,0,7,7,74,4,4,2,8
8970,20,6754769668298250000,0,8,8,76,1,5,2,12
8971,20,-8972699177956051938,0,9,9,74,1,8,5,24
8972,20,-8003047157097353257,0,13,13,81,1,5,2,12
8973,20,-128967694268770380,0,14,14,78,2,7,3,17
8974,20,4507667492180781367,0,9,9,76,4,6,3,12
8975,20,3977200917577337839,0,18,18,73,5,5,3,8
8976,20,-7191612036916815430,0,10,10,72,4,2,1,4
8977,20,-7319409978194445972,0,5,5,74,4,3,2,10
8978,20,3489645466797268352,0,10,10,76,1,5,3,12
8979,20,-8244064178335455357,0,11,11,69,1,6,3,14
8980,20,-7080901235572747693,0,6,6,79,4,8,4,22
8981,20,3426334925923281012,0,18,18,78,2,8,4,19
8982,20,2930696316966109433,0,7,7,67,2,4,2,7
8983,20,4848012597383484639,0,16,16,82,7,3,2,11
8984,20,-1614171698714327094,0,11,11,75,2,3,1,12
8985,20,2130605591137700473,0,12,12,77,1,5,3,14
8986,20,5530357588176034433,0,12,12,79,6,2,1,6
8987,20,6995186994603647485,0,14,14,75,7,5,4,14
8988,20,-6555760888234005674,0,12,12,68,4,4,2,15
8989,20,-6019160078642835361,0,6,6,69,6,2,1,4
8990,20,-5738235985296830133,0,15,15,75,6,3,2,3
8991,20,5621311758978606919,0,10,10,74,2,5,4,15
8992,20,-1246603970722922554,0,16,16,70,7,6,5,17
8993,20,-3463164010125924163,0,8,8,79,4,6,4,13
8994,20,2872403971538314079,0,11,11,79,1,4,1,7
8995,20,4378528000894263840,0,16,16,79,3,7,5,23
8996,20,-1678365416412448773,0,9,9,70,8,1,1,1
8997,20,6012579216402350684,0,8,8,79,1,7,3,19
8998,20,-5401037278672376807,0,7,7,77,3,4,1,9
8999,20,5512856249945497435,0,11,11,72,1,7,4,17
9000,20,3042527060757865835,0,11,11,75,2,2,1,5
9001,20,1420693735277616827,0,5,5,74,6,2,2,6
9002,20,-660315565131646296,0,11,11,83,1,4,1,8
9003,20,93729937298175426,0,8,8,65,4,3,2,15
9004,20,-1900501944597907808,0,5,5,70,3,4,1,10
9005,20,-4966662819602369394,0,6,6,72,6,3,1,10
9006,20,-1270259358104078192,0,11,11,73,4,2,1,5
9007,20,5515017067043410064,0,14,14,72,5,3,2,5
9008,20,6751494023637288375,0,12,12,66,1,5,2,13
9009,20,1010174620202148411,0,0,0,73,1,6,2,18
9010,20,6804992592056868905,0,9,9,71,3,3,1,8
9011,20,4184831826436966903,0,7,7,74,2,5,2,8
9012,20,1941616768290141922,0,11,11,71,2,5,3,10
9013,20,3893795370201772124,0,9,9,72,1,3,2,10
9014,20,315208726790390557,0,17,17,73,3,7,5,16
9015,20,8868407267255686556,0,8,8,75,4,5,2,11
9016,20,-5742130466554829082,0,12,12,74,3,6,4,14
9017,20,-6873489448839175105,0,11,11,76,1,5,2,12
9018,20,-1454029407426846482,0,9,9,72,5,4,3,10
9019,20,8333188771068148502,0,11,11,82,1,4,2,10
9020,20,-4269617418283030114,0,15,15,71,5,4,2,12
9021,20,-519646370499845527,0,5,5,71,1,5,2,13
9022,20,2951280458337586542,0,2,2,74,4,4,2,7
9023,20,2655547158183321714,0,18,18,76,2,8,4,18
9024,20,-8831051196246550410,0,13,13,78,1,4,1,6
9025,20,8781741694591017231,0,9,9,73,3,3,1,9
9026,20,6276025158479390532,0,12,12,68,6,3,2,6
9027,20,5236900930787042482,0,8,8,67,3,4,3,9
9028,20,-7298093937923411728,0,4,4,79,3,4,2,11
9029,20,6488522888515562139,0,18,18,77,2,8,4,21
9030,20,6037801161635995246,0,14,14,73,5,2,1,6
9031,20,4175432417180093001,0,14,14,80,2,2,1,2
9032,20,4020257058967585571,0,3,3,78,2,10,7,18
9033,20,6054927274750406701,0,7,7,76,4,8,5,27
9034,20,-3400933120424719686,0,7,7,77,2,5,3,11
9035,20,-3573875408964701792,0,14,14,76,2,5,3,10
9036,20,-2017561155126267849,0,9,9,71,1,10,8,31
9037,20,7424594417930431511,0,13,13,68,2,3,1,8
9038,20,-9108002369237249461,0,10,10,76,4,3,2,7
9039,20,2115140797667124117,0,10,10,75,2,5,2,10
9040,20,3038602513181309162,0,15,15,79,3,11,8,28
9041,20,-4851741625747254176,0,15,15,72,4,3,2,10
9042,20,-2647895583920627686,0,8,8,72,3,5,3,16
9043,20,5303684693192764407,0,9,9,73,5,3,1,8
9044,20,8154919718327589902,0,0,0,69,6,4,2,8
9045,20,4936179948561915202,0,18,18,70,1,5,2,16
9046,20,-7505503043870037389,0,8,8,64,1,8,5,27
9047,20,-3918819373703478261,0,7,7,70,2,8,4,17
9048,20,-2382642834162350840,0,14,14,69,6,5,4,12
9049,20,-180485094727365715,0,14,14,79,4,7,6,19
9050,20,8127463179265067380,0,14,14,75,8,2,1,4
9051,20,6131629797543070986,0,15,15,71,2,8,6,30
9052,20,5575449528648960595,0,12,12,68,4,4,2,8
9053,20,1547860555242592194,0,10,10,66,2,4,2,13
9054,20,-3620287882089570927,0,8,8,66,6,3,3,7
9055,20,-7823167163656037728,0,15,15,75,2,10,6,28
9056,20,508916704046218235,0,14,14,68,1,6,4,14
9057,20,-45426648595308712,0,10,10,77,6,4,3,6
9058,20,8641335485009200659,0,10,10,72,5,3,1,8
9059,20,-2109294212108710545,0,10,10,71,3,7,5,19
9060,20,4004906051694019107,0,13,13,75,2,8,4,17
9061,20,6978005481608341626,0,10,10,73,1,5,2,15
9062,20,-4910111694160844908,0,14,14,73,4,4,2,10
9063,20,1390865013536947594,0,19,19,69,3,7,4,22
9064,20,-5054373921734800513,0,3,3,87,1,5,2,7
9065,20,4655357513116578790,0,16,16,76,2,5,3,13
9066,20,-4154570615181344124,0,13,13,73,3,3,2,9
9067,20,-4617191273935031046,0,7,7,78,1,4,1,8
9068,20,3818411536581250010,0,4,4,71,6,8,6,23
9069,20,3357067639778418576,0,6,6,73,5,1,1,1
9070,20,8268211691657124263,0,15,15,70,7,2,1,7
9071,20,-59038225247651267,0,16,16,78,5,4,3,8
9072,20,5065399203718515346,0,13,13,73,2,5,3,14
9073,20,4001941231223707933,0,14,14,79,8,1,1,4
9074,20,3736913673974605973,0,12,12,76,2,6,4,16
9075,20,-8740675636095554878,0,12,12,79,1,9,6,12
9076,20,-3631787587299901161,0,7,7,78,3,4,2,7
9077,20,6193533027096420457,0,2,2,75,2,7,4,15
9078,20,4205277113500248633,0,13,13,75,3,3,1,6
9079,20,-205657726854339218,0,9,9,75,3,4,2,9
9080,20,5695065871128103280,0,6,6,77,2,5,4,9
9081,20,-5018944303274993151,0,17,17,72,2,7,4,20
9082,20,9093310147173183315,0,8,8,82,1,5,3,11
9083,20,2610180228481828122,0,17,17,75,2,2,1,7
9084,20,-4333479747531809611,0,9,9,72,3,5,2,12
9085,20,-5389493916365868631,0,10,10,79,2,6,3,10
9086,20,-2693709745528814346,0,11,11,80,3,4,1,12
9087,20,-5181903703261598958,0,1,1,72,2,4,2,9
9088,20,2451975246943625622,0,6,6,74,3,7,4,17
9089,20,4983778796182539480,0,11,11,76,1,6,3,17
9090,20,-94447973489202422,0,16,16,77,1,12,8,28
9091,20,6765472722208659863,0,12,12,77,4,4,1,11
9092,20,6379572733842442962,0,8,8,68,2,7,5,16
9093,20,5496432972974755127,0,0,0,73,2,5,2,14
9094,20,-8184488309123933493,0,15,15,77,1,4,2,7
9095,20,-4654685822634254754,0,8,8,74,1,4,2,15
9096,20,8993517037712049601,0,5,5,78,3,5,3,11
9097,20,3993382045838025510,0,4,4,72,1,6,3,12
9098,20,8278767104383802696,0,11,11,72,1,4,1,13
9099,20,-151668425298326256,0,8,8,72,5,4,3,11
9100,20,7756555943577155787,0,14,14,82,1,4,1,9
9101,20,8295620142644146231,0,14,14,72,8,2,1,7
9102,20,148458227417297381,0,5,5,69,3,5,2,13
9103,20,-380109792227915320,0,13,13,77,1,5,2,9
9104,20,3344044607053713903,0,5,5,73,2,4,3,12
9105,20,7024366012417833393,0,3,3,81,3,3,1,3
9106,20,6415750982892668121,0,16,16,79,2,5,2,12
9107,20,-8045743735492140136,0,14,14,74,3,4,1,10
9108,20,835227376038094141,0,9,9,74,2,3,1,8
9109,20,-6567369336979035378,0,11,11,70,3,3,1,9
9110,20,-140818367732451919,0,9,9,68,8,3,2,6
9111,20,-4997761714682839292,0,3,3,76,1,3,1,8
9112,20,5180602827744353116,0,4,4,73,2,6,3,12
9113,20,8902614772298098813,0,11,11,75,4,5,3,12
9114,20,-6815104768716280373,0,10,10,74,1,6,3,13
9115,20,-2748482066499104635,0,13,13,74,4,3,1,9
9116,20,4857068213942710277,0,8,8,74,2,9,6,27
9117,20,-7446691856995880607,0,3,3,70,4,4,3,8
9118,20,-6970464019275217188,0,6,6,80,4,4,2,10
9119,20,-5803875822521391353,0,7,7,71,2,9,5,23
9120,20,-3704564370444894075,0,3,3,73,1,3,1,10
9121,20,6830840142035014352,0,8,8,78,1,5,2,13
9122,20,-5356533044053212821,0,6,6,70,3,3,1,6
9123,20,8121930123028301419,0,11,11,73,1,7,4,14
9124,20,4116944029349390911,0,6,6,79,1,8,6,11
9125,20,-6815463121817916908,0,15,15,76,2,4,1,9
9126,20,4437637581891832659,0,6,6,70,4,4,2,8
9127,20,5688040334335922694,0,9,9,76,1,8,6,23
9128,20,1360744530169706792,0,8,8,72,2,7,4,21
9129,20,1860291207683536686,0,14,14,78,2,7,5,17
9130,20,1646727497815889477,0,8,8,79,4,3,1,7
9131,20,2413209901518472992,0,14,14,72,2,8,6,15
9132,20,-1342108442093115830,0,14,14,78,1,6,4,14
9133,20,-8272305970427068594,0,15,15,71,1,4,2,11
9134,20,7048360011872009796,0,12,12,74,1,5,2,14
9135,20,8222931817453242230,0,12,12,76,3,4,2,12
9136,20,5096813056553510465,0,10,10,75,2,4,1,8
9137,20,4128599005342351196,0,15,15,80,1,5,1,16
9138,20,1412272400113893415,0,11,11,81,3,4,2,6
9139,20,592348717964571577,0,7,7,75,1,6,2,15
9140,20,3238686111842699201,0,17,17,77,2,3,1,4
9141,20,9037322023904882291,0,13,13,70,1,3,1,9
9142,20,7788065776172400666,0,7,7,77,2,3,2,10
9143,20,3751768123058050573,0,12,12,85,2,7,4,19
9144,20,-4701147798683033074,0,5,5,74,1,6,4,17
9145,20,-2451663898175451040,0,12,12,82,4,4,2,14
9146,20,6266243978812956701,0,0,0,76,1,9,4,16
9147,20,-8713086329572778869,0,13,13,70,2,4,2,12
9148,20,-8812517425581419646,0,14,14,80,3,4,2,10
9149,20,8128699750856136743,0,12,12,74,2,7,5,15
9150,20,-3778115964004620669,0,11,11,72,2,8,6,20
9151,20,6537212498866774975,0,10,10,79,1,7,5,17
9152,20,1514494584661069834,0,12,12,72,1,8,6,16
9153,20,8709997383381621374,0,11,11,72,1,5,2,9
9154,20,5856497680875074677,0,9,9,79,3,8,5,19
9155,20,-8965256410081095382,0,9,9,71,1,5,2,11
9156,20,5727438123244617641,0,11,11,71,9,2,2,6
9157,20,8657814552655433809,0,6,6,69,3,3,1,7
9158,20,-1680892091427369875,0,11,11,71,1,5,3,11
9159,20,-3263976649672016447,0,19,19,72,7,3,1,7
9160,20,3775550840194739444,0,9,9,70,7,3,2,7
9161,20,5099680933697923388,0,7,7,71,1,7,5,15
9162,20,-4909581500258572101,0,8,8,76,2,5,3,14
9163,20,-7834643781642768276,0,15,15,70,1,4,1,14
9164,20,1889123886563181461,0,17,17,78,1,5,3,5
9165,20,-3547351707002655212,0,10,10,66,3,6,3,17
9166,20,2488625070712873475,0,18,18,74,1,4,1,6
9167,20,515716691428206728,0,10,10,77,3,7,4,16
9168,20,-3772302512895418679,0,9,9,74,5,2,1,6
9169,20,-2020523763104943266,0,13,13,79,4,5,2,7
9170,20,-5140903337147931203,0,14,14,69,1,5,3,16
9171,20,69926771142916198,0,10,10,77,7,4,3,10
9172,20,1307142994823931874,0,13,13,76,2,3,1,8
9173,20,5749627855989021654,0,0,0,69,5,5,1,15
9174,20,-9153416863284675404,0,17,17,78,2,7,4,18
9175,20,2206102720428142537,0,10,10,79,1,10,5,22
9176,20,-2948638432384203579,0,13,13,77,6,4,2,11
9177,20,-7979509798616749334,0,7,7,70,5,3,1,9
9178,20,5668002002267382152,0,9,9,79,1,5,2,10
9179,20,-3206497589009246612,0,6,6,76,2,3,1,6
9180,20,3111926020984460908,0,14,14,81,1,10,6,20
9181,20,84269337355282237,0,8,8,74,5,5,3,8
9182,20,-304471887335823572,0,13,13,78,2,5,3,12
9183,20,7340550293331506810,0,6,6,81,2,6,4,12
9184,20,3592938085974771557,0,10,10,77,3,3,2,4
9185,20,239193611620519204,0,7,7,74,2,5,2,10
9186,20,4926678969205862248,0,8,8,68,1,9,6,25
9187,20,4536196840922396436,0,12,12,69,2,8,5,23
9188,20,2629820039103294033,0,11,11,79,3,4,2,10
9189,20,-5946529302336548564,0,2,2,76,7,5,4,13
9190,20,8678731736948633944,0,4,4,73,3,7,3,14
9191,20,8204452536105846479,0,14,14,74,1,6,4,17
9192,20,6917626854316501094,0,4,4,80,1,7,3,12
9193,20,-3088680508441939310,0,19,19,75,1,7,2,24
9194,20,-7418793984759836693,0,2,2,78,2,4,3,10
9195,20,2986681217798690355,0,15,15,69,7,2,2,8
9196,20,-5399071786334650386,0,13,13,73,1,4,1,10
9197,20,-4218378141115802167,0,11,11,82,4,6,3,15
9198,20,-2359312356133617563,0,11,11,72,7,2,1,6
9199,20,-4498321501434371523,0,12,12,73,1,5,2,12
9200,20,139420534401356486,0,10,10,75,3,3,2,7
9201,20,-656120160238870792,0,7,7,67,5,4,3,11
9202,20,2151128464738648285,0,12,12,74,8,4,3,11
9203,20,-6021447971684708643,0,9,9,75,3,3,2,6
9204,20,8256538965211235552,0,12,12,77,3,4,2,10
9205,20,170430177127359609,0,17,17,83,3,4,3,7
9206,20,-1672391722838204736,0,10,10,73,1,3,1,6
9207,20,-1659214775092801159,0,7,7,74,2,5,2,12
9208,20,-6717561922670695743,0,11,11,75,7,5,4,12
9209,20,-5617792438759599780,0,11,11,68,7,3,2,8
9210,20,-1155739728251105972,0,7,7,78,2,5,2,13
9211,20,-4936991689729381527,0,14,14,72,1,7,4,19
9212,20,4848741236425656323,0,12,12,68,4,2,1,6
9213,20,-9077116158103134238,0,11,11,77,3,5,3,11
9214,20,-8879815550993183722,0,16,16,69,6,7,5,18
9215,20,-8219502134678702984,0,9,9,71,3,3,1,11
9216,20,-3300748597201642028,0,10,10,73,6,3,2,9
9217,20,1989682532252554242,0,12,12,71,4,4,3,11
9218,20,-3137194471872848508,0,14,14,72,4,4,3,5
9219,20,6457373790788990313,0,12,12,83,1,6,1,10
9220,20,7792086428249180534,0,10,10,75,3,4,3,9
9221,20,6177182299171536359,0,15,15,72,2,4,1,13
9222,20,-335354266940682924,0,15,15,83,2,5,2,8
9223,20,-4599002559402110352,0,15,15,71,3,5,3,14
9224,20,-4976228376557866307,0,2,2,76,1,7,3,13
9225,20,1000420563323112559,0,10,10,71,6,4,3,12
9226,20,-5243826253263829229,0,3,3,76,3,7,5,17
9227,20,440685494028223925,0,11,11,81,5,5,2,12
9228,20,-8361383838510298476,0,7,7,73,2,3,1,9
9229,20,-4843244447227744338,0,9,9,71,2,4,2,12
9230,20,3010082551920835751,0,6,6,75,1,5,3,7
9231,20,8449711305619728853,0,15,15,73,2,5,3,11
9232,20,-6411820871517070984,0,7,7,68,2,8,4,15
9233,20,159212260827204457,0,8,8,75,2,6,3,16
9234,20,-3629664486500426554,0,15,15,80,7,4,2,8
9235,20,5326000356737471584,0,15,15,69,7,4,3,7
9236,20,1503208918357270011,0,10,10,76,4,4,2,13
9237,20,-8935824926044751460,0,11,11,77,1,3,2,7
9238,20,8894696125806107004,0,11,11,76,4,3,2,7
9239,20,3571053395850297436,0,8,8,74,6,6,4,16
9240,20,2484139152016915266,0,6,6,79,1,3,2,5
9241,20,7219106604963568885,0,3,3,73,1,3,1,7
9242,20,2173625749795159721,0,8,8,73,4,2,1,6
9243,20,-8184123819845695296,0,11,11,72,2,3,1,8
9244,20,1490448546557278088,0,6,6,70,2,5,3,13
9245,20,4807057014771303254,0,11,11,75,2,6,3,16
9246,20,-9200714480463570815,0,18,18,75,5,6,4,10
9247,20,2827062803020935930,0,5,5,78,1,6,2,18
9248,20,-5919072951764219239,0,17,17,70,2,7,5,17
9249,20,3966857546364213334,0,10,10,80,3,5,2,15
9250,20,7924540233983617546,0,10,10,73,7,3,2,6
9251,20,-6417812181218850454,0,13,13,80,1,3,1,11
9252,20,6750316027091041367,0,3,3,79,1,5,2,6
9253,20,7986435886581540801,0,11,11,75,2,6,2,14
9254,20,4740521747468186529,0,7,7,77,1,6,3,14
9255,20,6073158037695694309,0,12,12,79,2,5,3,12
9256,20,3551981971227611961,0,13,13,73,2,6,5,12
9257,20,2764649782779277332,0,14,14,72,3,3,1,8
9258,20,-3081475054794307210,0,13,13,67,2,5,3,21
9259,20,-5367333772153107405,0,7,7,86,1,3,1,4
9260,20,6937279617595331271,0,8,8,67,2,3,2,6
9261,20,-9191852465710627582,0,8,8,75,1,9,4,24
9262,20,-5268494443715413493,0,10,10,79,4,4,2,13
9263,20,7533512340366292112,0,13,13,74,2,5,2,9
9264,20,-6829228302857385441,0,13,13,73,2,6,4,13
9265,20,6553788753174905329,0,10,10,78,4,9,7,20
9266,20,8896164210694538424,0,16,16,69,6,2,1,7
9267,20,6081949316890846767,0,4,4,72,1,4,2,5
9268,20,5115783724298973811,0,17,17,76,4,4,2,6
9269,20,-7044274120788276099,0,14,14,73,5,6,3,16
9270,20,-512843731043983318,0,13,13,68,2,5,3,16
9271,20,8990847927955046834,0,15,15,80,1,8,5,15
9272,20,-8807747463823467127,0,5,5,78,2,5,3,10
9273,20,-5974368665456007435,0,18,18,73,3,4,3,7
9274,20,4371978002771431648,0,13,13,76,5,3,2,6
9275,20,3240112640215129012,0,12,12,81,3,9,6,16
9276,20,2704732902197736506,0,11,11,74,7,2,2,6
9277,20,-8371740249480064295,0,14,14,72,4,5,3,13
9278,20,1824139311875542957,0,14,14,72,1,2,1,3
9279,20,-2042634542147762369,0,10,10,87,3,6,3,10
9280,20,6176970578012898547,0,10,10,72,1,5,1,14
9281,20,936487224454431586,0,10,10,78,3,6,4,18
9282,20,4071232056753635385,0,11,11,77,1,6,3,9
9283,20,7285888466997375062,0,15,15,73,4,2,1,4
9284,20,5472926515392848439,0,10,10,79,2,7,4,17
9285,20,-3273055896615215110,0,16,16,76,1,6,3,12
9286,20,-5017700682069657728,0,11,11,75,4,5,2,10
9287,20,-7067580563111950739,0,11,11,75,7,4,3,8
9288,20,-3010212572195925734,0,17,17,73,2,3,1,4
9289,20,4220025752417949375,0,3,3,76,3,5,3,7
9290,20,-8350329767574285743,0,11,11,68,4,3,2,7
9291,20,-8339086785087244565,0,11,11,72,1,2,1,2
9292,20,1081876723705579463,0,12,12,78,5,1,1,1
9293,20,6809471024534126341,0,12,12,74,1,7,5,17
9294,20,-3843975750177793072,0,5,5,79,6,4,3,10
9295,20,4209819315976452015,0,12,12,73,2,6,4,15
9296,20,-1150541110643459076,0,5,5,74,7,2,1,5
9297,20,2691939554082589649,0,5,5,77,1,4,1,11
9298,20,-5180031607266786316,0,9,9,73,1,8,5,18
9299,20,-1090695806687731320,0,12,12,71,1,7,5,12
9300,20,-7588662543290203767,0,11,11,67,2,3,2,7
9301,20,551926133854277214,0,15,15,71,1,3,1,7
9302,20,390069189708965386,0,17,17,70,1,4,1,7
9303,20,3116994997483608764,0,9,9,81,4,5,3,8
9304,20,-6091852841856583467,0,15,15,66,4,5,2,17
9305,20,-8222972329404249956,0,13,13,76,1,9,5,21
9306,20,8303888139486601008,0,9,9,71,1,5,3,13
9307,20,-8698418933037821566,0,14,14,75,4,4,3,12
9308,20,-8952883059227095719,0,14,14,75,3,4,2,17
9309,20,-4504410708358033492,0,10,10,70,2,11,8,23
9310,20,1733262869332473051,0,3,3,76,1,5,2,11
9311,20,-2820048523895273848,0,8,8,75,1,6,4,20
9312,20,4895348365153928226,0,12,12,70,3,2,1,5
9313,20,-4530851339066638747,0,13,13,75,1,6,3,16
9314,20,-1510139207337440431,0,1,1,75,2,9,6,20
9315,20,-3788698371349747859,0,8,8,74,2,4,2,9
9316,20,9049641051962268243,0,16,16,73,5,2,1,5
9317,20,7553539837183915986,0,4,4,83,1,8,4,17
9318,20,-8205722875984466896,0,13,13,73,2,4,2,13
9319,20,-275025921002817208,0,11,11,72,1,6,3,17
9320,20,-8918055923195055199,0,7,7,69,4,3,2,7
9321,20,-8695213207028368974,0,8,8,67,3,5,3,22
9322,20,-5520254582351029019,0,10,10,79,2,6,3,12
9323,20,5019823091662295839,0,7,7,73,2,4,1,10
9324,20,-500299547012687659,0,6,6,76,6,3,2,7
9325,20,7618069554171592439,0,12,12,75,6,3,3,8
9326,20,-1970721769408625354,0,10,10,77,1,7,4,19
9327,20,634381176625260657,0,4,4,74,1,8,5,19
9328,20,-2571257546557323698,0,11,11,77,4,5,3,12
9329,20,-6982225614043631032,0,16,16,79,3,7,4,14
9330,20,-1880970729254574663,0,13,13,72,1,4,2,10
9331,20,-7173254388742347859,0,14,14,79,4,6,5,17
9332,20,-3922594487712331140,0,13,13,71,3,7,4,16
9333,20,-5331663292496072578,0,13,13,66,2,4,3,10
9334,20,7342035970912755290,0,8,8,70,1,5,3,15
9335,20,-5754925180604084040,0,8,8,75,1,7,4,20
9336,20,-2175362917669211034,0,18,18,81,1,7,3,14
9337,20,6752076833052171050,0,2,2,75,1,4,2,11
9338,20,3618747483062109401,0,2,2,70,3,5,3,13
9339,20,6580167360511547243,0,4,4,77,5,5,1,10
9340,20,5565784415189439013,0,12,12,69,6,1,1,1
9341,20,-4205268789070054642,0,8,8,67,4,5,2,12
9342,20,-5876366011791848631,0,8,8,72,2,4,3,10
9343,20,-4136882608156719597,0,9,9,71,5,2,1,6
9344,20,3182585802056597351,0,12,12,72,4,6,5,21
9345,20,5596346839532335776,0,12,12,71,3,5,3,12
9346,20,-2286028907218372973,0,0,0,74,1,8,4,18
9347,20,-2848595021156766736,0,11,11,72,3,4,2,13
9348,20,4992140872789951469,0,13,13,71,2,8,5,17
9349,20,-7364452198290571126,0,13,13,69,2,5,2,14
9350,20,-230550232913500943,0,15,15,70,2,5,3,16
9351,20,1425992568114512822,0,9,9,71,7,1,1,4
9352,20,-4797626237891919347,0,17,17,69,2,3,2,10
9353,20,-1971335987720744404,0,12,12,77,4,3,1,6
9354,20,382839150611031155,0,4,4,75,1,3,1,9
9355,20,-2172276658270654962,0,14,14,72,6,3,2,9
9356,20,-6096395596078910160,0,13,13,71,1,13,8,32
9357,20,-305821057644042727,0,17,17,73,6,6,3,13
9358,20,-6038170211122194051,0,14,14,70,3,7,5,15
9359,20,-2970152886205187050,0,12,12,71,4,3,2,9
9360,20,7537318303614926933,0,13,13,77,1,8,4,17
9361,20,-6229599227186528619,0,14,14,75,1,6,3,15
9362,20,7847612093940413767,0,9,9,78,4,5,3,10
9363,20,1929707259461159389,0,14,14,72,2,3,2,7
9364,20,1544759804999945357,0,12,12,82,6,3,2,6
9365,20,8107891138045240350,0,12,12,71,4,5,4,10
9366,20,8935078382575254620,0,15,15,76,4,6,5,6
9367,20,523488046500145384,0,9,9,72,4,3,2,10
9368,20,-1815771855642462339,0,16,16,80,1,6,3,9
9369,20,7201235139975903200,0,12,12,72,5,4,2,11
9370,20,-661185516569354981,0,9,9,74,1,8,5,23
9371,20,3676238442641480368,0,15,15,75,7,2,1,6
9372,20,8657160865068798431,0,8,8,75,3,4,2,9
9373,20,-7333719658534218177,0,11,11,74,3,7,4,21
9374,20,-8913347317284448711,0,14,14,70,2,4,3,9
9375,20,-7144613249706304734,0,12,12,71,7,2,2,2
9376,20,-8368901059018052096,0,9,9,74,2,3,1,5
9377,20,3291343736261658961,0,15,15,73,8,2,2,4
9378,20,7694524783796251966,0,11,11,73,3,8,4,16
9379,20,6948940146016369437,0,11,11,80,3,3,1,12
9380,20,6486636116933705284,0,7,7,70,2,3,1,13
9381,20,21747364934781793,0,3,3,77,2,10,6,21
9382,20,-498237260632509181,0,10,10,75,3,2,1,6
9383,20,7299997542086347511,0,3,3,69,3,2,1,3
9384,20,-3768722594336423010,0,7,7,72,6,4,3,7
9385,20,9213143747446544750,0,9,9,74,1,2,1,3
9386,20,224138729267815482,0,12,12,72,1,3,2,6
9387,20,-4312921066288507655,0,11,11,76,3,3,2,8
9388,20,-4079132861075633128,0,10,10,68,3,2,1,6
9389,20,8604626796367271337,0,13,13,77,2,6,3,10
9390,20,2064456492777126886,0,15,15,74,3,6,3,14
9391,20,3665341541948958686,0,13,13,76,1,5,2,13
9392,20,94507150201045329,0,13,13,64,3,6,4,11
9393,20,-7782659809807074821,0,15,15,77,2,4,1,6
9394,20,3407149651167116766,0,10,10,72,4,5,3,10
9395,20,-6617192635977780904,0,10,10,72,1,5,2,12
9396,20,-7454177383249475846,0,12,12,72,2,7,5,11
9397,20,-6762947832962491780,0,12,12,77,4,4,1,8
9398,20,179480996670059343,0,6,6,71,2,3,1,11
9399,20,7745720105109727371,0,16,16,74,3,4,2,7
9400,20,2908818315828914520,0,10,10,77,1,11,6,27
9401,20,-5586563827752077315,0,14,14,69,3,3,1,7
9402,20,5718715389552608055,0,8,8,71,5,2,1,5
9403,20,-6729819933239162736,0,9,9,72,1,3,1,8
9404,20,-2659146833077691450,0,11,11,73,6,3,1,12
9405,20,4862027340390261375,0,8,8,68,2,7,4,13
9406,20,255788652220373227,0,17,17,71,1,3,1,5
9407,20,4770928069645638388,0,5,5,75,2,7,4,18
9408,20,8825420700076902191,0,15,15,73,2,4,2,10
9409,20,5135625992891231162,0,6,6,63,4,5,3,14
9410,20,7588951026496608913,0,11,11,83,3,3,1,5
9411,20,6581663561289060918,0,11,11,78,1,4,2,11
9412,20,8024402268996298904,0,14,14,69,5,3,2,3
9413,20,6628883923196717463,0,15,15,75,1,9,6,24
9414,20,350285680887213991,0,10,10,77,2,3,1,6
9415,20,2552226881934881868,0,14,14,84,2,3,1,7
9416,20,2384166591721160596,0,18,18,72,2,5,3,9
9417,20,-3029375423165904714,0,17,17,74,4,6,5,11
9418,20,1818761982868821882,0,9,9,77,5,4,2,10
9419,20,1242200223467132191,0,2,2,74,1,3,1,9
9420,20,3100022208287804622,0,16,16,69,4,4,3,7
9421,20,5397985801030741737,0,12,12,79,1,10,7,19
9422,20,-1038590528025243728,0,15,15,77,1,5,3,14
9423,20,2107492919825129738,0,15,15,73,2,4,2,14
9424,20,7855811791967903875,0,8,8,70,2,3,2,7
9425,20,2733350658949705143,0,1,1,77,1,6,3,14
9426,20,4428111710371203775,0,16,16,76,2,3,1,8
9427,20,6044662888129312607,0,13,13,73,2,3,1,8
9428,20,1284766424598427909,0,18,18,78,2,5,2,10
9429,20,7768303616408913114,0,1,1,69,3,6,2,19
9430,20,680319257018775155,0,12,12,73,3,6,4,13
9431,20,5541267746255443170,0,16,16,74,1,4,2,14
9432,20,4947596057163379001,0,17,17,79,1,4,2,10
9433,20,4607602564135220417,0,12,12,71,6,2,1,5
9434,20,2269886927553696364,0,14,14,74,4,4,3,13
9435,20,-4120564176311284148,0,8,8,71,1,5,2,20
9436,20,8465810721699594010,0,5,5,81,3,10,6,28
9437,20,-1574045014074580721,0,7,7,74,2,8,5,20
9438,20,-1980829292841789795,0,13,13,65,7,2,1,7
9439,20,-7347061460291675447,0,8,8,75,1,2,1,2
9440,20,-5060815855746203084,0,15,15,75,6,4,4,8
9441,20,1576361972316144410,0,12,12,67,2,9,6,23
9442,20,1948858801492453839,0,13,13,72,2,4,2,12
9443,20,8306027319409110650,0,14,14,76,1,5,2,16
9444,20,984234902362595881,0,3,3,68,2,6,4,20
9445,20,-4350460656764801939,0,15,15,79,1,5,3,13
9446,20,5581351261605341212,0,6,6,77,3,6,4,13
9447,20,5272147438872208628,0,7,7,73,5,5,5,11
9448,20,-581139236643750608,0,12,12,73,3,3,2,5
9449,20,-1311251578343712442,0,7,7,80,4,5,2,10
9450,20,262042888978315636,0,10,10,71,7,2,1,4
9451,20,5582357184331856832,0,14,14,75,1,5,2,9
9452,20,6422862315262011025,0,8,8,77,1,4,2,9
9453,20,3612109695318086425,0,10,10,68,1,3,1,10
9454,20,5989310272048625691,0,14,14,77,1,3,1,5
9455,20,3316868942595185881,0,6,6,72,3,7,5,11
9456,20,-237512474441698006,0,17,17,65,4,6,3,18
9457,20,-1636273226136329461,0,6,6,74,1,3,1,5
9458,20,-3863647991168981207,0,13,13,75,1,4,2,9
9459,20,-2996771362948318927,0,11,11,73,2,5,3,11
9460,20,-2801396868663811603,0,9,9,79,5,4,2,12
9461,20,-674041431447595913,0,14,14,73,1,4,2,10
9462,20,3638697325375830281,0,5,5,72,2,2,1,10
9463,20,-8715236436531170516,0,13,13,77,2,3,1,7
9464,20,-3869887274329475489,0,6,6,73,1,3,2,5
9465,20,4755379469886556013,0,15,15,75,7,3,2,12
9466,20,2630425311076804090,0,13,13,73,3,3,1,11
9467,20,227232222769781026,0,5,5,78,2,5,2,11
9468,20,-599035867013625061,0,11,11,71,2,5,3,10
9469,20,4454361252468396846,0,9,9,71,1,3,1,10
9470,20,-422417438474235247,0,3,3,81,4,7,4,19
9471,20,-3837101474897416222,0,12,12,80,3,4,2,10
9472,20,431929233297167949,0,13,13,74,2,5,3,11
9473,20,1476009305745488049,0,8,8,77,3,5,2,13
9474,20,3732459102410999349,0,1,1,73,4,2,1,6
9475,20,-3267918314334925526,0,1,1,75,3,2,1,5
9476,20,-6173409601011856840,0,18,18,76,1,4,1,9
9477,20,1678200190416020770,0,13,13,73,3,5,2,8
9478,20,569124135274869154,0,14,14,72,3,7,4,20
9479,20,-1138553803870879184,0,13,13,73,3,5,2,18
9480,20,3687890858584507312,0,5,5,82,6,3,1,7
9481,20,-3287767053529430947,0,15,15,74,1,4,1,14
9482,20,8211735517025650023,0,10,10,77,1,5,1,14
9483,20,4256579678310815260,0,12,12,71,1,3,1,9
9484,20,2428129535005149345,0,14,14,77,4,7,4,9
9485,20,-5127341394935946377,0,8,8,68,4,2,1,5
9486,20,-4459706987347650456,0,9,9,81,3,6,3,13
9487,20,-324366675845017461,0,17,17,71,3,4,1,9
9488,20,-289528484526795130,0,2,2,79,5,6,5,14
9489,20,-5426761607034346698,0,14,14,74,8,1,1,2
9490,20,6905093831096229468,0,9,9,79,7,8,6,23
9491,20,6317471622809637902,0,13,13,71,5,3,1,10
9492,20,1690888152839340274,0,12,12,78,3,9,5,24
9493,20,452023247662381716,0,16,16,82,2,5,2,12
9494,20,3251648181723082319,0,7,7,71,3,3,1,8
9495,20,-2936469456353277783,0,11,11,79,6,4,2,8
9496,20,4077785132674261003,0,12,12,76,3,2,1,8
9497,20,-4070261229559903936,0,11,11,70,3,5,4,14
9498,20,-5080587223356974814,0,12,12,82,2,6,3,11
9499,20,9966022904419924,0,7,7,72,3,5,3,14
9500,20,-8408033076247785718,0,10,10,71,6,3,2,8
9501,20,1659995416897485340,0,14,14,75,2,5,2,10
9502,20,4486936133201301510,0,11,11,72,2,4,1,9
9503,20,-4319649043459018883,0,15,15,78,1,3,1,7
9504,20,-6470774045023372612,0,18,18,72,7,3,1,9
9505,20,7486632095834600896,0,9,9,77,2,7,3,16
9506,20,3481929109246106373,0,10,10,71,1,9,5,20
9507,20,3637272082432027524,0,8,8,78,5,5,3,14
9508,20,5924541269786628,0,10,10,74,3,3,1,6
9509,20,-5571684609621990154,0,11,11,72,2,4,2,10
9510,20,948088185473867641,0,13,13,65,1,5,3,12
9511,20,-1799084007978290882,0,11,11,75,1,3,1,10
9512,20,9122124493655448151,0,12,12,75,3,3,2,6
9513,20,5550574712663524156,0,15,15,73,5,6,4,18
9514,20,-1451816480270256493,0,9,9,77,3,4,1,10
9515,20,-546600296872578701,0,9,9,75,4,4,3,7
9516,20,-8499852563627548098,0,7,7,76,3,4,1,10
9517,20,-216225179738488507,0,6,6,77,5,4,2,13
9518,20,4931017350234788821,0,12,12,72,3,3,2,6
9519,20,-4586135149196398240,0,10,10,84,1,4,1,7
9520,20,7016813394224880599,0,2,2,74,1,4,2,12
9521,20,8479546808922978168,0,11,11,77,1,6,3,10
9522,20,5951160873627057048,0,7,7,68,5,5,4,18
9523,20,-5670661899900754634,0,12,12,83,4,5,4,13
9524,20,4562925731291845973,0,3,3,70,3,6,3,17
9525,20,-3817646410494384017,0,5,5,77,2,3,1,6
9526,20,8276975734780512647,0,11,11,70,6,2,2,4
9527,20,-7870385865665029479,0,19,19,78,1,5,2,7
9528,20,4599875604170265980,0,13,13,77,5,4,2,9
9529,20,-7861939139025267846,0,9,9,77,5,3,1,11
9530,20,-2616605389164132574,0,10,10,78,1,5,2,14
9531,20,-1617210534274305247,0,12,12,62,1,6,3,20
9532,20,-2631305624800126427,0,14,14,80,5,4,1,10
9533,20,6462064999479334682,0,18,18,74,3,3,1,12
9534,20,2152663114959655485,0,18,18,71,1,2,1,9
9535,20,375295651893489372,0,10,10,78,2,8,4,16
9536,20,4355876791547897536,0,7,7,70,5,3,2,6
9537,20,-3964095817731873914,0,11,11,77,2,5,3,15
9538,20,-1547305432022477954,0,7,7,78,2,4,2,9
9539,20,2924481392482682570,0,7,7,75,1,4,1,6
9540,20,-6398771015411752243,0,13,13,74,8,4,3,8
9541,20,6868712778211196201,0,1,1,71,1,5,2,10
9542,20,-5303244719838427934,0,13,13,82,8,2,2,2
9543,20,-8698181236267903136,0,9,9,69,2,3,2,10
9544,20,-5833690617319143326,0,14,14,67,2,3,1,7
9545,20,-2323258277588152543,0,10,10,79,7,4,2,9
9546,20,-779871671809619912,0,7,7,68,4,6,4,13
9547,20,6792279602938616582,0,15,15,72,3,3,2,12
9548,20,-784116673018813784,0,17,17,71,4,7,5,12
9549,20,-5696763902634357310,0,15,15,74,5,6,4,7
9550,20,-3371049537313239644,0,2,2,69,1,6,4,13
9551,20,4754074358544217241,0,15,15,78,1,3,1,4
9552,20,-4715231879005201314,0,10,10,82,6,5,2,8
9553,20,4251562853331659025,0,5,5,69,5,7,5,17
9554,20,8557078952624605726,0,9,9,68,2,2,1,5
9555,20,-2817944052205057558,0,11,11,73,1,7,4,11
9556,20,-4262875264060236203,0,6,6,78,2,6,4,16
9557,20,-851317397156343990,0,12,12,77,1,5,2,14
9558,20,4869550683644755441,0,7,7,76,1,6,3,13
9559,20,-7122314837206815172,0,14,14,82,2,5,3,8
9560,20,4721854694305758706,0,15,15,76,1,14,10,33
9561,20,3766902397832986459,0,7,7,76,3,4,3,10
9562,20,7974077673124907836,0,0,0,73,4,5,3,13
9563,20,-1389862545432126262,0,14,14,80,7,1,1,2
9564,20,6704660657784060847,0,10,10,77,4,4,3,4
9565,20,1667232073776229222,0,17,17,73,3,7,4,16
9566,20,382536591453281396,0,19,19,66,2,4,2,14
9567,20,-6681682945807023297,0,12,12,67,1,6,4,18
9568,20,-3020355891298365031,0,15,15,72,2,13,9,27
9569,20,-5841481217492948157,0,13,13,80,2,5,3,15
9570,20,7907654094506859232,0,9,9,78,1,6,2,15
9571,20,-5340800998284714949,0,7,7,76,1,7,4,16
9572,20,-1314537717501439533,0,11,11,70,1,5,3,12
9573,20,-8729459352607801605,0,10,10,70,2,5,2,14
9574,20,-486475426107738852,0,14,14,70,9,2,2,8
9575,20,-3750600777217156651,0,6,6,80,3,5,2,10
9576,20,7113279075897513234,0,10,10,74,2,3,1,7
9577,20,-41751328699784882,0,6,6,73,4,4,2,7
9578,20,8234762573550548375,0,14,14,75,2,8,4,17
9579,20,-7060249953337270252,0,13,13,72,1,3,1,10
9580,20,-8376767958840297184,0,15,15,75,5,3,2,4
9581,20,6749991635895298606,0,15,15,72,1,6,3,12
9582,20,-208503883817522924,0,9,9,72,1,5,3,18
9583,20,-672824529897271435,0,11,11,73,1,9,7,14
9584,20,8114295301354860378,0,15,15,68,3,2,1,5
9585,20,9140187722550395202,0,12,12,76,1,8,5,15
9586,20,1437422938432230701,0,13,13,72,1,7,4,17
9587,20,-8197782199593836696,0,11,11,70,7,3,2,8
9588,20,1592040418921536306,0,13,13,76,2,6,2,16
9589,20,165125268749246564,0,12,12,77,1,5,1,7
9590,20,-2183731306233037109,0,6,6,70,7,3,2,7
9591,20,-7032811996894639917,0,11,11,75,3,3,2,6
9592,20,1198241436753281197,0,8,8,73,1,4,2,10
9593,20,7191706021300266532,0,4,4,70,3,5,2,10
9594,20,-4568796832785940305,0,9,9,75,2,5,2,8
9595,20,-672059247063908211,0,13,13,77,2,13,10,27
9596,20,-2965134030458486043,0,6,6,79,2,4,2,6
9597,20,-1110495900863547326,0,17,17,72,1,4,2,14
9598,20,3210946463155712493,0,11,11,73,7,2,1,5
9599,20,-8117137551420997148,0,11,11,70,1,4,2,10
9600,20,4321080604537041544,0,13,13,80,4,5,3,10
9601,20,-5081412498464180681,0,10,10,74,5,3,1,6
9602,20,789369224036228204,0,3,3,83,1,5,2,11
9603,20,1484655497129847064,0,15,15,71,1,4,2,11
9604,20,-1160773870098387881,0,8,8,73,4,3,1,9
9605,20,-6539455475961529427,0,8,8,75,5,2,1,5
9606,20,-4322980780925877401,0,4,4,72,2,4,3,6
9607,20,-6369123931594646051,0,7,7,79,3,4,3,9
9608,20,-2204572297322805336,0,11,11,72,1,5,3,5
9609,20,-8214266684854062334,0,7,7,77,1,4,3,8
9610,20,5493189892412701166,0,6,6,67,5,2,1,5
9611,20,2304674737134177757,0,11,11,71,1,5,2,15
9612,20,-1954829381667777307,0,12,12,78,2,7,4,14
9613,20,-1937544844338874422,0,5,5,75,3,3,1,9
9614,20,-1837607233166964378,0,10,10,73,3,4,2,13
9615,20,7774093975483676468,0,13,13,70,4,6,4,12
9616,20,1169827412951657483,0,11,11,74,1,6,3,16
9617,20,-5686933182433113782,0,17,17,74,2,8,5,11
9618,20,1844058324189145093,0,6,6,73,1,4,2,9
9619,20,5301223208798864114,0,8,8,78,5,3,1,8
9620,20,-3218106256647976148,0,10,10,72,2,7,3,17
9621,20,-2786654232853017346,0,12,12,66,2,3,1,6
9622,20,1042462392777981783,0,4,4,74,2,3,1,6
9623,20,8736639217933840285,0,6,6,76,1,3,2,5
9624,20,-1022638206235409171,0,9,9,76,1,5,3,9
9625,20,-7214827611571511021,0,12,12,79,1,4,2,4
9626,20,5657569844083507900,0,15,15,73,1,4,2,10
9627,20,-5582474831882597460,0,16,16,74,2,8,6,15
9628,20,3025562022425050889,0,9,9,81,1,4,2,8
9629,20,-5098653660981592339,0,7,7,70,2,6,3,16
9630,20,-6665139062949210649,0,4,4,72,4,5,4,13
9631,20,2078741713535762445,0,5,5,74,2,5,2,10
9632,20,-9026115374851309364,0,9,9,82,4,9,5,20
9633,20,6570933855602584995,0,8,8,76,4,6,3,15
9634,20,-5975362981220088992,0,14,14,72,2,5,3,10
9635,20,-4138332914827662688,0,16,16,74,3,5,3,16
9636,20,-1149919685822525032,0,14,14,78,1,4,1,9
9637,20,-355363383288118146,0,16,16,79,4,5,3,10
9638,20,-7354682318584413437,0,14,14,65,5,2,1,5
9639,20,-7297672328048228167,0,10,10,75,3,8,4,16
9640,20,4376008074389743459,0,11,11,67,2,4,2,18
9641,20,-7719340273435755138,0,4,4,71,1,4,2,10
9642,20,6131058920650084479,0,11,11,72,2,4,2,12
9643,20,-6802704031003594334,0,8,8,69,1,8,5,30
9644,20,-1312074026038893257,0,13,13,75,2,10,8,27
9645,20,4922901111327889365,0,14,14,74,5,5,3,16
9646,20,7047238371691909592,0,5,5,79,1,4,1,6
9647,20,-1401865712616873706,0,14,14,79,1,3,2,5
9648,20,2454373393948551601,0,8,8,71,6,4,3,8
9649,20,108702574474349161,0,14,14,72,5,3,2,9
9650,20,-7844139800765952538,0,12,12,74,3,3,2,9
9651,20,7627477918723690952,0,8,8,81,1,4,2,11
9652,20,5135217420758543747,0,14,14,63,6,3,2,10
9653,20,-7854077506168388010,0,13,13,76,3,6,3,17
9654,20,-4163488757309476140,0,9,9,87,1,7,5,12
9655,20,102403703807551450,0,8,8,67,2,4,2,11
9656,20,-2615694979743747597,0,6,6,78,2,6,2,11
9657,20,-909425874118522518,0,9,9,67,5,5,4,14
9658,20,-3995417928355140447,0,10,10,73,1,5,2,14
9659,20,-4062059103278011546,0,14,14,82,2,6,3,16
9660,20,6488262707964018521,0,11,11,74,3,4,2,5
9661,20,6383456559294333096,0,11,11,68,3,6,4,16
9662,20,-7051549745648186462,0,7,7,77,2,6,1,13
9663,20,-4055942783119682823,0,16,16,78,2,4,2,13
9664,20,-2661897308742896731,0,11,11,73,1,4,2,10
9665,20,-4346391622501729594,0,16,16,76,2,6,3,18
9666,20,7866796182810163966,0,10,10,79,1,8,3,17
9667,20,-2059137294149132782,0,15,15,71,8,3,3,11
9668,20,-1210176785807105834,0,13,13,80,2,4,1,7
9669,20,9204080243252488878,0,13,13,72,6,2,1,8
9670,20,8033150659080390449,0,11,11,73,2,6,3,14
9671,20,-8513200571254997080,0,14,14,73,1,5,3,14
9672,20,-5736021494929966204,0,16,16,78,3,8,5,17
9673,20,4540754852509268481,0,13,13,77,3,3,1,7
9674,20,7790418881641755786,0,8,8,69,2,4,2,10
9675,20,-7805384536546699103,0,6,6,79,3,3,1,11
9676,20,1328269361445509463,0,17,17,77,3,6,4,15
9677,20,-7654358373133980785,0,7,7,73,5,3,2,8
9678,20,7326748655354963372,0,10,10,74,5,4,3,12
9679,20,7436704951636263516,0,4,4,75,5,5,4,12
9680,20,494147042246393741,0,5,5,73,1,3,2,5
9681,20,7647836308285246944,0,17,17,74,1,5,2,12
9682,20,6654070853161128465,0,11,11,72,4,4,3,8
9683,20,-6702280081174304472,0,4,4,77,3,6,3,13
9684,20,2251003157212971384,0,5,5,74,4,4,2,4
9685,20,-7998600791343383122,0,7,7,77,2,4,2,11
9686,20,4366601822320168066,0,1,1,76,8,4,3,14
9687,20,-1016658320398666038,0,5,5,81,2,5,2,15
9688,20,-637689917548794114,0,11,11,79,2,3,2,9
9689,20,4032803251259783273,0,11,11,70,1,5,2,11
9690,20,6210877349453601184,0,6,6,69,6,7,5,15
9691,20,6329745574107565308,0,17,17,74,2,9,7,19
9692,20,-3073862515533458665,0,6,6,75,4,4,2,11
9693,20,-1394238640367583566,0,14,14,68,1,7,5,12
9694,20,62187981884511839,0,5,5,68,8,2,1,7
9695,20,4229284139149529064,0,15,15,72,2,8,5,17
9696,20,-6782887242386554285,0,8,8,75,3,5,3,13
9697,20,712786413312640736,0,5,5,77,5,3,3,11
9698,20,7402975118399630981,0,5,5,65,6,2,1,7
9699,20,-6420843617987149647,0,13,13,71,2,5,2,10
9700,20,-8849797538761066158,0,5,5,72,3,5,2,15
9701,20,1422895723186978686,0,9,9,73,8,1,1,3
9702,20,-4139448148245273808,0,17,17,81,1,6,4,15
9703,20,-3175670748225722390,0,11,11,74,1,6,3,11
9704,20,4788440723564710729,0,16,16,79,2,8,6,19
9705,20,1390619316044669386,0,11,11,72,6,7,6,16
9706,20,-2156506649287122611,0,6,6,78,3,7,3,11
9707,20,-5136955835181789156,0,13,13,69,5,3,2,6
9708,20,-6514711683920535420,0,12,12,71,7,3,2,5
9709,20,6024794736231289912,0,7,7,75,2,4,2,11
9710,20,-5237834170271029214,0,10,10,69,8,2,1,3
9711,20,-7756431001491599291,0,8,8,79,9,1,1,2
9712,20,3155578192080618718,0,2,2,76,1,5,2,11
9713,20,-476043216723108626,0,16,16,71,9,4,4,10
9714,20,1548414592171999172,0,10,10,67,3,4,2,13
9715,20,-6046944803862895020,0,11,11,70,1,6,3,20
9716,20,7173975711895062090,0,14,14,77,4,3,2,10
9717,20,-3515721969269873595,0,12,12,73,2,4,2,7
9718,20,1788477534541004706,0,14,14,77,6,3,2,7
9719,20,2529468697637527982,0,14,14,74,3,4,1,6
9720,20,6879094052376683342,0,10,10,69,3,2,1,4
9721,20,5208545329547315022,0,10,10,73,2,9,6,19
9722,20,1911246413071541496,0,9,9,75,2,4,2,11
9723,20,-4769526566500770388,0,6,6,71,3,4,2,10
9724,20,-201397316451563133,0,12,12,73,1,3,1,7
9725,20,3187539222820846154,0,4,4,78,1,7,4,15
9726,20,3220614596334500189,0,10,10,76,1,5,3,13
9727,20,-7667892072321463269,0,16,16,70,9,1,1,1
9728,20,-5719289373081705450,0,8,8,81,1,5,2,11
9729,20,-7615065110422078671,0,16,16,77,3,4,2,12
9730,20,-3753021455703340746,0,8,8,78,4,6,3,18
9731,20,4541858263699050426,0,3,3,64,2,7,4,20
9732,20,-516200258880947638,0,10,10,79,2,6,2,15
9733,20,-939327230144850899,0,8,8,81,1,5,3,12
9734,20,774123552125758016,0,4,4,67,2,3,2,6
9735,20,-6306573050337466689,0,5,5,77,3,7,5,13
9736,20,-6663141296863355404,0,11,11,74,4,3,1,9
9737,20,7977744576098381340,0,10,10,75,3,3,1,9
9738,20,2121628242329817610,0,10,10,66,6,2,2,6
9739,20,219946606890689875,0,4,4,70,8,3,3,5
9740,20,-8562434969991468547,0,13,13,76,3,7,5,19
9741,20,-2747654756240739567,0,14,14,79,1,7,3,19
9742,20,-2981134814117839752,0,8,8,75,2,7,4,19
9743,20,6677429609499164689,0,18,18,74,4,7,5,17
9744,20,8840289472852234468,0,12,12,77,1,7,5,12
9745,20,6658750716243722450,0,13,13,72,1,11,8,31
9746,20,6316059547428037186,0,17,17,76,3,5,3,8
9747,20,3292959138228496011,0,13,13,70,6,3,2,7
9748,20,-5785887860722861254,0,14,14,80,2,3,1,8
9749,20,8503442599835954012,0,14,14,72,2,7,5,20
9750,20,-1014429059406200974,0,17,17,78,1,5,2,12
9751,20,89510237500190149,0,11,11,83,3,5,3,15
9752,20,2498122422383900195,0,7,7,75,3,5,3,10
9753,20,-5892324801788145829,0,16,16,74,3,3,1,7
9754,20,-541599480591767062,0,8,8,80,3,7,4,17
9755,20,-8417745128966829384,0,3,3,74,2,6,3,12
9756,20,-1282865704878296613,0,13,13,79,2,5,2,14
9757,20,661556625368822963,0,17,17,71,8,1,1,2
9758,20,831787053636138972,0,8,8,67,1,6,3,15
9759,20,-901635176411079472,0,4,4,76,2,5,2,11
9760,20,-1327558444048297937,0,11,11,74,2,4,1,11
9761,20,-3654917833792995078,0,12,12,70,2,3,2,7
9762,20,4163395738489075280,0,6,6,69,3,4,2,13
9763,20,-2704225083056355217,0,10,10,76,6,5,4,11
9764,20,-7470606930293325056,0,16,16,75,7,4,3,11
9765,20,7409860287286409723,0,7,7,79,6,3,1,7
9766,20,3285339098288172961,0,14,14,78,6,3,2,7
9767,20,-7068784162631245464,0,0,0,75,4,5,3,14
9768,20,5699612716388252356,0,1,1,67,1,8,5,20
9769,20,4512775399687739444,0,12,12,75,6,7,5,13
9770,20,9128717279354683904,0,13,13,78,2,6,4,12
9771,20,-5533360939474147964,0,8,8,79,4,5,2,13
9772,20,1618320326600205573,0,11,11,69,2,2,1,7
9773,20,2936029056081930584,0,12,12,71,4,6,4,18
9774,20,3067927332553164272,0,11,11,76,2,6,2,14
9775,20,9167320320866846464,0,12,12,71,9,1,1,1
9776,20,738503182644329183,0,6,6,80,1,6,3,9
9777,20,-6251457304005705009,0,6,6,72,4,6,3,16
9778,20,2951104517519672520,0,5,5,72,2,5,3,14
9779,20,-1145315659411273971,0,10,10,75,3,5,2,13
9780,20,-6154712126195228794,0,5,5,74,2,6,4,16
9781,20,-6017965032492366799,0,16,16,73,4,6,4,17
9782,20,793613615108292404,0,14,14,71,4,5,3,14
9783,20,4790142267810832463,0,16,16,77,4,3,2,5
9784,20,-9098202318227632450,0,13,13,81,7,4,3,7
9785,20,8733315006644906447,0,13,13,78,1,5,3,12
9786,20,-7557760072126446668,0,4,4,73,2,4,2,6
9787,20,-4116318693909102241,0,9,9,75,4,6,4,13
9788,20,-8620024630544622751,0,15,15,83,1,4,1,10
9789,20,-7882669095295783126,0,5,5,75,3,6,3,12
9790,20,6661670385757345052,0,15,15,77,1,5,3,9
9791,20,3533507298339755849,0,15,15,78,1,9,5,20
9792,20,2015594231877172701,0,14,14,72,2,7,3,15
9793,20,-494155044301307526,0,14,14,74,3,4,2,10
9794,20,5516418488451014931,0,10,10,81,2,10,6,22
9795,20,-671819454040299505,0,9,9,72,2,7,5,14
9796,20,5863189984708309683,0,15,15,77,3,3,2,10
9797,20,-5141769571514203608,0,14,14,68,8,3,2,11
9798,20,-9018539842847963500,0,15,15,69,7,3,2,8
9799,20,-8668459911962002140,0,7,7,78,3,7,5,15
9800,20,-1461897982205597447,0,12,12,72,5,2,1,2
9801,20,-357845055982741164,0,12,12,84,2,6,2,17
9802,20,-8899966149651256209,0,10,10,81,5,2,1,6
9803,20,-5326694099641328143,0,8,8,73,1,4,1,9
9804,20,5068987740909912281,0,15,15,69,7,6,5,12
9805,20,-1812489861945878448,0,6,6,82,2,7,3,13
9806,20,7879860913598277577,0,17,17,75,5,5,3,8
9807,20,8631074560540908115,0,11,11,81,2,8,6,17
9808,20,1034366432433134096,0,5,5,71,4,7,4,21
9809,20,7576838072678738978,0,11,11,73,2,4,1,9
9810,20,-5706807518367026536,0,12,12,71,5,4,3,9
9811,20,5297842576630129947,0,9,9,72,3,6,4,13
9812,20,-4698576019676155280,0,18,18,76,5,3,2,10
9813,20,-6147028838295494650,0,13,13,72,1,3,2,5
9814,20,5730420180930638376,0,18,18,72,3,5,3,12
9815,20,-2506802498092794227,0,5,5,71,1,5,3,11
9816,20,8132845735431459934,0,7,7,73,1,5,2,9
9817,20,6366137550892068842,0,11,11,76,1,5,2,9
9818,20,-6498727152416305768,0,11,11,71,3,7,5,15
9819,20,7733820486212038369,0,18,18,77,5,2,1,5
9820,20,-5221702812455905964,0,8,8,72,1,3,1,7
9821,20,1669102868214016753,0,9,9,73,2,3,1,7
9822,20,4599983005662565470,0,13,13,78,1,4,1,14
9823,20,-960059709479907130,0,8,8,68,4,2,1,4
9824,20,-1415863327137618848,0,0,0,70,2,6,1,15
9825,20,8402093933124855281,0,6,6,77,2,5,3,17
9826,20,8351041702802011327,0,13,13,71,2,10,7,28
9827,20,-1283454722703283238,0,8,8,69,1,4,2,10
9828,20,-8539414464679597916,0,18,18,75,2,6,3,13
9829,20,7190237090403728884,0,15,15,77,2,4,2,10
9830,20,-2545348094297521576,0,7,7,71,2,4,2,9
9831,20,-8305009773303046349,0,2,2,69,2,8,4,24
9832,20,-1494073084541947948,0,10,10,74,4,3,1,11
9833,20,-2248008502575387973,0,3,3,75,2,5,2,19
9834,20,3459725176920214680,0,15,15,77,4,3,1,6
9835,20,4841881648251460569,0,16,16,71,3,4,2,9
9836,20,1844705849366719675,0,8,8,73,4,7,5,15
9837,20,-6670083476285431498,0,15,15,75,1,9,6,19
9838,20,6389779076566549827,0,5,5,77,2,9,7,21
9839,20,-6555447692863901879,0,6,6,69,4,2,1,5
9840,20,595753720818910646,0,6,6,74,3,6,4,9
9841,20,-2102841404320004595,0,11,11,76,5,6,3,15
9842,20,3180833893213730544,0,6,6,74,8,2,2,8
9843,20,-3720023901960921612,0,10,10,76,3,6,3,17
9844,20,1358273022275105591,0,7,7,73,1,5,2,14
9845,20,858469761225158682,0,11,11,66,3,3,2,8
9846,20,-8109385736027386996,0,13,13,74,1,7,4,15
9847,20,4491766158925303229,0,12,12,72,5,4,3,11
9848,20,6320179847491087939,0,14,14,78,3,6,3,12
9849,20,-805227331591816467,0,9,9,84,1,7,2,19
9850,20,6958744083460268758,0,13,13,75,3,4,1,6
9851,20,2647685637624250495,0,7,7,75,5,7,6,16
9852,20,-326185800215646475,0,7,7,71,1,3,1,6
9853,20,-8698224972531652281,0,18,18,72,1,3,1,11
9854,20,271448430389410016,0,6,6,72,2,4,2,10
9855,20,-1520932798335902075,0,8,8,74,4,4,1,8
9856,20,5532082217615604473,0,7,7,72,1,5,2,16
9857,20,1506840850346973087,0,13,13,82,2,7,4,18
9858,20,511997487150537876,0,10,10,72,5,2,2,4
9859,20,-4116097912464551664,0,16,16,75,2,4,2,9
9860,20,3910999712648528913,0,12,12,79,1,5,1,10
9861,20,-8647844665046581600,0,4,4,70,1,4,2,12
9862,20,-1731168362210871763,0,11,11,76,1,2,1,6
9863,20,9043870638460562645,0,9,9,65,2,3,2,9
9864,20,7727339744533943956,0,11,11,77,1,10,7,16
9865,20,7777099344297166249,0,13,13,77,7,3,1,9
9866,20,-6257912670189707846,0,4,4,79,2,6,3,13
9867,20,-4972636881458041732,0,3,3,74,2,5,3,16
9868,20,4691264415011395562,0,7,7,70,5,2,1,6
9869,20,6389853779241674059,0,3,3,75,2,11,7,28
9870,20,-7925737987684384354,0,15,15,76,4,5,3,15
9871,20,-5850238655435900126,0,10,10,73,5,3,2,7
9872,20,3956220052119655697,0,10,10,70,5,4,2,4
9873,20,-6584298545692206641,0,10,10,75,1,5,3,17
9874,20,2429439659639758098,0,8,8,77,4,8,5,17
9875,20,3857999795497504472,0,7,7,72,2,4,2,10
9876,20,-4506829419157921509,0,12,12,69,2,4,2,6
9877,20,6981963165892863406,0,12,12,78,2,4,1,12
9878,20,-314239146710417758,0,2,2,76,3,5,3,11
9879,20,-4649457971238186207,0,6,6,69,1,3,1,7
9880,20,1270867640702190510,0,11,11,75,8,4,3,14
9881,20,-8356285210031053802,0,10,10,76,4,9,6,25
9882,20,6070449740485254828,0,9,9,70,1,5,2,15
9883,20,5717110943692481400,0,4,4,78,3,6,3,18
9884,20,3475061347709597570,0,16,16,75,1,6,5,18
9885,20,1689464762230041452,0,8,8,74,2,3,1,11
9886,20,3471756776032847332,0,0,0,90,3,6,2,15
9887,20,6951533742673384904,0,14,14,88,2,7,3,11
9888,20,-499178816944604953,0,11,11,65,2,3,2,12
9889,20,-3160723827879346235,0,15,15,67,6,2,1,7
9890,20,-7391904417783364653,0,17,17,73,2,8,5,19
9891,20,4625667520765269234,0,14,14,80,2,5,2,8
9892,20,3862775291597595708,0,15,15,76,4,6,4,13
9893,20,-7236211777883941525,0,4,4,76,1,8,5,19
9894,20,-3994355863897868973,0,12,12,69,2,7,6,24
9895,20,7661876788516653899,0,16,16,67,8,3,2,8
9896,20,6121102301715637369,0,5,5,71,1,2,1,7
9897,20,1281493419771061086,0,5,5,71,3,3,2,13
9898,20,2506151799495990037,0,14,14,73,1,6,4,15
9899,20,-4248728022194774757,0,10,10,75,4,2,1,7
9900,20,440248348981916070,0,8,8,72,4,2,1,6
9901,20,3307616337991288272,0,10,10,77,5,4,3,13
9902,20,-2966606351337144293,0,10,10,76,2,6,5,9
9903,20,3200711856275583774,0,5,5,81,2,5,2,14
9904,20,5121663710408253282,0,12,12,74,1,5,3,12
9905,20,5684523223760548008,0,9,9,73,3,8,4,24
9906,20,-3005007251749392322,0,8,8,75,4,3,1,8
9907,20,-7306343587908545273,0,14,14,75,2,4,2,6
9908,20,5890193153557936989,0,7,7,79,1,8,6,15
9909,20,151462699473220096,0,4,4,78,2,4,1,11
9910,20,-2164744208149987671,0,11,11,66,1,7,4,26
9911,20,6718783415282521081,0,9,9,77,1,5,3,14
9912,20,3312855209328901085,0,8,8,77,3,6,4,14
9913,20,-3900107129653640025,0,8,8,71,3,7,4,18
9914,20,7117958277350120540,0,8,8,75,4,2,1,5
9915,20,3862616413843129612,0,15,15,72,4,3,2,8
9916,20,-7614874893211648451,0,4,4,73,2,6,4,10
9917,20,2477838285957804704,0,10,10,76,1,4,1,11
9918,20,-3231531887378366806,0,12,12,74,3,5,2,9
9919,20,-810842195964556338,0,9,9,76,1,11,8,22
9920,20,5412091109682959722,0,8,8,74,2,4,2,10
9921,20,-4942715844395120735,0,9,9,78,6,6,4,12
9922,20,-8198726469087570501,0,13,13,72,2,5,3,12
9923,20,2407916174369240255,0,14,14,71,3,5,2,12
9924,20,-1878844955195103131,0,10,10,82,1,6,3,14
9925,20,6753722339375076245,0,13,13,74,1,10,7,20
9926,20,-758341395787885813,0,3,3,71,7,4,3,11
9927,20,8766155086342971347,0,9,9,76,1,5,2,12
9928,20,-4770482587716968253,0,14,14,76,5,7,4,16
9929,20,4277778538552982811,0,14,14,75,5,5,3,12
9930,20,-72923379306987543,0,17,17,68,1,3,1,6
9931,20,-5887381443738731788,0,2,2,73,6,4,3,9
9932,20,8249588111587469616,0,4,4,79,2,10,6,21
9933,20,8779781552781321220,0,15,15,76,1,3,1,5
9934,20,7557275808916120569,0,15,15,75,2,3,1,6
9935,20,-8445322506549506946,0,13,13,70,4,4,2,10
9936,20,4882163239124564967,0,14,14,72,3,4,2,10
9937,20,-7053357939693022248,0,9,9,76,3,9,6,17
9938,20,68941356736199602,0,9,9,73,3,3,1,4
9939,20,-2874925217615311423,0,11,11,77,3,6,4,15
9940,20,8036305417617473852,0,10,10,80,1,6,3,15
9941,20,2448097815087531602,0,15,15,76,2,8,5,19
9942,20,-6223425754969719071,0,5,5,81,1,3,1,7
9943,20,-5946201002316475005,0,0,0,71,4,5,3,15
9944,20,8089609472670498322,0,13,13,74,1,5,3,9
9945,20,-2089305938477910560,0,10,10,78,1,3,1,12
9946,20,539565007109535524,0,10,10,68,2,6,4,13
9947,20,-8175832707748834693,0,10,10,77,5,5,3,12
9948,20,1948036882216407653,0,2,2,76,4,7,5,14
9949,20,5432547701398945828,0,14,14,69,3,4,2,13
9950,20,947322275763103344,0,6,6,76,5,3,1,10
9951,20,-6207734277319109161,0,12,12,76,3,2,1,2
9952,20,5405192293655119810,0,11,11,76,6,3,2,7
9953,20,948620291455228021,0,12,12,79,5,5,3,8
9954,20,-1345923061366669940,0,14,14,71,3,8,4,22
9955,20,-4042194276122972745,0,9,9,82,1,5,2,12
9956,20,-109495752431276086,0,11,11,77,2,4,1,12
9957,20,626965966792837727,0,13,13,69,1,5,3,9
9958,20,6137251626701218452,0,7,7,75,4,6,4,17
9959,20,-123136002725032017,0,8,8,82,2,5,2,16
9960,20,-8681085687297764685,0,7,7,73,1,6,3,17
9961,20,9190783854607944735,0,13,13,71,1,4,2,7
9962,20,3700384613413095286,0,9,9,80,4,7,3,17
9963,20,531248337774793545,0,14,14,77,1,4,3,15
9964,20,-5118156486857593402,0,10,10,75,2,3,1,7
9965,20,352560840213193000,0,16,16,72,2,3,2,9
9966,20,-5015307120592465800,0,18,18,84,3,4,2,9
9967,20,3662118671628319873,0,13,13,78,2,4,2,10
9968,20,-4157987724410322462,0,13,13,72,5,3,2,11
9969,20,-5386477424940151648,0,9,9,77,1,6,2,16
9970,20,-4661965944913163600,0,7,7,75,2,3,1,7
9971,20,4595597106304325191,0,10,10,73,6,5,2,10
9972,20,-2050109828218801672,0,12,12,75,1,9,5,24
9973,20,2245876925114635235,0,6,6,76,2,4,1,7
9974,20,1113252573164401291,0,10,10,73,1,5,3,10
9975,20,1550768998775708929,0,10,10,72,5,2,1,5
9976,20,-8033553430440676979,0,13,13,73,3,3,2,10
9977,20,-1219350261105143553,0,8,8,78,1,2,1,5
9978,20,-2646602936111510969,0,14,14,72,3,6,5,11
9979,20,4316875369369155846,0,8,8,71,2,4,2,10
9980,20,-2260588295705509061,0,16,16,75,1,6,4,14
9981,20,-2268086687182088905,0,16,16,78,4,4,2,11
9982,20,-2503717934836989832,0,13,13,84,3,3,1,6
9983,20,2951506026605185316,0,16,16,76,3,5,1,9
9984,20,-40158063375251665,0,10,10,77,2,5,2,11
9985,20,-5806457491070166143,0,7,7,74,4,2,1,6
9986,20,8588825761640294023,0,7,7,75,3,4,1,10
9987,20,-768032504308024038,0,15,15,70,2,5,3,16
9988,20,-6371780849261504083,0,10,10,87,1,5,1,11
9989,20,-4315494525872796920,0,16,16,78,1,4,2,11
9990,20,-7362823855499708626,0,12,12,79,7,4,3,8
9991,20,-3627626236748857313,0,16,16,84,2,5,3,12
9992,20,4645075940362305928,0,9,9,73,6,5,4,15
9993,20,2113347808375310762,0,13,13,69,2,5,2,13
9994,20,-1356297171577557763,0,13,13,71,3,4,1,15
9995,20,-9024334102445345959,0,5,5,78,2,4,1,10
9996,20,-2491641633418776918,0,13,13,76,2,6,3,14
9997,20,-8405722396935233926,0,9,9,66,2,7,4,14
9998,20,6513694674707409112,0,15,15,71,2,7,5,21
9999,20,-1186125063489832857,0,8,8,74,6,2,1,6
10000,20,7401672643329804434,0,13,13,71,5,6,5,12
