simulationId,cowboyCount,seed,starterId,winnerId,winnerOffsetFromStarter,totalShots,winnerRemainingHp,winnerShotsFired,winnerKills,winnerTotalDamageDealt
1,10,7622549244507814510,0,6,6,31,5,3,2,9
2,10,-176823638348867382,0,7,7,32,7,3,3,9
3,10,4653291594555506559,0,8,8,38,3,7,5,18
4,10,-5429547764223392703,0,5,5,37,1,4,2,12
5,10,1354699720820100286,0,7,7,43,4,4,2,8
6,10,-8558099095430985091,0,4,4,37,4,4,2,7
7,10,7566729063232618657,0,2,2,33,1,4,3,5
8,10,-8796280036588025189,0,2,2,35,1,3,1,12
9,10,-1904176087077157359,0,3,3,35,1,3,2,10
10,10,-5950808297819701377,0,4,4,41,4,2,1,9
11,10,8202580055274905697,0,7,7,32,1,5,3,13
12,10,2069697956329713381,0,4,4,34,9,2,2,2
13,10,2331882227666649723,0,7,7,34,2,3,1,11
14,10,-6907155114764864074,0,7,7,36,2,4,2,9
15,10,5743542032431768924,0,5,5,33,4,2,1,5
16,10,1754090216629634460,0,6,6,33,6,3,2,7
17,10,3000933636146778561,0,2,2,33,6,3,1,7
18,10,-818370409442154536,0,3,3,33,4,7,4,16
19,10,-6494085369291419358,0,2,2,37,1,6,2,16
20,10,-4831476700427871918,0,5,5,35,3,3,2,9
21,10,-7164822578341529121,0,5,5,40,2,6,3,12
22,10,-6681209751587204111,0,5,5,33,1,4,2,7
23,10,-2785428037848741191,0,2,2,35,5,5,3,12
24,10,4092339821109795117,0,7,7,34,2,8,5,17
25,10,3063383483373029763,0,2,2,34,1,9,6,27
26,10,3373133630133326305,0,3,3,36,2,8,5,22
27,10,493181087642310936,0,3,3,39,4,3,1,5
28,10,-1746716152221018267,0,1,1,33,1,4,3,10
29,10,446462409193912975,0,5,5,39,3,7,4,17
30,10,1193011675842738652,0,7,7,38,1,3,1,7
31,10,4831360065858792877,0,8,8,36,4,5,2,10
32,10,8575571794862233545,0,7,7,41,1,5,2,7
33,10,345942164528489626,0,8,8,37,1,8,4,19
34,10,7448151043156876008,0,6,6,35,1,6,3,16
35,10,5239964932791844568,0,4,4,33,4,4,3,9
36,10,-9173191548526301637,0,7,7,30,2,7,5,22
37,10,-2161688254686019728,0,5,5,40,1,5,3,13
38,10,-4645889046326623902,0,1,1,38,3,5,3,10
39,10,-4846666793570864531,0,4,4,35,1,6,4,14
40,10,8504972586755124527,0,3,3,36,3,4,1,10
41,10,2012197841368315278,0,4,4,33,2,2,1,6
42,10,-6052823257482687111,0,5,5,36,3,3,1,11
43,10,8951238588419643446,0,3,3,33,3,3,2,6
44,10,8373285886730576944,0,1,1,34,2,3,1,12
45,10,-6024011126309681497,0,1,1,38,3,3,1,8
46,10,-3199751378429683278,0,3,3,39,4,2,1,3
47,10,-205079082719447953,0,4,4,36,4,7,5,16
48,10,-1230956723516543396,0,4,4,38,3,9,5,22
49,10,9009170572123666977,0,8,8,34,2,4,1,14
50,10,502512276757557602,0,7,7,36,2,7,5,19
51,10,-6468460926580581816,0,7,7,36,4,3,2,9
52,10,-1041959172619497245,0,0,0,43,1,8,5,16
53,10,-3176141123837156967,0,6,6,38,5,3,1,8
54,10,-1250743467814938825,0,5,5,33,4,5,3,11
55,10,2802790474057045607,0,4,4,40,1,7,3,17
56,10,1594636887908444555,0,7,7,33,9,1,1,3
57,10,2247049277431032667,0,4,4,35,1,4,2,9
58,10,-2141993941735040080,0,8,8,40,4,4,3,7
59,10,4950414587910089059,0,3,3,36,1,5,3,11
60,10,4024558437153402159,0,9,9,38,1,6,2,16
61,10,8460830073364808938,0,7,7,35,5,5,4,12
62,10,-8861481111054564448,0,6,6,37,4,2,1,6
63,10,5151774012177519178,0,7,7,37,2,4,2,12
64,10,6091217547875219003,0,3,3,35,2,3,1,8
65,10,-2747216630518444674,0,6,6,36,1,8,5,20
66,10,-3120053898601644369,0,7,7,37,1,5,2,18
67,10,3034305960001825052,0,7,7,41,1,10,6,21
68,10,530950165320721202,0,6,6,42,3,3,2,6
69,10,-3239810975889385343,0,1,1,36,2,6,4,19
70,10,8355546087979150809,0,6,6,34,4,6,4,21
71,10,-469783043654121139,0,5,5,35,3,4,1,8
72,10,-8860139790373583575,0,5,5,33,1,4,3,9
73,10,3078272170296328209,0,0,0,35,2,6,3,17
74,10,1861223411033487853,0,2,2,36,6,6,3,13
75,10,6371430372172172359,0,2,2,34,5,5,3,19
76,10,558336081978973769,0,6,6,39,2,4,2,5
77,10,-4684935535263414398,0,7,7,39,1,6,3,16
78,10,4274643094731897359,0,7,7,35,2,4,3,9
79,10,-974467266348133402,0,8,8,35,1,3,2,3
80,10,2876010997474373712,0,6,6,38,2,4,2,9
81,10,2556742473257242073,0,0,0,31,2,6,4,12
82,10,3881636367721409078,0,5,5,35,2,3,2,8
83,10,-4283235462372645638,0,2,2,35,8,6,5,20
84,10,-5435618743545341167,0,4,4,35,2,5,2,13
85,10,8287095643659210833,0,6,6,35,1,4,2,10
86,10,8922802869860413870,0,4,4,32,1,2,1,10
87,10,-8768726520343391800,0,7,7,39,3,5,3,9
88,10,4372297092407986927,0,1,1,36,6,5,2,12
89,10,1825614279441251546,0,6,6,32,6,3,2,8
90,10,-8762036456603649640,0,4,4,34,1,4,2,10
91,10,3126602431026017417,0,6,6,35,3,3,2,6
92,10,-6850303691888806042,0,4,4,30,7,1,1,4
93,10,-8236622947874188139,0,3,3,37,1,5,3,9
94,10,-7308026951116254363,0,7,7,38,2,6,3,21
95,10,7503361998593243626,0,7,7,34,7,3,2,8
96,10,-5497387776322637437,0,4,4,32,1,3,1,11
97,10,-1268344063882912167,0,4,4,34,1,7,5,21
98,10,-4537393245351792801,0,2,2,35,1,3,2,9
99,10,7007109389799046027,0,6,6,36,4,6,3,23
100,10,2541384518595445350,0,3,3,37,6,2,1,3
101,10,3350996714279151922,0,4,4,33,8,2,2,4
102,10,-6122081210866785503,0,7,7,38,1,4,1,14
103,10,3642725993278335616,0,8,8,35,3,2,1,6
104,10,-6310069696443000377,0,4,4,34,6,4,2,12
105,10,1047077068562554588,0,7,7,34,3,6,5,16
106,10,-6852892927081889767,0,2,2,37,2,3,1,5
107,10,-4257256642702636589,0,5,5,35,4,5,3,13
108,10,-5029367128408372113,0,7,7,40,1,8,4,27
109,10,7607616885527668300,0,1,1,37,1,8,5,19
110,10,26434227140393485,0,5,5,36,4,2,1,6
111,10,9209768725001713919,0,0,0,37,5,5,2,11
112,10,-3085924346636983622,0,9,9,35,1,6,3,19
113,10,8675964771217511976,0,5,5,39,1,5,2,14
114,10,4907356856337128851,0,7,7,35,3,4,2,13
115,10,-4666966213610434953,0,3,3,39,7,2,1,6
116,10,-4926837390399736036,0,4,4,38,1,5,2,12
117,10,-8336891457433127094,0,0,0,37,2,6,2,15
118,10,516544900739520151,0,4,4,36,1,6,4,15
119,10,-7283127629127876067,0,4,4,35,1,6,3,13
120,10,-1032635651569392488,0,9,9,30,5,4,2,10
121,10,7769363128375121728,0,3,3,38,1,4,1,5
122,10,-430746176916896039,0,1,1,37,1,5,1,12
123,10,8651847374258448331,0,7,7,38,2,5,2,11
124,10,2224671235021342026,0,2,2,36,1,9,7,24
125,10,-1465474966042121521,0,8,8,37,4,5,4,17
126,10,5232730891868007532,0,0,0,36,2,8,5,19
127,10,1361460470342695374,0,3,3,33,4,3,1,10
128,10,-1356467568661118753,0,5,5,36,5,3,2,9
129,10,-7614506031958753172,0,3,3,39,5,7,4,15
130,10,-8971519793056376775,0,7,7,40,6,5,4,13
131,10,3022396495612605285,0,7,7,36,4,3,2,11
132,10,8290662160158026520,0,6,6,37,6,6,4,16
133,10,3843035322279117505,0,7,7,35,5,9,6,22
134,10,-5189416922603801478,0,7,7,33,3,4,2,10
135,10,-5124300315598734522,0,4,4,40,1,4,1,11
136,10,3837517114234352203,0,0,0,37,2,6,2,13
137,10,-2950185444045550802,0,3,3,30,9,3,3,5
138,10,426757442594773823,0,6,6,38,3,2,1,3
139,10,-4820788126042546662,0,4,4,33,1,5,3,14
140,10,5946862575678741986,0,3,3,34,9,1,1,4
141,10,8974981299390694470,0,2,2,36,1,2,1,7
142,10,-6087080048868049684,0,5,5,36,1,3,2,3
143,10,-3281028519374219011,0,1,1,36,2,7,3,17
144,10,8805111005440957657,0,6,6,37,3,3,1,5
145,10,-945914340663370674,0,7,7,41,6,4,2,14
146,10,3620470311692998329,0,5,5,35,2,3,1,7
147,10,-7847918107806780417,0,2,2,39,1,4,2,10
148,10,-1981419207827807164,0,1,1,34,5,4,3,10
149,10,8917890496236750785,0,8,8,36,2,5,3,11
150,10,2436476489404250417,0,5,5,36,1,3,1,8
151,10,-8587433980523025243,0,6,6,34,2,6,3,16
152,10,-6769828358835675705,0,7,7,33,6,3,1,10
153,10,-3332833132237761586,0,1,1,36,6,4,3,8
154,10,6975984797426359987,0,4,4,41,2,5,1,11
155,10,-6059495332086747032,0,1,1,37,1,6,4,18
156,10,4452296053357995548,0,1,1,35,5,2,1,3
157,10,-4323948211146815272,0,4,4,34,1,6,3,16
158,10,3776308515824177652,0,3,3,37,2,3,1,7
159,10,-2448083839464855756,0,2,2,36,1,5,2,7
160,10,-2641245394580726895,0,3,3,40,3,6,3,11
161,10,2192876119456537845,0,1,1,35,7,3,2,6
162,10,-6690699831491533701,0,3,3,34,2,4,2,8
163,10,-8242276007236563477,0,6,6,37,1,5,3,11
164,10,-5642516344152327033,0,1,1,36,1,4,2,7
165,10,-3238749104845523344,0,6,6,37,3,6,4,15
166,10,-2814418992306178780,0,6,6,35,2,3,2,6
167,10,-5673131306224066336,0,2,2,39,1,4,2,9
168,10,29831252693456372,0,1,1,32,6,5,3,17
169,10,7016585409083752008,0,3,3,35,1,4,1,10
170,10,908195957096416926,0,2,2,36,5,5,2,14
171,10,-7531173376727640483,0,8,8,36,6,4,4,6
172,10,7209757496494277090,0,5,5,38,3,4,2,9
173,10,5291995938437694126,0,8,8,34,4,5,3,7
174,10,5880094698660718061,0,5,5,41,1,6,2,8
175,10,-7265269715823122147,0,6,6,42,2,4,2,9
176,10,-4873275261915122194,0,0,0,33,4,5,3,12
177,10,-1159345103379502709,0,3,3,38,3,5,2,11
178,10,-5555833939274768152,0,6,6,34,6,3,2,8
179,10,-6221400059438910766,0,5,5,39,6,5,3,15
180,10,-5951664687497584183,0,3,3,36,6,9,7,23
181,10,-5112357295890222344,0,9,9,37,1,13,8,27
182,10,-1298152709108151108,0,5,5,37,1,7,3,20
183,10,-6119810466464770400,0,7,7,37,5,5,3,14
184,10,2502297348298907067,0,5,5,34,2,2,1,9
185,10,5240029132549311427,0,5,5,34,2,4,2,12
186,10,2849857456777649255,0,3,3,34,9,1,1,3
187,10,5357231713588214688,0,1,1,39,6,4,1,9
188,10,2470418174820690203,0,8,8,33,1,4,2,10
189,10,-4205413717588758543,0,8,8,34,1,5,3,16
190,10,-190994909066885314,0,3,3,41,3,5,2,10
191,10,5643015977550698334,0,3,3,33,4,5,3,17
192,10,-6149718818074887976,0,4,4,42,2,6,2,16
193,10,-5292947416913470154,0,5,5,43,3,5,2,15
194,10,7725237031423721319,0,1,1,35,2,5,2,13
195,10,-5657309207377328036,0,8,8,35,1,6,3,18
196,10,5671188520636863987,0,5,5,39,1,6,3,15
197,10,-8067556877535570561,0,3,3,34,6,3,2,11
198,10,1388559965909645408,0,2,2,40,2,6,3,16
199,10,-1541781829703729011,0,1,1,38,4,6,4,11
200,10,-4692008703275938814,0,6,6,29,5,4,3,10
201,10,5921825753287209320,0,2,2,33,5,2,2,4
202,10,-7215400166977438346,0,4,4,34,1,4,3,13
203,10,7205195152113270746,0,5,5,36,3,4,2,10
204,10,8555390363154737071,0,2,2,40,1,8,3,20
205,10,-6544356438121168186,0,6,6,34,5,3,2,8
206,10,-24092370755839921,0,5,5,32,4,3,2,8
207,10,-840322277581955423,0,8,8,37,1,8,5,18
208,10,5998048010865198391,0,4,4,38,1,9,4,23
209,10,-4847606256852973793,0,2,2,40,1,6,4,15
210,10,-2380848368725129375,0,5,5,37,3,5,3,14
211,10,5147840700923570224,0,7,7,37,2,4,2,11
212,10,-1353014960296005908,0,4,4,34,4,2,1,2
213,10,-1598501290525054419,0,2,2,31,2,6,4,13
214,10,1961923140490118264,0,6,6,39,1,3,1,9
215,10,-8505615486224464562,0,8,8,35,5,2,1,6
216,10,3517719450423692212,0,2,2,39,8,2,1,6
217,10,3105389479535564896,0,9,9,33,3,5,3,18
218,10,5214840725170559796,0,1,1,38,1,4,1,8
219,10,6293562631990310579,0,4,4,32,1,5,3,17
220,10,-3335407372536324729,0,0,0,35,2,6,3,11
221,10,4329349046570819928,0,5,5,41,3,5,3,12
222,10,-3946251753802068088,0,3,3,33,1,5,3,14
223,10,-2497641178949689460,0,5,5,41,4,5,3,10
224,10,-1598467579073753100,0,0,0,37,2,8,3,16
225,10,-7219157151722771858,0,4,4,36,2,4,2,14
226,10,-4661110030385310659,0,2,2,38,1,8,5,21
227,10,7268898499307905016,0,1,1,36,5,3,2,10
228,10,5073513302777484957,0,6,6,41,2,3,1,4
229,10,-4340584654648921812,0,1,1,37,3,3,1,6
230,10,5747655616131207533,0,4,4,33,1,4,1,13
231,10,-853986668421251187,0,6,6,29,9,3,3,7
232,10,-6485978991128421450,0,5,5,35,1,5,2,14
233,10,5768638224355024336,0,5,5,33,3,4,2,13
234,10,2458075869634312968,0,3,3,40,5,7,3,17
235,10,-8489808341758400557,0,3,3,30,1,2,1,6
236,10,8024946309956992650,0,0,0,37,3,5,2,15
237,10,3052355172840400334,0,5,5,36,1,7,5,15
238,10,7442647678929516370,0,4,4,44,3,4,2,9
239,10,-8626307378104996153,0,5,5,34,1,4,2,8
240,10,4089073642559267318,0,2,2,34,1,4,1,12
241,10,-2236296439523492277,0,3,3,37,2,4,2,9
242,10,3016743768788637027,0,2,2,37,2,5,3,12
243,10,4188166251872219482,0,8,8,37,1,8,6,21
244,10,-3762730370391684372,0,4,4,37,4,3,1,6
245,10,3740820769933958818,0,6,6,38,2,4,2,11
246,10,2497223835397723045,0,5,5,35,1,5,3,15
247,10,1245211740268461552,0,7,7,33,2,5,2,18
248,10,3596120228953640690,0,6,6,36,4,3,2,11
249,10,-8485958391061015837,0,2,2,36,2,4,1,8
250,10,-3530187989459650982,0,6,6,31,7,3,2,8
251,10,1557329990257135330,0,3,3,39,4,3,2,6
252,10,-5014070775909231968,0,3,3,37,6,2,1,2
253,10,8185066700082241103,0,5,5,39,2,9,5,21
254,10,1187857640806559252,0,5,5,37,4,2,1,5
255,10,4592621929158808828,0,2,2,38,3,4,1,9
256,10,-2733519790676682714,0,2,2,35,1,3,2,9
257,10,-9010965276370915874,0,7,7,39,4,2,1,4
258,10,3441661738905144891,0,3,3,35,3,8,5,21
259,10,-1194913879455673857,0,5,5,38,6,5,3,10
260,10,4193196702897053123,0,2,2,35,3,4,1,11
261,10,506810623762930361,0,5,5,40,2,3,2,4
262,10,-5265939102537952373,0,0,0,40,3,6,2,16
263,10,8342510994338939680,0,5,5,40,4,5,2,7
264,10,5449764782182861903,0,5,5,40,3,5,2,9
265,10,9057600608023772352,0,8,8,32,5,3,2,10
266,10,4141399907197696659,0,2,2,41,3,5,3,12
267,10,-6377290153117213817,0,7,7,34,4,6,4,14
268,10,4028413048081249714,0,7,7,36,1,4,2,12
269,10,-4936952770567959292,0,9,9,34,4,3,1,10
270,10,-3833402471891802570,0,4,4,36,7,5,3,11
271,10,-611234609857737006,0,1,1,37,6,5,3,12
272,10,1836329554843149162,0,7,7,39,1,4,1,4
273,10,-6271604032169027506,0,4,4,34,1,5,3,14
274,10,-7649378181101267410,0,6,6,40,1,7,4,18
275,10,-4117742096427242609,0,8,8,38,5,5,4,7
276,10,-426418587539229430,0,1,1,34,5,7,5,17
277,10,-3482144798703779433,0,3,3,37,5,4,1,9
278,10,-4380576730621465212,0,0,0,40,1,6,2,11
279,10,471985320383546821,0,6,6,37,3,4,3,9
280,10,3767412502644510389,0,6,6,34,5,4,3,12
281,10,-3981726802433878898,0,3,3,35,6,5,4,8
282,10,-7129907778307929831,0,6,6,36,3,5,3,11
283,10,353075872508588396,0,3,3,31,2,4,2,14
284,10,8933881702211590055,0,2,2,33,2,4,3,10
285,10,5870060683144538133,0,5,5,36,2,6,3,10
286,10,-6167737670428187103,0,2,2,31,9,2,2,8
287,10,-1481915643660530448,0,5,5,34,4,2,1,7
288,10,-42555890764871508,0,5,5,37,6,3,2,7
289,10,4789677843557388484,0,1,1,36,1,6,4,6
290,10,5603914325809731747,0,5,5,36,3,5,2,13
291,10,2257671157984811954,0,3,3,40,1,6,3,11
292,10,-3981914003719714137,0,6,6,34,4,6,4,17
293,10,-1854622150355557531,0,8,8,38,3,4,1,12
294,10,5561257292223402490,0,4,4,36,5,4,2,7
295,10,-4884363201328877433,0,7,7,34,2,6,4,14
296,10,-4139487150730386163,0,0,0,42,1,4,1,7
297,10,3760748672159352694,0,7,7,42,3,4,2,12
298,10,-8354605131265263785,0,7,7,38,2,6,4,14
299,10,-5942291489905924041,0,6,6,34,2,7,5,21
300,10,-6366786982554665881,0,5,5,43,1,4,2,11
301,10,4987517799179524522,0,4,4,34,5,4,3,15
302,10,2993790680894572604,0,4,4,33,3,6,3,20
303,10,9148108519035745279,0,4,4,41,1,5,2,13
304,10,356053416089542868,0,7,7,37,4,6,4,13
305,10,-1153170656627237272,0,1,1,38,4,3,1,8
306,10,2893755259742999810,0,2,2,36,3,3,1,6
307,10,-2846964163748940784,0,8,8,34,1,5,3,12
308,10,3066658862155213956,0,1,1,40,2,4,1,5
309,10,-2727414419329055670,0,3,3,34,8,1,1,2
310,10,-4763808482497477292,0,5,5,39,2,5,2,13
311,10,-4663998541886316019,0,8,8,32,3,10,8,32
312,10,3401440039618196030,0,2,2,36,3,5,3,9
313,10,8411459461634897568,0,5,5,39,6,5,4,12
314,10,7940202431231995570,0,4,4,34,1,5,3,16
315,10,2320893009249504145,0,5,5,34,3,3,1,6
316,10,-1189509341924688933,0,6,6,34,5,2,2,4
317,10,5352533821174972395,0,5,5,39,6,5,3,12
318,10,1832868611604740847,0,8,8,35,2,3,1,9
319,10,-2456234631830758233,0,5,5,29,6,1,1,3
320,10,-1089146873941124920,0,4,4,36,2,5,3,11
321,10,-4830145270073459614,0,3,3,40,1,6,3,16
322,10,4591227604811538100,0,3,3,41,6,5,3,12
323,10,-7517952184663344560,0,2,2,39,2,8,5,18
324,10,2759393873959435400,0,4,4,40,7,2,1,2
325,10,-3192076090308535184,0,1,1,35,3,5,3,17
326,10,-3518252645608431621,0,3,3,31,5,5,4,13
327,10,-6678954914849788671,0,3,3,35,1,8,5,24
328,10,1051009122719280432,0,5,5,40,1,7,5,15
329,10,-199266881384466636,0,8,8,39,1,5,2,13
330,10,-562237344018420588,0,8,8,33,2,8,6,18
331,10,4631360110322506530,0,4,4,37,3,7,5,20
332,10,-6088734372525309462,0,4,4,35,5,4,3,12
333,10,-4567376467868996353,0,4,4,43,4,6,2,15
334,10,-6043706588882026333,0,3,3,32,3,7,5,22
335,10,-2435838256127503472,0,4,4,35,3,4,2,10
336,10,6756029625274839410,0,7,7,36,1,4,3,11
337,10,3064267014396074458,0,9,9,37,6,3,2,7
338,10,-7107167595673559776,0,3,3,35,3,7,5,15
339,10,7914520723125430299,0,8,8,32,3,6,3,14
340,10,-3939801719671590756,0,3,3,35,6,3,2,6
341,10,7447551660642179069,0,5,5,37,6,4,3,8
342,10,-3312509276445913515,0,4,4,39,1,3,1,8
343,10,1671232814223333385,0,4,4,29,8,1,1,3
344,10,-8997380063345516340,0,4,4,38,1,8,5,22
345,10,7066319119836090969,0,4,4,32,4,2,1,6
346,10,2051562411276173924,0,5,5,37,2,4,1,10
347,10,6633696047227603601,0,6,6,37,1,6,3,17
348,10,8053753224416136828,0,5,5,34,4,3,2,10
349,10,8081798847255029519,0,1,1,39,3,3,1,9
350,10,1686173169983516607,0,0,0,40,2,4,1,7
351,10,-6741191890070349471,0,0,0,38,2,7,4,12
352,10,7551669735035125690,0,7,7,36,2,5,3,10
353,10,817322641040841207,0,6,6,36,2,3,2,9
354,10,-7681608518701036626,0,5,5,35,8,4,3,11
355,10,6813244192803531545,0,6,6,34,2,3,2,8
356,10,-799567251315813721,0,3,3,32,1,5,3,14
357,10,6463463733073614618,0,5,5,36,1,5,3,15
358,10,-3603365709834776371,0,4,4,36,1,3,1,8
359,10,-7475064080194904626,0,2,2,33,6,1,1,2
360,10,-7141271899617235975,0,8,8,37,2,5,3,16
361,10,-3645313680115038920,0,5,5,37,8,3,3,7
362,10,-813606537018452598,0,2,2,32,1,2,1,7
363,10,6077188741552898440,0,7,7,36,4,8,5,25
364,10,-5889240790349597319,0,1,1,36,6,5,3,12
365,10,8460047888651790403,0,5,5,41,5,7,4,16
366,10,5811333872113808043,0,6,6,37,7,5,5,11
367,10,9061771253406507715,0,2,2,39,5,2,1,4
368,10,718880064193883270,0,1,1,38,2,4,2,10
369,10,-5732102379876084766,0,4,4,35,4,7,4,22
370,10,6742280374751132102,0,7,7,36,1,8,5,21
371,10,5181125386420020466,0,6,6,37,4,3,1,5
372,10,-834104396270075759,0,5,5,39,3,3,1,10
373,10,-3132157644125213201,0,3,3,36,5,6,4,17
374,10,-466210819174466616,0,5,5,35,5,4,2,10
375,10,-6446779205686661897,0,7,7,36,7,1,1,2
376,10,-5043496799542115937,0,1,1,36,1,3,1,9
377,10,331600363706155258,0,5,5,37,3,4,2,9
378,10,2632571912175624047,0,3,3,31,5,2,1,7
379,10,7259434726428318637,0,7,7,37,1,3,1,7
380,10,7034773605526970058,0,4,4,41,2,8,4,23
381,10,-2378807064512389437,0,6,6,43,3,4,1,8
382,10,7044002907889436624,0,4,4,32,3,5,4,8
383,10,-7467986275928762273,0,0,0,38,2,6,1,21
384,10,-7710964463403764544,0,4,4,39,1,6,2,8
385,10,-1797319639737052477,0,4,4,35,2,5,3,10
386,10,6648804362421930705,0,5,5,34,8,1,1,5
387,10,-6092895600319714483,0,7,7,33,1,2,1,2
388,10,6677731808203156546,0,8,8,36,4,5,3,8
389,10,-8290431848890866524,0,4,4,38,4,10,6,33
390,10,822470599114602416,0,2,2,41,5,3,1,6
391,10,-440745167956154322,0,4,4,37,4,4,2,11
392,10,5493254706132871335,0,5,5,34,6,3,1,7
393,10,9110007253430282949,0,5,5,37,3,4,2,6
394,10,3828546001588759930,0,8,8,37,3,6,4,12
395,10,954358573689120937,0,7,7,35,2,5,2,11
396,10,4673329353811134038,0,5,5,37,7,3,2,6
397,10,8951106077823315127,0,5,5,37,3,3,1,8
398,10,-2955788004876631659,0,5,5,39,3,2,1,2
399,10,-3074617922874386725,0,2,2,38,1,6,3,14
400,10,-2069238736506574513,0,6,6,35,1,4,2,12
401,10,5142285657910056386,0,3,3,39,1,10,5,27
402,10,-5718166377548646857,0,8,8,35,1,5,3,11
403,10,-2871135245862434860,0,3,3,39,5,3,1,6
404,10,-5470290219754087517,0,5,5,34,3,3,1,8
405,10,6513239277378205537,0,3,3,36,3,4,2,13
406,10,-1937526650582908692,0,0,0,35,3,4,1,12
407,10,4053606368753870361,0,6,6,36,4,3,1,6
408,10,-8685931211186045961,0,3,3,37,3,5,1,9
409,10,753476599907605441,0,8,8,36,2,9,6,18
410,10,7629449046163267860,0,3,3,37,3,3,1,4
411,10,-7165006901954417628,0,3,3,32,5,2,1,8
412,10,-278983357706912762,0,8,8,38,3,5,3,12
413,10,6679654565873428551,0,1,1,37,6,3,1,10
414,10,-4190755768947603870,0,4,4,38,6,3,1,5
415,10,8738829291820281567,0,6,6,41,3,5,2,8
416,10,-6408956391818137828,0,7,7,32,4,3,2,7
417,10,6080893915112984583,0,7,7,35,4,8,6,21
418,10,8338116970483255134,0,5,5,34,1,9,5,21
419,10,-765449995369154515,0,2,2,36,3,9,7,20
420,10,7206399308001339547,0,5,5,34,6,4,4,8
421,10,-4702905487158716851,0,5,5,36,3,3,1,8
422,10,1597001207848986596,0,0,0,39,1,6,1,15
423,10,-5991885943191703198,0,2,2,38,3,4,2,8
424,10,8732933234154285690,0,9,9,36,1,6,3,16
425,10,-8548631991035879144,0,8,8,38,4,5,2,9
426,10,-8215727050752168029,0,4,4,38,4,3,1,6
427,10,-2619328012761457211,0,3,3,33,5,4,3,13
428,10,182458834583790529,0,2,2,36,1,5,3,12
429,10,-9162346926953260134,0,4,4,39,4,7,3,11
430,10,-1369199353322860385,0,4,4,39,3,4,2,4
431,10,1299309702837331221,0,5,5,33,5,5,2,14
432,10,7441283111589658382,0,7,7,43,2,5,2,6
433,10,-1384188605853914951,0,5,5,39,1,4,1,8
434,10,3640669997955440048,0,5,5,38,3,2,1,7
435,10,7981275472775572993,0,4,4,31,3,3,1,6
436,10,8283764711150764307,0,4,4,36,2,3,1,12
437,10,-2352370805791922799,0,2,2,43,4,3,2,8
438,10,-5147310076202069759,0,2,2,39,7,3,2,7
439,10,-9201325968796251985,0,5,5,34,4,2,1,3
440,10,655144395457361685,0,5,5,30,7,3,2,8
441,10,3908628233485368304,0,7,7,36,1,3,1,10
442,10,4259219119874400913,0,7,7,38,4,2,1,6
443,10,6492006978787436854,0,6,6,36,3,3,2,8
444,10,5824038880760083823,0,4,4,33,4,4,3,9
445,10,4287545667298051289,0,7,7,36,1,5,2,15
446,10,7863954918594178741,0,0,0,34,1,6,3,13
447,10,2259789538798252579,0,4,4,34,3,4,2,8
448,10,-6583220104838502899,0,5,5,32,6,2,1,5
449,10,-8309676404741965054,0,2,2,35,3,7,5,13
450,10,2397235078220737684,0,0,0,42,6,7,3,13
451,10,4699390104985784056,0,2,2,37,2,2,1,3
452,10,-8655620574724659470,0,1,1,37,1,7,4,19
453,10,8012186223757638997,0,9,9,35,2,3,1,7
454,10,2749848532295906474,0,4,4,36,5,3,1,8
455,10,-1013635701383389528,0,2,2,40,1,8,5,12
456,10,7094131107054975154,0,4,4,42,4,8,5,19
457,10,67079307814084979,0,5,5,37,6,5,3,13
458,10,1802229122610337605,0,8,8,33,6,5,4,19
459,10,-2622746272502387171,0,7,7,36,4,4,3,7
460,10,-3949227922422858504,0,2,2,39,2,5,2,14
461,10,-4289042721400056276,0,5,5,36,1,5,3,13
462,10,-7289428355998612725,0,5,5,37,1,5,2,10
463,10,-241695527116750157,0,8,8,37,5,2,1,6
464,10,-6364886391143316223,0,9,9,43,2,4,1,12
465,10,-2273530337300556280,0,6,6,40,4,3,1,6
466,10,-8688392759291413645,0,4,4,40,2,6,4,19
467,10,-6279954669395217222,0,6,6,38,1,3,1,9
468,10,-5304247503455899616,0,6,6,31,1,3,1,10
469,10,708007719791634881,0,4,4,34,3,2,1,5
470,10,505129841863794503,0,5,5,36,1,5,2,12
471,10,1287486904444099063,0,8,8,38,4,4,3,6
472,10,5096072508755630648,0,6,6,33,4,3,2,7
473,10,8742498532144020167,0,5,5,35,2,4,2,12
474,10,-7625610483566936280,0,2,2,35,6,2,1,4
475,10,7380182592402866211,0,6,6,35,3,5,2,14
476,10,-7781326526565967291,0,4,4,35,4,2,1,6
477,10,8945088625879987643,0,3,3,33,1,6,3,14
478,10,7601489115278246922,0,2,2,40,1,7,4,14
479,10,-8388658742111897749,0,4,4,31,3,3,1,10
480,10,8620979480002941139,0,6,6,38,1,5,4,7
481,10,2924365767143193844,0,2,2,40,1,6,1,15
482,10,-1953688382615706189,0,1,1,36,1,4,1,10
483,10,-5771253704239338258,0,3,3,37,3,6,4,15
484,10,-7778348975659547003,0,0,0,35,2,6,4,20
485,10,9190655018936085245,0,2,2,32,1,5,3,10
486,10,4091395485076812097,0,4,4,36,1,5,2,11
487,10,8955899908250686786,0,6,6,38,4,4,2,10
488,10,-3961763867478205808,0,5,5,34,4,8,5,24
489,10,-3767739475351788267,0,8,8,37,1,6,3,16
490,10,-7390507330521440351,0,2,2,37,1,4,1,9
491,10,8271665169127991024,0,4,4,38,1,7,4,17
492,10,691807103339905341,0,9,9,35,7,5,4,9
493,10,6915051682548907437,0,6,6,37,1,8,5,21
494,10,-1214507360614351848,0,6,6,34,8,4,3,9
495,10,2297474915129042164,0,2,2,31,2,3,1,12
496,10,8835966317586977386,0,2,2,34,2,5,3,13
497,10,-1261574111467706642,0,7,7,36,7,5,4,14
498,10,5771867014127409854,0,2,2,35,3,3,1,8
499,10,2215001555593705790,0,3,3,34,7,3,2,7
500,10,1631183689968052234,0,8,8,32,7,2,1,8
501,10,-7895992092184021712,0,8,8,33,6,6,4,16
502,10,1090010200436399870,0,5,5,33,1,5,3,14
503,10,-7666429517588455629,0,7,7,32,2,3,1,4
504,10,-963728968369320800,0,4,4,39,4,8,4,21
505,10,5625747461391298948,0,5,5,38,1,4,2,13
506,10,-6007433476670008808,0,2,2,42,2,4,2,9
507,10,-4943281702996779476,0,4,4,35,2,5,3,17
508,10,-6558658218656286264,0,3,3,32,5,4,3,12
509,10,3468304562144377900,0,3,3,32,2,6,4,19
510,10,-9122018711400068705,0,2,2,40,1,4,1,10
511,10,3167657053855978485,0,4,4,42,2,6,2,13
512,10,4502928103781623471,0,3,3,37,1,5,2,13
513,10,-8479868467629211875,0,4,4,39,1,4,1,9
514,10,-8272831089411465732,0,3,3,35,1,8,5,23
515,10,5528419593055883088,0,5,5,37,2,4,2,13
516,10,-4946096044363225450,0,3,3,37,2,4,2,8
517,10,-6602694869557219196,0,2,2,41,4,6,3,13
518,10,7860098468719243497,0,2,2,35,5,5,3,9
519,10,-4059373647691924880,0,5,5,32,2,6,3,19
520,10,-3422683990109087918,0,2,2,38,9,1,1,2
521,10,2191833176427652414,0,4,4,36,1,4,1,5
522,10,2320977485372998646,0,0,0,35,2,6,2,17
523,10,3372472370515219838,0,7,7,35,3,8,6,21
524,10,9196961642534035407,0,5,5,38,3,7,4,12
525,10,-4174276368278457506,0,4,4,30,4,2,1,3
526,10,-1490086673694351609,0,7,7,45,1,5,2,9
527,10,3359944516664099096,0,4,4,39,1,5,2,12
528,10,-1519119564038422904,0,2,2,38,1,3,1,8
529,10,-449277456985955157,0,6,6,39,1,5,3,11
530,10,6780643421540107987,0,2,2,35,1,3,1,7
531,10,5924391909141584077,0,0,0,40,5,4,1,10
532,10,8585930323063154705,0,5,5,34,2,2,1,7
533,10,-3009956243572934369,0,6,6,33,6,3,2,10
534,10,3993718459332363111,0,1,1,37,2,7,4,15
535,10,4606419796508958114,0,3,3,36,6,4,2,8
536,10,7622991739202647438,0,7,7,35,2,6,2,20
537,10,5915879600702503273,0,5,5,35,3,4,1,15
538,10,-6349218183755991390,0,0,0,33,7,5,3,20
539,10,-9086540292151381872,0,8,8,35,3,6,3,15
540,10,-3007621923965492423,0,5,5,39,5,4,3,5
541,10,2020590165834619244,0,1,1,36,6,8,6,25
542,10,4341795819650122423,0,6,6,34,6,4,2,11
543,10,7047391059534322947,0,8,8,35,5,4,3,7
544,10,-2565509465519120673,0,5,5,38,4,3,2,9
545,10,-8653051245477401922,0,2,2,34,7,2,1,7
546,10,-8379104972864094035,0,1,1,38,3,2,1,5
547,10,1982502622682297180,0,5,5,40,2,4,2,7
548,10,-1158146048972036508,0,8,8,34,3,8,6,15
549,10,1716943521475895082,0,0,0,37,2,4,1,9
550,10,-6912001651674790174,0,2,2,38,7,5,3,11
551,10,-5859909968547040400,0,4,4,38,1,6,3,17
552,10,2257743539211220538,0,4,4,38,6,2,1,4
553,10,3900783325912324910,0,2,2,35,3,6,3,15
554,10,-1134117603461365884,0,2,2,36,3,4,3,12
555,10,-2064035397229263096,0,2,2,39,6,7,4,8
556,10,1624125300673906670,0,2,2,36,3,4,2,11
557,10,-8812065308697732994,0,5,5,32,5,3,2,6
558,10,-5780653784626049257,0,7,7,36,2,4,2,9
559,10,-6183573279048922017,0,3,3,32,5,2,1,7
560,10,-1712187466088734564,0,4,4,32,1,6,3,16
561,10,-4175816567338788737,0,5,5,41,1,6,2,7
562,10,2883006854819662578,0,3,3,32,8,2,1,6
563,10,-2538731276127981401,0,5,5,36,2,5,3,13
564,10,9138127877884768117,0,8,8,37,5,6,3,11
565,10,-6265045117529938228,0,3,3,39,4,3,1,5
566,10,-3856577742269202495,0,7,7,35,5,5,2,15
567,10,-8703444824833926524,0,2,2,34,2,5,2,13
568,10,-852699686322455488,0,2,2,35,3,4,2,11
569,10,2343581861657226165,0,6,6,32,2,5,4,8
570,10,-5948030483708983292,0,7,7,38,2,4,2,8
571,10,5768996791695729807,0,4,4,38,7,5,3,13
572,10,-729263075550616105,0,7,7,37,1,6,2,12
573,10,-7371227935676969285,0,3,3,34,6,3,2,9
574,10,3353965954389095055,0,2,2,36,2,2,1,6
575,10,5186073235412707284,0,3,3,34,1,3,1,8
576,10,-3920871824556724059,0,3,3,34,3,4,2,9
577,10,6158644969080056086,0,4,4,36,2,4,2,7
578,10,-8563106058492724984,0,6,6,34,4,5,3,8
579,10,7419094898876356180,0,5,5,38,2,4,2,12
580,10,8895267235172984111,0,1,1,35,5,6,4,9
581,10,-8363620574915098577,0,5,5,44,5,7,4,14
582,10,5258381791508727405,0,0,0,36,1,4,2,12
583,10,4687353338123085188,0,1,1,36,1,6,2,18
584,10,4542484101697404552,0,7,7,38,2,6,3,11
585,10,5950062684538421286,0,5,5,35,2,4,2,12
586,10,-6719756618498863733,0,5,5,34,5,3,1,9
587,10,617350330728548556,0,6,6,40,1,4,1,7
588,10,1238229920545614043,0,3,3,34,2,9,7,16
589,10,5490973947136200269,0,5,5,33,2,3,2,9
590,10,-1716042895111245945,0,4,4,40,4,3,1,4
591,10,-3996769956044063734,0,6,6,39,6,10,7,24
592,10,3993520891512639460,0,8,8,32,3,4,2,11
593,10,166748145512450986,0,5,5,35,1,6,4,12
594,10,9058053103947821657,0,1,1,33,4,6,5,17
595,10,-2462161291655913972,0,4,4,39,4,4,2,12
596,10,5778042927352741239,0,3,3,36,5,3,1,9
597,10,7470778025340776313,0,1,1,35,1,3,1,10
598,10,-922914274036021428,0,8,8,39,1,7,3,12
599,10,1880401453447469849,0,8,8,32,3,4,3,10
600,10,4965927256785733624,0,6,6,35,1,3,2,5
601,10,7797723438811046312,0,3,3,39,2,5,3,12
602,10,2536152855971783040,0,6,6,31,4,2,1,8
603,10,-6374297127422597271,0,4,4,34,3,5,2,15
604,10,-7666589740181892894,0,4,4,36,1,7,3,20
605,10,-5008688377284813478,0,5,5,45,2,4,2,10
606,10,-8778520098460427160,0,5,5,35,2,9,6,29
607,10,-5107018797172291160,0,6,6,34,3,6,2,17
608,10,2562834987466167105,0,5,5,37,6,3,3,9
609,10,-5808763365851307163,0,5,5,33,2,6,4,21
610,10,4153853966842032717,0,6,6,39,1,5,2,11
611,10,5680031095572755831,0,7,7,30,2,3,2,13
612,10,-2924816978135219657,0,1,1,40,1,7,5,18
613,10,6686015133283433683,0,8,8,37,4,3,1,6
614,10,-7679288335379758392,0,7,7,39,2,4,3,5
615,10,-2747723841879853589,0,4,4,34,1,6,3,12
616,10,4358325120334329722,0,5,5,32,8,1,1,1
617,10,-1129544715355091611,0,3,3,39,1,3,1,10
618,10,-8409524851261757108,0,6,6,33,9,2,2,2
619,10,6427127429581613068,0,7,7,35,1,7,5,16
620,10,8236277473930342868,0,6,6,34,4,5,3,15
621,10,2848785449183786507,0,8,8,36,2,5,2,10
622,10,8626997488584336282,0,7,7,39,1,7,3,10
623,10,-7308515258248018600,0,7,7,41,1,7,3,22
624,10,-6722911480423832670,0,3,3,33,7,3,1,6
625,10,-7856483833668040851,0,5,5,38,6,3,2,10
626,10,8978738451720472650,0,7,7,36,4,4,2,12
627,10,-6265477635242770883,0,0,0,35,2,5,2,16
628,10,-9097117299982184106,0,1,1,35,3,5,2,11
629,10,5339019673633817701,0,8,8,35,6,3,1,6
630,10,-502036819416806071,0,7,7,34,2,3,2,8
631,10,1561971706495820962,0,0,0,43,3,5,3,9
632,10,4227131803367833590,0,6,6,36,1,3,1,9
633,10,6488321475945100419,0,1,1,42,1,8,5,13
634,10,3716572881105624661,0,6,6,30,1,3,2,10
635,10,-5494099562871396769,0,5,5,32,4,3,1,13
636,10,-7839981341878619238,0,3,3,35,4,2,1,5
637,10,-6229012718151743864,0,6,6,35,4,3,2,7
638,10,-2978443752059747453,0,3,3,36,1,4,2,10
639,10,-7640069707987232832,0,5,5,32,3,7,5,19
640,10,-189984639016206863,0,5,5,38,7,4,2,9
641,10,4946257041899733739,0,3,3,35,3,3,1,5
642,10,8138681787831965626,0,1,1,36,3,7,4,20
643,10,-7623752017310806522,0,8,8,35,3,7,5,15
644,10,-4224969475637896003,0,2,2,33,1,4,2,13
645,10,204985370822053463,0,3,3,36,2,3,1,6
646,10,-4194619193996013770,0,4,4,35,2,4,2,16
647,10,8490203674349717990,0,8,8,36,7,2,1,4
648,10,-8638696633206347694,0,4,4,38,5,2,2,4
649,10,4835106508989037611,0,5,5,37,5,2,1,8
650,10,6648830967865822725,0,6,6,31,7,2,1,6
651,10,-5700860634815221240,0,4,4,34,2,4,2,11
652,10,-6575713810337443301,0,7,7,34,2,4,2,13
653,10,619190220508180728,0,8,8,39,4,4,3,9
654,10,7301667116721720973,0,4,4,40,1,9,6,20
655,10,8242008095891398025,0,2,2,37,5,5,3,14
656,10,7635364343554618133,0,4,4,36,1,5,2,12
657,10,2025685544460719367,0,3,3,42,3,6,3,11
658,10,-4329622861373073404,0,7,7,33,1,5,3,11
659,10,-5438836071455871367,0,7,7,35,2,4,1,11
660,10,6210266950577433171,0,9,9,40,1,7,3,19
661,10,-737200404888611119,0,3,3,34,4,3,2,7
662,10,-4878756662982392585,0,9,9,33,1,6,3,17
663,10,8920886268423552094,0,4,4,38,3,5,3,11
664,10,-2324307382672929928,0,6,6,37,5,8,5,22
665,10,1954913086004804997,0,4,4,35,5,5,4,14
666,10,-7932264662440699452,0,2,2,36,3,8,6,17
667,10,5198551810820542127,0,6,6,41,2,6,4,17
668,10,-2257887682256921280,0,7,7,36,2,4,2,9
669,10,5626471401692564357,0,0,0,35,2,4,1,12
670,10,2697373206631541535,0,2,2,34,2,7,4,16
671,10,5441517379930580826,0,5,5,36,6,2,1,5
672,10,-1168719844135278601,0,2,2,39,1,4,2,10
673,10,6991120936320905449,0,0,0,37,1,9,5,26
674,10,8557586989733303441,0,5,5,39,1,6,3,13
675,10,-5638650774096782017,0,4,4,33,5,4,3,16
676,10,-6400752778337954816,0,6,6,40,3,4,2,9
677,10,-4240623976175989254,0,0,0,41,1,7,3,16
678,10,-3937985564545138956,0,2,2,34,5,3,1,5
679,10,5294667334917359283,0,0,0,38,2,9,5,23
680,10,1600794599869634639,0,5,5,38,2,7,4,15
681,10,-1153470376203876936,0,4,4,41,3,5,3,12
682,10,793572195422091000,0,6,6,37,1,3,1,10
683,10,3057293731646731262,0,6,6,35,3,3,1,9
684,10,7186387117676820719,0,5,5,36,2,5,2,10
685,10,-8832646481396522923,0,2,2,40,1,5,3,14
686,10,573150642495198114,0,6,6,41,3,5,2,11
687,10,-8542329088232195619,0,7,7,36,5,6,3,16
688,10,-937582461077236354,0,4,4,37,4,5,2,11
689,10,-3763007203866378824,0,4,4,38,2,3,1,5
690,10,-1665919282313794360,0,4,4,38,1,5,3,13
691,10,-4103793045378020352,0,1,1,37,1,4,2,14
692,10,3789201073447339948,0,6,6,33,7,7,5,18
693,10,5756727727777323003,0,3,3,37,2,6,3,10
694,10,8238891411495018902,0,5,5,34,5,5,4,12
695,10,-1635595208993380467,0,6,6,33,1,3,1,8
696,10,-6164135865759968832,0,3,3,40,4,4,2,8
697,10,-4100362900003531282,0,7,7,31,4,6,4,20
698,10,9125143586066968331,0,3,3,42,2,8,3,23
699,10,2191588464847179164,0,1,1,38,1,4,2,6
700,10,-8322353781072388845,0,1,1,36,3,7,5,15
701,10,3281640547462770065,0,8,8,36,7,2,1,3
702,10,3892692370344515197,0,0,0,33,3,5,1,18
703,10,-7399693291743179336,0,4,4,35,7,3,2,9
704,10,-1610791526232962926,0,5,5,40,1,4,1,6
705,10,-2927663709528615267,0,3,3,37,1,4,3,6
706,10,-7281611839672380399,0,3,3,39,7,2,1,4
707,10,1583135794432778340,0,4,4,36,1,3,1,4
708,10,1674279721760311104,0,1,1,32,3,3,1,11
709,10,-6082288165486424836,0,5,5,37,2,3,1,9
710,10,1917131537105642820,0,1,1,45,1,4,1,8
711,10,-7530555278359391852,0,2,2,37,5,7,4,17
712,10,-4672151539449229646,0,4,4,34,5,3,2,8
713,10,555994956041708365,0,4,4,36,1,4,2,10
714,10,-858479477806375067,0,7,7,35,3,6,5,16
715,10,9079781933193493296,0,7,7,40,1,7,3,14
716,10,-2082298428142365295,0,6,6,31,4,2,1,7
717,10,-2631853359219137183,0,0,0,39,2,7,3,16
718,10,8272108122645894680,0,6,6,34,2,5,4,16
719,10,-1804644792757170283,0,6,6,36,7,3,2,5
720,10,-5064672959663660516,0,5,5,36,2,6,4,10
721,10,7219511737277237953,0,4,4,35,1,5,4,7
722,10,3101419038066758100,0,2,2,37,5,3,1,11
723,10,7377788135683617811,0,4,4,36,2,4,1,6
724,10,6970640389417347235,0,3,3,38,4,6,4,10
725,10,-8098276914537826011,0,3,3,36,2,7,4,14
726,10,-6784287251333163418,0,6,6,40,3,5,3,6
727,10,-8341414928140162192,0,2,2,35,4,3,1,6
728,10,-193981059351578099,0,7,7,37,1,3,1,9
729,10,8525489991394072318,0,4,4,33,1,3,1,8
730,10,829276838110460268,0,4,4,36,1,5,3,8
731,10,6109414502816862307,0,8,8,44,1,3,1,9
732,10,717373498097271379,0,4,4,31,5,3,2,12
733,10,-8219475623683346963,0,4,4,35,5,3,2,6
734,10,1611192206832666843,0,5,5,37,1,5,3,11
735,10,-7515601645813833702,0,5,5,34,4,3,1,6
736,10,4616027628173645570,0,4,4,32,2,2,1,6
737,10,3159937691045338442,0,5,5,34,2,3,2,6
738,10,704969445051236730,0,0,0,36,2,7,3,15
739,10,-4219457174414863179,0,2,2,39,7,2,1,4
740,10,-4555937777064946243,0,4,4,37,6,4,2,9
741,10,-5681405390757585762,0,5,5,39,1,5,2,7
742,10,-2630460332156054172,0,5,5,35,1,7,4,17
743,10,-4114903090789658680,0,1,1,36,5,2,1,4
744,10,-2330373555703934279,0,6,6,33,2,6,3,18
745,10,4673908465503604265,0,1,1,37,2,5,2,12
746,10,4578111394877702794,0,4,4,40,6,4,2,13
747,10,-6957574278587181859,0,8,8,34,4,3,1,6
748,10,4003786049401558848,0,1,1,38,1,5,2,9
749,10,3592986233089040733,0,4,4,37,1,6,3,17
750,10,2419619277793114415,0,3,3,33,3,3,2,4
751,10,-8792027644306631696,0,1,1,36,3,5,3,16
752,10,-9189503949451792338,0,5,5,34,1,5,3,10
753,10,-8790022744064735904,0,4,4,34,2,4,2,12
754,10,7527975708339589738,0,4,4,38,1,5,1,12
755,10,-8827203254327786511,0,3,3,35,6,4,3,8
756,10,-911420653835056009,0,6,6,31,5,2,2,4
757,10,-8047784705244206194,0,1,1,34,2,5,3,15
758,10,6851519547912541863,0,0,0,35,1,5,2,10
759,10,6497175321026858309,0,2,2,37,2,4,1,10
760,10,-1781767952397210721,0,4,4,38,1,6,3,15
761,10,-7194196643684967947,0,3,3,36,2,6,4,8
762,10,-6924096408651377626,0,6,6,34,3,7,5,12
763,10,3188143530024043590,0,4,4,36,2,7,4,17
764,10,-5097771795945448384,0,3,3,37,1,7,4,14
765,10,-2879779816402793000,0,3,3,41,1,6,2,13
766,10,-1512512430590179973,0,7,7,32,1,2,1,10
767,10,-137734319784184898,0,6,6,44,2,8,4,16
768,10,-97253082904982904,0,2,2,35,1,5,3,14
769,10,-130114716305478099,0,5,5,31,4,4,3,14
770,10,-2290761710654142452,0,1,1,36,3,4,2,14
771,10,2239006509502019440,0,4,4,37,3,4,1,10
772,10,8651133502603861688,0,3,3,38,5,9,6,22
773,10,3903283307883040287,0,1,1,33,1,7,5,16
774,10,3577880227487621783,0,2,2,31,4,5,4,16
775,10,-5093040269901207921,0,7,7,40,4,4,2,9
776,10,4107852913113443238,0,3,3,40,3,4,2,8
777,10,8225596696272879500,0,7,7,38,1,5,4,12
778,10,-8853890235031118935,0,3,3,32,3,3,2,6
779,10,-7173034446263890363,0,3,3,35,1,5,3,10
780,10,-76374265160749764,0,5,5,37,1,7,4,14
781,10,1988824082467927431,0,0,0,37,3,10,7,26
782,10,-1962233599402074073,0,6,6,36,3,6,3,16
783,10,-4913695286534046674,0,3,3,31,6,2,1,5
784,10,-4594394905922447625,0,4,4,34,5,3,1,7
785,10,4222444361552426711,0,3,3,37,2,6,3,13
786,10,5911613344523860425,0,8,8,39,3,3,1,5
787,10,8271804960806803674,0,6,6,34,2,5,3,10
788,10,1320267479660524136,0,7,7,33,3,3,1,7
789,10,7194103254041518199,0,1,1,38,2,6,4,16
790,10,-4026641994589874790,0,2,2,38,1,7,4,14
791,10,-8764551643818143154,0,0,0,38,4,5,2,9
792,10,2596527542970092982,0,4,4,37,8,3,2,5
793,10,-6826919594218997740,0,6,6,39,2,6,4,15
794,10,-4823079973850850694,0,7,7,31,6,3,2,6
795,10,489730088253757059,0,5,5,33,5,3,2,9
796,10,-5773421119804311013,0,5,5,36,5,2,1,6
797,10,4155261230267338386,0,8,8,40,6,8,5,17
798,10,-330164777305796708,0,4,4,36,6,2,1,8
799,10,-6256768559648825882,0,1,1,37,7,4,3,10
800,10,8633697779525851747,0,2,2,42,5,5,3,9
801,10,-5481153512862682489,0,4,4,33,4,2,1,5
802,10,-9217557798315830520,0,6,6,38,2,3,2,10
803,10,-1416435549025876521,0,5,5,36,2,3,2,6
804,10,-7878232968117780112,0,6,6,35,1,7,5,19
805,10,-5580272034045529409,0,2,2,36,4,6,4,10
806,10,-2114092845510090726,0,4,4,38,1,7,4,14
807,10,7008773506911189802,0,5,5,37,1,4,2,12
808,10,1249416590871421112,0,3,3,36,1,5,3,14
809,10,5525289587461976246,0,4,4,38,2,2,1,5
810,10,-5720267782895475199,0,8,8,37,1,6,2,14
811,10,-4979661588885277527,0,1,1,40,4,7,5,13
812,10,5218731115621893829,0,8,8,32,9,1,1,1
813,10,6475334729444770593,0,5,5,40,1,5,2,15
814,10,997950650801794625,0,7,7,39,3,6,3,11
815,10,-2441883868180677233,0,7,7,39,4,6,3,15
816,10,6406274821311802804,0,3,3,34,1,5,3,19
817,10,-4738992337090729883,0,6,6,33,1,4,2,10
818,10,-2330831161671281871,0,4,4,36,6,3,1,9
819,10,460802687263215630,0,3,3,37,1,7,4,16
820,10,7564158801102363063,0,8,8,31,8,3,3,9
821,10,2648120257888651550,0,4,4,34,3,4,2,11
822,10,-4532208821077834114,0,7,7,34,2,3,1,8
823,10,4043394766966587338,0,2,2,36,3,5,3,9
824,10,6646346769445488531,0,5,5,36,7,4,2,10
825,10,-4775130822827210086,0,5,5,37,1,6,3,17
826,10,166594811644143527,0,1,1,37,5,6,4,12
827,10,-6505933228395760548,0,3,3,40,4,3,1,8
828,10,-4554272596639978718,0,7,7,40,4,4,2,12
829,10,-8652608511541776036,0,8,8,36,4,6,4,19
830,10,-132218690150864258,0,4,4,36,1,4,2,6
831,10,7003117984512308177,0,0,0,39,2,4,2,11
832,10,1512063312311877075,0,5,5,32,4,2,1,8
833,10,7110199232971985817,0,1,1,39,1,3,1,8
834,10,2624218924945329581,0,6,6,34,1,5,3,13
835,10,-5795661303037149911,0,9,9,38,1,10,6,25
836,10,9204180384875420965,0,6,6,34,7,1,1,5
837,10,-6334501830604252226,0,1,1,33,4,6,4,14
838,10,3480148326006513967,0,2,2,39,2,5,1,11
839,10,-7469441834072739112,0,2,2,33,2,6,3,18
840,10,-7791341947657881297,0,8,8,34,6,3,2,3
841,10,6208533372828539624,0,1,1,41,2,5,2,9
842,10,2736270323286269138,0,5,5,38,4,3,1,11
843,10,-2953661748661283513,0,4,4,33,4,4,3,10
844,10,-4840264240840944869,0,1,1,36,1,2,1,2
845,10,-2433187147262170262,0,5,5,40,1,4,2,8
846,10,-2625617452749781316,0,4,4,37,3,7,4,20
847,10,2972901159648906580,0,2,2,40,2,3,1,4
848,10,-9115585146415477849,0,6,6,35,4,7,5,20
849,10,-8474167496347032757,0,6,6,36,1,5,3,12
850,10,324834713615739363,0,2,2,38,1,5,3,9
851,10,1179732107970774734,0,6,6,32,2,6,4,16
852,10,-2283476506104036957,0,4,4,29,5,4,3,14
853,10,618605415004559045,0,5,5,32,8,1,1,4
854,10,-1116525566358037357,0,7,7,31,2,5,3,17
855,10,-9157767488421831942,0,7,7,39,4,3,2,8
856,10,-6504065248216170379,0,1,1,34,2,6,3,12
857,10,1402250684060756679,0,5,5,34,5,4,3,10
858,10,8166243931981911788,0,5,5,36,2,4,2,12
859,10,-6357000498665043183,0,6,6,43,1,6,3,13
860,10,-4271185767796932968,0,4,4,31,3,4,3,11
861,10,7020514506693261172,0,2,2,32,2,5,3,18
862,10,-6541761074080704158,0,5,5,38,4,6,3,14
863,10,-2292601268234007873,0,7,7,39,2,4,2,5
864,10,7411278621617810456,0,6,6,39,3,5,2,14
865,10,-408510961777870174,0,8,8,39,1,6,3,17
866,10,-5356899636786748613,0,8,8,35,3,5,4,16
867,10,3613240337070889638,0,6,6,37,5,4,4,6
868,10,-6903427084377763561,0,2,2,43,2,8,5,16
869,10,-3125043248384468388,0,5,5,38,2,9,5,26
870,10,-808187802581370604,0,5,5,35,6,1,1,1
871,10,3855847289713324761,0,6,6,40,2,4,2,9
872,10,8154599158035840076,0,7,7,37,1,7,4,22
873,10,2536057287361656673,0,4,4,36,2,7,5,16
874,10,2713352589099154269,0,8,8,40,1,3,1,6
875,10,121986182723566945,0,6,6,41,2,6,3,16
876,10,492120859338080639,0,2,2,33,5,2,1,7
877,10,932965167853211554,0,6,6,34,2,3,1,8
878,10,2749490683366280408,0,4,4,31,5,4,3,11
879,10,-1835400132900085572,0,0,0,34,1,7,4,20
880,10,-544532904998189042,0,7,7,36,6,6,5,14
881,10,-6917033186577616696,0,8,8,34,3,5,3,15
882,10,-6676749848310281954,0,5,5,35,2,3,1,8
883,10,504570887083367000,0,3,3,33,1,3,1,11
884,10,-7546766209561466516,0,1,1,34,4,6,3,17
885,10,-5613479591278085461,0,5,5,33,1,4,2,7
886,10,-333886308814157030,0,5,5,33,6,2,2,4
887,10,-7872283810477020899,0,5,5,35,3,5,3,8
888,10,4889644907610627996,0,1,1,34,4,6,3,14
889,10,599548626099171804,0,4,4,37,1,5,2,15
890,10,-979640624624254068,0,5,5,35,5,3,2,10
891,10,5155796667806582752,0,4,4,41,1,7,3,13
892,10,2476665614246085562,0,6,6,37,3,4,1,7
893,10,-8027088702960836068,0,4,4,41,1,6,4,13
894,10,7649995767197802375,0,4,4,38,6,4,2,8
895,10,1747196730047461361,0,5,5,36,1,10,6,33
896,10,8477188296496929906,0,6,6,40,1,5,2,15
897,10,-5808987217060802333,0,6,6,46,3,6,2,13
898,10,-2457112558039695629,0,5,5,38,1,5,3,16
899,10,5965616054099352462,0,7,7,36,2,4,2,11
900,10,6848939474762382471,0,5,5,36,1,6,4,10
901,10,-6601415996160262182,0,7,7,40,7,3,2,12
902,10,-68922840897209588,0,0,0,41,3,4,1,10
903,10,7159214853873655917,0,4,4,36,2,5,3,11
904,10,-4657349968775368370,0,9,9,36,4,7,4,19
905,10,-3350441459732316319,0,2,2,34,2,6,3,16
906,10,8131148341427371233,0,8,8,34,5,5,3,13
907,10,6825586665887939126,0,8,8,35,1,5,3,19
908,10,8879440991739560240,0,4,4,43,1,5,2,16
909,10,4550691673206935818,0,8,8,31,5,5,4,13
910,10,5450552045637821398,0,6,6,35,4,3,2,5
911,10,-3287025016480240377,0,3,3,33,6,3,2,10
912,10,8346174039730944556,0,9,9,34,2,4,2,11
913,10,1273047588930411036,0,3,3,32,9,2,2,2
914,10,-4418513396402947038,0,3,3,31,6,2,1,6
915,10,-791457963442133010,0,5,5,36,2,3,1,5
916,10,1942771417557356626,0,0,0,39,1,8,4,21
917,10,-4358639224225929711,0,6,6,34,3,4,2,10
918,10,111621447588283730,0,0,0,31,8,4,2,9
919,10,3916994937685176178,0,6,6,37,1,4,1,9
920,10,-6367999184089887671,0,3,3,37,4,5,2,10
921,10,-2274042634679846632,0,8,8,37,1,6,4,12
922,10,1778144181136820420,0,0,0,34,2,5,2,17
923,10,6456304274742237195,0,5,5,33,1,6,4,13
924,10,-7588905468831430198,0,7,7,39,3,3,1,6
925,10,-5917230197456325997,0,6,6,38,6,3,2,5
926,10,-7314044793876955091,0,1,1,42,4,4,2,7
927,10,-5060935943969533787,0,3,3,38,2,6,3,17
928,10,5862586573937673762,0,2,2,39,4,5,3,10
929,10,-6548096243369410662,0,6,6,39,4,2,1,3
930,10,6713037904953920532,0,7,7,37,1,9,6,22
931,10,1427301075538689314,0,7,7,35,1,4,1,12
932,10,-8532264004061675852,0,2,2,35,3,6,4,16
933,10,-2006012116514529929,0,1,1,35,1,6,3,12
934,10,-5840885685564491180,0,3,3,37,9,2,2,8
935,10,3913393184130638037,0,6,6,38,3,3,1,6
936,10,1905907169395285877,0,3,3,33,1,4,2,11
937,10,-4454314930156213208,0,3,3,35,2,4,3,8
938,10,3292537267123379358,0,3,3,33,3,2,1,5
939,10,4829725669912975623,0,4,4,31,8,4,3,9
940,10,85444404320780654,0,6,6,39,1,5,2,10
941,10,-8851982633404624671,0,4,4,36,3,4,2,11
942,10,6631728651434028788,0,1,1,35,1,3,2,11
943,10,-4417045326521047179,0,0,0,42,4,8,3,17
944,10,5881705996884769086,0,3,3,38,3,4,2,5
945,10,-3608538843761088377,0,7,7,34,2,7,5,13
946,10,78766780709244463,0,0,0,37,1,6,3,14
947,10,-6351966363755492144,0,9,9,37,2,4,2,9
948,10,-2382334886316001899,0,5,5,44,1,5,2,13
949,10,-5708967194040972747,0,7,7,38,7,9,7,18
950,10,6484214771448348283,0,2,2,33,2,4,3,10
951,10,-9118891025772547268,0,0,0,33,2,7,2,24
952,10,-5761906694678565446,0,8,8,39,3,7,3,14
953,10,-7461376367919392325,0,7,7,37,2,3,1,12
954,10,2766036825642385878,0,3,3,36,2,4,2,8
955,10,-8447980701651293999,0,6,6,36,1,5,3,13
956,10,4403096252583174150,0,4,4,37,1,4,2,9
957,10,143774754669439514,0,2,2,32,5,3,2,7
958,10,-6641775465730408812,0,7,7,36,1,5,2,15
959,10,-455879772917634531,0,1,1,38,4,6,3,15
960,10,-2160276858021289881,0,6,6,31,6,2,1,6
961,10,-2888376958802956279,0,2,2,37,7,2,1,3
962,10,-7088795349768948258,0,2,2,39,2,6,3,11
963,10,-1633618206112039775,0,3,3,32,3,5,4,16
964,10,-1752422861594364194,0,3,3,39,1,8,5,24
965,10,-5505120117921741709,0,4,4,37,4,4,2,9
966,10,-3347739301918488018,0,0,0,31,3,4,1,17
967,10,-9012619734774884017,0,7,7,35,3,5,3,12
968,10,323256161141984769,0,7,7,39,1,6,3,12
969,10,-7785039618417985801,0,4,4,43,2,4,2,5
970,10,835429443500234196,0,4,4,38,1,6,2,15
971,10,-7860557026053019885,0,2,2,39,1,4,2,11
972,10,4214623409899794810,0,6,6,33,7,5,4,8
973,10,-6293545936533688217,0,2,2,33,1,4,2,17
974,10,-8819186011205643916,0,5,5,36,2,4,1,9
975,10,-8284106416513448633,0,9,9,35,1,5,1,14
976,10,-8649246020755628922,0,4,4,39,1,5,2,13
977,10,-6232834317051517623,0,2,2,37,3,4,1,8
978,10,5291590041945213574,0,8,8,38,3,5,3,13
979,10,2153692596343432764,0,6,6,31,9,1,1,2
980,10,-761921353558337418,0,5,5,33,4,4,3,12
981,10,-3329607183727716263,0,1,1,38,2,4,2,7
982,10,-8147288770007275051,0,7,7,36,9,1,1,2
983,10,-3677107538178786888,0,7,7,36,2,3,1,6
984,10,3047758408352983857,0,7,7,44,1,7,3,11
985,10,-19097507581317883,0,8,8,40,5,8,5,18
986,10,5845874269021112833,0,2,2,34,5,2,2,8
987,10,-2421894982000957581,0,6,6,41,3,5,2,12
988,10,-2894943087567104591,0,6,6,41,5,5,2,10
989,10,-6326687444997273105,0,7,7,36,3,7,5,15
990,10,-6906504183536083459,0,7,7,36,2,4,2,6
991,10,-7515308229624325735,0,1,1,36,2,3,1,5
992,10,-582016864485956991,0,4,4,34,4,4,2,7
993,10,5146392891201211247,0,4,4,32,3,5,3,11
994,10,-8655563619588036719,0,6,6,39,3,4,2,9
995,10,5156644492374579019,0,1,1,33,3,5,4,12
996,10,1439506133565719622,0,0,0,30,2,6,3,17
997,10,-5227798666547100145,0,2,2,32,8,2,1,3
998,10,-4802585894114460200,0,6,6,38,1,8,5,21
999,10,-856790661613719778,0,2,2,36,3,8,5,15
1000,10,-8799678523336260557,0,3,3,37,6,5,4,11
1001,10,6732626489464199437,0,5,5,32,2,2,1,5
1002,10,-6383693105471872061,0,3,3,32,3,6,4,17
1003,10,6942090501196132762,0,4,4,40,4,5,2,10
1004,10,-1456245903900049261,0,2,2,40,4,4,2,6
1005,10,8001095623539871964,0,2,2,38,3,5,3,17
1006,10,-4528614177208504683,0,2,2,39,3,8,4,17
1007,10,3232519856667130812,0,3,3,41,1,4,1,10
1008,10,-3070947293332735165,0,3,3,34,3,3,2,6
1009,10,-6227264637878675037,0,6,6,38,6,4,2,6
1010,10,-4099688373389263770,0,5,5,41,3,5,1,16
1011,10,3799484143829062004,0,5,5,32,1,5,3,13
1012,10,546388151987976244,0,4,4,33,1,3,1,9
1013,10,-5425503919016869444,0,6,6,35,5,3,2,7
1014,10,-7334280756767425888,0,1,1,36,4,4,2,11
1015,10,-1487854572836370392,0,9,9,41,1,5,2,10
1016,10,-7921350234834654226,0,7,7,36,6,4,3,10
1017,10,1345322954173795383,0,0,0,37,7,3,1,8
1018,10,5051020601252199557,0,8,8,38,1,7,5,11
1019,10,7825883824679633199,0,5,5,36,2,8,5,27
1020,10,6342553262767372808,0,4,4,33,5,4,3,12
1021,10,-1114382013210406060,0,3,3,41,2,7,4,19
1022,10,2457785799934845350,0,3,3,38,3,5,3,10
1023,10,2640078587250963543,0,3,3,37,2,3,1,4
1024,10,-7213723181893663823,0,6,6,32,3,4,2,16
1025,10,6980571961143556877,0,1,1,37,2,6,3,19
1026,10,-7552120598419452819,0,6,6,35,5,1,1,4
1027,10,8145965926271322720,0,5,5,40,4,2,1,5
1028,10,-7767888153162758614,0,4,4,44,2,5,2,12
1029,10,-8373528675032075382,0,2,2,45,2,10,5,17
1030,10,-5867165717251741547,0,8,8,41,3,4,2,9
1031,10,7017196028105623423,0,6,6,45,4,4,1,5
1032,10,981637865570421066,0,2,2,40,3,5,3,18
1033,10,2833964429510609834,0,7,7,36,3,5,2,16
1034,10,3439171565144588716,0,3,3,34,6,2,1,6
1035,10,-3951819986674661924,0,2,2,33,4,5,3,17
1036,10,-6567437160864293383,0,4,4,36,3,6,2,16
1037,10,1986119578363253633,0,3,3,33,6,4,3,11
1038,10,-4740795767239644776,0,7,7,37,2,6,2,11
1039,10,3013847871405572116,0,4,4,39,3,3,2,8
1040,10,3534125156674628789,0,9,9,36,5,4,2,15
1041,10,-8213677231885578540,0,3,3,38,2,4,2,5
1042,10,1894384132857736975,0,2,2,30,2,5,2,16
1043,10,-7536098237957035081,0,0,0,36,6,3,1,8
1044,10,-8232834124708441072,0,2,2,39,1,5,2,7
1045,10,-5756235941824694369,0,6,6,44,1,5,2,11
1046,10,7024329728420815901,0,8,8,34,1,5,3,13
1047,10,-7006579475619093557,0,6,6,33,1,4,3,11
1048,10,1277973419003008815,0,2,2,38,1,4,2,7
1049,10,-7718040004484706161,0,7,7,36,3,3,1,3
1050,10,-1272330123340450654,0,4,4,32,1,7,5,14
1051,10,6956968685859447623,0,1,1,31,1,3,2,12
1052,10,-6476810758797419444,0,0,0,35,2,5,3,14
1053,10,149398515905677193,0,3,3,36,1,3,1,5
1054,10,4698909214634003665,0,5,5,38,1,6,4,18
1055,10,-8606922568908566631,0,3,3,35,1,3,1,7
1056,10,-6952420270146356426,0,9,9,37,1,3,1,8
1057,10,-6245539228022167519,0,2,2,34,4,3,2,8
1058,10,3295862173771206579,0,8,8,32,2,6,4,22
1059,10,-8870121851557014751,0,5,5,31,2,7,4,22
1060,10,3557355491176045516,0,3,3,36,3,4,3,4
1061,10,8525540962409209380,0,4,4,38,5,9,6,23
1062,10,7160397908874648994,0,6,6,35,1,3,2,7
1063,10,7286824065203537843,0,2,2,35,6,4,3,10
1064,10,-7959212594357836666,0,3,3,38,4,4,2,9
1065,10,-6431258457189857266,0,3,3,34,4,2,1,7
1066,10,5268970803393915598,0,7,7,34,5,3,2,6
1067,10,1538566038767874329,0,4,4,37,2,6,3,13
1068,10,-6281129708932056852,0,3,3,36,6,4,3,9
1069,10,3578951060319885716,0,3,3,38,7,3,2,10
1070,10,1104480544257746363,0,0,0,37,2,6,3,13
1071,10,4467729507565012879,0,3,3,35,3,2,1,2
1072,10,8865665732806019100,0,2,2,41,3,5,3,10
1073,10,-7234692759496225252,0,0,0,35,3,3,1,9
1074,10,-3731411600496611903,0,3,3,36,5,2,1,4
1075,10,-1390625027696012731,0,1,1,36,4,7,5,18
1076,10,5165594003619277640,0,5,5,34,3,4,2,9
1077,10,-5379394623994582208,0,4,4,37,4,3,1,11
1078,10,8246958171908118923,0,2,2,34,5,3,2,10
1079,10,5718519570339107297,0,5,5,36,2,4,2,11
1080,10,-4421764348571806666,0,6,6,37,1,9,5,28
1081,10,-1474995500087127217,0,1,1,36,1,7,5,16
1082,10,8287834942137273753,0,5,5,35,8,2,2,4
1083,10,3935592405131901690,0,7,7,35,3,2,1,9
1084,10,-6194976305715196994,0,1,1,43,1,4,1,11
1085,10,-4815646941425506356,0,3,3,35,4,3,2,7
1086,10,-1865641546984774978,0,9,9,32,2,6,3,19
1087,10,-3957391563367661410,0,5,5,37,2,3,1,6
1088,10,7884694481219436624,0,5,5,39,1,4,2,10
1089,10,-6349462870896690195,0,5,5,36,1,4,2,11
1090,10,2944201387159952546,0,4,4,39,4,3,1,9
1091,10,-3669692562611245363,0,3,3,36,2,5,2,12
1092,10,-8065869165155703701,0,4,4,35,7,3,2,6
1093,10,6380081103373014813,0,5,5,32,1,3,1,8
1094,10,-570692594130292671,0,6,6,38,3,7,4,19
1095,10,3662340730263868667,0,1,1,41,1,8,5,10
1096,10,-1256848557280387801,0,6,6,37,4,5,3,11
1097,10,3993392136835630970,0,3,3,37,2,4,2,7
1098,10,3630661425974352490,0,3,3,35,4,2,1,5
1099,10,1535177484479201426,0,7,7,33,6,3,2,7
1100,10,1618909533979508908,0,6,6,36,2,4,3,9
1101,10,8588672039814005847,0,7,7,42,4,5,3,7
1102,10,-7614864417222506944,0,0,0,31,2,5,3,15
1103,10,4333138898364090222,0,7,7,38,4,7,4,18
1104,10,7823889092517389497,0,5,5,38,5,4,2,11
1105,10,-6461858829844553540,0,2,2,32,4,4,2,13
1106,10,245135183795667901,0,5,5,36,1,7,4,21
1107,10,4992898705647100511,0,7,7,35,5,3,1,8
1108,10,-803132156746236642,0,4,4,43,1,6,3,14
1109,10,7111210998766505441,0,4,4,29,5,2,1,6
1110,10,-60639127785910742,0,5,5,34,3,4,2,11
1111,10,110211618544097194,0,1,1,38,2,4,1,13
1112,10,3265837904044378690,0,1,1,35,3,5,2,12
1113,10,3997298756161023415,0,7,7,34,3,3,2,7
1114,10,-9106442101546409303,0,3,3,34,1,5,2,11
1115,10,4232390766128543113,0,6,6,34,2,5,3,12
1116,10,-7824476955222763619,0,7,7,27,7,1,1,4
1117,10,-2470855409592109729,0,2,2,36,1,6,3,11
1118,10,6257381151960753835,0,1,1,41,2,7,4,15
1119,10,1126866584603106470,0,2,2,35,5,4,3,8
1120,10,1837698441809709631,0,2,2,32,6,3,2,6
1121,10,1150913194910244784,0,7,7,35,1,6,4,18
1122,10,-5382085539335872902,0,4,4,38,3,9,6,20
1123,10,5518558546344909476,0,2,2,37,5,4,2,10
1124,10,624671482784415560,0,7,7,35,1,4,3,10
1125,10,-2155059096224649291,0,4,4,36,3,2,1,6
1126,10,252182412836336560,0,6,6,41,2,6,4,15
1127,10,-5956705731370150762,0,8,8,40,1,8,5,20
1128,10,-8580812589907707282,0,8,8,38,7,3,2,7
1129,10,1581396057495880493,0,4,4,36,2,6,3,14
1130,10,2939495373913983934,0,3,3,37,1,4,2,9
1131,10,-4608891839008439930,0,0,0,37,2,6,3,12
1132,10,5792586201417180282,0,5,5,33,2,5,3,16
1133,10,3936580981264004362,0,3,3,37,2,3,1,6
1134,10,3495696532348120679,0,8,8,41,6,2,1,6
1135,10,3883119462233781488,0,1,1,38,3,3,2,8
1136,10,-4013690948890076725,0,1,1,33,9,2,2,6
1137,10,6601370413562122226,0,5,5,31,5,1,1,1
1138,10,8640012168829172802,0,4,4,37,4,6,5,14
1139,10,-3884442785674790588,0,5,5,37,1,4,2,8
1140,10,5521702077710551249,0,5,5,36,5,2,1,4
1141,10,6172059121909485761,0,5,5,39,6,5,3,9
1142,10,1889360912056350011,0,2,2,35,2,6,3,15
1143,10,-8348178119472448921,0,3,3,37,1,4,1,7
1144,10,706940743621812371,0,3,3,38,1,4,2,10
1145,10,-5792977493938734843,0,2,2,38,3,5,3,7
1146,10,-3439520525144486126,0,7,7,36,3,4,1,6
1147,10,5086615683744071730,0,3,3,35,5,3,2,6
1148,10,7056384772072918826,0,2,2,42,1,9,5,17
1149,10,6727570627528520065,0,7,7,32,6,3,2,10
1150,10,221023395596049370,0,5,5,32,2,4,2,13
1151,10,-1174400111393638158,0,7,7,35,1,3,1,10
1152,10,-5679713936597675965,0,4,4,39,2,5,2,9
1153,10,3140198932194360490,0,5,5,36,2,3,1,14
1154,10,7170385800259895420,0,6,6,33,5,5,3,15
1155,10,-8229318390495194138,0,7,7,37,4,3,2,5
1156,10,-4638749136392877151,0,7,7,38,3,4,2,7
1157,10,211495686116768045,0,6,6,32,4,5,4,9
1158,10,-928091632605021390,0,3,3,36,4,3,1,6
1159,10,-4819754570629403707,0,4,4,39,2,5,3,9
1160,10,3203808806696010649,0,1,1,33,3,3,1,7
1161,10,-2733960081695001497,0,5,5,31,7,4,3,11
1162,10,889735465752279564,0,5,5,39,2,6,4,14
1163,10,1258672997076648245,0,5,5,34,1,4,2,15
1164,10,-6532831345610402923,0,2,2,36,2,5,3,16
1165,10,-4511561447043363605,0,7,7,40,1,8,5,15
1166,10,-6703049032228241042,0,7,7,36,3,4,2,16
1167,10,-2154071158883990187,0,5,5,39,3,3,2,8
1168,10,-3857052395360649582,0,1,1,38,1,6,3,12
1169,10,-3705379616097147648,0,2,2,38,1,7,3,16
1170,10,-6372006800599080304,0,4,4,36,2,9,5,22
1171,10,-6163010058012560332,0,4,4,38,7,6,4,14
1172,10,3932361879683534241,0,0,0,37,5,7,3,17
1173,10,-4811429496946760415,0,0,0,36,1,5,2,9
1174,10,3679771980986810877,0,5,5,32,2,4,2,9
1175,10,1067810016233029463,0,7,7,34,2,4,2,8
1176,10,4599198610284576361,0,1,1,31,2,3,2,7
1177,10,4256064938591063675,0,3,3,36,1,3,1,5
1178,10,-2168298873532486124,0,4,4,36,1,4,2,9
1179,10,-4619965560713000905,0,3,3,34,7,4,3,10
1180,10,-5947393842166595165,0,0,0,41,1,8,3,14
1181,10,1573163757953326450,0,2,2,47,3,7,5,12
1182,10,-8045444399008316022,0,5,5,34,6,2,1,8
1183,10,-1366158606745670975,0,3,3,30,1,7,5,19
1184,10,-3772899470973253219,0,5,5,39,3,4,3,13
1185,10,-8826692502342124516,0,4,4,34,6,5,3,14
1186,10,8920498751202782694,0,5,5,32,4,4,2,10
1187,10,-5718730841370585132,0,8,8,36,5,3,2,7
1188,10,-167526545911863112,0,6,6,40,1,5,3,11
1189,10,-7088319112622177084,0,2,2,35,3,3,1,4
1190,10,-6385876235399734780,0,6,6,33,3,5,3,10
1191,10,-1838811258204569658,0,5,5,39,4,3,2,9
1192,10,3233034008258838506,0,4,4,37,4,3,1,6
1193,10,3520911776556307560,0,1,1,38,3,5,3,9
1194,10,4901801235342385299,0,4,4,38,4,5,3,7
1195,10,2928918031305936096,0,0,0,37,2,7,4,16
1196,10,4066152354350202173,0,8,8,36,3,3,2,11
1197,10,3604911191803391292,0,6,6,36,2,6,5,10
1198,10,-4121552073891896681,0,1,1,34,3,3,2,9
1199,10,4831357962732809693,0,8,8,34,1,10,7,22
1200,10,-2790490447760971186,0,3,3,33,1,8,5,19
1201,10,4054708890109503781,0,4,4,38,1,3,1,10
1202,10,5353054008994251239,0,3,3,39,4,7,4,17
1203,10,5367823001861124207,0,7,7,37,4,4,1,5
1204,10,4804564934900992719,0,7,7,40,1,6,4,11
1205,10,3178473560607292479,0,2,2,37,1,4,2,13
1206,10,-3300015444683053136,0,6,6,33,5,3,1,12
1207,10,-6330709677051008070,0,8,8,34,1,6,4,12
1208,10,2814483964762491653,0,4,4,34,3,3,2,10
1209,10,5439386113202358104,0,6,6,36,2,10,8,19
1210,10,764494269719485168,0,6,6,39,1,6,3,17
1211,10,-2983996943219262761,0,3,3,31,2,2,1,7
1212,10,-5879087943402619318,0,4,4,43,4,4,2,9
1213,10,-6694289543443514766,0,4,4,40,4,6,3,18
1214,10,2764375954644150012,0,6,6,36,1,5,1,18
1215,10,4753839048682227539,0,6,6,33,8,2,2,6
1216,10,6492983629788671372,0,1,1,36,1,4,2,15
1217,10,-3198309318623426747,0,5,5,36,1,3,2,9
1218,10,-7877849818404302342,0,2,2,40,1,4,2,7
1219,10,-5125245647351110739,0,9,9,37,4,3,1,11
1220,10,-4026421029547444787,0,7,7,33,5,3,2,8
1221,10,8760920490842923962,0,7,7,38,5,3,2,5
1222,10,5757905197745382248,0,6,6,34,4,2,1,5
1223,10,2296636136372303323,0,5,5,36,1,3,1,13
1224,10,-4186749888688130399,0,4,4,34,2,5,2,15
1225,10,-2947918183887512463,0,6,6,36,1,5,2,10
1226,10,-2159131431974110573,0,6,6,34,2,4,1,10
1227,10,-6483463208340131387,0,1,1,36,4,4,3,10
1228,10,2982369509995860147,0,2,2,33,4,5,3,12
1229,10,7963468470764304188,0,3,3,34,3,2,1,3
1230,10,-768475996314618591,0,3,3,36,5,2,1,7
1231,10,-8311728298425850935,0,5,5,32,3,3,2,9
1232,10,8432707640331007040,0,8,8,35,2,4,1,8
1233,10,1580283872611198370,0,8,8,36,5,4,2,7
1234,10,449312774721250696,0,4,4,37,1,4,2,10
1235,10,-5679469204610888906,0,4,4,40,1,4,2,6
1236,10,7033860870731644826,0,6,6,37,3,3,1,11
1237,10,-6126864919601805475,0,4,4,31,7,5,3,17
1238,10,-7677506044884821612,0,4,4,33,3,3,2,4
1239,10,7778678740967998673,0,4,4,36,4,3,2,6
1240,10,533761832976952742,0,6,6,41,2,4,1,12
1241,10,-629750863883125540,0,7,7,37,2,7,4,16
1242,10,-5492001181944696603,0,6,6,39,1,3,1,6
1243,10,229761239328638291,0,6,6,37,1,4,2,9
1244,10,-8798036549296991138,0,3,3,33,2,6,4,20
1245,10,-8814264461899183678,0,4,4,36,2,3,1,8
1246,10,-346888373450587282,0,2,2,37,1,5,3,14
1247,10,-1901328382552300568,0,3,3,38,3,6,3,14
1248,10,-5182832408218815663,0,6,6,33,3,6,4,16
1249,10,2384051935700485989,0,1,1,39,1,10,6,20
1250,10,6705218915869038583,0,4,4,35,1,4,2,9
1251,10,2042580003210589361,0,3,3,41,1,5,1,14
1252,10,-5110870628604653026,0,5,5,37,4,3,2,9
1253,10,8451812614385526608,0,5,5,36,3,3,1,9
1254,10,-8662325941985367396,0,4,4,37,1,3,1,5
1255,10,-1723845683225939133,0,8,8,38,2,8,6,16
1256,10,-4925045766510399748,0,6,6,44,1,5,3,8
1257,10,-3217566499455908415,0,5,5,35,4,3,1,7
1258,10,580875716266541901,0,4,4,40,1,6,3,17
1259,10,5309728646698450214,0,2,2,36,4,2,1,5
1260,10,-229542298209223371,0,3,3,39,4,4,1,13
1261,10,7672430928030207019,0,4,4,33,1,4,2,9
1262,10,-5445287967080801204,0,1,1,37,2,7,5,18
1263,10,5388020378781883480,0,6,6,39,2,6,3,16
1264,10,7526809245426201511,0,2,2,33,8,1,1,3
1265,10,6862564203398505398,0,1,1,33,1,7,4,20
1266,10,7215050082962725042,0,9,9,35,1,6,3,16
1267,10,3945936179915071943,0,3,3,35,2,6,4,17
1268,10,-2522815049504822462,0,5,5,36,5,3,2,7
1269,10,771505839196551098,0,1,1,37,3,4,1,11
1270,10,7797626354890656489,0,7,7,37,1,4,2,10
1271,10,-7381879360735326246,0,1,1,35,1,3,2,8
1272,10,-2793325855990837876,0,4,4,29,1,7,5,21
1273,10,6036673961109899336,0,3,3,34,3,3,1,6
1274,10,-2273671825590252749,0,4,4,36,4,5,4,13
1275,10,-4255866280702274327,0,2,2,37,2,3,1,5
1276,10,-4174819065004174560,0,6,6,37,6,2,1,6
1277,10,-8872583317994959711,0,5,5,34,7,1,1,4
1278,10,2271102765947805218,0,7,7,35,4,2,1,5
1279,10,-3305473168654936640,0,2,2,37,3,5,3,11
1280,10,-320382635245628886,0,3,3,33,1,3,2,7
1281,10,4082697931727742396,0,5,5,34,7,4,4,10
1282,10,-4285964653107909858,0,3,3,34,1,7,4,16
1283,10,-7981898935588435935,0,6,6,34,3,4,2,12
1284,10,1706917296611745005,0,2,2,36,4,5,3,9
1285,10,-532825923521371964,0,4,4,43,4,4,2,8
1286,10,-5635537848268242205,0,3,3,36,4,4,1,6
1287,10,-7169923662500356802,0,4,4,41,4,7,4,21
1288,10,4238180790381768765,0,5,5,36,3,7,5,16
1289,10,-1126271856792122984,0,7,7,34,2,2,1,5
1290,10,-8393737233416473089,0,7,7,34,5,2,1,7
1291,10,-3342209460688094141,0,6,6,36,2,4,2,11
1292,10,4930317836835779077,0,6,6,41,4,7,5,12
1293,10,-6237016474316485302,0,5,5,36,1,3,2,8
1294,10,-6722652291477177512,0,5,5,34,4,5,3,8
1295,10,-4075111993002373942,0,5,5,41,6,5,4,10
1296,10,4102333514388045763,0,5,5,33,4,3,2,11
1297,10,1913581720553499809,0,2,2,41,1,4,2,10
1298,10,250509657847080613,0,9,9,38,1,6,3,12
1299,10,8280235636126011748,0,4,4,37,2,3,1,4
1300,10,-8100414146911367929,0,6,6,39,5,3,1,4
1301,10,8551335232991329943,0,4,4,38,5,2,1,8
1302,10,1419718511045144304,0,6,6,34,2,2,1,5
1303,10,1297742059810984471,0,3,3,41,2,4,1,8
1304,10,5016298192038924792,0,6,6,31,2,4,2,10
1305,10,1129344984371561178,0,4,4,36,3,5,3,18
1306,10,-1047104250610367206,0,4,4,43,1,6,3,8
1307,10,-6909826445705996581,0,7,7,35,4,3,2,9
1308,10,4198045717955807694,0,6,6,40,3,4,1,13
1309,10,5836673154096038991,0,6,6,34,5,2,1,2
1310,10,-8434612358659524009,0,6,6,36,1,7,5,24
1311,10,-8432542845166947812,0,6,6,35,2,5,3,17
1312,10,-8838614015053217447,0,2,2,42,1,5,1,14
1313,10,5684599874801077131,0,7,7,35,3,3,1,12
1314,10,4292418524596713134,0,3,3,34,5,1,1,3
1315,10,2037125710233738043,0,7,7,34,7,4,4,8
1316,10,3490304718797403513,0,5,5,38,3,3,2,7
1317,10,-6415925690269507240,0,2,2,35,2,5,2,15
1318,10,-7735785885888217222,0,3,3,40,5,4,1,9
1319,10,1109411019217574157,0,1,1,32,7,3,1,6
1320,10,-510385130804264541,0,0,0,39,3,7,3,15
1321,10,8594075869668991287,0,6,6,37,4,7,5,17
1322,10,-2753906236397974036,0,8,8,33,2,5,3,16
1323,10,1724811823445802074,0,4,4,33,6,3,2,6
1324,10,-8697741838106567069,0,1,1,34,2,4,2,14
1325,10,79851474237955032,0,2,2,34,1,10,6,32
1326,10,-6645370056629537402,0,7,7,38,1,7,5,16
1327,10,-5683636036216837537,0,2,2,33,3,8,6,30
1328,10,-2974029887995269164,0,6,6,29,6,2,2,8
1329,10,2680061803237886371,0,1,1,40,2,4,2,8
1330,10,1068314071054359201,0,1,1,42,2,5,3,11
1331,10,7711383318730798925,0,5,5,35,1,3,1,8
1332,10,6745663228815320105,0,7,7,34,3,3,2,12
1333,10,5112768545201589554,0,8,8,37,7,3,2,6
1334,10,-3227575702538848024,0,0,0,37,2,6,3,12
1335,10,1033961437787033799,0,5,5,38,2,3,1,6
1336,10,-1831385164168732120,0,6,6,40,2,4,2,8
1337,10,5555157222775850452,0,1,1,39,4,5,3,13
1338,10,-6209852115316295205,0,5,5,33,2,2,1,10
1339,10,6646003256565086312,0,2,2,35,1,5,3,15
1340,10,-1199425236025129046,0,2,2,38,3,3,1,6
1341,10,7327220144954749452,0,2,2,41,3,5,3,9
1342,10,7507814554282351437,0,3,3,36,8,4,3,9
1343,10,-2077714092858225093,0,4,4,40,1,5,3,11
1344,10,-3368927040713017315,0,1,1,32,3,5,3,12
1345,10,-1412603229909114351,0,4,4,35,2,3,2,6
1346,10,5898773763446220263,0,5,5,40,1,8,5,14
1347,10,6849213542670641985,0,2,2,43,2,7,3,11
1348,10,-1344264314740622590,0,3,3,37,1,7,4,16
1349,10,5883043441340611148,0,4,4,34,1,5,3,13
1350,10,3982192874447713187,0,3,3,41,5,6,3,12
1351,10,6783950257666313199,0,4,4,38,2,3,1,6
1352,10,-7741632156256245137,0,4,4,36,3,4,1,11
1353,10,3010116309081048540,0,2,2,36,4,6,3,19
1354,10,2052424120804361809,0,6,6,39,5,3,1,8
1355,10,8153893954554481325,0,5,5,37,5,6,4,15
1356,10,7647776859820896653,0,7,7,43,1,5,1,8
1357,10,-7237034668310914795,0,6,6,39,2,4,2,9
1358,10,5514599512234978837,0,4,4,35,1,6,4,13
1359,10,67195492304267864,0,7,7,36,7,2,1,3
1360,10,-8267583833758442725,0,4,4,36,2,4,2,10
1361,10,4441781518934868988,0,2,2,37,4,5,2,10
1362,10,-1151874304628817945,0,5,5,40,1,4,2,9
1363,10,29952666507538624,0,4,4,35,3,3,2,11
1364,10,-1370796915653906455,0,5,5,41,1,6,3,13
1365,10,1340142134214874317,0,7,7,40,1,10,6,28
1366,10,8671522445491166225,0,2,2,38,1,9,6,18
1367,10,1574136534225817899,0,3,3,34,7,4,3,11
1368,10,-4079128783488817826,0,6,6,33,5,3,1,6
1369,10,-4904992203969910154,0,3,3,35,4,5,4,15
1370,10,8274238730854040757,0,5,5,36,1,3,1,7
1371,10,-9052890236275022128,0,1,1,37,1,7,4,18
1372,10,8931714167674215411,0,2,2,36,3,6,4,18
1373,10,3175517686679721753,0,7,7,37,2,7,5,15
1374,10,-6819577263552461755,0,7,7,32,2,6,5,14
1375,10,252735000278204253,0,4,4,36,2,2,1,3
1376,10,-8764704259063173706,0,6,6,35,7,2,2,4
1377,10,1737316907333227150,0,5,5,33,3,4,2,9
1378,10,-8612706763085405175,0,3,3,40,6,5,4,7
1379,10,2754844677404980594,0,0,0,37,2,6,2,13
1380,10,-5891553046916035384,0,6,6,37,2,4,1,7
1381,10,3028734167633165534,0,2,2,37,2,4,2,17
1382,10,-215113708661411172,0,0,0,37,2,6,2,17
1383,10,539038638304008996,0,4,4,37,4,4,3,12
1384,10,3869718709103096287,0,9,9,39,1,7,3,21
1385,10,8971349747324645577,0,6,6,36,6,4,2,13
1386,10,-7082437416070997393,0,5,5,38,3,5,3,10
1387,10,5363752923071132795,0,6,6,37,1,2,1,7
1388,10,1694125507625917125,0,1,1,38,1,4,1,9
1389,10,4148485161894487617,0,7,7,37,2,3,1,11
1390,10,-8116916657816008635,0,6,6,33,4,5,4,17
1391,10,2372334780432187892,0,0,0,39,3,6,3,12
1392,10,3701155210824472791,0,2,2,35,5,2,1,2
1393,10,5608590042080683245,0,2,2,34,3,4,3,14
1394,10,4930202167943881141,0,3,3,35,2,5,3,14
1395,10,-7014827833613722881,0,2,2,40,1,8,6,21
1396,10,-7098060028478099578,0,1,1,33,2,4,3,5
1397,10,135232393528280743,0,3,3,36,1,4,2,12
1398,10,-7833845670087078996,0,3,3,40,4,4,2,11
1399,10,3765456728373008514,0,6,6,39,3,6,3,12
1400,10,2647676935227851481,0,6,6,36,1,5,2,10
1401,10,-859285843168884226,0,1,1,31,2,4,2,9
1402,10,-2275817405698015000,0,2,2,38,4,3,2,7
1403,10,1969254283429826388,0,6,6,37,5,5,3,11
1404,10,-8600022133538138646,0,1,1,34,2,2,1,7
1405,10,6706941091059922101,0,7,7,35,8,3,2,10
1406,10,-6039353316142794626,0,4,4,35,1,3,2,6
1407,10,-5703040879084873021,0,5,5,37,1,4,2,9
1408,10,-4084967986333902491,0,3,3,35,2,6,5,17
1409,10,-4501679060008483262,0,4,4,37,2,3,1,9
1410,10,7360610451942562900,0,4,4,35,7,4,3,12
1411,10,4020554381655324431,0,7,7,35,6,5,4,12
1412,10,6989864665280514572,0,2,2,35,3,6,4,20
1413,10,3736222259242875472,0,6,6,35,2,2,1,5
1414,10,141040600348757928,0,6,6,37,1,4,1,9
1415,10,4737284988159896556,0,3,3,32,6,5,4,13
1416,10,7917053215343746869,0,8,8,31,6,6,5,17
1417,10,1238713541076654909,0,3,3,39,2,3,1,9
1418,10,7803019192395859335,0,4,4,35,5,3,3,5
1419,10,563519499830347524,0,2,2,41,2,4,2,9
1420,10,-1721304105624106678,0,5,5,31,5,4,2,8
1421,10,-5419650453317720931,0,3,3,34,8,4,4,10
1422,10,-6312234470492133545,0,5,5,36,4,3,1,9
1423,10,5931571982036838003,0,6,6,33,1,6,3,15
1424,10,-7242054220527910840,0,6,6,35,4,10,7,22
1425,10,-764373046631909963,0,5,5,37,3,6,3,17
1426,10,1240173503789894477,0,4,4,33,5,3,1,10
1427,10,3005903046143415113,0,5,5,33,5,5,4,11
1428,10,-4526923736101789119,0,8,8,39,8,3,2,5
1429,10,6955678865924854784,0,6,6,37,3,3,1,11
1430,10,-934067350384624904,0,7,7,34,6,3,3,7
1431,10,8075753503431879692,0,6,6,33,5,2,2,8
1432,10,7859018432793960922,0,5,5,40,2,3,1,7
1433,10,1129433534012489134,0,4,4,37,1,2,1,7
1434,10,8457109391503509940,0,4,4,35,3,5,3,9
1435,10,-5911813290866417869,0,2,2,31,4,3,2,13
1436,10,-7473066620549659443,0,1,1,35,2,4,1,8
1437,10,-6653106619216245728,0,7,7,35,3,2,1,6
1438,10,-7616674997942174920,0,4,4,36,3,7,5,18
1439,10,-3288722340191930964,0,5,5,35,1,6,4,11
1440,10,-4433792754252139928,0,8,8,31,2,4,3,5
1441,10,7706883565005825646,0,2,2,34,7,4,3,14
1442,10,-3780044170989487607,0,3,3,46,5,4,2,7
1443,10,7012265691479010646,0,3,3,38,2,4,2,7
1444,10,-2750289304246414835,0,5,5,39,5,6,3,16
1445,10,-618447694243216415,0,6,6,38,1,7,4,18
1446,10,-5253060903171875324,0,6,6,32,8,1,1,5
1447,10,-7988504477890616440,0,5,5,37,3,4,1,8
1448,10,6372697588263713200,0,5,5,35,3,4,2,9
1449,10,8139029383660551801,0,3,3,30,6,4,3,12
1450,10,4612698527432164056,0,5,5,31,5,2,1,7
1451,10,2485737422292176776,0,4,4,37,4,4,1,14
1452,10,5403931838864141404,0,4,4,31,3,2,1,8
1453,10,-4465328238241270424,0,5,5,38,4,4,2,9
1454,10,5319527357100011145,0,3,3,39,4,4,1,10
1455,10,6035622096782019861,0,3,3,38,1,6,3,13
1456,10,4902180912038275246,0,8,8,33,4,4,3,7
1457,10,6043714736034873236,0,3,3,33,7,4,3,12
1458,10,4005969580873287663,0,0,0,34,1,9,6,22
1459,10,3193070804123301598,0,7,7,34,8,2,2,2
1460,10,1474207838518200152,0,3,3,36,2,5,3,12
1461,10,8071605242616917529,0,3,3,34,5,2,1,3
1462,10,7038342762359184693,0,2,2,37,1,3,1,9
1463,10,-9167491204199673591,0,3,3,37,6,7,5,19
1464,10,-9170040576814126688,0,6,6,36,8,1,1,3
1465,10,-8836279032310620475,0,9,9,44,1,5,2,12
1466,10,-6372931350750217638,0,5,5,34,3,3,2,8
1467,10,9032671564590662573,0,4,4,32,3,3,1,6
1468,10,1167724424482289630,0,0,0,38,1,10,6,22
1469,10,9157556304055819931,0,6,6,36,3,3,2,7
1470,10,5868812337094004659,0,4,4,31,3,5,2,14
1471,10,4015360564138747224,0,5,5,33,2,2,1,6
1472,10,-9060823160548659199,0,2,2,37,1,6,3,19
1473,10,1424276398353341520,0,5,5,38,2,5,3,12
1474,10,-8684864194726762393,0,6,6,40,1,5,3,12
1475,10,-4166203885609101943,0,2,2,36,5,2,1,6
1476,10,7743979897595741195,0,8,8,36,1,5,2,14
1477,10,8351178034478738129,0,0,0,35,8,4,2,7
1478,10,-4709424615734841102,0,4,4,39,4,6,3,14
1479,10,-7063266267139119305,0,4,4,36,2,4,1,9
1480,10,-370026211286562672,0,6,6,37,2,7,4,17
1481,10,470207692998349755,0,3,3,37,2,6,4,13
1482,10,-7067803992661766750,0,4,4,38,5,3,2,6
1483,10,-8715696563636544696,0,8,8,36,3,9,6,19
1484,10,-1309096751398948036,0,6,6,38,4,6,3,9
1485,10,-898595107061351966,0,6,6,37,6,2,1,5
1486,10,579425933899612445,0,1,1,36,1,4,1,11
1487,10,5157386016840870683,0,5,5,32,7,2,1,4
1488,10,5151284362668992842,0,5,5,33,7,2,1,5
1489,10,1370972767791778763,0,7,7,40,4,6,3,13
1490,10,2959225201728987865,0,7,7,34,3,4,3,9
1491,10,5050991218593243903,0,7,7,37,2,6,3,16
1492,10,8535935798661897741,0,2,2,42,1,8,3,16
1493,10,8774158633083946545,0,5,5,39,2,4,2,8
1494,10,-6874497007032490589,0,0,0,40,1,9,5,18
1495,10,-4245986159573939015,0,8,8,32,2,7,4,23
1496,10,3629003602728436075,0,7,7,39,1,5,2,6
1497,10,4796529311669864067,0,4,4,38,2,5,3,12
1498,10,2610401058709433881,0,1,1,33,2,4,2,13
1499,10,514318523733486082,0,0,0,36,1,7,3,20
1500,10,-9189279807031558564,0,4,4,32,7,2,2,6
1501,10,7285166263071534436,0,2,2,36,4,3,2,7
1502,10,4595336554527193392,0,3,3,38,1,6,3,20
1503,10,-6957411724825624825,0,2,2,39,3,8,5,18
1504,10,-190338011287025296,0,6,6,38,5,3,1,7
1505,10,7108209858398900523,0,5,5,38,1,3,1,8
1506,10,3111548609644155566,0,4,4,36,2,2,1,5
1507,10,7917282628446481639,0,5,5,36,7,6,5,13
1508,10,-4650045955195338938,0,3,3,38,4,5,2,15
1509,10,5875880115548274785,0,4,4,29,4,2,1,6
1510,10,593792230643604400,0,4,4,37,3,7,4,18
1511,10,5399881485343726649,0,5,5,39,2,4,2,11
1512,10,-1949571005324979434,0,4,4,34,6,3,2,7
1513,10,6379066933643056197,0,4,4,29,5,4,3,15
1514,10,4359083551753298214,0,3,3,33,1,6,3,22
1515,10,3724557894466844547,0,7,7,36,1,6,3,10
1516,10,2678286618393742632,0,5,5,38,1,7,5,12
1517,10,-348354378317147317,0,4,4,33,5,3,2,7
1518,10,430846988369707602,0,4,4,40,7,1,1,2
1519,10,-2738590605846268476,0,3,3,39,2,5,1,12
1520,10,-8302046036831692453,0,8,8,36,3,6,4,15
1521,10,-5689929983582723176,0,3,3,35,2,4,1,10
1522,10,-2617908525583571123,0,5,5,32,6,3,2,8
1523,10,-2743570170127092501,0,1,1,30,9,1,1,3
1524,10,-2217323982862244449,0,2,2,34,1,3,1,15
1525,10,2408758486558936456,0,2,2,36,2,8,4,19
1526,10,-6574133112691603582,0,6,6,35,7,4,2,9
1527,10,8731285138263417949,0,7,7,38,2,6,3,15
1528,10,503726402681770107,0,7,7,43,4,4,1,9
1529,10,407198566211587625,0,4,4,44,4,6,3,12
1530,10,6067914540441190449,0,4,4,36,1,4,3,7
1531,10,-4489507710292033677,0,9,9,37,6,3,2,8
1532,10,3182338860365326216,0,6,6,39,2,4,2,8
1533,10,2613625515055249853,0,0,0,33,2,9,6,22
1534,10,3738631406254829,0,5,5,39,7,4,3,11
1535,10,-210926006848792583,0,0,0,33,6,4,1,9
1536,10,7421139395309467123,0,4,4,37,4,3,2,6
1537,10,1141744002453188156,0,1,1,37,4,5,2,13
1538,10,2202606507532788767,0,7,7,34,2,5,3,8
1539,10,1311107829891526833,0,4,4,33,3,6,4,12
1540,10,-1265704836777024769,0,3,3,38,2,5,3,13
1541,10,6050322563352139215,0,3,3,40,1,6,3,10
1542,10,3259594651848962433,0,7,7,38,2,7,4,14
1543,10,814606490555066318,0,5,5,36,5,5,2,11
1544,10,1229262878114062465,0,2,2,33,1,3,2,7
1545,10,-8956834085811259050,0,7,7,39,3,4,2,12
1546,10,-6342095042300643165,0,5,5,39,3,10,7,26
1547,10,1624132398402072953,0,6,6,35,2,3,1,8
1548,10,-7734409253093185182,0,2,2,36,3,4,2,12
1549,10,3223135826883093219,0,6,6,33,6,5,4,10
1550,10,-2210608903905061527,0,2,2,30,6,3,2,9
1551,10,-6381484278149111216,0,6,6,34,6,2,1,5
1552,10,3998626537838415905,0,5,5,32,7,2,2,6
1553,10,776699261056536637,0,2,2,35,4,4,2,12
1554,10,-127754844250464118,0,7,7,37,3,3,2,9
1555,10,-280188145842615838,0,7,7,41,2,6,3,17
1556,10,-6773868945956905650,0,4,4,32,6,5,4,13
1557,10,-639736190020881058,0,2,2,33,5,3,2,6
1558,10,1366914852457100819,0,8,8,36,1,7,3,16
1559,10,3242363067962547508,0,7,7,32,1,3,1,7
1560,10,3919486015086673424,0,2,2,36,1,8,5,17
1561,10,-556451716311888138,0,7,7,33,6,7,4,14
1562,10,2319907447435807715,0,4,4,34,5,6,4,13
1563,10,1904491379872035135,0,4,4,37,5,5,3,14
1564,10,-3344115893609676128,0,3,3,34,1,4,3,8
1565,10,-8777873543949826843,0,2,2,34,3,7,4,17
1566,10,8786690030297471020,0,5,5,36,5,3,1,11
1567,10,-39812806196181649,0,3,3,33,3,5,4,14
1568,10,-4674106696334840628,0,5,5,32,4,6,4,16
1569,10,-8111929789182993212,0,5,5,35,3,5,2,13
1570,10,-832435639383308296,0,6,6,36,2,6,3,16
1571,10,3280673278970551845,0,3,3,35,1,8,5,26
1572,10,-2861824376378110347,0,2,2,34,2,6,4,16
1573,10,890342606415232093,0,8,8,36,5,4,3,4
1574,10,931148967331464610,0,6,6,34,6,3,2,6
1575,10,8734992145285672759,0,1,1,33,7,2,1,4
1576,10,319185035171723281,0,7,7,37,5,3,2,5
1577,10,-781260739330491345,0,5,5,36,3,3,1,8
1578,10,2781274327059877721,0,4,4,40,1,4,3,6
1579,10,3159900570951439979,0,6,6,38,7,6,4,23
1580,10,1682253352248784681,0,7,7,41,7,3,2,7
1581,10,4623962088793770475,0,6,6,32,1,5,4,15
1582,10,-2395089665221993056,0,3,3,38,4,3,1,6
1583,10,-2108106816016980481,0,3,3,35,4,4,2,11
1584,10,6346420369098581212,0,5,5,36,1,4,1,12
1585,10,2742993242132110073,0,0,0,33,6,5,3,9
1586,10,7826095750644619729,0,3,3,41,3,5,2,9
1587,10,-6869090369060700380,0,4,4,33,5,5,3,15
1588,10,-3356760490660658085,0,1,1,35,4,7,5,19
1589,10,5309594180014190324,0,0,0,41,1,7,2,19
1590,10,-283259702033341291,0,4,4,39,1,9,5,18
1591,10,8825040642308897918,0,4,4,34,3,7,5,21
1592,10,-1491340624582446741,0,6,6,33,7,3,2,7
1593,10,-8532016960172809686,0,1,1,37,3,8,4,25
1594,10,-794330745487594387,0,2,2,32,1,2,1,7
1595,10,-5475610654607414106,0,1,1,38,3,3,2,6
1596,10,-5580027122959655194,0,3,3,35,3,2,1,9
1597,10,3581670388636667933,0,5,5,43,1,6,2,14
1598,10,3042852010516190253,0,2,2,31,4,2,1,5
1599,10,-2957052080633996120,0,7,7,37,2,4,1,6
1600,10,-6715502431259466438,0,5,5,36,1,4,2,12
1601,10,-323485560520571388,0,9,9,37,2,4,1,10
1602,10,-86174262607713925,0,3,3,36,1,4,1,11
1603,10,5266441747403371141,0,2,2,37,1,7,4,14
1604,10,-4864976895559180056,0,6,6,34,3,3,1,9
1605,10,-3764353123379034805,0,2,2,40,4,6,4,10
1606,10,-6284276198439376043,0,3,3,33,1,4,2,14
1607,10,3166668481757583282,0,2,2,38,2,6,3,16
1608,10,3412702466617794822,0,2,2,37,1,7,4,22
1609,10,7252413601257756174,0,1,1,39,1,3,1,5
1610,10,-2538732813212295032,0,3,3,38,5,2,1,6
1611,10,-2574314093362744424,0,3,3,33,3,3,2,9
1612,10,-1739249285524265538,0,5,5,37,3,4,2,7
1613,10,6041429338409052578,0,4,4,35,6,2,1,6
1614,10,6214998806328081977,0,2,2,40,2,4,2,11
1615,10,4281611624232121874,0,6,6,40,5,6,3,16
1616,10,-2583307514484560179,0,4,4,34,5,6,4,18
1617,10,4316347242253176077,0,4,4,40,2,8,4,27
1618,10,-2019577183651897760,0,0,0,34,2,4,1,10
1619,10,690168649543692786,0,6,6,40,5,5,2,10
1620,10,852787745601182213,0,7,7,35,2,2,1,8
1621,10,4102036731645995913,0,3,3,31,4,2,1,6
1622,10,-2792678211950344632,0,1,1,36,1,2,1,7
1623,10,-306162470111557765,0,6,6,41,3,9,6,20
1624,10,-4347739167582580277,0,4,4,44,3,5,1,9
1625,10,-8610763546002956027,0,6,6,35,1,5,2,17
1626,10,554667301575671057,0,6,6,35,1,4,2,13
1627,10,-1972717737072812312,0,1,1,38,1,11,5,23
1628,10,-2549023835062203495,0,6,6,37,3,4,3,10
1629,10,-3657424285514802012,0,3,3,35,1,8,6,19
1630,10,-5830070490813795794,0,1,1,33,2,4,2,13
1631,10,4309642659700404964,0,2,2,39,3,3,1,10
1632,10,6649775291879495293,0,7,7,42,2,3,1,10
1633,10,4506738353487909691,0,4,4,45,1,7,3,14
1634,10,2524423182055994344,0,7,7,34,2,3,1,6
1635,10,-8419125921360958703,0,2,2,34,2,6,2,17
1636,10,1319487183310453145,0,6,6,37,1,6,3,11
1637,10,-3076038534476430889,0,9,9,39,2,4,1,8
1638,10,4667061208755238360,0,7,7,31,7,3,3,8
1639,10,-3596185953647819135,0,8,8,39,2,4,2,10
1640,10,-8250883165493697887,0,3,3,37,2,3,1,7
1641,10,1065538758057394229,0,1,1,43,3,9,4,20
1642,10,3560402803671951217,0,7,7,35,4,6,4,19
1643,10,-7271135824872860096,0,4,4,35,3,6,3,16
1644,10,629066274345428064,0,8,8,36,3,8,6,21
1645,10,3369132400396854089,0,4,4,34,2,5,3,12
1646,10,6863425023136406132,0,6,6,39,2,4,2,9
1647,10,280825508353771464,0,8,8,38,1,7,4,11
1648,10,-4702926439258241741,0,7,7,36,3,6,4,11
1649,10,196207300898287544,0,3,3,43,1,9,5,18
1650,10,-647324522075637383,0,3,3,37,5,4,2,13
1651,10,8431022940367994762,0,4,4,33,4,2,1,2
1652,10,7603707630266834316,0,6,6,36,1,5,3,12
1653,10,567471456097475677,0,8,8,36,2,2,1,6
1654,10,-4017495030037475731,0,4,4,37,2,6,3,19
1655,10,-9117155123005668500,0,4,4,34,5,6,4,23
1656,10,-8007217626298136976,0,6,6,35,2,3,1,6
1657,10,9072080954935289031,0,5,5,39,1,5,2,10
1658,10,-2730580486575482610,0,6,6,36,5,6,5,16
1659,10,8374525664025343302,0,1,1,33,2,4,2,10
1660,10,-5669133775029921798,0,3,3,36,3,2,1,3
1661,10,6988089083854842809,0,6,6,39,2,5,4,10
1662,10,-7757797508526344847,0,3,3,41,1,4,1,6
1663,10,-5460361868720038556,0,4,4,39,5,8,6,20
1664,10,3702676662926702550,0,1,1,40,4,3,1,5
1665,10,9045090913486908842,0,3,3,36,7,2,1,2
1666,10,-1282815522883300739,0,1,1,37,4,2,1,4
1667,10,-8836203910219119353,0,3,3,34,2,6,3,19
1668,10,-6838652177172219962,0,3,3,37,2,3,1,3
1669,10,-3423132029903240381,0,1,1,35,3,6,4,13
1670,10,-5801030668092458898,0,1,1,34,7,2,1,5
1671,10,8350635230332936420,0,5,5,35,4,5,4,15
1672,10,-8786327888129932255,0,8,8,38,3,5,1,11
1673,10,3409972668550067171,0,6,6,33,1,3,2,3
1674,10,8226639564676816722,0,1,1,36,3,7,4,14
1675,10,-4288324442107819101,0,5,5,39,2,5,2,10
1676,10,-1399339511987871153,0,6,6,35,3,5,3,13
1677,10,-4407542383641405410,0,3,3,34,1,3,1,12
1678,10,-4829517383413934705,0,1,1,40,4,6,4,13
1679,10,-7509593011580006303,0,4,4,32,3,4,2,8
1680,10,8682444629397749582,0,9,9,35,7,7,5,13
1681,10,4082776639663131706,0,5,5,34,4,6,4,16
1682,10,4772261390053062235,0,4,4,29,1,4,3,14
1683,10,834360936470381870,0,2,2,38,1,3,1,12
1684,10,-5265172005343572432,0,4,4,38,4,3,2,7
1685,10,-5834693862474812752,0,6,6,33,2,2,1,6
1686,10,551158600590602307,0,4,4,42,4,4,1,9
1687,10,-8573696393397095024,0,5,5,37,2,4,1,8
1688,10,6345696165702366875,0,5,5,37,1,7,4,18
1689,10,5111979397780162225,0,8,8,44,2,4,1,11
1690,10,-86458704929088603,0,5,5,40,1,3,1,3
1691,10,-7294366268375556865,0,5,5,36,1,3,1,8
1692,10,-5876506185579719865,0,2,2,36,2,4,2,12
1693,10,-494966576800285025,0,6,6,35,1,4,1,12
1694,10,6893231476331110709,0,1,1,44,2,5,2,9
1695,10,1926833643872072039,0,6,6,34,7,1,1,3
1696,10,-166436805311250301,0,8,8,34,4,4,3,7
1697,10,-4447818469089608049,0,4,4,36,2,3,1,9
1698,10,-1637670979306278788,0,4,4,37,8,2,1,6
1699,10,4822242989930659241,0,6,6,40,4,4,2,7
1700,10,-2848425638960760143,0,4,4,42,2,4,1,8
1701,10,8890813675337865934,0,7,7,38,1,5,2,12
1702,10,471530017362708052,0,6,6,34,2,7,5,15
1703,10,3561043464060242969,0,5,5,45,3,7,3,12
1704,10,874435705189665990,0,6,6,36,4,3,2,5
1705,10,-4944912085650036135,0,7,7,30,3,5,3,15
1706,10,-5212735094366698643,0,4,4,38,3,3,1,6
1707,10,-4915777221403582207,0,4,4,31,2,2,1,5
1708,10,6803335165649800907,0,7,7,38,1,5,2,16
1709,10,-1214229525294814877,0,5,5,40,1,6,2,11
1710,10,768282901159023308,0,7,7,36,6,4,2,12
1711,10,151776843439129885,0,2,2,38,2,4,2,8
1712,10,-5765144113817078690,0,6,6,40,1,5,3,13
1713,10,7910431868005788627,0,2,2,35,2,5,2,14
1714,10,-2296013895249665977,0,7,7,38,7,6,4,7
1715,10,1054677328889454622,0,6,6,35,1,5,3,10
1716,10,-1373223333582034126,0,6,6,39,1,8,4,19
1717,10,-5865414478943428669,0,6,6,36,4,7,3,14
1718,10,-5541471494755246326,0,6,6,36,1,2,1,3
1719,10,-955643158679739609,0,1,1,36,3,3,1,6
1720,10,-7904565381381273206,0,8,8,36,7,5,3,10
1721,10,-1204624623821365246,0,2,2,38,2,6,3,14
1722,10,2124502186081361940,0,4,4,34,3,3,2,11
1723,10,4504328962599125843,0,9,9,37,1,4,2,11
1724,10,8522319300189834434,0,6,6,36,2,3,1,6
1725,10,-8632697002274531693,0,6,6,35,2,6,4,15
1726,10,-2529983147975821126,0,8,8,41,3,3,1,4
1727,10,7237870589324362797,0,5,5,33,5,2,1,3
1728,10,-1238774634254768186,0,0,0,35,1,4,2,9
1729,10,-1897396297887355092,0,7,7,35,1,7,3,22
1730,10,3271518006482237732,0,4,4,38,1,5,2,12
1731,10,-7577777947952524746,0,2,2,35,1,5,2,13
1732,10,7539373802204455321,0,1,1,33,2,6,4,13
1733,10,-7140656612869776968,0,2,2,38,1,10,6,20
1734,10,7687831278831710924,0,7,7,39,3,3,1,7
1735,10,-1089284875841884830,0,2,2,36,2,8,5,25
1736,10,-82158100208352304,0,8,8,34,3,5,3,16
1737,10,6607160915665853653,0,4,4,34,8,3,2,9
1738,10,701215290191924994,0,2,2,31,7,4,4,10
1739,10,5309387508475847579,0,5,5,37,2,7,5,15
1740,10,-6207424643440748268,0,8,8,36,5,7,6,17
1741,10,-9065687009034258345,0,4,4,34,3,3,2,11
1742,10,2867269088801420650,0,7,7,37,7,4,3,10
1743,10,-2048810803126658243,0,2,2,34,1,4,2,14
1744,10,3022572108440583076,0,5,5,37,4,5,3,18
1745,10,1033057356607330243,0,1,1,37,2,4,2,8
1746,10,2129922523710718587,0,6,6,39,1,11,7,31
1747,10,5077446533567475096,0,0,0,34,1,6,3,20
1748,10,-1648616379524959280,0,2,2,34,2,6,4,16
1749,10,2362298344319309013,0,7,7,39,2,5,3,13
1750,10,-4643746213627179518,0,5,5,36,2,7,5,19
1751,10,-559511628400242318,0,7,7,37,1,4,2,11
1752,10,-5989270613852903809,0,5,5,32,7,1,1,2
1753,10,-3795771286279075334,0,4,4,37,3,5,3,11
1754,10,3978300695418651037,0,8,8,38,4,5,4,15
1755,10,8228372709113648514,0,3,3,40,5,3,1,10
1756,10,1716341608038421418,0,7,7,33,4,3,2,10
1757,10,663603777826256087,0,2,2,34,2,8,5,22
1758,10,-6180459095390011583,0,7,7,37,3,3,1,5
1759,10,-6397275365287613706,0,3,3,36,5,3,1,6
1760,10,-6296181431685896993,0,7,7,38,1,4,2,9
1761,10,-5051096087980201792,0,5,5,33,6,4,3,8
1762,10,4045334653979711413,0,4,4,36,1,5,3,14
1763,10,-6180630205495181330,0,5,5,31,1,2,1,7
1764,10,1914645572918266815,0,2,2,40,1,6,3,14
1765,10,3967946074632032578,0,2,2,33,4,5,3,16
1766,10,3469826569540423956,0,6,6,37,2,3,2,9
1767,10,-8586603315568203266,0,6,6,36,3,4,1,11
1768,10,-3910590570782674816,0,2,2,36,1,5,2,9
1769,10,-6420481713480563559,0,0,0,36,7,6,4,16
1770,10,-4344358494459200177,0,8,8,35,6,2,1,7
1771,10,4218968318896480432,0,5,5,36,1,4,2,13
1772,10,244017960807149675,0,7,7,34,3,3,1,8
1773,10,8941739680093972026,0,8,8,33,7,7,7,15
1774,10,-1991630921893322583,0,4,4,41,1,5,2,14
1775,10,-7437089191721187328,0,4,4,32,2,2,1,3
1776,10,-470589146944066465,0,7,7,44,4,5,4,6
1777,10,-5978934296752006837,0,1,1,37,3,6,3,18
1778,10,7915757905722976313,0,7,7,34,4,2,1,6
1779,10,-5724841548861895970,0,9,9,35,2,7,4,19
1780,10,7346955016115316556,0,2,2,34,6,4,2,8
1781,10,863370341227168550,0,6,6,36,1,3,1,9
1782,10,4003604673939402859,0,8,8,37,4,3,1,8
1783,10,7104135260814984623,0,3,3,39,2,6,3,12
1784,10,-3923012821108575047,0,4,4,32,3,4,2,12
1785,10,-3280786622911472166,0,8,8,40,1,6,4,12
1786,10,3072337077085068159,0,2,2,32,3,3,1,9
1787,10,3698986845813768397,0,2,2,34,6,3,2,7
1788,10,-7558334249063352513,0,4,4,41,1,6,2,14
1789,10,-2163120132027508054,0,1,1,40,4,4,2,10
1790,10,326066951337408521,0,6,6,35,7,4,3,6
1791,10,6916983913513614082,0,7,7,35,2,5,2,13
1792,10,-8391770936571629812,0,7,7,38,1,6,3,14
1793,10,8411421368087549068,0,2,2,35,1,2,1,4
1794,10,-20805395062556817,0,7,7,36,4,3,2,7
1795,10,-3853121836900056047,0,5,5,35,5,3,1,8
1796,10,-1704389653631248287,0,4,4,35,1,3,1,7
1797,10,-487549782415781206,0,7,7,38,3,8,5,14
1798,10,3952391917870822511,0,2,2,35,4,4,2,13
1799,10,1329360384378382125,0,5,5,36,1,7,4,17
1800,10,4959168786434349588,0,6,6,29,3,5,3,16
1801,10,-7224469723546608924,0,5,5,41,2,4,1,8
1802,10,4081832931554036118,0,1,1,37,2,6,4,14
1803,10,4368713173675353472,0,3,3,42,3,4,2,11
1804,10,3503189332727415823,0,6,6,41,1,7,4,22
1805,10,-8005077513722801075,0,8,8,36,1,10,6,26
1806,10,-1360142027543513143,0,7,7,33,1,3,1,7
1807,10,-6876378105054871386,0,3,3,38,5,3,2,3
1808,10,-1129584069787378225,0,2,2,42,3,3,1,7
1809,10,-8270128054483781206,0,6,6,36,3,5,2,13
1810,10,-6977452797994754880,0,4,4,34,3,4,2,9
1811,10,7915272445869085999,0,4,4,38,2,3,2,4
1812,10,3684536551539475686,0,5,5,34,2,4,2,11
1813,10,-787424457769788426,0,8,8,36,2,5,3,8
1814,10,-5226105504518768250,0,3,3,38,7,5,4,12
1815,10,44522079116150048,0,3,3,34,4,3,2,3
1816,10,-4698719552569091207,0,0,0,32,1,4,1,7
1817,10,4134601339983901921,0,3,3,36,3,7,5,12
1818,10,8666716121666914555,0,0,0,36,3,8,5,24
1819,10,7528008939857785459,0,5,5,34,5,3,2,5
1820,10,-5375940226336569662,0,2,2,40,3,5,1,16
1821,10,-8837365623422678708,0,7,7,35,3,4,3,12
1822,10,-3206155163673647534,0,7,7,38,7,3,1,7
1823,10,-505115609577354862,0,4,4,37,3,2,1,3
1824,10,5097637859734420879,0,4,4,31,7,3,2,7
1825,10,6465628942954945486,0,3,3,33,5,6,4,17
1826,10,5134198179704357779,0,3,3,36,3,5,4,16
1827,10,8629291560549309408,0,2,2,34,6,5,3,8
1828,10,6147660542623311553,0,3,3,35,2,2,1,7
1829,10,-982757512298451150,0,2,2,38,1,6,3,23
1830,10,-8744651337584054246,0,9,9,36,2,4,2,8
1831,10,9205081406221781552,0,3,3,38,1,5,3,10
1832,10,-3094712554214979633,0,5,5,42,4,5,3,12
1833,10,6582129143277148407,0,2,2,34,5,6,4,21
1834,10,-7524845124487925994,0,3,3,39,1,8,5,17
1835,10,-122170575064187060,0,4,4,34,2,4,2,12
1836,10,8107857792733332288,0,8,8,39,2,6,3,12
1837,10,-1524676711958076465,0,2,2,39,1,10,5,29
1838,10,-587581538346099189,0,1,1,35,3,4,2,12
1839,10,4765247072515144303,0,0,0,36,2,8,4,22
1840,10,5705032008535959348,0,7,7,29,4,3,2,11
1841,10,7873541953322828320,0,8,8,33,2,4,2,10
1842,10,5670384675119655760,0,3,3,36,9,1,1,2
1843,10,-1081071501753849397,0,0,0,36,2,5,1,16
1844,10,-5926928611762107428,0,0,0,40,1,10,4,24
1845,10,-5645586808841367418,0,4,4,33,5,4,3,11
1846,10,3006298064276200594,0,4,4,36,3,5,3,15
1847,10,6710133682039510277,0,0,0,34,5,5,2,17
1848,10,6342047798640296446,0,3,3,36,2,4,3,8
1849,10,5491344314847209551,0,3,3,37,6,2,1,6
1850,10,5097003802086057295,0,7,7,35,3,4,2,11
1851,10,2263245241490003892,0,4,4,38,1,6,4,12
1852,10,-473314191510957710,0,2,2,38,1,7,4,14
1853,10,6158471991955931645,0,4,4,38,1,4,1,10
1854,10,-718265242928820900,0,8,8,34,4,3,2,9
1855,10,-8071319557104653339,0,5,5,36,5,5,4,13
1856,10,-6309461613632141401,0,7,7,37,4,4,2,6
1857,10,-6591399134895118392,0,7,7,36,5,4,3,10
1858,10,3679436504957708128,0,9,9,32,1,4,2,14
1859,10,-5565962754320808806,0,5,5,35,5,2,1,4
1860,10,460640849110996510,0,3,3,35,3,5,3,10
1861,10,-8989244474994657255,0,6,6,37,7,2,2,2
1862,10,3141124869226846039,0,5,5,40,4,6,3,16
1863,10,8205065560950765638,0,0,0,37,2,10,5,27
1864,10,-3716666383197273874,0,8,8,35,1,3,1,9
1865,10,2555478013340907537,0,8,8,41,3,5,2,11
1866,10,1134344828712741135,0,8,8,38,3,6,3,14
1867,10,-8332843859517998254,0,3,3,31,5,2,1,3
1868,10,-6651880418160730817,0,8,8,41,4,3,1,5
1869,10,3206938633051551232,0,3,3,33,4,4,2,10
1870,10,3426119457071101614,0,2,2,39,4,9,5,16
1871,10,8312728237101460124,0,2,2,38,1,4,2,10
1872,10,-5344546509764419633,0,2,2,40,2,3,1,8
1873,10,-8023593523336463378,0,2,2,37,5,3,1,7
1874,10,-7140655516020482262,0,4,4,34,1,5,3,13
1875,10,7825993617235518963,0,8,8,38,2,4,1,7
1876,10,8689267739900689264,0,3,3,32,5,3,2,8
1877,10,8811646980700901909,0,2,2,36,6,3,1,4
1878,10,-4391572840450765617,0,6,6,33,3,7,5,27
1879,10,-5394310772122371428,0,3,3,35,5,6,4,12
1880,10,-3036495863326879865,0,2,2,36,3,6,4,10
1881,10,-8584670305557032604,0,4,4,36,3,6,4,19
1882,10,-6414353774899115075,0,8,8,33,7,5,4,13
1883,10,825974149257534928,0,8,8,35,3,4,2,11
1884,10,-596994676451809649,0,4,4,37,1,3,1,6
1885,10,-4181648854491167234,0,3,3,35,4,3,2,7
1886,10,-3577691525780721560,0,5,5,40,1,9,6,22
1887,10,-247971487440111813,0,8,8,32,1,3,2,8
1888,10,-5901119103343819628,0,4,4,30,8,2,2,2
1889,10,-5543297987461783111,0,2,2,37,1,5,1,16
1890,10,2079703977943059990,0,4,4,37,5,5,4,9
1891,10,-8397917437772612737,0,2,2,41,6,5,3,13
1892,10,-7328464853666413127,0,9,9,38,5,3,1,7
1893,10,-8013405792630391136,0,2,2,40,3,5,2,13
1894,10,5923173832506441060,0,2,2,32,2,2,1,8
1895,10,5715130755549615791,0,4,4,38,7,2,1,5
1896,10,739785344858508466,0,6,6,39,1,3,1,3
1897,10,-8594697995390619279,0,2,2,36,5,4,3,14
1898,10,3811333731429446338,0,1,1,41,1,11,6,23
1899,10,-1137721648804878636,0,3,3,37,2,5,3,12
1900,10,-5434620682709335733,0,4,4,36,4,3,1,11
1901,10,-5536164276702319584,0,4,4,34,3,3,1,5
1902,10,-2251151483420285710,0,7,7,39,5,2,1,6
1903,10,-66284307672349076,0,0,0,35,3,8,4,21
1904,10,6017123727747456735,0,4,4,36,3,5,3,11
1905,10,744034171106766930,0,5,5,35,2,4,2,8
1906,10,2436988758253699981,0,8,8,38,4,4,2,10
1907,10,-9116343154203744538,0,5,5,39,6,3,2,6
1908,10,8385432198180508385,0,5,5,38,1,6,3,11
1909,10,4378321804301079011,0,6,6,33,2,6,4,14
1910,10,4525009105357651326,0,6,6,38,2,5,4,12
1911,10,3328475198544739111,0,1,1,31,1,6,4,19
1912,10,-5877566513167979689,0,3,3,37,1,6,3,15
1913,10,-485933447702361759,0,5,5,38,2,5,2,13
1914,10,1771586420529551236,0,5,5,35,4,4,3,14
1915,10,4879671273945756168,0,8,8,33,3,5,4,5
1916,10,-2685373682995325607,0,8,8,37,1,7,5,13
1917,10,-4733804739995380082,0,1,1,34,1,5,2,18
1918,10,1033101064712475317,0,9,9,33,3,5,2,15
1919,10,1608544996562452693,0,7,7,40,1,6,3,14
1920,10,-3116514119136302185,0,2,2,36,1,7,4,22
1921,10,8061475044170183393,0,0,0,32,4,6,3,15
1922,10,-6338823605447449866,0,2,2,35,4,3,2,11
1923,10,-1217394809732825649,0,6,6,33,4,2,1,5
1924,10,-4481624959114734383,0,6,6,33,2,3,1,10
1925,10,-704116446854425594,0,4,4,33,5,3,1,8
1926,10,-6652992503501015677,0,4,4,35,2,5,3,13
1927,10,-7336113689164035413,0,7,7,40,2,4,3,11
1928,10,-2629054038798192036,0,3,3,38,1,6,3,18
1929,10,-1089559055840772518,0,7,7,39,4,3,1,10
1930,10,-6666317948309190802,0,4,4,33,1,4,2,8
1931,10,1021351018797649682,0,3,3,38,5,4,2,10
1932,10,4595575739189550756,0,1,1,39,3,7,3,15
1933,10,1802398116364380016,0,6,6,33,2,2,1,5
1934,10,7333406575230520343,0,6,6,35,5,3,2,5
1935,10,-1493542881613249761,0,1,1,33,2,6,4,15
1936,10,6273247421911956388,0,2,2,37,2,3,2,7
1937,10,5111009155706661006,0,6,6,33,2,7,5,20
1938,10,2395936148666524601,0,2,2,33,2,3,1,10
1939,10,3234847725029935588,0,0,0,37,4,6,3,11
1940,10,-576826192842894993,0,7,7,34,2,3,1,8
1941,10,3338651308297552176,0,3,3,33,5,5,4,12
1942,10,6563834306979160542,0,3,3,38,2,4,1,6
1943,10,5515203269875456997,0,4,4,35,2,3,2,7
1944,10,-8247516958979965781,0,8,8,35,7,2,2,6
1945,10,-3635638979272775292,0,5,5,28,3,3,2,8
1946,10,5617846811491361765,0,1,1,37,3,4,2,13
1947,10,4703908635074265498,0,3,3,35,2,3,1,5
1948,10,3114092439827754257,0,3,3,29,7,1,1,4
1949,10,4320028821526279405,0,4,4,36,3,2,1,6
1950,10,-4340915747827746941,0,5,5,35,5,2,1,6
1951,10,4265770415292685810,0,2,2,41,1,4,2,13
1952,10,-6258159833881480209,0,6,6,40,4,5,3,15
1953,10,-269298293263039359,0,8,8,35,3,3,1,5
1954,10,1575751404627382590,0,6,6,33,9,1,1,1
1955,10,-5293442079785645877,0,7,7,37,5,1,1,4
1956,10,-7494165642156121435,0,4,4,35,7,3,2,6
1957,10,3991534890185804171,0,3,3,32,6,5,4,19
1958,10,-2150804475962060044,0,8,8,35,3,2,1,5
1959,10,-8757125350527452805,0,6,6,35,2,3,1,6
1960,10,1940289647686727979,0,2,2,34,4,4,3,10
1961,10,5552599996413220873,0,2,2,31,2,3,1,8
1962,10,-1948274359737179565,0,6,6,32,7,4,2,8
1963,10,-4344926495969296054,0,4,4,38,1,4,1,8
1964,10,8951302026947814538,0,7,7,40,4,5,2,11
1965,10,-621951065478297298,0,0,0,35,1,6,3,16
1966,10,5972336131527692126,0,4,4,36,4,4,3,11
1967,10,2259140386716849653,0,5,5,40,1,5,3,7
1968,10,-6971338088022143650,0,4,4,39,2,6,3,11
1969,10,-2951700238819889695,0,5,5,40,3,5,3,12
1970,10,-68978406668514578,0,4,4,36,2,7,5,20
1971,10,-663284825903715283,0,5,5,35,6,4,3,10
1972,10,5244841597691426395,0,0,0,36,1,6,2,12
1973,10,-7063337382297005763,0,3,3,33,4,3,2,9
1974,10,-7699169447513559761,0,1,1,31,5,3,2,10
1975,10,-6238516862521155050,0,2,2,32,6,4,3,7
1976,10,-7712648321469666619,0,9,9,39,1,6,2,18
1977,10,3919350590755588879,0,5,5,38,1,7,4,18
1978,10,3504750289530735647,0,5,5,34,5,5,3,10
1979,10,2126683959193450953,0,4,4,34,1,5,2,15
1980,10,-2854130000759522058,0,6,6,40,2,2,1,4
1981,10,3795008089964700251,0,3,3,38,1,3,1,8
1982,10,-6592709878265994734,0,2,2,37,1,3,1,9
1983,10,1560355221777474514,0,7,7,34,6,5,4,11
1984,10,-7485909150233144100,0,5,5,32,3,8,6,23
1985,10,-7305129453068992552,0,5,5,34,3,3,1,9
1986,10,-2750133537795341264,0,6,6,37,2,4,1,13
1987,10,-834592401950500430,0,8,8,40,2,8,5,19
1988,10,4216230094225526392,0,4,4,38,2,6,3,13
1989,10,8284197988534874223,0,7,7,42,1,4,2,12
1990,10,-4252414074842191627,0,4,4,38,3,6,2,15
1991,10,-3442065507496703906,0,7,7,31,6,4,3,11
1992,10,-7972971425552848800,0,8,8,36,3,4,2,9
1993,10,1442250680118409152,0,2,2,40,1,4,1,10
1994,10,-7783056854305046863,0,6,6,38,5,2,1,7
1995,10,5018117773074336446,0,5,5,39,1,3,1,8
1996,10,7168868009992421949,0,3,3,35,1,3,1,9
1997,10,-1658899216828796260,0,7,7,34,8,4,3,13
1998,10,-2114867917769616890,0,7,7,35,6,3,2,7
1999,10,5361154555176940591,0,0,0,33,1,7,4,21
2000,10,-6125069922790085810,0,2,2,33,1,4,2,8
2001,10,8748592993461668236,0,4,4,38,2,6,2,15
2002,10,-912554602749541267,0,1,1,37,4,6,3,11
2003,10,6925673941130390273,0,0,0,36,5,5,2,10
2004,10,5963160023926489316,0,2,2,44,1,3,1,6
2005,10,478223706216706889,0,3,3,36,4,2,1,3
2006,10,2703335164928905905,0,0,0,37,3,4,1,11
2007,10,-1633994954219433222,0,9,9,44,2,10,4,20
2008,10,-2544567620302283548,0,2,2,37,1,5,3,11
2009,10,9166295641508562754,0,6,6,41,5,3,1,9
2010,10,2701106927809637233,0,6,6,38,2,5,3,12
2011,10,1174947863147988946,0,0,0,41,3,6,3,15
2012,10,-9207258632603233208,0,4,4,34,1,3,2,10
2013,10,-5135118213241249767,0,4,4,31,2,6,4,16
2014,10,-7287343484795677277,0,9,9,41,1,8,3,17
2015,10,-6704836131115620427,0,3,3,30,6,2,2,6
2016,10,-92762856535947874,0,8,8,37,2,4,2,10
2017,10,-2835366050413212122,0,6,6,36,4,2,1,6
2018,10,7912443515180984076,0,3,3,33,5,2,1,6
2019,10,-8972392443800506940,0,4,4,38,4,3,1,9
2020,10,-6788487344460122233,0,5,5,34,4,3,1,7
2021,10,-7730332991327610382,0,8,8,41,4,3,1,6
2022,10,1510652502432139976,0,2,2,35,1,5,2,12
2023,10,-3320773582526587756,0,6,6,36,4,5,2,16
2024,10,-7639681391905306823,0,5,5,37,3,3,2,5
2025,10,8962729821830813374,0,4,4,38,1,6,4,13
2026,10,-4560549822627014712,0,2,2,36,4,5,2,13
2027,10,-4721477689244223315,0,5,5,34,3,3,2,10
2028,10,1873560293502347006,0,8,8,31,3,2,1,6
2029,10,-3729660819279444742,0,5,5,41,3,5,2,11
2030,10,-6763325857011927217,0,7,7,33,5,2,2,6
2031,10,679292882028778252,0,7,7,34,2,6,4,17
2032,10,-3919857058315473741,0,0,0,34,1,11,6,30
2033,10,7296106389123581134,0,3,3,34,2,2,1,7
2034,10,-85903478317180043,0,9,9,34,6,3,2,9
2035,10,-8000512265300679775,0,4,4,36,2,2,1,3
2036,10,-6856985198582845366,0,3,3,40,1,4,2,8
2037,10,7024060139531999380,0,3,3,33,4,4,2,13
2038,10,4344356553579316644,0,5,5,40,1,5,2,7
2039,10,-994056092806237230,0,1,1,34,1,6,3,14
2040,10,3686140568856918600,0,5,5,40,2,5,2,7
2041,10,7523265406291801947,0,2,2,36,7,2,2,6
2042,10,-7999657351318479586,0,8,8,35,5,2,2,4
2043,10,3336817039661603062,0,1,1,39,6,4,2,10
2044,10,-599836014822702521,0,4,4,42,2,4,2,11
2045,10,6141649744911691622,0,4,4,35,3,6,5,15
2046,10,-7944209423346248332,0,4,4,36,3,3,1,7
2047,10,8748064810126851803,0,1,1,42,1,8,5,15
2048,10,8831008223881854325,0,1,1,40,1,4,2,7
2049,10,-459816557733914453,0,4,4,39,1,8,5,15
2050,10,7373590855732389136,0,2,2,39,2,7,4,16
2051,10,-3112547375773056447,0,3,3,35,5,3,1,5
2052,10,-5092128969279029996,0,3,3,42,2,4,1,9
2053,10,-4051563071305689259,0,7,7,34,5,6,4,12
2054,10,617831545052531628,0,6,6,38,5,6,3,12
2055,10,-2697055598309172387,0,6,6,42,1,8,4,19
2056,10,-1255545559543669512,0,0,0,37,2,8,5,29
2057,10,-654439956305727933,0,2,2,36,2,4,1,5
2058,10,-7710261240432629543,0,1,1,41,4,4,2,9
2059,10,3212956829704132695,0,5,5,32,7,3,3,5
2060,10,-7543411647892979188,0,2,2,37,4,6,3,16
2061,10,5005268225488085382,0,4,4,34,4,3,2,8
2062,10,6714089370776527482,0,3,3,34,9,2,2,6
2063,10,5592385847230080972,0,3,3,39,3,10,7,24
2064,10,-8429127220501468979,0,5,5,30,3,6,4,16
2065,10,-3137729217293604633,0,2,2,40,1,10,6,19
2066,10,2228561867245886278,0,1,1,37,1,4,2,10
2067,10,5112199540532687692,0,1,1,32,2,2,1,5
2068,10,-7698563339708398643,0,7,7,31,3,4,3,7
2069,10,-5178333637298507170,0,1,1,33,2,6,4,21
2070,10,9036194708545943881,0,4,4,36,3,7,4,19
2071,10,7044746065522313693,0,4,4,33,6,2,1,7
2072,10,2127928528341658161,0,5,5,36,5,3,2,7
2073,10,-4492722189944441700,0,3,3,40,3,6,3,9
2074,10,-7244709798690358173,0,7,7,35,2,2,1,6
2075,10,7435473479602821750,0,5,5,35,5,4,2,11
2076,10,1365571393381340724,0,0,0,35,1,4,1,10
2077,10,-5313556928173092478,0,4,4,32,2,5,3,18
2078,10,-9154325708954229561,0,0,0,37,1,5,2,15
2079,10,5665198102787964549,0,7,7,38,7,4,2,8
2080,10,8792171163741451170,0,7,7,36,4,4,3,12
2081,10,-6874200837531416408,0,2,2,36,2,2,1,5
2082,10,-4117568294143940226,0,4,4,33,4,3,2,9
2083,10,-141820505060338582,0,5,5,34,1,5,4,13
2084,10,-5192393019604779426,0,9,9,42,2,7,4,14
2085,10,2942761158715505111,0,5,5,34,5,3,2,6
2086,10,-2287990907959755038,0,3,3,37,4,7,4,16
2087,10,-4315518793190184454,0,7,7,37,2,5,3,11
2088,10,-1170528946178690852,0,8,8,34,1,4,3,10
2089,10,-1675102957824329841,0,5,5,34,1,5,3,15
2090,10,4086055411839020323,0,5,5,36,4,4,2,11
2091,10,-9187488102342084868,0,3,3,36,7,5,4,7
2092,10,-8189539223074995545,0,6,6,35,4,6,5,11
2093,10,-9143678047784605310,0,3,3,31,3,5,4,13
2094,10,5375068506181072581,0,5,5,34,4,4,2,9
2095,10,183899884810643375,0,5,5,39,3,4,3,13
2096,10,8079068109935015644,0,2,2,34,5,4,2,11
2097,10,-3614109426711134441,0,4,4,35,7,4,3,10
2098,10,-4452922501488029920,0,6,6,36,5,3,2,8
2099,10,239354613802547011,0,6,6,30,1,4,3,11
2100,10,-2214449289288533330,0,4,4,35,3,3,2,8
2101,10,-651097023061216792,0,3,3,35,2,4,3,10
2102,10,-4838437108804099873,0,0,0,30,4,7,5,22
2103,10,4877649540728429147,0,4,4,39,2,4,1,13
2104,10,1724729897104430048,0,7,7,35,7,3,2,9
2105,10,4907613413650143300,0,7,7,32,2,2,1,6
2106,10,3844201695054357634,0,7,7,31,8,4,3,11
2107,10,-4331994398612391535,0,9,9,32,6,3,2,10
2108,10,-5926919442521792690,0,6,6,29,3,2,1,6
2109,10,-8560236654296496210,0,4,4,42,1,6,2,13
2110,10,-5085943961928071460,0,0,0,34,3,8,4,20
2111,10,-4773142140774679566,0,4,4,34,2,8,6,16
2112,10,900524903822483300,0,8,8,33,3,5,3,11
2113,10,-4990658776610617508,0,8,8,33,7,5,3,17
2114,10,-7637101533249658987,0,1,1,38,2,7,5,17
2115,10,550705703972643198,0,4,4,37,7,3,2,6
2116,10,-5189864099858294107,0,6,6,41,3,3,1,12
2117,10,-5153908148955704648,0,3,3,32,5,2,1,5
2118,10,-4423282144303761496,0,4,4,31,6,1,1,2
2119,10,-3923232121204773463,0,3,3,40,3,7,5,17
2120,10,-2506568768541013467,0,4,4,39,2,6,3,8
2121,10,-6510521984633312285,0,7,7,39,1,7,4,18
2122,10,-727231474569289754,0,7,7,37,2,4,2,6
2123,10,-351920236373483043,0,9,9,38,2,5,2,11
2124,10,-7664184743449372656,0,6,6,35,2,3,2,5
2125,10,3894202432291716653,0,6,6,36,4,3,1,6
2126,10,8681820847547996018,0,7,7,34,2,4,2,12
2127,10,-826569349283559434,0,3,3,37,2,9,6,28
2128,10,-2673317843186422239,0,0,0,34,3,4,2,10
2129,10,3418245881014866078,0,3,3,41,3,5,3,11
2130,10,8966398135005020740,0,8,8,39,1,5,2,15
2131,10,8743046857026161860,0,4,4,37,3,4,2,5
2132,10,4495932260805383211,0,1,1,35,3,4,1,8
2133,10,-51416601694926735,0,5,5,39,6,6,4,15
2134,10,-362907953879732314,0,3,3,35,1,2,1,4
2135,10,569354688214035085,0,7,7,35,1,3,2,6
2136,10,1563857929054068372,0,4,4,33,3,3,2,11
2137,10,-6003137156259316845,0,4,4,36,7,4,3,12
2138,10,6588679442209681594,0,5,5,33,1,6,5,16
2139,10,-1957088240854162552,0,5,5,35,3,5,3,14
2140,10,-900346923369485099,0,3,3,43,4,6,3,9
2141,10,-6991009252040289496,0,7,7,38,2,6,2,20
2142,10,8174784074598694641,0,3,3,39,8,3,2,6
2143,10,5604364028521319522,0,2,2,30,3,3,1,6
2144,10,-960163872186042373,0,7,7,36,2,5,2,13
2145,10,-6233549114056180217,0,2,2,32,1,7,5,16
2146,10,-5632275194082970987,0,9,9,33,1,4,2,11
2147,10,8877078269608470205,0,2,2,40,2,5,3,11
2148,10,-8099046575099875031,0,3,3,41,2,9,7,19
2149,10,-8262537873916185799,0,0,0,38,1,5,1,12
2150,10,-2828235757443151552,0,9,9,36,1,7,5,11
2151,10,-7113188871441314900,0,0,0,34,5,8,5,18
2152,10,-8503833172145557484,0,1,1,33,2,5,3,12
2153,10,-6179791223227497346,0,8,8,34,8,2,1,6
2154,10,-7122137422140490653,0,1,1,35,7,5,3,12
2155,10,-3747228045214587335,0,5,5,38,2,4,3,9
2156,10,-8099833132610113147,0,9,9,41,2,5,2,12
2157,10,-1743745355288002361,0,9,9,36,1,8,5,14
2158,10,8679274493440911297,0,2,2,35,3,9,6,23
2159,10,-667326265941541408,0,6,6,35,3,4,2,12
2160,10,4523148437279958491,0,3,3,38,5,1,1,2
2161,10,-526631065034955075,0,0,0,36,1,6,3,15
2162,10,-363344048932208655,0,8,8,41,2,5,2,14
2163,10,4354002028832035089,0,5,5,35,2,3,1,7
2164,10,7328160416490229638,0,7,7,39,2,5,3,15
2165,10,-457812731302516935,0,5,5,37,6,5,3,8
2166,10,-6872407681979033377,0,3,3,35,1,5,3,15
2167,10,-5130339443699826767,0,6,6,39,1,5,2,7
2168,10,4729077982738051469,0,5,5,30,2,7,5,19
2169,10,1608077222617118666,0,3,3,35,1,4,2,11
2170,10,-7269963217718625205,0,7,7,39,1,4,2,9
2171,10,-4591406978896411239,0,5,5,33,8,4,4,12
2172,10,-1754033942749164023,0,3,3,38,1,5,3,17
2173,10,5641530834898597170,0,2,2,38,2,7,4,18
2174,10,-7998662115098636216,0,2,2,33,2,8,6,20
2175,10,-5211611937594751722,0,9,9,35,3,5,3,20
2176,10,-1243026926328302424,0,9,9,39,2,5,2,15
2177,10,-5989841949878299159,0,5,5,38,2,5,2,8
2178,10,-2015643946387075650,0,5,5,43,1,8,4,23
2179,10,3572120256219341160,0,0,0,35,6,6,3,14
2180,10,-1654223855535578837,0,4,4,35,8,3,2,7
2181,10,5073834009316273305,0,8,8,36,7,3,2,6
2182,10,-6166202654089148695,0,9,9,41,2,3,1,7
2183,10,-4662595060355438269,0,5,5,37,1,5,2,11
2184,10,4084938352588319208,0,7,7,35,2,4,2,10
2185,10,1605716459924322976,0,3,3,34,6,1,1,2
2186,10,3008165687139614169,0,0,0,34,5,7,4,21
2187,10,-1182816010074173104,0,1,1,39,3,8,5,22
2188,10,5961598228183547464,0,3,3,30,1,2,1,4
2189,10,7552664767017587345,0,4,4,32,5,2,2,4
2190,10,5465426986726017776,0,0,0,33,2,4,2,11
2191,10,5300057751420337837,0,2,2,36,9,1,1,1
2192,10,-8013595056154479286,0,6,6,39,2,4,2,6
2193,10,-3116505423590896973,0,4,4,34,2,5,2,18
2194,10,4100322487293399911,0,8,8,34,3,6,4,11
2195,10,-5873724216272756375,0,3,3,37,5,2,1,7
2196,10,5226057786692856831,0,5,5,37,2,4,2,7
2197,10,-1725204581688623232,0,7,7,39,3,5,3,12
2198,10,-320326453677076535,0,2,2,36,4,4,2,10
2199,10,8181019411321741065,0,4,4,31,3,5,4,15
2200,10,-128122172727741428,0,3,3,33,3,5,3,9
2201,10,-7771044614082206168,0,6,6,36,2,5,2,11
2202,10,-2982654958269717899,0,3,3,33,4,2,1,7
2203,10,-6885771283248116474,0,4,4,34,2,5,4,14
2204,10,3306177539206205995,0,5,5,39,4,3,1,12
2205,10,1575926925967421195,0,8,8,35,3,4,2,12
2206,10,-4763257756150170080,0,8,8,35,1,7,4,20
2207,10,7836637460116421453,0,1,1,33,4,8,5,27
2208,10,6102957525476035754,0,6,6,34,1,4,2,12
2209,10,-8234801516110645181,0,5,5,39,4,5,2,11
2210,10,3905801472078519377,0,8,8,40,1,6,3,11
2211,10,7007227795172576957,0,5,5,36,2,3,1,7
2212,10,-7290607943475770902,0,8,8,37,5,4,3,11
2213,10,-4805867693816016872,0,7,7,34,1,4,2,7
2214,10,-5017947920533044252,0,5,5,35,5,2,1,6
2215,10,1400295871209204652,0,2,2,38,1,4,1,6
2216,10,-4915428045328285983,0,3,3,36,2,8,4,18
2217,10,7416332324792534921,0,1,1,31,3,5,3,19
2218,10,-6490480802303893624,0,3,3,36,1,5,2,18
2219,10,5582161318780334179,0,8,8,37,2,3,2,6
2220,10,-7929584617206977127,0,6,6,33,3,3,1,12
2221,10,-7157048858213739318,0,1,1,44,3,7,3,16
2222,10,-8066850208610425791,0,8,8,29,3,7,5,15
2223,10,4666831200883785629,0,3,3,34,6,4,3,14
2224,10,-583002323005246546,0,3,3,39,1,10,6,26
2225,10,-1967523569808685632,0,8,8,36,3,2,1,6
2226,10,-905048653729380378,0,6,6,38,3,7,4,17
2227,10,3323173349238135564,0,3,3,40,1,4,2,11
2228,10,-8600127942946019116,0,6,6,38,4,4,2,11
2229,10,8665199025087693447,0,8,8,36,1,7,3,23
2230,10,-393877079457445980,0,6,6,34,1,5,2,12
2231,10,1457312917275463124,0,8,8,30,2,6,5,14
2232,10,2734656201785412943,0,9,9,37,2,9,6,22
2233,10,855622320681836525,0,2,2,39,1,6,2,15
2234,10,5279957885580787321,0,5,5,38,1,5,2,9
2235,10,7048617553364412174,0,1,1,38,1,7,4,16
2236,10,1322169425556899962,0,7,7,36,1,3,1,9
2237,10,9131867104794378740,0,3,3,41,3,3,1,8
2238,10,-6332737905527141447,0,4,4,35,4,2,1,7
2239,10,6691833074716001351,0,7,7,36,4,2,1,7
2240,10,-2701273452867700927,0,6,6,36,1,4,2,11
2241,10,-8652494746628338093,0,2,2,41,2,8,5,19
2242,10,-8780315577381484147,0,3,3,34,1,5,3,11
2243,10,-1404843559623545858,0,0,0,40,2,4,1,8
2244,10,4613405546584378022,0,3,3,34,6,2,1,5
2245,10,-544338767128088842,0,3,3,34,6,5,3,8
2246,10,7095546126573638511,0,7,7,38,1,4,2,11
2247,10,-5212221459889801175,0,5,5,37,1,7,3,22
2248,10,-3039788594613897665,0,1,1,36,1,6,2,15
2249,10,8136504700360205434,0,6,6,34,7,3,2,8
2250,10,5706073949860912304,0,8,8,40,2,8,4,18
2251,10,1630227537033089201,0,5,5,32,4,3,2,11
2252,10,343418526872465078,0,4,4,30,3,6,5,16
2253,10,8818790537160583346,0,9,9,37,1,6,3,19
2254,10,-1536089011489679629,0,1,1,41,2,6,3,18
2255,10,3015067548093838833,0,5,5,38,7,4,2,10
2256,10,-4810779034293635000,0,5,5,35,1,5,3,7
2257,10,-3905622726898949851,0,2,2,37,1,4,2,11
2258,10,6775279887529306287,0,6,6,37,1,4,2,14
2259,10,-8872121115235722437,0,8,8,39,2,5,3,9
2260,10,3496375868686370119,0,8,8,33,3,6,4,18
2261,10,1580718481643331981,0,6,6,39,2,9,5,16
2262,10,3002665275593667504,0,2,2,39,4,7,4,16
2263,10,4628499115709288787,0,6,6,37,3,2,1,4
2264,10,-8394867030712785768,0,8,8,28,5,3,2,10
2265,10,5756932465719787097,0,3,3,35,3,4,1,10
2266,10,-3761069696718492778,0,2,2,34,5,6,3,19
2267,10,-1049527400392785678,0,8,8,41,1,10,5,19
2268,10,-3316803186771001290,0,4,4,37,4,3,1,8
2269,10,4497692308662333228,0,1,1,37,4,5,4,9
2270,10,-7637799540222657452,0,3,3,34,1,5,3,18
2271,10,-240722416106965692,0,6,6,39,1,3,1,12
2272,10,-6306955313580332115,0,7,7,38,5,3,2,4
2273,10,8408642042991083868,0,5,5,39,3,3,1,7
2274,10,6489443015915618482,0,4,4,34,2,3,2,7
2275,10,-1172809788991900054,0,5,5,38,1,6,3,13
2276,10,1191483593760326303,0,8,8,32,1,4,2,8
2277,10,6727789965938170483,0,3,3,37,3,7,4,16
2278,10,-1144781194834212660,0,4,4,41,1,5,2,11
2279,10,1896209309265671161,0,5,5,37,1,4,1,14
2280,10,-2762660991438874813,0,5,5,32,3,4,3,14
2281,10,-7284590286620734798,0,3,3,38,2,5,3,11
2282,10,-396632554648358766,0,0,0,36,1,6,2,21
2283,10,7182186806904995706,0,4,4,35,5,4,2,12
2284,10,-3491534534075240223,0,6,6,33,3,6,2,19
2285,10,5663648931211538313,0,5,5,34,3,3,2,9
2286,10,-5340768593648417210,0,4,4,36,9,3,3,5
2287,10,8227124157941241576,0,2,2,36,3,3,2,4
2288,10,8955104883054008919,0,5,5,33,2,5,3,16
2289,10,-1169510564675557856,0,0,0,35,3,4,1,11
2290,10,1632832135476855040,0,8,8,33,1,5,3,17
2291,10,-7673300242666946763,0,3,3,40,2,3,1,9
2292,10,-6086788076495929193,0,4,4,33,3,3,2,6
2293,10,4397660888558947794,0,0,0,40,3,10,4,31
2294,10,-1250799075012622547,0,3,3,36,4,3,1,8
2295,10,-8617471662655377723,0,4,4,36,2,3,1,10
2296,10,-5043602146055790297,0,4,4,37,1,6,5,15
2297,10,8764643876650162860,0,6,6,38,2,6,3,11
2298,10,6376867623352157452,0,6,6,33,1,4,2,10
2299,10,797842978500364272,0,9,9,38,3,7,3,16
2300,10,2496991087699691679,0,8,8,39,1,6,3,16
2301,10,-7402968726636562446,0,8,8,33,4,4,3,12
2302,10,3498173913936401200,0,3,3,31,6,1,1,2
2303,10,-8371330761118866556,0,5,5,38,2,5,2,15
2304,10,-6241850382545313490,0,5,5,35,3,3,2,6
2305,10,3804946243219290779,0,6,6,33,2,4,2,13
2306,10,-807200305922839295,0,4,4,37,4,4,3,8
2307,10,-8098700001053512894,0,6,6,35,1,5,3,14
2308,10,-482783140885491434,0,3,3,34,6,4,3,9
2309,10,2518020947846046672,0,2,2,35,1,4,2,13
2310,10,24964506834040634,0,0,0,39,1,7,4,11
2311,10,5787253380068508765,0,8,8,34,3,4,2,10
2312,10,-8445820776195757780,0,3,3,34,1,5,2,16
2313,10,6316224434545242993,0,8,8,35,2,3,2,6
2314,10,-5149007844230195604,0,6,6,42,4,2,1,6
2315,10,1378203755503340030,0,6,6,30,6,2,1,4
2316,10,3155370302971355993,0,4,4,37,2,4,1,12
2317,10,4458979811469150864,0,3,3,34,3,5,4,17
2318,10,-1401988427830356614,0,5,5,33,1,4,2,6
2319,10,960043094726989762,0,4,4,34,8,3,3,9
2320,10,-7841072402860297957,0,5,5,37,3,5,3,16
2321,10,1657809013153422835,0,0,0,35,4,4,1,9
2322,10,6494648426751433756,0,1,1,36,5,5,4,9
2323,10,5349579826396505146,0,6,6,33,4,4,3,10
2324,10,-127170672939705852,0,4,4,35,6,6,4,17
2325,10,859278691938302102,0,6,6,38,1,7,4,13
2326,10,356449856311096668,0,8,8,37,3,8,5,16
2327,10,-1633381796906996887,0,5,5,40,4,4,2,5
2328,10,-768795522058851782,0,9,9,31,3,5,3,18
2329,10,-8951930114119643609,0,7,7,32,2,5,3,21
2330,10,-3494724254683584997,0,2,2,41,1,5,2,10
2331,10,4001548634541517130,0,7,7,37,2,4,2,9
2332,10,-320939080170622730,0,1,1,36,3,3,2,6
2333,10,333401090352422281,0,4,4,37,3,4,3,10
2334,10,-8098414147454938227,0,0,0,41,1,5,2,14
2335,10,-7252166103045381048,0,3,3,38,4,3,1,6
2336,10,1930804123959021317,0,8,8,35,3,4,2,8
2337,10,6545798782040531793,0,9,9,38,3,5,1,18
2338,10,-6186689772325733959,0,4,4,35,4,4,2,12
2339,10,535940581088004036,0,7,7,35,5,5,3,18
2340,10,-823773917831899830,0,4,4,35,4,4,2,14
2341,10,263000078158060620,0,4,4,36,1,6,3,18
2342,10,2030167301640516090,0,8,8,33,7,3,2,5
2343,10,-6091973536781758829,0,4,4,33,2,2,1,6
2344,10,4432300127452672826,0,7,7,43,3,4,2,8
2345,10,-2283842934830770185,0,5,5,39,3,7,3,11
2346,10,-5043978990964782720,0,8,8,39,2,4,2,7
2347,10,-1755478004766130819,0,2,2,37,1,6,2,21
2348,10,5790815247628596574,0,5,5,35,1,4,2,11
2349,10,500947362541165317,0,2,2,36,5,5,2,10
2350,10,6238103976492492752,0,4,4,39,1,6,4,8
2351,10,1965358391980142015,0,3,3,33,2,4,2,13
2352,10,-3241937022589119531,0,5,5,37,2,8,4,14
2353,10,2222684330219377117,0,4,4,40,1,6,3,16
2354,10,8666260382930502976,0,3,3,34,8,2,1,7
2355,10,-4397236861152991350,0,5,5,43,2,4,2,10
2356,10,4513456684939153615,0,0,0,40,3,5,2,12
2357,10,1566111119818822426,0,6,6,31,3,2,1,6
2358,10,4190561603430707580,0,5,5,31,2,4,3,10
2359,10,9192541574680595586,0,8,8,31,3,4,3,10
2360,10,8811903003224909587,0,7,7,38,2,7,3,25
2361,10,2627625319530361353,0,6,6,35,2,4,1,14
2362,10,-355241477451011580,0,7,7,38,3,4,2,8
2363,10,784253722891899455,0,2,2,40,2,4,2,7
2364,10,-7112600370732185478,0,5,5,34,1,5,2,10
2365,10,659517475677905198,0,1,1,36,2,8,4,23
2366,10,-8776517506992324437,0,1,1,34,4,2,1,3
2367,10,-3185345151302726449,0,6,6,35,1,4,1,13
2368,10,6724801932439301233,0,7,7,36,2,6,3,16
2369,10,1545906996217128127,0,3,3,35,9,3,3,9
2370,10,8289181640218874393,0,7,7,37,1,4,2,5
2371,10,-625163020812744398,0,6,6,36,6,3,2,10
2372,10,-6763069255492522373,0,8,8,34,5,3,1,9
2373,10,3444236633687921959,0,4,4,36,1,2,1,7
2374,10,-7724869865762894774,0,7,7,34,2,4,2,14
2375,10,-8023821621835368483,0,1,1,35,4,4,1,11
2376,10,3978436489423862957,0,6,6,37,2,4,3,9
2377,10,3359556508777607557,0,7,7,37,6,5,3,10
2378,10,8341839259574322446,0,6,6,37,1,4,2,7
2379,10,-1855339869432731848,0,1,1,40,2,4,2,8
2380,10,-7367843116657371599,0,4,4,41,2,7,3,17
2381,10,356044210674549291,0,9,9,38,1,6,3,12
2382,10,-783452395506720633,0,5,5,36,3,6,4,16
2383,10,-3553363325209063904,0,3,3,34,1,5,3,11
2384,10,8067376811407169987,0,4,4,31,3,3,2,9
2385,10,1139406194194516767,0,6,6,39,3,4,1,10
2386,10,-8633183758081439827,0,9,9,32,6,2,1,3
2387,10,-4353135944968493467,0,6,6,38,1,3,2,6
2388,10,5505946012273730615,0,5,5,36,5,4,2,12
2389,10,8397547066976964253,0,4,4,35,1,5,3,14
2390,10,7649643320667811533,0,1,1,34,4,4,3,6
2391,10,9074297261174216525,0,1,1,37,1,3,1,9
2392,10,-78405662392647951,0,3,3,36,1,3,1,8
2393,10,-1754358375385505902,0,3,3,36,2,3,1,8
2394,10,-3184259975379194874,0,2,2,39,3,4,1,10
2395,10,-6722262163715411952,0,6,6,37,8,2,2,2
2396,10,-2718097701706998165,0,7,7,41,2,5,2,16
2397,10,7278987747570598947,0,4,4,36,3,3,2,5
2398,10,3365166014206811595,0,3,3,38,6,2,1,4
2399,10,-325823119089192359,0,2,2,42,2,6,4,11
2400,10,348647677927452850,0,3,3,36,1,5,2,13
2401,10,6456714280626448420,0,5,5,37,3,4,2,8
2402,10,-4479479731198877340,0,3,3,39,2,3,1,7
2403,10,-975846497415041845,0,2,2,39,2,4,1,7
2404,10,2279747878140967914,0,0,0,36,2,5,2,8
2405,10,9208997394227421090,0,0,0,36,3,4,1,8
2406,10,-6927810050709415572,0,4,4,37,3,9,6,25
2407,10,-8203801778794846854,0,6,6,38,5,6,3,12
2408,10,5665439585187761350,0,4,4,37,2,6,4,17
2409,10,3981314678390651226,0,7,7,33,7,3,3,7
2410,10,231686035926795348,0,4,4,39,1,7,4,17
2411,10,-817473960204839826,0,8,8,34,2,7,5,19
2412,10,-987081459975211760,0,4,4,36,4,3,1,5
2413,10,8188162949509603647,0,5,5,33,3,3,1,6
2414,10,-5845023335651237153,0,8,8,34,5,5,3,15
2415,10,-7844087605078692316,0,5,5,40,1,5,2,9
2416,10,3576237981357480487,0,7,7,36,1,6,3,15
2417,10,7340484319023272696,0,5,5,35,2,8,5,13
2418,10,6669380497989037732,0,5,5,37,2,4,2,5
2419,10,7072438570576903692,0,2,2,36,1,6,3,9
2420,10,-3951417684307651716,0,2,2,37,1,8,4,21
2421,10,1991818167433534559,0,1,1,36,2,4,2,7
2422,10,-4941514219401387888,0,4,4,32,4,3,2,6
2423,10,7183978541754814732,0,4,4,35,3,2,1,4
2424,10,8264178880631118100,0,6,6,38,3,4,3,7
2425,10,-8556482628134162429,0,5,5,41,5,4,2,9
2426,10,355057642835298145,0,3,3,42,4,4,1,8
2427,10,7231853294383591419,0,4,4,37,2,4,1,10
2428,10,-6998019280922623479,0,8,8,35,1,4,1,10
2429,10,7938993138671847335,0,8,8,33,6,3,2,7
2430,10,-5250785967318569428,0,3,3,36,6,5,3,13
2431,10,4380652259545098791,0,6,6,31,7,3,2,5
2432,10,2934922914991969033,0,7,7,34,1,5,1,11
2433,10,5535543167422600897,0,1,1,40,1,8,4,17
2434,10,-7597549405096619305,0,3,3,34,4,3,2,10
2435,10,5574140311649972176,0,6,6,32,7,3,3,7
2436,10,2357512425329614037,0,3,3,39,6,3,1,7
2437,10,-1843857311704904452,0,3,3,32,4,2,1,7
2438,10,-5497945494179304289,0,2,2,39,1,8,5,10
2439,10,-5632130021838963542,0,2,2,36,3,4,2,9
2440,10,-3742527731330127165,0,6,6,36,2,6,4,9
2441,10,7202883600442697910,0,4,4,37,2,5,2,12
2442,10,-3282165433750830444,0,7,7,35,1,9,4,24
2443,10,-5229526961846824353,0,6,6,36,1,5,3,6
2444,10,8826015993432490301,0,2,2,35,3,4,1,11
2445,10,-1749390396964284030,0,4,4,33,6,3,2,9
2446,10,4342994966551138840,0,2,2,34,1,4,1,9
2447,10,8314832700384019211,0,2,2,38,5,3,2,11
2448,10,-2069528516510536640,0,3,3,35,4,3,1,7
2449,10,-7301622553258085720,0,6,6,35,1,3,1,8
2450,10,-5201497603750378140,0,2,2,40,3,9,6,21
2451,10,-779037978030617666,0,0,0,35,4,4,1,11
2452,10,5813811403009727966,0,4,4,32,3,3,2,9
2453,10,7624654125463776672,0,3,3,36,4,2,1,3
2454,10,1961951626062592515,0,4,4,36,1,3,2,8
2455,10,8279095538403032830,0,2,2,35,5,6,4,13
2456,10,-84837582693147460,0,0,0,33,1,8,4,21
2457,10,-8110374183762215781,0,7,7,34,6,5,3,13
2458,10,-5729711348640786603,0,2,2,35,2,6,4,15
2459,10,-345296036857888958,0,4,4,40,2,5,2,9
2460,10,-5063671175812709739,0,3,3,44,6,2,1,2
2461,10,-5431622490804048646,0,2,2,35,8,3,2,7
2462,10,7882649609282974990,0,2,2,33,2,4,2,13
2463,10,-6022215432469411464,0,1,1,39,3,6,4,15
2464,10,-852382267542091083,0,2,2,37,2,6,3,12
2465,10,-1193111141633369644,0,6,6,33,5,4,2,8
2466,10,-3231240925028511308,0,0,0,35,7,4,1,9
2467,10,3179210052957179775,0,7,7,36,3,2,1,2
2468,10,5141536173235744894,0,2,2,37,3,3,1,6
2469,10,2520624710274559605,0,4,4,34,1,5,3,15
2470,10,2566289550217451812,0,4,4,39,1,6,3,10
2471,10,2266182004145267374,0,4,4,32,3,5,4,17
2472,10,-8525901372133057049,0,4,4,34,4,3,1,5
2473,10,5612770138200701145,0,7,7,32,3,2,1,6
2474,10,8975017604619696909,0,8,8,35,3,3,1,7
2475,10,-5744213805715755444,0,4,4,35,3,3,2,3
2476,10,8152621881101838839,0,5,5,35,3,4,2,11
2477,10,2670267597550193717,0,2,2,37,2,3,2,9
2478,10,6033236296951189875,0,7,7,33,4,4,2,9
2479,10,-4639487884415942123,0,5,5,31,9,1,1,4
2480,10,292277205666522959,0,6,6,37,4,3,2,7
2481,10,-1167137895754484881,0,0,0,35,6,4,2,8
2482,10,-4578903915296401618,0,6,6,32,8,3,2,7
2483,10,4751213167297703100,0,6,6,35,3,6,4,12
2484,10,-1067298881552104802,0,5,5,34,4,2,1,4
2485,10,-321072575802543199,0,2,2,35,6,5,3,16
2486,10,-437391056768487832,0,4,4,37,2,10,8,22
2487,10,7388327656025646691,0,3,3,33,3,2,1,5
2488,10,5078565046105403690,0,4,4,39,2,3,1,9
2489,10,2659140732395101850,0,3,3,35,2,7,4,15
2490,10,8332971235101931299,0,7,7,42,1,5,1,7
2491,10,-7574560996053644508,0,3,3,35,8,2,1,4
2492,10,-2022834379383247026,0,8,8,39,2,9,5,24
2493,10,-1972577941881211556,0,6,6,31,6,5,4,13
2494,10,830636083789968817,0,2,2,29,4,3,2,13
2495,10,1124378960724338060,0,8,8,37,1,6,3,13
2496,10,8528356976609332982,0,5,5,33,5,4,3,11
2497,10,495166534054353567,0,1,1,38,2,4,2,10
2498,10,-3478823501440841414,0,0,0,32,4,7,4,15
2499,10,-3410067277789755110,0,1,1,39,5,7,5,20
2500,10,-4894599782819490268,0,4,4,34,1,7,3,17
2501,10,-5497768772667370163,0,7,7,32,5,3,2,9
2502,10,-282228308248579527,0,3,3,44,3,7,4,15
2503,10,-1813821662546985787,0,4,4,38,1,8,6,19
2504,10,6032339248466341231,0,0,0,38,4,7,4,19
2505,10,-5201051142971677948,0,5,5,35,6,4,3,9
2506,10,-1020972868362376961,0,5,5,36,1,4,2,7
2507,10,-7181377572105505421,0,5,5,34,4,4,2,11
2508,10,6609227895872986751,0,8,8,38,1,7,4,9
2509,10,929262860708780695,0,5,5,41,3,5,2,10
2510,10,1581831207915095087,0,6,6,31,6,2,1,6
2511,10,-889253865239175037,0,2,2,36,3,3,2,5
2512,10,-5241421274778934638,0,5,5,35,2,3,2,4
2513,10,8722414455691615885,0,0,0,34,2,9,5,23
2514,10,-5385874744213278912,0,6,6,41,2,6,2,10
2515,10,-1543584576542147004,0,5,5,35,2,4,2,6
2516,10,-2047982500947296006,0,7,7,34,5,2,2,6
2517,10,-4806575209184403551,0,8,8,34,3,6,5,15
2518,10,5130979725809250559,0,8,8,35,4,3,2,7
2519,10,7555706090022882427,0,5,5,40,1,5,2,12
2520,10,-1798900905482568291,0,3,3,39,1,4,2,4
2521,10,3678804161636839232,0,8,8,31,4,4,3,9
2522,10,-6130673209284640246,0,1,1,33,1,3,1,7
2523,10,7604547857225220321,0,7,7,30,5,1,1,3
2524,10,673140433865545588,0,1,1,41,1,4,2,10
2525,10,-1657902436329496050,0,1,1,39,2,3,1,5
2526,10,4896507272280437589,0,5,5,33,4,4,1,11
2527,10,-2135762332393008221,0,2,2,33,7,4,3,9
2528,10,-5566384255392442612,0,7,7,38,8,3,2,4
2529,10,5175656582470861409,0,4,4,35,2,3,1,8
2530,10,3370346387448341673,0,5,5,37,2,3,1,8
2531,10,2956484372781488609,0,7,7,33,6,3,2,6
2532,10,447641817635482888,0,5,5,38,4,3,2,6
2533,10,566944057209213636,0,8,8,34,1,8,5,21
2534,10,2236547666132896544,0,7,7,36,4,3,2,9
2535,10,1886472435165573167,0,6,6,38,4,7,6,14
2536,10,-8593075624682725220,0,6,6,36,3,6,3,15
2537,10,-4007039017834405770,0,6,6,39,3,4,1,8
2538,10,-2589047464649013333,0,3,3,32,3,4,2,8
2539,10,1321868826564097302,0,4,4,36,3,6,4,13
2540,10,7966160846507445780,0,6,6,36,1,4,3,4
2541,10,-1574244236927834647,0,4,4,37,2,5,2,14
2542,10,-5033160578220094068,0,7,7,35,9,2,2,6
2543,10,-2500482461775703148,0,4,4,32,2,5,3,15
2544,10,-821965553103112885,0,0,0,36,3,8,4,22
2545,10,7394718864255892803,0,8,8,36,1,5,3,9
2546,10,-2195097265130497828,0,2,2,45,2,5,2,7
2547,10,2053992998783507864,0,5,5,39,1,5,2,12
2548,10,-8957941959672932300,0,2,2,32,3,3,1,10
2549,10,4449352070097085152,0,7,7,36,1,6,4,15
2550,10,-5886710460662221562,0,8,8,40,1,7,5,15
2551,10,5302994253182400135,0,4,4,35,3,5,3,12
2552,10,4058961942923733333,0,8,8,37,1,5,3,13
2553,10,-4876387540421441587,0,4,4,36,4,2,1,8
2554,10,-689426586437119158,0,4,4,39,3,5,3,13
2555,10,7355841159661751738,0,4,4,35,4,2,1,7
2556,10,-3399563984490575289,0,4,4,37,2,7,6,16
2557,10,5570699293830394959,0,7,7,36,1,4,2,7
2558,10,-8234421555476909765,0,3,3,43,2,5,2,10
2559,10,-7078073642059355907,0,6,6,31,1,5,3,18
2560,10,-1055450162240267720,0,2,2,39,3,5,3,12
2561,10,-4569376061369320869,0,4,4,33,2,2,1,4
2562,10,-1045240902737424574,0,8,8,39,2,7,4,13
2563,10,-7096450437505302766,0,1,1,36,6,4,3,8
2564,10,2605430746473419880,0,2,2,36,2,7,4,24
2565,10,-1000945207337142245,0,0,0,39,2,9,5,27
2566,10,-6909828910279559400,0,6,6,37,2,4,2,8
2567,10,2617238343569105452,0,0,0,36,2,10,7,17
2568,10,-436838056441987409,0,5,5,40,1,5,3,12
2569,10,-8908021052667581841,0,3,3,34,4,4,2,8
2570,10,4812176025955177040,0,7,7,35,2,4,2,8
2571,10,6985710700105939573,0,8,8,37,3,3,2,8
2572,10,3824528751386535926,0,0,0,41,1,8,3,18
2573,10,-1034045431823167639,0,6,6,41,1,6,3,15
2574,10,8811856457063829707,0,1,1,35,1,4,2,13
2575,10,178605751436103816,0,2,2,31,4,3,1,11
2576,10,-547473777149004103,0,7,7,39,5,3,1,6
2577,10,-8111369747739698992,0,4,4,32,4,3,2,9
2578,10,-3357388414126219455,0,6,6,39,1,5,2,9
2579,10,9119572290902239223,0,6,6,37,6,3,2,5
2580,10,-8609876403188463732,0,5,5,33,6,6,4,11
2581,10,4615269229830680222,0,6,6,32,5,2,1,5
2582,10,1318343972164545983,0,1,1,39,3,5,3,9
2583,10,-849501742870746682,0,5,5,37,1,6,3,17
2584,10,5542130070046530451,0,6,6,34,7,3,2,6
2585,10,8531700142902149506,0,3,3,31,2,4,2,14
2586,10,-133212039241726429,0,4,4,33,4,3,2,8
2587,10,4500814447370919662,0,4,4,31,5,5,4,13
2588,10,7239045830575462152,0,1,1,39,1,5,3,14
2589,10,-2291784670533358241,0,2,2,39,2,5,2,11
2590,10,3515060352803353250,0,0,0,36,1,6,3,18
2591,10,4483017984896203483,0,8,8,35,9,2,2,2
2592,10,5687351120055340984,0,4,4,32,4,4,2,13
2593,10,-8989388344437330997,0,2,2,34,7,4,4,12
2594,10,-3748163709355543485,0,2,2,37,1,3,1,9
2595,10,2237606543424566767,0,5,5,38,1,3,1,7
2596,10,-2046115847797757050,0,3,3,34,1,2,1,8
2597,10,6532407192318629521,0,2,2,32,1,5,2,15
2598,10,6979677805727091042,0,0,0,41,1,6,3,9
2599,10,6840352351806650365,0,5,5,40,5,5,2,10
2600,10,813354276007399143,0,3,3,33,6,2,2,6
2601,10,-8580234456775443921,0,6,6,40,1,4,2,9
2602,10,8031518452120388654,0,5,5,38,4,3,2,9
2603,10,-5985882128740887858,0,5,5,42,5,3,1,6
2604,10,8798341159259609957,0,4,4,35,2,4,1,9
2605,10,314559005881366617,0,3,3,35,6,3,2,8
2606,10,-4659158241094110934,0,4,4,35,1,2,1,6
2607,10,5156929629620358303,0,4,4,36,3,4,2,7
2608,10,-869201514046521827,0,3,3,39,2,4,1,9
2609,10,4274566606051506804,0,3,3,36,1,8,4,20
2610,10,-4178255473761448528,0,2,2,34,3,5,3,12
2611,10,6866389698410412705,0,4,4,39,5,2,1,4
2612,10,8971955886373604928,0,3,3,35,2,4,1,14
2613,10,-8209312379563199460,0,5,5,32,1,3,1,6
2614,10,5355162169856773737,0,2,2,36,3,7,4,16
2615,10,2749563430456847224,0,2,2,35,2,4,2,11
2616,10,3624291647448759189,0,3,3,34,6,3,2,10
2617,10,-6596298708820478562,0,3,3,35,3,5,3,11
2618,10,8513615295183615446,0,5,5,33,2,4,2,11
2619,10,-6782742948711308867,0,2,2,33,2,7,5,21
2620,10,8780272909276302581,0,5,5,35,4,4,3,12
2621,10,-7670410551286165890,0,4,4,36,3,4,2,9
2622,10,-7912245873332487477,0,8,8,36,6,7,5,15
2623,10,692534512147684988,0,3,3,35,2,5,2,10
2624,10,-8267270383880524082,0,6,6,39,4,7,4,15
2625,10,-8073044033360592909,0,2,2,37,3,6,3,14
2626,10,-5079762943603589394,0,7,7,33,2,2,1,6
2627,10,8458225444253629367,0,8,8,30,1,3,2,8
2628,10,8776835249341305249,0,3,3,40,1,5,2,9
2629,10,3572629009235541862,0,7,7,36,1,3,2,7
2630,10,-1363681604522142404,0,1,1,38,4,3,1,8
2631,10,-1672499699221522720,0,5,5,31,8,2,2,6
2632,10,1432805932165683333,0,8,8,33,4,5,3,14
2633,10,418854561649068279,0,1,1,34,3,8,6,23
2634,10,1284071201244715141,0,6,6,32,2,6,4,16
2635,10,5726505150482500451,0,5,5,39,4,3,1,5
2636,10,8074595060816107425,0,6,6,40,6,6,4,11
2637,10,-5643110130491145736,0,8,8,39,1,5,1,10
2638,10,-8247694119754673685,0,7,7,32,4,6,5,22
2639,10,-3054935582115349222,0,4,4,33,2,4,3,12
2640,10,-173192965264153931,0,3,3,37,6,4,3,8
2641,10,3265890755390106480,0,4,4,41,3,4,3,4
2642,10,7623741158133247847,0,3,3,40,2,8,5,15
2643,10,2536385430574379735,0,3,3,40,7,3,2,11
2644,10,8488117009008077714,0,5,5,35,8,2,2,2
2645,10,767865188275725465,0,5,5,34,4,3,1,8
2646,10,2149737169162062404,0,3,3,38,1,4,2,5
2647,10,7286524630935404766,0,8,8,45,3,7,3,13
2648,10,8157488961775497373,0,4,4,34,5,3,2,10
2649,10,3561702113190509922,0,1,1,36,2,8,5,24
2650,10,7123222764668157346,0,3,3,43,1,10,6,25
2651,10,-4969988481255947417,0,4,4,37,1,4,1,7
2652,10,-7326876761492620463,0,7,7,33,3,3,2,7
2653,10,-6282538506590070547,0,4,4,33,3,2,1,6
2654,10,-4581174486060086028,0,6,6,32,2,3,1,7
2655,10,-7660972758445889248,0,6,6,36,2,3,1,7
2656,10,2553825702376795834,0,3,3,39,3,3,1,8
2657,10,-57036273329594350,0,5,5,40,4,5,3,11
2658,10,-3405917760813524350,0,2,2,35,1,6,4,18
2659,10,-3651506734939599446,0,3,3,37,2,5,3,12
2660,10,6615567675930895866,0,6,6,35,4,2,1,4
2661,10,-6841741709482540069,0,8,8,36,2,5,2,11
2662,10,-7568862198073283096,0,2,2,39,3,3,1,6
2663,10,-4896308741383511016,0,4,4,38,3,5,2,11
2664,10,-133179065194650937,0,6,6,40,3,3,2,6
2665,10,-598838402705059834,0,5,5,38,7,3,2,6
2666,10,-6625030057580393835,0,8,8,34,5,4,2,9
2667,10,8386893985084698995,0,3,3,39,3,9,4,20
2668,10,1818767235551136747,0,2,2,37,5,2,1,8
2669,10,8766192749844745606,0,8,8,35,1,8,5,15
2670,10,3504022486664549965,0,3,3,35,3,3,1,6
2671,10,4651676939085928248,0,5,5,37,1,6,3,16
2672,10,4696497958794705859,0,5,5,36,5,4,2,6
2673,10,-1303604709825956606,0,0,0,35,2,4,1,6
2674,10,-4269920971891732568,0,2,2,36,2,6,4,16
2675,10,-937248884595855913,0,0,0,33,3,4,1,12
2676,10,1039263440975879873,0,5,5,42,1,5,3,10
2677,10,278079093705814357,0,4,4,34,4,6,5,20
2678,10,-9160238142847429487,0,3,3,34,4,3,2,9
2679,10,3838574802645184310,0,4,4,38,5,6,5,8
2680,10,-3615041394001796630,0,7,7,32,4,3,2,10
2681,10,738254019201069580,0,5,5,32,2,5,3,20
2682,10,-7112594831304558393,0,4,4,34,2,6,4,14
2683,10,-1267045434969788115,0,5,5,36,3,3,2,5
2684,10,-6111102970278874791,0,4,4,36,1,6,3,17
2685,10,-58174002362167829,0,3,3,38,2,4,1,7
2686,10,4579615849524210783,0,3,3,37,2,6,2,15
2687,10,1023134652965613576,0,5,5,38,4,5,3,14
2688,10,-8211864614737754438,0,6,6,36,2,3,1,6
2689,10,7783287725077362024,0,5,5,34,1,7,5,17
2690,10,6342120723635597888,0,7,7,38,3,3,2,7
2691,10,-8716363272990316280,0,8,8,32,5,5,5,11
2692,10,6249932512454002640,0,5,5,44,4,3,1,5
2693,10,9193323479591449902,0,7,7,37,3,6,3,13
2694,10,-3211431994139367771,0,2,2,37,2,4,1,9
2695,10,321992794877281506,0,6,6,36,3,7,4,15
2696,10,2889618250076632303,0,5,5,38,1,4,2,10
2697,10,-6749486927046375268,0,6,6,37,4,4,2,10
2698,10,1088110418266117535,0,3,3,34,6,4,3,6
2699,10,-547566879561035202,0,4,4,32,2,4,2,16
2700,10,-1148239641651173502,0,3,3,36,4,4,2,9
2701,10,5708675233319173188,0,5,5,33,2,3,1,6
2702,10,2889890943249605009,0,6,6,39,3,5,4,8
2703,10,-1329049857893494727,0,4,4,32,4,5,3,16
2704,10,8079528501397069958,0,2,2,34,3,3,2,10
2705,10,6142032677963260012,0,7,7,39,4,3,1,6
2706,10,8114491421867309490,0,2,2,42,2,6,4,9
2707,10,-6209092477587453724,0,5,5,40,3,6,4,11
2708,10,-7160846524052543731,0,4,4,32,4,3,2,11
2709,10,-4236230780422534256,0,5,5,32,9,1,1,1
2710,10,1174529101584392334,0,3,3,41,1,6,3,12
2711,10,-8105424555458462782,0,6,6,38,2,7,4,18
2712,10,5192866244781651645,0,2,2,34,3,3,2,9
2713,10,-5181534012025082658,0,0,0,38,1,11,7,32
2714,10,-7541112407102520698,0,7,7,35,1,6,3,21
2715,10,-2843615552615573426,0,6,6,39,5,3,1,6
2716,10,-5329742539729322417,0,5,5,43,5,7,5,19
2717,10,-3895367263711252808,0,4,4,35,1,5,2,13
2718,10,1553835728566541387,0,4,4,39,1,4,1,7
2719,10,-4955661901068302221,0,2,2,40,2,6,3,12
2720,10,-2347485121539805680,0,6,6,38,1,5,1,8
2721,10,-7045012028674102986,0,6,6,37,3,3,1,9
2722,10,1845093564717150567,0,3,3,39,1,3,1,11
2723,10,4917610730046573330,0,5,5,38,2,5,3,16
2724,10,-1729545334536825246,0,0,0,39,2,8,5,23
2725,10,164401077854971041,0,4,4,35,1,5,3,9
2726,10,-3001316983557090636,0,3,3,37,2,5,2,11
2727,10,-5356559586934497665,0,7,7,37,2,3,1,10
2728,10,-8965298985554094532,0,3,3,32,9,1,1,2
2729,10,5396629028752321529,0,6,6,34,4,4,2,12
2730,10,-8153682033575840542,0,6,6,37,6,6,5,9
2731,10,-8693603282512200956,0,8,8,38,6,2,1,3
2732,10,-3508208926667908698,0,5,5,35,5,5,3,12
2733,10,6521158978435215217,0,3,3,36,3,4,2,8
2734,10,6015461078351025910,0,8,8,35,2,3,2,8
2735,10,-5104121523858694819,0,3,3,38,3,6,3,18
2736,10,8199417998116481087,0,5,5,34,3,4,2,12
2737,10,6154331461135021805,0,1,1,35,7,4,3,8
2738,10,952221942658332869,0,4,4,43,2,5,2,11
2739,10,257912348520358203,0,7,7,33,4,6,3,18
2740,10,-6120427071749209161,0,3,3,35,3,3,1,8
2741,10,7635159209031148683,0,8,8,41,1,3,1,4
2742,10,-3600690593733959299,0,4,4,35,3,4,3,11
2743,10,-7512446845644330047,0,9,9,36,1,6,4,18
2744,10,6612798540607182421,0,5,5,40,6,3,2,6
2745,10,4226342272025364247,0,1,1,37,1,4,2,14
2746,10,6917337942442047005,0,8,8,33,1,5,4,15
2747,10,-8347393806130010614,0,3,3,40,1,6,3,15
2748,10,-1087317855114677903,0,7,7,30,2,4,2,12
2749,10,7536305514255318165,0,7,7,38,1,9,5,23
2750,10,1625444729184608248,0,3,3,41,1,8,4,20
2751,10,-4079899796228569183,0,4,4,37,1,3,2,9
2752,10,-8071522084177552389,0,4,4,36,1,7,5,20
2753,10,8413999394175984827,0,4,4,33,1,4,2,8
2754,10,-581495450844986569,0,2,2,35,4,7,5,13
2755,10,3928116993995452679,0,3,3,37,1,7,4,20
2756,10,-3057410308509011725,0,2,2,35,1,8,5,24
2757,10,-5829479645841939596,0,8,8,33,5,5,4,10
2758,10,7981372115271238995,0,3,3,43,2,5,1,9
2759,10,7015609288906610224,0,2,2,44,1,7,4,15
2760,10,-682623703593054738,0,1,1,35,1,3,1,6
2761,10,3613815696179721054,0,6,6,37,2,4,2,10
2762,10,-2996100233121487969,0,6,6,33,3,4,2,12
2763,10,-397131445826832122,0,7,7,40,3,7,4,16
2764,10,1901452238927597976,0,8,8,39,1,8,4,19
2765,10,-360511072816330675,0,3,3,39,1,7,4,18
2766,10,6811191497428490684,0,6,6,30,1,2,1,6
2767,10,-2477447370309798939,0,2,2,36,4,6,3,18
2768,10,6028640782735551020,0,3,3,37,1,6,3,17
2769,10,339218807728390598,0,3,3,33,7,2,1,5
2770,10,-817641572652361694,0,4,4,34,1,3,1,10
2771,10,796577732919268381,0,5,5,37,5,4,2,8
2772,10,-5686541351928089602,0,2,2,39,2,5,3,7
2773,10,-1201668797116338811,0,8,8,35,2,7,5,11
2774,10,2112343418903071390,0,3,3,36,4,3,2,9
2775,10,-7848094145791343500,0,5,5,41,1,6,4,9
2776,10,-9149874119862622222,0,8,8,39,2,3,1,12
2777,10,2476062001414085111,0,4,4,36,7,2,2,4
2778,10,-1759446293235274034,0,1,1,39,1,4,1,11
2779,10,1193202821694572449,0,6,6,31,6,2,1,2
2780,10,477136150030014977,0,3,3,35,4,7,3,19
2781,10,-8416749662490265408,0,2,2,36,8,3,2,9
2782,10,8144496730315553447,0,1,1,40,4,5,2,14
2783,10,5049248514984477394,0,8,8,34,1,5,3,9
2784,10,-8186403901458757701,0,1,1,37,3,5,2,11
2785,10,1142124467675140407,0,8,8,37,5,4,2,8
2786,10,-4480131765413883152,0,2,2,34,5,6,4,10
2787,10,-5946226950251718617,0,5,5,33,9,2,2,4
2788,10,448946297683687104,0,6,6,36,3,4,3,12
2789,10,-8136406967432117531,0,4,4,37,2,4,2,13
2790,10,2534990582495171012,0,3,3,34,1,7,4,19
2791,10,5595431291025248564,0,8,8,36,1,5,2,11
2792,10,-345224010421148858,0,2,2,33,4,3,1,7
2793,10,-3547959296540764150,0,8,8,34,4,2,1,5
2794,10,8389954172731743508,0,8,8,38,3,5,2,12
2795,10,-670375965475759741,0,8,8,39,1,7,3,15
2796,10,2706228945533402775,0,3,3,38,1,4,2,8
2797,10,712581151405172760,0,5,5,40,7,3,2,6
2798,10,7891114186160114979,0,6,6,38,4,4,3,6
2799,10,1806362505885174032,0,5,5,34,2,4,2,10
2800,10,8765405082584857999,0,1,1,36,1,5,3,9
2801,10,-1739447204458444234,0,0,0,35,3,7,3,22
2802,10,3427435824291554056,0,4,4,35,1,4,2,12
2803,10,-4015005822836375861,0,7,7,36,4,5,3,12
2804,10,789940363184518946,0,4,4,32,2,2,1,6
2805,10,-8737572559014783042,0,6,6,38,2,5,3,14
2806,10,-74152443945758929,0,8,8,31,8,1,1,3
2807,10,2172759473688922906,0,8,8,34,1,5,4,16
2808,10,-1416181135406525740,0,2,2,37,3,5,3,9
2809,10,-1537846634032447809,0,6,6,38,2,5,3,14
2810,10,-8932200917019834408,0,5,5,36,1,5,2,6
2811,10,2291016348910971476,0,3,3,32,2,7,5,21
2812,10,-6992080829109827777,0,0,0,40,2,6,2,12
2813,10,-7738533390153112453,0,7,7,38,3,6,3,15
2814,10,8798159409368969111,0,5,5,38,2,4,2,10
2815,10,8774021516246110023,0,4,4,35,9,2,2,6
2816,10,-8082855496746981231,0,4,4,37,1,5,2,13
2817,10,4270593300778997738,0,5,5,41,5,3,1,7
2818,10,5101364342412135378,0,3,3,37,2,5,3,11
2819,10,-1937497097814016590,0,2,2,32,5,3,3,11
2820,10,-7363317007824812277,0,3,3,33,1,5,2,15
2821,10,-6872262548823239626,0,5,5,44,4,5,4,13
2822,10,-8229350950708999354,0,2,2,31,2,2,1,10
2823,10,-3802117155185281844,0,3,3,41,4,4,2,13
2824,10,-9188251420940165757,0,5,5,38,6,8,5,15
2825,10,5152485767276630845,0,5,5,36,2,4,2,11
2826,10,8590574632279694467,0,1,1,29,2,6,3,18
2827,10,-3836837314726630981,0,5,5,37,1,5,2,12
2828,10,-2435067221888659486,0,8,8,32,4,5,4,15
2829,10,6647692229151502354,0,2,2,39,3,6,3,17
2830,10,682952993528599659,0,5,5,30,2,3,2,4
2831,10,1429886200138732062,0,2,2,32,5,6,5,12
2832,10,1028629820323608999,0,2,2,36,3,3,2,6
2833,10,8955340711435327869,0,2,2,39,4,5,3,14
2834,10,-6241554472023513929,0,6,6,38,1,4,2,12
2835,10,3367508255044714116,0,7,7,39,1,7,4,18
2836,10,3614092155148242019,0,5,5,39,3,8,4,15
2837,10,2891097064377767030,0,5,5,31,9,1,1,2
2838,10,-8240597731974913422,0,4,4,35,2,7,4,16
2839,10,-6680197820586326797,0,0,0,34,3,6,3,16
2840,10,-8142745753557746117,0,2,2,35,1,4,2,13
2841,10,-7765854780576641363,0,9,9,32,6,3,1,10
2842,10,-5392612536696660868,0,4,4,36,5,4,2,12
2843,10,2661023277161331554,0,7,7,36,4,4,2,9
2844,10,2808942823041976425,0,6,6,38,5,2,1,8
2845,10,4373939178365763845,0,3,3,35,3,3,2,5
2846,10,-5059836119664770552,0,5,5,37,5,2,1,7
2847,10,6500544656303489598,0,7,7,33,2,6,4,15
2848,10,-6898846274564278853,0,5,5,36,5,5,4,11
2849,10,1773916445470892565,0,6,6,36,2,5,2,16
2850,10,-6106286186205652706,0,9,9,35,1,7,4,16
2851,10,1438125513642254057,0,3,3,44,1,6,2,11
2852,10,4716823000860672275,0,2,2,34,2,5,4,13
2853,10,-8523199346878224218,0,7,7,36,1,4,2,10
2854,10,-522275585304427238,0,4,4,40,3,8,5,18
2855,10,-3770849708749216202,0,3,3,36,1,5,4,5
2856,10,724716575914247141,0,2,2,39,2,4,1,12
2857,10,3281297359668895288,0,6,6,37,2,6,3,12
2858,10,5842739579048484139,0,2,2,36,4,2,1,8
2859,10,-8245037753104238865,0,7,7,40,1,9,4,20
2860,10,-5541666023368756036,0,3,3,37,2,5,2,15
2861,10,-8839137156198317700,0,0,0,38,1,9,4,22
2862,10,5510160282522718933,0,7,7,36,1,5,2,6
2863,10,482465010178360399,0,5,5,34,7,3,1,5
2864,10,-5548416304300100171,0,3,3,40,6,3,1,5
2865,10,167155235603560667,0,8,8,36,5,5,3,12
2866,10,-6588237135905560465,0,6,6,35,2,6,2,19
2867,10,5447154099362689160,0,5,5,36,2,2,1,5
2868,10,3858602253446066946,0,3,3,40,2,8,5,17
2869,10,7212373049318708462,0,3,3,35,3,3,2,6
2870,10,-5041949950100736090,0,0,0,36,2,5,2,15
2871,10,1213501231642834751,0,3,3,37,1,10,6,29
2872,10,6281867896738058600,0,3,3,36,4,5,2,17
2873,10,9169881126764897027,0,8,8,35,2,5,3,10
2874,10,2942926228220200952,0,7,7,34,1,3,1,7
2875,10,8812431660255127563,0,6,6,37,3,5,3,16
2876,10,-2795514583817884479,0,3,3,39,7,3,1,7
2877,10,8260413044658065311,0,1,1,36,5,3,2,8
2878,10,3978684347795092794,0,9,9,41,1,9,4,25
2879,10,6537504322968416505,0,2,2,33,3,6,4,17
2880,10,-960340273831352709,0,7,7,37,2,4,2,12
2881,10,689608509417838839,0,8,8,33,4,5,4,8
2882,10,-230818485129042413,0,3,3,37,2,6,3,15
2883,10,-5087650333173679861,0,3,3,37,4,8,5,15
2884,10,-2892185593553746920,0,7,7,37,4,4,2,6
2885,10,-8489689467839655563,0,0,0,37,1,6,2,19
2886,10,4207568647407014526,0,4,4,40,2,4,2,11
2887,10,-5215262829977777484,0,6,6,39,3,3,1,7
2888,10,1203499542483443116,0,6,6,35,2,4,2,9
2889,10,8548975833766801977,0,5,5,33,1,2,1,2
2890,10,-247087906260919732,0,5,5,36,4,4,2,7
2891,10,8969650966624226910,0,5,5,37,1,7,4,17
2892,10,-4857264479168095134,0,0,0,39,1,6,2,17
2893,10,-2827232293197529707,0,5,5,39,1,4,2,14
2894,10,5605175205327268768,0,4,4,42,1,6,2,8
2895,10,-6842023664657132316,0,1,1,38,2,5,3,8
2896,10,8100234022038669559,0,0,0,33,6,3,2,8
2897,10,-8681554868753206896,0,5,5,43,2,3,1,10
2898,10,7990552138282350961,0,5,5,38,2,4,2,8
2899,10,-5476508693187857896,0,6,6,45,3,6,2,12
2900,10,8193640620099430973,0,6,6,33,7,6,6,14
2901,10,8520699598768065124,0,7,7,32,4,2,1,7
2902,10,5128591307472044555,0,7,7,34,2,6,4,18
2903,10,-3504667059175332034,0,5,5,38,3,5,2,10
2904,10,-5742155405261868134,0,9,9,35,3,2,1,6
2905,10,-8813433296058198783,0,7,7,34,4,4,2,13
2906,10,-48752492380134002,0,4,4,32,8,2,1,4
2907,10,-1747535747622183537,0,1,1,34,4,2,1,2
2908,10,425817579638555526,0,2,2,33,4,6,5,14
2909,10,9158854129857696136,0,1,1,32,2,2,1,6
2910,10,355207190058912878,0,1,1,41,1,8,5,14
2911,10,8099763732836888760,0,4,4,35,4,6,4,22
2912,10,-1057104298006711791,0,6,6,36,1,4,1,9
2913,10,-2730866641244772912,0,5,5,40,3,7,3,18
2914,10,461848024031108593,0,3,3,37,1,5,2,15
2915,10,3161710812191983960,0,5,5,31,1,4,2,13
2916,10,4145193407652966234,0,9,9,38,1,5,1,13
2917,10,-5912374136787279900,0,3,3,38,3,6,3,13
2918,10,-3350631980720863564,0,3,3,36,2,7,3,24
2919,10,-8853766144344586363,0,3,3,33,6,3,2,8
2920,10,-6734480160761564647,0,7,7,41,5,3,2,6
2921,10,-5225990034912933758,0,3,3,35,2,3,2,7
2922,10,6967557755262045991,0,5,5,38,9,5,5,11
2923,10,-7392342579231998648,0,2,2,33,5,3,1,8
2924,10,2661977299602781718,0,0,0,38,3,5,2,8
2925,10,-5991421415364524642,0,7,7,36,2,5,3,9
2926,10,-3585167568318479860,0,3,3,40,3,4,2,9
2927,10,3404524773558843676,0,4,4,38,2,5,3,14
2928,10,-1836950677552575825,0,2,2,39,3,4,1,8
2929,10,3520579398430346461,0,4,4,40,1,6,3,12
2930,10,6171345830306816764,0,9,9,36,3,4,2,8
2931,10,3695384762889461875,0,2,2,39,1,5,2,13
2932,10,-8565075520620220074,0,5,5,38,1,6,2,17
2933,10,-7536562966885030373,0,3,3,33,4,3,1,7
2934,10,481054415873848546,0,9,9,38,3,5,2,14
2935,10,-582628428198094287,0,8,8,37,3,5,3,15
2936,10,4847887133726247953,0,4,4,32,5,7,5,20
2937,10,6158152328938143205,0,7,7,36,1,4,2,8
2938,10,5725513160386629757,0,4,4,32,5,4,2,9
2939,10,6982292010683746607,0,2,2,35,7,2,1,4
2940,10,-7251415002901980167,0,7,7,39,2,5,2,13
2941,10,7391619725698467840,0,5,5,31,6,2,2,6
2942,10,942758959901608675,0,1,1,36,2,5,2,16
2943,10,6370408892744505017,0,5,5,36,6,2,1,5
2944,10,-8213341959909978181,0,0,0,39,8,6,5,9
2945,10,3080767570091241952,0,2,2,37,6,4,3,10
2946,10,7260496258780130297,0,4,4,33,6,3,2,9
2947,10,7435729458190748944,0,3,3,35,6,4,3,11
2948,10,6701772436444045850,0,7,7,35,1,5,2,17
2949,10,4560516408935310641,0,4,4,40,3,7,3,20
2950,10,4724200245257598203,0,5,5,35,1,6,4,11
2951,10,996285031361217001,0,3,3,35,3,2,1,5
2952,10,4847974018290960491,0,3,3,33,5,4,3,13
2953,10,-7074361845068129710,0,7,7,36,1,3,1,5
2954,10,-778371814324668678,0,5,5,35,2,4,1,9
2955,10,-8559292550708932371,0,5,5,39,4,4,2,10
2956,10,-3422361843257298665,0,5,5,40,5,3,2,8
2957,10,-2536069618485904683,0,8,8,39,4,5,3,15
2958,10,2623968719254927705,0,3,3,34,3,5,3,14
2959,10,58610747621189175,0,3,3,39,2,4,2,11
2960,10,-4833327205017136612,0,3,3,40,1,7,4,17
2961,10,-4251166656330771455,0,5,5,33,7,3,2,7
2962,10,-2743969819407323056,0,3,3,40,2,5,1,9
2963,10,-5098482081900259111,0,5,5,42,4,6,3,13
2964,10,-7169321638486718579,0,2,2,36,3,6,5,15
2965,10,-8080482874517284528,0,9,9,38,2,7,3,23
2966,10,6122083980168856425,0,0,0,39,1,8,4,20
2967,10,-3870620508926306985,0,6,6,34,3,2,1,9
2968,10,-672210002083757554,0,4,4,39,3,4,1,7
2969,10,775799952293558001,0,5,5,40,3,4,2,9
2970,10,-1517202776833481722,0,3,3,35,3,3,1,9
2971,10,243724818774923306,0,8,8,36,8,2,2,4
2972,10,-1290682102069885608,0,0,0,39,4,6,3,16
2973,10,-8389940939742677945,0,7,7,41,1,6,3,14
2974,10,2141635602583630809,0,3,3,32,3,7,5,22
2975,10,2174480623672670270,0,4,4,36,2,5,2,11
2976,10,-3293385703444203845,0,5,5,40,2,6,3,11
2977,10,1937173568519497320,0,1,1,31,4,4,3,12
2978,10,-2707512528395142295,0,9,9,39,3,3,1,9
2979,10,1923964122762740084,0,4,4,39,2,8,4,14
2980,10,-6113044938086384745,0,6,6,35,4,5,3,9
2981,10,8723940932735759006,0,5,5,35,2,7,4,19
2982,10,-5836430890329526124,0,8,8,39,1,5,3,8
2983,10,-6541733095275356383,0,4,4,37,5,6,3,15
2984,10,897969872152881122,0,7,7,31,8,1,1,5
2985,10,-6135889093091041046,0,5,5,35,2,8,5,23
2986,10,-6427316842945032953,0,5,5,37,5,3,2,5
2987,10,-5629130277704968563,0,6,6,32,4,6,3,14
2988,10,5044644337652350117,0,4,4,37,2,5,2,12
2989,10,-8431611616468124036,0,4,4,36,7,5,4,11
2990,10,7556995177925883080,0,4,4,37,1,4,2,11
2991,10,1058425892365259125,0,3,3,40,1,9,5,21
2992,10,5995608813324662399,0,5,5,32,2,2,1,5
2993,10,8543245492704137276,0,7,7,36,3,6,4,13
2994,10,2655052345405484205,0,0,0,36,4,4,1,7
2995,10,-8619735001060689782,0,7,7,37,4,5,3,12
2996,10,-4400648783052461024,0,0,0,36,2,5,2,9
2997,10,-8530912189671156411,0,4,4,38,4,4,3,8
2998,10,-3060681517866442526,0,9,9,38,3,4,2,11
2999,10,7151535893170298352,0,3,3,39,1,3,1,5
3000,10,3390092359858797775,0,2,2,39,5,6,3,17
3001,10,741893782054082916,0,9,9,36,1,5,2,13
3002,10,7104051059200801639,0,8,8,35,6,3,2,9
3003,10,6132005235844822976,0,5,5,32,6,5,4,15
3004,10,-4533814143313129755,0,7,7,34,1,5,2,9
3005,10,-8008967908557564003,0,7,7,37,2,4,2,10
3006,10,3820538130640292496,0,3,3,36,6,5,3,15
3007,10,-2182351521093227898,0,1,1,39,5,2,1,6
3008,10,-5782679169374740912,0,6,6,38,1,6,3,11
3009,10,3668379218105068710,0,1,1,42,1,6,2,17
3010,10,-2006724119213705341,0,0,0,34,1,7,4,14
3011,10,-605481955454606397,0,3,3,39,3,5,2,13
3012,10,-7535751238037562607,0,3,3,36,6,3,2,7
3013,10,8718743405173168491,0,5,5,37,2,7,5,9
3014,10,-4939446016350335811,0,7,7,34,5,6,5,15
3015,10,-1231652902308314004,0,5,5,32,4,3,2,6
3016,10,988534287031982014,0,4,4,38,5,3,2,7
3017,10,3266591852499735944,0,1,1,30,6,2,2,6
3018,10,-327253803090047858,0,6,6,37,1,7,4,16
3019,10,-7437783819547026583,0,6,6,34,2,5,3,14
3020,10,-2968876794452523007,0,7,7,37,1,5,2,12
3021,10,2534554172117955026,0,5,5,38,2,3,1,5
3022,10,-2128380055720700008,0,7,7,36,7,5,3,10
3023,10,-2198606292935249897,0,3,3,33,4,6,5,16
3024,10,-5689428262506377450,0,7,7,32,3,5,3,13
3025,10,-1273488730283783473,0,1,1,34,6,2,1,8
3026,10,-4911174575884000428,0,9,9,40,3,5,2,8
3027,10,-6619679564530836281,0,6,6,35,5,8,4,26
3028,10,-4453539596820930991,0,3,3,34,2,2,1,6
3029,10,2495540592112192312,0,7,7,33,1,6,4,19
3030,10,8011638740161626253,0,9,9,38,2,6,3,16
3031,10,-5561845138331846340,0,2,2,39,5,6,4,12
3032,10,5705000069710603158,0,2,2,36,2,4,2,8
3033,10,1981087644967435902,0,7,7,36,2,7,5,18
3034,10,5371569724445503970,0,7,7,32,2,3,1,10
3035,10,-4434128779495287503,0,5,5,33,1,3,2,6
3036,10,-8207864737395521569,0,7,7,36,2,6,3,21
3037,10,8917905825490432835,0,5,5,36,2,4,3,18
3038,10,975906054789009992,0,8,8,38,3,7,4,19
3039,10,-2463429262469938479,0,7,7,38,1,6,3,17
3040,10,1170135017309552058,0,2,2,34,5,4,3,9
3041,10,-8174021087695065635,0,9,9,33,4,5,3,17
3042,10,-8279831450741847161,0,7,7,31,1,3,1,8
3043,10,4550743804818878781,0,6,6,35,3,6,4,14
3044,10,8646743333042134984,0,5,5,34,3,5,3,14
3045,10,8205803038795573974,0,6,6,35,5,3,2,5
3046,10,-6775027578990863176,0,6,6,34,2,2,1,6
3047,10,-801698345637210358,0,7,7,40,4,9,6,18
3048,10,-1367877682291269824,0,0,0,38,6,4,2,8
3049,10,8931024483415306606,0,5,5,34,4,4,2,9
3050,10,8545334278912995533,0,4,4,38,1,8,4,21
3051,10,-9156063687529517888,0,1,1,34,1,5,3,12
3052,10,510871865982812777,0,6,6,32,4,8,6,28
3053,10,-7148583240231422441,0,7,7,42,6,3,2,3
3054,10,-5582487133679713015,0,1,1,35,1,3,1,6
3055,10,-5206139321822038180,0,3,3,40,1,4,2,10
3056,10,-5294270709897415901,0,0,0,34,1,5,2,12
3057,10,-7671788063779582728,0,4,4,37,2,6,3,12
3058,10,8421516177941716868,0,3,3,41,1,5,2,9
3059,10,9163478630387737294,0,8,8,33,3,5,2,11
3060,10,506145288869518687,0,3,3,38,2,3,1,6
3061,10,-4674728676344877972,0,2,2,31,2,2,1,4
3062,10,-8623314630378891864,0,2,2,33,1,5,3,13
3063,10,-5585981575585043332,0,3,3,36,4,6,4,17
3064,10,8666946257976024482,0,6,6,40,3,2,1,3
3065,10,-4409753056724172928,0,4,4,42,1,4,2,7
3066,10,-4714414961252048201,0,3,3,33,2,3,1,5
3067,10,6676977832335269310,0,4,4,35,3,6,4,11
3068,10,999248327694139271,0,6,6,40,1,10,6,16
3069,10,1613468811668867192,0,6,6,36,4,2,1,3
3070,10,-1550319010348396990,0,3,3,34,2,6,4,14
3071,10,-5885803716420430240,0,7,7,35,4,5,3,9
3072,10,2748860872679951418,0,6,6,38,3,4,1,5
3073,10,5126229251396014922,0,6,6,36,2,3,1,7
3074,10,-9001532032172678477,0,4,4,34,2,6,3,17
3075,10,-8000366069702056157,0,6,6,41,1,5,3,11
3076,10,-7048980602594940675,0,4,4,38,1,5,1,14
3077,10,2151870333888608289,0,3,3,36,3,7,5,15
3078,10,-7829074558694771772,0,6,6,33,7,3,2,10
3079,10,9057458852627610683,0,9,9,42,3,4,1,6
3080,10,-4113723258648656474,0,8,8,37,1,7,4,15
3081,10,8031917077337664987,0,5,5,33,2,4,2,10
3082,10,4420917662676514054,0,7,7,36,7,6,4,14
3083,10,5278393335388592082,0,1,1,37,7,6,4,8
3084,10,3906582900592696095,0,2,2,38,2,3,1,7
3085,10,-202937266431316852,0,6,6,39,2,7,4,19
3086,10,-4527064242463186852,0,2,2,37,4,4,2,11
3087,10,-1427758816713335676,0,4,4,37,4,5,2,15
3088,10,-8330041049065375259,0,5,5,31,3,3,2,7
3089,10,2313056608415686649,0,1,1,42,1,7,3,15
3090,10,-6147898272334140291,0,6,6,36,3,8,6,23
3091,10,-1614620496388888607,0,9,9,32,1,7,3,26
3092,10,-2499081214121514870,0,5,5,35,1,6,3,12
3093,10,1999823714637474334,0,6,6,39,4,6,4,11
3094,10,-8995288514289659019,0,7,7,34,3,3,2,10
3095,10,-2632021536821805841,0,5,5,43,1,6,3,16
3096,10,-8480882402207919564,0,8,8,37,3,5,3,9
3097,10,-2599923411939773015,0,1,1,37,1,7,4,19
3098,10,2758824368106236196,0,9,9,37,1,6,2,16
3099,10,-2890156139819041115,0,0,0,35,6,8,5,20
3100,10,28044100754031899,0,7,7,38,2,8,6,17
3101,10,-7935003793888667524,0,3,3,35,3,6,3,14
3102,10,-6634731881326280259,0,5,5,35,5,4,2,11
3103,10,-2999759309223036303,0,6,6,37,4,7,4,13
3104,10,-242454867679985394,0,5,5,33,3,5,2,12
3105,10,2143901824824952366,0,2,2,36,1,6,4,10
3106,10,7698836194163320905,0,2,2,30,1,6,3,20
3107,10,-487637986483223885,0,0,0,41,1,7,3,16
3108,10,-5869816333049195025,0,3,3,31,1,4,2,14
3109,10,8120577299734336139,0,9,9,36,1,7,5,16
3110,10,5929052486020261154,0,6,6,36,4,4,3,14
3111,10,-6714367675329701568,0,0,0,35,2,10,6,27
3112,10,5677485449053147699,0,8,8,42,2,7,4,12
3113,10,2094325517217743888,0,5,5,39,1,4,2,11
3114,10,-369190203325459336,0,3,3,34,2,5,3,13
3115,10,-8446109853205714464,0,5,5,34,2,5,3,14
3116,10,-8728035316455669405,0,4,4,42,3,3,1,3
3117,10,1861911334046185072,0,6,6,33,3,5,2,16
3118,10,-1619964953093911345,0,0,0,46,1,8,3,15
3119,10,-7210895629108685617,0,2,2,34,2,5,3,8
3120,10,6073975207597259421,0,5,5,36,2,5,2,14
3121,10,6261042502280039697,0,8,8,36,5,2,2,4
3122,10,-5688238476080114305,0,9,9,37,6,3,1,6
3123,10,4555380686075676992,0,0,0,33,5,7,5,20
3124,10,-1699918830134132973,0,4,4,35,2,5,3,11
3125,10,2298789992256910736,0,5,5,33,1,4,3,10
3126,10,8789472211407334707,0,4,4,37,3,4,2,9
3127,10,-2521058582150090795,0,0,0,35,1,10,6,28
3128,10,7216875085501540491,0,5,5,36,2,5,3,14
3129,10,8361458708787165753,0,4,4,36,4,4,2,9
3130,10,4135779105821794411,0,2,2,35,1,4,2,9
3131,10,-3918610346406664919,0,5,5,37,7,2,2,4
3132,10,3828929908779984861,0,3,3,34,2,9,7,13
3133,10,7540304084393550991,0,1,1,34,6,4,3,6
3134,10,-931328204100276230,0,5,5,33,2,3,2,7
3135,10,-8743627976667610042,0,8,8,35,1,7,4,16
3136,10,5179727149625037689,0,8,8,40,2,3,1,9
3137,10,7318983165946933194,0,7,7,38,3,6,3,13
3138,10,8379600950464235400,0,4,4,33,2,6,3,19
3139,10,4535580886595993903,0,2,2,36,2,6,4,15
3140,10,4123940973511476702,0,0,0,43,3,9,5,19
3141,10,-8505330776950863020,0,0,0,32,6,5,3,13
3142,10,1130240267607917584,0,1,1,35,2,5,3,14
3143,10,-6428074996513991848,0,2,2,37,7,1,1,4
3144,10,3396492652922276900,0,5,5,34,3,6,5,8
3145,10,-3420477861335470773,0,1,1,32,1,3,1,10
3146,10,325766963007425123,0,8,8,36,2,3,1,6
3147,10,-649949874787831768,0,1,1,35,5,5,3,17
3148,10,532291743957083251,0,3,3,40,1,8,5,15
3149,10,-7302179708681997053,0,8,8,39,6,6,4,14
3150,10,7345076293088144804,0,5,5,35,1,4,2,9
3151,10,-8302076684109097602,0,5,5,33,4,4,2,9
3152,10,1801702079992319113,0,5,5,34,1,7,4,20
3153,10,2446277484415032705,0,6,6,36,4,4,2,9
3154,10,-8568437998394743349,0,5,5,36,6,2,2,4
3155,10,-3039789373296450519,0,5,5,36,3,6,3,22
3156,10,-2643900418087641031,0,6,6,34,2,4,1,8
3157,10,-1158161754528546816,0,3,3,36,1,6,4,13
3158,10,4278008695117338146,0,7,7,31,4,3,2,12
3159,10,-7886693253925729681,0,2,2,34,1,6,3,16
3160,10,7201699709314074598,0,7,7,33,3,3,2,5
3161,10,-2009779612653263248,0,5,5,35,1,7,5,13
3162,10,4897611745649664970,0,8,8,36,1,4,3,11
3163,10,2797743894597107335,0,2,2,37,1,4,1,7
3164,10,-3218613780389071092,0,4,4,36,6,5,3,12
3165,10,-9177998322268901902,0,4,4,33,5,3,2,8
3166,10,-105659106114659273,0,2,2,42,1,8,6,18
3167,10,-6653196983792727777,0,6,6,41,3,2,1,3
3168,10,8455886640413735608,0,6,6,40,1,7,5,19
3169,10,3320643604137605469,0,6,6,32,4,6,5,17
3170,10,3367956273770507184,0,4,4,34,2,4,2,9
3171,10,8228591694035312598,0,6,6,38,5,5,3,13
3172,10,-7912206948561364981,0,4,4,33,8,2,2,4
3173,10,-1775892707502410819,0,3,3,36,5,5,3,12
3174,10,-8725029875363060784,0,5,5,43,3,3,1,5
3175,10,830802112799395779,0,6,6,32,6,3,2,9
3176,10,-6214239432185283910,0,6,6,36,5,5,3,11
3177,10,5082350566770533070,0,6,6,32,7,3,1,8
3178,10,-4746981993212718584,0,4,4,35,5,5,3,13
3179,10,-726509346709882900,0,2,2,34,4,4,2,12
3180,10,1869200440792167313,0,0,0,34,3,7,5,19
3181,10,4338645541212948869,0,1,1,34,2,8,5,20
3182,10,8956876648010851866,0,7,7,34,6,2,1,4
3183,10,6015789873260811216,0,9,9,35,2,4,3,12
3184,10,-92483516318038293,0,4,4,33,1,4,2,15
3185,10,-3259487643856905592,0,7,7,32,7,3,2,15
3186,10,-3070499757894719329,0,3,3,39,2,2,1,4
3187,10,-6099531205552384546,0,0,0,42,1,6,2,15
3188,10,8139649797234641724,0,8,8,34,3,5,3,10
3189,10,4568705471735003825,0,6,6,41,1,4,2,7
3190,10,-8754161487925673597,0,7,7,37,1,7,5,20
3191,10,4180835441726083579,0,5,5,34,3,2,1,4
3192,10,2828217554434774920,0,4,4,34,2,4,2,11
3193,10,3104051913978581902,0,7,7,30,7,3,2,8
3194,10,-6148459515747185020,0,4,4,38,1,5,2,10
3195,10,163200891344189441,0,1,1,36,2,8,5,18
3196,10,-2147953929892888087,0,5,5,39,7,3,2,9
3197,10,-8245409261383502364,0,6,6,39,4,4,2,6
3198,10,2776420535364225462,0,2,2,32,2,2,1,3
3199,10,860104832620928570,0,5,5,35,5,3,1,3
3200,10,-287190314650423796,0,2,2,35,1,4,2,9
3201,10,-5956411088538760152,0,2,2,40,4,7,4,12
3202,10,-7121103464026095615,0,8,8,33,6,4,3,7
3203,10,-5015009565319259159,0,5,5,37,4,4,2,7
3204,10,-1625844439179973708,0,5,5,42,6,5,3,7
3205,10,-2962047936645341948,0,4,4,34,5,3,2,8
3206,10,6487142936303671201,0,2,2,35,3,6,3,16
3207,10,-1689453228849269823,0,3,3,33,4,4,3,14
3208,10,8651640770485626166,0,6,6,35,3,6,4,18
3209,10,2800034381374512600,0,2,2,35,1,6,4,11
3210,10,4485212288973350566,0,5,5,37,3,5,4,15
3211,10,-8893656220985766292,0,2,2,38,5,5,3,15
3212,10,2078099520283237884,0,3,3,39,3,5,2,11
3213,10,5905278401979209015,0,5,5,38,2,4,2,10
3214,10,7657155500955179378,0,7,7,36,3,5,3,15
3215,10,-5048928591197223675,0,3,3,38,2,6,3,12
3216,10,-5529007219524091645,0,7,7,37,2,5,2,11
3217,10,-5871640821419176602,0,9,9,37,2,6,2,19
3218,10,1035281000897161534,0,4,4,35,2,3,2,4
3219,10,6071371141267356574,0,4,4,36,1,7,3,16
3220,10,-6594120394495869092,0,3,3,40,1,7,3,17
3221,10,-2062611487005239584,0,2,2,35,1,7,4,17
3222,10,-8690120495842860396,0,6,6,37,3,4,2,6
3223,10,-1578259809237333061,0,2,2,36,7,3,2,8
3224,10,-8404762146494480722,0,3,3,38,9,1,1,2
3225,10,-8636561925589935404,0,0,0,37,5,4,2,9
3226,10,-5834369814064448554,0,6,6,42,5,8,5,23
3227,10,-8452392065086341419,0,2,2,38,4,4,2,5
3228,10,1237251950617941938,0,6,6,33,2,5,3,15
3229,10,-5531630595478225499,0,1,1,37,3,5,2,10
3230,10,1237969467277966262,0,1,1,37,1,9,6,19
3231,10,2182939066481940697,0,1,1,35,5,5,3,12
3232,10,-1395359256726690634,0,4,4,35,5,5,3,12
3233,10,-1570878450552237719,0,8,8,39,1,6,3,17
3234,10,-8467187153114697796,0,3,3,34,3,4,2,12
3235,10,7246464986925052582,0,3,3,33,2,3,2,8
3236,10,-6682511810846859237,0,7,7,35,3,3,1,11
3237,10,2969094008657582187,0,2,2,39,7,3,2,10
3238,10,-5907386242687438140,0,7,7,33,8,1,1,2
3239,10,-9133342432456612717,0,6,6,34,1,5,3,14
3240,10,-1492232808180935977,0,1,1,42,5,5,2,13
3241,10,-4706863798867044438,0,6,6,31,4,2,1,4
3242,10,3633845177101370237,0,3,3,38,1,6,2,14
3243,10,5985998432692781286,0,0,0,37,1,6,2,11
3244,10,5963314107486671604,0,3,3,32,3,5,3,7
3245,10,-8610190522476299945,0,8,8,33,2,6,4,14
3246,10,-7964405131221783829,0,8,8,35,3,3,1,9
3247,10,7310194350916001373,0,4,4,39,3,5,2,8
3248,10,2190541877371572751,0,4,4,39,5,4,2,8
3249,10,-5165804447211094181,0,6,6,35,5,4,3,14
3250,10,-686243873187204379,0,4,4,33,4,7,5,12
3251,10,3001925705559995049,0,1,1,32,7,6,4,14
3252,10,2986543021471923162,0,3,3,35,3,3,1,8
3253,10,-6585514619567372850,0,0,0,37,2,7,2,18
3254,10,-7846940343613379433,0,2,2,35,4,3,2,11
3255,10,5219646314432249071,0,4,4,36,2,3,1,10
3256,10,-1331058436770716518,0,6,6,39,6,6,4,15
3257,10,6125436549253944705,0,2,2,39,1,7,4,18
3258,10,8334804963275458306,0,7,7,37,1,3,1,8
3259,10,5271950498128969797,0,7,7,35,1,4,2,11
3260,10,-4595724948966193239,0,3,3,37,4,4,3,9
3261,10,7469439194640238198,0,1,1,37,7,2,1,8
3262,10,-667904307384257161,0,4,4,39,3,5,2,14
3263,10,-9214524239974314437,0,4,4,33,5,3,2,7
3264,10,-4468099697396034059,0,0,0,42,7,5,2,9
3265,10,-6442344156908719518,0,3,3,35,1,5,3,14
3266,10,2144543204135331360,0,5,5,36,1,7,4,14
3267,10,3567349217355161935,0,3,3,35,6,7,6,13
3268,10,-1114472247085984641,0,5,5,35,5,4,2,6
3269,10,2576485352068265778,0,7,7,38,4,4,2,6
3270,10,510573556426229879,0,4,4,35,4,4,2,10
3271,10,1953444039238141815,0,4,4,32,7,3,3,8
3272,10,5531296208432302814,0,7,7,38,1,4,2,14
3273,10,-375517529915455102,0,1,1,37,4,7,5,14
3274,10,248322115125715917,0,8,8,36,4,5,4,13
3275,10,2516064191119170716,0,4,4,35,1,3,1,7
3276,10,791659799632462265,0,0,0,40,3,3,1,5
3277,10,-1735597624491337945,0,4,4,35,8,3,3,13
3278,10,-2029693825814921788,0,6,6,36,1,7,3,15
3279,10,-4825279594967296743,0,5,5,34,1,7,4,15
3280,10,5908271902738010449,0,7,7,35,2,6,4,14
3281,10,-4939244998972458585,0,1,1,33,2,5,3,13
3282,10,5653305858371670229,0,6,6,38,4,4,2,8
3283,10,-5213741365599594432,0,6,6,39,1,4,3,5
3284,10,2599171227672756212,0,6,6,36,2,4,2,12
3285,10,5896758220874954940,0,8,8,39,2,6,3,15
3286,10,2594333297047130828,0,4,4,31,2,3,1,10
3287,10,9218565782349261525,0,1,1,35,7,6,5,14
3288,10,-6109452555471277941,0,3,3,35,2,5,3,13
3289,10,2314493114204544213,0,2,2,32,3,5,2,15
3290,10,4652034851661122375,0,4,4,39,1,5,1,9
3291,10,-6974840906776630895,0,1,1,40,6,2,1,4
3292,10,5190964574278770957,0,0,0,36,5,7,4,13
3293,10,-7679298744630750827,0,7,7,39,1,3,1,9
3294,10,3301289939976272442,0,7,7,39,2,4,2,11
3295,10,2565241510367581088,0,2,2,34,7,1,1,5
3296,10,8152653028858034441,0,2,2,36,4,6,4,16
3297,10,-8519872425647515566,0,6,6,34,2,4,2,7
3298,10,-5875891298769138067,0,5,5,37,2,4,2,10
3299,10,-2007975712441653981,0,5,5,35,2,4,2,14
3300,10,-6418721514347845599,0,6,6,37,1,3,1,5
3301,10,-5540477727700202857,0,1,1,46,1,11,6,26
3302,10,7268479599804984316,0,2,2,42,1,5,2,5
3303,10,1440331818375807407,0,3,3,33,1,3,1,10
3304,10,9089439384059679881,0,4,4,34,6,2,1,7
3305,10,-6783713900883219294,0,3,3,41,2,4,1,8
3306,10,4146244270505362135,0,2,2,37,1,3,1,10
3307,10,7296694096769658573,0,6,6,40,1,4,2,11
3308,10,697935000104901004,0,6,6,32,3,5,3,14
3309,10,1574644817313370087,0,7,7,30,1,6,5,15
3310,10,-8087457697888537280,0,6,6,39,2,3,1,8
3311,10,1124990253155884664,0,5,5,31,9,2,2,4
3312,10,-5019744733746211321,0,8,8,33,3,5,3,15
3313,10,-7660596705501444725,0,2,2,33,8,6,5,16
3314,10,-3921070095093772721,0,7,7,40,1,4,1,10
3315,10,7746161804499683746,0,3,3,38,1,8,6,19
3316,10,2415834750342662892,0,4,4,32,5,3,2,7
3317,10,1297638211813990633,0,1,1,39,1,4,1,7
3318,10,1589918965246199921,0,5,5,40,3,4,3,7
3319,10,8572253929931561647,0,4,4,30,6,2,1,5
3320,10,-2136895122173441599,0,5,5,40,1,4,1,7
3321,10,499592078437681681,0,5,5,34,3,2,1,2
3322,10,524928962073060325,0,1,1,34,3,6,3,19
3323,10,-8852980926434023433,0,2,2,39,3,4,2,11
3324,10,-9056869528961944801,0,3,3,36,3,4,3,9
3325,10,-151276469411536828,0,3,3,38,6,2,2,4
3326,10,-598298873834025666,0,6,6,39,2,4,2,8
3327,10,-8218043050648633783,0,4,4,41,1,9,4,18
3328,10,-5068590709546253005,0,0,0,36,7,3,2,6
3329,10,-8466118843495273350,0,6,6,36,1,4,1,11
3330,10,-2830399845579746332,0,9,9,38,2,9,6,21
3331,10,1129821105200020323,0,6,6,34,9,1,1,1
3332,10,6424129065502227007,0,6,6,34,3,4,3,13
3333,10,-2509374947360562212,0,8,8,39,1,6,3,21
3334,10,-7010399295997644654,0,6,6,35,2,3,2,6
3335,10,4060550482961807483,0,9,9,34,1,5,3,13
3336,10,-2761388790558525670,0,1,1,41,3,8,6,11
3337,10,-3553836421523916215,0,0,0,31,8,4,2,12
3338,10,2355380217970842585,0,7,7,36,1,4,2,12
3339,10,1812176382964073657,0,9,9,36,3,3,1,6
3340,10,3468378860426955180,0,1,1,38,2,3,1,7
3341,10,-2887973430982998827,0,6,6,37,2,4,1,11
3342,10,-1409231353283595108,0,6,6,36,2,6,4,10
3343,10,-412684114698342470,0,7,7,38,7,3,2,6
3344,10,-8188262331068598412,0,3,3,35,1,5,3,7
3345,10,-4507899165051622330,0,5,5,31,2,3,2,10
3346,10,4750977063850325650,0,2,2,39,3,3,1,7
3347,10,-9081649853648198641,0,7,7,34,5,3,1,7
3348,10,5776150900562369538,0,1,1,38,2,4,2,6
3349,10,-680630951573000298,0,7,7,40,3,8,4,19
3350,10,2526687667218170056,0,5,5,32,3,3,2,10
3351,10,5018275844666003900,0,4,4,33,1,5,3,12
3352,10,8182531960731588476,0,4,4,29,4,5,3,20
3353,10,5775419792877500020,0,2,2,39,5,3,2,9
3354,10,2830061986379951132,0,0,0,35,7,5,2,14
3355,10,-8625138638564480839,0,1,1,38,5,2,1,5
3356,10,-7928714830609314531,0,9,9,42,1,8,3,21
3357,10,-2632355370342648894,0,2,2,32,5,3,2,9
3358,10,-8320669996407655997,0,6,6,34,6,3,2,9
3359,10,6751965383596630900,0,7,7,35,3,7,5,20
3360,10,-5339358359929278030,0,1,1,34,5,2,1,5
3361,10,-7389525006724687848,0,4,4,37,2,7,5,18
3362,10,-3342434040270495293,0,4,4,32,2,4,2,12
3363,10,2735096967791550797,0,6,6,35,4,5,4,7
3364,10,-5818273235202627045,0,5,5,36,2,7,4,17
3365,10,8319271964419576896,0,2,2,35,5,7,5,11
3366,10,-7751457178506886,0,6,6,37,4,5,3,15
3367,10,6450810798325649689,0,5,5,40,3,5,3,10
3368,10,5941774628395465168,0,7,7,36,7,2,1,6
3369,10,-6165858429052884040,0,2,2,40,3,4,1,7
3370,10,-5992444144668939755,0,4,4,40,2,7,4,13
3371,10,-1602347001427137632,0,2,2,38,1,6,3,11
3372,10,7276047544478810457,0,2,2,36,2,3,1,11
3373,10,-3035616959485257933,0,3,3,39,5,5,2,11
3374,10,-6481252823297679590,0,2,2,38,9,2,2,4
3375,10,1047275973786484255,0,3,3,38,2,5,3,10
3376,10,9217056807739837653,0,4,4,37,6,4,2,11
3377,10,2311562921237952280,0,3,3,46,3,6,4,11
3378,10,3214632046028657887,0,6,6,43,5,7,4,14
3379,10,3854566123589436615,0,4,4,42,2,4,1,10
3380,10,-594534613384105356,0,8,8,30,5,3,2,10
3381,10,-3630604295588932095,0,8,8,36,2,8,4,21
3382,10,-6999971350952988912,0,3,3,38,8,3,2,5
3383,10,-1436241159405382340,0,0,0,37,1,6,2,15
3384,10,4067315932948922621,0,1,1,31,3,5,4,16
3385,10,5042190502867401534,0,8,8,38,3,5,2,12
3386,10,8219218981919358765,0,3,3,36,1,5,2,14
3387,10,669379885146069270,0,8,8,30,3,6,4,15
3388,10,-1482089781700002231,0,1,1,34,3,5,3,16
3389,10,-4337331045603783344,0,7,7,35,4,3,2,10
3390,10,7464420718394059529,0,9,9,37,2,4,2,10
3391,10,1219466014216181859,0,2,2,34,3,3,1,9
3392,10,-6107173845967112762,0,2,2,37,7,8,6,23
3393,10,-8411571160387058578,0,8,8,41,5,4,3,8
3394,10,-334217349934636212,0,5,5,32,1,7,4,17
3395,10,-4207513618031766493,0,7,7,35,3,2,1,7
3396,10,-85301253698251019,0,1,1,37,1,6,3,11
3397,10,381207386128395523,0,4,4,34,2,4,3,6
3398,10,2586510115622988274,0,7,7,33,7,2,1,6
3399,10,2589644195610325195,0,1,1,38,7,3,2,3
3400,10,-3123224075701378069,0,5,5,40,3,7,3,18
3401,10,7415301972475722286,0,4,4,32,3,3,2,9
3402,10,-7049257821522777909,0,3,3,38,2,4,2,7
3403,10,-8309684372331532093,0,4,4,33,4,4,2,17
3404,10,-4865611729690841132,0,0,0,35,1,8,4,18
3405,10,-7215463320593487808,0,2,2,43,2,6,2,16
3406,10,3029491373890918393,0,4,4,33,2,4,2,10
3407,10,-5145999387780481304,0,3,3,43,2,11,6,16
3408,10,-6055496926736634516,0,4,4,35,4,8,6,26
3409,10,299850057583718210,0,2,2,37,1,4,2,7
3410,10,5622017149127341172,0,6,6,38,1,5,2,14
3411,10,3205000580166027531,0,6,6,33,2,2,1,8
3412,10,3584952145504095620,0,7,7,37,1,6,2,11
3413,10,3768903714705884524,0,0,0,36,1,6,2,15
3414,10,8330609743511832201,0,5,5,33,1,5,3,16
3415,10,5229574970176891503,0,4,4,32,6,2,2,6
3416,10,-7506612231889539709,0,8,8,39,1,6,2,8
3417,10,5790646294746771887,0,5,5,35,4,4,2,10
3418,10,8037326162694682711,0,6,6,33,5,2,1,7
3419,10,-5028329385108560305,0,6,6,35,3,7,3,19
3420,10,-7142894420368501278,0,6,6,33,1,7,4,21
3421,10,-3882192964541616596,0,6,6,33,7,3,2,8
3422,10,-3202926071364961199,0,3,3,40,1,5,3,15
3423,10,827570572221051478,0,4,4,31,3,4,2,12
3424,10,1898354670717077679,0,4,4,32,6,4,3,16
3425,10,4824401204126227131,0,6,6,38,1,4,2,10
3426,10,-5072753026272312385,0,5,5,35,2,6,3,11
3427,10,5213837876498600229,0,4,4,40,2,4,1,11
3428,10,2538410078637187083,0,5,5,32,5,2,2,6
3429,10,1306312172435357541,0,4,4,34,3,5,3,11
3430,10,1343595192662885692,0,6,6,35,3,5,2,17
3431,10,3847428355662183632,0,7,7,37,1,6,3,14
3432,10,-1889217264686941012,0,1,1,39,5,5,3,8
3433,10,8703416444871155434,0,6,6,41,3,3,1,6
3434,10,-1920659067236232391,0,6,6,39,1,3,1,5
3435,10,6926008092930629985,0,4,4,36,1,3,1,13
3436,10,-2250524260699732900,0,3,3,40,3,6,3,14
3437,10,-2542399239170598596,0,4,4,39,6,3,2,5
3438,10,6006722384790143609,0,2,2,35,2,5,3,13
3439,10,7316606503368484692,0,6,6,33,9,3,3,9
3440,10,-3826204874393735049,0,6,6,35,3,4,2,11
3441,10,8912132475963465218,0,2,2,38,2,4,1,10
3442,10,-5901460769250008941,0,9,9,39,6,6,3,13
3443,10,2848281102704823833,0,5,5,36,1,6,3,14
3444,10,-2193809274762875791,0,1,1,34,2,3,2,8
3445,10,-1660675972434481386,0,6,6,41,1,3,1,9
3446,10,6778638869793880692,0,2,2,39,7,4,2,9
3447,10,5619233277994849942,0,6,6,36,4,5,2,14
3448,10,3600450516733199438,0,7,7,34,6,1,1,4
3449,10,5711766852989973256,0,1,1,40,1,5,3,15
3450,10,-2147932281336827174,0,3,3,34,4,2,1,7
3451,10,6699165108287765922,0,5,5,36,4,5,3,18
3452,10,-2994075000198601944,0,4,4,36,5,3,2,9
3453,10,-2204465830538291304,0,5,5,35,6,2,1,3
3454,10,-5281037013181749031,0,6,6,35,2,6,4,16
3455,10,-2500115166576376181,0,1,1,37,1,5,2,9
3456,10,1107924455186489773,0,6,6,39,3,10,6,25
3457,10,2022332423950419007,0,3,3,33,4,6,4,13
3458,10,-8817169631134486950,0,3,3,37,3,8,4,22
3459,10,-7980371659697171055,0,7,7,40,2,8,5,18
3460,10,-7642663279849888609,0,3,3,42,1,8,5,14
3461,10,8917463422281538727,0,8,8,33,5,5,4,10
3462,10,-7150338817639412073,0,6,6,32,2,4,2,11
3463,10,8307866513983871592,0,5,5,40,6,4,1,9
3464,10,-8868009045899818158,0,3,3,36,5,4,2,10
3465,10,1286963562675917615,0,4,4,37,3,4,1,8
3466,10,5169644448489399457,0,7,7,38,1,8,6,16
3467,10,5273562184581434042,0,5,5,35,1,7,4,25
3468,10,-5036762121501462991,0,3,3,34,3,2,1,7
3469,10,-853751231886062744,0,2,2,33,2,4,2,12
3470,10,6248707794918670810,0,5,5,38,7,4,2,6
3471,10,-1608378488269345629,0,8,8,32,6,2,1,7
3472,10,-6862895945042531015,0,8,8,38,4,4,3,10
3473,10,-2715067850828444518,0,6,6,32,7,4,2,12
3474,10,-3705124670693956485,0,4,4,34,5,2,1,6
3475,10,-1174526603119742669,0,3,3,37,6,3,2,8
3476,10,-1388617779530150277,0,6,6,31,3,2,1,10
3477,10,6727732417867990080,0,4,4,38,1,4,2,12
3478,10,7624228610388196879,0,1,1,30,6,4,3,11
3479,10,8779922541986373360,0,2,2,34,3,3,1,8
3480,10,-1523726622559671137,0,7,7,37,2,6,3,13
3481,10,3811653306956159111,0,5,5,31,4,3,2,8
3482,10,-8404811375539697162,0,5,5,44,3,4,1,7
3483,10,-4507678783327597487,0,3,3,36,1,5,3,15
3484,10,-5579811192350001828,0,7,7,35,2,8,5,23
3485,10,9128135045556456148,0,9,9,36,1,7,3,21
3486,10,-6971169067516939292,0,3,3,32,5,2,1,9
3487,10,-3992271205942089148,0,6,6,35,1,5,3,11
3488,10,-5599665709472270335,0,8,8,39,1,10,5,23
3489,10,-7711773668388197829,0,4,4,38,5,5,3,12
3490,10,4805387146111290975,0,7,7,34,9,2,2,6
3491,10,1939736321016585897,0,0,0,33,1,6,3,17
3492,10,-4129107758978612240,0,3,3,37,1,4,1,5
3493,10,4074800587774203400,0,0,0,36,2,10,6,23
3494,10,-588443717853783740,0,6,6,40,1,4,2,9
3495,10,-6852103085267472684,0,7,7,42,2,5,3,10
3496,10,5407202535150442269,0,0,0,33,2,6,2,18
3497,10,-2643632436950773702,0,2,2,37,2,6,3,16
3498,10,4880237396399888450,0,5,5,35,4,3,2,10
3499,10,-3304995676078474737,0,5,5,42,1,7,4,15
3500,10,6275808343836679315,0,6,6,36,3,3,2,5
3501,10,-6265353886450507773,0,8,8,33,2,3,2,10
3502,10,-1236677959496238755,0,8,8,36,2,2,1,6
3503,10,2789768185239192597,0,6,6,38,3,4,2,14
3504,10,-5947075242506077457,0,3,3,36,2,3,2,7
3505,10,-8956508465299012535,0,7,7,38,1,6,3,19
3506,10,1529947542229994349,0,0,0,38,2,6,3,18
3507,10,-8880510857957486695,0,9,9,38,2,10,5,28
3508,10,-5528701340563164445,0,1,1,35,3,7,4,18
3509,10,-8570249835044522456,0,7,7,44,1,6,3,11
3510,10,-5948226133527903076,0,1,1,34,4,4,2,13
3511,10,-8451968537621788483,0,5,5,39,1,4,2,9
3512,10,2913600620658462132,0,3,3,35,2,7,4,18
3513,10,-2308645912144823442,0,2,2,30,4,2,1,5
3514,10,3421995380335712492,0,4,4,32,8,1,1,2
3515,10,274160899367354267,0,7,7,36,5,2,1,6
3516,10,4475935385917135805,0,6,6,38,9,1,1,2
3517,10,8880502183250544926,0,2,2,36,4,4,2,13
3518,10,1117114271463989423,0,4,4,37,3,3,2,6
3519,10,-8637933493361757504,0,3,3,34,3,3,1,8
3520,10,1661734397625107178,0,4,4,34,3,3,2,10
3521,10,4116153542085588462,0,5,5,34,1,5,2,15
3522,10,-3304683483167764723,0,9,9,36,2,4,2,11
3523,10,5031252089993619884,0,4,4,38,2,5,3,16
3524,10,-5489523817250464450,0,4,4,40,2,7,3,17
3525,10,5025165814426123464,0,3,3,33,3,2,1,5
3526,10,-7306215802038142847,0,4,4,38,2,5,2,14
3527,10,3863008609817190227,0,5,5,33,5,2,1,5
3528,10,-3809839618734971059,0,6,6,38,1,6,4,14
3529,10,-1157076914913161395,0,6,6,36,2,3,1,8
3530,10,3810828644991494492,0,3,3,35,1,6,4,13
3531,10,-8603248421313479521,0,5,5,36,1,9,6,22
3532,10,1512124331531304642,0,6,6,38,1,4,2,9
3533,10,3437323800646301773,0,5,5,38,3,3,2,9
3534,10,-3984974964960900031,0,6,6,34,2,3,2,6
3535,10,-1006727817762577685,0,8,8,33,1,2,1,5
3536,10,2097680616554606811,0,4,4,38,2,5,3,10
3537,10,-746612373199122864,0,5,5,29,1,5,3,18
3538,10,-7773951522371772249,0,3,3,37,5,4,2,6
3539,10,-8400564315740502391,0,4,4,39,4,7,5,18
3540,10,-4044617130174375704,0,4,4,35,1,7,4,16
3541,10,-321452303989967344,0,8,8,38,2,4,1,9
3542,10,5113456231215595867,0,4,4,37,3,4,1,11
3543,10,8527051572160796990,0,5,5,39,2,9,6,23
3544,10,5971073556411961039,0,5,5,35,5,2,1,6
3545,10,3885120810204673277,0,6,6,32,1,3,2,6
3546,10,-2710945465023137029,0,2,2,35,1,6,4,20
3547,10,773588890975913153,0,6,6,33,5,3,3,3
3548,10,-4558138031231982197,0,1,1,38,2,5,3,10
3549,10,3958340728218915768,0,3,3,37,3,4,2,10
3550,10,731788319508394619,0,2,2,38,4,2,1,3
3551,10,6157354233757152575,0,9,9,34,2,6,4,13
3552,10,5616330063113091496,0,7,7,32,5,3,2,7
3553,10,-3801035591317843816,0,4,4,30,5,3,2,11
3554,10,-1744748596251878492,0,6,6,35,2,4,3,9
3555,10,-1837609232666856486,0,3,3,33,4,5,4,13
3556,10,-4437839059087863863,0,6,6,35,2,5,4,12
3557,10,-2763978270905408984,0,1,1,34,5,4,3,6
3558,10,6434595620359454608,0,8,8,37,2,4,2,12
3559,10,8296570340748005669,0,7,7,35,7,3,2,6
3560,10,3642730393836667683,0,0,0,34,1,5,2,12
3561,10,1616150049596197286,0,7,7,36,4,7,4,17
3562,10,-5167463083813137616,0,1,1,37,1,4,2,13
3563,10,-7214018141791445079,0,2,2,37,1,4,1,7
3564,10,567651107422454783,0,6,6,38,3,5,2,14
3565,10,7786017733055886726,0,6,6,35,1,5,3,14
3566,10,3443294585625173446,0,3,3,36,3,7,5,16
3567,10,4245785636828577380,0,1,1,41,1,5,2,14
3568,10,-564241602715670980,0,5,5,33,8,1,1,3
3569,10,1324064257753658350,0,1,1,38,2,4,1,10
3570,10,-1597603295352754325,0,9,9,35,2,5,1,15
3571,10,-316836329839692987,0,8,8,40,1,7,4,18
3572,10,-1720186034461376566,0,2,2,33,5,4,2,13
3573,10,3350885034522752311,0,4,4,35,1,5,1,15
3574,10,-7503238558451341430,0,4,4,34,8,3,2,11
3575,10,-6917483094588123727,0,3,3,34,1,4,2,7
3576,10,-7726952906580175056,0,5,5,33,2,6,4,21
3577,10,9023373946669604466,0,5,5,35,3,7,5,13
3578,10,7164273968529197923,0,7,7,36,1,3,1,8
3579,10,5021326234040338689,0,2,2,37,2,6,2,15
3580,10,4977636252445385222,0,6,6,36,4,4,2,11
3581,10,-405661045099156511,0,2,2,44,4,7,4,14
3582,10,-2410381083236832119,0,5,5,36,1,3,1,6
3583,10,3399866019518187266,0,5,5,35,2,3,1,11
3584,10,-5497508250133064836,0,0,0,34,6,5,3,12
3585,10,-5788383086986189959,0,5,5,40,8,3,2,4
3586,10,2168760218336763748,0,7,7,34,4,5,2,13
3587,10,1427627037035936371,0,5,5,38,3,6,4,13
3588,10,-2979399693224559918,0,3,3,35,6,3,2,9
3589,10,-3031736240906545305,0,3,3,34,7,1,1,1
3590,10,-4480651316128857680,0,7,7,42,4,4,1,9
3591,10,-4911481580314433142,0,7,7,40,2,4,1,6
3592,10,2973120263799370206,0,3,3,35,3,4,2,9
3593,10,4292834519718000776,0,3,3,35,2,4,2,13
3594,10,5816838759645221117,0,3,3,36,7,3,2,8
3595,10,-4961309906280779664,0,6,6,33,2,4,2,14
3596,10,-6701648151216481399,0,2,2,35,2,8,6,20
3597,10,8355402558959466735,0,5,5,35,5,2,1,4
3598,10,-407255141124452051,0,1,1,35,2,5,3,7
3599,10,8133299833096080320,0,3,3,41,2,4,2,10
3600,10,-7798538725466885550,0,8,8,39,3,3,1,9
3601,10,-6135717416052507037,0,8,8,34,1,6,4,18
3602,10,9206425710976025336,0,2,2,33,6,3,2,7
3603,10,1058244752514544396,0,4,4,38,2,5,3,14
3604,10,3807491091264644809,0,6,6,41,1,6,4,8
3605,10,1739255313082705118,0,2,2,39,1,4,2,10
3606,10,-4501667897508042133,0,8,8,34,4,3,1,11
3607,10,5670487449855542104,0,7,7,35,6,4,2,14
3608,10,-2632163655841378795,0,3,3,30,7,2,1,7
3609,10,-605669234298531569,0,6,6,37,5,5,4,9
3610,10,3594253137413907812,0,0,0,36,4,8,6,20
3611,10,-6116422689756268131,0,4,4,35,3,3,1,9
3612,10,6989477049323659375,0,1,1,34,1,4,2,15
3613,10,-7407231223591415079,0,5,5,36,2,6,4,14
3614,10,3812123909874029080,0,0,0,35,6,7,4,13
3615,10,6861890159994387783,0,7,7,40,3,3,1,5
3616,10,-9086192898254731355,0,4,4,40,3,5,1,10
3617,10,-7601482409531303982,0,7,7,35,1,3,1,9
3618,10,5364687367676118414,0,6,6,37,4,3,2,8
3619,10,3834283604698348216,0,5,5,33,5,6,4,15
3620,10,-6051887854240563816,0,6,6,42,7,4,3,10
3621,10,8780254097268452805,0,3,3,39,3,6,4,10
3622,10,-5186539379061435870,0,5,5,39,3,6,2,19
3623,10,2948754253548801475,0,2,2,31,3,5,4,18
3624,10,-1006542733926712642,0,3,3,34,4,3,2,10
3625,10,3211011503044384048,0,2,2,33,5,6,4,15
3626,10,5402249939717430787,0,7,7,40,1,4,2,7
3627,10,3726174546222922801,0,1,1,32,6,4,2,12
3628,10,-6850448017055566688,0,1,1,34,5,5,3,12
3629,10,5866791170704712647,0,4,4,33,3,2,1,6
3630,10,-5358092903262025292,0,3,3,37,1,7,4,17
3631,10,3010464301732446271,0,2,2,33,1,4,2,10
3632,10,4752415762207288413,0,6,6,36,5,2,1,8
3633,10,5255769525635086063,0,7,7,34,7,4,3,10
3634,10,-262776738022726002,0,1,1,40,1,5,2,18
3635,10,7908123471321801502,0,4,4,38,2,3,1,9
3636,10,-6180529056051917530,0,0,0,34,3,6,3,16
3637,10,-191494240364644797,0,5,5,41,3,2,1,3
3638,10,7014857186516319549,0,4,4,38,6,2,1,4
3639,10,7162372715358955378,0,4,4,38,3,3,1,9
3640,10,1676952594630515392,0,3,3,33,1,7,5,23
3641,10,-4882680707026360813,0,5,5,35,1,4,2,10
3642,10,4690992266806223935,0,6,6,35,2,5,3,17
3643,10,-665408683114413100,0,4,4,39,1,8,4,14
3644,10,4458349764374458373,0,6,6,40,1,4,1,6
3645,10,6079260524435474912,0,5,5,36,4,3,2,8
3646,10,6526476519746856553,0,4,4,35,3,3,1,5
3647,10,4686682761428643152,0,1,1,32,1,3,2,9
3648,10,-6981901413598835357,0,1,1,36,1,5,3,15
3649,10,7346501120696833762,0,7,7,30,9,1,1,2
3650,10,1252947452284680545,0,6,6,36,3,5,3,7
3651,10,5834526116269634024,0,1,1,37,1,7,3,12
3652,10,7892191134753863515,0,5,5,34,3,6,3,17
3653,10,6090285657204012674,0,3,3,37,4,3,1,8
3654,10,5905884342584951844,0,7,7,35,6,2,2,4
3655,10,6968275405321757455,0,0,0,40,3,9,3,28
3656,10,-3838156506880678653,0,6,6,38,1,7,4,18
3657,10,-7984366179517130528,0,6,6,37,3,4,2,9
3658,10,-2159866399527488126,0,3,3,38,1,5,2,12
3659,10,5712976891267878958,0,5,5,31,5,1,1,4
3660,10,3162769236997799557,0,5,5,41,1,4,2,10
3661,10,350264271883376462,0,6,6,37,7,3,2,7
3662,10,1309976077758147229,0,1,1,34,2,6,4,17
3663,10,591847823805059362,0,0,0,38,6,4,2,14
3664,10,4747688268499233694,0,3,3,36,3,6,4,14
3665,10,4158087698036975314,0,3,3,40,6,5,3,12
3666,10,-625855060376181394,0,4,4,38,3,5,3,8
3667,10,-6930509326509743940,0,7,7,34,4,3,2,9
3668,10,-2868188279038316001,0,7,7,39,4,2,1,6
3669,10,-8935855279578015064,0,4,4,35,1,7,4,23
3670,10,-8280399892280028352,0,7,7,34,2,3,1,9
3671,10,5716322735991686976,0,5,5,39,5,2,2,2
3672,10,-4923278021506767760,0,7,7,36,1,2,1,3
3673,10,-3305942046165158210,0,9,9,34,1,4,2,12
3674,10,7262846877058933555,0,5,5,33,2,8,5,23
3675,10,2873469120252237030,0,5,5,34,2,5,2,13
3676,10,-2247360551819173880,0,1,1,38,2,4,2,17
3677,10,-264944870380924361,0,0,0,36,3,4,1,9
3678,10,-3581673002816557894,0,4,4,34,7,3,2,11
3679,10,5179059933381389405,0,6,6,34,3,3,2,10
3680,10,-5824896500322821130,0,6,6,36,3,2,1,6
3681,10,7242287344321006057,0,8,8,39,1,5,3,12
3682,10,-4981250369812994531,0,5,5,34,3,4,3,12
3683,10,-7317932275837199037,0,3,3,43,1,7,4,17
3684,10,-8212500949786867877,0,6,6,44,1,6,3,10
3685,10,8584452506673251038,0,5,5,36,2,6,4,11
3686,10,-855264544924161288,0,3,3,39,3,4,2,5
3687,10,-5990566669647343954,0,5,5,36,3,4,2,8
3688,10,-8317158710921398290,0,7,7,37,2,3,1,5
3689,10,2749415069026106583,0,0,0,39,1,8,5,19
3690,10,-6675014100101295430,0,4,4,35,1,2,1,7
3691,10,-993259447063168602,0,0,0,35,4,4,2,11
3692,10,5040973711996201078,0,9,9,39,2,6,2,16
3693,10,-4081513984550341436,0,6,6,37,1,5,2,13
3694,10,-8071501578944178393,0,1,1,42,1,6,3,12
3695,10,-2185346706976033880,0,5,5,37,1,5,2,8
3696,10,-1141715610161182892,0,1,1,43,1,10,6,27
3697,10,-2907367845123958963,0,7,7,31,1,6,5,13
3698,10,-1303582936680035625,0,1,1,37,2,4,2,11
3699,10,-5177960328763061979,0,6,6,31,9,1,1,4
3700,10,-2696593627145120522,0,3,3,36,2,7,5,17
3701,10,372566914958967628,0,2,2,38,2,6,5,14
3702,10,1084333227004354485,0,6,6,41,2,6,4,11
3703,10,5346120392450271232,0,9,9,40,1,6,2,18
3704,10,9198101980322370149,0,2,2,37,3,4,2,8
3705,10,-8488146565082424239,0,1,1,36,3,3,2,4
3706,10,-3655855431369343616,0,0,0,37,1,6,1,13
3707,10,4573352710270016020,0,1,1,34,7,4,3,14
3708,10,-5554002021783011400,0,1,1,33,1,7,4,16
3709,10,6003871274639551773,0,5,5,39,5,2,1,7
3710,10,896310255068702797,0,6,6,35,3,4,3,5
3711,10,4973955615651811244,0,5,5,35,5,5,3,15
3712,10,7165839955141782174,0,3,3,35,1,3,1,8
3713,10,-6684423063930168793,0,3,3,41,4,3,1,5
3714,10,5081763862346299139,0,3,3,34,5,3,1,9
3715,10,4634280110133819913,0,4,4,35,5,5,3,16
3716,10,-2276041913788740391,0,5,5,34,3,3,1,10
3717,10,-1784490398631435238,0,5,5,35,1,5,3,13
3718,10,-5928418379016119843,0,1,1,40,3,5,1,13
3719,10,5814388993324905952,0,3,3,35,2,4,3,14
3720,10,-8333611338841474371,0,2,2,41,1,3,2,8
3721,10,3981406061590968917,0,5,5,33,2,4,3,16
3722,10,1383151784559849708,0,9,9,34,4,9,6,18
3723,10,8773010979334374873,0,2,2,38,1,4,2,8
3724,10,8165766236434014645,0,2,2,36,3,5,3,15
3725,10,-8294538476794356375,0,5,5,34,5,3,2,6
3726,10,7698699568197956243,0,8,8,35,1,5,3,15
3727,10,2653350741330042129,0,6,6,36,1,4,3,5
3728,10,3962125708379084479,0,4,4,40,2,5,2,11
3729,10,1511104605381513631,0,3,3,41,3,4,2,7
3730,10,8588378194130592265,0,9,9,39,1,5,2,13
3731,10,4928979488229865881,0,4,4,37,3,4,2,9
3732,10,-7970545500360608533,0,5,5,33,7,2,2,2
3733,10,2265756203141243248,0,6,6,34,5,3,2,6
3734,10,-2134946836961503782,0,1,1,34,7,4,3,7
3735,10,-4004752223151059212,0,7,7,34,4,2,1,7
3736,10,6764231411648105439,0,3,3,35,1,6,3,17
3737,10,1851972695486902283,0,5,5,34,2,2,1,3
3738,10,-3770023974526038426,0,4,4,33,4,4,3,15
3739,10,4508580327586627741,0,5,5,39,2,4,2,9
3740,10,5300133173034786390,0,5,5,38,1,3,2,6
3741,10,-5790702560298935342,0,2,2,36,3,4,2,12
3742,10,-7258968918598427551,0,7,7,37,2,7,4,17
3743,10,-1289846414995821441,0,7,7,40,1,4,3,6
3744,10,799938503104327836,0,7,7,33,1,4,2,9
3745,10,-6339887284020694819,0,2,2,33,6,7,5,22
3746,10,-4620003039930656942,0,6,6,40,1,7,4,16
3747,10,8851805673907225979,0,3,3,37,1,8,4,23
3748,10,-1161607212778510572,0,8,8,34,4,5,3,13
3749,10,5834115218699185013,0,2,2,35,2,5,3,12
3750,10,-3106534684281347052,0,3,3,37,7,3,2,6
3751,10,2257813823468305894,0,5,5,38,6,4,2,16
3752,10,-4995087363884731213,0,5,5,34,1,9,5,23
3753,10,6461442110048750234,0,1,1,34,1,6,4,17
3754,10,-8020261415205811369,0,1,1,34,6,3,2,8
3755,10,-2718742513271832056,0,3,3,39,2,5,3,10
3756,10,-7454221707321927294,0,8,8,35,5,3,2,7
3757,10,-4136275449962974594,0,5,5,35,8,3,2,8
3758,10,-4140664329660227553,0,4,4,36,3,5,3,17
3759,10,9205764235870077598,0,1,1,36,2,4,3,8
3760,10,4503968492323860767,0,7,7,35,3,2,1,5
3761,10,5028929620034232072,0,1,1,37,6,6,4,8
3762,10,-5170801861750442428,0,6,6,40,1,5,2,9
3763,10,8863186744972496728,0,5,5,34,3,4,3,11
3764,10,1806388045447319868,0,4,4,35,5,1,1,4
3765,10,-8568373072836401582,0,4,4,42,3,6,4,14
3766,10,-1205968619918137103,0,6,6,34,4,3,2,8
3767,10,3562870879744524636,0,6,6,39,1,3,1,5
3768,10,-3099404739057125345,0,3,3,34,2,5,3,15
3769,10,8382492508093303596,0,6,6,36,1,3,2,10
3770,10,-3004536529581854426,0,8,8,38,1,7,5,13
3771,10,7240271743992739265,0,5,5,36,1,5,3,13
3772,10,7965795821481806625,0,2,2,38,3,4,2,7
3773,10,-2461713013436883050,0,3,3,33,2,4,2,13
3774,10,6279920053783071798,0,5,5,34,3,9,5,28
3775,10,-6684294522899654635,0,8,8,33,2,4,3,18
3776,10,7155356496941622575,0,8,8,37,1,7,5,16
3777,10,6326194763261785929,0,0,0,38,5,7,4,17
3778,10,-3267204684006378935,0,8,8,43,3,4,3,4
3779,10,-2729215369887564584,0,6,6,38,3,4,3,9
3780,10,-7480980889664719540,0,3,3,36,6,4,3,10
3781,10,-482425399715206609,0,7,7,35,7,4,4,10
3782,10,-2093155136659055397,0,6,6,36,2,4,1,5
3783,10,5912437721900207102,0,8,8,35,7,7,5,19
3784,10,308872688472141069,0,5,5,34,3,4,2,10
3785,10,7365579595651049191,0,1,1,40,1,7,4,12
3786,10,8811168244860509499,0,6,6,41,2,7,3,7
3787,10,-176489975114237071,0,5,5,35,4,6,4,12
3788,10,3950710535395999515,0,6,6,34,1,8,5,25
3789,10,7279722977281185090,0,1,1,36,1,5,3,14
3790,10,1954368843808817933,0,6,6,37,4,7,5,19
3791,10,-4162411212421834355,0,4,4,38,1,7,2,13
3792,10,6700728848728747445,0,2,2,41,7,3,1,6
3793,10,3057333069046859977,0,5,5,37,2,5,2,11
3794,10,1761723715654669001,0,7,7,35,1,3,1,6
3795,10,-6248444613794568285,0,3,3,34,4,2,1,6
3796,10,-9025237398807074517,0,7,7,28,5,2,1,6
3797,10,2475819116238930740,0,6,6,38,4,5,3,10
3798,10,522621932268555322,0,6,6,36,3,3,1,4
3799,10,-3032442323078708106,0,5,5,40,2,5,2,10
3800,10,7482922999203577444,0,1,1,38,1,4,3,9
3801,10,7390043517513664244,0,4,4,36,5,3,3,9
3802,10,-3692820374739877633,0,9,9,38,4,5,4,12
3803,10,-5979888705333483840,0,1,1,34,2,4,2,7
3804,10,7529173057018729817,0,6,6,40,1,3,1,7
3805,10,4828666312438790570,0,6,6,40,4,5,2,16
3806,10,-80641429679195379,0,4,4,38,5,4,2,5
3807,10,8458290724159055790,0,9,9,41,3,5,2,11
3808,10,-6377894548018020456,0,6,6,37,4,7,4,19
3809,10,2365113757919860397,0,3,3,36,1,7,5,21
3810,10,-6992139299353627861,0,4,4,35,1,4,3,16
3811,10,-3146952239531598496,0,2,2,40,1,6,3,9
3812,10,-2458844943864817983,0,2,2,37,3,5,2,8
3813,10,-1128801510125047415,0,2,2,39,2,9,6,22
3814,10,-8020034494541817996,0,5,5,36,1,5,3,17
3815,10,-7028133904811211414,0,3,3,38,3,8,4,21
3816,10,-992753902650348788,0,3,3,35,2,3,2,6
3817,10,-5506549142605150085,0,6,6,36,3,8,5,20
3818,10,-7938489593882500647,0,3,3,35,1,5,2,12
3819,10,6990264895619104598,0,0,0,40,7,7,5,11
3820,10,-4597359676678241854,0,3,3,38,7,4,2,9
3821,10,1900890347071235830,0,3,3,37,1,3,1,9
3822,10,-2222552960281395555,0,2,2,30,2,3,2,7
3823,10,1725569668585707296,0,2,2,37,2,3,1,6
3824,10,5124773445651112896,0,2,2,37,1,6,3,14
3825,10,4153618514530506784,0,6,6,35,4,3,1,10
3826,10,3871849464095359703,0,1,1,42,1,4,1,6
3827,10,-2175479399001841736,0,7,7,39,1,4,1,11
3828,10,-3711980406624814089,0,7,7,37,4,7,4,18
3829,10,5167971121836337493,0,3,3,38,4,4,1,11
3830,10,2409475561580655347,0,2,2,35,2,3,2,9
3831,10,2736867050776960388,0,4,4,35,3,5,2,12
3832,10,6756540623776712174,0,3,3,33,4,3,1,9
3833,10,-1163735958464955229,0,4,4,37,5,5,2,13
3834,10,8952764504282634545,0,3,3,40,6,2,1,9
3835,10,-8160462576978902821,0,8,8,37,1,10,7,30
3836,10,-9010496673539634114,0,0,0,37,2,4,1,8
3837,10,4542281617365494605,0,1,1,37,5,5,2,15
3838,10,-10349071631553499,0,6,6,35,3,5,3,11
3839,10,7820286281702682763,0,2,2,37,2,5,3,10
3840,10,-2187918505521170667,0,6,6,32,2,4,2,11
3841,10,7272246649584449609,0,5,5,36,3,6,3,14
3842,10,-3632607107090299595,0,1,1,40,2,6,3,16
3843,10,-7785725170193456045,0,4,4,38,4,4,2,11
3844,10,474385115120052916,0,5,5,37,3,4,2,10
3845,10,-8972837111445466430,0,7,7,36,2,2,1,5
3846,10,3646916579815302942,0,3,3,35,3,4,2,8
3847,10,-8300732293662371990,0,8,8,39,1,6,3,15
3848,10,-8493556577723943439,0,2,2,42,3,4,2,10
3849,10,-8029206804231772010,0,6,6,34,2,3,1,8
3850,10,-6847872989639830416,0,8,8,35,5,2,1,7
3851,10,-867970863658853641,0,1,1,35,6,2,1,6
3852,10,5320408550049616054,0,5,5,32,5,6,4,18
3853,10,-2538620267505760040,0,6,6,35,8,2,1,5
3854,10,9075975052306658829,0,5,5,36,3,3,1,8
3855,10,5098182852428132502,0,5,5,35,7,5,3,16
3856,10,-9207615521470272896,0,8,8,37,1,7,3,15
3857,10,3089641431793702479,0,0,0,33,8,3,1,8
3858,10,1787247256381149614,0,4,4,36,3,4,1,11
3859,10,-1543427922518879015,0,6,6,34,2,4,2,12
3860,10,1838517430382987488,0,5,5,40,1,6,2,12
3861,10,7213863126175074806,0,2,2,37,2,6,3,14
3862,10,-2973048306326597538,0,7,7,37,2,5,3,10
3863,10,2847694829515346373,0,0,0,37,2,5,2,13
3864,10,-4411894533325015554,0,4,4,39,1,8,5,17
3865,10,-2527316056525699718,0,5,5,38,2,6,3,14
3866,10,7195251971090093309,0,4,4,36,8,1,1,2
3867,10,-483334434817527471,0,5,5,33,4,3,1,10
3868,10,-2971158179524870383,0,7,7,40,2,7,3,14
3869,10,-3543656460637227585,0,8,8,36,4,6,3,20
3870,10,-9052734604872392002,0,5,5,35,6,3,2,10
3871,10,1006218960881649642,0,5,5,34,5,4,2,14
3872,10,8826164776676901608,0,4,4,36,4,9,6,20
3873,10,2574397574398788955,0,4,4,36,2,5,2,9
3874,10,-2001290289059261527,0,6,6,35,4,8,5,22
3875,10,437791572616515314,0,1,1,33,1,3,1,10
3876,10,-1064868915000700828,0,1,1,36,7,3,2,5
3877,10,-1170992585168281830,0,5,5,41,3,7,4,18
3878,10,6132910168755265306,0,3,3,38,8,2,1,7
3879,10,1020307825355755324,0,6,6,38,7,6,4,9
3880,10,7960909977024206075,0,3,3,41,2,7,3,14
3881,10,-116800529080254344,0,5,5,41,2,5,3,12
3882,10,6721377430591402048,0,4,4,36,1,5,3,10
3883,10,3879294932408638354,0,4,4,35,6,4,2,7
3884,10,8234299227686853431,0,9,9,41,1,4,1,13
3885,10,-6307724957435782102,0,1,1,36,6,2,1,2
3886,10,8059198631499205791,0,1,1,40,2,5,2,8
3887,10,9002186336097426224,0,8,8,43,8,3,2,8
3888,10,757398747650054453,0,4,4,34,5,4,3,10
3889,10,-4574542415323296619,0,8,8,34,4,3,1,7
3890,10,-6239426514371114354,0,5,5,40,1,5,3,14
3891,10,7732638109358826566,0,0,0,37,1,7,3,19
3892,10,3062689396807028519,0,4,4,36,1,11,8,25
3893,10,-4381450001756252587,0,8,8,31,5,5,3,13
3894,10,2172704579145766842,0,5,5,35,2,5,2,19
3895,10,3199002534995912313,0,7,7,33,4,3,2,7
3896,10,-6351437471401871918,0,6,6,36,4,6,4,14
3897,10,-6772937705519760712,0,7,7,36,2,4,2,9
3898,10,-5133709216332230751,0,5,5,32,5,2,1,4
3899,10,-7818126621128530590,0,7,7,38,1,8,4,27
3900,10,5926071182195162385,0,5,5,37,2,4,2,10
3901,10,7966457783321434689,0,3,3,36,1,7,4,19
3902,10,-5343797922203983336,0,3,3,32,4,2,1,7
3903,10,2487951233573241613,0,8,8,38,2,3,1,9
3904,10,706957531120720464,0,7,7,36,5,5,2,13
3905,10,-1950478476491020507,0,7,7,36,2,6,3,14
3906,10,-2756470578144343610,0,5,5,39,1,6,2,15
3907,10,2926100152366357116,0,7,7,34,1,7,4,21
3908,10,-5889323317935380719,0,3,3,35,4,4,2,11
3909,10,6053867085960783825,0,6,6,37,4,3,1,10
3910,10,-7434801583013358938,0,6,6,37,2,6,3,14
3911,10,5961487742106790434,0,5,5,36,5,4,2,11
3912,10,4528204824162520939,0,5,5,38,2,3,1,11
3913,10,-6138213071427270302,0,4,4,40,1,4,3,8
3914,10,-8316549701739401079,0,1,1,42,2,4,1,12
3915,10,-7746496580060180887,0,7,7,31,3,3,2,8
3916,10,-8526666077017386874,0,5,5,41,1,5,2,15
3917,10,-9069535276861128149,0,3,3,32,1,3,2,11
3918,10,-5014584673697307246,0,3,3,41,3,4,2,11
3919,10,2553648922679249964,0,6,6,36,1,4,2,13
3920,10,6295836108904580896,0,4,4,36,1,3,1,9
3921,10,-3305342528073464781,0,4,4,41,2,3,1,11
3922,10,7104594469664929976,0,5,5,43,1,6,2,11
3923,10,6605459028473342781,0,1,1,40,2,3,1,9
3924,10,1570911281004580363,0,2,2,40,1,8,4,17
3925,10,-6658355405601931340,0,0,0,40,1,7,4,17
3926,10,5259235120124132423,0,9,9,34,3,4,2,12
3927,10,-3984232309352734496,0,2,2,35,1,6,3,16
3928,10,-6685701332144116564,0,4,4,41,1,4,1,9
3929,10,8435131475424277917,0,5,5,34,1,2,1,6
3930,10,-6162668662361004961,0,2,2,34,4,4,3,12
3931,10,4162048308099910222,0,7,7,37,2,8,6,19
3932,10,103294894418580862,0,8,8,31,5,1,1,2
3933,10,4320877378676120081,0,1,1,27,7,4,4,6
3934,10,6707094167705841012,0,4,4,37,2,11,7,25
3935,10,-4838446930133551308,0,6,6,32,1,4,2,15
3936,10,7396696240343725197,0,2,2,39,1,4,2,9
3937,10,-2122330488511052058,0,6,6,38,2,4,1,6
3938,10,-1554549002274106676,0,6,6,41,1,8,5,17
3939,10,-7455439943188708303,0,5,5,35,3,3,1,8
3940,10,6341622254362365436,0,1,1,41,1,6,3,8
3941,10,-2073145438976672217,0,7,7,39,3,4,2,12
3942,10,-3544555330801478396,0,8,8,36,4,5,3,10
3943,10,-2299829714225691301,0,0,0,36,1,5,2,16
3944,10,4043438721561472127,0,8,8,35,2,4,1,8
3945,10,3067528357458754707,0,3,3,36,1,8,5,23
3946,10,7579345852390314124,0,5,5,37,7,1,1,3
3947,10,750623384057921723,0,3,3,40,3,4,1,9
3948,10,-429235904396451871,0,4,4,35,3,4,3,10
3949,10,-5107542660796621797,0,3,3,33,1,6,3,18
3950,10,-7872849016556346330,0,1,1,31,7,3,1,13
3951,10,587641369869007052,0,7,7,38,4,4,1,12
3952,10,8616398772039207808,0,5,5,39,3,5,2,17
3953,10,-7585589561894582680,0,6,6,39,2,7,5,21
3954,10,5111789328896845675,0,8,8,33,5,6,3,18
3955,10,-5654888879398926592,0,0,0,36,7,3,1,10
3956,10,4589055026460345548,0,7,7,33,1,5,3,14
3957,10,-8562921420327241902,0,6,6,33,6,7,4,24
3958,10,4548849016175391046,0,5,5,32,4,3,1,5
3959,10,651596439425025595,0,6,6,32,3,6,4,16
3960,10,-8033040831945178677,0,6,6,38,5,5,2,15
3961,10,-6336669438108184726,0,2,2,42,3,5,2,10
3962,10,-1790989757050311050,0,9,9,32,4,6,3,17
3963,10,-4884407777276261034,0,6,6,38,3,4,1,8
3964,10,-7609571452516313192,0,5,5,37,1,5,1,13
3965,10,6380625720139413105,0,1,1,42,2,4,2,6
3966,10,-7311772549138397168,0,5,5,38,1,4,2,14
3967,10,9196324181470673309,0,8,8,35,4,6,3,13
3968,10,-607334946091841312,0,9,9,36,8,2,1,2
3969,10,8297107946045378015,0,7,7,40,5,2,1,5
3970,10,-6037623686928999940,0,1,1,36,4,3,1,8
3971,10,6930010930504157522,0,3,3,35,2,5,2,11
3972,10,3082305150114243683,0,4,4,40,4,9,6,17
3973,10,6247128429280424797,0,6,6,35,7,6,5,11
3974,10,6113316116199766387,0,7,7,40,2,3,2,6
3975,10,-1773708576042121688,0,1,1,36,6,3,2,7
3976,10,1497725147356885881,0,0,0,38,2,8,4,23
3977,10,8319828516271838027,0,1,1,34,1,4,2,12
3978,10,5051406847592991623,0,4,4,34,3,4,2,13
3979,10,-218001042413011000,0,3,3,35,3,3,1,10
3980,10,-1186191315544655734,0,4,4,34,8,3,3,5
3981,10,7613139115830659899,0,7,7,36,2,6,5,15
3982,10,5454534100910730139,0,7,7,38,3,3,1,8
3983,10,-4314106870688262577,0,2,2,38,2,3,2,7
3984,10,-8391296009930343019,0,3,3,36,6,2,1,3
3985,10,3387659263437495412,0,0,0,32,3,7,4,23
3986,10,1499823741735920103,0,4,4,33,1,3,1,5
3987,10,5706728400446657742,0,1,1,37,4,6,4,19
3988,10,-7881759740475690326,0,7,7,38,2,6,3,12
3989,10,-3514986289148121488,0,2,2,35,1,2,1,5
3990,10,-339931218393044491,0,7,7,31,5,1,1,2
3991,10,-1677442248101585975,0,5,5,36,2,5,3,14
3992,10,-7988537895147250576,0,6,6,37,1,4,1,9
3993,10,4844385868677751134,0,4,4,33,3,4,2,11
3994,10,6899197214892214567,0,5,5,35,1,9,5,21
3995,10,-2519726739550037063,0,6,6,39,2,4,1,9
3996,10,3561244884040815264,0,3,3,38,2,8,4,16
3997,10,-8369623239397658464,0,7,7,35,1,5,3,9
3998,10,-251289702583601874,0,2,2,34,1,7,4,20
3999,10,2581317529655074698,0,7,7,34,3,3,2,9
4000,10,4821968183170256519,0,5,5,36,1,8,5,16
4001,10,-5468108195314948786,0,4,4,34,7,3,2,6
4002,10,7130850608751069844,0,6,6,33,3,3,1,9
4003,10,390384772010944285,0,6,6,36,4,3,1,10
4004,10,-2506397252449728120,0,9,9,35,1,7,5,19
4005,10,-6895049201194624846,0,0,0,32,3,7,4,22
4006,10,-5647773049938668748,0,4,4,33,4,5,3,16
4007,10,-2617962547407072825,0,3,3,36,5,5,3,12
4008,10,3255525860381240216,0,4,4,36,4,8,5,16
4009,10,-7589260834494789942,0,7,7,37,3,4,1,10
4010,10,8311161089618959548,0,4,4,36,1,3,1,9
4011,10,6534556263113251024,0,9,9,35,1,8,6,20
4012,10,4659494792683735489,0,1,1,38,3,3,1,9
4013,10,4549473467882909898,0,3,3,31,5,1,1,2
4014,10,-9069643738872635598,0,6,6,34,1,6,3,16
4015,10,7049855551300311542,0,7,7,33,6,2,2,6
4016,10,8330411314230637727,0,6,6,38,1,2,1,2
4017,10,8043048226429964183,0,4,4,34,1,5,3,11
4018,10,-4998731069114305684,0,6,6,41,2,3,2,8
4019,10,3582701915940942311,0,1,1,31,2,8,6,20
4020,10,-613263772631574810,0,3,3,36,3,5,2,15
4021,10,8848462822727259724,0,4,4,33,4,3,1,12
4022,10,5132475830207650198,0,8,8,36,3,4,2,15
4023,10,579912161214899914,0,4,4,32,5,4,3,12
4024,10,5505698770868954074,0,6,6,36,2,2,1,4
4025,10,-2357047999757712199,0,0,0,34,1,5,3,14
4026,10,5502495810746355632,0,6,6,37,1,6,3,10
4027,10,-8168397503197896009,0,0,0,36,4,6,3,16
4028,10,7587616745970980309,0,2,2,42,1,8,4,11
4029,10,2715206025751136735,0,4,4,34,2,9,5,23
4030,10,-3927831477943699442,0,6,6,33,1,7,5,15
4031,10,4537965854557994554,0,7,7,33,7,2,1,7
4032,10,-4679684681332310844,0,3,3,34,6,5,3,16
4033,10,8351820468499478133,0,1,1,31,6,2,1,6
4034,10,-7731863652970819626,0,5,5,34,4,3,2,11
4035,10,-2882834705074562348,0,8,8,39,1,4,2,11
4036,10,4073468940336258218,0,2,2,42,1,9,4,13
4037,10,-2535151999024185498,0,5,5,37,3,3,1,8
4038,10,8146999747003479429,0,4,4,39,4,4,2,7
4039,10,5193672660513951098,0,4,4,36,2,3,1,8
4040,10,-2903293810447148004,0,1,1,37,1,4,2,11
4041,10,-4969139868325883823,0,3,3,34,4,3,2,9
4042,10,7070944733743316843,0,2,2,38,1,4,2,7
4043,10,-471488710487631596,0,1,1,36,3,4,2,10
4044,10,-7598744543877578044,0,7,7,40,2,5,3,10
4045,10,8529606840452591112,0,2,2,39,5,9,6,26
4046,10,-8562484847477693910,0,8,8,35,2,4,2,8
4047,10,4858242472748808447,0,5,5,35,5,3,2,3
4048,10,-4595125254396999713,0,2,2,42,4,3,1,7
4049,10,-1486254383937165039,0,2,2,37,4,5,3,12
4050,10,798727097808922427,0,3,3,35,1,4,2,9
4051,10,-2372506112164775028,0,4,4,32,1,4,2,6
4052,10,999365047718572222,0,2,2,34,2,4,3,8
4053,10,5541596842447986728,0,6,6,36,3,4,2,12
4054,10,-5183737766888082583,0,3,3,30,1,4,2,12
4055,10,-6732682006990820225,0,1,1,40,4,6,4,9
4056,10,8061687911851818825,0,2,2,37,3,4,1,7
4057,10,-4632179686745484613,0,6,6,35,1,5,2,14
4058,10,8101662334035631443,0,6,6,33,5,2,1,4
4059,10,8213825613590679440,0,2,2,36,4,4,2,12
4060,10,-7814089542706843529,0,2,2,36,6,4,3,9
4061,10,2334610633431270252,0,9,9,36,8,2,1,9
4062,10,-8336712600406060050,0,5,5,36,1,8,4,21
4063,10,5289977174883920621,0,0,0,34,2,6,3,12
4064,10,-2116578001232606505,0,7,7,30,3,4,2,15
4065,10,6649430335273183891,0,5,5,36,6,3,2,6
4066,10,-2459609847571573503,0,2,2,32,7,2,2,6
4067,10,9201860255671542198,0,5,5,38,2,4,2,7
4068,10,-1100843387562361590,0,3,3,35,2,6,4,13
4069,10,-8787447925015414598,0,5,5,32,3,8,5,24
4070,10,4648795837850399656,0,4,4,35,1,3,1,10
4071,10,-1865411428738457984,0,1,1,34,2,4,2,11
4072,10,657252581769825350,0,3,3,34,4,5,3,14
4073,10,6286229706178947359,0,3,3,41,2,4,1,6
4074,10,661164278229708498,0,4,4,43,2,6,3,8
4075,10,3807460455658737107,0,7,7,35,2,3,1,9
4076,10,-3085345793007660331,0,2,2,34,1,5,2,13
4077,10,2292963974138078261,0,5,5,39,1,2,1,7
4078,10,1616982586562353091,0,0,0,32,1,7,4,20
4079,10,5256953616902006956,0,8,8,32,4,3,2,10
4080,10,-2141149463557910892,0,1,1,35,1,5,3,12
4081,10,4434464206255043107,0,3,3,32,3,5,3,12
4082,10,-5662077577751443309,0,3,3,38,5,4,2,5
4083,10,1473441295604977404,0,1,1,37,4,6,3,19
4084,10,2612775664338665333,0,6,6,37,3,3,2,7
4085,10,1496714143979027779,0,6,6,36,2,3,1,8
4086,10,-1552578819669153108,0,2,2,41,3,4,2,8
4087,10,-4229811942929403354,0,7,7,36,2,5,3,13
4088,10,8038880351590438397,0,5,5,33,1,6,3,15
4089,10,3241396444012815524,0,8,8,39,1,7,5,16
4090,10,-6989753623843025585,0,3,3,35,7,3,2,8
4091,10,-7725072487303475323,0,7,7,36,1,7,3,20
4092,10,5528321148568170950,0,3,3,38,2,6,4,15
4093,10,-8997367674208362871,0,2,2,35,1,3,2,10
4094,10,-2274656976207655920,0,4,4,31,5,3,2,10
4095,10,-1981131043092464924,0,0,0,31,2,6,3,18
4096,10,8415911152649727998,0,2,2,38,1,8,4,19
4097,10,6670066791749954280,0,3,3,38,4,6,4,16
4098,10,401132406663447894,0,9,9,39,2,6,2,17
4099,10,-3842351961579849468,0,7,7,33,2,2,1,6
4100,10,-4838409390898509337,0,5,5,42,8,3,2,7
4101,10,-1931954644674931220,0,7,7,34,4,6,3,20
4102,10,5406380933868462300,0,7,7,39,4,4,2,10
4103,10,-872752245282854375,0,3,3,37,1,5,3,11
4104,10,3801211830127035221,0,6,6,31,4,6,3,22
4105,10,-6045890390298867084,0,3,3,35,2,8,4,25
4106,10,-8580987729732770253,0,3,3,35,2,4,2,12
4107,10,-3727283577819331507,0,7,7,38,4,2,1,6
4108,10,-4346133261772297933,0,5,5,37,4,5,3,10
4109,10,-6784018263452830574,0,2,2,35,6,5,2,14
4110,10,3338155128952709950,0,3,3,36,5,2,1,3
4111,10,3939987267555663420,0,5,5,36,1,5,2,13
4112,10,-7256478610602909698,0,3,3,32,2,3,1,4
4113,10,-7777040839149620212,0,4,4,41,2,4,1,12
4114,10,7326430774005490356,0,4,4,38,1,8,6,21
4115,10,-5441754594454713993,0,8,8,36,2,5,2,14
4116,10,8095195391948374600,0,8,8,30,3,3,1,11
4117,10,4762431432559042270,0,1,1,37,6,6,4,14
4118,10,-79561439215045983,0,0,0,36,6,6,3,15
4119,10,-4250476123095433983,0,6,6,37,3,4,1,12
4120,10,-8778058767970349258,0,3,3,40,1,4,1,8
4121,10,1067840081485124533,0,7,7,41,1,5,3,18
4122,10,9147614006537763557,0,4,4,40,6,3,2,4
4123,10,8054716387796324309,0,9,9,39,1,3,1,10
4124,10,4651709315768461571,0,1,1,37,5,7,6,17
4125,10,292458060797582454,0,4,4,38,5,2,1,6
4126,10,9096163759399461811,0,3,3,35,3,3,1,9
4127,10,6984444143369995101,0,8,8,37,2,6,2,12
4128,10,2125621035636482939,0,1,1,33,2,3,1,8
4129,10,6045969191341465781,0,6,6,37,3,7,6,17
4130,10,5895819937956482068,0,4,4,38,3,4,2,7
4131,10,-4926593111466631684,0,4,4,39,3,3,2,11
4132,10,-5815781840166788480,0,3,3,36,1,4,1,12
4133,10,-4250637870161483714,0,7,7,38,2,7,3,16
4134,10,-3055340225468379038,0,7,7,41,6,4,3,7
4135,10,-3863883069571525242,0,5,5,34,4,4,3,6
4136,10,7838036578512849033,0,3,3,35,2,3,1,8
4137,10,9137432219398761872,0,2,2,33,1,3,2,6
4138,10,1135613195312324813,0,4,4,33,6,2,1,5
4139,10,96770685582019011,0,4,4,34,2,3,1,7
4140,10,-825966571826989794,0,6,6,35,4,2,1,5
4141,10,8862552695643390045,0,4,4,33,4,8,6,20
4142,10,5780890831942854617,0,3,3,38,1,5,2,10
4143,10,6575759339915611888,0,7,7,44,1,6,1,12
4144,10,-5931632248189988003,0,2,2,32,1,5,4,17
4145,10,8780884954983430156,0,6,6,36,1,6,3,15
4146,10,6983166465213530334,0,4,4,34,2,7,3,23
4147,10,-755388187835660227,0,5,5,34,5,1,1,2
4148,10,-8702132540832860040,0,6,6,40,3,4,2,11
4149,10,-5239695247566358985,0,1,1,36,1,6,4,10
4150,10,6193367285353594503,0,5,5,41,1,5,3,8
4151,10,-832099687667035569,0,5,5,36,5,2,1,5
4152,10,-762573322816089547,0,7,7,33,4,6,3,12
4153,10,-4146876950301542099,0,6,6,42,2,6,2,16
4154,10,-8122248205648772781,0,5,5,40,1,4,2,8
4155,10,2662735969250622912,0,4,4,30,3,9,6,29
4156,10,3626028556526953837,0,2,2,37,1,7,4,13
4157,10,-1541013801137275279,0,1,1,35,3,4,2,10
4158,10,-8704222282021216744,0,3,3,35,1,5,2,13
4159,10,-8870255245371041382,0,7,7,38,6,5,3,9
4160,10,3869831413738609805,0,3,3,38,2,7,4,12
4161,10,-324237694215850695,0,6,6,28,3,4,3,9
4162,10,2004152105818395771,0,4,4,35,3,4,2,9
4163,10,-2874986896488624672,0,5,5,41,1,4,1,9
4164,10,-3606222402162448872,0,4,4,35,3,3,1,12
4165,10,7215517131667439856,0,3,3,38,3,7,4,15
4166,10,1975593423814169976,0,5,5,33,6,2,1,3
4167,10,-5500505350647413242,0,3,3,36,6,1,1,1
4168,10,-4435359358936915166,0,6,6,36,1,3,1,9
4169,10,1383028687790115764,0,7,7,32,5,1,1,3
4170,10,-118865094285092384,0,8,8,32,5,4,3,7
4171,10,-718998528050697357,0,2,2,38,3,3,1,5
4172,10,-1308654730665024042,0,7,7,32,1,3,1,12
4173,10,4912434339750701272,0,1,1,32,3,3,1,9
4174,10,-2104488476903503658,0,4,4,33,6,5,3,12
4175,10,8504876297073979398,0,2,2,39,5,4,1,11
4176,10,-3673971478035595278,0,2,2,37,1,5,1,19
4177,10,-2235055019415222428,0,3,3,36,1,3,1,10
4178,10,1260483962464693842,0,4,4,36,1,5,2,7
4179,10,-3469120207257589618,0,3,3,33,3,5,4,12
4180,10,1565383043976503622,0,6,6,38,2,3,1,10
4181,10,-2613143134542334832,0,6,6,32,5,3,2,9
4182,10,-8322620942375927394,0,1,1,36,1,4,2,9
4183,10,-7306584106822568111,0,2,2,35,5,3,2,7
4184,10,-8778782352127752647,0,5,5,35,2,5,4,10
4185,10,5249797063251750477,0,0,0,38,5,6,3,14
4186,10,7734870588002335707,0,3,3,36,6,6,5,17
4187,10,-157022477532641658,0,6,6,38,3,4,1,10
4188,10,4973510445667415620,0,5,5,36,2,3,1,4
4189,10,3587263541261813180,0,3,3,36,2,5,2,11
4190,10,1312954764912983677,0,2,2,37,3,6,4,9
4191,10,-7894635549645958437,0,7,7,40,3,7,4,18
4192,10,-2907520895680884108,0,3,3,37,3,6,4,19
4193,10,1215633714692805044,0,3,3,34,3,5,2,11
4194,10,-6618960804125914677,0,1,1,39,5,5,2,13
4195,10,-5280978050223946257,0,5,5,36,4,3,2,9
4196,10,-1543991021993413652,0,3,3,37,1,6,3,13
4197,10,-6393064837404348096,0,6,6,39,1,7,5,16
4198,10,7646849987718284128,0,1,1,39,1,6,3,11
4199,10,86048695966916825,0,4,4,35,3,5,4,13
4200,10,-1847139367645554079,0,6,6,38,6,3,2,7
4201,10,7346424551034396191,0,6,6,31,4,6,4,16
4202,10,5462282848195693741,0,3,3,36,1,4,2,9
4203,10,5399020175411836575,0,6,6,35,4,4,2,14
4204,10,-7958207858461447524,0,4,4,34,6,6,5,17
4205,10,-937726819900879037,0,3,3,37,2,6,3,12
4206,10,-2291788449170101900,0,6,6,39,3,4,2,10
4207,10,-2503661939088165184,0,6,6,32,1,7,5,20
4208,10,-3584175994751091460,0,1,1,34,3,5,3,17
4209,10,7851352702108052306,0,2,2,42,3,5,2,10
4210,10,1104012985809548878,0,7,7,39,4,3,1,9
4211,10,-6052709703161821269,0,2,2,33,7,2,1,6
4212,10,-2843461695355323407,0,6,6,43,1,6,2,15
4213,10,-1293405992712533208,0,3,3,40,2,5,1,12
4214,10,-5188045181757198553,0,2,2,41,2,9,6,18
4215,10,2949049515221758278,0,3,3,41,3,4,2,8
4216,10,5245545008192082562,0,6,6,37,3,4,2,8
4217,10,8719959346320788563,0,5,5,39,5,2,2,4
4218,10,5698605285302224317,0,5,5,38,6,2,1,3
4219,10,3002372647758993256,0,4,4,33,3,3,2,12
4220,10,-8960232361520305464,0,2,2,39,9,2,2,2
4221,10,-1561576418465385578,0,7,7,35,4,2,1,7
4222,10,-591214720038582236,0,5,5,35,5,5,3,12
4223,10,-8242458111579093922,0,5,5,37,2,5,3,15
4224,10,3393756178168216689,0,7,7,35,5,2,1,8
4225,10,-4604779041568153754,0,2,2,39,1,7,4,13
4226,10,2815768729719576388,0,4,4,34,5,4,2,11
4227,10,-3645453565643226262,0,2,2,41,1,5,3,14
4228,10,-4976949246936470722,0,7,7,35,4,3,1,5
4229,10,-8394760245756851600,0,9,9,35,1,4,2,13
4230,10,9082605857984507225,0,3,3,44,1,9,6,17
4231,10,7063039475521702719,0,7,7,38,5,2,1,5
4232,10,627907005252728197,0,2,2,36,1,6,3,16
4233,10,-6419816116782342639,0,7,7,34,3,3,2,3
4234,10,3024039470649930867,0,6,6,41,2,5,2,14
4235,10,-175504626849400697,0,7,7,42,4,5,2,11
4236,10,-4195147029254999377,0,0,0,32,5,5,2,15
4237,10,6624130113606014172,0,6,6,33,2,5,2,13
4238,10,-4442311940050621196,0,9,9,37,5,4,2,6
4239,10,-1991084781228910499,0,4,4,32,1,7,4,19
4240,10,1732220863357018555,0,6,6,36,3,5,2,14
4241,10,-216390776967123688,0,6,6,36,3,4,3,7
4242,10,5770923765392745492,0,4,4,38,2,7,4,17
4243,10,5830219591043400403,0,5,5,40,1,8,3,21
4244,10,-3128473411274668103,0,4,4,43,1,5,2,5
4245,10,-7616082863908492480,0,6,6,35,5,2,1,7
4246,10,-2109167731581601184,0,4,4,40,3,2,1,4
4247,10,-5646993507710565011,0,5,5,33,2,3,2,11
4248,10,-7683692749637493167,0,2,2,40,3,4,3,10
4249,10,-4456375304453395327,0,8,8,35,2,4,2,9
4250,10,-2643985694421468617,0,5,5,35,2,3,2,5
4251,10,-4915307475916890715,0,7,7,35,2,8,5,22
4252,10,-6236440690190872006,0,3,3,42,1,6,3,13
4253,10,-2518736633932658369,0,8,8,36,4,7,5,14
4254,10,-2426661710139523508,0,2,2,41,3,8,4,25
4255,10,-4411130943459425435,0,4,4,38,6,3,2,7
4256,10,690697547758424514,0,2,2,38,2,5,3,12
4257,10,5625649148450015120,0,5,5,36,1,8,4,24
4258,10,3515881435017537575,0,4,4,40,3,5,2,11
4259,10,9203333948658205583,0,8,8,37,1,5,2,12
4260,10,3539266495672576845,0,6,6,35,4,4,2,9
4261,10,-2849689226121273921,0,5,5,40,6,5,3,12
4262,10,2195800659685435044,0,8,8,39,6,6,4,12
4263,10,8722973546042698361,0,5,5,34,8,2,2,6
4264,10,-467546319241298994,0,8,8,37,3,6,2,14
4265,10,-918155251723057974,0,5,5,37,9,2,2,2
4266,10,-1609701758271468430,0,1,1,35,2,7,5,15
4267,10,-8748872770848915863,0,3,3,38,2,5,3,15
4268,10,6698639754961907023,0,5,5,32,3,7,5,22
4269,10,-817564189851411739,0,4,4,41,1,6,3,15
4270,10,-5822822288927721836,0,3,3,39,3,7,4,17
4271,10,-9062996382303450594,0,7,7,30,1,6,3,24
4272,10,5971494914094040431,0,8,8,35,3,3,2,8
4273,10,8520104289530287605,0,5,5,36,4,2,1,8
4274,10,-7240121764014701852,0,5,5,33,4,3,2,7
4275,10,1314610732869924679,0,6,6,36,5,3,1,11
4276,10,-3516856215062264865,0,5,5,39,5,4,2,8
4277,10,-5166768877937539562,0,8,8,36,4,2,1,7
4278,10,-4032919837093669237,0,4,4,36,3,6,3,21
4279,10,-7068320496252978935,0,5,5,37,1,6,3,14
4280,10,5470211609485398244,0,3,3,38,4,6,3,18
4281,10,-1007960562824157162,0,6,6,40,3,5,1,9
4282,10,1867592174602302603,0,6,6,33,1,5,4,12
4283,10,-1603634653831854467,0,9,9,38,1,4,2,9
4284,10,3037545932081249240,0,6,6,37,2,5,2,11
4285,10,7855041906148100087,0,6,6,35,1,3,1,7
4286,10,-8766923298449284043,0,2,2,33,3,3,1,10
4287,10,-8296522965591431889,0,3,3,37,2,4,2,7
4288,10,-6436592861092623959,0,6,6,39,4,3,1,8
4289,10,198557912255427441,0,3,3,40,2,7,3,17
4290,10,3576685880604911539,0,9,9,37,4,4,1,5
4291,10,7854784845134807968,0,4,4,41,3,3,1,5
4292,10,1425037314451805017,0,7,7,44,1,6,2,11
4293,10,1342980643705109613,0,4,4,38,4,5,3,15
4294,10,-441177626365541761,0,6,6,36,4,8,5,19
4295,10,-5524800946824207419,0,1,1,36,1,9,7,19
4296,10,-8584562588893154180,0,5,5,37,1,5,2,7
4297,10,5752379505652730763,0,7,7,31,6,2,1,6
4298,10,2229207343542521834,0,6,6,37,1,6,3,14
4299,10,4037331708518421895,0,4,4,35,2,2,1,8
4300,10,4480215718418729405,0,7,7,35,2,3,2,7
4301,10,-3010159321745948003,0,5,5,37,3,3,1,9
4302,10,-1952052878889014890,0,2,2,36,2,3,1,8
4303,10,3988861705989570881,0,4,4,38,1,7,3,23
4304,10,6443568076629442393,0,6,6,39,1,3,1,4
4305,10,-3601245982382756054,0,2,2,34,6,3,2,6
4306,10,4586387679695298044,0,2,2,36,1,6,4,10
4307,10,4512043718238765637,0,7,7,39,4,4,1,5
4308,10,460144068085837730,0,5,5,32,1,5,3,17
4309,10,-8806236424307110676,0,6,6,40,2,6,3,14
4310,10,-3417117633688815896,0,2,2,33,7,3,2,6
4311,10,-6616633314416045737,0,2,2,40,1,6,3,8
4312,10,6101975761576235389,0,2,2,36,2,5,2,15
4313,10,5985472883440425042,0,0,0,32,3,5,2,14
4314,10,-4455031926818549769,0,5,5,34,2,3,2,7
4315,10,-8529972825716015312,0,4,4,36,3,5,2,13
4316,10,8807938588794484453,0,4,4,38,3,4,2,9
4317,10,-5056035356116799233,0,3,3,34,4,4,1,10
4318,10,6250423031522164000,0,3,3,39,4,5,3,11
4319,10,6597628199737507580,0,0,0,37,1,5,2,12
4320,10,-4020750290900935834,0,2,2,30,5,2,1,5
4321,10,6010999233121324105,0,6,6,39,3,8,5,24
4322,10,5935250580775076136,0,7,7,32,1,5,3,16
4323,10,-93622593690828579,0,7,7,37,2,8,6,14
4324,10,-3000551220315749726,0,3,3,36,4,6,3,14
4325,10,-5934071507644352581,0,4,4,35,2,3,2,10
4326,10,-4454353811552496596,0,2,2,34,6,2,1,7
4327,10,6789419422841281638,0,7,7,36,5,2,1,6
4328,10,2826031258244720336,0,6,6,31,1,4,2,8
4329,10,-2066218123166995565,0,6,6,37,1,5,2,11
4330,10,383455340223838747,0,6,6,38,1,4,2,8
4331,10,-2624365590918755552,0,7,7,33,5,4,3,11
4332,10,-3648912375927359688,0,2,2,36,3,4,2,11
4333,10,-45945804505125564,0,7,7,39,1,6,4,14
4334,10,7364469387682605370,0,3,3,34,1,9,6,21
4335,10,3762349036213138184,0,7,7,33,1,7,5,21
4336,10,7548787326965294776,0,6,6,39,6,3,2,8
4337,10,6061229844934885878,0,4,4,38,5,6,4,14
4338,10,362183391300878494,0,2,2,35,4,4,2,10
4339,10,-3613693231054241521,0,3,3,39,1,5,2,6
4340,10,2962049493889452610,0,7,7,39,4,4,2,7
4341,10,-3403465810651025151,0,9,9,35,7,3,2,7
4342,10,5664263769281171125,0,4,4,39,3,4,2,8
4343,10,-119115721564810343,0,4,4,42,1,4,1,8
4344,10,6944608726134048603,0,3,3,32,4,4,2,13
4345,10,489903380239783542,0,6,6,34,6,6,4,10
4346,10,-4832501040123091010,0,7,7,36,1,5,3,13
4347,10,-3439544451495987969,0,9,9,31,4,5,3,16
4348,10,-7554397900729773410,0,7,7,34,2,5,3,18
4349,10,137306501521212822,0,5,5,33,3,3,2,8
4350,10,2961058534919572556,0,6,6,40,4,3,1,8
4351,10,-458702235364923891,0,1,1,37,3,2,1,8
4352,10,181984637366451767,0,5,5,37,7,3,2,8
4353,10,5541092287339379544,0,4,4,39,3,8,6,17
4354,10,-8617173807229313081,0,0,0,40,1,8,5,18
4355,10,3932058481923602564,0,6,6,37,7,4,3,7
4356,10,-5665800569432221591,0,3,3,39,1,4,2,7
4357,10,9109748335872286951,0,4,4,36,2,6,4,14
4358,10,-8574108346635899158,0,4,4,39,2,6,2,16
4359,10,-163291754595665511,0,0,0,33,2,8,4,20
4360,10,-4207904325369161208,0,1,1,39,1,9,6,23
4361,10,8111595961983852066,0,5,5,34,1,4,1,15
4362,10,2599219117875791430,0,8,8,37,2,4,2,13
4363,10,-8012064673619039116,0,0,0,33,4,5,3,7
4364,10,-7812592159157934848,0,3,3,32,7,2,1,6
4365,10,-2976653498316227557,0,2,2,33,2,5,3,9
4366,10,-1835457483639465794,0,4,4,36,3,2,1,5
4367,10,-4653464319892482894,0,6,6,38,2,3,1,5
4368,10,-8027098560412609844,0,4,4,40,1,5,2,8
4369,10,4394224253260519321,0,3,3,37,6,4,2,12
4370,10,7134178559617005065,0,4,4,37,1,7,3,28
4371,10,5708094428263469284,0,3,3,39,4,4,2,10
4372,10,-8107610355923561729,0,9,9,37,2,6,2,21
4373,10,-7084198404736588907,0,9,9,33,4,4,3,9
4374,10,-419241763606441676,0,5,5,36,6,1,1,1
4375,10,-2301111068452715250,0,3,3,37,4,2,1,5
4376,10,-1699550984632968769,0,8,8,36,3,4,2,8
4377,10,-6921353768104805440,0,9,9,35,1,6,3,13
4378,10,-1663403910816229603,0,8,8,33,5,9,6,29
4379,10,5731492356003124520,0,5,5,35,4,5,4,9
4380,10,-3484179576617492923,0,4,4,39,1,6,2,9
4381,10,4946803922639390460,0,5,5,43,4,4,2,9
4382,10,6183837242958386425,0,7,7,33,1,4,2,9
4383,10,1379114281117347745,0,5,5,38,2,6,3,17
4384,10,5532817933329033566,0,2,2,37,3,3,1,4
4385,10,4456061149043698143,0,2,2,40,2,4,1,7
4386,10,-1577325876199756082,0,6,6,35,1,6,3,14
4387,10,-4831168023301101609,0,4,4,34,3,4,2,11
4388,10,-387316537729911827,0,7,7,41,1,5,2,13
4389,10,7890006790892374323,0,5,5,35,1,3,2,7
4390,10,6623821729615390202,0,7,7,38,4,3,1,10
4391,10,-2109884598350913377,0,1,1,38,1,7,5,17
4392,10,-728755645095684761,0,2,2,36,7,2,1,5
4393,10,1208434638465047673,0,3,3,37,5,1,1,1
4394,10,3633077535606435754,0,8,8,40,1,6,3,16
4395,10,-1481725254247283004,0,8,8,36,1,6,4,16
4396,10,2828606469691163221,0,2,2,38,1,7,4,11
4397,10,-1369519867475980191,0,1,1,32,4,3,1,8
4398,10,-695185721075410076,0,2,2,37,4,4,2,10
4399,10,-2592210977513874560,0,9,9,35,1,5,3,13
4400,10,7174188259594279637,0,5,5,40,2,4,2,7
4401,10,7783563581804263763,0,6,6,37,1,5,3,12
4402,10,-866044928689944194,0,5,5,37,2,3,1,6
4403,10,1707206826584461060,0,6,6,32,3,4,2,12
4404,10,-5542884522950178534,0,2,2,34,4,5,4,16
4405,10,-740595301133249047,0,6,6,35,2,3,1,5
4406,10,-5949517100860690012,0,4,4,34,3,4,2,9
4407,10,3239862398393232118,0,6,6,39,1,3,1,4
4408,10,8011097237281763304,0,2,2,40,3,9,6,18
4409,10,-234564541363674766,0,1,1,31,6,2,1,4
4410,10,2228713887001426262,0,2,2,37,3,3,1,8
4411,10,3788373159419071726,0,4,4,30,8,1,1,3
4412,10,-3754436669181695720,0,3,3,38,2,4,2,11
4413,10,2649917735046362737,0,5,5,35,2,3,1,10
4414,10,34713083092507239,0,0,0,37,2,3,1,4
4415,10,-311430840040673032,0,5,5,34,1,4,2,14
4416,10,-3377091946807192550,0,6,6,39,2,2,1,3
4417,10,-6848506116699930339,0,8,8,35,1,6,3,17
4418,10,4825396325275883903,0,1,1,40,1,6,3,13
4419,10,3388985955860597781,0,4,4,38,1,3,1,7
4420,10,-4792728766473866130,0,8,8,36,2,6,3,16
4421,10,7583659606646964703,0,6,6,34,4,7,5,19
4422,10,2355307518515301530,0,4,4,40,4,4,1,12
4423,10,82542103305696953,0,2,2,36,2,4,1,7
4424,10,5405923290565386282,0,1,1,39,2,4,2,7
4425,10,3296856876941385686,0,8,8,42,4,4,3,7
4426,10,4310843261357158791,0,6,6,32,1,4,2,9
4427,10,5877517426575746894,0,6,6,38,1,6,3,20
4428,10,6084221367566138999,0,8,8,35,6,3,2,8
4429,10,-38648547847124138,0,5,5,33,4,4,2,13
4430,10,8027296367596770411,0,5,5,33,3,4,3,9
4431,10,3440802625477033136,0,2,2,37,2,3,1,6
4432,10,-1772149093440858604,0,0,0,37,5,5,3,16
4433,10,9065822113626271844,0,5,5,35,3,9,7,24
4434,10,2999865192958346811,0,9,9,40,4,7,2,20
4435,10,-5749380192564471632,0,4,4,37,3,3,1,6
4436,10,-1792509352270550062,0,2,2,36,2,3,1,10
4437,10,-503162515106858692,0,7,7,35,2,4,3,4
4438,10,6976434017561617221,0,2,2,30,7,3,3,3
4439,10,7991317766581439121,0,3,3,37,3,7,4,13
4440,10,18338123607077141,0,9,9,36,1,8,4,30
4441,10,7002447499879358668,0,7,7,39,2,5,3,11
4442,10,8513280707470780840,0,3,3,41,4,6,3,10
4443,10,-4178257489644811890,0,8,8,44,3,8,5,13
4444,10,-3036632094365875622,0,7,7,34,1,5,3,11
4445,10,757805785592386870,0,1,1,31,5,2,1,6
4446,10,-6626950360880521257,0,3,3,36,5,5,4,10
4447,10,-5429391161927155886,0,1,1,39,5,4,2,9
4448,10,-215465999975189077,0,3,3,36,1,4,1,8
4449,10,5136008199042804306,0,3,3,35,4,5,3,13
4450,10,-1736608152057214182,0,6,6,38,4,4,2,8
4451,10,-5976923140118060418,0,1,1,37,1,5,1,16
4452,10,-7844747825525769940,0,1,1,37,3,4,2,8
4453,10,-7483774586449978327,0,3,3,37,4,3,2,7
4454,10,-5656080279621421556,0,2,2,33,3,5,3,16
4455,10,456766446875451686,0,4,4,35,4,4,1,12
4456,10,-482615755840192110,0,1,1,35,2,6,4,14
4457,10,-4883741825394450053,0,8,8,35,3,4,2,10
4458,10,304592522762962718,0,2,2,34,5,3,2,5
4459,10,-7353533141740430508,0,5,5,32,3,5,3,14
4460,10,-8860609531508979545,0,5,5,38,2,6,3,14
4461,10,4175550334904733242,0,3,3,35,1,7,4,19
4462,10,2371284980275570451,0,6,6,37,5,4,3,8
4463,10,2971543221725097348,0,5,5,33,2,3,1,6
4464,10,-4229762541496198200,0,0,0,33,5,2,1,4
4465,10,1325342459908523533,0,2,2,35,4,3,2,8
4466,10,4696634478988588930,0,0,0,35,1,4,1,10
4467,10,-8941711542453155033,0,4,4,35,4,2,1,9
4468,10,5821877375746538087,0,5,5,37,1,8,3,22
4469,10,3526218371838951118,0,4,4,39,4,7,4,15
4470,10,7447724826340710744,0,6,6,33,3,5,3,11
4471,10,881667997809076512,0,5,5,38,5,2,1,2
4472,10,-1102322606985804663,0,2,2,38,1,6,3,9
4473,10,-3369756854749998324,0,6,6,41,4,2,1,3
4474,10,-4011172473682001069,0,8,8,34,4,5,3,15
4475,10,2469867152145021001,0,0,0,35,3,5,2,16
4476,10,7023697610181425480,0,7,7,38,3,6,3,9
4477,10,-8798506651722619766,0,8,8,39,2,3,1,6
4478,10,-2374104381926381433,0,7,7,37,5,5,3,12
4479,10,3711680757141827567,0,8,8,37,4,6,4,12
4480,10,-3360003077428148910,0,6,6,37,7,3,2,9
4481,10,-4439837778791575874,0,1,1,36,4,4,2,9
4482,10,-3783232813208883491,0,4,4,39,2,7,3,14
4483,10,-6297727247213303726,0,1,1,37,1,3,2,11
4484,10,-4987256740453818008,0,6,6,36,2,3,1,5
4485,10,-3818657841030321837,0,1,1,34,3,6,4,11
4486,10,4128009488208672143,0,3,3,36,1,6,3,21
4487,10,-5819589073867651801,0,7,7,37,4,2,1,3
4488,10,-5288655701201043232,0,2,2,38,7,2,1,8
4489,10,-5331112289362109785,0,4,4,31,4,5,3,15
4490,10,-6031875108906112082,0,0,0,34,3,10,6,30
4491,10,-1569102273204801515,0,8,8,36,3,4,3,7
4492,10,7572030128459534372,0,7,7,34,4,2,1,5
4493,10,-5101626358848226738,0,7,7,38,2,8,6,13
4494,10,-4909544427309468004,0,8,8,39,1,9,5,17
4495,10,7371883830174442299,0,1,1,40,2,10,7,25
4496,10,-5039902670702935247,0,2,2,40,3,7,5,20
4497,10,6302942028152259469,0,7,7,33,1,5,3,14
4498,10,8620603271610017938,0,4,4,38,1,5,2,13
4499,10,-3575875178978786391,0,5,5,34,4,4,2,9
4500,10,2265487973181518873,0,3,3,36,7,5,4,13
4501,10,2472481083535677407,0,8,8,33,7,2,1,6
4502,10,-1520282148077844709,0,2,2,32,3,4,3,11
4503,10,-4752219499798541342,0,4,4,38,1,7,4,16
4504,10,-2357364194842046079,0,2,2,32,4,4,2,11
4505,10,-6113860432592891532,0,7,7,34,2,3,1,8
4506,10,8511267053007020439,0,3,3,35,2,3,2,8
4507,10,4452302986629695072,0,1,1,39,4,5,3,13
4508,10,-3103756756715987677,0,5,5,35,4,2,1,6
4509,10,-1083294045927529043,0,1,1,32,4,2,1,6
4510,10,-9222797788628879431,0,1,1,38,3,4,1,6
4511,10,-1729510898719762416,0,7,7,34,5,3,2,6
4512,10,8282904293887113806,0,8,8,37,2,6,2,16
4513,10,1058212521157744546,0,7,7,35,1,6,3,11
4514,10,-3296043615009361910,0,4,4,38,3,3,1,9
4515,10,-948546358985991470,0,1,1,32,2,4,1,12
4516,10,8213771690227321953,0,1,1,34,5,2,1,6
4517,10,3404568782455437980,0,8,8,40,6,9,6,21
4518,10,-3467268837247295900,0,6,6,35,2,2,1,5
4519,10,6819339969115883514,0,3,3,40,5,4,2,11
4520,10,-2691644880542046893,0,4,4,36,4,4,2,12
4521,10,-3146401059919149925,0,0,0,34,1,4,2,13
4522,10,-7662634911702574473,0,1,1,34,4,6,4,16
4523,10,-3085910328393207086,0,4,4,41,2,4,2,10
4524,10,-2379229398981475282,0,3,3,34,4,7,5,18
4525,10,5558245068308607184,0,3,3,37,5,3,2,8
4526,10,-52076772849572281,0,6,6,36,3,4,1,13
4527,10,6498946502024581910,0,3,3,41,2,5,3,12
4528,10,5072220397659612047,0,3,3,35,1,3,1,10
4529,10,-3264158940970700252,0,7,7,33,2,5,3,12
4530,10,9082933860291830956,0,6,6,39,4,3,1,6
4531,10,-3898082470769877130,0,7,7,35,1,2,1,5
4532,10,348798647986526248,0,5,5,38,2,3,1,8
4533,10,2284227899486696880,0,4,4,34,5,5,4,9
4534,10,-6314621120096591920,0,5,5,34,4,5,2,11
4535,10,5073985503318865943,0,4,4,34,4,4,2,12
4536,10,-812062288468689089,0,0,0,37,3,5,2,10
4537,10,-9102940175959165629,0,3,3,33,5,2,1,4
4538,10,7726185912758968245,0,6,6,36,4,2,1,6
4539,10,2395712545643389202,0,4,4,31,3,2,1,6
4540,10,-8005881501692068564,0,6,6,30,2,2,1,9
4541,10,5913179642671438304,0,3,3,37,3,6,3,13
4542,10,-3350809073696468819,0,2,2,38,1,7,4,13
4543,10,-9049610937736835852,0,7,7,34,3,3,2,5
4544,10,-396300524558398497,0,5,5,33,9,1,1,3
4545,10,9053652897051946556,0,5,5,41,5,7,4,21
4546,10,7411003383445174752,0,6,6,36,1,4,1,12
4547,10,774462292696364861,0,8,8,38,5,3,1,9
4548,10,-8299188628105946793,0,3,3,34,4,3,2,6
4549,10,4692825513027821892,0,7,7,41,1,7,4,16
4550,10,6221191845757453257,0,5,5,36,1,7,4,15
4551,10,-904464956917379359,0,5,5,39,2,5,2,12
4552,10,-4667397705400437204,0,1,1,39,6,4,2,7
4553,10,-8501737476472432491,0,2,2,37,1,8,4,25
4554,10,-8704293333181935943,0,4,4,30,1,3,1,8
4555,10,-5118024160955125558,0,5,5,34,3,7,4,16
4556,10,1999459015133467654,0,6,6,36,1,3,1,5
4557,10,8868380327192204035,0,3,3,36,3,3,1,7
4558,10,2622989075152312659,0,6,6,36,6,1,1,5
4559,10,3733107449745355347,0,4,4,31,2,5,3,17
4560,10,-6977702338126883805,0,3,3,34,1,4,1,8
4561,10,7776717398355172115,0,5,5,32,3,2,1,5
4562,10,3297991829635692302,0,5,5,33,2,5,3,10
4563,10,2143169727174163406,0,4,4,40,1,5,1,8
4564,10,-1336070968624306731,0,3,3,36,3,2,1,3
4565,10,6602036647741917568,0,6,6,34,1,8,6,18
4566,10,-1441683131092937033,0,5,5,36,3,7,4,18
4567,10,7396026370365010688,0,7,7,34,5,4,2,11
4568,10,7204153421872198914,0,5,5,35,2,4,1,10
4569,10,3911276981238126521,0,1,1,38,2,5,2,12
4570,10,7113983966600861932,0,7,7,37,3,2,1,9
4571,10,7484392152801998240,0,4,4,38,1,3,1,4
4572,10,4093044804332087458,0,0,0,35,5,5,3,13
4573,10,9082865801249751649,0,1,1,36,3,8,5,17
4574,10,2774710799416194721,0,7,7,34,1,5,3,11
4575,10,-443741310103428133,0,2,2,40,5,3,1,8
4576,10,-8858937957177708219,0,6,6,36,3,4,2,12
4577,10,-2302864098459747378,0,7,7,38,4,5,3,10
4578,10,5645554163729479583,0,4,4,35,3,4,2,6
4579,10,-6095703014450709805,0,6,6,35,3,4,2,10
4580,10,5634446138658105227,0,7,7,37,1,3,1,8
4581,10,-144712013684674932,0,4,4,35,1,4,2,11
4582,10,-7843874181636278016,0,3,3,39,3,3,2,5
4583,10,-2382415358001332453,0,3,3,34,6,5,3,13
4584,10,6952622952787622569,0,6,6,36,4,5,4,13
4585,10,4450609294186581975,0,7,7,36,8,2,1,8
4586,10,1244529907876676533,0,2,2,37,4,8,6,21
4587,10,6732769016723224381,0,7,7,44,1,10,5,23
4588,10,1388466876889247466,0,2,2,41,2,4,1,10
4589,10,-4612420989446045148,0,6,6,32,2,4,2,10
4590,10,-8430195069444410624,0,3,3,38,5,2,1,2
4591,10,287455914334795316,0,7,7,34,3,4,2,10
4592,10,-2475835405443683284,0,4,4,33,2,2,1,3
4593,10,-5229969747665320040,0,0,0,37,1,8,4,17
4594,10,8983413375209761530,0,3,3,38,6,3,1,6
4595,10,-8333841491632212494,0,5,5,34,2,4,2,11
4596,10,-527060152939013025,0,5,5,38,1,6,3,13
4597,10,4238453760223233167,0,6,6,34,2,3,2,6
4598,10,-3632490047325298930,0,4,4,39,4,6,5,11
4599,10,1550416259789685211,0,7,7,33,3,3,2,10
4600,10,3057283512066988554,0,1,1,36,2,4,3,12
4601,10,6014635620123398679,0,1,1,35,4,6,4,20
4602,10,7732514822930524284,0,1,1,42,1,6,3,6
4603,10,-171003034036244152,0,4,4,39,2,4,2,9
4604,10,4255710372893798086,0,2,2,37,3,4,1,8
4605,10,8832845697821761650,0,9,9,37,2,5,3,17
4606,10,-6438253962714600233,0,7,7,35,2,4,2,16
4607,10,-3283687363360984570,0,8,8,37,3,5,2,19
4608,10,-8922446610459057728,0,7,7,42,2,8,4,13
4609,10,-1137175606061192808,0,4,4,36,6,3,2,5
4610,10,-4863744750989781881,0,4,4,38,4,5,3,8
4611,10,-7335009712852933932,0,2,2,34,1,3,1,8
4612,10,-9220162485069048261,0,3,3,38,6,4,2,11
4613,10,6235967355422700466,0,0,0,35,1,7,4,19
4614,10,-8178839820170505912,0,6,6,40,2,3,1,7
4615,10,8861931383248862696,0,6,6,38,5,3,2,8
4616,10,4406500827000158732,0,6,6,36,1,5,2,11
4617,10,-4293193293689134176,0,5,5,32,3,4,2,14
4618,10,3598429392873223337,0,3,3,32,5,3,2,9
4619,10,-3295214377242061973,0,8,8,31,3,2,1,7
4620,10,2345356583275971612,0,4,4,40,3,5,4,10
4621,10,1352470285754015604,0,5,5,35,4,2,1,5
4622,10,-6512276031972993394,0,2,2,36,1,4,1,7
4623,10,2575683207392056312,0,2,2,36,4,5,2,9
4624,10,8051057563013022442,0,6,6,34,3,4,2,12
4625,10,-9212064823978835723,0,8,8,31,7,3,2,11
4626,10,-5661861691009201233,0,1,1,36,4,3,1,9
4627,10,-2189367002443683039,0,4,4,30,3,2,1,7
4628,10,-5685671474415486201,0,7,7,36,2,4,3,7
4629,10,-1836838547979462627,0,3,3,41,1,6,3,12
4630,10,-5996050385928950761,0,7,7,37,2,3,1,10
4631,10,-751495389661419030,0,4,4,38,1,3,1,10
4632,10,1167005446393288087,0,8,8,32,1,3,1,7
4633,10,-6414332035133456996,0,3,3,38,3,7,3,13
4634,10,-6088355414583694939,0,4,4,41,1,4,1,9
4635,10,2127416507218100556,0,5,5,38,2,7,4,19
4636,10,-7398464362921795882,0,4,4,37,3,8,4,21
4637,10,2329931016919151954,0,8,8,32,3,4,3,10
4638,10,6516353780570977934,0,5,5,32,4,3,2,7
4639,10,-6657189536538850124,0,5,5,34,2,6,3,15
4640,10,5633924726786610321,0,4,4,39,2,4,3,6
4641,10,-264267487050768168,0,7,7,31,1,9,6,24
4642,10,-6343138096139928615,0,1,1,35,1,7,5,20
4643,10,-5395058413673714559,0,4,4,37,3,3,1,9
4644,10,-3773263708711598935,0,5,5,37,3,4,2,6
4645,10,-2228999869242867208,0,3,3,37,4,4,2,10
4646,10,3352605400110948322,0,4,4,28,5,2,1,6
4647,10,-6893962624959483767,0,2,2,36,5,4,2,10
4648,10,8559444061959142292,0,3,3,36,3,4,2,9
4649,10,1959394239877319985,0,8,8,38,2,4,2,11
4650,10,4125848018672917719,0,6,6,36,3,2,1,5
4651,10,-8263347643581263212,0,3,3,39,2,6,4,15
4652,10,-1299974607735586084,0,6,6,40,3,4,1,10
4653,10,-6452507939789960140,0,8,8,37,3,6,2,14
4654,10,2722872952959674174,0,5,5,36,1,5,3,9
4655,10,-2701830490691747616,0,6,6,35,1,5,2,11
4656,10,-4017491149832278115,0,6,6,37,4,2,1,5
4657,10,-7923276058726117271,0,1,1,35,5,3,2,6
4658,10,-2900430191481985939,0,6,6,35,1,5,3,11
4659,10,2390013642129012891,0,1,1,38,1,5,3,11
4660,10,-8885301023018876661,0,2,2,36,3,3,2,6
4661,10,2206342832899306859,0,6,6,32,4,2,1,7
4662,10,-1348005360414363375,0,7,7,34,4,3,1,6
4663,10,815485447340634220,0,8,8,35,2,9,6,25
4664,10,-1703858248763240726,0,8,8,35,1,9,4,27
4665,10,2022163796178514824,0,1,1,31,4,4,3,11
4666,10,7346472945300912040,0,1,1,37,2,7,4,20
4667,10,-8083360519729769749,0,3,3,41,3,5,2,7
4668,10,-1098851606204233708,0,3,3,38,1,4,1,9
4669,10,-196305447095418302,0,5,5,40,1,5,3,9
4670,10,8609847116114777862,0,7,7,33,4,5,3,14
4671,10,-2422757585120229083,0,7,7,40,3,4,2,6
4672,10,-1265121251593338633,0,2,2,38,1,3,1,9
4673,10,-3415294801574819120,0,6,6,32,6,3,2,8
4674,10,6815288322813090004,0,1,1,39,1,8,4,21
4675,10,4682167959708472601,0,3,3,41,2,6,4,18
4676,10,5892810459571474964,0,5,5,38,1,6,3,14
4677,10,-3768423362378110306,0,4,4,43,2,7,4,21
4678,10,1410140407911462924,0,3,3,38,6,6,4,12
4679,10,8993932262399278141,0,6,6,35,2,9,5,25
4680,10,3605608230851413633,0,4,4,34,3,3,1,6
4681,10,7055743710534190536,0,5,5,36,7,3,2,7
4682,10,-1332323374808942721,0,4,4,41,1,7,4,13
4683,10,-3974985951113592327,0,6,6,43,2,5,2,9
4684,10,-7098232332129019288,0,2,2,35,4,4,2,15
4685,10,-1405770957033166429,0,4,4,35,2,5,1,11
4686,10,7515130872325867599,0,2,2,36,3,5,3,12
4687,10,4926733097760748074,0,5,5,36,4,4,2,16
4688,10,5703159924720912774,0,5,5,41,4,2,1,4
4689,10,-4311096994697003211,0,6,6,37,3,7,3,12
4690,10,8404747231618842741,0,4,4,38,1,3,1,11
4691,10,-824025839350563935,0,2,2,37,1,7,3,16
4692,10,9018629188278398381,0,9,9,38,2,9,4,27
4693,10,5480244804990864824,0,7,7,35,2,5,2,13
4694,10,-927588941024157380,0,8,8,32,2,4,1,13
4695,10,-5512164119009699166,0,7,7,40,3,6,3,15
4696,10,1238790563276811586,0,5,5,36,5,4,2,9
4697,10,-3047782187493389029,0,4,4,38,1,2,1,7
4698,10,4441311348562210244,0,5,5,35,2,6,3,10
4699,10,2903745421731713894,0,1,1,38,1,4,2,11
4700,10,-4451175394396931649,0,4,4,37,1,4,2,9
4701,10,8567698693762975872,0,6,6,34,2,3,1,8
4702,10,-1381406972585373312,0,7,7,34,3,4,2,6
4703,10,-3206054661257855847,0,6,6,37,3,7,4,17
4704,10,3860470038209306162,0,5,5,37,7,2,1,4
4705,10,-2193148424064118593,0,5,5,35,1,6,4,19
4706,10,6454343825536276152,0,2,2,37,1,3,2,7
4707,10,8621008729220995548,0,6,6,39,4,3,1,7
4708,10,-9000411917932192323,0,6,6,43,2,4,2,11
4709,10,1057858812745268962,0,3,3,36,7,4,3,12
4710,10,-5447328137169277688,0,3,3,37,2,3,1,11
4711,10,-6221434194409798076,0,1,1,34,4,4,2,13
4712,10,3955558051421463060,0,7,7,37,2,10,6,22
4713,10,1535646357619967655,0,1,1,40,2,4,1,6
4714,10,-1192228144982294561,0,5,5,37,4,4,1,11
4715,10,2427647949303770841,0,3,3,37,5,9,6,19
4716,10,3531279066719287810,0,5,5,37,2,5,3,12
4717,10,-2955236072327489278,0,2,2,36,2,5,3,16
4718,10,2410049515616378113,0,6,6,35,1,4,3,9
4719,10,8673856976662502680,0,6,6,35,1,7,5,17
4720,10,-7941156326897965084,0,6,6,38,5,4,2,7
4721,10,4833469902836192920,0,3,3,35,2,4,2,4
4722,10,8837157527427361542,0,8,8,36,1,5,2,16
4723,10,6454477319823053170,0,7,7,31,6,2,2,8
4724,10,4043248592904208428,0,2,2,33,7,6,4,14
4725,10,-3247340730168094140,0,4,4,35,1,5,3,11
4726,10,6837330329834696665,0,5,5,41,1,4,2,8
4727,10,-2784071305759347253,0,3,3,30,5,4,2,10
4728,10,3779909898735359967,0,3,3,41,5,2,1,3
4729,10,-8582108014560189547,0,5,5,36,3,6,4,17
4730,10,-5033491638767130823,0,7,7,43,1,8,4,17
4731,10,-8899090629261611013,0,4,4,41,2,6,3,16
4732,10,-385944036584766696,0,6,6,35,9,3,3,5
4733,10,3205665927993805134,0,5,5,36,2,3,1,7
4734,10,3395031883687405883,0,5,5,33,4,5,3,15
4735,10,-444363213489423280,0,1,1,39,8,4,3,10
4736,10,701518439758848899,0,4,4,38,1,4,2,6
4737,10,-5309823863897711642,0,6,6,40,1,7,3,18
4738,10,5897875397100380358,0,3,3,37,1,4,2,8
4739,10,6220748316082337802,0,6,6,36,4,3,2,7
4740,10,4053574319023343330,0,5,5,38,1,5,3,7
4741,10,-2408439671966216186,0,1,1,36,1,3,1,8
4742,10,-5007840973072412139,0,2,2,34,2,2,1,6
4743,10,-9102295770110692386,0,2,2,31,1,9,7,20
4744,10,-3391793488890800756,0,5,5,36,2,3,1,5
4745,10,-8559646303804978931,0,3,3,37,2,7,3,15
4746,10,6814927858659488057,0,7,7,34,3,4,2,11
4747,10,8478264000263005812,0,8,8,40,2,3,2,5
4748,10,3637370423494856937,0,6,6,32,4,5,4,13
4749,10,6554155306381491087,0,6,6,39,1,5,2,11
4750,10,5282460066691057813,0,6,6,32,8,1,1,1
4751,10,-1245933930050930967,0,6,6,37,2,5,3,11
4752,10,-5534253996534734345,0,2,2,34,3,6,3,17
4753,10,1944387450237788114,0,0,0,36,1,6,3,16
4754,10,9085232658313899872,0,6,6,38,1,4,2,6
4755,10,-8040223667646556338,0,6,6,36,1,3,2,6
4756,10,2258686240335689672,0,6,6,40,1,5,2,12
4757,10,-6567909653684784049,0,2,2,38,3,6,4,17
4758,10,-8503570892007567322,0,5,5,34,1,5,3,15
4759,10,7844610650369322791,0,5,5,36,2,6,3,16
4760,10,5160076153970324994,0,4,4,35,1,3,1,9
4761,10,1649867159560130615,0,0,0,35,3,7,3,26
4762,10,859520256996081479,0,1,1,39,4,9,7,24
4763,10,719997728832280044,0,6,6,42,4,7,4,20
4764,10,-4962637289850883235,0,4,4,39,1,6,3,15
4765,10,-7396944363526961684,0,2,2,35,4,6,3,24
4766,10,4963406687954788727,0,1,1,36,4,3,1,9
4767,10,8393658885454552459,0,1,1,34,3,3,2,9
4768,10,-659106704868161495,0,2,2,37,1,4,2,11
4769,10,-7871871772422531709,0,1,1,35,5,2,1,6
4770,10,-7765356273205108164,0,5,5,30,4,4,3,13
4771,10,-6064307102545187612,0,6,6,30,4,3,2,11
4772,10,737893365716921541,0,0,0,36,8,3,2,8
4773,10,6813700885540548425,0,5,5,36,1,4,2,14
4774,10,-7040875296971261324,0,1,1,39,2,5,2,15
4775,10,-5220112888619799988,0,6,6,35,5,4,3,11
4776,10,-1185095473039398871,0,3,3,35,4,5,3,15
4777,10,-6713439642185513413,0,5,5,35,6,6,5,9
4778,10,-4803466053731924276,0,7,7,37,4,4,2,11
4779,10,119502955310233099,0,7,7,37,3,5,3,13
4780,10,-7187423802362392995,0,6,6,38,8,4,3,11
4781,10,3643904956652532364,0,1,1,36,1,5,3,17
4782,10,5184789394522484297,0,5,5,36,6,3,2,6
4783,10,2810246249488020702,0,4,4,34,2,3,2,4
4784,10,2036604203239165696,0,4,4,40,1,4,1,11
4785,10,147720298326909987,0,6,6,37,7,4,3,10
4786,10,2978812720012662979,0,5,5,37,2,6,4,12
4787,10,5334287106579540597,0,4,4,34,6,2,1,6
4788,10,-2227467942910045246,0,4,4,36,1,5,3,10
4789,10,1377631257468740890,0,2,2,40,8,1,1,2
4790,10,4822235765924754789,0,6,6,37,6,8,7,16
4791,10,1798954928809976822,0,5,5,36,4,8,7,16
4792,10,-3741559573388448023,0,4,4,33,2,5,3,13
4793,10,7453780796349164608,0,4,4,38,2,3,2,10
4794,10,1190923572047696175,0,7,7,39,1,5,1,11
4795,10,2637456838342521464,0,8,8,39,2,4,1,7
4796,10,7011745095018879440,0,0,0,41,5,8,5,15
4797,10,-643393322997612648,0,5,5,40,6,3,2,6
4798,10,1354386839122132340,0,1,1,34,6,3,2,5
4799,10,-2800091804015741559,0,5,5,39,5,4,2,13
4800,10,-80724804202577052,0,1,1,38,6,5,3,12
4801,10,7052349357684500184,0,5,5,32,4,2,1,8
4802,10,-7658906273423554980,0,8,8,35,4,5,4,16
4803,10,7407165273662289321,0,3,3,37,2,6,4,16
4804,10,-1542990289961881947,0,5,5,37,1,5,3,9
4805,10,-7879906092101358101,0,1,1,39,1,4,1,10
4806,10,-8979915612102706845,0,5,5,37,1,7,4,15
4807,10,3176254989977669325,0,4,4,35,4,2,1,4
4808,10,-8771991959646838485,0,5,5,34,1,3,1,11
4809,10,-3241415252451395729,0,6,6,37,5,4,1,7
4810,10,1544382782731484120,0,0,0,40,6,5,3,10
4811,10,-4612147211380512036,0,1,1,39,1,5,2,10
4812,10,93472631812366751,0,4,4,33,2,4,2,14
4813,10,-2348936318010269896,0,7,7,34,2,3,2,6
4814,10,7040782792118055263,0,3,3,32,2,5,3,17
4815,10,-8175559043283039179,0,8,8,39,2,4,3,10
4816,10,7786032079042774589,0,7,7,40,1,6,2,15
4817,10,7106737101789310155,0,4,4,42,3,6,4,15
4818,10,-1075728688335818128,0,6,6,36,5,2,1,6
4819,10,1605497241076787240,0,9,9,34,2,6,3,15
4820,10,2899936669647704921,0,6,6,39,6,4,3,12
4821,10,-2232728629425121820,0,3,3,34,6,2,1,4
4822,10,-3927526335285046570,0,3,3,37,3,9,7,20
4823,10,4168675845258350968,0,6,6,35,8,3,2,3
4824,10,5727603103096318422,0,7,7,40,5,2,2,4
4825,10,-9004773100710031120,0,0,0,38,2,4,2,9
4826,10,-7577421878283208656,0,4,4,31,2,5,3,16
4827,10,-4274695413568671008,0,3,3,34,7,3,1,5
4828,10,-3491619894057794128,0,7,7,36,1,7,5,19
4829,10,6902077682026788756,0,1,1,34,8,2,1,2
4830,10,-1735598376984739725,0,0,0,39,1,6,2,17
4831,10,3910916052217387402,0,5,5,36,1,5,1,12
4832,10,-6193908125351867276,0,1,1,31,1,9,7,27
4833,10,-2309869730743092956,0,7,7,36,3,6,4,16
4834,10,-4058141494888253338,0,4,4,33,3,6,4,11
4835,10,2586489100113022873,0,2,2,38,3,3,2,5
4836,10,-314537484233446461,0,7,7,35,5,2,1,3
4837,10,-7930550824280105684,0,3,3,36,6,2,1,6
4838,10,6113173314663326244,0,3,3,35,4,3,2,10
4839,10,317086818783364769,0,7,7,39,8,3,3,5
4840,10,3235083806798219219,0,1,1,34,5,2,2,6
4841,10,5799212062587033067,0,9,9,37,4,7,4,13
4842,10,6631235636147506078,0,5,5,38,3,4,2,13
4843,10,476530716965360169,0,5,5,32,4,2,1,8
4844,10,-761038434372273683,0,3,3,35,8,2,1,7
4845,10,-1391441180278349101,0,0,0,36,8,3,1,6
4846,10,7163936371385529623,0,0,0,36,1,7,2,24
4847,10,-6445481405541813712,0,5,5,34,8,4,3,10
4848,10,-6339445273224651024,0,5,5,35,6,2,1,5
4849,10,-6521301236075117813,0,8,8,37,5,4,2,10
4850,10,611094734295009190,0,7,7,34,1,7,5,19
4851,10,1315954391301156261,0,4,4,34,3,4,2,11
4852,10,-7735067156724632115,0,3,3,35,1,6,4,15
4853,10,-7635134465550764051,0,7,7,36,2,5,3,10
4854,10,798971962657856439,0,4,4,36,2,5,3,12
4855,10,1383533000907898094,0,6,6,39,2,3,1,5
4856,10,3166221893209427465,0,6,6,40,1,6,3,10
4857,10,-1356813851856251000,0,8,8,37,2,10,7,27
4858,10,-2062756184541278326,0,9,9,41,4,4,2,7
4859,10,2113343612153594978,0,4,4,34,4,2,1,7
4860,10,-778322841803012546,0,5,5,40,1,6,2,14
4861,10,3487393877544759071,0,6,6,34,1,5,3,17
4862,10,5326659701443538355,0,2,2,38,3,4,1,6
4863,10,6442686020352581327,0,6,6,40,3,7,5,13
4864,10,6275628277835799193,0,7,7,36,1,7,4,14
4865,10,347738813425546663,0,4,4,33,5,3,2,6
4866,10,-6037586217895894120,0,3,3,30,2,5,3,13
4867,10,-275923807867832331,0,5,5,35,4,2,1,7
4868,10,-6284737761413840034,0,7,7,36,4,6,5,17
4869,10,-511255581798658483,0,7,7,36,1,6,3,13
4870,10,2408483202737440758,0,0,0,33,2,5,2,15
4871,10,20255559581972232,0,4,4,35,1,5,3,10
4872,10,-9383704344894624,0,7,7,41,2,6,2,17
4873,10,-7921497051088364818,0,8,8,33,2,4,2,8
4874,10,1586514447318298973,0,3,3,32,6,3,2,6
4875,10,7303539418680637746,0,4,4,36,1,6,3,16
4876,10,-5359063093527820663,0,9,9,40,1,7,3,15
4877,10,8183951760486768286,0,1,1,36,1,3,2,8
4878,10,-8165640397251142481,0,5,5,38,5,2,1,4
4879,10,7668341174674054158,0,3,3,35,2,3,1,6
4880,10,-6032694225040773032,0,6,6,33,5,5,4,12
4881,10,-4889458838971404254,0,2,2,34,4,5,3,13
4882,10,-7669852774021586011,0,5,5,35,3,4,2,12
4883,10,-2989476406264195026,0,7,7,35,1,6,3,15
4884,10,-912604482860123554,0,0,0,38,3,8,3,15
4885,10,1165069046197927029,0,4,4,31,7,3,2,9
4886,10,2226869052168471370,0,0,0,37,7,5,2,14
4887,10,5074373972143500183,0,2,2,34,5,2,1,4
4888,10,-8629253443204562240,0,0,0,41,3,7,3,16
4889,10,4510957173203130695,0,1,1,41,1,9,4,21
4890,10,8392907187921154686,0,3,3,39,1,7,3,19
4891,10,-6723915787590396864,0,8,8,35,4,9,6,22
4892,10,-7575141277294335304,0,7,7,37,6,8,6,19
4893,10,-6136008324683470983,0,1,1,33,1,4,2,15
4894,10,100366529179551860,0,6,6,37,1,4,2,7
4895,10,6151402191644039831,0,7,7,41,2,3,1,12
4896,10,-3779129942157744876,0,1,1,39,3,7,4,16
4897,10,-5895727250851740254,0,7,7,35,1,7,5,13
4898,10,3046674274181346100,0,5,5,34,2,2,1,4
4899,10,-7837473147583452165,0,7,7,41,1,8,5,15
4900,10,-91538517965876043,0,8,8,39,6,9,6,16
4901,10,-7235764474205875571,0,8,8,37,3,5,3,12
4902,10,-5199218322273468902,0,4,4,31,5,2,1,7
4903,10,1177649476535403843,0,4,4,36,2,6,3,17
4904,10,-4579670433124517102,0,4,4,33,7,3,1,11
4905,10,648240737082032057,0,0,0,35,2,5,2,10
4906,10,4343447650372806741,0,3,3,33,3,4,2,13
4907,10,-4308590766539625163,0,6,6,34,1,5,2,9
4908,10,1166172737723627187,0,5,5,34,3,2,1,7
4909,10,-3216862547834817576,0,4,4,34,4,4,2,13
4910,10,-4172443947555878039,0,5,5,37,1,2,1,9
4911,10,-723404788157792496,0,4,4,33,6,7,6,16
4912,10,-2606286179010899530,0,1,1,40,1,7,4,13
4913,10,-1514684993947091632,0,8,8,33,4,5,3,16
4914,10,2690598472679707053,0,5,5,31,7,1,1,2
4915,10,-6537460857314409213,0,6,6,37,2,4,1,13
4916,10,-5279241025590042548,0,2,2,43,2,7,4,7
4917,10,6203214585241277629,0,5,5,36,2,3,1,7
4918,10,159686887126367438,0,0,0,35,6,4,2,9
4919,10,-8581345461870812493,0,4,4,37,1,5,3,13
4920,10,-7481624706385940675,0,0,0,40,5,7,4,20
4921,10,-30297275028754579,0,3,3,43,1,6,3,15
4922,10,475770257234345034,0,1,1,41,5,2,1,5
4923,10,5198794021674258361,0,2,2,35,4,5,3,11
4924,10,6244899919159968352,0,5,5,34,5,2,1,6
4925,10,-2856894716121800222,0,1,1,35,3,6,4,12
4926,10,7352092163977745398,0,8,8,41,1,6,3,17
4927,10,5225359065504850466,0,3,3,32,3,3,2,8
4928,10,286706065750172452,0,5,5,37,1,4,2,11
4929,10,-8521872579014536620,0,0,0,39,4,5,2,15
4930,10,2452555701672317561,0,8,8,29,7,2,2,6
4931,10,7315368837731739885,0,9,9,37,1,5,4,9
4932,10,4880947357679206155,0,7,7,36,2,6,2,17
4933,10,8637640938382555948,0,2,2,34,3,2,1,7
4934,10,-9006778892405745714,0,1,1,32,5,4,2,12
4935,10,3193511670506772112,0,3,3,39,4,2,1,5
4936,10,3816498469503112745,0,3,3,33,4,3,2,8
4937,10,1953647712833207690,0,4,4,34,3,2,1,6
4938,10,6910925752411843526,0,5,5,38,2,4,2,10
4939,10,-4501141371434452108,0,7,7,37,2,5,3,11
4940,10,-8283590786858436183,0,5,5,37,1,7,3,15
4941,10,-4053805655906057279,0,5,5,34,2,4,2,10
4942,10,-465806485414648700,0,5,5,35,9,1,1,2
4943,10,7757773176873488500,0,3,3,33,3,5,3,14
4944,10,1212827566753143368,0,3,3,34,4,4,2,12
4945,10,-3198991557598088234,0,6,6,44,1,5,2,8
4946,10,6927840492396600575,0,7,7,38,1,9,5,24
4947,10,-2828589738850905758,0,2,2,35,5,3,1,7
4948,10,-5837651109396633896,0,5,5,43,4,7,3,13
4949,10,-6236148555502996988,0,3,3,36,7,3,1,7
4950,10,-7737629098956113021,0,7,7,34,7,8,6,23
4951,10,-7328402486721566846,0,8,8,32,1,3,1,9
4952,10,2068208906493328063,0,2,2,37,5,5,2,14
4953,10,-4460038445076270278,0,6,6,33,3,5,3,8
4954,10,-2841586488433063888,0,1,1,39,2,5,2,11
4955,10,-99183350771047411,0,7,7,37,7,4,3,8
4956,10,-258518838167315339,0,7,7,37,5,2,1,2
4957,10,-6076492946496135269,0,5,5,36,2,4,3,13
4958,10,-1518615602346617990,0,0,0,35,4,3,1,8
4959,10,7135321500051196592,0,1,1,34,2,7,4,22
4960,10,4913655718717049865,0,3,3,37,4,2,1,5
4961,10,4577940987654653181,0,5,5,32,4,4,2,10
4962,10,4686431369506106535,0,4,4,38,1,4,2,10
4963,10,6236785660249484298,0,5,5,39,1,7,4,16
4964,10,-3468359689341640291,0,4,4,44,4,3,1,6
4965,10,-1746916865910040213,0,7,7,38,2,5,3,13
4966,10,-6467034427922896812,0,7,7,31,7,2,1,7
4967,10,7587721520521236529,0,2,2,41,1,4,2,11
4968,10,-3955054140325250074,0,3,3,39,1,3,1,7
4969,10,6711204383273389475,0,4,4,37,1,4,2,8
4970,10,1044019188837807856,0,5,5,31,8,2,2,8
4971,10,5790188090556461358,0,3,3,41,1,8,6,16
4972,10,-3025922862253785427,0,4,4,36,2,4,2,11
4973,10,-7559264425661829223,0,1,1,40,1,4,1,11
4974,10,-3287743212537279680,0,8,8,35,1,6,2,15
4975,10,1940423809748239740,0,2,2,33,1,4,2,14
4976,10,-3686649325377904304,0,8,8,35,4,4,3,12
4977,10,-4679176619736621838,0,1,1,39,4,5,3,12
4978,10,-156212797813337894,0,5,5,31,2,3,2,14
4979,10,-7974831299697649011,0,5,5,41,3,4,2,6
4980,10,154703785293925697,0,7,7,35,2,2,1,4
4981,10,-2799029206050585206,0,0,0,36,2,7,3,15
4982,10,-3150495856305802583,0,7,7,38,3,7,3,20
4983,10,8841596844950191941,0,1,1,39,6,3,2,7
4984,10,2614323295306878086,0,2,2,40,2,3,1,7
4985,10,8948102181932760559,0,1,1,38,2,3,2,6
4986,10,3442436459345572207,0,7,7,34,2,5,3,12
4987,10,8271737488782474877,0,3,3,35,1,9,5,22
4988,10,-147956121700890568,0,8,8,32,9,1,1,3
4989,10,7158142412470297059,0,5,5,38,2,6,3,15
4990,10,-1527747286827267522,0,1,1,40,1,9,6,25
4991,10,3249826629912979841,0,1,1,32,2,5,3,15
4992,10,7460723141225715460,0,3,3,31,1,2,1,6
4993,10,-2581518437983254819,0,6,6,36,1,6,3,13
4994,10,1622066195810938110,0,8,8,40,4,3,1,8
4995,10,9163959810080715411,0,6,6,40,1,5,2,11
4996,10,2683378887405067181,0,7,7,33,3,6,4,15
4997,10,1410365442187624073,0,3,3,34,4,5,3,14
4998,10,6458503971860693739,0,6,6,37,1,4,2,8
4999,10,5764018118263068518,0,0,0,39,2,5,1,10
5000,10,7937678444978451335,0,2,2,36,1,5,2,10
5001,10,930714081322117444,0,4,4,40,4,5,3,13
5002,10,8526182245430166804,0,3,3,33,1,2,1,2
5003,10,-7596663668634510429,0,3,3,37,5,3,1,7
5004,10,6845523697264194814,0,6,6,39,1,9,6,21
5005,10,-7012357215985297247,0,6,6,36,2,2,1,6
5006,10,-6936089782546652451,0,7,7,34,2,10,6,31
5007,10,-1848494374678621337,0,1,1,36,4,6,3,15
5008,10,-6265149239706190323,0,4,4,36,1,6,3,19
5009,10,2888393795912253926,0,5,5,39,1,4,2,8
5010,10,-428116294437275522,0,6,6,39,3,6,3,15
5011,10,-6638321312318341693,0,5,5,34,2,3,1,9
5012,10,7238814675793646280,0,9,9,36,1,5,3,11
5013,10,-3204035651726458737,0,2,2,40,3,4,1,12
5014,10,6498231125222397313,0,6,6,37,3,3,2,9
5015,10,-2235715970220757189,0,8,8,41,1,6,2,14
5016,10,797271992622287826,0,8,8,40,2,6,3,15
5017,10,2454230482833369290,0,4,4,34,3,3,1,12
5018,10,2053016372859654984,0,1,1,40,3,9,5,18
5019,10,818074394705136712,0,3,3,38,3,5,4,10
5020,10,5140859246485787879,0,3,3,34,8,1,1,3
5021,10,3165010025597708794,0,6,6,30,3,5,3,14
5022,10,-5457846575330477180,0,2,2,34,5,4,3,10
5023,10,955659920899904470,0,4,4,40,2,6,3,16
5024,10,8152961048177621844,0,3,3,32,2,7,5,20
5025,10,8868917016769642805,0,6,6,38,1,6,3,14
5026,10,7464957167216672447,0,6,6,32,4,4,3,9
5027,10,4310173091320265158,0,6,6,40,1,7,4,15
5028,10,5208282058451553402,0,1,1,38,3,3,1,10
5029,10,-6611458519986521146,0,8,8,28,4,5,4,16
5030,10,-8781583162655720748,0,4,4,37,2,3,2,6
5031,10,8283397848018112877,0,2,2,37,5,5,3,10
5032,10,-4957208417980447665,0,6,6,37,3,6,2,9
5033,10,-3770482011042920021,0,3,3,35,1,4,2,12
5034,10,5382678488945283441,0,6,6,39,2,6,3,17
5035,10,810086921768519700,0,0,0,35,2,6,2,17
5036,10,5643132774581767132,0,3,3,38,4,5,2,15
5037,10,1364765642698645527,0,1,1,36,4,4,2,15
5038,10,-9022697884290773348,0,9,9,40,1,8,3,24
5039,10,-1591014435905867914,0,6,6,35,3,2,1,6
5040,10,474422179715303360,0,4,4,35,1,5,3,12
5041,10,-8838798075428983823,0,5,5,35,1,5,2,15
5042,10,613569399735607083,0,4,4,35,7,5,3,11
5043,10,-4038931573159602108,0,4,4,39,4,3,2,5
5044,10,-8027693327668545877,0,2,2,35,3,5,2,12
5045,10,8694709851185435732,0,2,2,32,5,3,2,11
5046,10,1613099853641766730,0,4,4,39,1,8,4,20
5047,10,-1084510904460706652,0,7,7,30,4,4,2,8
5048,10,-4959701584577585180,0,4,4,32,2,3,2,7
5049,10,-9187520042713084659,0,8,8,37,3,7,5,13
5050,10,9085385268200917241,0,8,8,35,8,2,2,4
5051,10,2829327344578132654,0,3,3,37,5,6,3,14
5052,10,4840247440722334148,0,7,7,37,4,6,4,11
5053,10,163912847521216800,0,5,5,36,4,5,3,12
5054,10,-3023386526116435316,0,1,1,38,2,4,1,8
5055,10,1049785053104807662,0,8,8,33,4,3,1,3
5056,10,6640720621717467193,0,4,4,34,3,3,2,9
5057,10,3511609755539266884,0,1,1,37,3,5,3,15
5058,10,-4352104624303911639,0,4,4,38,2,7,5,11
5059,10,8843545575859044069,0,2,2,37,1,2,1,3
5060,10,6338750133228671812,0,2,2,35,3,2,1,7
5061,10,-5364412294249864606,0,4,4,36,5,4,2,11
5062,10,-6777474119578098867,0,1,1,37,3,4,2,10
5063,10,4962221669804336008,0,7,7,37,5,6,3,16
5064,10,5580709393794790779,0,5,5,38,1,6,3,16
5065,10,-7475324197175613414,0,6,6,33,7,2,2,6
5066,10,-1720355107206867128,0,5,5,35,3,7,3,22
5067,10,-3113200092566273089,0,8,8,36,5,4,3,9
5068,10,-6567612848139865465,0,7,7,34,4,3,2,5
5069,10,122307328906553149,0,4,4,35,2,4,2,12
5070,10,-2673200637454880324,0,3,3,38,2,9,6,22
5071,10,7013100064699289319,0,6,6,36,7,8,6,14
5072,10,-94965138724252249,0,4,4,38,2,5,1,12
5073,10,6029633010907964500,0,5,5,36,4,4,3,11
5074,10,5273403319886762018,0,6,6,35,2,9,6,24
5075,10,436823894165325649,0,7,7,34,2,2,1,5
5076,10,-6972995769518036,0,6,6,34,1,4,2,7
5077,10,-6011098252291182056,0,6,6,40,1,8,4,20
5078,10,5496078138034498372,0,4,4,34,2,3,1,8
5079,10,3581470514738916545,0,7,7,36,2,5,2,16
5080,10,3237466408996122619,0,3,3,37,4,4,3,13
5081,10,6269035439649145848,0,7,7,37,3,2,1,3
5082,10,5135784431686938052,0,5,5,38,4,3,1,6
5083,10,-7205214720320915729,0,2,2,30,7,3,3,11
5084,10,2503482880114511374,0,5,5,39,2,5,2,9
5085,10,-3042545593171685226,0,7,7,36,2,4,2,10
5086,10,-6104924256286336364,0,5,5,32,5,3,2,9
5087,10,-1810296094192394231,0,5,5,38,1,9,4,30
5088,10,3170587407558946035,0,3,3,37,7,2,1,4
5089,10,3813758548985447498,0,1,1,35,3,5,2,10
5090,10,6358910691048620924,0,3,3,41,3,8,4,17
5091,10,5350252077910359855,0,2,2,35,2,3,1,12
5092,10,7356431304344325963,0,5,5,32,1,4,2,9
5093,10,602321223543767965,0,8,8,32,5,2,1,8
5094,10,-3696431587123245160,0,6,6,34,9,2,2,8
5095,10,3368984742611514102,0,1,1,35,4,3,2,9
5096,10,7523973450251505228,0,3,3,37,2,3,1,7
5097,10,677064726377971151,0,2,2,36,1,9,4,29
5098,10,-5145622545941507625,0,5,5,36,1,4,3,4
5099,10,7444734559399795686,0,2,2,35,3,4,2,11
5100,10,-6456127285723113408,0,6,6,36,1,6,3,16
5101,10,-7749871692956037293,0,8,8,38,2,8,6,22
5102,10,-1008580193400934531,0,4,4,32,2,8,5,23
5103,10,-3590930151140415748,0,4,4,33,6,4,4,6
5104,10,-7854198617075794172,0,4,4,36,3,4,2,12
5105,10,6946555029227942990,0,0,0,41,3,11,6,25
5106,10,4365643402072479393,0,3,3,37,1,6,4,15
5107,10,7345080542134626345,0,8,8,36,1,4,3,9
5108,10,-2113353939882322294,0,4,4,36,4,5,2,17
5109,10,-6230003157938156773,0,4,4,37,4,4,2,9
5110,10,-3545696794386971472,0,4,4,36,3,3,1,6
5111,10,-4338472164535679792,0,8,8,37,3,7,5,16
5112,10,2819756368767935319,0,6,6,36,7,6,5,9
5113,10,-5615133511743461687,0,8,8,39,1,7,4,16
5114,10,171313434508008680,0,7,7,39,2,6,3,12
5115,10,8346203698464370252,0,6,6,45,1,9,6,15
5116,10,7375897314639599878,0,3,3,34,2,5,4,19
5117,10,-1542558517459799653,0,4,4,36,4,3,2,9
5118,10,2862150794179153630,0,5,5,34,5,4,3,11
5119,10,4402246558280510568,0,1,1,33,6,5,3,15
5120,10,4368003247991498947,0,4,4,41,4,4,2,7
5121,10,5549797553138966407,0,3,3,33,6,2,1,4
5122,10,426485485376015609,0,7,7,40,6,2,1,3
5123,10,-6410110952654997531,0,4,4,38,2,5,2,16
5124,10,-8107125732802404400,0,8,8,35,2,4,2,7
5125,10,8421723942312145080,0,6,6,36,4,5,2,13
5126,10,3151486711740977908,0,5,5,35,1,4,1,10
5127,10,-1854204231991122697,0,3,3,40,5,2,1,6
5128,10,-3010121387354057213,0,2,2,33,3,4,2,10
5129,10,-4039811967936904179,0,0,0,35,6,6,4,13
5130,10,-2895953031842677664,0,4,4,36,2,3,1,8
5131,10,7117641125006450120,0,8,8,37,1,7,5,19
5132,10,-9090007655929369530,0,4,4,36,3,4,2,7
5133,10,-7883496131634333289,0,4,4,36,2,3,1,6
5134,10,-1674817069607523553,0,2,2,37,5,5,3,9
5135,10,6788709332008381684,0,7,7,43,2,4,1,7
5136,10,2150441878419725078,0,6,6,32,1,5,3,12
5137,10,6016489572452246815,0,8,8,40,6,8,6,15
5138,10,-574000202915791381,0,8,8,34,2,4,1,9
5139,10,-2541143068812322804,0,1,1,41,1,8,5,16
5140,10,6367105553277817093,0,4,4,39,2,4,2,6
5141,10,-7906315169252978531,0,5,5,36,1,4,1,14
5142,10,8986958165572327117,0,2,2,39,1,4,1,10
5143,10,-2917699659686819309,0,1,1,39,1,4,2,9
5144,10,4560055949135290681,0,2,2,37,2,2,1,5
5145,10,-8828692052898312510,0,0,0,40,1,7,3,17
5146,10,-7668999271087214170,0,8,8,38,6,5,3,12
5147,10,-1442248693661659644,0,1,1,35,4,5,3,14
5148,10,-6515819165136600598,0,6,6,33,7,3,2,9
5149,10,8929484699919768943,0,2,2,34,4,4,3,12
5150,10,-2016653880904430935,0,3,3,37,2,7,3,19
5151,10,3417071122630351178,0,5,5,30,7,3,3,7
5152,10,-3261913934505747737,0,3,3,35,4,3,1,9
5153,10,8515945755137300540,0,1,1,32,4,2,1,4
5154,10,-5482384581722123041,0,6,6,33,4,3,1,8
5155,10,-8477704691356555706,0,5,5,32,8,1,1,4
5156,10,6075587141742404626,0,7,7,39,5,2,1,3
5157,10,-7140279385470485774,0,2,2,38,3,6,4,17
5158,10,-8767805128990162782,0,6,6,34,4,4,3,8
5159,10,281774557202669260,0,7,7,35,1,5,3,7
5160,10,564330446555452383,0,4,4,31,4,2,1,7
5161,10,5267878317881635857,0,4,4,34,2,4,2,8
5162,10,-613899232840297950,0,5,5,42,1,9,6,20
5163,10,-5671520651693467994,0,3,3,41,3,4,2,9
5164,10,4140574350053613017,0,6,6,33,4,5,4,11
5165,10,2571823617727563595,0,6,6,34,3,4,2,13
5166,10,-2101085672852387869,0,2,2,40,2,5,2,10
5167,10,-7950695094486346224,0,2,2,36,4,6,4,18
5168,10,173714620304605470,0,6,6,32,8,2,1,7
5169,10,8782283932614721543,0,0,0,36,6,10,6,26
5170,10,-7358413874889617091,0,4,4,40,5,3,2,7
5171,10,8887694758233633850,0,8,8,37,6,3,2,10
5172,10,-1738920208765851938,0,6,6,35,2,6,4,15
5173,10,4916973722477016031,0,3,3,35,2,6,3,12
5174,10,-223838521615428389,0,7,7,33,4,5,4,15
5175,10,7143287243917590986,0,3,3,30,4,3,2,12
5176,10,1862628280135028959,0,3,3,39,3,4,2,9
5177,10,-8757322726052555486,0,2,2,42,2,6,2,11
5178,10,5125536618862823228,0,1,1,33,3,6,4,16
5179,10,-5547708113553570985,0,1,1,35,6,2,2,4
5180,10,-7535422612939548676,0,6,6,41,2,7,4,15
5181,10,-7044203091832679085,0,5,5,36,5,4,2,10
5182,10,7633178021212901685,0,8,8,39,7,4,3,11
5183,10,1845569874495470575,0,0,0,39,1,5,1,10
5184,10,-1434888030720771423,0,4,4,37,1,3,1,6
5185,10,-3483789769782257752,0,5,5,41,1,5,3,13
5186,10,-1966628526307047827,0,7,7,36,3,3,1,6
5187,10,4052570620390459281,0,2,2,40,3,8,5,12
5188,10,3478109541427493713,0,2,2,38,2,4,2,11
5189,10,-2441892744834452597,0,7,7,32,4,4,3,13
5190,10,2445240154464168928,0,7,7,38,5,2,1,6
5191,10,-2788840647178598988,0,4,4,36,3,6,2,15
5192,10,8450412342373732129,0,5,5,38,6,2,1,8
5193,10,-3980498143310690531,0,2,2,41,7,1,1,1
5194,10,-8969649475141464483,0,4,4,39,1,5,2,8
5195,10,-1919153267679128641,0,4,4,33,7,3,3,8
5196,10,-3810529733875590086,0,2,2,32,3,4,2,13
5197,10,-3336022990095590994,0,2,2,40,1,10,7,17
5198,10,8300480227866061064,0,1,1,36,2,8,5,20
5199,10,2405572689729066894,0,8,8,34,6,4,3,13
5200,10,-7129770709940271014,0,7,7,34,1,6,3,17
5201,10,-3483042617362166202,0,4,4,37,1,6,3,17
5202,10,-160699202160878632,0,3,3,34,5,4,3,12
5203,10,-2551944027098113548,0,6,6,32,3,4,3,13
5204,10,4018307732685559636,0,4,4,38,4,2,1,9
5205,10,7626264670050182688,0,2,2,34,5,2,1,6
5206,10,-5009296415402036710,0,5,5,37,1,4,1,10
5207,10,1814286169751499059,0,6,6,35,2,5,3,9
5208,10,-1548757574565226101,0,5,5,37,2,2,1,3
5209,10,5048018560613192489,0,4,4,36,1,4,2,8
5210,10,121483622552221932,0,5,5,35,6,5,4,16
5211,10,7418191122980830085,0,3,3,35,3,3,2,9
5212,10,6535325566444907131,0,3,3,33,1,3,1,10
5213,10,7030374335492643461,0,6,6,36,3,4,3,12
5214,10,-4565959308940155453,0,7,7,37,1,6,4,15
5215,10,-7262258913764398697,0,1,1,37,3,5,2,12
5216,10,5743218943373344561,0,1,1,40,2,6,3,14
5217,10,-4252948269770275061,0,5,5,37,3,5,2,15
5218,10,-8490363857814188826,0,1,1,39,6,3,2,5
5219,10,-3612219689894553335,0,5,5,38,3,5,3,6
5220,10,8276419841685456077,0,5,5,32,4,2,1,7
5221,10,-8918507352328950844,0,3,3,34,2,6,4,13
5222,10,-2414522538690615312,0,2,2,31,1,4,2,11
5223,10,-8689923582204199185,0,5,5,33,4,6,4,14
5224,10,4462359036739866375,0,6,6,41,1,4,1,11
5225,10,-8962222086066833808,0,0,0,36,2,7,3,19
5226,10,456234198693719122,0,5,5,33,8,3,3,3
5227,10,-2871627616472948141,0,6,6,39,2,5,3,15
5228,10,-7452976528503122264,0,1,1,40,1,5,3,13
5229,10,-3800854773288185344,0,5,5,35,2,4,2,13
5230,10,5206475886909239758,0,1,1,38,3,3,1,7
5231,10,2678420716391048880,0,4,4,34,3,5,3,7
5232,10,8324481821208741900,0,3,3,34,2,4,2,6
5233,10,5360953828977760541,0,3,3,36,1,4,1,10
5234,10,-5701081934776145667,0,6,6,36,3,4,1,10
5235,10,-3206688825749150088,0,5,5,35,8,2,2,6
5236,10,472682183725228455,0,4,4,39,2,5,3,11
5237,10,-3695678726730409824,0,7,7,35,2,4,3,14
5238,10,2393796547667861962,0,7,7,35,6,2,1,10
5239,10,-7015250175381742192,0,7,7,33,6,2,1,3
5240,10,3775501824075489916,0,1,1,37,1,6,3,19
5241,10,-8412675853010296296,0,1,1,31,2,10,8,21
5242,10,-2848642231687306763,0,7,7,29,5,2,1,5
5243,10,6024785713055704015,0,8,8,32,3,6,5,19
5244,10,-132238262374365017,0,6,6,37,1,5,2,8
5245,10,3724470381081718343,0,4,4,36,6,5,3,14
5246,10,4101178289978248082,0,7,7,38,3,3,1,5
5247,10,-2462276847013759102,0,4,4,36,5,2,1,3
5248,10,-2440971237554708523,0,5,5,35,7,2,1,6
5249,10,8666527724141809573,0,8,8,34,8,1,1,2
5250,10,1863245995577381767,0,5,5,35,4,3,2,4
5251,10,1132554397296105451,0,6,6,35,3,3,1,9
5252,10,6315867422409170887,0,3,3,32,2,4,2,8
5253,10,4277087013762774236,0,3,3,36,1,6,3,7
5254,10,-7882409108810921967,0,6,6,41,5,3,2,11
5255,10,6111507530680528829,0,1,1,36,2,5,3,11
5256,10,631216153468492499,0,7,7,39,3,5,2,10
5257,10,3570843313434950474,0,0,0,37,2,8,4,24
5258,10,-3672188585614072001,0,6,6,37,3,8,4,17
5259,10,-8670250448574935134,0,5,5,31,2,5,3,18
5260,10,1130039023920135267,0,4,4,39,1,6,3,14
5261,10,7340326505427800450,0,4,4,33,6,3,2,14
5262,10,1746064377797723510,0,5,5,36,1,3,1,8
5263,10,8790046469478709429,0,1,1,34,1,5,2,10
5264,10,-6541145119509293197,0,6,6,33,5,2,1,6
5265,10,7156895664375605707,0,4,4,33,2,3,2,7
5266,10,2751817675721458667,0,6,6,35,8,2,1,7
5267,10,6454252844025198344,0,6,6,32,7,2,2,6
5268,10,7129209841545331991,0,5,5,37,2,7,4,18
5269,10,-1731307285405746017,0,7,7,38,5,2,1,4
5270,10,1849486075551766316,0,6,6,37,1,5,3,14
5271,10,91108367041219616,0,5,5,34,4,4,2,11
5272,10,-3864629498783149325,0,2,2,33,2,6,3,17
5273,10,-1346373033424053459,0,1,1,37,2,4,2,17
5274,10,-3778788948029956712,0,0,0,39,2,8,4,17
5275,10,8130002931750889844,0,3,3,38,2,3,1,8
5276,10,5249573599639896513,0,8,8,38,4,4,2,10
5277,10,-9048107172953959976,0,3,3,35,3,5,4,5
5278,10,8751437890485749218,0,2,2,43,3,5,2,13
5279,10,1970550283071945457,0,7,7,35,7,1,1,1
5280,10,2426187169737036751,0,1,1,40,4,3,1,10
5281,10,7815353730718063287,0,5,5,31,2,3,1,3
5282,10,-2217620464608836206,0,7,7,37,4,3,2,7
5283,10,8635443842908684665,0,7,7,37,1,9,6,24
5284,10,6810487541775723390,0,5,5,34,2,3,1,7
5285,10,-4454984480243310573,0,5,5,42,1,4,1,7
5286,10,-6351883482105307260,0,2,2,40,3,8,5,18
5287,10,4898223136224230751,0,7,7,37,2,6,3,11
5288,10,2635209451963021764,0,1,1,36,1,7,5,18
5289,10,-4627252886434984213,0,1,1,35,1,5,3,9
5290,10,-3765370344893203865,0,4,4,38,2,6,3,12
5291,10,3828477811161508076,0,2,2,31,1,6,4,19
5292,10,-7876328292241474389,0,8,8,41,6,2,1,6
5293,10,-2288964344390583949,0,3,3,39,3,6,2,10
5294,10,-3650707098865219778,0,1,1,38,1,6,3,18
5295,10,7509791509520663262,0,3,3,37,1,7,3,14
5296,10,-7245534525822841392,0,2,2,34,2,3,1,7
5297,10,-2189791540495251056,0,1,1,40,1,4,1,9
5298,10,3077215732341553123,0,6,6,31,2,4,3,12
5299,10,-4828240915378788124,0,5,5,37,2,5,1,13
5300,10,2595216611957440740,0,2,2,43,3,4,3,4
5301,10,-5011897454256258210,0,0,0,32,2,7,3,21
5302,10,-4219018281490430593,0,5,5,34,1,5,3,17
5303,10,7909033699971072547,0,1,1,38,1,6,3,14
5304,10,1097849770705818159,0,8,8,36,2,7,5,14
5305,10,-5907870234171172949,0,4,4,32,5,4,3,7
5306,10,-3736379743520258285,0,3,3,39,1,4,1,9
5307,10,-6867774468899161676,0,3,3,36,1,4,1,5
5308,10,-4447933166261181176,0,9,9,37,4,6,4,16
5309,10,-7068197728047102343,0,3,3,32,4,6,4,20
5310,10,-3815362683640817677,0,1,1,37,1,7,5,15
5311,10,7221058684537800995,0,6,6,39,3,8,6,18
5312,10,2210893350980948574,0,4,4,32,4,2,1,8
5313,10,8036626944058937727,0,5,5,36,5,2,1,5
5314,10,-7357184102624555450,0,2,2,38,5,4,2,8
5315,10,-8925828592739331342,0,5,5,39,8,3,2,5
5316,10,-2026462186916051150,0,1,1,34,3,5,3,9
5317,10,-2578521023234883927,0,4,4,30,8,5,4,16
5318,10,-650616630654762617,0,2,2,38,4,11,8,25
5319,10,-1625157777528533740,0,4,4,35,2,3,1,12
5320,10,-1711455792505752806,0,5,5,32,1,4,2,15
5321,10,5416327940533529236,0,6,6,38,7,6,4,16
5322,10,-4483164219700649721,0,1,1,40,1,5,3,10
5323,10,-4389429042763302030,0,3,3,31,7,4,3,9
5324,10,-6884535408925342016,0,6,6,34,3,5,3,8
5325,10,7237898055542778643,0,0,0,37,2,7,3,18
5326,10,-1005928580245857688,0,2,2,36,5,4,2,13
5327,10,-8507853410274936215,0,4,4,33,2,5,3,11
5328,10,-457694735701769631,0,2,2,43,6,2,1,7
5329,10,-1972288703018368595,0,9,9,36,3,4,2,11
5330,10,-7369221746942275549,0,6,6,34,6,8,6,26
5331,10,1074863719331207498,0,6,6,32,1,2,1,7
5332,10,-6802808485384383409,0,5,5,33,7,3,2,9
5333,10,-2815523933699547620,0,6,6,33,3,4,2,10
5334,10,8900440903930994691,0,7,7,38,5,3,2,7
5335,10,2744366047767741657,0,5,5,39,1,6,3,11
5336,10,8504644353889929072,0,2,2,34,4,4,2,11
5337,10,-3181074580712329009,0,7,7,39,2,5,3,12
5338,10,55617781778577832,0,4,4,34,1,6,4,13
5339,10,3301283301190910415,0,7,7,48,1,6,1,10
5340,10,-383209288281701956,0,3,3,37,5,4,3,7
5341,10,-2683547481262830231,0,6,6,36,5,3,2,9
5342,10,-6563613214614567674,0,2,2,36,3,3,1,10
5343,10,-6509241636020439208,0,8,8,36,7,5,4,8
5344,10,7189812185693295298,0,4,4,34,3,4,3,9
5345,10,-4266716736802939585,0,3,3,32,1,7,4,18
5346,10,4461926942900558051,0,2,2,36,3,4,2,9
5347,10,4939544736413452694,0,5,5,35,3,4,2,10
5348,10,-506558930359135708,0,4,4,38,2,4,2,8
5349,10,-8927560596787879458,0,2,2,33,6,3,2,7
5350,10,-2004859478442589860,0,5,5,36,3,3,2,5
5351,10,-9069118446020197348,0,0,0,38,4,5,1,10
5352,10,5982122759094291990,0,5,5,40,6,4,2,9
5353,10,6516616274194237316,0,2,2,39,3,4,1,10
5354,10,-7064306127582210464,0,4,4,33,1,4,2,14
5355,10,6034879771162760307,0,6,6,31,3,3,2,6
5356,10,4373632813578455523,0,6,6,40,1,5,3,11
5357,10,5350512700685027234,0,1,1,33,5,3,1,10
5358,10,6724605092240253491,0,4,4,34,2,3,1,7
5359,10,-1073557259928841064,0,3,3,36,2,5,3,14
5360,10,-3626492375714444184,0,4,4,37,3,7,4,22
5361,10,3327660920928885600,0,7,7,35,4,6,3,20
5362,10,5844688499526457325,0,3,3,41,4,5,2,11
5363,10,-3337160520365267588,0,5,5,32,1,4,3,9
5364,10,-6024403722152411497,0,8,8,33,5,4,2,8
5365,10,-4580554794153837031,0,5,5,36,3,6,3,14
5366,10,316718604936534521,0,4,4,40,2,7,3,16
5367,10,-5211017452306654845,0,2,2,31,1,3,2,5
5368,10,4771978848519870966,0,4,4,31,9,2,2,6
5369,10,-8909525560185241638,0,4,4,40,1,7,3,15
5370,10,5301564368888287383,0,6,6,33,4,3,2,7
5371,10,-8533286282394669306,0,5,5,33,3,4,2,11
5372,10,1392920830646478621,0,2,2,33,1,6,4,16
5373,10,-835662679402764313,0,4,4,33,3,4,3,12
5374,10,8708876190180757594,0,5,5,32,4,3,2,8
5375,10,-1153144591392941359,0,2,2,40,2,6,4,9
5376,10,6492463903217765436,0,6,6,42,1,6,2,15
5377,10,-8135551087004408009,0,5,5,38,1,3,1,11
5378,10,2017611330507460778,0,4,4,34,1,4,2,10
5379,10,2983150314463126181,0,1,1,35,4,2,1,6
5380,10,8940949785417083794,0,8,8,35,6,5,4,10
5381,10,6759920538609294067,0,5,5,35,2,5,4,13
5382,10,-4945385834432679358,0,6,6,42,3,7,4,14
5383,10,5302467262325917623,0,2,2,41,2,6,3,8
5384,10,-1391260344525893129,0,0,0,39,2,4,1,8
5385,10,6373595677213794043,0,6,6,35,5,3,2,8
5386,10,2509045072408516019,0,5,5,32,3,4,2,9
5387,10,2827195616385122607,0,4,4,43,3,5,2,5
5388,10,-7475990281019689645,0,6,6,35,4,6,4,14
5389,10,-7399325821708029855,0,4,4,34,3,5,3,14
5390,10,2228256786774295008,0,3,3,34,2,3,2,6
5391,10,-8222468206584641878,0,7,7,38,1,3,1,7
5392,10,1300709821334308,0,4,4,36,5,2,1,3
5393,10,-5998285898601553941,0,5,5,33,5,2,1,6
5394,10,7312191835110136448,0,5,5,38,3,4,2,7
5395,10,-1793359868439647559,0,1,1,37,2,7,4,19
5396,10,-4155383159377199363,0,7,7,37,1,5,2,11
5397,10,7526259807032366229,0,4,4,37,2,4,2,12
5398,10,1615731930174006944,0,8,8,42,1,9,4,17
5399,10,8194863636177765728,0,2,2,33,2,4,2,16
5400,10,-8644643762067083007,0,5,5,33,2,3,1,6
5401,10,-7041278919166468595,0,5,5,39,3,5,3,12
5402,10,327707830635407134,0,6,6,42,1,6,2,16
5403,10,5359101866428722840,0,1,1,41,1,4,1,10
5404,10,-8739719517461420948,0,6,6,36,3,5,3,13
5405,10,-5815209057556768970,0,8,8,38,1,7,4,20
5406,10,-4639907519189271249,0,6,6,41,1,6,3,13
5407,10,-231224518701348659,0,6,6,35,6,5,3,14
5408,10,-3057723873877232118,0,4,4,34,5,5,3,10
5409,10,8873013590750795941,0,1,1,38,1,4,1,6
5410,10,3152867175159013593,0,4,4,35,4,4,3,10
5411,10,1264870878763539296,0,4,4,37,2,10,6,20
5412,10,8128228766396789438,0,7,7,43,2,6,2,9
5413,10,7559065445073402663,0,4,4,36,3,3,1,8
5414,10,5504762636628551546,0,4,4,35,6,6,4,16
5415,10,1165267958020947238,0,3,3,35,2,8,5,23
5416,10,-1879340623546120707,0,2,2,31,6,3,2,11
5417,10,5652697445475871289,0,5,5,34,4,4,2,11
5418,10,-3828522868735845825,0,8,8,35,4,7,5,20
5419,10,-5059542863821533465,0,4,4,38,2,3,1,5
5420,10,-480856563782223792,0,3,3,34,4,3,2,10
5421,10,-3787183780710447474,0,7,7,32,7,2,2,6
5422,10,-6082416246689489746,0,8,8,39,3,10,8,20
5423,10,-3107430131457128992,0,3,3,37,2,3,1,8
5424,10,294182132701019606,0,7,7,40,4,5,2,13
5425,10,5028808243719411853,0,3,3,37,1,4,2,9
5426,10,-7601988608268590307,0,3,3,34,3,3,2,8
5427,10,-4705412059712371135,0,7,7,40,2,6,3,13
5428,10,-7296166887669885761,0,2,2,38,3,2,1,2
5429,10,1526176412184875729,0,4,4,35,2,5,3,11
5430,10,1298093641052977464,0,6,6,34,6,3,1,4
5431,10,1972869219876687280,0,7,7,34,3,4,2,13
5432,10,7826002368197882834,0,2,2,33,2,2,1,6
5433,10,-7789313066488863577,0,7,7,37,1,4,2,6
5434,10,1281916022305806463,0,5,5,44,2,7,4,12
5435,10,7628224940327546309,0,7,7,38,3,6,4,12
5436,10,3517303931168590056,0,1,1,41,8,3,2,7
5437,10,-4958981180149048173,0,3,3,39,3,3,1,5
5438,10,4972163795416878789,0,6,6,36,2,4,2,13
5439,10,-779441896987814260,0,0,0,34,6,5,2,15
5440,10,-1937422187854330002,0,5,5,32,1,3,2,3
5441,10,-6221854441413813557,0,4,4,33,4,6,3,24
5442,10,-6775389997218220878,0,4,4,34,4,3,1,11
5443,10,-7442328254592634618,0,5,5,36,6,2,1,4
5444,10,-7473632107811289369,0,1,1,38,2,3,2,7
5445,10,-952190969960344646,0,7,7,32,5,2,1,5
5446,10,-4086014818346847166,0,7,7,39,2,5,2,16
5447,10,1253298702796802471,0,5,5,31,7,2,1,7
5448,10,8678183517882790248,0,2,2,33,7,3,2,9
5449,10,-2429530514464955777,0,3,3,40,1,4,2,7
5450,10,-1379867459309658300,0,4,4,33,5,5,3,12
5451,10,2452690299763018457,0,4,4,34,2,3,1,6
5452,10,-2035337547455364581,0,4,4,30,4,2,1,9
5453,10,-3540834960767243413,0,8,8,36,3,4,2,9
5454,10,5283828111304873437,0,5,5,37,6,3,1,10
5455,10,-6534930103378671752,0,4,4,35,3,8,5,24
5456,10,-4005500024499743812,0,2,2,38,9,1,1,1
5457,10,-2313456771983192441,0,6,6,31,4,2,1,6
5458,10,226729409155759362,0,5,5,43,2,5,3,11
5459,10,-4329788493686778539,0,3,3,32,2,3,2,3
5460,10,-5285169325947879649,0,5,5,35,1,7,4,25
5461,10,7623973772145338892,0,6,6,32,6,3,2,8
5462,10,-150871540759542527,0,4,4,39,3,4,1,14
5463,10,-1582614374503778380,0,5,5,36,4,7,5,19
5464,10,-6461700197149914712,0,7,7,41,3,5,2,17
5465,10,-8846529075125244696,0,3,3,37,2,4,1,12
5466,10,1711375377353244665,0,6,6,33,6,2,1,3
5467,10,-4379212057924576819,0,5,5,36,9,1,1,2
5468,10,-7540010907759221807,0,7,7,43,3,7,4,10
5469,10,-3075417996496668352,0,4,4,34,2,2,1,3
5470,10,-5456747781547063204,0,2,2,37,1,5,3,11
5471,10,8654472572569327950,0,6,6,35,1,5,2,13
5472,10,-2092697053430237272,0,2,2,37,1,4,1,13
5473,10,-2759578304302999832,0,0,0,38,4,9,4,27
5474,10,-4261870711784441996,0,7,7,32,3,4,3,8
5475,10,-6508718273990270761,0,4,4,33,2,2,1,6
5476,10,5294580937267775310,0,5,5,32,5,1,1,4
5477,10,-3965715984020441619,0,0,0,36,3,7,4,13
5478,10,-2841786538920662052,0,6,6,40,1,4,1,7
5479,10,728482116878996092,0,7,7,37,5,3,2,7
5480,10,-8696607946715309191,0,5,5,34,7,3,2,9
5481,10,8985419277386531084,0,3,3,39,1,7,4,17
5482,10,2304761984832839683,0,6,6,41,1,6,4,18
5483,10,-5816853602187722169,0,6,6,40,3,2,1,4
5484,10,-9134999835654733326,0,8,8,35,4,4,2,14
5485,10,5220531181067862072,0,1,1,31,7,3,2,13
5486,10,-4924882937893318483,0,8,8,39,2,3,1,8
5487,10,8024824960780730548,0,8,8,36,5,5,4,17
5488,10,-1804768270136550376,0,7,7,36,1,4,1,12
5489,10,-5971333721309639912,0,3,3,36,1,6,3,17
5490,10,2155646034858668913,0,5,5,36,1,8,4,24
5491,10,894793433654097204,0,8,8,39,2,8,4,16
5492,10,-9150733717493105316,0,7,7,37,5,8,5,20
5493,10,-4992518527775716474,0,5,5,37,5,2,1,5
5494,10,-4366401021439558341,0,7,7,34,3,3,2,10
5495,10,-5218270259561379670,0,4,4,37,1,5,2,12
5496,10,4397045067544140227,0,8,8,40,4,5,4,10
5497,10,-7329296902879457263,0,4,4,34,2,8,6,21
5498,10,538951800396937420,0,8,8,36,3,3,2,9
5499,10,-3357363147041972239,0,5,5,38,3,6,4,17
5500,10,8220441369465472103,0,2,2,36,5,2,1,7
5501,10,3081799839966735996,0,6,6,38,4,2,1,9
5502,10,7226014032613223733,0,6,6,38,2,3,1,10
5503,10,-2267168271542852013,0,4,4,31,9,3,3,6
5504,10,-4262899394529755658,0,8,8,41,1,7,4,16
5505,10,-3249493916285028803,0,6,6,37,2,2,1,5
5506,10,19278470232282208,0,0,0,36,4,8,5,11
5507,10,4073839686855272467,0,7,7,34,2,6,3,16
5508,10,-8546350394097102031,0,2,2,34,2,3,1,10
5509,10,-6104087104739839233,0,6,6,38,3,5,2,8
5510,10,387760125596148103,0,7,7,34,5,5,3,16
5511,10,-8157640086341829403,0,7,7,38,4,5,3,11
5512,10,9166267321340545903,0,7,7,37,1,5,2,13
5513,10,-1473409698579611872,0,0,0,29,3,8,5,31
5514,10,-2290071772006721605,0,4,4,30,4,3,2,8
5515,10,-4059177322101833103,0,4,4,45,1,4,2,7
5516,10,5300340975128061719,0,1,1,34,1,7,5,19
5517,10,1584834882208704051,0,6,6,39,1,8,4,15
5518,10,3447277996775960670,0,4,4,39,1,4,2,11
5519,10,-7321411220730157357,0,8,8,42,4,4,2,10
5520,10,1534961055334755881,0,2,2,38,5,5,3,16
5521,10,-5386686039710148736,0,6,6,34,3,9,6,22
5522,10,-2226490977081536087,0,2,2,35,3,5,3,14
5523,10,5068348009657041694,0,8,8,33,5,3,3,5
5524,10,8282339757743673014,0,5,5,37,4,5,3,10
5525,10,-6933532524250077057,0,9,9,39,1,9,6,22
5526,10,-6151138239701560025,0,5,5,38,3,4,1,5
5527,10,8692447615901533652,0,1,1,37,2,7,4,17
5528,10,-8485465816166642844,0,9,9,36,2,5,3,10
5529,10,-7109315559216568479,0,6,6,38,1,3,1,8
5530,10,-2242250567698850248,0,5,5,33,5,3,2,9
5531,10,-5954318439799362193,0,2,2,33,1,3,1,7
5532,10,8282222040239913451,0,9,9,37,1,4,2,12
5533,10,-388393527685431929,0,5,5,35,6,2,1,6
5534,10,7189608555420958863,0,3,3,36,2,6,4,8
5535,10,-3764555723142425892,0,4,4,38,5,3,1,10
5536,10,-6033101186962288230,0,5,5,41,3,4,2,12
5537,10,1130675798821888520,0,2,2,39,5,4,1,6
5538,10,4178815372478772917,0,3,3,36,2,3,1,3
5539,10,8718715240605713403,0,4,4,39,1,5,2,13
5540,10,7159191008542214610,0,5,5,34,3,2,1,4
5541,10,-129581852892079056,0,1,1,38,4,4,3,9
5542,10,5179806062175201412,0,2,2,35,1,4,2,11
5543,10,-6790509494597636576,0,4,4,37,6,3,2,8
5544,10,8547622554386008202,0,5,5,33,6,2,1,5
5545,10,-858502513949321733,0,3,3,33,3,4,2,12
5546,10,8248896034730934700,0,1,1,39,2,5,3,10
5547,10,470484184337275029,0,6,6,34,8,3,2,9
5548,10,-1518467891103276854,0,5,5,37,1,4,2,14
5549,10,1184525921246346910,0,4,4,32,7,2,2,4
5550,10,7578434422574340145,0,5,5,37,5,6,3,17
5551,10,3110347357401771798,0,3,3,37,2,7,5,21
5552,10,-3101971251941023440,0,1,1,37,4,2,1,7
5553,10,-6923339425675739905,0,1,1,36,3,3,2,5
5554,10,4830464928548594410,0,5,5,36,4,2,1,5
5555,10,-1837715082805797805,0,1,1,37,3,3,2,9
5556,10,-8069488872525663634,0,7,7,36,1,4,2,10
5557,10,-4137717163036790216,0,5,5,41,3,4,2,11
5558,10,1642965305578110980,0,2,2,41,2,4,1,9
5559,10,-951909370653887375,0,6,6,38,1,3,1,10
5560,10,8754447892000146889,0,3,3,35,7,3,2,4
5561,10,-3087043260486759400,0,5,5,36,2,5,2,11
5562,10,-5262644586718917762,0,8,8,35,7,2,1,5
5563,10,5500457384983293834,0,7,7,33,2,4,1,9
5564,10,5648776021961905052,0,5,5,29,4,4,3,14
5565,10,8662069625025439649,0,5,5,37,2,5,2,14
5566,10,-4205445830319553109,0,8,8,34,3,4,3,9
5567,10,-2335431590022712280,0,7,7,32,4,3,2,7
5568,10,-5274845547237479981,0,9,9,39,1,6,2,14
5569,10,-6372664013036125301,0,3,3,32,2,3,1,11
5570,10,7348196448561777075,0,6,6,37,4,6,4,11
5571,10,329759578462728654,0,4,4,39,3,3,2,4
5572,10,-9135246559790183823,0,6,6,40,4,3,2,5
5573,10,-4828457820764503360,0,6,6,29,6,2,1,6
5574,10,-1484402695364176879,0,5,5,36,5,5,4,8
5575,10,-8541187778732061841,0,3,3,43,5,3,2,8
5576,10,-8204658042869163510,0,5,5,39,1,7,3,13
5577,10,7001331544127799006,0,6,6,32,4,4,2,15
5578,10,641999567728974102,0,5,5,40,1,5,2,11
5579,10,-7309163923024588299,0,2,2,30,8,5,4,14
5580,10,8224354332527386185,0,4,4,38,1,5,2,10
5581,10,1018480989667863224,0,4,4,43,1,7,2,13
5582,10,3256216823536446309,0,1,1,38,2,4,1,14
5583,10,-6188348850245202245,0,8,8,39,2,9,5,14
5584,10,7173113776923331691,0,1,1,37,6,2,1,6
5585,10,-4681747411543063339,0,0,0,36,3,4,2,10
5586,10,-1560535847458000267,0,7,7,38,6,2,1,6
5587,10,-7589496916981015020,0,9,9,36,1,4,1,8
5588,10,2195553104097945539,0,2,2,32,5,3,2,9
5589,10,336400940790946288,0,3,3,38,4,4,2,8
5590,10,-9049054022870666990,0,2,2,35,4,2,1,9
5591,10,-5556137518433723966,0,8,8,35,1,6,4,14
5592,10,612309202362839092,0,8,8,34,6,1,1,1
5593,10,2253070402896926582,0,6,6,40,2,4,1,9
5594,10,-858229313015276579,0,0,0,32,1,6,3,16
5595,10,-140324050608745601,0,9,9,33,4,7,5,19
5596,10,262616721790361786,0,4,4,34,3,3,2,9
5597,10,-1335357168409039349,0,5,5,33,5,7,5,22
5598,10,3252061767269220295,0,6,6,31,1,4,2,12
5599,10,-3411240095988965513,0,4,4,35,4,4,2,10
5600,10,1024789133695761889,0,5,5,36,3,4,2,6
5601,10,8742429526073263109,0,6,6,35,5,5,3,13
5602,10,6527057059519035546,0,5,5,38,4,2,1,7
5603,10,8998242274587324108,0,3,3,37,7,5,4,11
5604,10,265199930948088908,0,5,5,39,3,6,2,10
5605,10,-6049826363957413905,0,7,7,39,4,7,4,13
5606,10,-6290439763620432016,0,2,2,30,3,2,1,7
5607,10,-1822843008636077551,0,4,4,37,1,6,2,11
5608,10,-8021877975860852944,0,6,6,36,5,4,3,14
5609,10,4145057943603049224,0,4,4,36,1,4,2,7
5610,10,2820880658916563258,0,6,6,39,2,7,3,19
5611,10,-2008873961112126512,0,6,6,32,3,2,1,4
5612,10,-5559170521055768874,0,8,8,33,3,3,2,4
5613,10,2672563360734579649,0,5,5,32,4,5,3,12
5614,10,-1157060819415397062,0,6,6,39,1,5,2,9
5615,10,5305258751120210692,0,1,1,36,3,4,2,11
5616,10,-1503708172471531748,0,7,7,31,4,5,3,12
5617,10,6404540907718031427,0,2,2,31,6,5,4,18
5618,10,2463304582008114057,0,8,8,34,4,8,6,23
5619,10,-2028061731340147297,0,5,5,37,1,3,1,7
5620,10,-6954824191402693131,0,6,6,36,7,2,1,3
5621,10,-6209589454713663257,0,7,7,35,4,3,1,6
5622,10,-4929981655144883310,0,4,4,33,1,3,2,4
5623,10,4847023264319978246,0,6,6,33,5,2,2,6
5624,10,535996570513895908,0,5,5,34,2,6,4,17
5625,10,5345782280822366907,0,7,7,38,1,6,3,17
5626,10,-2434461344818107755,0,7,7,42,3,6,4,10
5627,10,3100902825731901072,0,0,0,37,2,6,3,18
5628,10,7269917304519520389,0,4,4,40,2,9,6,13
5629,10,2094288501019660804,0,3,3,28,8,2,1,6
5630,10,-7338666070217100763,0,1,1,37,2,7,5,16
5631,10,-6295081915108005366,0,6,6,38,2,6,4,13
5632,10,4099067075516269829,0,5,5,38,3,6,3,14
5633,10,-7684396193902883658,0,8,8,42,1,5,1,9
5634,10,-1957622276453159254,0,5,5,37,2,5,3,14
5635,10,6184265628413212725,0,2,2,37,2,5,2,15
5636,10,-7316823958258129243,0,5,5,38,5,2,1,3
5637,10,-3813304690169606914,0,7,7,35,9,1,1,4
5638,10,163126479132960224,0,1,1,32,5,2,2,2
5639,10,783985608060165959,0,3,3,38,1,3,1,10
5640,10,-3189333387267532998,0,0,0,38,5,6,3,16
5641,10,4181945902684400569,0,3,3,29,5,2,1,7
5642,10,5083484151152983382,0,6,6,38,1,4,2,6
5643,10,6012224187613979494,0,3,3,39,3,3,1,5
5644,10,-1163136778616233552,0,6,6,35,3,6,5,11
5645,10,3258380451917185786,0,0,0,34,1,5,2,12
5646,10,-4594282622694432528,0,4,4,33,2,5,2,14
5647,10,5492329253714438448,0,2,2,34,2,7,4,18
5648,10,-980035349304137598,0,6,6,40,2,3,1,10
5649,10,3637355087213535368,0,6,6,43,1,8,4,10
5650,10,1045920517810452838,0,5,5,39,3,3,1,8
5651,10,3204796710880022582,0,5,5,35,5,4,2,9
5652,10,533707191381378116,0,4,4,33,2,4,1,8
5653,10,1317927034634553437,0,7,7,36,3,3,2,4
5654,10,6932266860353663683,0,6,6,38,3,6,3,16
5655,10,-6775788171280196228,0,2,2,37,1,5,3,13
5656,10,1816549821121901082,0,6,6,40,2,5,3,9
5657,10,-5786804503351834840,0,2,2,35,1,6,4,14
5658,10,6568536159677518566,0,8,8,35,2,6,3,13
5659,10,5966736368777901563,0,4,4,40,5,6,2,15
5660,10,-2336932388593479106,0,0,0,34,4,4,2,11
5661,10,-1966385967267031860,0,5,5,39,2,3,2,8
5662,10,8466223009595940868,0,4,4,36,1,6,4,14
5663,10,5512017847903021344,0,4,4,41,1,5,3,9
5664,10,-6204096969026275714,0,2,2,37,5,3,2,6
5665,10,-1740543161881065761,0,0,0,37,1,6,2,17
5666,10,2066080514772850468,0,0,0,35,2,7,3,21
5667,10,-2022694257917998262,0,4,4,34,4,3,2,3
5668,10,-2551110810810384197,0,3,3,37,5,3,1,6
5669,10,535250262581105452,0,2,2,38,1,4,1,13
5670,10,-2269756181628767582,0,6,6,31,9,3,3,13
5671,10,-8195214681185296305,0,6,6,35,1,4,2,11
5672,10,6317776585720516971,0,6,6,35,3,4,3,15
5673,10,-8074681007699140047,0,0,0,36,5,5,3,12
5674,10,-5012052143015886676,0,6,6,33,1,5,3,13
5675,10,-8726890655624276488,0,8,8,37,2,4,2,11
5676,10,-4373075351542397417,0,6,6,41,2,6,4,16
5677,10,-9036272601757961822,0,5,5,37,3,3,1,7
5678,10,8351761845661944264,0,0,0,38,1,8,2,19
5679,10,-6134282417188417920,0,6,6,39,3,4,1,10
5680,10,932546623271143390,0,6,6,36,3,2,1,6
5681,10,6467783980127848164,0,3,3,37,4,4,2,12
5682,10,2329310185411938124,0,3,3,37,6,2,1,7
5683,10,-3554037096712406247,0,5,5,33,3,3,2,3
5684,10,3893066132971973104,0,2,2,36,5,4,2,12
5685,10,8720981240117080467,0,7,7,39,2,4,2,7
5686,10,-7330512092700481051,0,4,4,42,1,6,2,14
5687,10,-645593250083797401,0,4,4,42,5,4,2,7
5688,10,-888641352753539051,0,7,7,36,7,2,1,7
5689,10,1084817478053567996,0,3,3,33,6,6,5,13
5690,10,-804758036535775215,0,4,4,36,7,2,2,2
5691,10,5343881092068298498,0,8,8,39,1,4,2,11
5692,10,-8891130320413403868,0,6,6,34,2,3,1,12
5693,10,2262878748882483107,0,0,0,36,1,11,6,34
5694,10,-2517818019038999388,0,7,7,35,1,8,5,16
5695,10,4809551363296096761,0,6,6,36,5,2,1,6
5696,10,-7969399702752523892,0,2,2,32,1,3,2,7
5697,10,2524843847965809599,0,5,5,36,1,5,3,11
5698,10,-489408925672432313,0,6,6,35,5,2,1,5
5699,10,-6158768898587351734,0,7,7,36,5,3,2,4
5700,10,-2256331168202300978,0,5,5,41,2,5,1,15
5701,10,3332949923593722809,0,6,6,41,2,4,2,7
5702,10,7928293512495984884,0,2,2,37,2,4,3,8
5703,10,2756153408437477995,0,4,4,38,1,3,1,10
5704,10,2876405070725627136,0,1,1,35,2,5,3,9
5705,10,-3234799734555111503,0,7,7,39,2,6,3,11
5706,10,-3141821548999303556,0,7,7,36,4,5,3,19
5707,10,-6250726404534181692,0,5,5,41,1,6,2,11
5708,10,5114828847700405068,0,5,5,40,1,5,1,13
5709,10,554948831907510521,0,7,7,36,2,3,1,6
5710,10,1441635793937492737,0,5,5,36,7,2,2,4
5711,10,-345508517365784526,0,5,5,39,2,5,3,7
5712,10,-3782954254388839313,0,6,6,35,4,5,4,16
5713,10,3447789755421521048,0,5,5,33,2,7,4,22
5714,10,-3898315151266152324,0,0,0,42,3,5,1,15
5715,10,-7597906555308555386,0,6,6,41,5,4,2,5
5716,10,-5850393650773139910,0,2,2,37,2,3,1,10
5717,10,718558619755281864,0,3,3,35,1,4,2,9
5718,10,2023438257053479992,0,8,8,39,2,5,3,8
5719,10,-8447587824426190076,0,7,7,39,5,6,4,9
5720,10,-2314450885120881900,0,0,0,31,4,4,2,13
5721,10,-6391392621636714376,0,6,6,32,1,5,3,15
5722,10,2126387901877099861,0,4,4,38,3,4,2,12
5723,10,-5086325161712894235,0,1,1,34,4,3,2,8
5724,10,5814466682723043447,0,6,6,40,2,4,2,8
5725,10,-4059009791447778358,0,4,4,34,3,2,1,3
5726,10,3469782694606142278,0,5,5,42,2,3,1,5
5727,10,-5065135639670548011,0,1,1,43,6,3,1,14
5728,10,-1383445553021782673,0,7,7,35,4,4,2,12
5729,10,-1620968996450077546,0,4,4,33,3,4,3,8
5730,10,2663295169768713299,0,3,3,29,3,4,2,11
5731,10,-1582248737033501835,0,5,5,38,1,9,5,24
5732,10,1522653395691497758,0,7,7,35,6,2,2,4
5733,10,2220768180851210214,0,3,3,40,4,3,1,7
5734,10,3739996958128010264,0,7,7,39,2,6,3,13
5735,10,-4931385771641353510,0,7,7,38,5,7,4,18
5736,10,-343624914613903046,0,5,5,33,4,4,3,7
5737,10,4631946738335018360,0,2,2,38,1,5,2,14
5738,10,5220648995275002372,0,1,1,31,6,3,2,8
5739,10,1148628023677096204,0,3,3,40,2,4,2,11
5740,10,8972020732173648013,0,5,5,41,1,5,3,12
5741,10,7470290073850083903,0,9,9,38,2,9,5,21
5742,10,-8565103818005960741,0,6,6,40,1,6,3,16
5743,10,-7653585889752116344,0,1,1,33,2,3,2,5
5744,10,-1425413376482665100,0,4,4,37,3,6,3,13
5745,10,-5526027584057855262,0,5,5,37,1,7,3,17
5746,10,8291024303473717301,0,7,7,38,1,2,1,3
5747,10,7812164621405095615,0,4,4,39,3,7,3,15
5748,10,-7987585879294861215,0,6,6,37,2,7,4,15
5749,10,3766824573419216444,0,7,7,38,2,4,3,15
5750,10,6666608481080034556,0,7,7,36,1,5,2,14
5751,10,-294809170443059051,0,8,8,39,5,3,2,6
5752,10,8818311997311726170,0,3,3,33,1,6,4,10
5753,10,-7965361645356578854,0,0,0,32,5,5,2,13
5754,10,-5471888727490693646,0,7,7,36,1,5,3,17
5755,10,-2692209866257992990,0,6,6,32,2,4,2,15
5756,10,-5441786173961290889,0,4,4,39,6,4,2,8
5757,10,6472139113958531712,0,4,4,38,2,7,5,18
5758,10,-2614961257933344983,0,5,5,35,1,6,4,15
5759,10,-3621541993576516108,0,5,5,33,8,2,2,8
5760,10,-2952124798854811289,0,0,0,38,2,7,3,15
5761,10,4061814771688569508,0,1,1,37,4,7,3,21
5762,10,1305472736565030793,0,5,5,36,1,5,2,11
5763,10,7941551552023520012,0,8,8,33,5,2,1,6
5764,10,6368698777570293228,0,5,5,33,5,3,2,8
5765,10,4376121504773683441,0,7,7,36,2,5,3,17
5766,10,8494449094816894797,0,6,6,41,1,5,2,15
5767,10,-4571204787787874596,0,6,6,34,6,3,1,10
5768,10,1439062749088417114,0,8,8,35,8,4,3,7
5769,10,3698778407046460614,0,6,6,35,2,5,4,18
5770,10,-3360141246632978810,0,4,4,35,2,3,1,8
5771,10,1819791109734102031,0,4,4,32,5,4,2,14
5772,10,-745246640412314340,0,6,6,34,5,2,2,6
5773,10,-7454369039047108939,0,6,6,36,2,5,3,15
5774,10,-8673276024665857129,0,7,7,36,3,3,1,6
5775,10,-263702535943234111,0,6,6,33,4,3,1,9
5776,10,-3827356782218395088,0,1,1,30,6,3,2,10
5777,10,749532175732361988,0,4,4,34,5,3,1,11
5778,10,-5950378286346493513,0,6,6,32,4,4,2,11
5779,10,4828217917467173379,0,6,6,40,2,4,2,9
5780,10,-3413684274779295834,0,5,5,39,1,3,1,6
5781,10,4363827154096538671,0,7,7,38,4,3,1,9
5782,10,1389099346080173938,0,6,6,35,2,4,2,12
5783,10,-5334534009702409127,0,6,6,35,2,6,4,14
5784,10,-5519315040583092956,0,4,4,36,2,5,3,11
5785,10,6543005162562751844,0,7,7,37,5,6,5,12
5786,10,-4019766056930372312,0,4,4,37,2,4,1,9
5787,10,8641901163731654715,0,7,7,32,3,3,2,8
5788,10,6693164136773287269,0,7,7,37,1,8,6,20
5789,10,8516679503350590725,0,4,4,36,1,3,2,11
5790,10,7389319514575858573,0,0,0,34,4,3,1,8
5791,10,1117488697053404055,0,2,2,37,3,3,1,7
5792,10,1787182546173031605,0,0,0,33,3,10,6,32
5793,10,1266351025356920618,0,4,4,37,2,9,6,19
5794,10,5676638354873618983,0,4,4,40,2,7,5,12
5795,10,-7179630306534784691,0,3,3,40,2,6,2,14
5796,10,5851461044647176055,0,2,2,36,2,2,1,5
5797,10,2463646926873751580,0,1,1,38,2,2,1,4
5798,10,-3554346955783514668,0,6,6,35,9,4,4,12
5799,10,-4074384094548548686,0,3,3,38,2,3,1,7
5800,10,6941254704569397407,0,4,4,39,5,5,3,13
5801,10,-2197494859481293093,0,4,4,37,6,2,1,2
5802,10,1505711266435278657,0,3,3,33,2,2,1,8
5803,10,5378575053051352846,0,2,2,39,1,3,1,7
5804,10,-4860535829249509319,0,3,3,37,2,4,2,10
5805,10,-7094838350889390182,0,5,5,37,1,4,3,9
5806,10,-4910271339426725517,0,4,4,34,4,6,4,20
5807,10,-9221631117833767906,0,4,4,34,1,7,4,20
5808,10,1238677900176884192,0,5,5,37,1,8,6,18
5809,10,5570941536230999613,0,4,4,37,4,5,3,11
5810,10,-6295268474627579838,0,5,5,34,4,3,1,9
5811,10,5028488147619426962,0,5,5,35,1,7,5,16
5812,10,-5963196850319799481,0,4,4,34,5,5,3,12
5813,10,1093094400528736482,0,4,4,32,1,6,4,20
5814,10,-783280183567202599,0,6,6,40,1,3,1,8
5815,10,-6382061631115783280,0,5,5,32,3,3,1,9
5816,10,1092461519999990452,0,3,3,40,1,6,3,15
5817,10,-2369838151240340907,0,3,3,37,1,10,5,33
5818,10,-7004469158875015624,0,1,1,33,1,6,4,24
5819,10,3001268992837721135,0,4,4,37,3,3,1,8
5820,10,4274102895135104384,0,4,4,39,2,5,2,8
5821,10,-4365608390381871974,0,4,4,34,2,4,3,12
5822,10,-4783466789131390030,0,7,7,31,4,5,3,17
5823,10,5347930151391289341,0,4,4,33,6,2,1,5
5824,10,-515375610372245864,0,4,4,31,3,5,3,13
5825,10,7358878630574191463,0,8,8,33,5,4,3,14
5826,10,1816847312846126959,0,8,8,34,4,2,1,4
5827,10,-4492777074109195398,0,4,4,35,3,2,1,6
5828,10,498165081075637503,0,2,2,32,2,2,1,6
5829,10,-7908845780308169049,0,6,6,30,5,3,2,6
5830,10,876925579566553835,0,8,8,37,1,3,1,7
5831,10,6382115672862662299,0,1,1,35,1,3,2,7
5832,10,-2696052536164963766,0,8,8,37,3,3,1,5
5833,10,6029195523649676536,0,8,8,40,1,7,3,13
5834,10,-4034862335491375243,0,7,7,38,2,7,5,13
5835,10,-5840818204320315576,0,7,7,38,2,4,2,8
5836,10,8929604987734161698,0,5,5,35,1,4,1,15
5837,10,-8556952266245183954,0,4,4,35,2,4,1,13
5838,10,3920926829047981233,0,6,6,37,3,4,2,7
5839,10,2857996501290830813,0,7,7,33,6,5,3,9
5840,10,-6414997835999251514,0,4,4,40,2,3,2,7
5841,10,-8039976185052402226,0,2,2,34,1,8,6,17
5842,10,-1827001822241638633,0,4,4,37,2,5,2,13
5843,10,5128032880585184685,0,0,0,38,4,5,1,19
5844,10,7760133900121731718,0,6,6,35,4,7,4,17
5845,10,5938685403795334547,0,1,1,32,3,7,5,21
5846,10,-5752717036922118543,0,3,3,35,3,5,2,13
5847,10,4036492360445553530,0,5,5,36,5,4,3,11
5848,10,2742880772694878793,0,4,4,34,2,4,2,10
5849,10,7127642096031381485,0,6,6,40,1,6,4,16
5850,10,-722107055048797087,0,6,6,35,2,4,2,13
5851,10,-3121754935498560513,0,5,5,32,4,3,1,9
5852,10,-3609082696543327480,0,5,5,39,1,6,3,16
5853,10,1199198560221295229,0,7,7,32,1,5,3,17
5854,10,-4593587073515566375,0,5,5,38,4,3,1,6
5855,10,-8511810710859261850,0,7,7,42,3,3,1,6
5856,10,5489044677671136848,0,4,4,40,6,4,2,9
5857,10,4636176540423944347,0,8,8,33,5,3,2,10
5858,10,3754408092343575201,0,5,5,37,4,5,2,9
5859,10,-6823351844464464174,0,2,2,38,2,4,1,6
5860,10,-5070684738227882556,0,8,8,38,6,4,2,7
5861,10,-6122735963896953392,0,3,3,30,2,4,3,10
5862,10,5456059665736462804,0,7,7,36,2,5,3,11
5863,10,618502906011587799,0,7,7,40,1,8,4,14
5864,10,2979809089893562777,0,6,6,34,5,2,1,5
5865,10,-6875444605011984292,0,1,1,41,1,5,2,8
5866,10,1379590863898794595,0,5,5,36,2,9,6,21
5867,10,8404293530180981245,0,6,6,35,3,3,1,9
5868,10,-1772586007807252711,0,3,3,37,1,7,4,16
5869,10,-4615777808599508047,0,5,5,39,2,7,4,12
5870,10,1760174618926067856,0,7,7,35,1,5,3,14
5871,10,-3026060336120128960,0,3,3,36,1,4,2,13
5872,10,-2127468215812231392,0,7,7,36,3,4,2,8
5873,10,3354461685743241974,0,0,0,33,8,4,2,8
5874,10,3454011626350604661,0,8,8,42,2,3,1,8
5875,10,7981512221027035283,0,4,4,37,6,5,3,10
5876,10,5591164310297765026,0,6,6,36,3,6,3,17
5877,10,-5128304797664656507,0,7,7,34,5,3,2,7
5878,10,2885564118019508603,0,5,5,28,9,1,1,2
5879,10,9146576410915055960,0,5,5,43,1,5,3,9
5880,10,7277420261373979427,0,8,8,35,2,5,3,13
5881,10,-1315439574148558995,0,8,8,35,7,4,3,13
5882,10,-8535032157657437469,0,6,6,41,3,6,4,15
5883,10,7540996222009390313,0,7,7,38,3,5,2,9
5884,10,-6353788540769307331,0,4,4,41,1,5,2,15
5885,10,-5201639496654606352,0,1,1,38,3,2,1,6
5886,10,895071717753156672,0,6,6,34,3,6,4,17
5887,10,7028128529780152851,0,6,6,37,1,6,3,11
5888,10,-4156370971065691362,0,7,7,39,3,7,3,16
5889,10,3321915364412837894,0,5,5,31,5,5,4,14
5890,10,-375183533745264901,0,6,6,38,3,6,3,12
5891,10,4820301096504227990,0,3,3,34,3,3,1,8
5892,10,-393907892915023609,0,4,4,35,8,2,1,4
5893,10,6343755837711566553,0,7,7,34,2,3,1,8
5894,10,6222869802415009230,0,6,6,34,1,3,1,8
5895,10,-3545901147941524570,0,4,4,35,4,3,1,6
5896,10,9211630183064036814,0,0,0,36,2,8,4,19
5897,10,7430177257681267271,0,7,7,35,2,5,2,15
5898,10,3926785016953811786,0,4,4,42,3,6,4,11
5899,10,-3740823645320788883,0,1,1,34,5,3,2,8
5900,10,7184814408737108317,0,2,2,37,1,5,3,14
5901,10,8776398808242041187,0,4,4,37,1,6,3,16
5902,10,9207262445886310481,0,5,5,37,4,4,2,10
5903,10,-5766553609742134138,0,6,6,31,1,6,4,16
5904,10,-534468571973711055,0,5,5,36,3,6,4,12
5905,10,5995806966462162677,0,7,7,35,3,2,1,6
5906,10,-4051427481869051236,0,2,2,36,1,4,1,11
5907,10,2857422488661231748,0,1,1,47,2,8,4,13
5908,10,-3909690444684926757,0,3,3,34,2,6,3,19
5909,10,-7824345787563299851,0,5,5,36,3,5,3,14
5910,10,-990519350977610954,0,3,3,38,1,5,3,12
5911,10,-5107242371975015831,0,7,7,36,5,4,2,14
5912,10,975578121478988930,0,4,4,34,1,4,3,10
5913,10,-1990295421733811693,0,1,1,42,1,7,4,17
5914,10,-2943561183005494018,0,5,5,32,3,2,1,5
5915,10,-2432828311844232145,0,0,0,40,2,6,2,14
5916,10,4138095473591454560,0,6,6,37,6,4,2,11
5917,10,4604283728265664050,0,9,9,35,2,8,5,23
5918,10,791196266368152362,0,4,4,36,4,5,3,16
5919,10,8182101092953438787,0,6,6,32,3,3,2,9
5920,10,-8532811026726101951,0,2,2,35,1,5,2,13
5921,10,-1505769472041901335,0,3,3,37,3,4,2,8
5922,10,-5364904119215818817,0,1,1,29,6,4,3,11
5923,10,40056611110942212,0,5,5,36,1,6,3,15
5924,10,295946792365624839,0,5,5,45,2,6,2,12
5925,10,313089947215495937,0,2,2,36,4,4,2,11
5926,10,4401446937344369178,0,6,6,34,3,4,2,4
5927,10,-7252985230681880503,0,5,5,36,2,3,1,8
5928,10,-4750330515642681816,0,5,5,35,3,3,1,6
5929,10,-8609917668386366470,0,3,3,36,2,4,2,11
5930,10,7941329488689448298,0,4,4,30,6,2,1,5
5931,10,418863201170074584,0,9,9,34,4,5,3,13
5932,10,-1228650002301794514,0,5,5,36,5,2,1,6
5933,10,-8852972368149706619,0,6,6,38,5,3,1,7
5934,10,-5523256793427439821,0,6,6,38,3,3,2,6
5935,10,-4401891958413938704,0,4,4,37,3,3,1,6
5936,10,-5974746288851116234,0,4,4,34,7,3,2,6
5937,10,-4263150581351625973,0,3,3,34,1,2,1,7
5938,10,-2271124315505934900,0,6,6,36,2,5,2,9
5939,10,5664248043512599232,0,7,7,37,1,3,1,9
5940,10,314981203168683634,0,3,3,38,3,3,1,7
5941,10,-6637083010928930779,0,2,2,35,2,8,5,20
5942,10,1321910339190957794,0,6,6,37,2,5,2,11
5943,10,-35293570323403795,0,5,5,35,4,3,1,8
5944,10,8520805730354757031,0,7,7,37,1,9,6,22
5945,10,-2082358991097118431,0,2,2,35,5,2,1,4
5946,10,2486549264536604147,0,5,5,37,1,4,2,11
5947,10,8456696844450965264,0,2,2,34,3,3,2,7
5948,10,-2838827490877096784,0,5,5,36,6,2,1,9
5949,10,4550342765384656516,0,4,4,37,2,4,2,12
5950,10,4317182528405867220,0,5,5,36,2,6,3,12
5951,10,3301577570729102902,0,0,0,33,1,5,3,12
5952,10,-626820401121935111,0,7,7,34,8,3,2,6
5953,10,5411957767689165443,0,6,6,34,5,3,2,6
5954,10,3299591756371902508,0,2,2,32,4,6,4,18
5955,10,-3079764163119930274,0,2,2,36,2,6,3,16
5956,10,5936857980468923396,0,5,5,38,1,6,3,21
5957,10,-8295408080593925240,0,6,6,38,4,4,2,8
5958,10,3824099549379027446,0,5,5,38,3,2,1,6
5959,10,3279235565358157823,0,4,4,34,6,7,5,16
5960,10,-3372570522421562905,0,6,6,35,2,4,1,10
5961,10,2497318285309710003,0,5,5,36,2,4,2,10
5962,10,1633328488669023235,0,7,7,33,4,5,4,8
5963,10,-1101114561315121793,0,9,9,36,3,8,6,16
5964,10,5248455811863959500,0,5,5,40,4,3,1,8
5965,10,5239377136516481622,0,2,2,34,2,4,3,10
5966,10,-8121368777840269195,0,7,7,34,4,3,1,5
5967,10,-1524879650601983556,0,6,6,40,6,3,1,5
5968,10,4821776198619284081,0,5,5,38,2,4,2,6
5969,10,-1219792957098246024,0,7,7,36,4,3,2,9
5970,10,5739915147037156934,0,8,8,37,3,4,2,9
5971,10,-6892165225687391097,0,3,3,32,5,2,1,6
5972,10,-8690777396001885018,0,6,6,34,5,5,4,13
5973,10,3383201487141790035,0,5,5,34,9,2,2,6
5974,10,-706500890221264961,0,5,5,34,6,2,1,7
5975,10,4414170531245636389,0,6,6,36,3,3,2,7
5976,10,-8438570299186586159,0,2,2,39,1,5,3,11
5977,10,-2886285160158622249,0,5,5,38,7,3,2,7
5978,10,-5064478343081586431,0,5,5,38,4,2,1,3
5979,10,3708347777464019661,0,7,7,33,4,4,2,10
5980,10,646420275825285229,0,6,6,30,7,3,3,3
5981,10,9032573385295274533,0,1,1,36,1,6,3,15
5982,10,-4425018952121270657,0,6,6,35,2,4,2,11
5983,10,-2014726355869095124,0,8,8,33,2,4,2,6
5984,10,-4606108586462594938,0,8,8,35,2,4,2,10
5985,10,7218834226163097620,0,8,8,44,1,8,5,19
5986,10,-9052780516093826174,0,4,4,36,2,5,2,9
5987,10,-1509177390466957085,0,1,1,40,2,3,1,6
5988,10,8879554352451594814,0,5,5,33,2,6,3,18
5989,10,8261858498000630191,0,2,2,37,2,5,2,10
5990,10,-5479763430037897052,0,1,1,36,2,4,1,16
5991,10,3019669025921198088,0,7,7,39,3,4,2,9
5992,10,6028421411968639052,0,7,7,36,1,4,2,10
5993,10,-3869614768804987980,0,7,7,34,1,4,2,11
5994,10,1205643034402406997,0,6,6,36,2,6,3,16
5995,10,8672107463464750753,0,8,8,35,5,5,4,14
5996,10,6554253854189064824,0,5,5,32,5,2,1,6
5997,10,425420946791219223,0,8,8,36,4,7,5,23
5998,10,3549858402805643098,0,0,0,35,2,4,1,12
5999,10,-526513630548074708,0,6,6,35,1,2,1,5
6000,10,-6022940072571450336,0,3,3,34,1,7,5,13
6001,10,3241626171911491709,0,5,5,33,4,4,2,10
6002,10,-9047192601660858552,0,9,9,35,2,5,3,11
6003,10,7481146213949971226,0,1,1,35,4,3,2,7
6004,10,4225726992295479991,0,6,6,31,1,4,2,17
6005,10,5656838000150106306,0,8,8,36,9,2,2,4
6006,10,-5602380795243874035,0,2,2,36,2,6,4,16
6007,10,7351075766793880911,0,7,7,34,4,5,2,8
6008,10,-8309067151871169472,0,7,7,34,7,2,2,6
6009,10,6697247729812490611,0,6,6,32,5,3,3,11
6010,10,8752662470461888872,0,0,0,32,3,4,2,11
6011,10,-6790826980971062108,0,4,4,37,1,5,2,13
6012,10,298573813087268311,0,8,8,38,6,5,4,5
6013,10,6202354885239507540,0,4,4,38,2,4,2,7
6014,10,3604092753521332588,0,9,9,40,3,4,2,7
6015,10,141196078952998502,0,7,7,29,6,1,1,4
6016,10,3750048508065397288,0,0,0,28,2,4,2,10
6017,10,-506893996651651876,0,5,5,43,3,4,2,5
6018,10,4307839254842483969,0,2,2,32,3,6,4,16
6019,10,7589342256148957396,0,8,8,40,3,5,2,13
6020,10,5081655288706107382,0,5,5,39,1,4,1,9
6021,10,5551617375142971060,0,3,3,32,5,7,4,21
6022,10,-3742831403228933789,0,3,3,36,3,5,3,14
6023,10,8126089596494804388,0,6,6,39,2,6,3,10
6024,10,7891824851725486230,0,6,6,39,5,5,3,8
6025,10,382973202358869052,0,5,5,38,1,6,2,14
6026,10,7349118552813495201,0,2,2,41,1,5,3,10
6027,10,-8996937429154634626,0,1,1,33,5,3,2,6
6028,10,-2232524512193517967,0,1,1,38,1,5,2,13
6029,10,6558780202134741766,0,4,4,34,3,4,2,10
6030,10,-1968863247092883681,0,4,4,37,6,2,1,4
6031,10,1771905493738773887,0,3,3,35,1,6,3,16
6032,10,-319377141223206010,0,6,6,42,1,6,3,13
6033,10,6005431973708366937,0,5,5,35,1,3,1,6
6034,10,-5636478950686116843,0,0,0,37,1,10,6,24
6035,10,7811288638193669048,0,3,3,37,3,4,2,6
6036,10,-7194875431908939803,0,2,2,35,3,3,1,8
6037,10,-8940063617559146577,0,4,4,32,6,5,4,10
6038,10,9063525247460247053,0,4,4,34,1,4,3,7
6039,10,-1429151611259744339,0,5,5,41,1,6,2,15
6040,10,1338760075183902773,0,2,2,38,3,3,2,6
6041,10,5936189564243660087,0,6,6,34,2,2,1,3
6042,10,-7976287569320852887,0,4,4,42,2,7,4,15
6043,10,-3785095417563354665,0,4,4,40,3,4,2,10
6044,10,-9080853187883873233,0,4,4,33,2,3,2,10
6045,10,6551242875980308564,0,1,1,39,1,6,3,16
6046,10,-7416189910478158118,0,3,3,36,2,5,3,10
6047,10,-7233113440702638814,0,8,8,38,1,5,3,9
6048,10,-3235347881911419616,0,2,2,35,4,2,1,3
6049,10,2515333520061020700,0,9,9,36,5,3,2,6
6050,10,-6884332419548194838,0,7,7,39,4,4,2,10
6051,10,-9005805847662069392,0,4,4,35,2,3,1,8
6052,10,466753568900580459,0,7,7,42,2,5,2,11
6053,10,8935201837739662297,0,6,6,32,1,4,2,14
6054,10,-3987869354047428749,0,4,4,33,2,5,3,11
6055,10,-5461928484298318317,0,5,5,38,2,3,1,5
6056,10,-816910871635135995,0,7,7,39,1,9,5,27
6057,10,357480572544838028,0,2,2,39,2,4,2,7
6058,10,3242986631448046374,0,7,7,33,7,3,2,7
6059,10,1201647710377682007,0,6,6,33,1,4,3,11
6060,10,5842837653001339639,0,6,6,35,1,6,3,15
6061,10,397958588526546021,0,4,4,38,1,3,1,10
6062,10,5689227290174751494,0,4,4,36,5,2,1,4
6063,10,8651604365332402678,0,4,4,38,1,4,1,7
6064,10,1315738244212764640,0,4,4,38,2,5,2,8
6065,10,8851432779059307852,0,8,8,35,3,2,1,8
6066,10,6242363633024774122,0,3,3,30,4,4,3,4
6067,10,2319383336805034914,0,5,5,35,1,4,1,10
6068,10,4061604803457747824,0,0,0,37,1,8,4,14
6069,10,-8478760739115495588,0,6,6,34,2,5,3,12
6070,10,8007475969672960510,0,2,2,41,3,4,1,12
6071,10,8580399754885734270,0,0,0,37,4,5,2,19
6072,10,5293506936209961198,0,4,4,41,3,4,1,11
6073,10,-5112823548250869150,0,1,1,35,1,7,4,23
6074,10,-8655467957461358782,0,5,5,37,2,6,3,11
6075,10,8942055073962639269,0,0,0,33,4,3,1,8
6076,10,-4552349142305406285,0,5,5,38,2,5,3,14
6077,10,3873767741101679970,0,7,7,39,3,6,3,15
6078,10,-3545182974805548534,0,4,4,36,1,3,1,8
6079,10,3575071943519849634,0,6,6,40,2,5,2,9
6080,10,2102694895883843757,0,1,1,35,1,3,1,10
6081,10,4360906623243919634,0,3,3,38,1,7,4,18
6082,10,5259256394955337596,0,3,3,37,2,4,2,8
6083,10,-4256377094228127754,0,5,5,38,5,3,3,5
6084,10,3448439991940464349,0,5,5,40,2,8,5,21
6085,10,1897294392773771870,0,5,5,33,7,3,1,11
6086,10,736455396180497941,0,3,3,39,2,6,4,11
6087,10,5649048709581473430,0,9,9,38,1,7,4,15
6088,10,-3670523209585826855,0,5,5,30,3,6,4,19
6089,10,-6909084901101331230,0,4,4,35,3,3,1,8
6090,10,-5939559041923410908,0,5,5,35,2,3,1,9
6091,10,-7499633015477609622,0,4,4,36,1,3,1,10
6092,10,277640674313557835,0,4,4,36,7,4,3,13
6093,10,-1997807674369614477,0,3,3,43,2,9,5,16
6094,10,-2610033934665513394,0,6,6,38,1,7,4,16
6095,10,3194109769095918031,0,6,6,34,1,5,3,14
6096,10,-7888496203690182544,0,6,6,36,1,8,3,21
6097,10,746766354653527191,0,8,8,37,2,6,3,16
6098,10,-2430892995208045048,0,3,3,35,1,4,2,11
6099,10,1024684111220867094,0,4,4,34,3,5,3,12
6100,10,7092087471114351769,0,1,1,36,2,3,2,5
6101,10,7550196823803035911,0,3,3,36,2,10,6,29
6102,10,8642982641460979744,0,1,1,36,3,2,1,4
6103,10,-2784899649921435133,0,4,4,34,6,1,1,2
6104,10,8391050150612727213,0,3,3,40,4,5,3,10
6105,10,-3712957399403015628,0,7,7,35,5,4,3,5
6106,10,9165079774805828405,0,4,4,36,2,9,6,23
6107,10,-4781555179704087730,0,4,4,41,4,2,1,6
6108,10,-3619219691993816922,0,8,8,36,8,2,1,3
6109,10,-3817848731780932928,0,6,6,40,1,6,3,10
6110,10,-101941874766305734,0,9,9,34,2,5,2,16
6111,10,-5236440210303032794,0,2,2,38,1,4,1,10
6112,10,-6738367592603458545,0,6,6,34,1,5,2,13
6113,10,837966096474356480,0,5,5,33,2,4,2,15
6114,10,-838467455639546121,0,2,2,37,3,4,2,9
6115,10,-6634785559311791703,0,3,3,34,4,7,6,18
6116,10,3619269924541929101,0,4,4,33,5,8,5,26
6117,10,3453797192164936577,0,6,6,36,5,6,3,14
6118,10,2497712100847235208,0,4,4,42,2,5,2,10
6119,10,6335643682029900908,0,5,5,38,1,4,2,9
6120,10,-8572939182881741485,0,8,8,35,1,6,3,11
6121,10,-8247751241206222976,0,1,1,37,1,8,6,25
6122,10,-4254332958510065188,0,3,3,37,2,3,1,6
6123,10,-6521857492107471111,0,2,2,37,3,2,1,5
6124,10,-7142507210122620244,0,3,3,39,4,4,1,6
6125,10,4165033527949408112,0,3,3,35,1,8,4,24
6126,10,7590649189619223607,0,3,3,37,4,5,2,12
6127,10,6377683823842538060,0,5,5,29,5,1,1,5
6128,10,1066364692074103925,0,3,3,42,1,5,1,12
6129,10,89664399738573688,0,7,7,38,3,6,4,13
6130,10,-7026713125139969616,0,5,5,36,2,7,5,17
6131,10,-8592875104488001962,0,3,3,40,2,5,2,14
6132,10,3198240677914223263,0,3,3,43,1,4,2,8
6133,10,-4283040132294552077,0,3,3,33,2,6,4,12
6134,10,-6811441208683584588,0,5,5,37,1,4,2,14
6135,10,5121856833544545403,0,6,6,35,1,7,4,21
6136,10,-5972612184308611662,0,5,5,37,2,3,1,5
6137,10,6715785959188907502,0,7,7,37,1,5,4,8
6138,10,-5127715190083399295,0,3,3,46,1,7,4,18
6139,10,-7574120443489437165,0,1,1,38,2,4,2,8
6140,10,930491688453666117,0,1,1,33,7,1,1,1
6141,10,-7214034722479062611,0,5,5,40,1,5,2,12
6142,10,8392734367975462572,0,4,4,39,1,5,4,13
6143,10,-2795507184131740948,0,2,2,34,5,5,3,11
6144,10,6034469477439780487,0,3,3,36,9,3,3,10
6145,10,3143523021079146790,0,5,5,33,6,5,4,12
6146,10,-7187083344070559332,0,7,7,39,7,5,3,13
6147,10,5418239207538009030,0,7,7,36,6,3,2,9
6148,10,-8055095957504709959,0,5,5,32,1,7,4,18
6149,10,2597435823029635204,0,2,2,33,5,4,3,6
6150,10,3573763663575337484,0,0,0,38,1,8,3,24
6151,10,-146900594866852650,0,6,6,38,1,8,5,18
6152,10,5293128224489192882,0,5,5,37,2,3,1,11
6153,10,-2442029494016615771,0,6,6,36,4,5,2,11
6154,10,-8490930169853479027,0,5,5,34,1,3,1,10
6155,10,-5052093811751214012,0,8,8,33,1,4,1,13
6156,10,-5560231867939543974,0,6,6,34,1,8,5,27
6157,10,3353107750081395613,0,2,2,41,3,4,1,9
6158,10,3789686832647993345,0,6,6,38,3,4,1,10
6159,10,-7788507391383877460,0,3,3,37,3,8,6,20
6160,10,8802858145006644015,0,4,4,38,1,5,2,11
6161,10,-9115561384294763727,0,2,2,35,1,6,3,18
6162,10,712235852494880289,0,2,2,33,5,4,3,11
6163,10,-7531470304023833695,0,5,5,35,4,5,3,17
6164,10,-6953767598826957629,0,7,7,37,2,7,3,21
6165,10,8318011427431022429,0,3,3,41,6,4,3,15
6166,10,-8592147493894799367,0,3,3,38,1,5,3,12
6167,10,-3740774130164079578,0,4,4,36,1,5,2,10
6168,10,-2036369867344279493,0,3,3,33,1,3,1,5
6169,10,7711452092874778319,0,2,2,34,3,6,4,12
6170,10,6505302463852907879,0,1,1,36,4,4,3,10
6171,10,693585158829603123,0,0,0,36,2,5,1,11
6172,10,113304679901237202,0,3,3,35,4,2,1,3
6173,10,7536732183217036137,0,9,9,37,3,6,3,18
6174,10,-6241223584347310433,0,8,8,37,2,5,3,13
6175,10,-9009127557664605130,0,1,1,37,6,4,2,9
6176,10,1330115552525887316,0,5,5,32,5,2,2,4
6177,10,-5208968072967852862,0,1,1,41,1,5,3,13
6178,10,-3944800835890412887,0,6,6,37,5,3,1,5
6179,10,-6159991541793956977,0,6,6,34,7,2,1,8
6180,10,4016679147959245475,0,3,3,37,1,4,2,10
6181,10,8035513637009312422,0,9,9,36,1,3,1,5
6182,10,-9181722406293965343,0,7,7,38,8,3,3,3
6183,10,1768444729521272082,0,4,4,35,3,5,3,13
6184,10,-2443682890229287882,0,4,4,34,1,5,3,13
6185,10,-5253930940166203502,0,0,0,31,2,11,7,32
6186,10,3614651753923487863,0,4,4,40,1,4,2,6
6187,10,7476574181791961225,0,6,6,38,2,4,2,9
6188,10,-5204505207276323947,0,3,3,38,4,5,4,12
6189,10,-7849954262451057863,0,6,6,39,5,2,1,2
6190,10,395616198030421229,0,5,5,39,3,3,1,6
6191,10,-8051098475906487760,0,5,5,34,2,3,1,11
6192,10,-2838747534611250210,0,3,3,38,3,4,2,5
6193,10,-7344638645909887743,0,9,9,37,1,5,2,7
6194,10,2601034640515942044,0,6,6,36,3,3,1,9
6195,10,2725044065025035575,0,3,3,35,3,4,2,11
6196,10,3778400252741487171,0,4,4,36,5,6,4,17
6197,10,5612091146266422919,0,6,6,36,3,4,2,10
6198,10,1940768177324994607,0,3,3,31,4,5,4,17
6199,10,157119184404037188,0,6,6,34,1,4,1,15
6200,10,2275235354919281802,0,3,3,33,5,2,1,4
6201,10,-56551867496903145,0,7,7,37,3,6,5,19
6202,10,8147574129853641253,0,6,6,38,4,4,1,9
6203,10,5830536951511463406,0,2,2,35,3,4,2,5
6204,10,6238265429845950347,0,2,2,35,3,2,1,7
6205,10,1343979357654083892,0,2,2,36,6,2,2,6
6206,10,-8115043437451949741,0,9,9,32,2,5,3,14
6207,10,-6491046943106733245,0,4,4,34,2,6,4,10
6208,10,-9140156919227011658,0,1,1,36,1,5,2,13
6209,10,3830114439969969942,0,3,3,37,1,5,2,16
6210,10,2817334529848417632,0,7,7,34,2,6,3,15
6211,10,-4288410501043868093,0,2,2,34,3,2,1,5
6212,10,1895168342870279562,0,6,6,35,5,4,3,9
6213,10,-8141112446236892377,0,4,4,33,2,4,2,9
6214,10,6871643302591989576,0,3,3,28,7,3,3,8
6215,10,58601646023922274,0,6,6,39,4,7,4,19
6216,10,2719368612803301407,0,5,5,35,6,2,1,2
6217,10,5501933960957271941,0,1,1,37,3,4,2,10
6218,10,3758380139162789850,0,4,4,37,2,5,3,17
6219,10,-5610501190959978230,0,6,6,36,2,5,3,10
6220,10,2403161150585620381,0,8,8,35,6,3,2,6
6221,10,-2134642966773102716,0,5,5,32,3,5,3,12
6222,10,-7259640205738291654,0,4,4,38,4,5,4,12
6223,10,-1728102957331433,0,8,8,39,1,6,3,12
6224,10,3404872200198120899,0,8,8,40,1,6,3,12
6225,10,5845023699392967209,0,3,3,34,3,8,6,19
6226,10,3894381534882786911,0,2,2,40,2,5,2,12
6227,10,8151484880125507673,0,2,2,34,4,3,1,9
6228,10,-8390601270567697823,0,6,6,39,2,5,4,13
6229,10,4709198910731474095,0,6,6,34,6,3,2,8
6230,10,-7966749481247250538,0,5,5,35,5,5,4,16
6231,10,533777550904834069,0,3,3,38,1,4,2,11
6232,10,-66371554950495778,0,4,4,35,1,4,1,10
6233,10,5104054650888017158,0,8,8,38,2,6,4,9
6234,10,3971966619938183933,0,5,5,36,5,4,1,10
6235,10,6869475041827560836,0,5,5,42,1,5,2,14
6236,10,2772875475887821746,0,3,3,37,4,4,3,13
6237,10,-4676323847451235249,0,5,5,38,2,2,1,5
6238,10,2154501831713182217,0,7,7,39,4,2,1,3
6239,10,4548369761425411411,0,5,5,36,1,6,3,14
6240,10,1414735290876428525,0,4,4,31,1,7,4,21
6241,10,-4789471840926295711,0,6,6,34,1,7,4,24
6242,10,6409665583184377089,0,3,3,35,1,6,3,18
6243,10,4380789926648944930,0,9,9,39,3,4,2,13
6244,10,373100188667300527,0,4,4,33,5,4,2,15
6245,10,3843326650426893128,0,5,5,42,2,6,2,10
6246,10,4622646543466500480,0,1,1,43,3,6,4,14
6247,10,-6392845103974880763,0,7,7,35,2,5,3,12
6248,10,-5867596277472339794,0,4,4,39,3,5,2,13
6249,10,1921990069554506688,0,5,5,38,5,3,1,7
6250,10,-5921062676215729929,0,0,0,42,1,6,1,20
6251,10,-6145952734043489530,0,1,1,35,3,5,4,14
6252,10,-3379512206294190157,0,4,4,36,3,4,1,14
6253,10,-8925474735907155522,0,1,1,40,2,4,1,8
6254,10,6384634141606248232,0,4,4,39,1,8,4,20
6255,10,-4874091979230551136,0,7,7,39,2,5,2,13
6256,10,-5430331466044282851,0,4,4,37,1,4,2,12
6257,10,-1282132233941031960,0,2,2,39,1,6,3,15
6258,10,-4453572497779375956,0,6,6,35,5,3,1,11
6259,10,-5262623935067246010,0,3,3,39,3,6,3,13
6260,10,7288449527767120988,0,8,8,34,1,7,4,18
6261,10,-6736388388933590249,0,8,8,38,3,7,4,18
6262,10,-5887525045038704274,0,4,4,36,4,4,2,8
6263,10,-5454872504248838438,0,7,7,32,2,4,3,13
6264,10,8659273551565096823,0,2,2,38,2,6,3,17
6265,10,-1375352774715403044,0,2,2,32,8,6,5,11
6266,10,-7569843266999000274,0,7,7,30,6,4,3,12
6267,10,-7117626563767526090,0,1,1,37,2,3,1,10
6268,10,-8945572882621637753,0,3,3,33,5,5,2,13
6269,10,4090916232691099129,0,7,7,37,1,3,1,4
6270,10,2162857572101051392,0,4,4,39,5,5,3,12
6271,10,-7082559688810530905,0,6,6,33,3,3,2,10
6272,10,6861331808802478138,0,1,1,37,1,5,2,7
6273,10,7565494577100446948,0,3,3,36,2,6,4,17
6274,10,983089807334126794,0,4,4,34,5,2,1,6
6275,10,2770780456957466988,0,7,7,40,5,4,3,7
6276,10,-5064220938172561071,0,8,8,32,3,7,5,20
6277,10,-4785348473203893177,0,7,7,38,1,6,2,12
6278,10,1429735054461626313,0,5,5,35,2,6,3,18
6279,10,-1580680498855288517,0,3,3,37,3,4,1,10
6280,10,-7614440840002284255,0,5,5,36,2,7,4,23
6281,10,7056458807468864898,0,2,2,40,3,4,1,7
6282,10,546436384697401100,0,3,3,37,7,3,2,7
6283,10,5767193392060945341,0,8,8,42,1,8,6,15
6284,10,-4851650027554129130,0,6,6,35,4,4,3,9
6285,10,5684974172384430888,0,6,6,31,6,2,1,3
6286,10,3461091925985829624,0,1,1,35,3,7,5,17
6287,10,3164178345304745486,0,4,4,37,2,3,1,10
6288,10,4679892732417548844,0,2,2,32,4,3,2,8
6289,10,-8890874612195228802,0,5,5,34,5,2,1,5
6290,10,-5130726312350742334,0,4,4,33,1,4,2,8
6291,10,2548158558947858494,0,7,7,36,2,3,1,9
6292,10,-2761603608851515532,0,7,7,35,2,2,1,5
6293,10,-4647461480513402113,0,7,7,38,3,4,1,11
6294,10,4059539265776630008,0,3,3,31,5,4,2,7
6295,10,1305591813922480082,0,6,6,38,4,3,2,8
6296,10,-2847287901967885163,0,2,2,41,1,4,2,12
6297,10,-5422443408138279206,0,1,1,36,4,5,3,10
6298,10,-1159321845574572551,0,7,7,39,2,8,5,19
6299,10,-1805428554896350653,0,6,6,35,5,3,1,5
6300,10,4719536581841725000,0,7,7,39,7,3,2,9
6301,10,-7888970031501240462,0,7,7,36,4,3,2,7
6302,10,3940625214028616312,0,3,3,36,4,3,2,9
6303,10,-1649382552858394755,0,0,0,33,2,9,6,23
6304,10,-6123831177165067557,0,4,4,36,3,3,1,10
6305,10,-541192232451306787,0,5,5,34,3,4,2,13
6306,10,6046655711695554557,0,4,4,32,5,3,2,12
6307,10,1300403815033269346,0,3,3,34,1,3,1,7
6308,10,5013655975455252655,0,5,5,40,1,6,3,15
6309,10,-2486302892328935578,0,3,3,33,6,3,2,10
6310,10,-1853702741391696541,0,4,4,36,5,3,1,8
6311,10,3108361996803022149,0,0,0,37,3,6,3,13
6312,10,-6154131542100095813,0,8,8,36,2,8,6,13
6313,10,-2350379425423067636,0,2,2,35,4,5,3,12
6314,10,-2824153380059280037,0,3,3,32,3,4,2,15
6315,10,-6064740112587243409,0,1,1,40,2,4,2,7
6316,10,-3020822512754507514,0,5,5,33,5,4,2,12
6317,10,5359302698748613888,0,4,4,37,1,5,2,13
6318,10,-3456665012530995992,0,3,3,34,2,3,1,5
6319,10,-1689373920458635106,0,9,9,38,1,5,1,15
6320,10,-125705525645481168,0,6,6,34,7,2,1,5
6321,10,-4788509831950149077,0,3,3,40,4,3,1,6
6322,10,-1430565568168504862,0,2,2,36,3,6,2,15
6323,10,-69354507728337023,0,8,8,33,5,1,1,1
6324,10,-3311928462681525526,0,3,3,36,3,3,1,5
6325,10,-5607489996227297883,0,1,1,36,6,7,5,17
6326,10,-5225694354750998157,0,2,2,40,2,4,1,10
6327,10,1233609749307938877,0,7,7,39,1,5,2,18
6328,10,404727620166740089,0,5,5,41,2,5,2,7
6329,10,6062406333774062655,0,3,3,38,1,6,3,15
6330,10,1908189954416131740,0,5,5,31,6,3,2,8
6331,10,-3810105496274183701,0,5,5,34,5,3,2,11
6332,10,-381845244940336329,0,6,6,34,8,4,3,10
6333,10,683079558703120890,0,7,7,38,2,6,3,9
6334,10,4107721558933639345,0,6,6,33,7,4,2,10
6335,10,-1780045650332567017,0,3,3,38,2,6,3,15
6336,10,-4601482896476131310,0,9,9,35,1,5,3,14
6337,10,-4608465686372643698,0,7,7,37,3,4,2,13
6338,10,3363124830034352601,0,6,6,36,1,6,3,19
6339,10,6629193290706161475,0,6,6,36,3,8,6,23
6340,10,-7280623091298832372,0,6,6,33,2,5,3,11
6341,10,-7521687805538845212,0,6,6,41,4,3,1,6
6342,10,-5008652639524715121,0,5,5,33,3,2,1,5
6343,10,2780684057434243938,0,3,3,31,1,6,4,15
6344,10,-3960450516044085575,0,4,4,34,5,5,3,20
6345,10,-4040795996619905380,0,6,6,31,3,5,3,14
6346,10,872801696528488228,0,4,4,38,1,7,3,15
6347,10,3545810969878826589,0,1,1,37,4,4,2,11
6348,10,3744016950867261636,0,4,4,35,1,4,2,8
6349,10,-5642121025603268472,0,6,6,36,1,7,4,20
6350,10,1105916634810847290,0,5,5,38,4,4,2,10
6351,10,-6493793510161989486,0,0,0,37,1,5,2,14
6352,10,6398423307781560938,0,3,3,39,1,5,2,13
6353,10,-2133036186767822545,0,1,1,36,7,3,2,3
6354,10,-4263781372564412598,0,5,5,33,1,4,1,10
6355,10,2137836381033585999,0,4,4,33,3,3,2,4
6356,10,-4625045238633320963,0,6,6,36,1,4,1,12
6357,10,8241404987477339211,0,3,3,39,3,5,3,11
6358,10,8138905109323075103,0,6,6,37,8,3,2,6
6359,10,9136051792121824603,0,3,3,36,3,4,3,7
6360,10,-189476271360470430,0,3,3,41,2,4,2,5
6361,10,-8242607476384438709,0,1,1,36,2,7,3,17
6362,10,-6018360408265226151,0,1,1,37,3,4,2,9
6363,10,641645776336957806,0,4,4,32,2,2,1,5
6364,10,6593680945411473811,0,7,7,37,6,3,2,7
6365,10,2833879002468656850,0,7,7,40,1,8,4,17
6366,10,-6020543612929306132,0,8,8,37,4,3,2,6
6367,10,219184944789077173,0,7,7,37,1,6,2,16
6368,10,-432402447061524705,0,5,5,35,1,3,1,9
6369,10,-3387273701498254538,0,6,6,41,5,5,3,7
6370,10,7583428314268128670,0,6,6,39,1,5,3,12
6371,10,-4985922630980452529,0,2,2,35,8,4,3,12
6372,10,7557446014425863845,0,6,6,38,2,7,3,17
6373,10,7897973959459490050,0,9,9,35,2,4,2,11
6374,10,-6414847654350015604,0,0,0,33,1,8,5,20
6375,10,639103955127154898,0,2,2,35,6,2,2,4
6376,10,9199233854282435164,0,3,3,34,1,7,4,20
6377,10,166764462337097844,0,6,6,36,1,7,4,19
6378,10,4870397158707484581,0,7,7,37,3,4,2,11
6379,10,6550069989208558278,0,3,3,39,1,8,4,19
6380,10,8777791888363786638,0,8,8,40,3,4,1,13
6381,10,3865911876923383552,0,3,3,30,2,2,1,6
6382,10,-7403969994736345043,0,2,2,38,2,4,1,8
6383,10,6298001727927337768,0,6,6,36,5,5,2,11
6384,10,3400943081564391193,0,9,9,34,2,4,1,13
6385,10,2810620582199628235,0,6,6,31,2,5,3,14
6386,10,3888541151628481596,0,5,5,35,2,5,2,13
6387,10,-8348767468483496215,0,5,5,36,1,4,2,11
6388,10,-7673040687485327379,0,1,1,38,1,6,3,12
6389,10,2891467624512981040,0,5,5,33,5,2,1,6
6390,10,-6661489156169143747,0,2,2,38,3,5,2,15
6391,10,4330367811654446189,0,7,7,35,4,6,4,15
6392,10,-7636971244538134128,0,4,4,37,6,5,3,12
6393,10,-8450309929070066113,0,5,5,38,2,6,4,11
6394,10,9030623793812676207,0,3,3,37,2,4,1,10
6395,10,5634587116289447437,0,3,3,38,3,5,2,7
6396,10,-6273142533112598371,0,0,0,38,3,8,4,20
6397,10,2631373113662146361,0,5,5,39,1,4,2,10
6398,10,-7268959923186525849,0,6,6,35,1,7,5,17
6399,10,-7914462312558404459,0,2,2,34,1,3,1,5
6400,10,-7601308736381931712,0,1,1,37,2,4,1,9
6401,10,7222284735823147029,0,8,8,38,3,5,2,11
6402,10,-6081143110644242804,0,5,5,31,3,4,2,10
6403,10,958234783869516230,0,1,1,38,1,4,2,7
6404,10,3704181571133469628,0,1,1,36,2,7,4,16
6405,10,-3280840459255672321,0,3,3,36,5,8,6,23
6406,10,3596545072734894746,0,2,2,34,9,1,1,2
6407,10,-4248920023057685803,0,5,5,37,2,3,1,10
6408,10,-1364093859866698011,0,6,6,37,1,5,3,10
6409,10,-6813275044859675437,0,6,6,30,5,5,3,14
6410,10,9011394315672750624,0,3,3,42,1,5,3,8
6411,10,-8535303989755690262,0,6,6,33,2,3,2,10
6412,10,-9203751169223853402,0,3,3,42,1,6,2,12
6413,10,9145232293608366502,0,7,7,41,5,4,1,7
6414,10,-2755909027259469822,0,1,1,32,3,6,4,16
6415,10,-7579866469093964381,0,3,3,33,6,3,3,5
6416,10,4809073189457479805,0,3,3,37,3,6,3,14
6417,10,3739081520393864510,0,2,2,39,2,4,3,7
6418,10,-1047044184316648457,0,0,0,36,1,5,2,12
6419,10,9135535097103954318,0,1,1,35,8,5,5,17
6420,10,-84328439316963334,0,4,4,31,5,3,2,8
6421,10,-4758549162289315179,0,3,3,33,6,5,4,12
6422,10,281935032596775180,0,7,7,38,5,2,1,5
6423,10,-5494370172429774158,0,2,2,35,4,5,4,10
6424,10,9117654233104620868,0,4,4,41,2,5,1,12
6425,10,8523128087353367898,0,6,6,38,6,4,2,8
6426,10,7659482896752974879,0,3,3,37,3,3,2,11
6427,10,3885582366320325895,0,7,7,33,1,4,2,11
6428,10,-8554232713578193005,0,1,1,34,1,3,2,3
6429,10,-8464250090887977873,0,5,5,34,6,4,3,8
6430,10,-7059943069254948252,0,8,8,37,3,4,1,7
6431,10,6613699780738035449,0,2,2,35,1,4,2,15
6432,10,5070935614204106679,0,4,4,34,4,3,2,9
6433,10,-8901467257898802068,0,4,4,39,4,2,1,5
6434,10,-3554366483156371484,0,5,5,42,2,4,1,8
6435,10,7557450780339993577,0,6,6,32,2,4,3,12
6436,10,-6059248787541662064,0,2,2,43,4,4,1,11
6437,10,-2536435259249939941,0,5,5,36,4,3,2,9
6438,10,-1338308913592930823,0,3,3,34,4,4,1,11
6439,10,-6124636081739929940,0,0,0,42,2,9,5,20
6440,10,-2256774315485705325,0,4,4,35,1,4,2,7
6441,10,-7019408830267566854,0,2,2,35,1,5,3,12
6442,10,-698122042279417388,0,1,1,33,7,5,4,12
6443,10,2445014142964696074,0,5,5,39,4,2,1,4
6444,10,4418309861305738060,0,5,5,36,3,5,4,8
6445,10,-1128287053348488772,0,2,2,35,7,4,3,7
6446,10,3018566265370141431,0,6,6,37,3,6,4,13
6447,10,5347290812355755328,0,1,1,36,5,7,4,19
6448,10,-1758236773213129258,0,6,6,35,2,6,4,14
6449,10,-1115837108980788024,0,3,3,38,3,4,2,7
6450,10,-2572672986041015877,0,2,2,34,1,6,5,19
6451,10,9197356226569071231,0,4,4,38,2,4,1,7
6452,10,-2818955568633916059,0,5,5,35,8,3,2,6
6453,10,-5540250829455684424,0,3,3,35,5,5,4,13
6454,10,8699030183608223180,0,4,4,38,6,4,3,9
6455,10,-8038459675215020694,0,6,6,32,3,3,1,7
6456,10,9141530868561153212,0,0,0,37,5,6,3,16
6457,10,6238015752170357980,0,0,0,39,3,5,1,12
6458,10,6540754085748661416,0,6,6,39,3,5,4,9
6459,10,-8770817421156648036,0,4,4,36,4,2,1,6
6460,10,886588823392705975,0,9,9,35,2,6,2,22
6461,10,1595959419276345269,0,1,1,37,3,5,2,12
6462,10,2974344868322183203,0,4,4,42,2,6,3,13
6463,10,6814026660460235040,0,6,6,39,5,8,5,18
6464,10,-193890295992496189,0,6,6,36,1,4,2,13
6465,10,-541828633806450310,0,4,4,37,3,4,1,12
6466,10,8106987301467698405,0,4,4,31,3,2,1,3
6467,10,7478856094284727031,0,3,3,38,3,7,4,21
6468,10,5283708416887492193,0,4,4,40,1,6,3,17
6469,10,4110103642295919254,0,4,4,36,6,5,3,19
6470,10,6041750026075136234,0,3,3,36,6,7,5,13
6471,10,4453596543394982294,0,7,7,30,6,1,1,1
6472,10,4252605613913986983,0,1,1,43,1,5,1,11
6473,10,-3197611938382855641,0,8,8,37,4,6,3,14
6474,10,5863576326611317249,0,4,4,34,6,2,1,3
6475,10,-1497508776347018395,0,1,1,36,1,5,3,13
6476,10,-1401049971900663106,0,7,7,32,8,1,1,4
6477,10,-6255857905910593407,0,5,5,39,3,4,2,10
6478,10,4319696225893653582,0,7,7,33,3,2,1,5
6479,10,-8474938179751026879,0,4,4,32,3,5,3,12
6480,10,-784981912583395739,0,7,7,35,1,7,5,20
6481,10,-8248533521011324502,0,8,8,33,8,1,1,1
6482,10,-4417765278900496183,0,4,4,37,1,3,2,6
6483,10,-2543222696851816710,0,2,2,35,3,4,1,13
6484,10,-1551758620425566356,0,6,6,39,1,7,4,20
6485,10,3299449840829847515,0,2,2,35,4,4,2,13
6486,10,1657449441501326269,0,7,7,36,7,2,2,4
6487,10,-5540873334846262826,0,1,1,38,1,6,3,16
6488,10,-564640578573945030,0,4,4,30,8,1,1,5
6489,10,2856374471429150213,0,5,5,34,1,5,3,14
6490,10,-8900618122138682551,0,5,5,38,2,4,1,8
6491,10,-5838358670548265204,0,6,6,40,5,6,3,14
6492,10,-900242897189537208,0,7,7,34,5,8,6,22
6493,10,-2762778157858956727,0,4,4,41,1,3,1,7
6494,10,1757840756608087522,0,7,7,40,2,3,1,5
6495,10,-2956633599254757302,0,0,0,35,2,4,1,9
6496,10,166778782481108644,0,8,8,38,4,3,1,10
6497,10,7880016280418672767,0,4,4,43,5,5,3,10
6498,10,-3992622209205499697,0,8,8,37,2,6,3,18
6499,10,-5235624390672446416,0,6,6,38,3,3,2,9
6500,10,2333726856680196719,0,5,5,38,5,6,4,11
6501,10,6609290821602430128,0,4,4,37,3,6,4,16
6502,10,-2021961812602198356,0,2,2,33,3,4,2,16
6503,10,5320100905407369427,0,7,7,33,3,2,1,6
6504,10,-8219557756926440865,0,7,7,35,2,7,4,15
6505,10,3842758794459037084,0,4,4,37,4,3,1,7
6506,10,-522829497823175192,0,3,3,32,3,3,2,5
6507,10,-5964941430329731525,0,4,4,37,4,4,3,10
6508,10,8608642250726322238,0,6,6,34,1,6,4,16
6509,10,-4082193109049462987,0,7,7,35,1,5,3,15
6510,10,-4055328732645081273,0,7,7,40,1,4,1,11
6511,10,-3959678094098652956,0,8,8,40,3,6,3,17
6512,10,-721555319091367575,0,4,4,32,2,6,3,18
6513,10,-3529344046974210782,0,5,5,34,9,1,1,3
6514,10,5507785933117559904,0,0,0,33,6,4,2,12
6515,10,6209896591269186625,0,8,8,39,1,5,2,6
6516,10,-2571042235767360175,0,6,6,36,5,3,2,5
6517,10,5578325817525654845,0,5,5,39,3,6,4,15
6518,10,6797604789308614175,0,1,1,35,1,6,3,10
6519,10,7576609640308995380,0,1,1,36,2,7,4,20
6520,10,-6553749061910936579,0,4,4,38,1,5,2,16
6521,10,3858159483366664726,0,4,4,37,4,4,2,9
6522,10,-1170688815392271547,0,0,0,36,2,5,1,10
6523,10,-8683848362270542696,0,5,5,35,2,7,5,24
6524,10,4208043183496004743,0,5,5,31,7,4,3,11
6525,10,-6978849411751004819,0,6,6,38,4,3,1,7
6526,10,8828576232828434147,0,7,7,35,3,8,6,15
6527,10,-8826382420338775624,0,6,6,40,1,5,2,11
6528,10,4605195787908893595,0,5,5,34,6,2,1,7
6529,10,-2251906529131201861,0,1,1,37,2,3,1,9
6530,10,-4894618359258898717,0,4,4,38,3,4,2,10
6531,10,-1860648789152328492,0,1,1,33,7,3,2,6
6532,10,-296538530975565317,0,5,5,34,5,2,1,6
6533,10,-884178527955404374,0,8,8,31,1,5,4,11
6534,10,9019806043652674175,0,1,1,32,2,7,5,16
6535,10,4257082032488907171,0,1,1,41,3,3,1,8
6536,10,-225993107119805699,0,5,5,33,2,5,3,16
6537,10,5591261552765370521,0,2,2,40,1,7,4,17
6538,10,-4348525423715473208,0,0,0,37,3,7,4,21
6539,10,1054935955809649100,0,3,3,37,5,4,2,9
6540,10,2136350858560451339,0,3,3,37,1,8,4,21
6541,10,-1610004974600057063,0,5,5,39,5,5,4,9
6542,10,8557982560135409440,0,2,2,39,4,2,1,3
6543,10,3968425851119073132,0,1,1,37,3,5,3,13
6544,10,-7449539087517536734,0,7,7,40,1,7,5,17
6545,10,-7582812960976156558,0,4,4,36,9,2,2,4
6546,10,3538391707891277760,0,6,6,41,2,5,3,10
6547,10,916086530633428883,0,8,8,39,2,7,4,20
6548,10,8168148683640151636,0,3,3,36,2,5,4,9
6549,10,-4835996987086572001,0,6,6,34,7,3,2,7
6550,10,-5394641345738397645,0,1,1,35,2,7,5,10
6551,10,-2110018276607914810,0,2,2,37,4,5,3,10
6552,10,-7361002925155313082,0,2,2,37,4,3,1,5
6553,10,-5290600364256273843,0,2,2,37,2,6,3,14
6554,10,4307581651962036185,0,3,3,35,1,6,3,16
6555,10,5570465519410086271,0,6,6,33,6,2,2,8
6556,10,-2397633035455853646,0,5,5,33,2,5,3,13
6557,10,-8449879366095465888,0,6,6,42,4,7,4,15
6558,10,-7012337168497111451,0,2,2,35,7,2,1,6
6559,10,3818717169274575528,0,7,7,40,1,4,2,8
6560,10,-3142390708676100634,0,3,3,36,2,5,3,9
6561,10,5412932705315604847,0,6,6,37,2,3,1,4
6562,10,3604080468316283488,0,4,4,38,1,6,4,13
6563,10,8252386195733895716,0,5,5,33,3,6,4,17
6564,10,-5410345147451327420,0,7,7,37,5,3,1,6
6565,10,-7167162461183722813,0,7,7,42,2,4,3,7
6566,10,-290715296867108957,0,1,1,35,1,6,3,17
6567,10,-5518951756868345529,0,5,5,36,3,5,2,15
6568,10,6708094722987901120,0,7,7,37,1,7,3,23
6569,10,-742903599466052516,0,1,1,37,1,6,3,14
6570,10,-2716394787018650143,0,6,6,36,2,5,2,17
6571,10,-5525114281779221672,0,5,5,36,1,5,2,13
6572,10,6705372245716103781,0,7,7,39,3,5,3,8
6573,10,-1002817655679760020,0,1,1,30,1,3,2,10
6574,10,1199506114454130459,0,4,4,38,1,8,5,18
6575,10,7693015099361990678,0,2,2,39,2,4,1,9
6576,10,6865190721130640336,0,7,7,36,5,3,2,10
6577,10,-5873811883491154727,0,8,8,35,3,3,1,9
6578,10,-6030305281040742871,0,4,4,37,1,8,5,19
6579,10,-5788878044906928592,0,6,6,33,2,6,4,18
6580,10,-78021646183644749,0,1,1,36,3,5,2,9
6581,10,-8875930592314233921,0,8,8,32,1,6,3,17
6582,10,2657330421904090424,0,8,8,40,2,6,3,12
6583,10,-1660776018498306612,0,6,6,38,4,3,1,6
6584,10,-8874229485787487916,0,1,1,41,6,5,2,10
6585,10,-6517744531765411860,0,8,8,36,3,4,1,11
6586,10,-6712451290290103225,0,5,5,36,2,4,2,9
6587,10,-2147985218408617215,0,2,2,32,9,4,4,10
6588,10,-1676751347495936245,0,6,6,34,6,4,3,6
6589,10,-229700841347485085,0,7,7,37,1,6,3,16
6590,10,6920892088606850985,0,3,3,37,1,3,1,10
6591,10,-9166917732960819108,0,5,5,39,5,3,1,6
6592,10,-2156254379768685369,0,8,8,31,5,2,2,4
6593,10,-8502893574744558118,0,0,0,37,1,7,4,17
6594,10,-6366400838174802299,0,3,3,38,5,2,1,5
6595,10,1760596104547539295,0,5,5,38,2,3,1,7
6596,10,-3809349956707422070,0,6,6,36,4,4,2,10
6597,10,-3425608248553594565,0,5,5,36,1,6,3,16
6598,10,1579579517457951065,0,6,6,33,3,3,2,8
6599,10,6974638784921457917,0,1,1,33,2,5,3,11
6600,10,-7639199593065671960,0,3,3,36,5,2,1,5
6601,10,5801518215236682279,0,3,3,36,6,3,2,7
6602,10,-2728930597977175949,0,5,5,34,6,1,1,3
6603,10,-7313382757216526304,0,4,4,34,4,4,2,11
6604,10,1893188604441353613,0,3,3,36,4,3,2,6
6605,10,577162459043954542,0,7,7,32,1,4,2,11
6606,10,-1788054137932332425,0,1,1,37,4,3,1,5
6607,10,5050534715864578084,0,5,5,37,6,5,3,10
6608,10,-8042907478210864716,0,6,6,34,2,6,4,14
6609,10,-3309181668478350440,0,3,3,36,2,4,1,9
6610,10,3600206491028820700,0,3,3,35,5,7,5,14
6611,10,-1488702439730565799,0,7,7,33,2,3,2,6
6612,10,2668152208387415728,0,1,1,39,1,5,3,12
6613,10,2147638013060949855,0,0,0,38,2,7,3,14
6614,10,6223471976427573358,0,7,7,38,4,5,3,10
6615,10,-3154719937000649340,0,4,4,34,3,4,2,7
6616,10,3354255474468192359,0,3,3,37,1,5,2,16
6617,10,-2593701209544100813,0,7,7,40,2,5,2,12
6618,10,4510302531539370958,0,6,6,32,3,4,2,14
6619,10,5362390808560115294,0,6,6,36,3,4,1,9
6620,10,-5520006354500416047,0,5,5,37,1,4,1,9
6621,10,-5453869997395306827,0,6,6,37,1,4,2,11
6622,10,-5609371743141982739,0,6,6,36,3,2,1,8
6623,10,-2664077329623226348,0,3,3,35,3,4,3,8
6624,10,-6949231561378816130,0,7,7,38,1,5,2,10
6625,10,-8486384382929934020,0,7,7,34,1,7,4,19
6626,10,332306518298254997,0,4,4,34,1,4,2,6
6627,10,6920033656181018565,0,2,2,36,6,6,5,11
6628,10,4395357058985440781,0,5,5,44,1,4,1,8
6629,10,1939597624276713043,0,8,8,40,4,4,1,8
6630,10,8509832673156987616,0,3,3,35,1,4,2,12
6631,10,1409440893871030791,0,4,4,39,1,5,3,12
6632,10,4700979809578838198,0,7,7,31,8,6,5,12
6633,10,348215225511899960,0,4,4,36,9,1,1,1
6634,10,4182282382922273726,0,3,3,34,3,4,2,7
6635,10,-4823075043679523485,0,8,8,36,3,4,2,5
6636,10,630448376452981697,0,4,4,31,5,4,3,12
6637,10,-2703881741777268129,0,4,4,39,1,4,1,9
6638,10,-9027710226522608524,0,4,4,35,4,2,1,5
6639,10,2086436367258078420,0,5,5,34,1,3,1,5
6640,10,7405178872131499789,0,5,5,36,4,7,4,19
6641,10,-440711946095802898,0,6,6,36,1,4,2,10
6642,10,7097654394506924312,0,0,0,43,1,10,6,20
6643,10,1675975554576335436,0,2,2,36,2,2,1,9
6644,10,-4132993939554814838,0,7,7,36,1,7,5,15
6645,10,-4421404160486057410,0,5,5,35,2,4,2,13
6646,10,-3604486014586495722,0,6,6,32,3,2,1,8
6647,10,-4440587080758378192,0,6,6,36,1,6,2,15
6648,10,4173743865832840895,0,2,2,35,5,8,5,20
6649,10,7818454660234350688,0,6,6,34,3,4,2,8
6650,10,-8339667765412245074,0,6,6,40,1,7,4,13
6651,10,7712349197050218711,0,1,1,29,7,5,4,11
6652,10,8408771914162759493,0,7,7,43,1,7,4,20
6653,10,3526968572639641750,0,4,4,41,2,5,2,13
6654,10,7867756709358845043,0,6,6,41,2,7,3,13
6655,10,-3247409838138527986,0,2,2,33,2,4,1,10
6656,10,-6343867086011286199,0,7,7,35,2,3,1,9
6657,10,-5605199291285615403,0,3,3,35,4,4,2,9
6658,10,-5821226984093471283,0,4,4,40,2,4,1,9
6659,10,7767103107351100055,0,6,6,32,1,3,1,6
6660,10,-6916094511404471282,0,5,5,34,2,5,3,8
6661,10,-8454790424080047286,0,6,6,32,4,3,2,10
6662,10,1819280323014999928,0,7,7,41,1,5,2,7
6663,10,1488165758463888805,0,6,6,39,3,6,3,12
6664,10,-8420275317132129943,0,8,8,35,4,4,3,6
6665,10,-5220673799016148782,0,7,7,34,1,7,4,18
6666,10,-1248204809416283389,0,1,1,44,2,7,3,10
6667,10,-1457511402210189215,0,1,1,37,2,5,2,10
6668,10,5984424237870527555,0,6,6,34,5,2,1,8
6669,10,2480867626271482752,0,4,4,32,4,3,2,9
6670,10,-8191095385621024686,0,2,2,33,3,4,2,11
6671,10,1976323199739562857,0,8,8,40,1,3,1,6
6672,10,-9086191587995147493,0,5,5,37,3,3,2,6
6673,10,-1949922840576860901,0,6,6,36,4,4,3,7
6674,10,4550967193374034973,0,4,4,36,4,4,2,13
6675,10,2622051495038640716,0,6,6,39,3,4,2,5
6676,10,4748466154841850497,0,4,4,39,2,5,2,16
6677,10,187747375205578141,0,8,8,32,4,5,3,12
6678,10,7486866068847378031,0,9,9,39,4,5,2,11
6679,10,937271199435611663,0,4,4,42,4,4,2,7
6680,10,2640125995015316380,0,0,0,38,1,7,3,13
6681,10,4384397091527323061,0,2,2,37,1,7,5,16
6682,10,3527525398796558631,0,8,8,34,5,3,2,7
6683,10,582685294821595051,0,4,4,36,2,5,3,13
6684,10,421686777337313957,0,7,7,37,6,5,3,8
6685,10,6157962039598215494,0,5,5,34,2,6,4,20
6686,10,6500204671715430010,0,7,7,36,2,5,2,11
6687,10,-7277969098326257012,0,6,6,37,4,2,1,5
6688,10,-8418338581351273110,0,3,3,37,1,7,4,19
6689,10,-8346364940903020058,0,3,3,36,5,6,4,13
6690,10,-2256912487437150353,0,2,2,38,1,6,3,8
6691,10,485613186909951763,0,3,3,35,3,6,3,15
6692,10,8720447522163044812,0,4,4,40,1,5,2,12
6693,10,7210121306527768928,0,6,6,32,1,8,6,19
6694,10,-1580260210845070751,0,5,5,33,1,2,1,5
6695,10,-4909162394895213291,0,6,6,35,4,2,1,5
6696,10,5968404906832067649,0,8,8,39,1,5,2,8
6697,10,-4184064910218079182,0,5,5,34,1,4,2,14
6698,10,5667672761477450113,0,2,2,38,3,6,4,12
6699,10,-1330384577616181669,0,1,1,33,8,2,1,6
6700,10,-8999098831228912046,0,2,2,34,3,3,2,7
6701,10,7275818830640878607,0,2,2,39,2,6,4,11
6702,10,296596314410578258,0,5,5,38,3,6,2,14
6703,10,-1441219173063562976,0,4,4,40,1,6,4,16
6704,10,-7626234261879769826,0,5,5,31,1,6,4,24
6705,10,-2074416569126053281,0,5,5,37,1,5,2,13
6706,10,-7046517756683727061,0,4,4,37,2,6,4,16
6707,10,-3790126052746909034,0,2,2,34,4,4,2,13
6708,10,-1703489583704258602,0,5,5,40,1,5,1,14
6709,10,-7804284779126904134,0,2,2,37,1,7,5,14
6710,10,1470250359302825913,0,2,2,31,8,3,2,11
6711,10,-22102357174343327,0,4,4,37,1,3,1,4
6712,10,-8694641252481026497,0,2,2,36,5,2,2,4
6713,10,-2281392897547328143,0,5,5,35,2,4,2,8
6714,10,-154027907078124166,0,0,0,37,1,8,5,16
6715,10,209819412362229786,0,3,3,36,2,5,2,13
6716,10,-1471541413907196109,0,2,2,35,5,5,3,11
6717,10,5323312188301339141,0,0,0,39,2,10,5,24
6718,10,9181285339779254082,0,5,5,40,1,5,1,8
6719,10,-3511284715066071091,0,7,7,36,4,8,5,21
6720,10,-7053718424545777888,0,5,5,41,3,4,1,5
6721,10,-5736783581673092690,0,2,2,34,5,2,1,6
6722,10,4135675252003210938,0,2,2,41,2,4,1,11
6723,10,-954716192946167173,0,7,7,36,2,5,3,9
6724,10,-3143514049674484089,0,2,2,35,3,5,3,18
6725,10,1390621267095407061,0,4,4,30,5,2,1,7
6726,10,-7100681656636444964,0,5,5,36,2,5,2,11
6727,10,5053365449277379993,0,8,8,36,2,5,2,13
6728,10,-8466716983889852290,0,2,2,40,7,4,2,10
6729,10,4603739891699545754,0,8,8,37,2,4,2,9
6730,10,3949861322916358777,0,4,4,33,4,4,3,9
6731,10,-2474331540510937969,0,2,2,41,1,5,3,8
6732,10,-6161785015497445073,0,1,1,36,5,3,1,6
6733,10,-748155777265924785,0,8,8,41,2,5,2,11
6734,10,-7389899532233583949,0,3,3,30,4,4,3,13
6735,10,-7073361687802619077,0,3,3,33,6,3,3,7
6736,10,6706657603619488855,0,2,2,35,4,5,3,11
6737,10,-2316031185912822022,0,6,6,37,2,5,3,12
6738,10,-2361929129642203773,0,1,1,34,3,5,2,12
6739,10,-365661700615538581,0,8,8,36,2,5,3,8
6740,10,-5240499489376533560,0,5,5,34,4,2,1,7
6741,10,7268455654506228439,0,1,1,32,5,2,2,4
6742,10,-3165305981623825356,0,1,1,34,5,2,1,8
6743,10,-3585344335734839194,0,7,7,36,1,6,3,13
6744,10,-7647659820527862297,0,4,4,33,1,3,1,6
6745,10,-5617603585728114476,0,6,6,39,3,3,2,6
6746,10,3785848242522845670,0,7,7,40,1,3,2,7
6747,10,-2857164141267413148,0,7,7,36,4,2,1,6
6748,10,-7037878582523868114,0,7,7,34,2,2,1,5
6749,10,-7079240107943744492,0,7,7,36,1,5,3,13
6750,10,-6024689002158757364,0,1,1,37,1,3,1,7
6751,10,8906253835716772881,0,1,1,34,1,5,3,14
6752,10,790218071822639531,0,6,6,35,3,5,3,12
6753,10,-1192287933926115987,0,8,8,38,3,4,3,11
6754,10,-7698477853752088850,0,3,3,40,2,5,2,12
6755,10,8558450680973548046,0,3,3,38,1,6,3,10
6756,10,2180769541571225984,0,5,5,39,2,5,3,11
6757,10,6821983457164504553,0,4,4,40,1,5,3,11
6758,10,-3548471568699146200,0,2,2,36,7,9,7,25
6759,10,-1462895844427588496,0,6,6,39,2,5,3,13
6760,10,-2903071520051710623,0,9,9,35,2,3,1,11
6761,10,2463663395540332873,0,7,7,38,3,5,3,12
6762,10,7960938490989119785,0,7,7,39,1,7,4,22
6763,10,-3884563309331996609,0,3,3,36,4,4,2,7
6764,10,-3847952006606570471,0,7,7,42,1,8,4,13
6765,10,4073583971904575613,0,2,2,37,5,6,4,11
6766,10,7722979178909546421,0,0,0,38,5,8,5,22
6767,10,-3816828830310689032,0,7,7,38,1,5,2,12
6768,10,-4211564087106443259,0,8,8,37,1,7,4,19
6769,10,-6090564215674704851,0,7,7,31,4,3,1,10
6770,10,-2356514664673060252,0,3,3,35,3,3,1,5
6771,10,-8806053781474842356,0,4,4,37,4,6,4,14
6772,10,5751503270677149079,0,7,7,33,2,2,1,6
6773,10,-1129956919488518349,0,6,6,34,2,5,3,14
6774,10,-859976995233259744,0,2,2,35,2,5,2,14
6775,10,-3822390218889420705,0,4,4,39,1,5,2,12
6776,10,-2338994330477469228,0,5,5,36,3,4,1,10
6777,10,3387105317293476127,0,1,1,36,1,6,3,11
6778,10,802568019877259691,0,6,6,33,3,3,1,7
6779,10,6845928343984054986,0,6,6,43,8,4,3,4
6780,10,1337102528459565271,0,3,3,38,1,6,2,23
6781,10,-6165268137152595790,0,5,5,36,3,4,1,8
6782,10,5069076997196790295,0,3,3,40,2,6,3,10
6783,10,7052699116272106649,0,7,7,37,2,5,2,13
6784,10,2410870523328025676,0,4,4,38,2,3,2,11
6785,10,-4861521771482139037,0,3,3,30,4,4,3,16
6786,10,2266317388886795084,0,0,0,35,2,5,1,12
6787,10,3248455960006032141,0,7,7,38,1,4,1,9
6788,10,4245993097946733045,0,2,2,40,1,3,1,4
6789,10,-2822905101229678883,0,0,0,34,2,5,2,12
6790,10,6629112526883000709,0,4,4,34,1,6,3,19
6791,10,3924286418216408795,0,3,3,28,3,3,2,8
6792,10,8329692393670527529,0,8,8,39,2,8,5,21
6793,10,-3405617769891594881,0,3,3,38,1,6,2,12
6794,10,5454596815497994451,0,6,6,32,3,3,2,11
6795,10,-7950808765743092053,0,6,6,45,3,6,2,9
6796,10,9006095484768833104,0,8,8,37,5,9,6,18
6797,10,2651227298693394138,0,4,4,31,3,6,4,16
6798,10,-1589468983193746535,0,8,8,39,1,6,2,17
6799,10,-83497801078337126,0,7,7,39,1,6,4,15
6800,10,7218327104449574760,0,4,4,35,3,5,3,16
6801,10,-8765810276409322697,0,7,7,33,2,3,1,10
6802,10,3266344459039504654,0,6,6,38,3,6,3,16
6803,10,1245503742002158008,0,2,2,37,1,6,4,15
6804,10,3412042206902410371,0,9,9,36,1,7,4,21
6805,10,-3624954176240742129,0,2,2,39,3,8,5,21
6806,10,-8476725951372831810,0,2,2,32,1,3,2,8
6807,10,-2532408000513010037,0,4,4,40,1,4,2,11
6808,10,5719830471665486151,0,4,4,37,7,4,3,10
6809,10,-8031245669146122352,0,4,4,36,2,4,1,12
6810,10,8118318895309426697,0,5,5,33,1,5,4,18
6811,10,-4214677093413501046,0,4,4,33,2,5,3,12
6812,10,-9154964863365743508,0,5,5,44,1,5,1,14
6813,10,3840708987361055007,0,2,2,35,4,5,3,11
6814,10,6080614649263749795,0,4,4,33,4,2,1,3
6815,10,-9202234127419644253,0,8,8,33,5,5,4,16
6816,10,-1796134517261404607,0,1,1,43,1,4,1,6
6817,10,-2911390501685037615,0,5,5,41,3,6,2,13
6818,10,-6366646865368471790,0,2,2,35,3,5,3,16
6819,10,1263445215885148854,0,8,8,35,3,7,5,15
6820,10,-2385143605999593688,0,2,2,40,1,5,1,12
6821,10,-7855557795921613328,0,3,3,36,4,4,2,8
6822,10,156298144300561971,0,5,5,46,1,7,4,16
6823,10,-7482532287316973032,0,4,4,37,7,2,1,4
6824,10,5413797138589404694,0,4,4,33,3,7,4,20
6825,10,-3400434407382969220,0,3,3,33,3,8,5,21
6826,10,-7530466342889067338,0,5,5,38,3,7,4,13
6827,10,169171661829137681,0,1,1,30,8,3,2,11
6828,10,-2626278414033414380,0,6,6,33,2,7,5,17
6829,10,477932377373305255,0,8,8,38,1,3,1,9
6830,10,459036194479298973,0,2,2,38,3,4,2,6
6831,10,6625920551310524510,0,3,3,36,5,2,1,7
6832,10,2551542348156537280,0,6,6,37,1,7,5,12
6833,10,-1534656769159690920,0,3,3,39,3,4,2,13
6834,10,9097596660822002881,0,6,6,39,1,7,3,11
6835,10,4856320538725312431,0,1,1,33,2,3,1,6
6836,10,2857999509719562189,0,3,3,37,1,6,2,14
6837,10,-8908573278475282007,0,7,7,36,1,6,3,15
6838,10,3603768957432978765,0,7,7,38,1,4,2,5
6839,10,3888698353893888042,0,7,7,38,4,2,1,3
6840,10,7808786049264769918,0,4,4,39,3,3,1,7
6841,10,-6451665540409014935,0,7,7,35,1,6,4,19
6842,10,1241330096867917889,0,5,5,41,1,3,1,5
6843,10,-3404672415432445209,0,4,4,39,2,3,1,6
6844,10,7976442134289176111,0,1,1,32,1,5,3,16
6845,10,5908256985939211931,0,6,6,36,6,8,6,15
6846,10,-3765952735375446288,0,1,1,35,6,6,5,12
6847,10,-2911750956599863439,0,4,4,37,1,5,2,9
6848,10,-1777693691748581684,0,2,2,37,4,4,2,7
6849,10,4012198056535760117,0,5,5,40,6,4,2,7
6850,10,3840015420671499650,0,8,8,37,2,3,1,7
6851,10,-3472102091348218293,0,2,2,36,3,5,3,9
6852,10,2830832866158690392,0,7,7,32,2,4,3,7
6853,10,1097087391762132066,0,2,2,35,6,4,2,11
6854,10,4139715160081056115,0,0,0,35,1,4,1,10
6855,10,4658330259389430633,0,1,1,37,5,2,1,6
6856,10,6872367927578658920,0,5,5,32,7,4,3,12
6857,10,-4373200003401617535,0,7,7,38,7,3,1,11
6858,10,-5611716908090365934,0,2,2,37,7,4,2,10
6859,10,4000782004961628339,0,5,5,40,1,7,4,12
6860,10,-6281258154114841179,0,0,0,39,2,9,5,25
6861,10,-9101532248687597021,0,4,4,34,2,5,4,9
6862,10,-7107961459230270205,0,6,6,34,8,2,2,8
6863,10,-9027089431349667706,0,0,0,35,1,4,1,8
6864,10,3738323032234309198,0,5,5,34,6,3,2,7
6865,10,-7569981669947700271,0,4,4,38,1,4,1,11
6866,10,7010901306384163006,0,1,1,35,3,7,4,16
6867,10,3535535974376927282,0,7,7,33,7,2,2,6
6868,10,1673251421599975091,0,5,5,38,3,3,1,7
6869,10,-7084173563029556669,0,7,7,37,1,4,1,7
6870,10,532434178487922445,0,6,6,39,6,4,3,10
6871,10,5298983297418171005,0,6,6,33,3,5,4,14
6872,10,-2759273484831014981,0,3,3,38,1,9,4,29
6873,10,-1057145385231025174,0,2,2,35,2,4,2,6
6874,10,-7329220290754374254,0,4,4,36,3,6,4,17
6875,10,6495139195868631582,0,5,5,35,4,4,2,8
6876,10,-740543495495711393,0,4,4,34,1,4,2,12
6877,10,-8884256930440189337,0,5,5,34,5,1,1,1
6878,10,2018923601113324095,0,8,8,37,1,3,2,5
6879,10,8164663380919411779,0,7,7,32,5,6,5,16
6880,10,4900965029058290989,0,1,1,35,1,4,1,8
6881,10,3828766979919402257,0,5,5,35,3,5,2,13
6882,10,-2568688158416424485,0,4,4,40,1,8,4,13
6883,10,5886308251897854731,0,5,5,33,6,4,3,8
6884,10,8213648035355227334,0,3,3,37,2,8,5,15
6885,10,8266817939020229492,0,6,6,36,4,2,1,5
6886,10,5870302456906942084,0,4,4,38,2,4,2,7
6887,10,3757011939905237005,0,6,6,35,4,6,3,17
6888,10,7329685992314241120,0,1,1,35,1,6,4,14
6889,10,-6988311761726863411,0,5,5,36,2,6,4,13
6890,10,-625986623303332312,0,4,4,35,2,3,1,9
6891,10,4049193150050254544,0,4,4,34,2,3,1,7
6892,10,-5173036994942252732,0,2,2,31,5,2,1,9
6893,10,-3223483915848167025,0,3,3,32,7,1,1,3
6894,10,2615986432644116746,0,0,0,39,1,8,4,15
6895,10,-5228924907370950832,0,2,2,37,5,2,1,5
6896,10,4366999320109536337,0,5,5,35,2,3,1,6
6897,10,-2887400902898831392,0,8,8,37,2,4,1,10
6898,10,3762696049422762052,0,4,4,39,2,4,1,13
6899,10,896666702305562752,0,6,6,37,1,5,2,11
6900,10,-2203034020683642761,0,2,2,38,4,4,2,8
6901,10,-633187572122563556,0,5,5,42,1,4,1,9
6902,10,-1986264691605242817,0,5,5,30,5,2,2,8
6903,10,166328215917683394,0,5,5,38,1,5,3,12
6904,10,1661205177923558717,0,1,1,37,1,6,3,16
6905,10,-237972406758939567,0,4,4,39,1,7,4,17
6906,10,4532923349943642940,0,3,3,33,2,6,4,17
6907,10,997800644883862128,0,5,5,35,3,7,4,18
6908,10,5545109235230857532,0,2,2,37,1,6,4,12
6909,10,2623482707207466434,0,5,5,39,4,2,1,5
6910,10,-325738907599519794,0,4,4,37,1,5,2,13
6911,10,-6483222466139807145,0,6,6,34,4,5,4,13
6912,10,392160153103327394,0,3,3,33,3,2,1,4
6913,10,-873866289942100123,0,8,8,38,5,3,2,4
6914,10,-3353753672088580258,0,5,5,30,9,2,2,6
6915,10,-8268656354030868937,0,2,2,36,2,4,2,8
6916,10,8500164322003833776,0,3,3,39,2,7,3,13
6917,10,-576529042435507099,0,0,0,42,1,5,1,13
6918,10,-3635890875623565146,0,7,7,32,1,5,2,16
6919,10,-6812461829892969148,0,5,5,37,2,3,1,6
6920,10,-6329896001044677316,0,4,4,34,2,4,1,10
6921,10,3086890214222370464,0,6,6,31,5,2,2,8
6922,10,7099474953370442294,0,4,4,40,6,4,2,12
6923,10,-3079345016442078040,0,0,0,38,2,5,1,9
6924,10,-7623382767525146320,0,2,2,34,4,5,2,12
6925,10,6093199501112246569,0,6,6,36,8,2,2,4
6926,10,-7683369098856990477,0,5,5,34,6,3,2,6
6927,10,5226815956574493183,0,7,7,34,1,4,2,10
6928,10,-3800800852444841207,0,7,7,38,4,4,2,10
6929,10,1382973694287903431,0,0,0,35,4,6,3,15
6930,10,6310462049602451091,0,8,8,33,1,5,2,12
6931,10,1378584369105348057,0,4,4,34,3,2,1,7
6932,10,-6423157315195257767,0,3,3,37,1,8,5,16
6933,10,6123302073706420341,0,5,5,36,4,2,1,3
6934,10,-2528143162313000926,0,4,4,34,1,5,4,14
6935,10,4089251973895685691,0,8,8,40,4,5,2,17
6936,10,-9167231468612543675,0,7,7,34,2,4,2,8
6937,10,-476846019966117920,0,5,5,39,1,2,1,3
6938,10,8935420687452396671,0,3,3,38,5,6,3,20
6939,10,7571076388024459550,0,5,5,38,4,2,1,8
6940,10,-8030578199843315449,0,7,7,38,4,3,2,7
6941,10,-208868320055197204,0,4,4,34,4,4,2,11
6942,10,8304971746579538655,0,5,5,30,5,2,2,6
6943,10,-6655677608007244049,0,3,3,42,2,5,1,14
6944,10,-6146447224400123795,0,8,8,35,1,4,2,9
6945,10,981471343122832687,0,2,2,33,5,9,7,29
6946,10,-4745048914498870966,0,6,6,35,2,4,2,6
6947,10,-7842126101475463922,0,5,5,33,3,8,6,21
6948,10,-7243280375015785384,0,5,5,34,4,4,1,8
6949,10,-6834056585121288075,0,6,6,38,4,2,1,3
6950,10,68037614145833753,0,4,4,33,2,4,2,12
6951,10,8667731371356428367,0,3,3,40,2,6,2,11
6952,10,2702135720939849279,0,7,7,37,8,3,2,5
6953,10,-5184126437493369542,0,0,0,36,1,7,2,13
6954,10,8300658096358721406,0,4,4,38,3,3,2,6
6955,10,-4051017330176845957,0,0,0,40,5,7,3,14
6956,10,8120482420562709673,0,3,3,41,2,4,2,9
6957,10,4391011301169273395,0,1,1,41,2,5,2,11
6958,10,-7225217362254718980,0,6,6,36,2,4,2,11
6959,10,3812397130022989264,0,2,2,35,1,6,4,14
6960,10,316743226446152118,0,2,2,37,3,5,3,6
6961,10,-7983073176321215035,0,1,1,36,4,5,2,16
6962,10,-6704068867966808341,0,4,4,40,2,8,4,23
6963,10,-4868564721128223363,0,3,3,32,1,4,3,14
6964,10,4434038156872901015,0,2,2,37,3,3,1,6
6965,10,3727927744155748492,0,9,9,35,5,5,4,9
6966,10,-384455760135219722,0,4,4,36,2,5,3,14
6967,10,7589175155668582951,0,6,6,33,6,4,3,10
6968,10,-8054878843739528942,0,3,3,36,2,4,2,7
6969,10,-7515796094165946410,0,4,4,28,6,5,4,16
6970,10,2060556524965545116,0,6,6,37,4,5,2,12
6971,10,-557426749591835801,0,5,5,32,1,5,4,11
6972,10,-3878166096455078913,0,2,2,34,1,3,1,12
6973,10,3607925234358380582,0,4,4,39,2,3,1,9
6974,10,3142533322864559794,0,7,7,39,1,5,2,8
6975,10,3715200566331475786,0,4,4,39,2,3,1,8
6976,10,-439347596379573299,0,7,7,32,5,3,2,8
6977,10,8947311921218207665,0,8,8,37,4,5,3,12
6978,10,6134713057419956959,0,5,5,33,3,5,3,17
6979,10,-2525730571632079665,0,2,2,35,2,6,2,15
6980,10,-7756615832972734979,0,7,7,32,1,3,2,8
6981,10,3037912067255507172,0,7,7,36,1,7,3,23
6982,10,-1503191557749100258,0,3,3,32,6,2,1,3
6983,10,4570341963087386221,0,2,2,37,2,7,4,13
6984,10,-1033209078828735834,0,7,7,43,2,5,4,7
6985,10,2059046917952617692,0,2,2,34,1,3,1,10
6986,10,5835624817166684480,0,5,5,39,2,6,4,14
6987,10,1093496761600892042,0,3,3,39,3,5,3,13
6988,10,4552480000875834096,0,4,4,36,9,1,1,2
6989,10,-6617310393569362452,0,3,3,33,3,4,2,13
6990,10,-13917856386191001,0,3,3,29,6,6,4,18
6991,10,1303949843439337477,0,7,7,35,5,3,2,8
6992,10,-7800238331291238503,0,3,3,36,5,4,2,10
6993,10,-8671781787169756645,0,3,3,34,7,2,1,4
6994,10,1820443378441360525,0,2,2,36,3,6,3,11
6995,10,2854478280907416749,0,8,8,32,6,5,4,14
6996,10,-1647198423708846221,0,6,6,42,1,3,1,8
6997,10,-2651168030480069213,0,6,6,37,3,6,4,12
6998,10,4167887984747448571,0,4,4,34,5,4,2,6
6999,10,-6145397366937216057,0,5,5,34,3,5,2,15
7000,10,6622791744407229923,0,2,2,39,1,5,1,9
7001,10,2428817019334690163,0,8,8,37,3,3,2,9
7002,10,9083171574397058770,0,4,4,42,3,3,1,13
7003,10,-3069267974389752180,0,4,4,38,1,4,2,6
7004,10,4124156126045833572,0,8,8,36,1,6,4,16
7005,10,6926930310166487470,0,9,9,35,3,6,4,14
7006,10,-561956813120278907,0,1,1,38,5,4,3,12
7007,10,-4537409599496316760,0,1,1,34,5,6,4,19
7008,10,1184264670643517954,0,2,2,37,2,3,1,5
7009,10,-4350764338369931222,0,7,7,35,3,4,1,11
7010,10,2777221971708792669,0,1,1,35,3,4,2,11
7011,10,-2653917817768312131,0,6,6,37,7,2,2,6
7012,10,3762694856519542752,0,8,8,34,2,8,5,23
7013,10,4255239403744380658,0,8,8,38,2,5,3,9
7014,10,6055563522080611828,0,3,3,33,2,4,3,14
7015,10,3100282428303199454,0,6,6,31,8,2,2,6
7016,10,-3034730753709729358,0,4,4,33,1,5,2,15
7017,10,-1356093758398265659,0,8,8,36,5,4,3,11
7018,10,3461538559402635962,0,3,3,35,5,3,1,9
7019,10,-8104606647725631212,0,7,7,36,1,7,4,15
7020,10,3100143538556181316,0,5,5,33,2,3,2,10
7021,10,-4274967025515278956,0,0,0,40,1,10,5,20
7022,10,6019664367064508532,0,9,9,37,2,4,2,12
7023,10,3644187377470162396,0,2,2,31,5,2,1,4
7024,10,-2562806732612973583,0,3,3,41,1,10,5,18
7025,10,7178626755762053384,0,5,5,32,4,4,3,9
7026,10,-2528938056478321993,0,4,4,34,4,3,2,12
7027,10,-3881599851923011417,0,3,3,34,5,4,3,7
7028,10,6002492749345766700,0,6,6,33,1,5,3,18
7029,10,-5740339521164781319,0,5,5,38,2,4,2,10
7030,10,-4238950493792320399,0,5,5,36,2,5,2,14
7031,10,-2009519747212847015,0,8,8,37,3,7,4,18
7032,10,6331461523419881723,0,2,2,35,2,4,2,15
7033,10,-3064220011113991688,0,4,4,35,2,3,1,6
7034,10,1466558915711411809,0,5,5,31,3,5,3,10
7035,10,7366808453004519371,0,8,8,45,2,6,3,10
7036,10,-2658094746604337034,0,6,6,36,2,5,3,12
7037,10,-8551766119665722,0,1,1,36,1,7,4,18
7038,10,-6606994399931425382,0,4,4,35,2,4,1,12
7039,10,-6966031708532215734,0,3,3,35,5,1,1,2
7040,10,-5533398552955637171,0,4,4,34,4,4,3,11
7041,10,6675710725143957467,0,7,7,32,3,6,3,13
7042,10,-5465287096872205820,0,8,8,40,1,7,4,13
7043,10,-4342075602127352811,0,5,5,39,4,3,2,4
7044,10,-8592948087892530880,0,3,3,37,3,4,2,8
7045,10,-2721214004671476768,0,6,6,39,7,3,1,7
7046,10,2900202927175640283,0,1,1,38,5,5,2,10
7047,10,8275874401695752418,0,4,4,36,4,4,2,8
7048,10,3530899394762273444,0,4,4,35,5,3,2,6
7049,10,-592203924350784459,0,5,5,36,3,4,2,10
7050,10,-776620026565613778,0,2,2,36,3,4,2,11
7051,10,-1167223397464139175,0,6,6,38,1,8,4,24
7052,10,4014588569848089829,0,3,3,36,1,7,4,15
7053,10,9064169809121602156,0,4,4,36,2,5,2,7
7054,10,-2404978791177576351,0,6,6,35,2,3,1,8
7055,10,863550009832453272,0,1,1,39,2,5,2,14
7056,10,7581530042935049726,0,7,7,39,2,4,2,11
7057,10,6046424738551276492,0,3,3,36,1,5,2,11
7058,10,7212790798169937067,0,7,7,33,3,6,4,19
7059,10,6766757750413792941,0,8,8,32,2,2,1,5
7060,10,-4336386741560888830,0,8,8,34,1,4,1,15
7061,10,-4068758755358581809,0,7,7,37,1,4,2,10
7062,10,8229649492834859929,0,3,3,37,2,11,8,28
7063,10,4858540875625659679,0,1,1,42,2,5,2,10
7064,10,6182954918210709911,0,5,5,36,3,3,2,6
7065,10,9174374821567221412,0,1,1,37,5,6,4,14
7066,10,3337487191375582857,0,6,6,38,2,3,2,8
7067,10,6522028344844694630,0,8,8,34,4,2,1,5
7068,10,3707325641796483190,0,5,5,39,1,8,4,21
7069,10,573103427671413677,0,8,8,35,2,4,3,8
7070,10,-64474611437742288,0,4,4,35,1,6,3,14
7071,10,-8068879698077965458,0,4,4,37,1,6,3,12
7072,10,-2384411246051978259,0,6,6,34,4,4,2,11
7073,10,6825201911800238082,0,0,0,37,1,6,2,14
7074,10,-4202669579264223723,0,3,3,34,2,4,2,5
7075,10,-6906454743570242023,0,7,7,38,3,4,2,10
7076,10,3598265996304609628,0,6,6,38,3,5,3,9
7077,10,2211932568764545261,0,4,4,35,7,2,2,6
7078,10,1536616159430039827,0,8,8,38,2,3,1,7
7079,10,-1691241841996548166,0,4,4,38,3,3,1,8
7080,10,1706252460474987707,0,4,4,32,7,2,2,6
7081,10,-168339858386475412,0,7,7,38,4,6,3,16
7082,10,1901092711241869787,0,6,6,34,4,3,2,6
7083,10,-5180063502066553446,0,5,5,32,6,3,2,7
7084,10,3105888814777216787,0,0,0,32,2,6,4,16
7085,10,1586001912204522931,0,4,4,36,4,2,1,8
7086,10,-3835961784327111568,0,4,4,34,7,3,2,11
7087,10,-2493475918122303114,0,5,5,33,1,4,1,14
7088,10,-7151031800967009024,0,5,5,40,2,4,1,12
7089,10,1387002530979609511,0,9,9,38,3,4,1,7
7090,10,-1361938453817514583,0,5,5,32,1,8,5,18
7091,10,1121433221283621887,0,9,9,36,4,6,3,23
7092,10,-7426803405289908938,0,2,2,40,1,6,4,13
7093,10,-5265050439870265501,0,8,8,42,1,4,1,14
7094,10,9048401435234279858,0,4,4,36,2,2,1,8
7095,10,-896710932242755751,0,3,3,35,1,3,1,10
7096,10,-4222036318915832071,0,6,6,37,5,2,1,2
7097,10,6056996182710744247,0,8,8,34,1,10,6,32
7098,10,-441274994787849589,0,2,2,33,7,4,3,9
7099,10,-1566594950840061540,0,7,7,34,8,5,4,7
7100,10,6080143991645939875,0,2,2,36,1,5,2,13
7101,10,-3512102247987638620,0,7,7,36,1,11,7,21
7102,10,2874467280180944520,0,5,5,39,1,3,1,6
7103,10,-8557695769823213738,0,4,4,37,1,4,1,7
7104,10,-7476115555304827358,0,3,3,36,5,3,1,9
7105,10,7666126537628402145,0,4,4,36,6,6,4,15
7106,10,-217821214964500785,0,7,7,36,1,4,1,13
7107,10,-7225662410662146552,0,2,2,35,6,4,3,11
7108,10,-409113823637643401,0,2,2,33,1,4,2,13
7109,10,2469555840139976537,0,6,6,32,3,3,1,8
7110,10,7351135041781403101,0,2,2,33,6,4,2,10
7111,10,-3617535722730457436,0,3,3,41,2,6,3,16
7112,10,-5427826500214036680,0,4,4,41,4,5,1,11
7113,10,-5927545777219686741,0,2,2,36,3,3,2,9
7114,10,-3271816872983579135,0,2,2,39,1,9,6,25
7115,10,-5767502533211267050,0,3,3,35,6,5,3,15
7116,10,-5356605655789014770,0,1,1,40,4,4,2,10
7117,10,4412054449360048297,0,5,5,34,5,2,2,8
7118,10,-8075747152938459168,0,7,7,32,4,4,2,16
7119,10,-7670585119291645512,0,6,6,34,4,3,2,6
7120,10,-6781778615847538632,0,6,6,33,5,3,1,8
7121,10,-968773304879451687,0,6,6,37,9,1,1,3
7122,10,3635579192911204591,0,8,8,40,5,5,3,12
7123,10,-1392551795646814757,0,0,0,35,2,3,1,4
7124,10,-32300504944335353,0,2,2,34,3,3,1,9
7125,10,-6295496786203734793,0,5,5,38,1,6,3,18
7126,10,-8704383966302705156,0,5,5,37,2,5,3,14
7127,10,1342927660557849669,0,5,5,42,4,5,2,10
7128,10,3787665557276905568,0,5,5,36,3,7,5,17
7129,10,811127667381894513,0,3,3,43,3,4,2,8
7130,10,-4012796043800265306,0,5,5,35,4,2,1,4
7131,10,6054266615838493870,0,3,3,38,4,3,2,7
7132,10,2793962751919368253,0,5,5,41,3,5,2,10
7133,10,3404415335846060521,0,4,4,38,3,5,3,12
7134,10,1899021599419414240,0,1,1,36,3,7,4,16
7135,10,-4907390383466729150,0,8,8,34,1,6,3,17
7136,10,-273209616878833620,0,3,3,39,2,7,4,17
7137,10,-3205688540052107593,0,4,4,35,3,4,2,6
7138,10,-6172453769565188238,0,6,6,33,9,2,2,4
7139,10,-7937213413132484318,0,5,5,31,3,5,3,20
7140,10,-5818136868065684786,0,5,5,38,2,7,4,12
7141,10,3739154857433845861,0,6,6,33,4,3,2,8
7142,10,2199416652572087928,0,1,1,43,3,5,2,8
7143,10,-1531281114045971742,0,5,5,37,3,6,3,10
7144,10,-1651733115942317735,0,4,4,34,6,6,4,19
7145,10,-2392754886607847887,0,1,1,41,3,6,3,10
7146,10,7955726245549852385,0,4,4,40,2,3,1,7
7147,10,8970300406464462605,0,6,6,37,4,3,1,6
7148,10,-2685520177050156521,0,2,2,34,2,4,1,16
7149,10,5692827107184417934,0,5,5,39,1,4,1,11
7150,10,-6875736826611995151,0,6,6,36,2,4,1,10
7151,10,-496706311785428323,0,2,2,34,8,2,1,9
7152,10,-7219908903301636379,0,5,5,42,1,3,1,9
7153,10,2535716360326139811,0,5,5,38,3,4,2,9
7154,10,6863180983785382335,0,6,6,36,3,9,7,18
7155,10,-7924720819594419837,0,2,2,38,5,4,2,10
7156,10,-1475444419393199179,0,4,4,32,6,4,2,13
7157,10,-5984044489592283702,0,5,5,35,6,3,2,6
7158,10,-3558584699530360904,0,5,5,41,1,4,2,7
7159,10,-1708494004979543771,0,5,5,39,3,3,1,12
7160,10,1126332289433091340,0,4,4,37,1,4,2,6
7161,10,4142307449448595986,0,5,5,36,5,2,1,4
7162,10,-7889852724017829094,0,5,5,32,3,2,1,7
7163,10,-7270507304035831078,0,7,7,32,5,3,2,5
7164,10,-972636785144904060,0,3,3,36,1,3,1,5
7165,10,-1863495106890854722,0,3,3,44,3,4,2,5
7166,10,8849723786574898042,0,5,5,37,1,4,2,8
7167,10,-2740740390445386128,0,2,2,40,3,6,4,11
7168,10,-8048845979100079797,0,3,3,38,1,4,2,10
7169,10,829344685381558212,0,3,3,37,3,3,1,7
7170,10,-2254440543117407425,0,5,5,34,5,1,1,4
7171,10,-2575651451663975257,0,5,5,34,1,8,6,25
7172,10,4117713610091457187,0,4,4,41,6,3,1,7
7173,10,5319942963965861199,0,7,7,40,5,3,1,9
7174,10,6393988617199453732,0,5,5,38,2,6,3,16
7175,10,-2010844804099833420,0,7,7,36,2,5,3,9
7176,10,3211579567224355424,0,6,6,34,5,4,2,10
7177,10,702019275321314878,0,7,7,35,5,6,3,9
7178,10,7361155458176954,0,2,2,35,1,4,1,7
7179,10,9131970737723185087,0,7,7,39,2,6,2,17
7180,10,-7438741574753267347,0,7,7,35,2,5,3,13
7181,10,-3113216118897722717,0,3,3,40,9,2,2,6
7182,10,6193846354797070819,0,3,3,38,4,3,2,5
7183,10,641654554773811557,0,7,7,35,1,5,2,11
7184,10,1612907903277060167,0,3,3,36,2,7,4,20
7185,10,4698061505350606404,0,2,2,35,2,6,3,18
7186,10,4853077878476039000,0,2,2,39,1,6,2,15
7187,10,1862067445587868726,0,6,6,32,4,3,2,8
7188,10,5755647222949318016,0,9,9,37,2,3,1,5
7189,10,5526118398062701341,0,3,3,37,3,2,1,2
7190,10,-5826319903860576731,0,5,5,36,3,4,2,13
7191,10,6619962568499120952,0,6,6,33,3,5,3,10
7192,10,-6796935621323619267,0,8,8,37,3,4,3,9
7193,10,-1544475976138236965,0,1,1,42,1,9,5,20
7194,10,-4813627328047378904,0,1,1,37,4,5,3,14
7195,10,-8803377728540978846,0,4,4,40,3,6,3,11
7196,10,2786694655910679225,0,8,8,35,5,5,3,14
7197,10,4121600652728014435,0,7,7,41,2,9,6,23
7198,10,-6739072293342533739,0,6,6,37,1,4,2,16
7199,10,-7154657005732991966,0,8,8,33,8,2,2,2
7200,10,-3256603320055150400,0,8,8,31,4,5,3,17
7201,10,5448660360449187401,0,4,4,39,1,3,2,11
7202,10,-3893940425805539980,0,6,6,38,6,3,1,6
7203,10,7007527530170138072,0,1,1,31,4,3,2,7
7204,10,-886629147406236107,0,3,3,44,1,4,1,6
7205,10,-5479630132058826919,0,4,4,37,8,4,3,7
7206,10,-2270472213358858207,0,6,6,37,2,3,2,8
7207,10,-3358033019497392040,0,7,7,35,7,5,4,11
7208,10,-5932797431781299828,0,6,6,36,3,3,2,8
7209,10,279153766132226066,0,6,6,34,1,3,2,4
7210,10,4606901310716044236,0,5,5,35,6,3,2,6
7211,10,-1018363057680795796,0,9,9,35,1,3,1,6
7212,10,-3343809752860160432,0,4,4,33,8,2,2,4
7213,10,5204284761772346406,0,8,8,37,3,7,5,16
7214,10,2039018984157075191,0,5,5,42,5,5,2,9
7215,10,-6326522560475460784,0,6,6,33,2,4,1,12
7216,10,-5304293917505709154,0,3,3,35,1,5,2,13
7217,10,2130471372339357436,0,7,7,41,2,4,1,8
7218,10,-4058194185852313349,0,5,5,32,9,1,1,2
7219,10,5337306502998610740,0,2,2,35,6,3,1,9
7220,10,-7561489086816116055,0,6,6,37,2,7,4,17
7221,10,6582439419395319342,0,1,1,39,1,4,2,7
7222,10,6643356678110171267,0,7,7,33,3,4,3,11
7223,10,-6145098764168214594,0,4,4,38,3,3,1,9
7224,10,6104747435810606388,0,3,3,37,2,5,3,12
7225,10,8922018294034899979,0,7,7,36,1,6,3,16
7226,10,2105793042419712526,0,6,6,32,6,4,3,10
7227,10,-2609025566881901179,0,2,2,35,1,3,1,4
7228,10,7053805415215750171,0,3,3,39,1,4,2,10
7229,10,-2956711450454377962,0,4,4,35,1,3,1,6
7230,10,-1464338375992359311,0,6,6,35,3,3,2,10
7231,10,-8434767811677591657,0,4,4,43,3,4,1,9
7232,10,795043086455535050,0,4,4,36,3,6,3,14
7233,10,9160518362053538693,0,9,9,35,1,5,3,11
7234,10,4259372672040786259,0,8,8,39,2,8,5,20
7235,10,-2164361995119934988,0,8,8,35,5,1,1,2
7236,10,5056673692468954308,0,3,3,37,3,2,1,3
7237,10,1007561935445053379,0,6,6,38,2,6,3,16
7238,10,1140521641817122736,0,4,4,37,2,7,4,18
7239,10,1393504069681556496,0,7,7,37,1,4,2,12
7240,10,-5622697479160404451,0,5,5,35,1,2,1,4
7241,10,-496914887759620882,0,4,4,36,4,4,2,13
7242,10,-5736786227486054825,0,7,7,36,2,5,3,14
7243,10,5293614687119387477,0,4,4,35,4,7,5,23
7244,10,8262168273859225601,0,5,5,38,3,5,2,11
7245,10,1535994976566964825,0,5,5,39,4,5,2,12
7246,10,-2370752013713999764,0,7,7,35,1,4,2,6
7247,10,-9012254820922847841,0,7,7,34,2,3,1,10
7248,10,3007036907995404331,0,8,8,36,1,3,1,7
7249,10,-4001635212045126900,0,9,9,34,8,3,2,9
7250,10,-6741392968144001562,0,3,3,37,1,4,2,8
7251,10,187424054167897022,0,6,6,34,2,3,1,9
7252,10,6573413345328095854,0,5,5,44,2,5,1,10
7253,10,678284986403110975,0,5,5,34,5,3,2,11
7254,10,-2486223766958595566,0,6,6,38,4,5,3,13
7255,10,6803238141985033207,0,5,5,40,3,10,6,25
7256,10,3603718248593456944,0,3,3,33,1,6,4,17
7257,10,-5309668989651209245,0,5,5,31,6,1,1,2
7258,10,4307347233444749838,0,6,6,34,3,6,4,17
7259,10,-2010336293002924924,0,5,5,32,8,2,2,4
7260,10,-5007795932059422230,0,8,8,38,3,5,2,13
7261,10,-467000776615478503,0,4,4,36,1,7,4,18
7262,10,4477753185956250447,0,7,7,35,1,2,1,3
7263,10,-51800846807073265,0,1,1,39,2,3,1,6
7264,10,6453889492667094953,0,1,1,38,4,7,6,14
7265,10,7901693522434984120,0,7,7,39,3,3,1,4
7266,10,-8603186210305342948,0,4,4,38,5,3,1,9
7267,10,-8602770157037287877,0,3,3,40,2,6,4,12
7268,10,8910356790567798160,0,6,6,32,5,4,3,17
7269,10,8194495934737127371,0,3,3,32,7,2,2,4
7270,10,-1496825066887282672,0,8,8,34,2,5,3,14
7271,10,7634809687569293851,0,5,5,37,5,7,4,13
7272,10,3921374843813230420,0,9,9,35,2,7,4,28
7273,10,-6469079932266709487,0,1,1,33,4,3,2,6
7274,10,174457471790389916,0,4,4,41,2,8,5,17
7275,10,-3478199258393624391,0,6,6,36,5,2,1,5
7276,10,-2502221533090951746,0,1,1,35,3,7,5,24
7277,10,-2539579051006423428,0,0,0,35,3,7,3,18
7278,10,-5377605143192022654,0,3,3,37,4,4,1,11
7279,10,3742902384836619665,0,2,2,36,4,6,5,19
7280,10,6321283110136880429,0,1,1,32,2,3,2,6
7281,10,-2629353470226478158,0,7,7,36,5,1,1,3
7282,10,5432009253552667995,0,6,6,32,2,2,1,3
7283,10,-1474926323454399725,0,4,4,32,7,1,1,4
7284,10,6804208434356145169,0,5,5,37,2,4,2,11
7285,10,3932933444362447503,0,3,3,36,2,6,4,13
7286,10,5429333494388708882,0,6,6,35,2,5,2,12
7287,10,-9006114492963054300,0,8,8,37,4,4,2,9
7288,10,-6755442398688165519,0,8,8,33,4,6,3,16
7289,10,2963453208551433377,0,5,5,33,1,4,1,9
7290,10,-2691383107510531737,0,4,4,39,1,3,1,10
7291,10,2567301396006044573,0,2,2,33,4,8,5,22
7292,10,5105138830999446374,0,6,6,33,6,1,1,2
7293,10,-3984053776793888085,0,3,3,34,2,5,3,14
7294,10,-2650174771799449234,0,4,4,33,9,2,2,4
7295,10,7953717277621716171,0,7,7,34,1,4,2,6
7296,10,613137449552930206,0,6,6,40,1,3,2,6
7297,10,2693595050416047906,0,4,4,35,1,4,2,12
7298,10,-7309682396278228211,0,7,7,34,6,4,3,13
7299,10,-5279009236020541459,0,3,3,32,2,2,1,7
7300,10,-2647064549462906918,0,4,4,37,3,4,3,12
7301,10,-1633932705461239629,0,2,2,37,4,4,3,8
7302,10,9069699050033351809,0,1,1,35,1,5,2,14
7303,10,5396588012256403386,0,8,8,39,4,6,5,11
7304,10,-3491584878580734864,0,5,5,35,1,7,4,13
7305,10,-3231779442708443973,0,6,6,35,5,3,2,7
7306,10,-5063665497023726631,0,4,4,36,5,3,1,8
7307,10,-8951806386676267816,0,4,4,34,4,7,5,24
7308,10,-8152033739326492983,0,8,8,35,1,4,2,15
7309,10,-710820281994296883,0,7,7,38,2,9,6,24
7310,10,-3611677728816298631,0,5,5,40,3,6,3,17
7311,10,-6105487804772720538,0,5,5,39,3,5,2,12
7312,10,-3362643979455053340,0,4,4,32,8,3,2,10
7313,10,288181556174469680,0,4,4,34,8,2,2,4
7314,10,3461346839241585305,0,4,4,43,1,6,2,15
7315,10,7163368446781204083,0,8,8,34,1,8,4,23
7316,10,-4401214514152202542,0,5,5,40,1,6,3,11
7317,10,289765969171240542,0,6,6,35,4,5,3,14
7318,10,5394690157837541316,0,1,1,36,2,10,6,23
7319,10,2112746879777423492,0,5,5,34,6,3,2,6
7320,10,7915360602186447672,0,6,6,40,2,3,1,13
7321,10,-4353730654817857657,0,4,4,42,1,8,3,13
7322,10,-5152870727154560166,0,3,3,36,2,5,3,10
7323,10,6576406637576308754,0,2,2,39,1,5,3,17
7324,10,-1908821834434805808,0,6,6,37,2,5,2,13
7325,10,-257297102243161588,0,6,6,37,3,5,3,10
7326,10,7649489439377466382,0,5,5,36,1,3,2,6
7327,10,-1354806602765790967,0,7,7,41,2,5,3,15
7328,10,1999189876686935784,0,9,9,40,3,3,2,5
7329,10,-6536672217526593532,0,4,4,34,1,4,2,10
7330,10,4682826323671297896,0,6,6,41,3,2,1,8
7331,10,1402567088393258059,0,4,4,34,1,5,3,12
7332,10,31276440408869601,0,8,8,36,4,8,6,19
7333,10,2416844386116541370,0,4,4,34,5,5,4,12
7334,10,8493590695434870851,0,5,5,36,3,3,1,6
7335,10,8622601674129852971,0,8,8,34,4,2,1,8
7336,10,-3912247197248703311,0,1,1,42,6,2,1,3
7337,10,949498352362764844,0,1,1,36,2,7,4,17
7338,10,1222956330344924496,0,2,2,33,1,6,4,19
7339,10,4022403548026193139,0,1,1,37,2,8,5,20
7340,10,665692402253052514,0,2,2,29,5,4,2,12
7341,10,3617442476989509006,0,5,5,37,1,9,5,23
7342,10,-7249301451356997742,0,3,3,35,2,3,2,8
7343,10,-3144704241950631074,0,6,6,32,5,3,3,5
7344,10,-9121153467773461103,0,1,1,35,3,4,3,12
7345,10,-3662556609736079419,0,5,5,35,3,4,2,11
7346,10,2880432371533713633,0,2,2,41,1,7,4,11
7347,10,-5944943468729953506,0,5,5,39,1,4,2,9
7348,10,-8979493252477658641,0,3,3,37,4,2,1,5
7349,10,-6440136142964493075,0,3,3,40,3,6,4,11
7350,10,-3873406709052902809,0,6,6,34,2,5,3,12
7351,10,-2225715198610703529,0,5,5,34,3,4,2,14
7352,10,-203027351155125309,0,7,7,34,2,7,4,18
7353,10,-5800664290145874476,0,6,6,38,3,4,1,11
7354,10,-7706886146384176347,0,4,4,35,1,5,2,7
7355,10,-4167008367457638622,0,3,3,37,2,7,3,13
7356,10,5012638547677828711,0,6,6,39,4,3,2,6
7357,10,-4694743283265783172,0,7,7,36,2,5,2,13
7358,10,4923273472641420911,0,5,5,34,3,4,2,15
7359,10,-631126044700215285,0,8,8,35,3,4,3,9
7360,10,2390668769479074503,0,7,7,34,1,6,3,15
7361,10,-4076816357015313251,0,3,3,38,1,4,1,9
7362,10,-4029172019194312084,0,5,5,36,5,10,7,26
7363,10,-2756929572697507692,0,4,4,34,2,5,3,14
7364,10,8297646317723864549,0,7,7,32,3,4,2,8
7365,10,6626556248075385376,0,5,5,35,2,4,2,5
7366,10,40549216176033431,0,4,4,36,6,5,3,11
7367,10,-3178964953101629776,0,0,0,43,2,11,6,23
7368,10,-8549125721432674473,0,6,6,39,2,4,1,10
7369,10,-6829372016329769051,0,5,5,32,8,1,1,3
7370,10,2165211228828021313,0,8,8,44,1,4,2,6
7371,10,-1187151467848823224,0,1,1,38,1,9,5,19
7372,10,-374492950889750585,0,7,7,37,2,6,3,14
7373,10,-2513935803323993346,0,7,7,35,2,4,2,10
7374,10,4680720343862299404,0,5,5,44,1,3,1,3
7375,10,8959184701098070970,0,4,4,35,8,4,3,9
7376,10,-7134370167717066894,0,2,2,35,1,7,5,18
7377,10,-6164151455224676942,0,5,5,34,4,3,1,8
7378,10,2958961717271323505,0,0,0,39,4,8,6,13
7379,10,6917335364402269781,0,5,5,35,2,2,1,6
7380,10,3111330924439092394,0,8,8,38,4,4,2,12
7381,10,8737059629708277627,0,1,1,38,4,7,5,14
7382,10,-216340670676958917,0,7,7,30,7,3,2,9
7383,10,2839655924166890206,0,9,9,35,2,3,1,11
7384,10,-2821671533295685036,0,7,7,37,3,7,4,20
7385,10,7743415998293375176,0,5,5,39,2,9,6,18
7386,10,8460921312691158026,0,4,4,37,1,5,2,9
7387,10,-7492678950465958387,0,3,3,34,1,5,3,15
7388,10,3374537075401586283,0,3,3,32,5,1,1,2
7389,10,-3554785864684323524,0,4,4,36,4,7,4,19
7390,10,106418878958429138,0,3,3,29,1,4,2,14
7391,10,8417228662732738321,0,0,0,36,4,3,1,10
7392,10,4682839199970558075,0,2,2,34,3,4,2,10
7393,10,7721586812653426221,0,2,2,35,2,2,1,5
7394,10,-3714442930175461543,0,7,7,34,3,5,3,18
7395,10,7392758629289370120,0,4,4,38,8,4,4,10
7396,10,-9207833865886052314,0,8,8,39,6,8,6,17
7397,10,-6825525183445144282,0,5,5,31,7,2,2,6
7398,10,-1822640453930325316,0,7,7,34,2,5,3,12
7399,10,8901496049011112584,0,4,4,34,3,6,5,16
7400,10,3118884524368092067,0,4,4,30,5,4,2,15
7401,10,-3020310274542430619,0,3,3,40,2,3,1,7
7402,10,3914770260994604522,0,7,7,38,2,3,1,6
7403,10,9090333034011962905,0,3,3,38,1,7,4,10
7404,10,-6424213831829926342,0,4,4,35,4,3,2,5
7405,10,48887359138919261,0,1,1,37,4,3,2,7
7406,10,4475312855061226279,0,9,9,41,2,4,1,10
7407,10,8664268228444864185,0,5,5,39,2,6,4,14
7408,10,-3209355659801684279,0,7,7,30,9,4,4,10
7409,10,4735288797576766774,0,3,3,35,2,4,2,6
7410,10,4302581326182151563,0,4,4,42,2,9,7,19
7411,10,1320446679844975958,0,3,3,34,1,7,4,22
7412,10,-3560121274111179198,0,8,8,40,4,6,3,10
7413,10,5690953752027172680,0,2,2,33,4,4,3,12
7414,10,-7479132168187101311,0,4,4,34,3,7,4,21
7415,10,2645371026912578647,0,6,6,34,2,3,2,8
7416,10,7629060113446911531,0,6,6,35,2,3,2,11
7417,10,2669190996463217060,0,5,5,33,1,5,4,8
7418,10,2904919938834911560,0,3,3,37,4,4,3,8
7419,10,-4954107010567362028,0,6,6,34,4,3,2,8
7420,10,729415009367404316,0,3,3,38,3,4,2,4
7421,10,-2206773062853024885,0,2,2,37,1,4,1,8
7422,10,4900412453045036917,0,6,6,30,2,2,1,6
7423,10,90996485317487449,0,5,5,36,4,4,3,9
7424,10,-8223256884693604540,0,6,6,38,1,8,5,17
7425,10,-2347530971200580108,0,5,5,36,2,3,1,8
7426,10,5718440455814193519,0,6,6,31,8,1,1,3
7427,10,532450058308795879,0,7,7,39,2,3,1,10
7428,10,5870672536523370725,0,8,8,35,3,5,4,14
7429,10,3712227287290873354,0,5,5,32,5,3,2,8
7430,10,-1674282883899717646,0,0,0,39,5,5,3,15
7431,10,1816031049302969075,0,8,8,37,2,6,4,13
7432,10,7267702194774966484,0,5,5,35,5,4,2,13
7433,10,7399034187041863596,0,2,2,38,3,5,3,8
7434,10,-7860685074236808307,0,4,4,33,2,7,5,16
7435,10,7268895616594162086,0,2,2,40,2,8,5,16
7436,10,-8231066422716353286,0,7,7,34,3,5,3,16
7437,10,-1828732735258603540,0,6,6,38,4,4,1,7
7438,10,6567712732166218532,0,5,5,34,1,4,2,12
7439,10,814170198260404635,0,2,2,38,2,5,2,9
7440,10,-4691643403089993003,0,6,6,36,1,5,4,10
7441,10,-756138639264757871,0,6,6,37,6,7,4,18
7442,10,-5828846499600166290,0,0,0,35,1,5,2,12
7443,10,5429350853737702755,0,3,3,34,5,5,3,11
7444,10,4835136935563376119,0,1,1,37,1,7,3,16
7445,10,385802231297781140,0,0,0,36,1,8,3,21
7446,10,5676437918588543096,0,5,5,33,1,5,3,13
7447,10,6864337756170104068,0,9,9,32,1,4,2,14
7448,10,-429232697870623098,0,5,5,39,1,7,4,19
7449,10,5985862855991425446,0,2,2,34,2,5,3,16
7450,10,741262908434970144,0,3,3,36,1,6,3,13
7451,10,-3507917744423606154,0,2,2,35,1,7,5,14
7452,10,-6233361290524520517,0,6,6,36,3,5,3,11
7453,10,5007080956094459561,0,3,3,42,3,4,3,9
7454,10,-4237796353946968934,0,6,6,34,2,7,4,15
7455,10,8159893936683180581,0,8,8,41,2,6,3,8
7456,10,-7686260484333105565,0,5,5,38,1,5,3,10
7457,10,-8289948747776881357,0,4,4,32,4,3,2,6
7458,10,791949677836170223,0,4,4,38,3,6,3,14
7459,10,580808796372715890,0,1,1,34,2,3,2,9
7460,10,5049615639163735905,0,4,4,34,3,4,2,10
7461,10,4634109647718782478,0,3,3,44,3,6,2,14
7462,10,6567970988091488633,0,4,4,33,5,3,2,6
7463,10,8959730954313948466,0,6,6,36,1,7,3,15
7464,10,-6607850720854366678,0,4,4,42,3,7,4,15
7465,10,4346009192936365242,0,8,8,35,5,4,3,11
7466,10,3809915178678017641,0,8,8,39,1,9,5,18
7467,10,-1080728399603177939,0,1,1,34,5,5,4,17
7468,10,6150013084197618503,0,3,3,34,1,2,1,3
7469,10,-2679252130439353878,0,4,4,40,3,8,6,16
7470,10,-3070959723335242175,0,2,2,36,2,3,2,8
7471,10,-8275863967325486688,0,4,4,37,6,3,3,9
7472,10,-7765087732130905385,0,9,9,38,2,5,2,12
7473,10,-5813506466490716669,0,6,6,39,2,5,4,10
7474,10,-8251060202760059558,0,5,5,34,2,4,2,11
7475,10,-5790817838949352516,0,6,6,35,1,4,1,9
7476,10,-7522568479167673590,0,4,4,35,6,3,2,8
7477,10,6243649438953112480,0,6,6,34,1,4,2,13
7478,10,-8237282255264164000,0,4,4,35,5,2,1,8
7479,10,7298124897457076772,0,7,7,37,5,3,2,4
7480,10,-859561809653974361,0,8,8,36,1,5,3,12
7481,10,-8079483546955759088,0,7,7,38,3,7,5,13
7482,10,720412714421503440,0,0,0,38,1,9,5,18
7483,10,7418469690711783027,0,4,4,35,1,4,1,13
7484,10,5800362963246573447,0,4,4,31,6,2,1,6
7485,10,-4265505460159881258,0,5,5,34,9,2,2,2
7486,10,-6814427641591789951,0,4,4,38,5,3,2,8
7487,10,-7425919498030151500,0,0,0,32,1,4,2,18
7488,10,3447778001894337815,0,6,6,35,3,3,2,7
7489,10,-2265385266865134295,0,0,0,36,2,8,5,28
7490,10,482371475965499928,0,5,5,40,3,5,3,12
7491,10,99130986211049960,0,1,1,41,1,8,4,12
7492,10,-8449219718908163366,0,7,7,44,2,6,2,14
7493,10,-3233240804608348558,0,4,4,36,1,8,6,18
7494,10,177576734511321746,0,5,5,36,2,7,5,14
7495,10,8035118157231707780,0,3,3,34,2,2,1,6
7496,10,8134982642851812069,0,5,5,31,7,3,1,11
7497,10,7558860847073296080,0,6,6,35,6,4,4,10
7498,10,685908725305846206,0,4,4,37,1,7,3,18
7499,10,-7333166886156314384,0,2,2,32,1,10,7,24
7500,10,-1083165563219072926,0,6,6,37,2,6,3,14
7501,10,3282447257281176215,0,2,2,36,5,4,2,7
7502,10,-3791233754352916544,0,8,8,39,1,3,1,6
7503,10,5772293730131887113,0,3,3,35,6,5,3,9
7504,10,1413228980223495693,0,7,7,33,2,5,2,13
7505,10,-1596699124639358516,0,8,8,36,5,2,1,7
7506,10,5792750164533762448,0,2,2,39,4,3,1,5
7507,10,8050062906588976543,0,8,8,34,4,4,3,7
7508,10,-3697752145720900422,0,6,6,34,4,7,5,15
7509,10,-1434108910151761237,0,8,8,30,4,6,5,17
7510,10,8663409280767514489,0,2,2,31,2,8,7,24
7511,10,-4378855082807969544,0,4,4,34,5,4,2,8
7512,10,7198115451797420493,0,6,6,32,3,4,3,13
7513,10,-5509904310129157086,0,4,4,38,5,5,2,11
7514,10,-1408183994596336742,0,1,1,42,2,5,3,10
7515,10,-8762862912411254453,0,5,5,39,1,5,2,10
7516,10,-258028233832020544,0,4,4,33,8,1,1,3
7517,10,-4131932614959237037,0,7,7,35,4,7,4,19
7518,10,-1979769743036848024,0,8,8,39,2,4,1,7
7519,10,5935215290413282374,0,7,7,38,1,4,2,8
7520,10,-7983665289526560096,0,5,5,38,1,6,4,18
7521,10,8456934326998959894,0,4,4,41,1,4,2,8
7522,10,7727055826158305066,0,6,6,36,3,5,3,12
7523,10,7435025717990548617,0,4,4,32,2,2,1,9
7524,10,-1009747377972313455,0,7,7,34,3,3,2,5
7525,10,543304594292580468,0,5,5,39,2,3,2,5
7526,10,3441699749971125884,0,2,2,40,2,3,1,5
7527,10,-3557595712924492759,0,7,7,39,5,3,2,9
7528,10,813426828792647238,0,6,6,38,9,1,1,1
7529,10,7007112070496147245,0,5,5,33,3,3,2,7
7530,10,5665883331707896013,0,8,8,39,3,5,3,9
7531,10,-6852040720145197266,0,7,7,41,1,8,5,16
7532,10,712421943253750665,0,3,3,42,4,4,2,7
7533,10,8486129190718708531,0,4,4,37,4,3,1,9
7534,10,-1640343866387631391,0,8,8,39,1,8,5,19
7535,10,-4077863532123468267,0,4,4,41,2,3,1,6
7536,10,-5150456938547291207,0,7,7,31,1,3,2,9
7537,10,-346880565782959059,0,4,4,39,1,6,2,14
7538,10,-3108221956076381617,0,2,2,35,5,4,2,15
7539,10,-697557435655729074,0,3,3,37,2,6,3,13
7540,10,-3685424168084889017,0,4,4,40,1,5,1,8
7541,10,-5753012393996035083,0,5,5,33,4,2,1,7
7542,10,2614109430897529859,0,5,5,31,6,3,2,4
7543,10,4183266584947257023,0,6,6,37,2,3,2,7
7544,10,-5266775359276481736,0,3,3,36,2,6,4,17
7545,10,3324136918449430810,0,1,1,35,1,6,3,19
7546,10,-3366479590747434307,0,6,6,34,4,6,3,13
7547,10,7035833002876565055,0,4,4,34,4,2,1,2
7548,10,-1401610046179477082,0,3,3,40,2,4,2,11
7549,10,-5608781164023449249,0,8,8,40,3,2,1,4
7550,10,6189584312000038289,0,1,1,45,1,10,5,30
7551,10,-4355681848364369380,0,1,1,34,1,3,1,10
7552,10,-7443245393504080321,0,7,7,34,5,4,2,12
7553,10,9154397890008390714,0,7,7,31,4,4,3,11
7554,10,-7563161819305685402,0,2,2,32,7,3,3,5
7555,10,6244061614231662230,0,7,7,42,4,6,4,6
7556,10,892096407000896964,0,7,7,35,7,6,5,13
7557,10,8895713725919624534,0,3,3,33,1,6,3,18
7558,10,2074807944609450103,0,9,9,37,1,6,4,15
7559,10,-2505542313161944223,0,8,8,40,2,5,2,9
7560,10,5598786179411353483,0,4,4,32,1,3,1,5
7561,10,8594091660939960081,0,7,7,37,3,3,2,6
7562,10,3942672200483692245,0,5,5,38,4,7,4,17
7563,10,-1421907569490792921,0,2,2,44,1,7,3,14
7564,10,-6378503859191483394,0,4,4,33,1,4,3,12
7565,10,1391704735079937279,0,8,8,40,1,4,2,8
7566,10,6108120812259013346,0,6,6,36,5,6,3,11
7567,10,-1335635835018373884,0,8,8,35,1,7,4,18
7568,10,3035594805575729946,0,3,3,40,2,4,2,11
7569,10,-6977787772445485467,0,4,4,41,1,8,4,17
7570,10,-8086925873714621737,0,3,3,32,2,8,4,23
7571,10,-2981227879309997816,0,2,2,40,5,3,1,6
7572,10,-6570874156825074959,0,7,7,37,7,2,2,4
7573,10,6972655044014309566,0,7,7,39,1,2,1,9
7574,10,1622906861146128447,0,2,2,34,4,4,2,10
7575,10,3850161034116292792,0,1,1,34,3,6,5,16
7576,10,-4883691029844492760,0,4,4,35,2,4,2,10
7577,10,-6773603134758442438,0,2,2,36,3,5,2,14
7578,10,-653266706114083206,0,2,2,36,2,4,2,7
7579,10,6537687151444689550,0,2,2,36,3,4,3,12
7580,10,7667896068471427706,0,4,4,40,2,4,2,10
7581,10,-8036979393001642950,0,7,7,43,1,4,1,9
7582,10,-8873301703490182853,0,7,7,39,1,3,1,8
7583,10,-1957057528993140876,0,3,3,38,6,6,4,17
7584,10,7020094950961397555,0,5,5,27,7,2,2,8
7585,10,8365555699050778070,0,7,7,38,4,7,4,16
7586,10,8247356162482991882,0,2,2,37,1,5,3,13
7587,10,-6589924335359763123,0,1,1,36,2,9,4,18
7588,10,-9165588064641014859,0,9,9,37,1,7,4,18
7589,10,99059884079715927,0,0,0,36,8,3,1,8
7590,10,-8628841052825875517,0,6,6,29,7,2,2,6
7591,10,-2543519340760047251,0,5,5,36,1,5,4,14
7592,10,-3733650344263971337,0,3,3,39,2,7,3,14
7593,10,-7762571095419269187,0,5,5,40,1,6,3,14
7594,10,-3656012039712571626,0,2,2,32,4,6,5,13
7595,10,2931480293964081947,0,3,3,38,1,5,1,12
7596,10,1692826311716976896,0,6,6,39,1,4,2,10
7597,10,-1066836051336834759,0,3,3,36,4,5,4,8
7598,10,-2750723053522531579,0,5,5,39,4,3,1,10
7599,10,-1577494067227668970,0,9,9,31,3,4,1,11
7600,10,-1478429074114913423,0,3,3,34,1,7,5,17
7601,10,-4502082360793454156,0,6,6,36,1,9,6,26
7602,10,144521272897375848,0,9,9,38,1,8,4,22
7603,10,-394296621320495859,0,6,6,32,4,3,2,3
7604,10,-311489633905015303,0,7,7,38,1,5,2,13
7605,10,7029742041955115591,0,6,6,37,1,7,3,18
7606,10,-91984444771020948,0,6,6,36,1,4,1,7
7607,10,-9077225446591753178,0,5,5,34,3,3,2,12
7608,10,-1951734705431260706,0,6,6,37,5,5,4,14
7609,10,-4758345204118859583,0,3,3,41,1,4,2,5
7610,10,-4684677539040685552,0,4,4,35,2,3,1,7
7611,10,4607492264270943096,0,6,6,36,7,2,2,4
7612,10,-3312146606717476997,0,7,7,33,4,2,1,6
7613,10,-1225516572098332123,0,4,4,32,3,2,1,6
7614,10,1502404665625427622,0,2,2,29,1,4,2,15
7615,10,5124640558951164304,0,2,2,37,7,2,1,6
7616,10,1330375216256722108,0,4,4,39,5,5,3,13
7617,10,-570620317763418840,0,2,2,36,4,4,2,9
7618,10,287403098822858840,0,1,1,32,5,5,3,9
7619,10,3130424028205624816,0,7,7,37,5,4,2,13
7620,10,-6579895241266426973,0,6,6,38,3,5,2,15
7621,10,-7879037975066329929,0,4,4,38,1,8,5,19
7622,10,-7924514785453898847,0,4,4,34,8,1,1,2
7623,10,-2122162907361809524,0,2,2,39,1,3,1,6
7624,10,3811398686380482759,0,1,1,38,1,7,4,13
7625,10,3688442830626988655,0,7,7,35,4,5,3,12
7626,10,1944510449421835472,0,3,3,36,5,4,3,14
7627,10,2732604291069369163,0,4,4,35,8,2,1,6
7628,10,1605828286137864656,0,2,2,37,8,3,2,8
7629,10,-8659526711063178973,0,4,4,44,5,4,1,6
7630,10,6234157829151825545,0,5,5,34,1,4,3,7
7631,10,-515586700279779700,0,2,2,38,2,4,2,6
7632,10,5461661885926816764,0,3,3,37,5,4,3,7
7633,10,-8632992489228636325,0,5,5,39,1,6,4,14
7634,10,7836471763833559107,0,1,1,39,2,3,2,8
7635,10,1215182750567295390,0,8,8,37,1,5,4,6
7636,10,-3800376531065894243,0,8,8,38,1,6,4,13
7637,10,-3591742844963343921,0,3,3,37,3,3,2,4
7638,10,-5478953011786222390,0,3,3,30,3,5,3,18
7639,10,4881511124479888966,0,4,4,36,5,2,1,5
7640,10,-4304781332646533735,0,4,4,38,4,3,2,9
7641,10,6313503950079290863,0,4,4,34,4,5,3,17
7642,10,-982764915517697858,0,6,6,39,2,4,2,11
7643,10,-3884744963003640259,0,5,5,39,3,6,3,19
7644,10,-2725408487298600983,0,8,8,38,5,2,1,5
7645,10,123041436828449886,0,2,2,36,2,8,4,20
7646,10,5310685466572103955,0,4,4,40,1,3,1,7
7647,10,1878811778975055280,0,2,2,37,3,5,3,12
7648,10,-1210766657560455654,0,8,8,35,4,5,3,11
7649,10,423184873572330354,0,5,5,36,2,2,1,4
7650,10,4940593079612860816,0,5,5,30,4,3,1,6
7651,10,6485710364602867134,0,6,6,37,4,3,1,6
7652,10,6072364103669509327,0,4,4,35,5,5,4,8
7653,10,-9097753328405577289,0,7,7,38,1,4,2,12
7654,10,-2921611189908356272,0,4,4,33,4,4,2,9
7655,10,-1251410136862812418,0,4,4,40,5,4,2,15
7656,10,-1130771870638366916,0,5,5,38,1,7,4,14
7657,10,-7291199632420564887,0,4,4,33,6,3,2,11
7658,10,-8497315780199992509,0,3,3,35,2,6,4,10
7659,10,8459293731224423414,0,6,6,32,1,2,1,5
7660,10,3969544893451906477,0,3,3,35,2,3,1,11
7661,10,2253623411656939005,0,2,2,34,3,5,3,12
7662,10,7454425441837338798,0,1,1,33,4,3,2,10
7663,10,-8135024943468794971,0,3,3,33,2,2,1,5
7664,10,-7589623634533041155,0,4,4,34,1,4,2,10
7665,10,-7093804253682716520,0,6,6,34,3,3,2,10
7666,10,-4198185347547776089,0,2,2,34,5,5,3,10
7667,10,4300487034776685562,0,1,1,33,4,4,3,11
7668,10,6362170734897704991,0,3,3,37,2,5,2,11
7669,10,-3718638054711172970,0,3,3,40,2,4,1,6
7670,10,8135224220198626202,0,6,6,35,1,5,3,14
7671,10,3168148393687422042,0,5,5,37,3,6,4,14
7672,10,-3458405169502855015,0,4,4,37,6,5,3,11
7673,10,-4212450570997458171,0,5,5,37,1,6,3,16
7674,10,5013882308977728967,0,4,4,38,2,3,1,7
7675,10,6538641467919120414,0,1,1,35,3,4,3,11
7676,10,2060789068663722756,0,1,1,33,3,4,2,8
7677,10,385698969112734759,0,9,9,39,2,6,1,14
7678,10,-3179843704242435135,0,7,7,35,1,7,4,23
7679,10,8246236678016696594,0,7,7,35,4,3,2,9
7680,10,-6375172702597657970,0,5,5,37,1,3,1,10
7681,10,6478516578716772852,0,2,2,40,3,5,3,7
7682,10,3730574664648151536,0,2,2,33,3,7,4,19
7683,10,88640896421718520,0,2,2,39,3,5,4,16
7684,10,782059517703906935,0,6,6,32,6,2,1,6
7685,10,-1410471962119784811,0,2,2,37,2,6,2,9
7686,10,-3489601452106539504,0,0,0,38,2,5,2,11
7687,10,4714468351385340163,0,6,6,35,3,2,1,5
7688,10,107782086393041047,0,6,6,32,2,4,2,12
7689,10,6346997979602735850,0,3,3,38,1,6,3,16
7690,10,-8470101267615744592,0,3,3,39,7,3,2,7
7691,10,5217293901096421980,0,3,3,38,4,7,4,17
7692,10,-8340640109333808169,0,2,2,33,2,3,2,8
7693,10,5874410429874127109,0,8,8,40,3,7,3,16
7694,10,6052953337154208948,0,6,6,36,1,4,2,10
7695,10,-4432505640261780831,0,1,1,37,7,7,5,16
7696,10,-8908529369526209869,0,4,4,36,1,4,1,7
7697,10,-4996131535732902227,0,0,0,35,2,4,2,9
7698,10,-1478782743259790380,0,3,3,40,3,6,2,15
7699,10,-109542960820395679,0,3,3,40,4,7,4,17
7700,10,7688188551567127999,0,2,2,41,2,3,2,6
7701,10,2203561844544118748,0,2,2,36,4,5,3,16
7702,10,5764817597299003163,0,2,2,38,3,2,1,2
7703,10,-1166143326201730143,0,8,8,34,6,1,1,4
7704,10,6961390494744390175,0,3,3,34,1,4,3,10
7705,10,8760012423455322434,0,6,6,43,2,3,1,7
7706,10,2091442075385992296,0,4,4,32,4,4,3,10
7707,10,-396844245337774502,0,4,4,34,7,4,3,10
7708,10,-2428248994981095411,0,2,2,39,1,5,2,14
7709,10,-2183112980750480705,0,6,6,33,4,5,4,14
7710,10,-2543228179778878992,0,5,5,35,1,3,1,9
7711,10,-3440911409735251720,0,6,6,36,4,5,3,14
7712,10,-1720368844675434154,0,1,1,34,1,6,4,16
7713,10,2048955755596999148,0,5,5,35,1,3,2,7
7714,10,3178859447686986938,0,1,1,35,2,5,2,12
7715,10,7110845109464141788,0,4,4,38,1,7,4,17
7716,10,4253799829784516573,0,4,4,34,2,2,1,9
7717,10,7932730076384521363,0,8,8,37,5,6,4,19
7718,10,7447713139303098145,0,9,9,42,3,7,5,16
7719,10,-989966228675942693,0,1,1,34,5,1,1,2
7720,10,2764535016763931671,0,4,4,37,4,4,1,9
7721,10,-555096294221618381,0,1,1,37,1,7,4,19
7722,10,8503913822145673046,0,5,5,36,2,3,1,8
7723,10,-8186503583861496898,0,3,3,38,2,3,1,10
7724,10,-8107393629548041330,0,7,7,40,4,2,1,6
7725,10,-3696144226471857283,0,1,1,39,2,8,6,15
7726,10,4218887033305570780,0,3,3,39,1,5,3,10
7727,10,-1223712514447830848,0,1,1,38,6,5,4,13
7728,10,-1582364936143620257,0,9,9,37,2,5,3,10
7729,10,8180476442146966233,0,8,8,42,3,3,1,8
7730,10,1839356066901801994,0,6,6,36,1,4,3,9
7731,10,7815649470776018707,0,3,3,37,3,3,1,10
7732,10,-4192797951838774597,0,4,4,35,8,3,2,11
7733,10,-739184668935184158,0,4,4,35,1,4,1,12
7734,10,563707226411248268,0,5,5,38,4,6,3,14
7735,10,-115280841306105509,0,3,3,36,3,4,2,11
7736,10,-1045614339962214039,0,3,3,41,2,8,5,15
7737,10,-2663140596835071514,0,6,6,33,4,3,2,8
7738,10,-7986152029234622493,0,2,2,37,3,3,1,10
7739,10,-7551810073341915599,0,6,6,38,3,4,2,11
7740,10,1713371913061273154,0,3,3,34,5,2,2,6
7741,10,851493938503375207,0,5,5,41,7,2,1,3
7742,10,5957985106045191904,0,6,6,38,1,3,1,4
7743,10,-1939927933706671455,0,4,4,32,2,6,2,18
7744,10,3076196847552993716,0,9,9,35,1,5,3,15
7745,10,-3763645507469781860,0,1,1,33,8,2,1,5
7746,10,8593872253596013869,0,2,2,37,1,6,4,15
7747,10,9134406194884594860,0,5,5,33,2,2,1,4
7748,10,-1803762576841514943,0,4,4,34,2,7,4,16
7749,10,1294294576111875313,0,4,4,32,2,3,2,8
7750,10,-2450834100442713660,0,1,1,34,1,5,3,15
7751,10,-4209493156659096121,0,7,7,38,2,4,2,7
7752,10,4028779217792264445,0,3,3,39,1,7,4,19
7753,10,244122692354603650,0,2,2,37,2,4,1,9
7754,10,-5412540661466129547,0,4,4,30,6,5,3,16
7755,10,5994111547964253531,0,4,4,33,3,3,1,6
7756,10,5341908650546703378,0,4,4,39,4,2,1,3
7757,10,6151079868889779876,0,8,8,39,4,7,4,17
7758,10,8987878562630811493,0,5,5,37,1,4,1,9
7759,10,-7105311092662738109,0,5,5,32,7,4,3,9
7760,10,-6197668902167961281,0,6,6,33,4,9,7,26
7761,10,3986893259533317725,0,3,3,41,3,5,2,14
7762,10,-7153213840954036342,0,8,8,40,2,4,2,9
7763,10,-7581033718337021360,0,1,1,34,3,3,1,8
7764,10,-2257163246139007403,0,4,4,36,6,3,2,8
7765,10,279073147841271015,0,7,7,31,5,2,1,9
7766,10,-1785065279808132816,0,6,6,36,3,3,1,5
7767,10,8579170395882267336,0,4,4,34,2,7,4,30
7768,10,-6825493696772143687,0,8,8,32,6,2,1,6
7769,10,6992754670214528561,0,7,7,37,3,3,1,6
7770,10,-5559279984805958793,0,5,5,40,5,3,2,6
7771,10,-9062681175536771869,0,6,6,41,1,6,2,11
7772,10,-4808679140184210202,0,5,5,39,3,2,1,4
7773,10,-6320650172189681315,0,7,7,37,4,3,2,10
7774,10,8478825174511705554,0,7,7,37,3,5,2,15
7775,10,-7327681631535989939,0,4,4,36,4,3,1,9
7776,10,-4165165880247868696,0,3,3,42,1,6,3,18
7777,10,7388525280423039811,0,5,5,34,7,2,2,6
7778,10,2471687312047015561,0,1,1,38,7,3,1,7
7779,10,-6704458034026340953,0,6,6,32,1,3,1,8
7780,10,8691499221908086497,0,6,6,38,4,6,4,11
7781,10,-8836436611620773651,0,2,2,37,2,7,4,19
7782,10,-2227683780419137224,0,3,3,35,1,5,4,15
7783,10,4841561126966049542,0,1,1,36,5,2,1,8
7784,10,-3857889758215659897,0,5,5,39,1,4,1,7
7785,10,3902887604494406169,0,6,6,31,7,5,3,14
7786,10,2425961533953418574,0,3,3,38,3,3,2,6
7787,10,6720573951482141811,0,2,2,32,4,5,4,15
7788,10,-4799557639163597660,0,2,2,42,2,4,1,6
7789,10,626653274292384699,0,7,7,41,3,6,4,13
7790,10,7760518913715752079,0,1,1,34,1,4,2,12
7791,10,-6252001651057318039,0,3,3,32,9,2,2,8
7792,10,-2023197635246389355,0,1,1,36,1,6,3,16
7793,10,-5858332049302060424,0,8,8,35,2,4,2,14
7794,10,-4073247342255642221,0,7,7,37,2,5,3,7
7795,10,4238898966264051801,0,5,5,38,1,8,5,22
7796,10,-2432604011308040244,0,2,2,34,6,4,3,8
7797,10,-3589216793796711125,0,6,6,33,2,4,3,10
7798,10,1272173285745835588,0,3,3,35,7,4,3,7
7799,10,6890376670442179881,0,6,6,37,3,6,4,16
7800,10,-1004079448557672882,0,4,4,34,4,2,1,5
7801,10,-1393182503559026845,0,5,5,34,2,4,3,9
7802,10,1116749259929371236,0,6,6,43,1,5,2,13
7803,10,3367257359052619697,0,5,5,35,3,4,2,11
7804,10,5115864902810716982,0,7,7,38,3,2,1,6
7805,10,-1334882591077119005,0,7,7,34,1,4,1,12
7806,10,-6690339413650437627,0,2,2,42,3,5,2,16
7807,10,6295151805223948349,0,6,6,36,7,5,3,10
7808,10,4549720620919999536,0,5,5,38,3,3,2,7
7809,10,-3031615908066832606,0,8,8,32,9,3,3,5
7810,10,1295426754142927886,0,8,8,37,3,5,2,17
7811,10,4039971760083058702,0,5,5,37,5,5,3,9
7812,10,-2737881088047680769,0,4,4,37,7,3,2,7
7813,10,-8504129575375142455,0,5,5,32,7,1,1,1
7814,10,-1659701810043922243,0,2,2,39,1,5,2,12
7815,10,900802334415141849,0,3,3,36,3,6,3,11
7816,10,1004086389720327159,0,5,5,37,3,5,3,12
7817,10,-248156469458083017,0,5,5,37,2,4,1,12
7818,10,-5931181928740057056,0,5,5,37,5,1,1,1
7819,10,864807382640154182,0,6,6,38,3,5,2,11
7820,10,-8460654973444088701,0,4,4,34,1,4,2,12
7821,10,-2391437237171207168,0,1,1,37,5,2,1,2
7822,10,3772688662593005722,0,7,7,34,5,3,2,6
7823,10,-6388862463072611726,0,4,4,32,4,3,2,11
7824,10,7291563347176063392,0,9,9,33,4,5,2,14
7825,10,3599499195842181226,0,7,7,35,4,4,2,9
7826,10,2733223715703649637,0,6,6,36,7,2,1,8
7827,10,-5736934474481844627,0,2,2,31,5,3,2,7
7828,10,-4204667287434838432,0,6,6,28,7,2,1,9
7829,10,4566801856005561070,0,2,2,35,2,3,1,11
7830,10,-333860296728093430,0,0,0,38,3,9,5,18
7831,10,1920534659662110141,0,0,0,33,1,6,4,11
7832,10,-3915690977624378775,0,5,5,38,1,4,2,7
7833,10,7151458594220760765,0,6,6,38,1,5,2,12
7834,10,8459744687021780970,0,6,6,37,2,5,3,7
7835,10,3448271560896504794,0,2,2,33,3,2,1,3
7836,10,8750937840011260020,0,5,5,36,3,3,1,8
7837,10,-4194083734749646279,0,6,6,38,6,7,5,23
7838,10,7099137201492266681,0,3,3,36,8,3,2,7
7839,10,-8649386743774904656,0,3,3,36,6,3,2,5
7840,10,-2897254607836132146,0,6,6,34,2,3,1,10
7841,10,-7497779812837035657,0,5,5,41,2,6,2,13
7842,10,6265880703467544829,0,2,2,38,1,3,1,9
7843,10,-3424215455048224480,0,0,0,38,2,5,1,13
7844,10,-3642671864521163814,0,8,8,32,1,2,1,6
7845,10,-6336680369231238972,0,3,3,37,2,4,2,10
7846,10,-3105692208880231533,0,4,4,34,2,7,6,20
7847,10,8271398157430226302,0,7,7,35,4,2,1,5
7848,10,-1290890153391882100,0,7,7,40,2,5,2,12
7849,10,3161518991689213725,0,4,4,33,1,5,3,10
7850,10,4990496472713664299,0,8,8,32,3,6,3,18
7851,10,8495478785170497556,0,4,4,34,4,3,2,6
7852,10,-2637372178469278993,0,6,6,41,2,3,1,6
7853,10,7852422674568978613,0,3,3,43,4,9,6,19
7854,10,837362479624222407,0,1,1,33,2,3,2,7
7855,10,-8365030677041178210,0,6,6,34,2,5,2,9
7856,10,6416550299312744097,0,3,3,33,6,3,2,13
7857,10,-7108836590512119437,0,6,6,30,4,4,3,15
7858,10,-985670118513304000,0,9,9,35,3,5,2,17
7859,10,1728314933350484429,0,2,2,38,2,6,4,13
7860,10,-398568828004525742,0,4,4,34,6,5,3,14
7861,10,8779526728761954161,0,5,5,34,1,3,2,7
7862,10,2716180441563379905,0,7,7,44,1,8,4,10
7863,10,2139879799457110468,0,6,6,40,1,6,3,17
7864,10,-5633202564031983287,0,1,1,37,6,4,2,9
7865,10,-8601746650600211074,0,6,6,34,1,2,1,4
7866,10,-579866075519152310,0,8,8,31,4,8,7,22
7867,10,8576740129450407582,0,6,6,34,3,5,3,14
7868,10,7895591664115139550,0,5,5,35,1,2,1,7
7869,10,-5625414247993881187,0,6,6,33,5,5,3,15
7870,10,-5672126956242702546,0,8,8,33,1,7,4,18
7871,10,7089574814692989926,0,1,1,39,1,7,3,18
7872,10,6949967263786703873,0,2,2,36,6,5,4,15
7873,10,-6221276894120860796,0,6,6,43,3,4,2,6
7874,10,-4462698500304281451,0,7,7,34,2,6,4,10
7875,10,8532642374905081372,0,7,7,41,8,5,4,14
7876,10,-8803383352826521422,0,1,1,39,2,6,3,20
7877,10,2357481215087699742,0,5,5,36,3,2,1,5
7878,10,-4082456057937449733,0,8,8,37,4,4,2,8
7879,10,5579953337871574327,0,7,7,32,6,1,1,2
7880,10,8268946391654988678,0,5,5,39,1,6,3,16
7881,10,-212237461827987703,0,4,4,35,3,5,3,18
7882,10,-871330720462883409,0,6,6,32,5,4,2,6
7883,10,-4117549789238376674,0,6,6,33,6,2,1,6
7884,10,-8492506260467628247,0,5,5,36,4,4,2,9
7885,10,-1739883663781418215,0,4,4,35,6,4,3,8
7886,10,-7301900434310849963,0,4,4,39,5,4,3,9
7887,10,-8009185411900673490,0,5,5,35,4,4,2,11
7888,10,4099702308946955734,0,6,6,36,3,4,1,6
7889,10,6436057604035020499,0,4,4,35,1,5,2,17
7890,10,-3952510478905397403,0,3,3,36,5,4,3,8
7891,10,-3955619807901681737,0,7,7,34,2,2,1,5
7892,10,-796069580402913311,0,4,4,32,4,3,2,8
7893,10,-1588564009696478221,0,4,4,34,8,3,3,9
7894,10,1966567579776173225,0,1,1,43,4,6,4,15
7895,10,-1762619338303109505,0,7,7,38,1,5,3,9
7896,10,6379854915692882478,0,8,8,35,2,4,1,8
7897,10,1830150322491645158,0,8,8,41,1,4,1,10
7898,10,3739126224241179587,0,3,3,36,4,5,3,12
7899,10,-3301294712779315907,0,5,5,32,3,5,3,11
7900,10,-2803330440267754313,0,2,2,34,1,4,1,11
7901,10,-1505830606595514543,0,6,6,38,3,3,1,9
7902,10,-8118023384427139420,0,6,6,42,1,5,2,11
7903,10,-1318829112183915233,0,3,3,33,3,3,1,5
7904,10,5165342244235997449,0,8,8,35,3,7,5,21
7905,10,-5659839934343704952,0,6,6,34,1,5,3,10
7906,10,-5148139733392333290,0,1,1,36,3,3,2,9
7907,10,4191276410933752901,0,4,4,32,6,3,2,4
7908,10,9139163348000647367,0,4,4,35,6,4,3,10
7909,10,2316797609343127063,0,3,3,34,5,6,5,11
7910,10,4770835491219726388,0,4,4,36,1,8,5,17
7911,10,1166767421196605507,0,8,8,34,4,3,1,6
7912,10,6926234490324229158,0,5,5,37,6,3,2,6
7913,10,5109329807223794749,0,7,7,36,2,4,3,9
7914,10,5235196401041778413,0,0,0,37,3,5,1,12
7915,10,-2419642469813364573,0,6,6,33,3,3,2,6
7916,10,-8503426002326282128,0,5,5,37,6,3,2,7
7917,10,7334076120019747948,0,3,3,35,7,2,2,6
7918,10,-6112291663100692860,0,5,5,37,1,5,2,9
7919,10,6626655252493046113,0,3,3,40,4,6,3,13
7920,10,-249747950353281407,0,7,7,37,1,3,1,9
7921,10,-6574964937987296821,0,4,4,38,3,4,2,9
7922,10,-7100756074443000814,0,1,1,37,2,4,2,11
7923,10,30378568915805549,0,4,4,36,3,3,2,10
7924,10,4199566130043330893,0,6,6,33,5,3,2,11
7925,10,-7471430482246741580,0,6,6,33,5,3,2,9
7926,10,-6025287111777700861,0,5,5,37,6,4,3,12
7927,10,3923351589343553836,0,5,5,36,2,6,3,17
7928,10,5782134227045557336,0,3,3,39,1,4,2,9
7929,10,2677228390370383414,0,0,0,34,3,5,2,14
7930,10,-3202135130742108011,0,2,2,34,1,7,4,19
7931,10,-6194193653218059016,0,5,5,35,1,6,4,12
7932,10,-7586602794381413828,0,7,7,37,2,4,1,13
7933,10,-4229170536737478508,0,5,5,35,5,2,2,4
7934,10,-3803142116040994724,0,9,9,45,1,7,3,9
7935,10,5189028990481053595,0,6,6,36,5,2,1,5
7936,10,-1542934178341731545,0,5,5,36,4,2,1,3
7937,10,7585239405291412419,0,3,3,36,3,5,3,10
7938,10,5211836897043094721,0,7,7,33,9,2,2,2
7939,10,25830173291872472,0,2,2,34,5,2,1,5
7940,10,-7695975597569422502,0,4,4,33,2,4,3,12
7941,10,3452651731363540720,0,5,5,39,3,3,2,4
7942,10,-9000277925545850754,0,7,7,37,3,4,1,8
7943,10,2407314108657466338,0,4,4,35,5,3,2,6
7944,10,1653632944029706667,0,5,5,37,1,4,2,10
7945,10,-550051868191154184,0,3,3,36,4,2,1,5
7946,10,-415623600217496029,0,7,7,33,1,5,3,12
7947,10,3316202197118722531,0,6,6,36,2,5,3,10
7948,10,-8125358069546441212,0,3,3,36,8,3,2,7
7949,10,6988832485924408815,0,6,6,39,5,6,4,11
7950,10,1411620765255102101,0,4,4,34,4,3,2,5
7951,10,7294791031885687927,0,8,8,39,2,7,3,20
7952,10,-8472809270035464223,0,5,5,38,3,4,1,9
7953,10,2249808407533005722,0,8,8,31,3,4,2,10
7954,10,-1362989319373064310,0,9,9,35,1,5,2,13
7955,10,-3597931084374347730,0,5,5,34,4,2,1,7
7956,10,-7723421958789919530,0,6,6,36,5,2,1,6
7957,10,-4901280203131190796,0,7,7,43,1,6,2,15
7958,10,7711067988794014221,0,1,1,34,3,4,3,6
7959,10,9110030956772902669,0,1,1,36,2,5,3,16
7960,10,1159462469200733959,0,3,3,40,6,3,2,8
7961,10,-6287954951837449555,0,5,5,34,1,5,2,16
7962,10,5992450359368673536,0,4,4,39,6,7,4,21
7963,10,22202642499554061,0,0,0,42,3,6,1,9
7964,10,7953427797973298094,0,3,3,37,7,2,2,4
7965,10,5878679750397094566,0,6,6,34,4,3,1,7
7966,10,1033421949395834773,0,5,5,41,4,4,1,12
7967,10,3224305062843359387,0,6,6,37,5,5,4,14
7968,10,2668392734628104601,0,5,5,37,4,3,1,10
7969,10,5249939692056605814,0,9,9,37,1,6,3,15
7970,10,8950472339309752277,0,3,3,36,5,3,2,7
7971,10,-8056296035864014569,0,7,7,37,6,2,1,6
7972,10,6843400736299409322,0,3,3,37,3,5,2,16
7973,10,-1646599097124824344,0,7,7,34,2,3,1,9
7974,10,2273917625861404953,0,3,3,34,2,5,3,15
7975,10,8092150664054584661,0,8,8,32,1,4,3,12
7976,10,-5415809801321370795,0,3,3,37,4,6,4,18
7977,10,-3260724383896196229,0,1,1,29,2,2,1,7
7978,10,-3792931354327142765,0,8,8,40,6,5,4,14
7979,10,-2937418383170834401,0,9,9,37,1,5,2,12
7980,10,-609266723854874843,0,1,1,37,2,3,1,8
7981,10,8781921962838157537,0,1,1,34,9,2,2,4
7982,10,-2063559062237207098,0,6,6,36,2,3,1,6
7983,10,-7128353348392240976,0,4,4,33,4,6,4,12
7984,10,7486163088603199799,0,6,6,38,1,5,3,10
7985,10,-7837586777640174208,0,5,5,37,6,2,1,5
7986,10,3812290809078449418,0,1,1,34,6,4,2,8
7987,10,4891491692932740410,0,4,4,37,2,6,3,13
7988,10,-8333388086392729155,0,3,3,35,4,4,3,9
7989,10,-8305202979334849036,0,1,1,37,2,3,1,7
7990,10,7443501958792694281,0,4,4,33,5,2,1,6
7991,10,-6955922316389571231,0,7,7,34,4,3,2,6
7992,10,3761053318143859068,0,1,1,39,2,7,4,15
7993,10,7529462244738251659,0,0,0,37,3,4,2,11
7994,10,359720732142362693,0,0,0,32,2,6,3,17
7995,10,-5909841266358149953,0,3,3,33,1,3,1,8
7996,10,2127084993062326350,0,1,1,38,1,6,4,13
7997,10,4629095831851148999,0,8,8,37,4,4,2,5
7998,10,2972460608248579984,0,4,4,36,4,3,2,11
7999,10,-4981922208607072930,0,7,7,33,3,3,1,5
8000,10,2443398740208384929,0,1,1,33,6,2,2,8
8001,10,8073977395179749856,0,0,0,32,4,7,4,23
8002,10,-1138748993132557679,0,2,2,37,1,6,4,10
8003,10,-2182450278142074303,0,5,5,38,2,6,4,14
8004,10,-4341010318633171721,0,5,5,34,2,6,3,17
8005,10,-1812926935507836097,0,3,3,33,1,5,3,17
8006,10,-2209445297046502074,0,3,3,36,1,4,1,11
8007,10,5418513400120895963,0,8,8,37,1,7,4,12
8008,10,8393631807944747108,0,8,8,37,4,4,2,8
8009,10,7205081852647540740,0,5,5,35,3,5,2,16
8010,10,-5837451155909411971,0,3,3,39,6,4,3,10
8011,10,722605508616671381,0,3,3,39,4,6,4,13
8012,10,-995023794972642541,0,3,3,38,1,5,2,12
8013,10,8735784554698765954,0,4,4,37,1,5,3,13
8014,10,-3516332256183025831,0,4,4,40,1,8,4,18
8015,10,5949032906174917453,0,1,1,40,1,5,2,16
8016,10,-6235904137644011071,0,5,5,42,5,8,4,22
8017,10,34495034715697342,0,9,9,39,2,8,5,13
8018,10,-6550949872830994477,0,6,6,36,1,3,1,6
8019,10,-2042401670721924654,0,1,1,30,3,4,2,13
8020,10,2187610897465192256,0,5,5,36,3,4,2,6
8021,10,6150112372832483059,0,5,5,35,3,3,2,9
8022,10,3147549825193449271,0,3,3,38,3,6,3,11
8023,10,-2609013989328074391,0,4,4,37,1,3,1,6
8024,10,-152594637681892618,0,5,5,39,6,3,2,8
8025,10,757693791151069712,0,2,2,33,2,4,2,12
8026,10,6175646817808044451,0,0,0,36,1,10,6,26
8027,10,-2192452104633286837,0,6,6,34,2,4,2,9
8028,10,-6966011467270803621,0,6,6,41,1,5,2,10
8029,10,225663981067329080,0,2,2,37,2,5,2,10
8030,10,-6926014173375487093,0,5,5,40,3,7,4,11
8031,10,8871708593858089764,0,3,3,33,7,5,3,9
8032,10,7738148701339914367,0,7,7,37,6,4,1,10
8033,10,-3388480106729673407,0,2,2,35,4,5,2,11
8034,10,-6507874904851097544,0,5,5,37,2,6,3,14
8035,10,-6051512495798931050,0,4,4,37,9,2,2,2
8036,10,-3101375479231669631,0,2,2,38,4,3,1,6
8037,10,-571227241680709322,0,4,4,35,3,2,1,4
8038,10,-2116235876939251644,0,6,6,38,5,3,2,5
8039,10,8487087263106825908,0,6,6,35,1,7,4,18
8040,10,5613869512440080409,0,8,8,37,1,3,2,8
8041,10,4677114603157597909,0,6,6,36,3,5,3,10
8042,10,3209026951336888351,0,5,5,37,2,5,3,11
8043,10,-6700710176689418105,0,2,2,34,7,2,1,6
8044,10,-1705916376699184881,0,5,5,39,1,5,2,7
8045,10,-7888420677240023022,0,2,2,39,5,3,2,11
8046,10,-2498616764988727667,0,4,4,36,4,6,3,20
8047,10,6463141092878465421,0,1,1,36,2,5,3,11
8048,10,2523417444310884545,0,2,2,40,1,6,2,13
8049,10,-1866366916882706798,0,4,4,36,1,3,2,7
8050,10,1537274716482562854,0,8,8,38,2,4,2,12
8051,10,5576007370649117493,0,5,5,33,3,5,3,17
8052,10,-5314630858854325087,0,5,5,39,4,6,4,11
8053,10,-4195349298370978255,0,4,4,30,3,4,3,7
8054,10,-492349632219736875,0,8,8,32,5,4,3,9
8055,10,1017001428765587556,0,3,3,31,7,2,1,7
8056,10,1436862653826443957,0,6,6,41,6,5,2,7
8057,10,8135455794743031677,0,8,8,37,4,6,3,13
8058,10,5804484594810919002,0,6,6,37,5,1,1,2
8059,10,-2496911003416764429,0,4,4,34,2,4,2,10
8060,10,-5406074903523174378,0,6,6,38,1,8,4,25
8061,10,3450351627535618616,0,4,4,38,1,6,3,17
8062,10,8488481472039513800,0,5,5,31,1,4,2,12
8063,10,-6461576887366121682,0,6,6,37,2,5,2,16
8064,10,4263086311604420465,0,4,4,35,8,4,3,9
8065,10,-7325718899792142375,0,7,7,40,1,10,7,20
8066,10,1711192713933030407,0,3,3,33,7,5,4,12
8067,10,3714960533309488214,0,7,7,38,6,5,3,12
8068,10,-1870281458877120631,0,2,2,36,5,2,1,2
8069,10,-7906738774064624116,0,9,9,38,3,4,2,10
8070,10,-1561732330399417005,0,3,3,35,3,5,3,14
8071,10,9176741102678382880,0,8,8,37,3,4,3,11
8072,10,-2974362907336838733,0,2,2,33,3,3,1,8
8073,10,9183116984054733102,0,2,2,34,1,7,5,15
8074,10,298874758923997115,0,8,8,34,4,3,2,7
8075,10,697333296416537909,0,7,7,38,2,5,3,8
8076,10,2681555240321214552,0,4,4,36,1,5,3,8
8077,10,-1865081791494918447,0,4,4,32,3,3,2,6
8078,10,5887859204103988899,0,1,1,35,4,5,4,9
8079,10,8189640518285531312,0,4,4,32,4,5,3,12
8080,10,-2873662007819502218,0,5,5,34,2,5,3,14
8081,10,-3680976946358738882,0,8,8,35,4,3,2,8
8082,10,4117515760477739586,0,7,7,37,3,5,4,12
8083,10,3279517743901787811,0,6,6,37,5,6,3,18
8084,10,7320491852026671392,0,5,5,37,2,4,3,9
8085,10,-8829297807026068242,0,6,6,36,1,3,1,7
8086,10,4870302175795820069,0,8,8,32,2,10,7,36
8087,10,2296907489339914130,0,7,7,37,3,2,1,5
8088,10,-9016603068633212934,0,3,3,39,2,3,1,8
8089,10,6052897963462651152,0,6,6,39,5,5,3,13
8090,10,7180310236845199274,0,3,3,40,1,6,3,13
8091,10,-749522043768968203,0,0,0,38,3,5,2,10
8092,10,-5917106576451216963,0,1,1,34,1,7,4,21
8093,10,2461363840237077511,0,7,7,32,3,4,2,12
8094,10,4212400340375153798,0,3,3,38,4,5,3,12
8095,10,-6082260085040906565,0,4,4,38,4,2,1,7
8096,10,770830186561601465,0,2,2,43,2,4,2,6
8097,10,-2187649414720437527,0,6,6,38,4,5,3,8
8098,10,-8115937952190826176,0,1,1,38,3,7,3,14
8099,10,6365835553247494082,0,0,0,34,3,5,3,12
8100,10,-1961420089348205746,0,5,5,35,4,5,3,16
8101,10,-8974033391822728447,0,4,4,34,1,8,6,22
8102,10,595121182795354035,0,8,8,36,2,3,2,9
8103,10,6417925264744521312,0,3,3,40,1,9,5,20
8104,10,7088859613117287538,0,6,6,38,5,3,2,7
8105,10,8135833969447927885,0,7,7,35,2,2,1,5
8106,10,1366003939621244304,0,8,8,34,4,4,2,13
8107,10,5669139300847625181,0,2,2,35,2,4,2,12
8108,10,-4720434366140739538,0,6,6,38,2,3,1,8
8109,10,4865845211980553216,0,4,4,30,4,5,3,10
8110,10,-2713382403284043046,0,4,4,33,6,5,3,12
8111,10,-1510466860274237962,0,3,3,37,1,6,3,18
8112,10,-6037791117094944991,0,7,7,38,4,3,1,10
8113,10,1274893285669482241,0,4,4,32,5,4,2,10
8114,10,1444561167697395816,0,6,6,43,1,7,3,10
8115,10,7724492824618867036,0,6,6,34,4,2,1,4
8116,10,6659368380009092091,0,4,4,34,1,4,1,9
8117,10,402507031802772587,0,7,7,35,3,3,1,6
8118,10,7915417593853226598,0,5,5,33,2,4,1,10
8119,10,-4646965837689336781,0,8,8,38,3,5,2,13
8120,10,-206715707264183805,0,7,7,40,2,4,2,11
8121,10,2065149805608784907,0,2,2,43,3,5,3,14
8122,10,7219776762900632276,0,5,5,34,4,5,3,13
8123,10,-3539515209616617325,0,8,8,35,4,3,2,9
8124,10,8067811620500865938,0,3,3,36,2,4,3,7
8125,10,-2457081948282637083,0,6,6,38,3,6,3,15
8126,10,6156508269325475845,0,7,7,34,1,3,2,6
8127,10,-679808152832127221,0,9,9,36,1,4,2,11
8128,10,7168679645389359254,0,2,2,35,8,2,2,4
8129,10,-8253059109001871440,0,7,7,40,5,4,1,9
8130,10,-5209889960775490782,0,5,5,30,3,3,1,8
8131,10,-2000858211893216999,0,6,6,30,1,6,4,16
8132,10,-1045563666499832560,0,5,5,39,1,4,2,11
8133,10,-1981296087463544491,0,6,6,34,6,2,1,4
8134,10,8175655604076563109,0,0,0,38,6,7,3,14
8135,10,3184267017711825843,0,2,2,39,1,12,8,28
8136,10,7091220551395704726,0,3,3,39,1,3,1,12
8137,10,-7187830601172492940,0,8,8,31,3,7,5,18
8138,10,8597721627100134622,0,2,2,35,2,3,1,10
8139,10,-8500267769171455551,0,5,5,33,6,2,1,4
8140,10,-4870485383185088558,0,2,2,36,6,4,2,11
8141,10,3147942232237048030,0,4,4,35,3,6,4,16
8142,10,-326358658162835854,0,5,5,37,5,9,7,16
8143,10,-8206097244869091680,0,3,3,37,5,6,3,15
8144,10,5972383406016216320,0,3,3,38,4,3,1,8
8145,10,-1197649002169433060,0,6,6,37,1,5,2,9
8146,10,-5917671266432669482,0,2,2,37,2,5,3,7
8147,10,-7598510152496449376,0,1,1,35,3,2,1,2
8148,10,-6815495725546025868,0,6,6,29,5,2,2,4
8149,10,-7835437562108176921,0,6,6,37,1,5,3,16
8150,10,-4167149203886739240,0,9,9,34,4,3,1,11
8151,10,6246184451697458055,0,3,3,37,3,4,1,13
8152,10,6586027222752837650,0,3,3,35,4,4,3,9
8153,10,-109655705545947730,0,2,2,34,5,2,2,4
8154,10,-3259955193015386857,0,5,5,38,2,5,2,12
8155,10,-2575031031300359411,0,1,1,32,3,4,3,13
8156,10,-4621042011208293164,0,5,5,38,2,8,5,21
8157,10,3573216649947309587,0,8,8,34,5,7,4,19
8158,10,-7875246808528565114,0,2,2,37,1,5,3,9
8159,10,-742081810817315490,0,6,6,38,3,3,1,5
8160,10,-1203937497259880120,0,4,4,36,4,3,2,3
8161,10,9201797191028621166,0,1,1,35,1,6,4,17
8162,10,8236242275932515565,0,1,1,36,5,3,2,9
8163,10,1812263689896125851,0,4,4,35,2,4,3,12
8164,10,3985145663429870607,0,6,6,36,1,4,1,7
8165,10,5430569091641283144,0,6,6,33,5,3,2,7
8166,10,-7176384124608757400,0,7,7,36,7,2,1,6
8167,10,8095852028305096281,0,7,7,38,3,6,4,13
8168,10,482367545034265184,0,4,4,42,1,5,2,7
8169,10,-555971047280219679,0,4,4,32,5,2,1,4
8170,10,-788239858975172378,0,5,5,33,6,2,1,5
8171,10,8750103991895364640,0,3,3,34,2,5,3,9
8172,10,-9072944858174347646,0,4,4,35,3,4,2,11
8173,10,1382144679677968044,0,5,5,34,1,4,2,11
8174,10,-4911169509491206997,0,2,2,35,2,6,3,16
8175,10,-4533370186236989459,0,7,7,39,4,6,4,15
8176,10,-9213236549267780011,0,8,8,37,1,4,2,6
8177,10,-3936853181004355378,0,7,7,38,3,5,2,15
8178,10,503933490590047950,0,5,5,36,1,5,2,11
8179,10,-7574983999644794448,0,5,5,31,2,5,4,16
8180,10,736074965608110538,0,4,4,39,5,3,1,6
8181,10,-6207919845149089118,0,3,3,31,5,2,1,4
8182,10,-4442643990493122372,0,8,8,39,1,4,2,9
8183,10,4651038480434924239,0,6,6,33,2,6,4,15
8184,10,6687659231056300390,0,6,6,39,1,6,4,13
8185,10,5912815768507964215,0,6,6,38,4,8,5,14
8186,10,6881887580534335923,0,4,4,34,3,2,1,3
8187,10,2132348509120567457,0,8,8,37,3,5,3,15
8188,10,-3944973247905837884,0,3,3,37,2,4,2,8
8189,10,1763873394325788880,0,5,5,42,1,5,3,12
8190,10,-1234250895744010936,0,2,2,34,1,3,1,6
8191,10,6953454741218889460,0,3,3,35,2,7,4,18
8192,10,-4005866729184014064,0,2,2,36,2,5,3,10
8193,10,-14635972732671133,0,7,7,40,1,5,2,6
8194,10,-1483940737804631582,0,1,1,31,4,3,2,9
8195,10,9176843398209077896,0,4,4,36,5,1,1,3
8196,10,317848489073942412,0,5,5,38,1,5,2,12
8197,10,4420519162715205403,0,8,8,35,2,5,3,11
8198,10,-7113805686153214148,0,3,3,39,1,6,3,18
8199,10,4740703726649828242,0,2,2,36,5,6,4,14
8200,10,2139339707017972750,0,5,5,33,2,7,4,18
8201,10,7346896575346269911,0,4,4,38,3,6,4,14
8202,10,-7368030973518045977,0,5,5,40,3,7,4,17
8203,10,6804573517812496442,0,3,3,35,2,2,1,8
8204,10,8486015706983019392,0,5,5,35,5,4,2,15
8205,10,-1981245035214981464,0,6,6,37,6,5,3,12
8206,10,-8000158988377448251,0,7,7,36,3,4,2,14
8207,10,-1274463675551766755,0,2,2,38,7,2,1,4
8208,10,6386217014769289823,0,8,8,38,3,7,3,15
8209,10,-5351850990422661545,0,1,1,44,3,3,1,5
8210,10,5516464787496414607,0,6,6,37,4,4,2,5
8211,10,-7425958273953918517,0,4,4,37,4,4,3,7
8212,10,8331445019673639741,0,5,5,35,7,2,1,5
8213,10,-8851054869367565348,0,5,5,43,2,5,3,10
8214,10,8934767232597156176,0,4,4,32,2,5,3,14
8215,10,4610684374730145610,0,2,2,36,1,3,1,7
8216,10,-6397984790426839744,0,7,7,33,7,5,4,7
8217,10,3404495635142602216,0,7,7,39,5,3,1,12
8218,10,-5876214796170988568,0,5,5,35,6,1,1,2
8219,10,2141499195839125137,0,8,8,32,7,3,2,3
8220,10,-1801291375549887840,0,4,4,36,2,5,2,13
8221,10,6691490241901399644,0,5,5,37,5,3,2,9
8222,10,-6671726946008490613,0,1,1,36,2,5,3,11
8223,10,-4773510490096932594,0,6,6,40,2,9,5,21
8224,10,713104782678671149,0,4,4,36,2,2,1,5
8225,10,7279287405383462096,0,7,7,36,1,5,3,10
8226,10,-1285570891900007105,0,6,6,37,6,3,2,9
8227,10,-887654438524334815,0,7,7,38,1,3,1,8
8228,10,2471538942640891590,0,7,7,37,3,5,2,9
8229,10,-2208361657758850803,0,4,4,33,5,4,2,11
8230,10,-4454178797053333663,0,2,2,33,8,1,1,2
8231,10,-605075091615381345,0,8,8,37,6,1,1,2
8232,10,3796936882784138211,0,7,7,38,2,5,3,11
8233,10,7680793618824738195,0,6,6,41,2,7,3,12
8234,10,-6851515394465364959,0,4,4,35,5,2,2,6
8235,10,2071225685302332239,0,6,6,32,7,6,4,20
8236,10,-1653431947455326708,0,4,4,36,2,3,1,11
8237,10,-4445369876300772844,0,4,4,37,3,6,4,11
8238,10,-8402854787791534591,0,5,5,38,2,5,3,9
8239,10,3068704965090670960,0,3,3,37,3,3,1,5
8240,10,2441800275643009119,0,5,5,35,2,4,3,12
8241,10,5150991841159038455,0,6,6,34,1,6,3,16
8242,10,5531169713496531034,0,7,7,36,4,7,3,19
8243,10,4411640686605387314,0,7,7,34,1,8,6,19
8244,10,4170326067479687182,0,6,6,41,2,4,1,9
8245,10,-881943136252388650,0,5,5,37,4,4,2,7
8246,10,7840096272380442070,0,2,2,44,1,3,1,7
8247,10,3882138495945350712,0,3,3,34,3,4,2,7
8248,10,533919987668355807,0,2,2,33,1,4,2,10
8249,10,5144970444392208128,0,0,0,37,3,8,5,21
8250,10,6608866119596816119,0,3,3,34,2,7,4,19
8251,10,3514083886186979868,0,4,4,33,4,3,2,10
8252,10,-6088601770488812118,0,9,9,38,2,4,1,13
8253,10,8813711707193198584,0,2,2,32,8,3,3,5
8254,10,8282865209956747407,0,5,5,33,7,2,1,8
8255,10,3013001098753274091,0,4,4,37,5,5,2,8
8256,10,-6928501883681238305,0,8,8,35,3,4,1,10
8257,10,50465427776122100,0,6,6,34,2,3,2,7
8258,10,8709561384620505670,0,4,4,38,3,4,2,11
8259,10,-735203734995238235,0,1,1,35,4,5,3,14
8260,10,7927601211111979261,0,1,1,34,5,5,3,19
8261,10,-999653847812720290,0,6,6,37,1,4,3,11
8262,10,8031082080293260568,0,4,4,34,5,3,1,6
8263,10,-432450852664159554,0,4,4,39,4,4,2,8
8264,10,-569992847849713380,0,1,1,36,3,3,1,9
8265,10,3035947651903596375,0,5,5,34,2,5,2,10
8266,10,-7470182252068550188,0,6,6,33,2,3,1,10
8267,10,-7460380865262085472,0,6,6,34,2,4,2,12
8268,10,4696241987085843812,0,3,3,36,2,7,4,12
8269,10,695311423953279535,0,5,5,36,2,2,1,7
8270,10,-4405733731191674978,0,2,2,37,1,3,1,5
8271,10,1972251926134119463,0,1,1,39,3,6,4,16
8272,10,3647291225076440980,0,5,5,35,6,6,5,6
8273,10,-7433566260558196498,0,6,6,32,2,6,3,16
8274,10,3105090389622555245,0,4,4,38,1,4,2,8
8275,10,442363281682136099,0,6,6,35,1,5,2,12
8276,10,-1088611489948354692,0,5,5,38,1,10,6,29
8277,10,7576148308851566799,0,4,4,40,4,6,3,15
8278,10,7694293048182186382,0,2,2,41,4,5,2,12
8279,10,1680527922395426009,0,4,4,38,2,7,4,14
8280,10,-1049889695765900926,0,3,3,31,7,3,2,8
8281,10,-27238520132948033,0,8,8,36,4,4,2,9
8282,10,4595397164296195615,0,6,6,39,6,2,1,4
8283,10,-981664401286387581,0,6,6,39,3,8,5,22
8284,10,2946099310257145121,0,6,6,39,5,4,2,10
8285,10,-4616058450764331294,0,8,8,31,2,5,2,18
8286,10,3853953839466756501,0,3,3,36,1,5,2,8
8287,10,6688410159936256971,0,2,2,35,1,8,5,12
8288,10,6314054760049869670,0,5,5,37,5,3,1,8
8289,10,5222690189809734927,0,5,5,37,3,7,5,21
8290,10,-7979512616090586058,0,4,4,36,4,2,1,8
8291,10,3923255418915954772,0,6,6,43,1,6,2,13
8292,10,-5734479867245644430,0,6,6,39,1,3,1,7
8293,10,-1116196661814752945,0,4,4,34,2,4,2,11
8294,10,4312112558889710496,0,5,5,35,1,6,3,19
8295,10,-2842921815256225999,0,8,8,38,3,6,3,15
8296,10,-3199323731556291846,0,3,3,36,2,4,2,11
8297,10,-6816596755447337630,0,7,7,35,2,2,1,6
8298,10,-4306628247794046656,0,3,3,38,1,3,1,9
8299,10,6077388729382810476,0,3,3,39,2,4,1,10
8300,10,6861232923559844042,0,1,1,36,3,4,2,9
8301,10,-7764648196368824263,0,7,7,41,1,5,2,12
8302,10,192954730410518748,0,5,5,39,2,3,1,8
8303,10,2093273993958524033,0,7,7,40,1,7,3,11
8304,10,2515504139261585213,0,3,3,37,1,8,4,14
8305,10,-7678901932871315331,0,9,9,36,5,9,7,21
8306,10,6094387193673309962,0,5,5,38,2,4,1,9
8307,10,455248643041546464,0,6,6,37,3,5,3,9
8308,10,6667071061902741703,0,6,6,34,6,3,2,8
8309,10,5767267032243252999,0,1,1,36,1,5,3,10
8310,10,-1981260653147662410,0,5,5,31,5,3,2,9
8311,10,2588214980016222318,0,4,4,35,2,10,7,22
8312,10,4666027665919938668,0,3,3,35,3,7,5,17
8313,10,-3817989206449237658,0,3,3,38,1,4,1,11
8314,10,-886391092334291808,0,3,3,33,3,3,1,7
8315,10,284758871959983876,0,6,6,33,2,8,6,21
8316,10,8738295628322316358,0,2,2,36,5,6,4,14
8317,10,-5575510482525369252,0,2,2,41,2,4,2,8
8318,10,-6581916665622334500,0,0,0,37,3,4,1,10
8319,10,-1083398336554033425,0,5,5,36,3,2,1,4
8320,10,3467150042433423362,0,3,3,40,3,5,3,11
8321,10,4652302651427098209,0,3,3,38,1,6,2,20
8322,10,6393434940826609232,0,4,4,37,3,7,5,15
8323,10,7328439607829848942,0,7,7,33,6,2,2,4
8324,10,-5302745849076794525,0,3,3,32,5,3,1,8
8325,10,-7660763920122174945,0,6,6,38,1,3,1,7
8326,10,5534887666729907769,0,3,3,42,2,4,1,6
8327,10,-6886806531770897608,0,6,6,36,2,4,2,11
8328,10,-3276225017402062658,0,7,7,35,6,2,1,5
8329,10,2330806915179184372,0,4,4,37,1,5,2,14
8330,10,-4352585974851330650,0,0,0,35,3,5,2,16
8331,10,5764581358556357363,0,2,2,31,2,7,5,18
8332,10,5217068328659375997,0,6,6,37,4,5,3,15
8333,10,4230793798056129907,0,7,7,36,1,6,3,13
8334,10,-5339948959114007301,0,6,6,37,3,3,1,8
8335,10,-6255750640365541442,0,3,3,37,3,4,1,9
8336,10,4360242649708443293,0,1,1,34,7,4,2,11
8337,10,-8891773019029090845,0,3,3,36,2,8,6,17
8338,10,-5474140065449672336,0,6,6,36,6,7,5,19
8339,10,-3542173916039143000,0,8,8,37,4,6,3,18
8340,10,-6283411764872889553,0,5,5,38,1,7,4,13
8341,10,-7158801656778285378,0,7,7,37,1,4,1,13
8342,10,6728637091953888144,0,4,4,35,8,3,2,5
8343,10,6628863632925093430,0,8,8,35,1,8,5,22
8344,10,4076856431933861594,0,4,4,41,2,6,3,12
8345,10,-4256123064804190925,0,4,4,35,3,3,2,8
8346,10,-7679977863454579269,0,6,6,34,4,3,1,9
8347,10,786540800650484449,0,6,6,36,6,4,2,12
8348,10,-8717771735744147881,0,3,3,40,4,5,3,11
8349,10,-5815804368737805915,0,1,1,39,5,5,2,9
8350,10,7493131585116682916,0,7,7,40,3,8,5,19
8351,10,-1676343096170106986,0,3,3,42,5,5,3,15
8352,10,-1586434515905816588,0,5,5,36,6,3,2,11
8353,10,2736230311908606507,0,5,5,36,8,3,2,8
8354,10,6958495869888150483,0,7,7,38,5,4,2,8
8355,10,4699542816935364916,0,7,7,30,1,4,2,15
8356,10,-6254146419665720814,0,4,4,41,1,3,1,6
8357,10,-8831797857236839154,0,2,2,36,1,4,2,8
8358,10,-953499461791324125,0,4,4,32,1,5,3,13
8359,10,8263409670910723089,0,5,5,38,1,5,2,14
8360,10,-4609303556719955545,0,5,5,32,4,6,5,15
8361,10,309413650792717133,0,6,6,39,4,3,2,8
8362,10,8384965997613900357,0,3,3,40,4,4,1,7
8363,10,2753862579695040118,0,5,5,37,1,6,4,21
8364,10,1030495822436100285,0,3,3,34,1,6,4,11
8365,10,-7577595407124954340,0,8,8,41,1,6,3,8
8366,10,1409522215459542844,0,7,7,36,1,3,1,12
8367,10,-233899180673647842,0,9,9,35,1,5,1,10
8368,10,3102962551641908465,0,5,5,39,3,5,3,15
8369,10,-3198437924524518816,0,1,1,42,1,9,5,19
8370,10,2760619458287563999,0,5,5,40,5,4,3,6
8371,10,-7097733066925831237,0,4,4,39,1,4,1,10
8372,10,-2148679570929453579,0,3,3,37,4,3,2,5
8373,10,-6996425542171612875,0,8,8,30,3,4,2,9
8374,10,3017385986246455387,0,4,4,37,5,1,1,3
8375,10,3953191923547335537,0,8,8,33,4,4,2,11
8376,10,-4319287643693132786,0,8,8,35,2,7,4,15
8377,10,-8413639250840136600,0,0,0,37,1,5,2,13
8378,10,-3749563222408307538,0,7,7,41,1,6,2,14
8379,10,-1228119640240692903,0,3,3,41,1,7,3,19
8380,10,1512347041752522390,0,5,5,36,3,6,4,17
8381,10,-3665051052424941570,0,6,6,33,1,8,5,21
8382,10,6998981157379543341,0,6,6,38,2,6,2,12
8383,10,8443039292402975488,0,7,7,39,1,8,4,20
8384,10,-2888493490749216133,0,2,2,39,2,4,1,11
8385,10,6397990411030796715,0,5,5,35,3,3,1,7
8386,10,4486116925276872703,0,3,3,36,2,6,3,16
8387,10,-2127256869686472987,0,8,8,37,1,9,6,21
8388,10,-6443538521085894466,0,5,5,36,1,4,2,11
8389,10,4639054846286476124,0,6,6,36,7,5,3,11
8390,10,-8840664324640318305,0,3,3,36,4,2,1,9
8391,10,6517693848592029438,0,4,4,43,2,5,3,8
8392,10,-8695060362006106890,0,7,7,35,4,6,4,14
8393,10,-5606523898532842066,0,4,4,37,1,7,3,11
8394,10,1708914591800554078,0,3,3,39,1,4,2,7
8395,10,7721712685248510772,0,5,5,36,1,5,3,13
8396,10,-640198658933883957,0,6,6,37,5,3,2,6
8397,10,418502271701979764,0,7,7,35,3,5,3,16
8398,10,-8431023949219853602,0,5,5,38,3,3,1,6
8399,10,-114263633439165470,0,8,8,32,4,4,3,11
8400,10,-1415391237860980357,0,6,6,31,5,3,2,6
8401,10,2300446526547191605,0,6,6,35,7,4,2,11
8402,10,3355260415532532888,0,0,0,37,3,6,2,13
8403,10,-3817009738920956838,0,6,6,32,4,3,2,9
8404,10,-5922526940891725737,0,4,4,39,3,7,5,24
8405,10,1490693357187547051,0,6,6,35,5,5,4,12
8406,10,7766831975886125399,0,4,4,34,8,6,5,16
8407,10,-7416845476866822816,0,1,1,35,3,8,5,23
8408,10,-679970924745988281,0,4,4,36,2,7,4,20
8409,10,6379305411176835141,0,6,6,35,1,6,3,13
8410,10,844374485220447419,0,5,5,38,5,3,1,8
8411,10,6361259657188530093,0,6,6,36,3,4,2,7
8412,10,488775021750411330,0,6,6,39,2,4,1,10
8413,10,-7083882179751771,0,3,3,42,1,3,1,6
8414,10,4044061303429118647,0,2,2,36,7,3,2,11
8415,10,-280789761622774163,0,3,3,35,3,4,1,10
8416,10,-1234461709498124585,0,4,4,34,3,4,2,5
8417,10,-8761364855264051677,0,0,0,41,5,9,5,22
8418,10,6894347797055258132,0,6,6,40,4,5,3,7
8419,10,5551395526071792065,0,8,8,39,3,7,3,21
8420,10,-7414719769266880856,0,5,5,39,1,4,1,7
8421,10,6214349063622692425,0,4,4,39,2,4,2,7
8422,10,9186695943041312492,0,7,7,43,4,6,3,14
8423,10,7152211353543838014,0,4,4,32,2,5,2,18
8424,10,-3170661189265145367,0,2,2,34,1,5,4,14
8425,10,-3395888695893145258,0,3,3,41,3,3,1,8
8426,10,-5310493585630262993,0,5,5,36,5,4,3,13
8427,10,5378052772591976044,0,7,7,37,2,3,2,8
8428,10,-1879930793247686683,0,4,4,35,1,4,2,9
8429,10,-1551925247804160837,0,4,4,35,1,3,2,10
8430,10,8072046087988079393,0,3,3,34,5,5,3,11
8431,10,7259228535406544713,0,0,0,42,4,5,1,14
8432,10,42394254122564473,0,5,5,31,3,5,3,12
8433,10,-9119898512049793632,0,7,7,43,1,4,1,6
8434,10,-1551095046177080358,0,5,5,46,2,5,2,9
8435,10,8745954510980112579,0,6,6,37,4,4,2,7
8436,10,4738094645968148887,0,5,5,36,1,5,2,13
8437,10,8942999964481065824,0,7,7,47,1,10,6,24
8438,10,5655016919026391493,0,4,4,40,6,3,2,4
8439,10,767811271711127873,0,6,6,35,1,3,1,6
8440,10,-3752345783880839227,0,7,7,35,6,3,3,9
8441,10,6803873887057799688,0,5,5,35,4,4,1,10
8442,10,1921439543194675489,0,4,4,33,5,5,3,13
8443,10,7916168941869001499,0,6,6,38,1,5,3,9
8444,10,-1657635748782857572,0,3,3,41,3,8,5,21
8445,10,8798199986311920860,0,8,8,38,7,3,2,9
8446,10,2856135242914740867,0,7,7,36,3,4,2,8
8447,10,6803395521814562589,0,5,5,36,1,5,3,11
8448,10,1609207716192613449,0,7,7,36,1,6,4,14
8449,10,1426591411974707411,0,4,4,35,4,4,2,11
8450,10,2261263351607951698,0,3,3,36,4,7,5,18
8451,10,4380934327421824777,0,4,4,36,3,7,4,19
8452,10,5793712278679151374,0,0,0,38,1,6,2,17
8453,10,-2876346480686369002,0,6,6,40,6,3,1,9
8454,10,-2590348802799052214,0,6,6,32,4,2,1,4
8455,10,-1209427077376360430,0,9,9,35,1,7,4,17
8456,10,-995253274738362430,0,5,5,33,2,7,5,15
8457,10,-4375146608645894267,0,1,1,34,3,3,1,10
8458,10,-4287168724387257862,0,0,0,37,3,4,2,5
8459,10,7374533184112495969,0,1,1,36,5,6,5,14
8460,10,206872368146818125,0,5,5,37,6,3,2,7
8461,10,3426745873052285746,0,3,3,38,3,8,4,23
8462,10,-1785442472400512186,0,0,0,37,2,7,3,13
8463,10,2052727023154801299,0,6,6,33,4,4,3,9
8464,10,-2695223197692833234,0,5,5,37,1,6,4,16
8465,10,1493820676859832035,0,6,6,40,5,3,1,9
8466,10,5081467892617733605,0,3,3,38,1,5,2,9
8467,10,-9083852913685936583,0,0,0,33,1,7,3,16
8468,10,-7114147959959633675,0,7,7,38,4,3,2,6
8469,10,-6503234784519973484,0,5,5,37,6,4,3,15
8470,10,-8997177205817948957,0,3,3,37,4,5,3,9
8471,10,3270417295285146710,0,3,3,35,1,6,4,14
8472,10,2931840119097144520,0,4,4,36,1,3,1,7
8473,10,6901153195233211123,0,8,8,36,7,4,2,10
8474,10,-3124122361706040031,0,0,0,40,5,3,1,7
8475,10,-3193505987900094235,0,5,5,40,1,4,2,11
8476,10,-5082747365267180318,0,4,4,38,4,5,3,15
8477,10,5712696082305037795,0,1,1,37,3,7,4,16
8478,10,665005692911244240,0,7,7,37,2,4,2,9
8479,10,9100108745731580497,0,4,4,32,4,2,1,6
8480,10,-5147392765146752496,0,2,2,31,2,2,1,2
8481,10,-4055230459473816839,0,9,9,36,3,5,3,13
8482,10,1789304056879486202,0,9,9,35,1,6,3,20
8483,10,3762670193520231419,0,2,2,43,5,5,4,10
8484,10,-2779533504800608974,0,3,3,36,4,2,1,5
8485,10,761072897467481858,0,3,3,39,5,3,1,6
8486,10,-5643265974601266695,0,4,4,38,3,4,1,9
8487,10,5570720443291869368,0,6,6,39,6,3,1,5
8488,10,-1232619787357317696,0,4,4,32,4,5,3,16
8489,10,7115868623425929595,0,5,5,44,3,4,2,6
8490,10,481223953543788542,0,4,4,38,2,3,1,10
8491,10,-855956514115603120,0,4,4,35,9,2,2,2
8492,10,-6661839551569045438,0,6,6,39,4,5,2,14
8493,10,720242638152095511,0,5,5,36,1,7,4,20
8494,10,1310516465589321355,0,7,7,36,5,4,2,8
8495,10,-1237734009797815552,0,6,6,38,2,2,1,4
8496,10,-8061645944325495593,0,5,5,34,1,6,3,17
8497,10,-4227333823299722179,0,6,6,35,8,3,2,6
8498,10,8230119826245062137,0,0,0,36,1,5,2,12
8499,10,-6642543424982926855,0,2,2,38,5,2,1,3
8500,10,75164593347704239,0,4,4,34,1,4,2,10
8501,10,-8725572595239028856,0,6,6,34,2,4,2,12
8502,10,-214442141320352269,0,3,3,33,4,4,2,10
8503,10,8287895823098774495,0,7,7,36,4,4,1,11
8504,10,1898967954420891025,0,7,7,34,2,5,3,16
8505,10,-8434996069774107579,0,6,6,35,3,2,1,8
8506,10,3429564675655078905,0,3,3,35,6,4,2,13
8507,10,-1657154529104339382,0,1,1,36,1,4,1,12
8508,10,-1187916836638022058,0,5,5,37,2,3,1,6
8509,10,6216611400598568184,0,6,6,36,2,6,4,11
8510,10,-6803093578245895713,0,4,4,34,3,7,5,18
8511,10,392801609225475400,0,7,7,39,6,5,3,14
8512,10,-7864887107672252564,0,2,2,39,2,5,2,15
8513,10,-5402736826982705705,0,9,9,39,2,6,4,8
8514,10,-4852417928549718965,0,5,5,37,3,10,6,22
8515,10,-3847935313141994023,0,2,2,35,1,5,2,13
8516,10,1632791309638990932,0,7,7,35,5,5,3,13
8517,10,6354223658136434509,0,4,4,41,5,3,1,9
8518,10,1100672232295270714,0,7,7,35,2,4,2,11
8519,10,-8097198001566068622,0,7,7,38,1,7,4,16
8520,10,-562380457055165661,0,4,4,32,1,4,3,10
8521,10,-487352042155157383,0,8,8,40,1,4,2,8
8522,10,-5374648022506109317,0,2,2,39,3,3,1,8
8523,10,2032372963937698683,0,5,5,35,1,3,1,7
8524,10,8294810116324477701,0,5,5,39,1,5,2,11
8525,10,-353242956577850964,0,9,9,35,3,4,2,14
8526,10,8918391865153140786,0,1,1,34,8,2,2,4
8527,10,7464792804032951761,0,5,5,39,1,9,5,18
8528,10,-3887043612458726730,0,5,5,39,1,5,3,14
8529,10,6338011356536887023,0,4,4,35,2,3,2,7
8530,10,-7755587484580642985,0,2,2,34,3,7,5,16
8531,10,-1003674139314808508,0,3,3,32,4,5,2,14
8532,10,-6381880746731555065,0,4,4,30,4,2,1,7
8533,10,5465922926692018811,0,3,3,35,1,4,2,11
8534,10,-1317723793132140491,0,4,4,37,8,2,1,5
8535,10,1408044430429015322,0,5,5,37,4,5,3,9
8536,10,6315166362131648863,0,2,2,37,2,3,2,7
8537,10,-7779451587518562498,0,2,2,33,2,5,3,16
8538,10,9209705387495006443,0,5,5,33,4,3,2,10
8539,10,5086853709595596938,0,4,4,42,1,6,4,14
8540,10,-4307323040922122697,0,2,2,37,4,3,1,9
8541,10,5436204798037218141,0,5,5,39,2,6,3,14
8542,10,3227323861725519854,0,4,4,38,1,4,1,10
8543,10,7740967923137869122,0,8,8,40,2,4,2,9
8544,10,-4197167915024581731,0,7,7,36,1,4,2,9
8545,10,7266806352353135276,0,4,4,36,4,3,1,8
8546,10,2659593747431332485,0,9,9,38,1,6,2,14
8547,10,4202411117029714402,0,5,5,34,4,2,1,6
8548,10,-7465023133903245390,0,7,7,36,1,3,1,5
8549,10,-8968127771836813000,0,4,4,37,2,3,1,10
8550,10,1740759930021882700,0,9,9,41,1,3,1,10
8551,10,-6800338124672486273,0,7,7,36,2,5,3,12
8552,10,-179506256591296724,0,3,3,39,3,2,1,6
8553,10,8903826298456870334,0,8,8,37,2,3,2,5
8554,10,-2178522417080072014,0,5,5,38,1,6,3,12
8555,10,-7532395531253119711,0,5,5,39,7,4,2,12
8556,10,-2694579243319710763,0,4,4,34,4,2,1,2
8557,10,1357273528879989809,0,8,8,33,6,5,3,17
8558,10,-4300219792938947718,0,0,0,37,3,6,3,13
8559,10,-319117098513168315,0,7,7,41,5,6,3,12
8560,10,-815062313571345654,0,1,1,34,6,2,1,5
8561,10,-5422135339318556616,0,3,3,36,7,2,2,4
8562,10,-4660165602260794050,0,6,6,38,1,5,4,8
8563,10,-9081979935163973285,0,9,9,33,4,4,2,6
8564,10,-4846767338855381956,0,3,3,32,2,8,6,30
8565,10,-6191320695011483731,0,5,5,31,1,6,4,16
8566,10,97712288178210535,0,7,7,37,1,4,2,10
8567,10,4858891717368853833,0,4,4,44,2,4,1,8
8568,10,52407646923085682,0,4,4,35,3,4,2,7
8569,10,1093648172838941983,0,6,6,38,5,3,1,7
8570,10,-274805812546226378,0,7,7,42,3,4,2,8
8571,10,9006870236572853478,0,3,3,34,5,7,5,17
8572,10,-4996631418013473850,0,6,6,37,6,3,3,7
8573,10,3670189665697790545,0,6,6,34,5,5,4,13
8574,10,3065040359113857343,0,7,7,33,5,3,2,6
8575,10,4308469207257421696,0,8,8,37,2,4,2,10
8576,10,2691225496972617187,0,1,1,37,4,4,3,8
8577,10,4677404726822935225,0,2,2,37,5,4,2,8
8578,10,2975409598238466793,0,4,4,37,3,2,1,7
8579,10,3392992973936293207,0,3,3,37,2,5,2,11
8580,10,-5403783939778124146,0,3,3,38,4,5,3,12
8581,10,1843491436952206849,0,3,3,35,1,4,2,16
8582,10,6943658764711232367,0,0,0,35,2,6,2,17
8583,10,-7035400485067328993,0,4,4,36,4,3,1,6
8584,10,-8082147935025829606,0,9,9,34,4,4,2,10
8585,10,266270822211279498,0,4,4,32,1,7,4,19
8586,10,1839941217687730657,0,4,4,38,6,2,1,4
8587,10,-8238108980083849342,0,8,8,36,3,3,1,6
8588,10,-6256042729481475598,0,8,8,34,4,5,4,14
8589,10,8221070601893582820,0,9,9,31,2,3,2,7
8590,10,-8216755684478190684,0,0,0,36,4,3,1,11
8591,10,7976349139250167708,0,6,6,39,1,11,5,32
8592,10,-5767615663978042093,0,2,2,40,4,4,1,11
8593,10,8182784549906792792,0,1,1,35,1,3,1,4
8594,10,2682355398465694446,0,6,6,35,1,4,1,9
8595,10,6427836490796584829,0,7,7,33,8,3,2,13
8596,10,-7535029502454096754,0,3,3,35,5,5,3,15
8597,10,8253246848626100318,0,1,1,33,1,4,2,9
8598,10,-2671539356833112757,0,3,3,34,3,4,2,12
8599,10,-6204212535320870485,0,2,2,36,1,4,1,14
8600,10,-6953245646860552437,0,7,7,40,4,4,3,9
8601,10,772531907350107943,0,6,6,39,4,5,3,13
8602,10,-9045337912611868133,0,2,2,33,3,4,2,8
8603,10,1351866886615232669,0,5,5,33,4,5,3,12
8604,10,7503051118048202305,0,2,2,33,5,3,2,7
8605,10,-365665496777657580,0,7,7,34,1,4,2,7
8606,10,7668560034145745169,0,3,3,37,1,3,1,12
8607,10,-7175756965165952703,0,4,4,38,1,6,3,13
8608,10,-3927329059543624321,0,6,6,40,2,5,3,14
8609,10,4449117242734260028,0,1,1,35,5,3,2,7
8610,10,-5517241176690579275,0,2,2,38,2,10,8,24
8611,10,-3157119064194347658,0,1,1,36,2,6,3,20
8612,10,-2224033103624110041,0,0,0,39,1,7,4,12
8613,10,2582829961978343146,0,7,7,36,1,4,2,10
8614,10,-8584579322677910301,0,3,3,37,3,4,1,11
8615,10,7404999334437777043,0,3,3,37,3,4,1,12
8616,10,145709452517371949,0,2,2,38,5,3,2,7
8617,10,-8433727724229216227,0,4,4,36,1,7,4,24
8618,10,5439051492238628170,0,5,5,32,1,3,1,11
8619,10,-5495778293149657121,0,1,1,37,1,7,4,17
8620,10,-262082236851309412,0,4,4,33,1,6,3,18
8621,10,929420336818066951,0,4,4,32,2,3,2,7
8622,10,-6280858511377527825,0,1,1,40,1,5,2,14
8623,10,8814608287923507478,0,3,3,37,4,7,4,10
8624,10,9202010279055906833,0,0,0,40,1,8,3,15
8625,10,-7194656886779278449,0,2,2,36,1,6,3,13
8626,10,-8341389580802212953,0,4,4,33,4,6,4,16
8627,10,-7190184232302763798,0,5,5,34,4,4,3,10
8628,10,3488905355106697022,0,4,4,36,1,7,4,21
8629,10,7199222948943353295,0,7,7,41,5,5,3,11
8630,10,-3425437946624754016,0,1,1,39,1,4,1,13
8631,10,1667619486107514752,0,3,3,36,5,2,1,3
8632,10,7481315654630954856,0,5,5,36,2,7,4,16
8633,10,-1618890561285423466,0,7,7,35,7,3,3,3
8634,10,-7240766665466827560,0,2,2,39,2,6,2,17
8635,10,-4416234867893327633,0,3,3,34,6,3,1,7
8636,10,8966163152461010154,0,7,7,37,5,4,2,10
8637,10,6764493547707317990,0,7,7,39,5,10,7,30
8638,10,6353524061457842852,0,6,6,39,3,6,4,12
8639,10,1420976924967286725,0,4,4,36,1,8,4,24
8640,10,-2444054529342455376,0,4,4,37,3,3,1,7
8641,10,-4256172845492326025,0,8,8,34,4,3,2,6
8642,10,5989567626898429739,0,8,8,36,4,4,3,5
8643,10,2502695502396845953,0,3,3,35,2,3,1,9
8644,10,5188209315838106557,0,5,5,36,8,1,1,2
8645,10,1924328925209646387,0,4,4,35,1,6,3,14
8646,10,2005893355941126889,0,3,3,37,2,6,3,14
8647,10,8636949854381035290,0,1,1,39,1,6,3,13
8648,10,-3963930322464259163,0,4,4,40,3,4,2,7
8649,10,-1995018389638062152,0,3,3,36,2,5,3,7
8650,10,-1469571149180938707,0,2,2,41,6,5,3,11
8651,10,-6201405975280663690,0,7,7,41,2,5,1,14
8652,10,7515395767759797011,0,1,1,38,4,3,1,6
8653,10,-6002049832502992935,0,4,4,37,3,3,1,7
8654,10,9173346237250502554,0,1,1,41,1,4,1,13
8655,10,-5511825743083965964,0,5,5,33,6,6,4,13
8656,10,-4906214583464643771,0,8,8,33,3,3,1,5
8657,10,-4287098821677928419,0,7,7,32,5,5,3,15
8658,10,204512863923815082,0,4,4,45,2,8,3,16
8659,10,-261467689326030109,0,6,6,37,1,3,2,7
8660,10,-2645391924452365429,0,0,0,36,1,6,3,17
8661,10,4384255813211830591,0,1,1,41,8,4,3,7
8662,10,-1777456484667400666,0,1,1,34,2,5,3,14
8663,10,8833787662938643464,0,0,0,35,4,4,1,14
8664,10,-5206086629512126517,0,9,9,32,3,3,2,8
8665,10,9023739531922310316,0,1,1,36,1,6,3,13
8666,10,-4646287888190143825,0,7,7,36,1,5,2,11
8667,10,-418780833188611300,0,7,7,43,3,3,1,6
8668,10,729082174042998528,0,7,7,37,2,5,3,12
8669,10,344347187385147144,0,2,2,35,1,3,1,5
8670,10,-8654467712922109639,0,2,2,31,4,3,1,5
8671,10,-8148252045332471732,0,5,5,33,2,5,3,16
8672,10,-5529814986841857610,0,7,7,37,1,8,5,21
8673,10,-2350092378221000023,0,2,2,36,5,6,3,15
8674,10,1337719105524701579,0,3,3,38,7,3,2,5
8675,10,8064567573300713655,0,7,7,36,1,3,1,9
8676,10,-6656332341215455088,0,0,0,39,1,6,1,11
8677,10,1703783797705605658,0,1,1,34,7,4,2,11
8678,10,-6276349406647365440,0,5,5,43,2,3,1,8
8679,10,75501477899204852,0,4,4,43,5,5,2,16
8680,10,2017875111465577155,0,8,8,39,6,3,1,5
8681,10,-677723315933590886,0,0,0,34,2,6,3,19
8682,10,6296267547764488136,0,5,5,35,1,3,1,7
8683,10,-7332871903915485303,0,9,9,36,1,6,3,13
8684,10,6917084431981931672,0,5,5,36,1,8,5,18
8685,10,3646970365076756122,0,3,3,36,1,4,3,8
8686,10,-4447805450279929368,0,1,1,36,3,2,1,6
8687,10,-5678394809273084043,0,3,3,34,1,4,3,10
8688,10,-4541588764820367890,0,6,6,36,2,2,1,4
8689,10,5117188044676364355,0,4,4,37,1,4,2,8
8690,10,-3168630591871235274,0,0,0,37,1,6,4,10
8691,10,7367689382215320231,0,1,1,36,2,4,1,10
8692,10,4507665881948463285,0,0,0,37,1,8,4,20
8693,10,1023805242998285294,0,1,1,34,4,3,2,13
8694,10,1186888260525043486,0,8,8,40,3,4,2,8
8695,10,1813560622776628356,0,1,1,41,2,6,3,14
8696,10,-2895892947010832524,0,1,1,34,2,6,4,12
8697,10,6948195453128983209,0,7,7,39,1,7,4,19
8698,10,-2717056573472387361,0,7,7,34,1,5,3,12
8699,10,-7544914960776080283,0,2,2,35,2,3,2,8
8700,10,1061227704277201859,0,3,3,40,2,8,3,16
8701,10,-1627963192305380167,0,1,1,30,1,3,1,9
8702,10,-9055349117913243633,0,5,5,36,5,5,2,14
8703,10,-6320722720772055018,0,4,4,45,4,3,1,5
8704,10,987738475077086418,0,5,5,34,3,4,3,10
8705,10,-6948635237208792046,0,3,3,41,3,5,2,11
8706,10,-8457316029977945325,0,4,4,31,5,3,2,11
8707,10,4270761246090577497,0,4,4,39,2,3,1,5
8708,10,6130927734749304289,0,5,5,34,3,3,2,8
8709,10,5150924497600530145,0,5,5,38,4,5,2,11
8710,10,2404002038125937064,0,7,7,32,6,1,1,1
8711,10,4202889912339763553,0,5,5,37,5,4,2,12
8712,10,-3104542257944580922,0,6,6,34,2,4,1,7
8713,10,3946035334981267971,0,7,7,35,6,6,6,14
8714,10,8791075084367885661,0,6,6,37,1,8,4,15
8715,10,1618122911331246424,0,4,4,36,6,3,2,10
8716,10,-2480033263166130070,0,1,1,36,2,2,1,6
8717,10,1846743422957689739,0,1,1,38,4,7,4,17
8718,10,6153298995294494230,0,2,2,32,5,2,2,4
8719,10,8252416108805846745,0,6,6,36,4,7,5,20
8720,10,6911833106816341836,0,4,4,37,2,6,3,14
8721,10,-2970248013231919808,0,4,4,35,4,8,6,23
8722,10,-4928646288732872565,0,7,7,38,1,6,3,14
8723,10,-1161926971844620938,0,4,4,37,3,5,2,20
8724,10,-8364286547961209348,0,5,5,34,4,4,3,8
8725,10,-3650434234479065316,0,2,2,36,5,5,2,12
8726,10,-6583552253074332474,0,6,6,33,4,3,2,4
8727,10,253630341949212211,0,5,5,32,5,4,2,12
8728,10,-342744226729572959,0,5,5,36,2,9,6,21
8729,10,-7999218837911498290,0,5,5,45,1,7,2,12
8730,10,1116371884053867689,0,6,6,32,7,2,2,4
8731,10,-1790703851801746935,0,3,3,37,4,4,2,8
8732,10,4254362246899100276,0,4,4,37,1,5,2,11
8733,10,-535466799680036551,0,6,6,39,2,5,1,10
8734,10,-3378858405000856986,0,6,6,38,3,3,1,5
8735,10,3269197653743848548,0,8,8,37,3,3,2,7
8736,10,-5268500575785297341,0,8,8,35,1,7,4,26
8737,10,-3764124730975901965,0,4,4,38,6,4,2,11
8738,10,3970884697413273349,0,2,2,39,1,6,4,13
8739,10,4387238620394059174,0,3,3,36,1,9,5,18
8740,10,-4845177218130906385,0,6,6,33,4,4,3,9
8741,10,-7159806609766271801,0,6,6,35,4,3,2,3
8742,10,8394039634832148705,0,1,1,35,1,8,5,22
8743,10,-391786657999094366,0,2,2,40,2,11,7,25
8744,10,-8040627097308720914,0,3,3,36,7,3,2,7
8745,10,7072630083162705715,0,4,4,38,1,4,3,9
8746,10,-5717693797308921301,0,6,6,40,7,2,2,4
8747,10,3932310376758881825,0,8,8,34,1,4,2,6
8748,10,5372691666452336073,0,6,6,33,6,2,1,5
8749,10,4101648015868137451,0,4,4,35,6,3,1,12
8750,10,8886656529027813222,0,7,7,34,2,6,4,14
8751,10,363909876237682016,0,8,8,31,6,8,7,26
8752,10,-8164608747212697953,0,2,2,33,2,4,2,10
8753,10,5175840863448520788,0,5,5,33,5,2,1,6
8754,10,6513969511120719337,0,3,3,35,2,4,2,13
8755,10,503704014597853328,0,2,2,35,5,5,3,17
8756,10,-539432823932329311,0,4,4,35,2,4,2,15
8757,10,2759575805981692938,0,5,5,34,7,3,2,8
8758,10,2352771873974678112,0,4,4,39,3,5,2,10
8759,10,-3726367665559218603,0,5,5,33,3,3,2,8
8760,10,-9205549232637234796,0,7,7,44,1,10,6,19
8761,10,5352901144044211034,0,5,5,36,3,3,2,5
8762,10,-4692457627084589236,0,4,4,37,2,4,2,12
8763,10,-2007271888128011960,0,5,5,41,1,8,4,20
8764,10,-336189453166658990,0,2,2,38,3,4,2,9
8765,10,-839332846574729784,0,3,3,31,4,4,2,10
8766,10,5403341435837959038,0,5,5,36,5,5,3,12
8767,10,-1924528532069909899,0,1,1,33,5,3,2,7
8768,10,5567876308655300937,0,6,6,34,1,6,3,20
8769,10,-4012698493821617013,0,6,6,40,3,4,1,8
8770,10,788513485451905184,0,9,9,35,2,5,1,13
8771,10,-5498065669077212195,0,1,1,35,6,4,3,8
8772,10,-3272101128814932230,0,4,4,38,4,5,3,12
8773,10,-4513070340851294964,0,3,3,34,3,2,1,8
8774,10,7763554937516800428,0,2,2,34,3,6,3,12
8775,10,-8233995786351058187,0,7,7,40,4,3,2,4
8776,10,1028454523131125371,0,6,6,35,2,4,1,11
8777,10,8699341013069994859,0,3,3,40,2,4,2,9
8778,10,-1244061187717254798,0,1,1,38,2,6,3,13
8779,10,-652228301515076826,0,4,4,37,5,5,3,14
8780,10,-6337827954740601866,0,3,3,38,1,5,2,13
8781,10,-4174667736486128390,0,4,4,37,2,6,3,18
8782,10,4755347486870384919,0,8,8,39,4,5,4,12
8783,10,7710158597530810443,0,4,4,44,1,11,6,20
8784,10,6368122174407873320,0,4,4,36,3,3,1,7
8785,10,-7394216033955495232,0,6,6,37,1,4,1,12
8786,10,-1545800258047402351,0,3,3,37,2,6,4,18
8787,10,-2357532834704824010,0,5,5,40,2,3,1,7
8788,10,8440884242631699938,0,7,7,37,1,10,7,23
8789,10,-8206963484158149641,0,0,0,35,3,7,3,16
8790,10,2426172670333913900,0,5,5,34,1,4,2,10
8791,10,9103816328353622571,0,2,2,35,3,6,4,19
8792,10,8087390019433357964,0,1,1,35,6,4,3,9
8793,10,2265363770229065869,0,7,7,36,2,6,3,16
8794,10,-3994481000880518649,0,8,8,39,1,4,2,12
8795,10,-5463297771411828894,0,4,4,33,6,2,1,8
8796,10,-4638635182908018019,0,1,1,34,6,4,3,10
8797,10,-7610897896355380313,0,2,2,31,1,8,6,23
8798,10,-6909747923718318440,0,6,6,38,1,3,1,11
8799,10,-7569017065026207863,0,4,4,44,3,7,4,14
8800,10,6097263945195354404,0,4,4,33,2,2,1,4
8801,10,-4476386979611472358,0,7,7,33,3,4,3,6
8802,10,4936221003110517540,0,8,8,37,1,6,4,13
8803,10,-884819517868995007,0,6,6,35,1,5,2,13
8804,10,-121083012810897086,0,3,3,39,3,4,2,10
8805,10,5334543037502492913,0,8,8,30,4,3,2,11
8806,10,-4106077908694292664,0,1,1,38,1,4,3,8
8807,10,-3807233391435438436,0,4,4,38,4,3,2,8
8808,10,-3343187618134483794,0,6,6,34,5,2,1,6
8809,10,-625033450433687574,0,5,5,35,7,3,2,7
8810,10,2459783368195974771,0,2,2,40,1,4,2,7
8811,10,-2983692418098461274,0,6,6,34,6,2,1,5
8812,10,-647202806753734096,0,9,9,39,2,5,2,10
8813,10,-7545238427354739720,0,1,1,30,1,6,4,18
8814,10,3373968002009261673,0,3,3,36,1,3,1,4
8815,10,-4501746032091839271,0,2,2,36,1,5,3,12
8816,10,969352716025953318,0,5,5,35,3,7,4,21
8817,10,4619220927186957762,0,8,8,33,2,4,2,11
8818,10,3726294218888846785,0,1,1,34,2,4,2,11
8819,10,2352379359744767142,0,1,1,38,4,3,1,5
8820,10,-6446051484540502270,0,8,8,36,5,3,2,6
8821,10,-7709230703825358813,0,1,1,39,3,3,1,10
8822,10,-6815829425665858968,0,5,5,37,4,5,4,10
8823,10,-3239549602036300045,0,4,4,36,3,4,1,7
8824,10,4617498118841663433,0,1,1,31,7,3,2,12
8825,10,6165531740560532136,0,6,6,34,2,3,1,6
8826,10,1244269705787965469,0,4,4,38,2,4,2,15
8827,10,7417198671069989272,0,5,5,39,3,5,3,9
8828,10,-8940356223069887851,0,2,2,39,1,8,5,17
8829,10,-1005263234681234411,0,2,2,37,3,4,2,12
8830,10,2756279754519830258,0,1,1,36,7,6,5,14
8831,10,5716095909865615585,0,1,1,38,6,3,1,6
8832,10,-8776358291466249963,0,4,4,39,4,3,1,9
8833,10,1706261817038259424,0,4,4,34,4,8,6,22
8834,10,-9092181733229577775,0,9,9,35,5,4,3,15
8835,10,3767865085713330703,0,5,5,36,5,6,4,17
8836,10,3440481929391227144,0,5,5,38,1,6,3,16
8837,10,2833838005528388020,0,7,7,39,2,8,4,24
8838,10,-7427845062018603787,0,7,7,36,1,9,6,21
8839,10,7768455581855509975,0,3,3,40,1,7,3,20
8840,10,79723829521715909,0,3,3,32,3,2,1,3
8841,10,5902352496024184304,0,2,2,36,2,3,1,7
8842,10,-2920825123941653395,0,4,4,35,2,7,4,19
8843,10,-5375249653141116191,0,6,6,33,1,6,3,15
8844,10,-2263829427575644233,0,4,4,38,2,3,1,9
8845,10,-6504511965106596314,0,2,2,33,3,7,6,16
8846,10,3098748479364403868,0,5,5,34,4,5,3,10
8847,10,-6416595172947976118,0,4,4,33,4,7,5,25
8848,10,-5472138305212423975,0,0,0,35,5,6,3,9
8849,10,-5740376591731950948,0,5,5,42,4,4,2,10
8850,10,-4658429564883069252,0,8,8,35,4,4,3,10
8851,10,-3067665003835142110,0,5,5,38,3,4,2,11
8852,10,2135886494816933182,0,7,7,35,3,4,3,7
8853,10,8699918521819046350,0,3,3,34,6,3,2,9
8854,10,8244650550754421590,0,2,2,34,6,4,2,13
8855,10,-6306160038862523921,0,6,6,32,1,2,1,4
8856,10,-3432106753364987765,0,4,4,41,4,3,1,7
8857,10,9081741513902895850,0,4,4,36,3,5,3,10
8858,10,5083969060406932683,0,4,4,35,3,4,2,9
8859,10,-858220599036580567,0,1,1,35,2,6,4,12
8860,10,-7458374134488360581,0,0,0,45,3,7,2,14
8861,10,1643073513764409426,0,5,5,34,1,7,4,18
8862,10,-1940011818744141873,0,2,2,33,2,4,3,12
8863,10,-1754590381532240964,0,1,1,32,3,4,3,8
8864,10,6995625578964056154,0,5,5,36,1,5,3,13
8865,10,414499619727395358,0,5,5,32,4,3,2,10
8866,10,1501593351707672552,0,2,2,29,2,7,6,23
8867,10,-7038259091678638967,0,5,5,35,2,7,4,21
8868,10,3961380908485203339,0,1,1,36,1,3,1,9
8869,10,6380768068324466839,0,9,9,37,1,5,2,13
8870,10,-2090326140892641805,0,3,3,33,7,2,1,6
8871,10,-6883613409315021340,0,6,6,42,2,4,2,7
8872,10,-8696229132312131581,0,3,3,35,4,3,2,6
8873,10,-5921345514924222787,0,2,2,33,1,3,1,10
8874,10,2184118759938991776,0,3,3,42,1,6,4,9
8875,10,-978549777346443241,0,1,1,37,3,4,2,11
8876,10,-7046537740017306677,0,5,5,38,3,8,4,19
8877,10,-3481161921879042877,0,3,3,37,2,5,3,11
8878,10,-5783897914013837071,0,4,4,38,5,1,1,3
8879,10,-2231952316068479010,0,2,2,35,8,2,1,6
8880,10,-5171689550749558655,0,5,5,36,1,3,1,8
8881,10,2908640108096690829,0,3,3,32,1,5,3,16
8882,10,5545573302449607871,0,7,7,32,2,6,3,18
8883,10,-7444998019346736918,0,8,8,33,9,3,3,9
8884,10,-3474103676990558249,0,4,4,34,8,4,3,8
8885,10,-669427446591978951,0,1,1,33,2,3,2,11
8886,10,-266504391943464651,0,2,2,35,6,4,3,11
8887,10,-5206384227093925794,0,9,9,39,1,5,3,14
8888,10,-5933888677199487981,0,7,7,33,2,4,2,8
8889,10,5816617295272399507,0,1,1,42,1,3,1,3
8890,10,-2082756926232902829,0,6,6,40,5,4,1,8
8891,10,8762381926570977109,0,6,6,40,4,3,1,5
8892,10,-6191619676637862258,0,3,3,38,2,3,1,7
8893,10,-983262825532661345,0,3,3,36,2,4,2,10
8894,10,-2134301356131109780,0,8,8,41,1,7,4,10
8895,10,-3766358908361003686,0,4,4,35,1,5,2,14
8896,10,-408234596247073227,0,7,7,36,5,2,1,4
8897,10,-8128386681671153901,0,5,5,42,1,5,2,14
8898,10,-7517846943908378456,0,4,4,37,3,5,2,10
8899,10,-7308579661218604306,0,4,4,39,2,4,2,13
8900,10,6677352231429826059,0,7,7,30,2,4,2,8
8901,10,-2461332445643759910,0,7,7,34,2,6,4,22
8902,10,8212990868372020611,0,4,4,40,1,7,4,18
8903,10,-1724704602856662011,0,4,4,38,4,2,1,4
8904,10,8276103898434470821,0,8,8,38,2,3,2,8
8905,10,-2591784713865700462,0,7,7,34,2,5,3,11
8906,10,-5945597640305809332,0,1,1,36,6,3,2,6
8907,10,-3885784562905437559,0,4,4,36,1,5,1,12
8908,10,2448983058818678188,0,7,7,40,1,5,2,15
8909,10,-2675957957910304497,0,4,4,38,1,4,1,10
8910,10,3636347489977375911,0,4,4,35,2,3,1,8
8911,10,4839851850112506070,0,2,2,35,1,4,1,13
8912,10,-2583664241828644257,0,5,5,36,4,2,1,6
8913,10,-4996009523526967594,0,5,5,35,2,4,2,13
8914,10,-8767496120543747317,0,6,6,33,2,3,2,10
8915,10,317683264220310588,0,4,4,37,2,4,1,16
8916,10,-3529931981196931570,0,2,2,39,1,4,1,10
8917,10,6798023354279297698,0,6,6,44,3,5,3,6
8918,10,4035067509483282245,0,6,6,34,9,1,1,4
8919,10,-8420339463193081983,0,1,1,36,4,9,5,25
8920,10,-8021251678867707488,0,6,6,32,2,2,1,5
8921,10,-4161417126350431517,0,2,2,33,4,3,2,9
8922,10,8280588099925165812,0,8,8,40,1,5,2,14
8923,10,-5048106142215903908,0,6,6,37,5,2,1,2
8924,10,731972397792254222,0,3,3,38,1,4,2,6
8925,10,8283447589173203258,0,6,6,33,1,3,1,7
8926,10,-5884152840337373174,0,4,4,41,1,4,1,12
8927,10,12264764410995451,0,1,1,39,3,3,1,6
8928,10,958921560626139622,0,3,3,37,2,6,4,11
8929,10,-6310641659332745985,0,3,3,36,1,4,2,12
8930,10,-4551400183927849135,0,5,5,34,3,2,1,4
8931,10,6907591871210691198,0,7,7,39,3,5,2,19
8932,10,4200051862907212233,0,7,7,33,1,3,2,4
8933,10,-1553878002632954437,0,2,2,36,6,3,2,10
8934,10,-427407415395320092,0,6,6,35,6,4,2,7
8935,10,2728666941507407225,0,6,6,37,1,4,1,8
8936,10,-7589025444107465492,0,5,5,42,1,3,1,5
8937,10,-7827288800732942930,0,6,6,33,2,5,3,11
8938,10,5137089072545359025,0,7,7,42,5,6,3,12
8939,10,-833085371501453450,0,3,3,34,2,4,2,7
8940,10,9141956441496169627,0,6,6,40,1,5,2,13
8941,10,-5287950213485890486,0,4,4,37,5,3,2,6
8942,10,-3374835022299430658,0,3,3,43,1,5,2,10
8943,10,-3118821705869467535,0,3,3,34,3,3,1,9
8944,10,7522072822439583154,0,7,7,34,1,7,5,20
8945,10,-7483050442102566730,0,1,1,31,2,5,3,15
8946,10,-880760688666964767,0,1,1,39,1,4,1,10
8947,10,6904864506697082714,0,4,4,35,2,8,5,19
8948,10,4775960816767250210,0,1,1,36,6,5,2,13
8949,10,-2071193082530278324,0,6,6,33,6,3,2,10
8950,10,-1440275783764201273,0,4,4,38,1,7,4,18
8951,10,-5442022537983050601,0,6,6,38,1,3,1,8
8952,10,2211276854098198642,0,0,0,35,1,5,2,9
8953,10,8231803548707251483,0,0,0,36,2,6,3,12
8954,10,1703523239004347118,0,6,6,37,5,4,2,10
8955,10,-2712937206291442561,0,4,4,34,1,4,2,11
8956,10,3979822454067773499,0,2,2,34,6,3,2,7
8957,10,-1611298016049373083,0,4,4,33,2,2,1,5
8958,10,3442236211826877930,0,5,5,32,2,3,1,9
8959,10,7538302554102946271,0,4,4,37,4,4,2,8
8960,10,5467678357628615339,0,5,5,35,1,4,2,15
8961,10,-6816154207494664926,0,5,5,34,4,3,2,10
8962,10,8613233556199591716,0,5,5,40,2,6,4,11
8963,10,-4514589292190693255,0,1,1,33,6,3,2,7
8964,10,-3288805829118806013,0,5,5,37,5,3,2,4
8965,10,6262571969587994236,0,3,3,40,5,6,4,10
8966,10,8297229545595682134,0,3,3,38,1,3,1,3
8967,10,-593320897664395391,0,4,4,42,1,5,3,11
8968,10,7662835932739660569,0,2,2,35,1,8,6,17
8969,10,-1526086749994957231,0,4,4,30,5,1,1,2
8970,10,6754769668298250000,0,2,2,35,4,3,1,8
8971,10,-8972699177956051938,0,6,6,33,4,4,2,13
8972,10,-8003047157097353257,0,6,6,42,1,7,3,13
8973,10,-128967694268770380,0,5,5,38,4,7,4,22
8974,10,4507667492180781367,0,4,4,33,4,3,2,10
8975,10,3977200917577337839,0,0,0,34,4,7,3,19
8976,10,-7191612036916815430,0,8,8,36,2,3,1,7
8977,10,-7319409978194445972,0,2,2,37,1,2,1,6
8978,10,3489645466797268352,0,5,5,38,2,6,4,17
8979,10,-8244064178335455357,0,5,5,33,2,2,1,5
8980,10,-7080901235572747693,0,3,3,42,1,6,3,10
8981,10,3426334925923281012,0,8,8,37,4,3,2,4
8982,10,2930696316966109433,0,3,3,32,6,2,1,5
8983,10,4848012597383484639,0,7,7,45,4,4,2,6
8984,10,-1614171698714327094,0,5,5,39,3,5,2,11
8985,10,2130605591137700473,0,6,6,35,5,2,1,2
8986,10,5530357588176034433,0,7,7,42,2,3,1,7
8987,10,6995186994603647485,0,3,3,42,2,8,4,18
8988,10,-6555760888234005674,0,0,0,33,4,4,2,5
8989,10,-6019160078642835361,0,3,3,34,5,5,3,16
8990,10,-5738235985296830133,0,4,4,38,1,5,2,13
8991,10,5621311758978606919,0,4,4,39,3,3,2,6
8992,10,-1246603970722922554,0,6,6,34,4,8,6,25
8993,10,-3463164010125924163,0,5,5,40,1,7,3,15
8994,10,2872403971538314079,0,9,9,37,1,4,2,12
8995,10,4378528000894263840,0,3,3,41,2,7,3,15
8996,10,-1678365416412448773,0,6,6,34,5,2,1,6
8997,10,6012579216402350684,0,1,1,33,1,6,4,19
8998,10,-5401037278672376807,0,6,6,35,4,5,3,13
8999,10,5512856249945497435,0,4,4,36,5,3,2,6
9000,10,3042527060757865835,0,7,7,38,4,3,1,4
9001,10,1420693735277616827,0,1,1,42,1,7,4,18
9002,10,-660315565131646296,0,3,3,37,9,2,2,4
9003,10,93729937298175426,0,3,3,32,2,4,3,8
9004,10,-1900501944597907808,0,6,6,33,3,4,2,10
9005,10,-4966662819602369394,0,3,3,37,3,6,3,13
9006,10,-1270259358104078192,0,5,5,35,3,4,2,11
9007,10,5515017067043410064,0,7,7,35,7,3,2,10
9008,10,6751494023637288375,0,7,7,28,7,1,1,5
9009,10,1010174620202148411,0,1,1,32,2,5,4,11
9010,10,6804992592056868905,0,5,5,32,6,4,4,8
9011,10,4184831826436966903,0,4,4,32,8,1,1,1
9012,10,1941616768290141922,0,0,0,34,2,8,3,25
9013,10,3893795370201772124,0,2,2,33,1,3,1,10
9014,10,315208726790390557,0,5,5,37,5,3,1,11
9015,10,8868407267255686556,0,4,4,37,1,6,3,15
9016,10,-5742130466554829082,0,2,2,38,1,4,1,7
9017,10,-6873489448839175105,0,7,7,34,2,3,2,10
9018,10,-1454029407426846482,0,6,6,38,3,7,6,12
9019,10,8333188771068148502,0,3,3,40,4,5,2,11
9020,10,-4269617418283030114,0,6,6,32,5,4,2,10
9021,10,-519646370499845527,0,4,4,35,3,4,3,8
9022,10,2951280458337586542,0,9,9,39,1,6,3,15
9023,10,2655547158183321714,0,4,4,35,4,7,5,18
9024,10,-8831051196246550410,0,6,6,38,7,3,2,3
9025,10,8781741694591017231,0,6,6,40,1,8,4,13
9026,10,6276025158479390532,0,5,5,31,1,6,4,18
9027,10,5236900930787042482,0,4,4,32,1,4,2,11
9028,10,-7298093937923411728,0,2,2,39,2,6,4,11
9029,10,6488522888515562139,0,1,1,42,2,7,5,18
9030,10,6037801161635995246,0,5,5,36,6,2,1,3
9031,10,4175432417180093001,0,1,1,45,2,8,5,19
9032,10,4020257058967585571,0,3,3,38,1,3,1,8
9033,10,6054927274750406701,0,6,6,37,6,6,4,13
9034,10,-3400933120424719686,0,0,0,35,3,8,4,14
9035,10,-3573875408964701792,0,7,7,33,5,5,4,11
9036,10,-2017561155126267849,0,2,2,36,1,6,4,15
9037,10,7424594417930431511,0,3,3,32,6,3,2,7
9038,10,-9108002369237249461,0,7,7,42,1,4,1,13
9039,10,2115140797667124117,0,4,4,36,1,4,2,6
9040,10,3038602513181309162,0,1,1,41,3,8,4,18
9041,10,-4851741625747254176,0,9,9,33,6,5,3,22
9042,10,-2647895583920627686,0,3,3,34,3,3,2,8
9043,10,5303684693192764407,0,3,3,34,1,3,1,7
9044,10,8154919718327589902,0,8,8,32,1,5,3,15
9045,10,4936179948561915202,0,6,6,35,1,4,1,8
9046,10,-7505503043870037389,0,2,2,31,1,7,5,21
9047,10,-3918819373703478261,0,1,1,34,1,11,7,22
9048,10,-2382642834162350840,0,3,3,34,4,8,5,20
9049,10,-180485094727365715,0,4,4,38,3,4,3,9
9050,10,8127463179265067380,0,8,8,39,2,3,2,5
9051,10,6131629797543070986,0,5,5,36,1,4,2,12
9052,10,5575449528648960595,0,4,4,30,5,1,1,3
9053,10,1547860555242592194,0,8,8,31,3,4,3,13
9054,10,-3620287882089570927,0,6,6,31,3,2,1,4
9055,10,-7823167163656037728,0,3,3,38,6,3,2,7
9056,10,508916704046218235,0,4,4,32,9,1,1,4
9057,10,-45426648595308712,0,1,1,35,4,5,4,13
9058,10,8641335485009200659,0,4,4,36,1,7,3,21
9059,10,-2109294212108710545,0,6,6,37,4,2,1,2
9060,10,4004906051694019107,0,4,4,38,3,6,4,13
9061,10,6978005481608341626,0,4,4,33,1,2,1,4
9062,10,-4910111694160844908,0,8,8,38,1,4,1,8
9063,10,1390865013536947594,0,6,6,32,1,7,5,25
9064,10,-5054373921734800513,0,4,4,42,4,3,1,11
9065,10,4655357513116578790,0,7,7,36,5,3,2,7
9066,10,-4154570615181344124,0,6,6,36,2,3,1,9
9067,10,-4617191273935031046,0,6,6,39,4,4,3,10
9068,10,3818411536581250010,0,4,4,36,3,3,1,12
9069,10,3357067639778418576,0,5,5,40,5,6,3,13
9070,10,8268211691657124263,0,4,4,35,1,6,4,14
9071,10,-59038225247651267,0,6,6,39,3,4,1,6
9072,10,5065399203718515346,0,2,2,40,1,7,3,16
9073,10,4001941231223707933,0,8,8,44,3,3,2,5
9074,10,3736913673974605973,0,6,6,36,1,5,2,12
9075,10,-8740675636095554878,0,8,8,36,5,4,3,10
9076,10,-3631787587299901161,0,1,1,42,1,5,2,12
9077,10,6193533027096420457,0,2,2,36,3,4,2,8
9078,10,4205277113500248633,0,8,8,37,4,3,2,6
9079,10,-205657726854339218,0,4,4,39,1,6,2,12
9080,10,5695065871128103280,0,7,7,37,3,5,2,15
9081,10,-5018944303274993151,0,6,6,36,2,3,1,7
9082,10,9093310147173183315,0,5,5,39,2,6,2,13
9083,10,2610180228481828122,0,8,8,36,6,4,3,9
9084,10,-4333479747531809611,0,6,6,32,1,4,1,5
9085,10,-5389493916365868631,0,4,4,37,6,3,1,6
9086,10,-2693709745528814346,0,3,3,39,7,5,3,16
9087,10,-5181903703261598958,0,2,2,41,4,4,2,8
9088,10,2451975246943625622,0,2,2,37,4,4,2,10
9089,10,4983778796182539480,0,5,5,41,1,4,1,12
9090,10,-94447973489202422,0,6,6,35,4,2,1,3
9091,10,6765472722208659863,0,3,3,34,6,4,2,13
9092,10,6379572733842442962,0,2,2,32,4,2,1,5
9093,10,5496432972974755127,0,3,3,33,2,5,3,16
9094,10,-8184488309123933493,0,3,3,35,4,3,1,10
9095,10,-4654685822634254754,0,8,8,40,1,3,1,9
9096,10,8993517037712049601,0,4,4,36,5,8,6,17
9097,10,3993382045838025510,0,7,7,33,5,3,2,8
9098,10,8278767104383802696,0,6,6,36,6,4,3,9
9099,10,-151668425298326256,0,6,6,33,1,5,3,19
9100,10,7756555943577155787,0,7,7,39,2,5,2,11
9101,10,8295620142644146231,0,3,3,36,1,9,5,27
9102,10,148458227417297381,0,4,4,35,7,3,2,6
9103,10,-380109792227915320,0,5,5,40,5,3,1,9
9104,10,3344044607053713903,0,4,4,37,1,5,2,15
9105,10,7024366012417833393,0,3,3,37,4,5,3,14
9106,10,6415750982892668121,0,1,1,37,1,6,4,11
9107,10,-8045743735492140136,0,4,4,36,2,3,1,6
9108,10,835227376038094141,0,7,7,38,1,5,2,15
9109,10,-6567369336979035378,0,3,3,35,3,4,1,7
9110,10,-140818367732451919,0,4,4,31,4,2,1,2
9111,10,-4997761714682839292,0,2,2,40,1,4,1,10
9112,10,5180602827744353116,0,2,2,39,2,4,1,5
9113,10,8902614772298098813,0,5,5,38,2,7,3,20
9114,10,-6815104768716280373,0,7,7,37,6,4,2,11
9115,10,-2748482066499104635,0,9,9,37,1,7,4,21
9116,10,4857068213942710277,0,5,5,37,1,4,2,13
9117,10,-7446691856995880607,0,2,2,34,4,5,4,11
9118,10,-6970464019275217188,0,3,3,37,1,7,4,17
9119,10,-5803875822521391353,0,5,5,34,4,5,3,11
9120,10,-3704564370444894075,0,1,1,41,1,6,2,12
9121,10,6830840142035014352,0,0,0,36,1,5,2,13
9122,10,-5356533044053212821,0,7,7,32,2,5,3,16
9123,10,8121930123028301419,0,2,2,34,9,1,1,4
9124,10,4116944029349390911,0,7,7,40,3,5,2,13
9125,10,-6815463121817916908,0,8,8,36,1,5,3,12
9126,10,4437637581891832659,0,3,3,32,1,2,1,3
9127,10,5688040334335922694,0,5,5,38,6,6,5,11
9128,10,1360744530169706792,0,5,5,33,2,7,5,21
9129,10,1860291207683536686,0,1,1,41,2,10,4,22
9130,10,1646727497815889477,0,6,6,41,1,5,3,8
9131,10,2413209901518472992,0,4,4,34,6,6,4,16
9132,10,-1342108442093115830,0,5,5,42,3,5,2,13
9133,10,-8272305970427068594,0,8,8,35,3,2,1,6
9134,10,7048360011872009796,0,5,5,34,2,4,2,8
9135,10,8222931817453242230,0,3,3,38,3,4,2,10
9136,10,5096813056553510465,0,3,3,37,1,3,1,7
9137,10,4128599005342351196,0,5,5,36,4,4,3,8
9138,10,1412272400113893415,0,3,3,39,1,4,2,13
9139,10,592348717964571577,0,6,6,34,3,4,2,9
9140,10,3238686111842699201,0,0,0,34,5,4,1,11
9141,10,9037322023904882291,0,5,5,36,2,2,1,5
9142,10,7788065776172400666,0,4,4,41,3,2,1,4
9143,10,3751768123058050573,0,4,4,42,2,7,3,15
9144,10,-4701147798683033074,0,7,7,38,7,2,1,3
9145,10,-2451663898175451040,0,5,5,39,3,4,2,8
9146,10,6266243978812956701,0,8,8,38,6,3,2,5
9147,10,-8713086329572778869,0,6,6,37,1,8,5,19
9148,10,-8812517425581419646,0,6,6,38,5,3,2,11
9149,10,8128699750856136743,0,6,6,37,2,4,1,5
9150,10,-3778115964004620669,0,2,2,38,3,3,1,8
9151,10,6537212498866774975,0,2,2,39,6,3,1,11
9152,10,1514494584661069834,0,5,5,34,1,5,4,13
9153,10,8709997383381621374,0,3,3,33,2,5,2,13
9154,10,5856497680875074677,0,3,3,39,2,3,1,7
9155,10,-8965256410081095382,0,4,4,34,4,3,2,10
9156,10,5727438123244617641,0,4,4,37,2,4,2,13
9157,10,8657814552655433809,0,4,4,34,6,4,3,11
9158,10,-1680892091427369875,0,5,5,34,2,3,2,10
9159,10,-3263976649672016447,0,4,4,38,2,6,2,13
9160,10,3775550840194739444,0,4,4,36,4,5,3,9
9161,10,5099680933697923388,0,2,2,36,5,3,1,10
9162,10,-4909581500258572101,0,3,3,37,1,5,3,16
9163,10,-7834643781642768276,0,7,7,33,2,2,1,6
9164,10,1889123886563181461,0,2,2,38,3,9,6,20
9165,10,-3547351707002655212,0,5,5,33,3,5,4,9
9166,10,2488625070712873475,0,4,4,42,1,8,5,14
9167,10,515716691428206728,0,5,5,38,2,4,2,9
9168,10,-3772302512895418679,0,4,4,34,2,2,1,5
9169,10,-2020523763104943266,0,3,3,33,4,5,4,11
9170,10,-5140903337147931203,0,6,6,33,3,2,1,9
9171,10,69926771142916198,0,6,6,36,1,4,2,9
9172,10,1307142994823931874,0,8,8,42,3,8,3,20
9173,10,5749627855989021654,0,2,2,35,1,6,3,17
9174,10,-9153416863284675404,0,4,4,40,2,5,3,9
9175,10,2206102720428142537,0,3,3,34,6,3,2,11
9176,10,-2948638432384203579,0,3,3,38,1,3,1,7
9177,10,-7979509798616749334,0,2,2,36,4,7,4,21
9178,10,5668002002267382152,0,2,2,38,1,4,2,11
9179,10,-3206497589009246612,0,7,7,39,1,7,4,20
9180,10,3111926020984460908,0,8,8,37,4,5,3,11
9181,10,84269337355282237,0,5,5,41,1,8,5,13
9182,10,-304471887335823572,0,7,7,39,1,6,4,11
9183,10,7340550293331506810,0,3,3,41,7,2,1,2
9184,10,3592938085974771557,0,7,7,35,3,5,3,13
9185,10,239193611620519204,0,5,5,37,1,6,3,17
9186,10,4926678969205862248,0,8,8,33,4,4,3,11
9187,10,4536196840922396436,0,5,5,36,2,5,3,12
9188,10,2629820039103294033,0,5,5,39,6,3,1,6
9189,10,-5946529302336548564,0,6,6,40,1,6,3,12
9190,10,8678731736948633944,0,2,2,33,2,4,2,12
9191,10,8204452536105846479,0,7,7,37,2,6,3,14
9192,10,6917626854316501094,0,4,4,36,5,3,2,5
9193,10,-3088680508441939310,0,9,9,36,2,5,2,14
9194,10,-7418793984759836693,0,7,7,41,2,9,4,15
9195,10,2986681217798690355,0,5,5,39,2,4,2,14
9196,10,-5399071786334650386,0,7,7,35,2,12,8,29
9197,10,-4218378141115802167,0,8,8,40,2,6,3,11
9198,10,-2359312356133617563,0,5,5,36,1,7,4,20
9199,10,-4498321501434371523,0,4,4,37,2,4,2,9
9200,10,139420534401356486,0,6,6,33,4,3,2,9
9201,10,-656120160238870792,0,5,5,33,5,5,2,11
9202,10,2151128464738648285,0,7,7,33,5,2,1,8
9203,10,-6021447971684708643,0,6,6,35,6,5,3,16
9204,10,8256538965211235552,0,4,4,40,1,5,3,12
9205,10,170430177127359609,0,6,6,42,4,7,3,16
9206,10,-1672391722838204736,0,4,4,37,3,5,3,15
9207,10,-1659214775092801159,0,2,2,33,4,6,3,18
9208,10,-6717561922670695743,0,6,6,38,2,5,2,10
9209,10,-5617792438759599780,0,2,2,36,4,4,3,8
9210,10,-1155739728251105972,0,5,5,34,3,4,2,15
9211,10,-4936991689729381527,0,7,7,35,2,5,3,5
9212,10,4848741236425656323,0,2,2,37,1,5,2,12
9213,10,-9077116158103134238,0,6,6,37,3,5,3,14
9214,10,-8879815550993183722,0,5,5,36,4,7,4,17
9215,10,-8219502134678702984,0,4,4,35,2,5,3,14
9216,10,-3300748597201642028,0,6,6,37,2,7,4,19
9217,10,1989682532252554242,0,3,3,35,6,2,1,3
9218,10,-3137194471872848508,0,6,6,35,7,4,3,9
9219,10,6457373790788990313,0,0,0,39,3,5,2,11
9220,10,7792086428249180534,0,2,2,36,6,3,2,4
9221,10,6177182299171536359,0,8,8,35,7,3,1,11
9222,10,-335354266940682924,0,8,8,43,2,8,5,14
9223,10,-4599002559402110352,0,8,8,31,2,3,2,10
9224,10,-4976228376557866307,0,3,3,36,3,6,3,20
9225,10,1000420563323112559,0,0,0,35,2,6,3,17
9226,10,-5243826253263829229,0,1,1,36,1,5,3,11
9227,10,440685494028223925,0,6,6,40,1,3,1,6
9228,10,-8361383838510298476,0,2,2,37,1,5,3,7
9229,10,-4843244447227744338,0,4,4,37,1,6,3,15
9230,10,3010082551920835751,0,3,3,37,4,4,2,7
9231,10,8449711305619728853,0,2,2,38,5,4,3,10
9232,10,-6411820871517070984,0,4,4,33,3,4,3,8
9233,10,159212260827204457,0,6,6,35,2,2,1,5
9234,10,-3629664486500426554,0,2,2,39,4,8,5,14
9235,10,5326000356737471584,0,3,3,37,1,3,1,7
9236,10,1503208918357270011,0,5,5,38,5,3,1,5
9237,10,-8935824926044751460,0,1,1,38,1,5,2,12
9238,10,8894696125806107004,0,3,3,38,5,1,1,2
9239,10,3571053395850297436,0,1,1,38,1,8,4,24
9240,10,2484139152016915266,0,5,5,38,1,4,2,7
9241,10,7219106604963568885,0,7,7,35,2,7,4,21
9242,10,2173625749795159721,0,2,2,35,3,2,1,6
9243,10,-8184123819845695296,0,5,5,31,7,4,3,12
9244,10,1490448546557278088,0,2,2,38,4,4,3,6
9245,10,4807057014771303254,0,2,2,36,4,4,2,10
9246,10,-9200714480463570815,0,8,8,38,3,3,1,10
9247,10,2827062803020935930,0,3,3,37,1,8,6,14
9248,10,-5919072951764219239,0,6,6,36,1,6,4,9
9249,10,3966857546364213334,0,4,4,38,2,5,4,10
9250,10,7924540233983617546,0,5,5,34,2,3,1,8
9251,10,-6417812181218850454,0,4,4,47,1,10,7,14
9252,10,6750316027091041367,0,6,6,38,2,6,4,8
9253,10,7986435886581540801,0,6,6,37,6,2,1,6
9254,10,4740521747468186529,0,6,6,36,2,7,4,15
9255,10,6073158037695694309,0,0,0,41,4,7,2,17
9256,10,3551981971227611961,0,3,3,34,2,5,3,14
9257,10,2764649782779277332,0,1,1,38,2,8,5,16
9258,10,-3081475054794307210,0,6,6,33,3,2,1,2
9259,10,-5367333772153107405,0,1,1,40,3,3,2,8
9260,10,6937279617595331271,0,6,6,35,1,8,4,23
9261,10,-9191852465710627582,0,8,8,40,2,5,3,11
9262,10,-5268494443715413493,0,5,5,39,2,4,1,8
9263,10,7533512340366292112,0,7,7,30,7,3,2,9
9264,10,-6829228302857385441,0,8,8,37,2,4,2,7
9265,10,6553788753174905329,0,0,0,38,1,11,6,25
9266,10,8896164210694538424,0,6,6,35,4,2,1,7
9267,10,6081949316890846767,0,3,3,34,5,2,1,5
9268,10,5115783724298973811,0,1,1,39,1,8,5,19
9269,10,-7044274120788276099,0,0,0,34,3,5,3,16
9270,10,-512843731043983318,0,2,2,36,1,6,2,18
9271,10,8990847927955046834,0,6,6,41,1,6,3,13
9272,10,-8807747463823467127,0,6,6,41,2,7,3,16
9273,10,-5974368665456007435,0,0,0,33,2,8,4,25
9274,10,4371978002771431648,0,6,6,34,1,7,3,16
9275,10,3240112640215129012,0,2,2,35,3,2,1,7
9276,10,2704732902197736506,0,6,6,44,2,4,2,4
9277,10,-8371740249480064295,0,0,0,34,2,7,3,20
9278,10,1824139311875542957,0,5,5,34,4,7,4,21
9279,10,-2042634542147762369,0,2,2,44,4,3,1,5
9280,10,6176970578012898547,0,4,4,34,1,5,2,13
9281,10,936487224454431586,0,5,5,43,1,5,1,14
9282,10,4071232056753635385,0,5,5,37,1,2,1,4
9283,10,7285888466997375062,0,1,1,36,1,9,6,23
9284,10,5472926515392848439,0,3,3,40,4,3,1,8
9285,10,-3273055896615215110,0,2,2,36,1,9,5,16
9286,10,-5017700682069657728,0,5,5,34,8,3,3,8
9287,10,-7067580563111950739,0,2,2,38,2,8,5,15
9288,10,-3010212572195925734,0,5,5,33,6,6,4,20
9289,10,4220025752417949375,0,3,3,36,6,4,3,9
9290,10,-8350329767574285743,0,6,6,33,4,5,3,10
9291,10,-8339086785087244565,0,5,5,34,3,5,2,15
9292,10,1081876723705579463,0,6,6,40,2,4,2,6
9293,10,6809471024534126341,0,3,3,38,1,5,3,11
9294,10,-3843975750177793072,0,5,5,40,3,8,5,19
9295,10,4209819315976452015,0,3,3,33,7,6,4,13
9296,10,-1150541110643459076,0,2,2,31,6,5,4,13
9297,10,2691939554082589649,0,4,4,38,2,3,1,9
9298,10,-5180031607266786316,0,7,7,38,2,5,2,10
9299,10,-1090695806687731320,0,2,2,32,7,3,2,7
9300,10,-7588662543290203767,0,6,6,31,6,5,3,17
9301,10,551926133854277214,0,8,8,31,5,1,1,5
9302,10,390069189708965386,0,5,5,32,4,5,3,16
9303,10,3116994997483608764,0,7,7,36,2,6,4,13
9304,10,-6091852841856583467,0,0,0,33,2,11,7,32
9305,10,-8222972329404249956,0,2,2,35,4,3,1,9
9306,10,8303888139486601008,0,6,6,36,8,1,1,2
9307,10,-8698418933037821566,0,6,6,37,5,4,3,12
9308,10,-8952883059227095719,0,7,7,35,6,3,1,10
9309,10,-4504410708358033492,0,4,4,32,4,2,1,6
9310,10,1733262869332473051,0,3,3,37,1,3,2,7
9311,10,-2820048523895273848,0,1,1,40,1,8,5,21
9312,10,4895348365153928226,0,6,6,37,2,6,3,15
9313,10,-4530851339066638747,0,0,0,37,1,4,1,7
9314,10,-1510139207337440431,0,5,5,35,3,6,4,18
9315,10,-3788698371349747859,0,7,7,37,2,6,4,15
9316,10,9049641051962268243,0,7,7,35,2,2,1,5
9317,10,7553539837183915986,0,4,4,36,7,3,2,5
9318,10,-8205722875984466896,0,9,9,36,4,6,3,15
9319,10,-275025921002817208,0,3,3,33,1,3,1,9
9320,10,-8918055923195055199,0,4,4,33,4,3,1,6
9321,10,-8695213207028368974,0,5,5,34,2,3,1,9
9322,10,-5520254582351029019,0,6,6,37,1,5,2,15
9323,10,5019823091662295839,0,4,4,32,6,1,1,4
9324,10,-500299547012687659,0,5,5,40,2,4,1,10
9325,10,7618069554171592439,0,8,8,36,4,3,1,7
9326,10,-1970721769408625354,0,4,4,38,4,5,3,15
9327,10,634381176625260657,0,7,7,34,1,7,4,21
9328,10,-2571257546557323698,0,7,7,38,1,4,1,7
9329,10,-6982225614043631032,0,7,7,40,1,4,1,11
9330,10,-1880970729254574663,0,6,6,32,2,4,2,11
9331,10,-7173254388742347859,0,2,2,39,7,3,2,5
9332,10,-3922594487712331140,0,5,5,34,4,4,2,15
9333,10,-5331663292496072578,0,2,2,34,1,6,3,21
9334,10,7342035970912755290,0,4,4,38,2,4,2,10
9335,10,-5754925180604084040,0,2,2,34,5,2,1,4
9336,10,-2175362917669211034,0,6,6,39,4,6,3,13
9337,10,6752076833052171050,0,1,1,35,1,5,3,10
9338,10,3618747483062109401,0,5,5,35,4,6,3,18
9339,10,6580167360511547243,0,2,2,38,2,3,1,4
9340,10,5565784415189439013,0,8,8,38,2,2,1,3
9341,10,-4205268789070054642,0,0,0,29,8,5,4,10
9342,10,-5876366011791848631,0,6,6,33,6,1,1,4
9343,10,-4136882608156719597,0,4,4,36,2,2,1,7
9344,10,3182585802056597351,0,3,3,34,5,6,4,15
9345,10,5596346839532335776,0,6,6,37,2,7,4,22
9346,10,-2286028907218372973,0,7,7,38,2,6,3,13
9347,10,-2848595021156766736,0,3,3,36,1,6,3,19
9348,10,4992140872789951469,0,0,0,37,5,3,1,6
9349,10,-7364452198290571126,0,6,6,35,3,5,4,8
9350,10,-230550232913500943,0,9,9,35,3,3,1,9
9351,10,1425992568114512822,0,7,7,35,1,6,2,20
9352,10,-4797626237891919347,0,6,6,32,4,3,2,7
9353,10,-1971335987720744404,0,8,8,41,3,6,3,16
9354,10,382839150611031155,0,2,2,33,8,1,1,2
9355,10,-2172276658270654962,0,3,3,35,1,6,3,13
9356,10,-6096395596078910160,0,3,3,32,6,4,2,12
9357,10,-305821057644042727,0,3,3,36,4,3,2,11
9358,10,-6038170211122194051,0,5,5,34,3,3,2,7
9359,10,-2970152886205187050,0,5,5,35,2,4,1,17
9360,10,7537318303614926933,0,6,6,33,2,4,2,13
9361,10,-6229599227186528619,0,6,6,39,3,8,5,19
9362,10,7847612093940413767,0,0,0,42,1,7,2,10
9363,10,1929707259461159389,0,6,6,37,2,5,3,9
9364,10,1544759804999945357,0,5,5,44,4,9,6,18
9365,10,8107891138045240350,0,3,3,32,2,3,2,7
9366,10,8935078382575254620,0,7,7,35,2,5,3,9
9367,10,523488046500145384,0,7,7,36,2,6,3,14
9368,10,-1815771855642462339,0,7,7,36,2,6,4,13
9369,10,7201235139975903200,0,8,8,34,4,4,3,11
9370,10,-661185516569354981,0,5,5,36,1,5,2,15
9371,10,3676238442641480368,0,4,4,35,2,4,2,10
9372,10,8657160865068798431,0,4,4,39,5,4,3,4
9373,10,-7333719658534218177,0,4,4,34,1,3,1,8
9374,10,-8913347317284448711,0,3,3,33,3,4,2,11
9375,10,-7144613249706304734,0,7,7,37,1,2,1,3
9376,10,-8368901059018052096,0,4,4,38,1,4,2,9
9377,10,3291343736261658961,0,6,6,33,6,2,1,4
9378,10,7694524783796251966,0,5,5,34,1,4,2,13
9379,10,6948940146016369437,0,5,5,38,6,4,3,9
9380,10,6486636116933705284,0,5,5,34,3,4,3,12
9381,10,21747364934781793,0,7,7,37,5,2,1,6
9382,10,-498237260632509181,0,4,4,43,1,6,2,9
9383,10,7299997542086347511,0,1,1,31,2,7,5,18
9384,10,-3768722594336423010,0,2,2,36,3,2,1,6
9385,10,9213143747446544750,0,8,8,36,2,4,2,8
9386,10,224138729267815482,0,5,5,34,1,5,3,11
9387,10,-4312921066288507655,0,8,8,41,3,3,1,7
9388,10,-4079132861075633128,0,5,5,34,3,5,2,19
9389,10,8604626796367271337,0,5,5,35,2,3,1,11
9390,10,2064456492777126886,0,4,4,37,1,4,1,10
9391,10,3665341541948958686,0,6,6,43,1,4,1,10
9392,10,94507150201045329,0,9,9,29,7,6,4,19
9393,10,-7782659809807074821,0,7,7,36,3,5,3,12
9394,10,3407149651167116766,0,5,5,36,4,5,2,17
9395,10,-6617192635977780904,0,2,2,31,3,7,6,17
9396,10,-7454177383249475846,0,6,6,31,4,4,3,10
9397,10,-6762947832962491780,0,5,5,34,7,2,1,6
9398,10,179480996670059343,0,6,6,33,2,6,4,21
9399,10,7745720105109727371,0,5,5,38,1,4,1,10
9400,10,2908818315828914520,0,7,7,34,2,3,1,6
9401,10,-5586563827752077315,0,5,5,34,2,4,3,10
9402,10,5718715389552608055,0,7,7,38,5,3,2,6
9403,10,-6729819933239162736,0,2,2,34,4,3,2,11
9404,10,-2659146833077691450,0,4,4,37,1,3,2,6
9405,10,4862027340390261375,0,4,4,31,5,4,3,7
9406,10,255788652220373227,0,6,6,36,2,4,1,9
9407,10,4770928069645638388,0,2,2,35,6,2,1,6
9408,10,8825420700076902191,0,3,3,33,3,3,1,8
9409,10,5135625992891231162,0,0,0,30,3,6,3,20
9410,10,7588951026496608913,0,2,2,39,2,7,4,12
9411,10,6581663561289060918,0,6,6,39,3,2,1,6
9412,10,8024402268996298904,0,7,7,33,5,6,5,12
9413,10,6628883923196717463,0,0,0,34,1,7,3,19
9414,10,350285680887213991,0,6,6,37,2,7,4,21
9415,10,2552226881934881868,0,5,5,43,1,6,2,17
9416,10,2384166591721160596,0,7,7,33,4,4,3,10
9417,10,-3029375423165904714,0,6,6,38,2,3,2,11
9418,10,1818761982868821882,0,2,2,36,2,5,1,12
9419,10,1242200223467132191,0,1,1,34,3,7,4,17
9420,10,3100022208287804622,0,6,6,37,2,5,2,11
9421,10,5397985801030741737,0,5,5,42,1,6,3,14
9422,10,-1038590528025243728,0,6,6,41,1,4,1,6
9423,10,2107492919825129738,0,5,5,34,4,3,1,10
9424,10,7855811791967903875,0,8,8,35,1,8,5,20
9425,10,2733350658949705143,0,2,2,40,5,3,1,5
9426,10,4428111710371203775,0,5,5,38,5,4,2,8
9427,10,6044662888129312607,0,5,5,35,5,3,2,10
9428,10,1284766424598427909,0,9,9,39,2,9,6,23
9429,10,7768303616408913114,0,3,3,35,3,3,1,5
9430,10,680319257018775155,0,3,3,34,6,3,2,7
9431,10,5541267746255443170,0,2,2,41,2,4,1,8
9432,10,4947596057163379001,0,7,7,40,1,7,4,14
9433,10,4607602564135220417,0,3,3,32,7,1,1,3
9434,10,2269886927553696364,0,7,7,40,2,4,2,9
9435,10,-4120564176311284148,0,5,5,36,1,4,2,14
9436,10,8465810721699594010,0,4,4,42,4,5,2,9
9437,10,-1574045014074580721,0,7,7,39,3,4,1,9
9438,10,-1980829292841789795,0,3,3,30,1,2,1,9
9439,10,-7347061460291675447,0,1,1,38,1,7,3,17
9440,10,-5060815855746203084,0,7,7,42,4,3,1,3
9441,10,1576361972316144410,0,6,6,30,3,3,2,5
9442,10,1948858801492453839,0,6,6,38,1,7,5,18
9443,10,8306027319409110650,0,6,6,32,4,5,4,13
9444,10,984234902362595881,0,0,0,34,5,4,2,11
9445,10,-4350460656764801939,0,6,6,40,3,6,4,10
9446,10,5581351261605341212,0,2,2,39,4,6,4,11
9447,10,5272147438872208628,0,5,5,37,2,4,2,12
9448,10,-581139236643750608,0,7,7,38,1,2,1,6
9449,10,-1311251578343712442,0,4,4,39,7,2,1,3
9450,10,262042888978315636,0,4,4,35,3,3,1,10
9451,10,5582357184331856832,0,4,4,34,6,6,4,17
9452,10,6422862315262011025,0,5,5,38,1,10,6,24
9453,10,3612109695318086425,0,6,6,37,1,7,4,15
9454,10,5989310272048625691,0,8,8,40,4,5,2,9
9455,10,3316868942595185881,0,1,1,32,4,3,2,8
9456,10,-237512474441698006,0,2,2,30,4,4,2,16
9457,10,-1636273226136329461,0,6,6,36,1,3,1,13
9458,10,-3863647991168981207,0,0,0,37,5,6,3,17
9459,10,-2996771362948318927,0,6,6,36,4,3,1,10
9460,10,-2801396868663811603,0,5,5,40,1,7,5,16
9461,10,-674041431447595913,0,7,7,36,7,3,1,10
9462,10,3638697325375830281,0,3,3,38,2,4,2,7
9463,10,-8715236436531170516,0,5,5,33,6,3,2,5
9464,10,-3869887274329475489,0,5,5,34,5,4,2,10
9465,10,4755379469886556013,0,1,1,37,3,3,1,10
9466,10,2630425311076804090,0,4,4,37,1,3,2,7
9467,10,227232222769781026,0,7,7,38,1,3,2,8
9468,10,-599035867013625061,0,4,4,36,2,4,2,13
9469,10,4454361252468396846,0,7,7,35,1,5,2,10
9470,10,-422417438474235247,0,1,1,45,1,4,2,5
9471,10,-3837101474897416222,0,5,5,42,3,7,4,13
9472,10,431929233297167949,0,4,4,35,2,2,1,5
9473,10,1476009305745488049,0,2,2,39,1,5,1,9
9474,10,3732459102410999349,0,0,0,39,1,6,3,19
9475,10,-3267918314334925526,0,1,1,37,4,2,1,5
9476,10,-6173409601011856840,0,7,7,35,1,6,4,10
9477,10,1678200190416020770,0,5,5,34,6,5,4,13
9478,10,569124135274869154,0,7,7,32,6,3,2,8
9479,10,-1138553803870879184,0,2,2,38,1,6,4,15
9480,10,3687890858584507312,0,5,5,38,2,3,1,9
9481,10,-3287767053529430947,0,5,5,38,1,8,5,23
9482,10,8211735517025650023,0,5,5,39,1,5,2,11
9483,10,4256579678310815260,0,5,5,32,8,2,1,5
9484,10,2428129535005149345,0,7,7,38,2,6,3,12
9485,10,-5127341394935946377,0,2,2,33,7,3,2,8
9486,10,-4459706987347650456,0,3,3,43,1,7,3,16
9487,10,-324366675845017461,0,4,4,37,1,5,3,15
9488,10,-289528484526795130,0,4,4,39,2,4,1,11
9489,10,-5426761607034346698,0,7,7,40,4,3,1,10
9490,10,6905093831096229468,0,0,0,37,5,4,1,9
9491,10,6317471622809637902,0,2,2,35,2,7,4,17
9492,10,1690888152839340274,0,7,7,38,3,6,4,16
9493,10,452023247662381716,0,8,8,39,2,7,3,18
9494,10,3251648181723082319,0,5,5,34,3,6,3,14
9495,10,-2936469456353277783,0,4,4,35,3,6,3,11
9496,10,4077785132674261003,0,3,3,37,8,2,1,5
9497,10,-4070261229559903936,0,2,2,34,3,2,1,7
9498,10,-5080587223356974814,0,6,6,39,8,1,1,3
9499,10,9966022904419924,0,3,3,36,3,3,1,8
9500,10,-8408033076247785718,0,6,6,37,3,4,2,12
9501,10,1659995416897485340,0,5,5,38,3,3,1,10
9502,10,4486936133201301510,0,2,2,35,2,5,2,7
9503,10,-4319649043459018883,0,5,5,36,6,4,2,9
9504,10,-6470774045023372612,0,7,7,39,2,4,2,5
9505,10,7486632095834600896,0,2,2,39,2,4,1,5
9506,10,3481929109246106373,0,3,3,35,3,6,4,20
9507,10,3637272082432027524,0,3,3,38,3,8,5,28
9508,10,5924541269786628,0,5,5,33,2,3,1,9
9509,10,-5571684609621990154,0,6,6,35,5,5,4,8
9510,10,948088185473867641,0,5,5,32,1,5,3,14
9511,10,-1799084007978290882,0,9,9,38,1,6,2,18
9512,10,9122124493655448151,0,2,2,38,1,6,4,10
9513,10,5550574712663524156,0,3,3,38,4,3,2,11
9514,10,-1451816480270256493,0,2,2,38,3,4,2,17
9515,10,-546600296872578701,0,2,2,37,3,4,2,9
9516,10,-8499852563627548098,0,3,3,40,5,4,3,9
9517,10,-216225179738488507,0,1,1,42,2,3,1,5
9518,10,4931017350234788821,0,8,8,35,1,2,1,5
9519,10,-4586135149196398240,0,8,8,40,1,4,2,9
9520,10,7016813394224880599,0,1,1,33,6,4,3,10
9521,10,8479546808922978168,0,5,5,32,3,4,2,10
9522,10,5951160873627057048,0,1,1,33,5,4,3,10
9523,10,-5670661899900754634,0,4,4,44,3,5,3,10
9524,10,4562925731291845973,0,0,0,37,2,10,5,25
9525,10,-3817646410494384017,0,2,2,43,1,7,3,12
9526,10,8276975734780512647,0,8,8,36,1,4,2,9
9527,10,-7870385865665029479,0,4,4,38,4,7,5,12
9528,10,4599875604170265980,0,6,6,38,7,3,2,8
9529,10,-7861939139025267846,0,9,9,37,1,5,2,11
9530,10,-2616605389164132574,0,7,7,42,2,10,8,22
9531,10,-1617210534274305247,0,7,7,32,1,4,2,13
9532,10,-2631305624800126427,0,7,7,38,4,4,2,9
9533,10,6462064999479334682,0,3,3,34,1,3,1,8
9534,10,2152663114959655485,0,5,5,36,2,6,4,10
9535,10,375295651893489372,0,1,1,36,6,5,4,9
9536,10,4355876791547897536,0,7,7,34,3,5,2,17
9537,10,-3964095817731873914,0,5,5,37,1,3,1,10
9538,10,-1547305432022477954,0,6,6,40,2,4,2,13
9539,10,2924481392482682570,0,2,2,33,3,6,3,18
9540,10,-6398771015411752243,0,1,1,38,2,3,2,7
9541,10,6868712778211196201,0,6,6,36,2,4,1,8
9542,10,-5303244719838427934,0,3,3,41,3,3,1,4
9543,10,-8698181236267903136,0,4,4,33,5,3,2,9
9544,10,-5833690617319143326,0,4,4,34,1,5,2,12
9545,10,-2323258277588152543,0,5,5,39,6,2,1,4
9546,10,-779871671809619912,0,8,8,32,1,7,4,28
9547,10,6792279602938616582,0,4,4,36,1,4,2,9
9548,10,-784116673018813784,0,5,5,30,6,3,2,9
9549,10,-5696763902634357310,0,8,8,34,1,6,2,13
9550,10,-3371049537313239644,0,1,1,37,5,6,3,13
9551,10,4754074358544217241,0,5,5,42,2,5,3,9
9552,10,-4715231879005201314,0,6,6,36,5,2,1,6
9553,10,4251562853331659025,0,5,5,32,8,5,4,8
9554,10,8557078952624605726,0,8,8,31,1,8,5,28
9555,10,-2817944052205057558,0,5,5,36,1,5,2,13
9556,10,-4262875264060236203,0,5,5,42,3,5,2,10
9557,10,-851317397156343990,0,3,3,37,3,5,2,19
9558,10,4869550683644755441,0,5,5,37,1,6,4,17
9559,10,-7122314837206815172,0,6,6,40,4,2,1,8
9560,10,4721854694305758706,0,5,5,37,3,5,3,13
9561,10,3766902397832986459,0,1,1,38,3,3,2,7
9562,10,7974077673124907836,0,5,5,38,1,9,6,20
9563,10,-1389862545432126262,0,3,3,41,3,4,2,10
9564,10,6704660657784060847,0,6,6,38,5,5,3,9
9565,10,1667232073776229222,0,7,7,35,3,3,2,6
9566,10,382536591453281396,0,9,9,33,1,5,2,17
9567,10,-6681682945807023297,0,5,5,33,5,2,1,8
9568,10,-3020355891298365031,0,5,5,31,4,3,2,7
9569,10,-5841481217492948157,0,7,7,37,3,3,2,3
9570,10,7907654094506859232,0,6,6,34,7,4,4,8
9571,10,-5340800998284714949,0,1,1,37,1,6,3,12
9572,10,-1314537717501439533,0,7,7,33,8,1,1,2
9573,10,-8729459352607801605,0,5,5,31,1,3,2,6
9574,10,-486475426107738852,0,3,3,34,4,4,2,11
9575,10,-3750600777217156651,0,9,9,36,3,5,3,16
9576,10,7113279075897513234,0,6,6,36,2,4,1,13
9577,10,-41751328699784882,0,4,4,35,5,5,3,11
9578,10,8234762573550548375,0,4,4,34,4,6,4,16
9579,10,-7060249953337270252,0,7,7,38,5,3,1,8
9580,10,-8376767958840297184,0,7,7,36,1,8,6,17
9581,10,6749991635895298606,0,3,3,37,4,9,6,21
9582,10,-208503883817522924,0,5,5,36,5,4,3,12
9583,10,-672824529897271435,0,1,1,35,2,3,1,7
9584,10,8114295301354860378,0,6,6,33,6,4,3,9
9585,10,9140187722550395202,0,5,5,32,1,2,1,7
9586,10,1437422938432230701,0,8,8,35,4,3,2,8
9587,10,-8197782199593836696,0,0,0,38,1,7,3,20
9588,10,1592040418921536306,0,5,5,35,2,3,1,10
9589,10,165125268749246564,0,6,6,30,5,3,3,5
9590,10,-2183731306233037109,0,3,3,32,5,2,1,6
9591,10,-7032811996894639917,0,3,3,38,1,5,2,13
9592,10,1198241436753281197,0,2,2,37,6,2,1,3
9593,10,7191706021300266532,0,2,2,31,4,4,3,10
9594,10,-4568796832785940305,0,2,2,37,7,4,2,10
9595,10,-672059247063908211,0,3,3,38,2,3,1,6
9596,10,-2965134030458486043,0,1,1,36,7,3,2,8
9597,10,-1110495900863547326,0,8,8,35,2,6,3,13
9598,10,3210946463155712493,0,5,5,37,6,3,2,7
9599,10,-8117137551420997148,0,5,5,35,3,4,2,10
9600,10,4321080604537041544,0,3,3,44,2,8,3,12
9601,10,-5081412498464180681,0,3,3,41,1,6,2,18
9602,10,789369224036228204,0,5,5,42,3,4,2,12
9603,10,1484655497129847064,0,7,7,34,5,5,2,12
9604,10,-1160773870098387881,0,5,5,35,2,6,4,15
9605,10,-6539455475961529427,0,5,5,38,6,2,1,4
9606,10,-4322980780925877401,0,4,4,37,6,2,1,2
9607,10,-6369123931594646051,0,2,2,40,4,4,2,12
9608,10,-2204572297322805336,0,5,5,35,2,3,1,5
9609,10,-8214266684854062334,0,1,1,38,1,4,3,12
9610,10,5493189892412701166,0,5,5,34,2,3,2,8
9611,10,2304674737134177757,0,4,4,30,5,3,2,9
9612,10,-1954829381667777307,0,2,2,39,3,3,1,5
9613,10,-1937544844338874422,0,1,1,34,5,2,1,3
9614,10,-1837607233166964378,0,4,4,37,3,6,3,15
9615,10,7774093975483676468,0,3,3,34,2,2,1,5
9616,10,1169827412951657483,0,1,1,34,2,2,1,5
9617,10,-5686933182433113782,0,3,3,34,1,6,4,18
9618,10,1844058324189145093,0,1,1,40,3,4,1,10
9619,10,5301223208798864114,0,4,4,40,1,5,2,11
9620,10,-3218106256647976148,0,7,7,36,3,5,2,11
9621,10,-2786654232853017346,0,3,3,29,5,4,3,13
9622,10,1042462392777981783,0,2,2,36,3,3,1,8
9623,10,8736639217933840285,0,6,6,34,8,2,2,6
9624,10,-1022638206235409171,0,6,6,40,1,6,3,12
9625,10,-7214827611571511021,0,0,0,38,2,9,4,20
9626,10,5657569844083507900,0,6,6,34,7,4,3,11
9627,10,-5582474831882597460,0,0,0,35,1,6,3,19
9628,10,3025562022425050889,0,3,3,38,3,5,3,15
9629,10,-5098653660981592339,0,6,6,31,8,2,2,6
9630,10,-6665139062949210649,0,2,2,36,3,5,3,14
9631,10,2078741713535762445,0,4,4,35,5,2,1,3
9632,10,-9026115374851309364,0,5,5,37,2,3,1,9
9633,10,6570933855602584995,0,2,2,37,6,6,4,12
9634,10,-5975362981220088992,0,9,9,35,1,9,6,21
9635,10,-4138332914827662688,0,6,6,41,1,7,2,22
9636,10,-1149919685822525032,0,5,5,33,9,3,3,7
9637,10,-355363383288118146,0,4,4,36,2,8,7,18
9638,10,-7354682318584413437,0,8,8,33,5,1,1,3
9639,10,-7297672328048228167,0,6,6,36,3,3,1,8
9640,10,4376008074389743459,0,3,3,35,6,1,1,5
9641,10,-7719340273435755138,0,3,3,31,6,1,1,4
9642,10,6131058920650084479,0,1,1,36,4,3,2,5
9643,10,-6802704031003594334,0,6,6,37,3,3,1,12
9644,10,-1312074026038893257,0,2,2,39,3,6,4,15
9645,10,4922901111327889365,0,2,2,36,2,4,2,11
9646,10,7047238371691909592,0,6,6,42,2,5,3,11
9647,10,-1401865712616873706,0,9,9,37,3,5,2,11
9648,10,2454373393948551601,0,3,3,37,2,5,3,16
9649,10,108702574474349161,0,4,4,35,4,4,2,7
9650,10,-7844139800765952538,0,7,7,35,1,4,2,13
9651,10,7627477918723690952,0,4,4,42,1,3,2,6
9652,10,5135217420758543747,0,0,0,33,2,8,5,15
9653,10,-7854077506168388010,0,4,4,38,5,5,2,10
9654,10,-4163488757309476140,0,8,8,44,1,7,4,19
9655,10,102403703807551450,0,2,2,32,1,5,3,16
9656,10,-2615694979743747597,0,5,5,37,3,7,3,17
9657,10,-909425874118522518,0,3,3,33,1,3,2,6
9658,10,-3995417928355140447,0,2,2,31,2,3,2,11
9659,10,-4062059103278011546,0,8,8,37,7,2,1,6
9660,10,6488262707964018521,0,4,4,34,2,5,2,11
9661,10,6383456559294333096,0,6,6,33,1,4,2,11
9662,10,-7051549745648186462,0,5,5,33,2,3,1,7
9663,10,-4055942783119682823,0,6,6,37,1,4,2,8
9664,10,-2661897308742896731,0,5,5,37,2,4,2,9
9665,10,-4346391622501729594,0,7,7,36,3,4,2,9
9666,10,7866796182810163966,0,7,7,33,5,4,2,10
9667,10,-2059137294149132782,0,6,6,38,4,5,3,12
9668,10,-1210176785807105834,0,4,4,35,3,4,3,11
9669,10,9204080243252488878,0,6,6,34,4,2,1,5
9670,10,8033150659080390449,0,4,4,34,8,1,1,3
9671,10,-8513200571254997080,0,8,8,35,4,4,3,7
9672,10,-5736021494929966204,0,1,1,38,2,4,1,7
9673,10,4540754852509268481,0,6,6,33,3,4,2,11
9674,10,7790418881641755786,0,3,3,34,6,2,1,5
9675,10,-7805384536546699103,0,6,6,40,3,3,1,7
9676,10,1328269361445509463,0,3,3,38,2,5,2,12
9677,10,-7654358373133980785,0,0,0,39,1,9,4,21
9678,10,7326748655354963372,0,2,2,38,1,8,5,20
9679,10,7436704951636263516,0,4,4,35,7,3,2,8
9680,10,494147042246393741,0,0,0,39,5,6,4,8
9681,10,7647836308285246944,0,6,6,35,6,2,1,9
9682,10,6654070853161128465,0,1,1,36,1,4,3,12
9683,10,-6702280081174304472,0,4,4,37,4,4,2,10
9684,10,2251003157212971384,0,4,4,38,5,5,3,7
9685,10,-7998600791343383122,0,2,2,39,2,4,2,6
9686,10,4366601822320168066,0,1,1,39,2,5,1,13
9687,10,-1016658320398666038,0,3,3,38,4,6,3,16
9688,10,-637689917548794114,0,4,4,43,3,6,2,15
9689,10,4032803251259783273,0,1,1,34,1,6,3,16
9690,10,6210877349453601184,0,6,6,31,5,2,1,6
9691,10,6329745574107565308,0,4,4,35,2,3,2,7
9692,10,-3073862515533458665,0,4,4,37,2,5,4,15
9693,10,-1394238640367583566,0,3,3,35,2,3,1,8
9694,10,62187981884511839,0,3,3,35,8,3,2,8
9695,10,4229284139149529064,0,8,8,35,1,5,1,10
9696,10,-6782887242386554285,0,3,3,33,4,2,1,5
9697,10,712786413312640736,0,3,3,34,6,2,1,5
9698,10,7402975118399630981,0,6,6,33,2,8,5,24
9699,10,-6420843617987149647,0,6,6,32,5,2,2,6
9700,10,-8849797538761066158,0,5,5,36,1,4,1,10
9701,10,1422895723186978686,0,5,5,37,3,3,2,6
9702,10,-4139448148245273808,0,9,9,42,2,5,1,8
9703,10,-3175670748225722390,0,3,3,34,3,8,5,23
9704,10,4788440723564710729,0,8,8,39,2,4,1,10
9705,10,1390619316044669386,0,5,5,36,3,4,2,9
9706,10,-2156506649287122611,0,4,4,34,1,3,1,7
9707,10,-5136955835181789156,0,6,6,35,3,6,4,15
9708,10,-6514711683920535420,0,6,6,33,3,10,6,30
9709,10,6024794736231289912,0,2,2,37,5,5,3,14
9710,10,-5237834170271029214,0,2,2,38,1,4,2,6
9711,10,-7756431001491599291,0,2,2,40,2,5,3,12
9712,10,3155578192080618718,0,4,4,38,3,3,2,9
9713,10,-476043216723108626,0,5,5,36,1,8,5,20
9714,10,1548414592171999172,0,7,7,33,6,4,2,7
9715,10,-6046944803862895020,0,7,7,38,1,5,2,11
9716,10,7173975711895062090,0,6,6,41,3,2,1,3
9717,10,-3515721969269873595,0,5,5,36,3,4,2,11
9718,10,1788477534541004706,0,4,4,34,1,3,1,7
9719,10,2529468697637527982,0,6,6,37,5,4,3,5
9720,10,6879094052376683342,0,5,5,36,1,6,5,15
9721,10,5208545329547315022,0,8,8,35,1,4,2,14
9722,10,1911246413071541496,0,7,7,38,1,5,3,11
9723,10,-4769526566500770388,0,6,6,32,5,4,2,12
9724,10,-201397316451563133,0,7,7,32,7,2,1,7
9725,10,3187539222820846154,0,1,1,38,3,4,2,8
9726,10,3220614596334500189,0,3,3,38,1,6,3,14
9727,10,-7667892072321463269,0,4,4,32,3,2,1,6
9728,10,-5719289373081705450,0,5,5,36,4,5,2,19
9729,10,-7615065110422078671,0,7,7,38,2,4,1,10
9730,10,-3753021455703340746,0,4,4,41,1,6,3,14
9731,10,4541858263699050426,0,2,2,33,2,7,5,17
9732,10,-516200258880947638,0,6,6,38,1,5,3,10
9733,10,-939327230144850899,0,8,8,41,1,4,2,13
9734,10,774123552125758016,0,3,3,32,3,4,3,6
9735,10,-6306573050337466689,0,3,3,40,3,3,1,7
9736,10,-6663141296863355404,0,8,8,39,2,5,2,11
9737,10,7977744576098381340,0,7,7,37,3,6,4,15
9738,10,2121628242329817610,0,6,6,34,3,4,3,10
9739,10,219946606890689875,0,4,4,33,3,3,1,11
9740,10,-8562434969991468547,0,6,6,34,2,9,6,21
9741,10,-2747654756240739567,0,4,4,39,8,3,2,12
9742,10,-2981134814117839752,0,5,5,37,2,9,6,24
9743,10,6677429609499164689,0,8,8,37,5,5,4,12
9744,10,8840289472852234468,0,3,3,40,1,5,2,9
9745,10,6658750716243722450,0,7,7,37,3,3,1,7
9746,10,6316059547428037186,0,4,4,40,1,6,3,14
9747,10,3292959138228496011,0,5,5,34,4,3,2,5
9748,10,-5785887860722861254,0,6,6,41,1,5,2,10
9749,10,8503442599835954012,0,9,9,31,5,4,2,16
9750,10,-1014429059406200974,0,9,9,38,4,6,3,15
9751,10,89510237500190149,0,2,2,42,2,3,1,6
9752,10,2498122422383900195,0,5,5,37,4,7,4,20
9753,10,-5892324801788145829,0,5,5,34,4,4,2,7
9754,10,-541599480591767062,0,2,2,36,2,6,3,15
9755,10,-8417745128966829384,0,0,0,33,2,10,6,26
9756,10,-1282865704878296613,0,6,6,40,2,3,1,9
9757,10,661556625368822963,0,3,3,33,5,5,3,6
9758,10,831787053636138972,0,4,4,31,1,3,1,8
9759,10,-901635176411079472,0,3,3,36,5,3,1,9
9760,10,-1327558444048297937,0,1,1,40,3,3,2,9
9761,10,-3654917833792995078,0,7,7,35,2,4,2,7
9762,10,4163395738489075280,0,3,3,34,7,2,1,6
9763,10,-2704225083056355217,0,6,6,36,4,7,6,18
9764,10,-7470606930293325056,0,4,4,37,1,5,4,11
9765,10,7409860287286409723,0,0,0,40,2,6,2,20
9766,10,3285339098288172961,0,3,3,41,3,6,3,19
9767,10,-7068784162631245464,0,9,9,40,1,7,4,13
9768,10,5699612716388252356,0,1,1,33,2,4,2,12
9769,10,4512775399687739444,0,2,2,39,3,4,1,10
9770,10,9128717279354683904,0,7,7,40,2,5,2,17
9771,10,-5533360939474147964,0,8,8,36,3,5,3,13
9772,10,1618320326600205573,0,2,2,30,6,4,3,9
9773,10,2936029056081930584,0,7,7,39,1,10,6,24
9774,10,3067927332553164272,0,3,3,36,5,4,2,10
9775,10,9167320320866846464,0,3,3,37,1,3,1,10
9776,10,738503182644329183,0,4,4,34,1,3,1,6
9777,10,-6251457304005705009,0,3,3,39,3,4,2,7
9778,10,2951104517519672520,0,9,9,35,6,3,1,7
9779,10,-1145315659411273971,0,7,7,36,3,5,4,12
9780,10,-6154712126195228794,0,7,7,37,2,3,2,6
9781,10,-6017965032492366799,0,5,5,35,2,3,1,10
9782,10,793613615108292404,0,8,8,35,1,3,1,7
9783,10,4790142267810832463,0,7,7,37,2,7,4,15
9784,10,-9098202318227632450,0,7,7,38,3,3,1,8
9785,10,8733315006644906447,0,3,3,35,2,4,2,10
9786,10,-7557760072126446668,0,4,4,36,1,4,2,9
9787,10,-4116318693909102241,0,7,7,38,1,5,2,13
9788,10,-8620024630544622751,0,7,7,44,4,3,1,5
9789,10,-7882669095295783126,0,2,2,37,4,4,1,13
9790,10,6661670385757345052,0,8,8,37,2,7,4,16
9791,10,3533507298339755849,0,9,9,38,7,8,6,19
9792,10,2015594231877172701,0,5,5,34,2,4,2,10
9793,10,-494155044301307526,0,3,3,36,3,5,4,14
9794,10,5516418488451014931,0,6,6,42,1,6,3,15
9795,10,-671819454040299505,0,4,4,33,2,3,2,9
9796,10,5863189984708309683,0,5,5,38,1,7,4,14
9797,10,-5141769571514203608,0,8,8,35,6,4,3,12
9798,10,-9018539842847963500,0,1,1,34,3,7,4,17
9799,10,-8668459911962002140,0,2,2,40,2,5,2,16
9800,10,-1461897982205597447,0,5,5,34,5,2,1,5
9801,10,-357845055982741164,0,3,3,40,3,6,4,16
9802,10,-8899966149651256209,0,7,7,44,4,8,5,16
9803,10,-5326694099641328143,0,5,5,36,2,4,2,10
9804,10,5068987740909912281,0,2,2,32,3,7,5,25
9805,10,-1812489861945878448,0,5,5,41,2,4,2,9
9806,10,7879860913598277577,0,5,5,40,1,6,2,16
9807,10,8631074560540908115,0,2,2,40,5,6,4,11
9808,10,1034366432433134096,0,4,4,35,1,4,2,9
9809,10,7576838072678738978,0,6,6,34,3,3,1,6
9810,10,-5706807518367026536,0,1,1,36,1,6,3,16
9811,10,5297842576630129947,0,3,3,36,1,3,1,6
9812,10,-4698576019676155280,0,0,0,37,8,6,4,16
9813,10,-6147028838295494650,0,5,5,38,3,4,1,8
9814,10,5730420180930638376,0,8,8,35,2,5,2,15
9815,10,-2506802498092794227,0,2,2,34,6,5,4,13
9816,10,8132845735431459934,0,8,8,31,4,5,3,10
9817,10,6366137550892068842,0,3,3,35,3,3,1,10
9818,10,-6498727152416305768,0,3,3,36,1,6,3,19
9819,10,7733820486212038369,0,4,4,43,4,6,3,18
9820,10,-5221702812455905964,0,7,7,37,2,9,5,20
9821,10,1669102868214016753,0,1,1,34,7,4,2,8
9822,10,4599983005662565470,0,9,9,38,1,6,2,13
9823,10,-960059709479907130,0,3,3,36,4,3,1,10
9824,10,-1415863327137618848,0,0,0,35,4,3,1,7
9825,10,8402093933124855281,0,4,4,42,2,6,3,15
9826,10,8351041702802011327,0,1,1,35,1,7,3,24
9827,10,-1283454722703283238,0,0,0,31,3,3,1,7
9828,10,-8539414464679597916,0,5,5,31,1,3,2,7
9829,10,7190237090403728884,0,7,7,40,2,4,3,10
9830,10,-2545348094297521576,0,4,4,33,6,6,4,15
9831,10,-8305009773303046349,0,3,3,35,2,3,2,6
9832,10,-1494073084541947948,0,6,6,34,8,3,2,6
9833,10,-2248008502575387973,0,6,6,38,1,3,2,6
9834,10,3459725176920214680,0,8,8,38,2,4,2,8
9835,10,4841881648251460569,0,7,7,33,2,4,3,13
9836,10,1844705849366719675,0,3,3,33,2,3,1,11
9837,10,-6670083476285431498,0,6,6,36,4,2,1,7
9838,10,6389779076566549827,0,2,2,37,3,2,1,5
9839,10,-6555447692863901879,0,2,2,35,4,6,4,15
9840,10,595753720818910646,0,2,2,35,3,5,3,13
9841,10,-2102841404320004595,0,0,0,40,1,8,2,26
9842,10,3180833893213730544,0,8,8,32,4,2,1,6
9843,10,-3720023901960921612,0,4,4,39,2,5,2,14
9844,10,1358273022275105591,0,4,4,37,1,6,4,15
9845,10,858469761225158682,0,1,1,33,3,4,2,13
9846,10,-8109385736027386996,0,8,8,39,2,8,5,17
9847,10,4491766158925303229,0,6,6,35,3,3,2,7
9848,10,6320179847491087939,0,5,5,37,3,6,3,17
9849,10,-805227331591816467,0,3,3,41,1,10,7,18
9850,10,6958744083460268758,0,8,8,37,1,6,3,17
9851,10,2647685637624250495,0,3,3,40,2,3,1,5
9852,10,-326185800215646475,0,5,5,34,2,2,1,4
9853,10,-8698224972531652281,0,9,9,33,5,6,4,18
9854,10,271448430389410016,0,5,5,35,3,4,2,13
9855,10,-1520932798335902075,0,2,2,33,2,2,1,4
9856,10,5532082217615604473,0,4,4,37,3,7,4,16
9857,10,1506840850346973087,0,5,5,41,1,7,2,19
9858,10,511997487150537876,0,7,7,38,3,3,1,11
9859,10,-4116097912464551664,0,6,6,38,4,3,1,5
9860,10,3910999712648528913,0,4,4,35,5,2,1,6
9861,10,-8647844665046581600,0,3,3,34,2,5,3,7
9862,10,-1731168362210871763,0,3,3,37,3,3,2,7
9863,10,9043870638460562645,0,0,0,31,1,4,2,12
9864,10,7727339744533943956,0,6,6,38,4,4,2,9
9865,10,7777099344297166249,0,5,5,37,1,3,1,5
9866,10,-6257912670189707846,0,8,8,38,2,4,2,8
9867,10,-4972636881458041732,0,2,2,40,2,4,3,5
9868,10,4691264415011395562,0,0,0,35,8,5,3,9
9869,10,6389853779241674059,0,5,5,35,3,5,2,14
9870,10,-7925737987684384354,0,3,3,37,2,5,3,18
9871,10,-5850238655435900126,0,1,1,37,1,6,2,15
9872,10,3956220052119655697,0,8,8,35,1,8,5,14
9873,10,-6584298545692206641,0,6,6,39,1,4,2,8
9874,10,2429439659639758098,0,7,7,36,7,2,2,2
9875,10,3857999795497504472,0,3,3,36,5,2,1,5
9876,10,-4506829419157921509,0,4,4,34,1,7,4,17
9877,10,6981963165892863406,0,6,6,37,5,2,1,9
9878,10,-314239146710417758,0,2,2,40,2,5,3,11
9879,10,-4649457971238186207,0,5,5,32,5,6,4,15
9880,10,1270867640702190510,0,3,3,38,5,3,1,7
9881,10,-8356285210031053802,0,6,6,37,5,5,3,15
9882,10,6070449740485254828,0,2,2,34,5,5,4,11
9883,10,5717110943692481400,0,3,3,38,1,9,5,20
9884,10,3475061347709597570,0,5,5,36,7,3,2,9
9885,10,1689464762230041452,0,5,5,35,4,2,1,4
9886,10,3471756776032847332,0,7,7,45,2,6,4,11
9887,10,6951533742673384904,0,5,5,41,2,5,1,13
9888,10,-499178816944604953,0,5,5,33,2,4,2,10
9889,10,-3160723827879346235,0,5,5,33,3,5,2,13
9890,10,-7391904417783364653,0,7,7,34,1,5,3,15
9891,10,4625667520765269234,0,5,5,37,2,6,4,8
9892,10,3862775291597595708,0,3,3,35,3,5,3,14
9893,10,-7236211777883941525,0,2,2,39,2,5,3,12
9894,10,-3994355863897868973,0,2,2,37,2,10,7,27
9895,10,7661876788516653899,0,7,7,32,2,5,3,9
9896,10,6121102301715637369,0,1,1,37,3,5,3,10
9897,10,1281493419771061086,0,2,2,38,3,6,3,19
9898,10,2506151799495990037,0,7,7,34,4,2,1,5
9899,10,-4248728022194774757,0,5,5,39,3,5,3,9
9900,10,440248348981916070,0,3,3,38,3,4,2,9
9901,10,3307616337991288272,0,1,1,35,2,8,5,25
9902,10,-2966606351337144293,0,6,6,41,3,4,1,9
9903,10,3200711856275583774,0,4,4,42,5,3,2,6
9904,10,5121663710408253282,0,5,5,34,3,4,1,8
9905,10,5684523223760548008,0,7,7,32,4,4,3,8
9906,10,-3005007251749392322,0,5,5,38,4,4,2,9
9907,10,-7306343587908545273,0,7,7,36,1,7,4,15
9908,10,5890193153557936989,0,5,5,40,2,6,3,11
9909,10,151462699473220096,0,4,4,37,1,7,3,22
9910,10,-2164744208149987671,0,6,6,35,4,4,2,6
9911,10,6718783415282521081,0,3,3,37,4,5,3,10
9912,10,3312855209328901085,0,4,4,38,1,4,1,9
9913,10,-3900107129653640025,0,6,6,33,2,6,3,17
9914,10,7117958277350120540,0,4,4,41,2,4,1,10
9915,10,3862616413843129612,0,7,7,35,6,3,2,9
9916,10,-7614874893211648451,0,4,4,37,4,5,3,8
9917,10,2477838285957804704,0,2,2,35,1,6,3,15
9918,10,-3231531887378366806,0,6,6,37,4,4,3,12
9919,10,-810842195964556338,0,5,5,40,3,5,2,11
9920,10,5412091109682959722,0,3,3,37,1,3,2,9
9921,10,-4942715844395120735,0,5,5,37,3,3,2,8
9922,10,-8198726469087570501,0,4,4,36,1,7,4,16
9923,10,2407916174369240255,0,4,4,34,3,4,2,12
9924,10,-1878844955195103131,0,5,5,39,5,6,5,15
9925,10,6753722339375076245,0,4,4,38,4,8,5,18
9926,10,-758341395787885813,0,2,2,37,7,4,2,11
9927,10,8766155086342971347,0,3,3,35,4,6,4,13
9928,10,-4770482587716968253,0,0,0,34,3,4,1,15
9929,10,4277778538552982811,0,0,0,36,4,6,4,8
9930,10,-72923379306987543,0,1,1,34,1,3,1,11
9931,10,-5887381443738731788,0,4,4,35,3,8,5,17
9932,10,8249588111587469616,0,1,1,41,1,8,5,22
9933,10,8779781552781321220,0,7,7,35,2,3,1,8
9934,10,7557275808916120569,0,8,8,39,1,5,3,13
9935,10,-8445322506549506946,0,4,4,35,1,5,3,8
9936,10,4882163239124564967,0,6,6,35,1,5,3,15
9937,10,-7053357939693022248,0,4,4,35,4,3,1,13
9938,10,68941356736199602,0,1,1,39,1,3,1,6
9939,10,-2874925217615311423,0,9,9,38,2,6,3,16
9940,10,8036305417617473852,0,1,1,38,3,2,1,6
9941,10,2448097815087531602,0,7,7,35,5,2,1,6
9942,10,-6223425754969719071,0,5,5,39,4,7,5,21
9943,10,-5946201002316475005,0,1,1,35,2,7,4,19
9944,10,8089609472670498322,0,4,4,36,1,4,2,8
9945,10,-2089305938477910560,0,4,4,38,2,6,3,10
9946,10,539565007109535524,0,6,6,34,4,3,1,4
9947,10,-8175832707748834693,0,6,6,36,1,2,1,3
9948,10,1948036882216407653,0,1,1,37,1,4,1,10
9949,10,5432547701398945828,0,6,6,31,4,3,2,10
9950,10,947322275763103344,0,2,2,35,8,5,4,16
9951,10,-6207734277319109161,0,5,5,37,5,6,3,17
9952,10,5405192293655119810,0,7,7,41,2,6,3,14
9953,10,948620291455228021,0,6,6,39,8,3,2,4
9954,10,-1345923061366669940,0,6,6,39,1,6,3,12
9955,10,-4042194276122972745,0,4,4,41,2,5,2,10
9956,10,-109495752431276086,0,2,2,39,2,5,3,14
9957,10,626965966792837727,0,5,5,33,3,5,2,16
9958,10,6137251626701218452,0,1,1,35,5,6,5,13
9959,10,-123136002725032017,0,6,6,39,5,2,1,4
9960,10,-8681085687297764685,0,1,1,37,1,6,3,19
9961,10,9190783854607944735,0,8,8,34,4,4,3,18
9962,10,3700384613413095286,0,2,2,42,2,6,2,13
9963,10,531248337774793545,0,5,5,40,4,4,2,8
9964,10,-5118156486857593402,0,6,6,33,2,4,2,11
9965,10,352560840213193000,0,2,2,36,4,4,3,12
9966,10,-5015307120592465800,0,1,1,39,1,4,2,9
9967,10,3662118671628319873,0,7,7,36,7,3,1,8
9968,10,-4157987724410322462,0,5,5,37,2,4,2,15
9969,10,-5386477424940151648,0,1,1,38,2,5,2,13
9970,10,-4661965944913163600,0,1,1,37,4,2,1,5
9971,10,4595597106304325191,0,8,8,38,2,5,2,9
9972,10,-2050109828218801672,0,7,7,36,2,3,2,3
9973,10,2245876925114635235,0,5,5,35,3,4,2,10
9974,10,1113252573164401291,0,3,3,37,5,5,3,13
9975,10,1550768998775708929,0,3,3,35,2,7,4,18
9976,10,-8033553430440676979,0,8,8,39,3,4,1,7
9977,10,-1219350261105143553,0,1,1,39,2,8,4,21
9978,10,-2646602936111510969,0,6,6,38,1,7,2,21
9979,10,4316875369369155846,0,7,7,36,2,4,2,10
9980,10,-2260588295705509061,0,5,5,37,1,6,2,13
9981,10,-2268086687182088905,0,5,5,38,2,6,3,18
9982,10,-2503717934836989832,0,5,5,37,5,2,2,4
9983,10,2951506026605185316,0,0,0,39,1,9,4,23
9984,10,-40158063375251665,0,8,8,39,3,5,2,13
9985,10,-5806457491070166143,0,7,7,37,3,5,4,12
9986,10,8588825761640294023,0,5,5,32,6,4,3,12
9987,10,-768032504308024038,0,5,5,33,3,4,3,6
9988,10,-6371780849261504083,0,5,5,43,2,6,3,13
9989,10,-4315494525872796920,0,7,7,39,2,7,4,18
9990,10,-7362823855499708626,0,2,2,41,3,5,3,12
9991,10,-3627626236748857313,0,7,7,39,5,5,2,7
9992,10,4645075940362305928,0,5,5,38,3,5,3,14
9993,10,2113347808375310762,0,7,7,38,2,5,3,15
9994,10,-1356297171577557763,0,7,7,36,1,8,5,27
9995,10,-9024334102445345959,0,2,2,33,5,2,2,4
9996,10,-2491641633418776918,0,5,5,38,2,3,2,11
9997,10,-8405722396935233926,0,5,5,30,3,6,4,18
9998,10,6513694674707409112,0,1,1,34,1,5,3,11
9999,10,-1186125063489832857,0,6,6,37,1,9,5,18
10000,10,7401672643329804434,0,4,4,35,2,4,2,9
