simulationId,cowboyCount,seed,starterId,winnerId,winnerOffsetFromStarter,totalShots,winnerRemainingHp,winnerShotsFired,winnerKills,winnerTotalDamageDealt
1,50,7622549244507814510,0,41,41,193,2,4,1,10
2,50,-176823638348867382,0,28,28,196,1,10,4,23
3,50,4653291594555506559,0,29,29,198,5,5,2,14
4,50,-5429547764223392703,0,33,33,188,2,4,2,8
5,50,1354699720820100286,0,42,42,182,2,7,5,18
6,50,-8558099095430985091,0,24,24,188,2,3,1,7
7,50,7566729063232618657,0,40,40,178,2,11,8,29
8,50,-8796280036588025189,0,28,28,187,2,5,3,19
9,50,-1904176087077157359,0,32,32,178,2,7,3,14
10,50,-5950808297819701377,0,25,25,188,6,2,2,6
11,50,8202580055274905697,0,30,30,185,3,3,2,6
12,50,2069697956329713381,0,28,28,173,6,3,2,3
13,50,2331882227666649723,0,38,38,188,3,4,2,9
14,50,-6907155114764864074,0,22,22,202,6,3,2,7
15,50,5743542032431768924,0,21,21,182,6,5,4,15
16,50,1754090216629634460,0,27,27,180,1,6,4,17
17,50,3000933636146778561,0,37,37,193,4,4,2,10
18,50,-818370409442154536,0,22,22,190,4,15,12,29
19,50,-6494085369291419358,0,31,31,190,2,9,7,16
20,50,-4831476700427871918,0,30,30,184,4,2,1,8
21,50,-7164822578341529121,0,15,15,188,4,4,2,6
22,50,-6681209751587204111,0,30,30,185,2,9,6,15
23,50,-2785428037848741191,0,29,29,188,2,7,4,14
24,50,4092339821109795117,0,42,42,187,4,3,2,8
25,50,3063383483373029763,0,27,27,183,6,4,3,12
26,50,3373133630133326305,0,31,31,186,7,5,4,12
27,50,493181087642310936,0,37,37,179,2,6,5,14
28,50,-1746716152221018267,0,43,43,181,1,2,1,7
29,50,446462409193912975,0,31,31,188,2,5,2,11
30,50,1193011675842738652,0,16,16,196,3,9,6,21
31,50,4831360065858792877,0,39,39,198,1,6,3,18
32,50,8575571794862233545,0,32,32,196,8,2,1,4
33,50,345942164528489626,0,34,34,186,1,5,3,15
34,50,7448151043156876008,0,37,37,186,1,5,2,15
35,50,5239964932791844568,0,34,34,189,8,3,3,7
36,50,-9173191548526301637,0,37,37,190,2,6,3,9
37,50,-2161688254686019728,0,31,31,191,2,3,1,6
38,50,-4645889046326623902,0,28,28,189,1,9,4,21
39,50,-4846666793570864531,0,27,27,183,2,9,6,24
40,50,8504972586755124527,0,31,31,180,2,3,1,8
41,50,2012197841368315278,0,29,29,183,2,5,3,12
42,50,-6052823257482687111,0,32,32,190,4,6,5,15
43,50,8951238588419643446,0,25,25,196,2,6,2,13
44,50,8373285886730576944,0,40,40,193,1,5,3,11
45,50,-6024011126309681497,0,22,22,182,4,4,2,11
46,50,-3199751378429683278,0,40,40,192,5,3,2,9
47,50,-205079082719447953,0,37,37,189,3,5,3,11
48,50,-1230956723516543396,0,21,21,187,3,3,1,3
49,50,9009170572123666977,0,43,43,189,1,6,2,12
50,50,502512276757557602,0,37,37,175,4,6,5,19
51,50,-6468460926580581816,0,37,37,186,8,3,2,7
52,50,-1041959172619497245,0,44,44,179,4,4,3,10
53,50,-3176141123837156967,0,30,30,195,4,3,2,6
54,50,-1250743467814938825,0,32,32,186,1,6,2,20
55,50,2802790474057045607,0,20,20,194,1,4,1,9
56,50,1594636887908444555,0,31,31,194,2,3,1,3
57,50,2247049277431032667,0,29,29,189,1,3,1,7
58,50,-2141993941735040080,0,38,38,190,5,2,1,5
59,50,4950414587910089059,0,33,33,189,4,9,7,16
60,50,4024558437153402159,0,37,37,190,4,2,1,2
61,50,8460830073364808938,0,23,23,192,3,7,4,18
62,50,-8861481111054564448,0,39,39,187,3,4,2,14
63,50,5151774012177519178,0,16,16,190,1,5,2,11
64,50,6091217547875219003,0,33,33,186,2,4,1,12
65,50,-2747216630518444674,0,26,26,188,4,3,1,8
66,50,-3120053898601644369,0,32,32,187,4,4,2,11
67,50,3034305960001825052,0,37,37,191,3,7,2,19
68,50,530950165320721202,0,28,28,195,1,4,1,5
69,50,-3239810975889385343,0,38,38,190,1,9,5,23
70,50,8355546087979150809,0,12,12,181,4,5,3,15
71,50,-469783043654121139,0,37,37,187,8,7,6,21
72,50,-8860139790373583575,0,19,19,184,4,3,1,8
73,50,3078272170296328209,0,40,40,176,1,4,2,15
74,50,1861223411033487853,0,45,45,180,3,5,2,12
75,50,6371430372172172359,0,29,29,183,4,8,6,15
76,50,558336081978973769,0,31,31,183,6,4,2,11
77,50,-4684935535263414398,0,26,26,199,7,5,3,14
78,50,4274643094731897359,0,36,36,182,1,7,5,17
79,50,-974467266348133402,0,32,32,187,3,6,4,13
80,50,2876010997474373712,0,40,40,198,6,3,2,6
81,50,2556742473257242073,0,30,30,174,3,4,2,14
82,50,3881636367721409078,0,33,33,192,1,12,8,39
83,50,-4283235462372645638,0,25,25,187,1,3,1,6
84,50,-5435618743545341167,0,18,18,191,3,5,3,16
85,50,8287095643659210833,0,33,33,193,5,4,2,11
86,50,8922802869860413870,0,23,23,184,2,3,1,5
87,50,-8768726520343391800,0,35,35,197,5,2,1,4
88,50,4372297092407986927,0,31,31,176,7,4,2,9
89,50,1825614279441251546,0,19,19,181,7,3,3,5
90,50,-8762036456603649640,0,34,34,182,3,7,5,17
91,50,3126602431026017417,0,33,33,177,2,5,2,11
92,50,-6850303691888806042,0,25,25,171,3,3,2,8
93,50,-8236622947874188139,0,40,40,194,3,7,2,18
94,50,-7308026951116254363,0,35,35,193,1,8,5,24
95,50,7503361998593243626,0,18,18,183,2,6,3,13
96,50,-5497387776322637437,0,24,24,189,7,2,1,3
97,50,-1268344063882912167,0,24,24,187,4,3,1,8
98,50,-4537393245351792801,0,26,26,184,5,2,1,6
99,50,7007109389799046027,0,47,47,186,1,10,7,30
100,50,2541384518595445350,0,26,26,185,2,6,3,16
101,50,3350996714279151922,0,22,22,189,4,11,9,26
102,50,-6122081210866785503,0,22,22,188,6,3,1,12
103,50,3642725993278335616,0,25,25,187,4,7,4,17
104,50,-6310069696443000377,0,44,44,177,1,10,7,32
105,50,1047077068562554588,0,30,30,187,2,5,2,12
106,50,-6852892927081889767,0,33,33,180,4,2,1,5
107,50,-4257256642702636589,0,31,31,182,7,3,2,9
108,50,-5029367128408372113,0,26,26,192,1,8,4,19
109,50,7607616885527668300,0,28,28,180,4,3,2,10
110,50,26434227140393485,0,24,24,189,3,5,2,10
111,50,9209768725001713919,0,40,40,186,2,6,3,18
112,50,-3085924346636983622,0,37,37,177,8,1,1,1
113,50,8675964771217511976,0,37,37,184,1,4,1,11
114,50,4907356856337128851,0,34,34,184,4,5,3,11
115,50,-4666966213610434953,0,12,12,204,3,4,2,10
116,50,-4926837390399736036,0,16,16,193,3,6,3,15
117,50,-8336891457433127094,0,4,4,196,3,6,2,15
118,50,516544900739520151,0,26,26,188,5,5,2,18
119,50,-7283127629127876067,0,21,21,187,3,5,3,12
120,50,-1032635651569392488,0,28,28,178,2,7,4,18
121,50,7769363128375121728,0,37,37,195,4,2,1,3
122,50,-430746176916896039,0,38,38,182,1,6,4,16
123,50,8651847374258448331,0,33,33,198,3,4,1,12
124,50,2224671235021342026,0,1,1,186,3,7,4,22
125,50,-1465474966042121521,0,31,31,185,2,8,5,19
126,50,5232730891868007532,0,30,30,182,4,3,2,7
127,50,1361460470342695374,0,24,24,194,2,6,3,12
128,50,-1356467568661118753,0,22,22,197,1,4,1,12
129,50,-7614506031958753172,0,27,27,184,4,4,2,10
130,50,-8971519793056376775,0,34,34,192,5,4,3,15
131,50,3022396495612605285,0,35,35,191,4,4,1,8
132,50,8290662160158026520,0,28,28,190,1,8,6,25
133,50,3843035322279117505,0,39,39,190,1,3,2,8
134,50,-5189416922603801478,0,41,41,187,2,8,4,19
135,50,-5124300315598734522,0,26,26,185,2,3,1,11
136,50,3837517114234352203,0,37,37,182,7,3,2,11
137,50,-2950185444045550802,0,31,31,185,5,9,6,22
138,50,426757442594773823,0,28,28,191,5,10,7,22
139,50,-4820788126042546662,0,41,41,193,3,7,5,19
140,50,5946862575678741986,0,21,21,185,2,3,1,4
141,50,8974981299390694470,0,36,36,187,2,4,2,14
142,50,-6087080048868049684,0,37,37,186,1,5,3,11
143,50,-3281028519374219011,0,34,34,185,2,5,2,13
144,50,8805111005440957657,0,25,25,189,4,8,6,11
145,50,-945914340663370674,0,34,34,193,5,3,2,8
146,50,3620470311692998329,0,12,12,188,2,6,3,18
147,50,-7847918107806780417,0,29,29,192,7,6,4,16
148,50,-1981419207827807164,0,27,27,183,3,6,4,15
149,50,8917890496236750785,0,33,33,193,3,6,3,12
150,50,2436476489404250417,0,32,32,197,6,7,4,12
151,50,-8587433980523025243,0,26,26,193,2,4,1,6
152,50,-6769828358835675705,0,41,41,187,5,2,1,4
153,50,-3332833132237761586,0,35,35,192,2,6,5,13
154,50,6975984797426359987,0,34,34,190,3,3,2,6
155,50,-6059495332086747032,0,24,24,177,5,3,2,10
156,50,4452296053357995548,0,26,26,184,3,3,1,8
157,50,-4323948211146815272,0,29,29,182,3,15,11,36
158,50,3776308515824177652,0,32,32,186,1,6,3,17
159,50,-2448083839464855756,0,29,29,191,5,3,2,8
160,50,-2641245394580726895,0,26,26,191,6,3,2,8
161,50,2192876119456537845,0,31,31,195,4,4,2,8
162,50,-6690699831491533701,0,17,17,178,3,4,2,9
163,50,-8242276007236563477,0,29,29,197,2,5,2,10
164,50,-5642516344152327033,0,28,28,189,2,10,7,18
165,50,-3238749104845523344,0,35,35,197,2,3,2,9
166,50,-2814418992306178780,0,25,25,183,3,3,1,7
167,50,-5673131306224066336,0,36,36,187,4,5,3,8
168,50,29831252693456372,0,36,36,167,4,6,4,16
169,50,7016585409083752008,0,31,31,187,4,3,2,9
170,50,908195957096416926,0,30,30,191,1,3,1,5
171,50,-7531173376727640483,0,33,33,182,6,2,1,6
172,50,7209757496494277090,0,25,25,191,3,5,3,13
173,50,5291995938437694126,0,47,47,190,2,6,4,14
174,50,5880094698660718061,0,38,38,184,2,6,4,15
175,50,-7265269715823122147,0,26,26,197,1,5,2,13
176,50,-4873275261915122194,0,37,37,178,3,2,1,5
177,50,-1159345103379502709,0,38,38,185,1,10,6,24
178,50,-5555833939274768152,0,21,21,188,6,2,1,6
179,50,-6221400059438910766,0,26,26,193,1,5,3,10
180,50,-5951664687497584183,0,28,28,182,6,1,1,3
181,50,-5112357295890222344,0,44,44,184,1,4,3,14
182,50,-1298152709108151108,0,4,4,186,6,3,2,3
183,50,-6119810466464770400,0,28,28,190,1,2,1,7
184,50,2502297348298907067,0,20,20,181,1,8,5,16
185,50,5240029132549311427,0,25,25,177,6,2,2,6
186,50,2849857456777649255,0,25,25,196,4,6,3,14
187,50,5357231713588214688,0,36,36,191,1,3,1,6
188,50,2470418174820690203,0,30,30,188,3,3,1,3
189,50,-4205413717588758543,0,20,20,187,1,8,4,13
190,50,-190994909066885314,0,8,8,182,5,3,2,11
191,50,5643015977550698334,0,35,35,181,3,3,2,4
192,50,-6149718818074887976,0,32,32,193,4,4,2,9
193,50,-5292947416913470154,0,40,40,184,2,4,2,13
194,50,7725237031423721319,0,29,29,177,2,5,3,16
195,50,-5657309207377328036,0,25,25,185,3,9,6,19
196,50,5671188520636863987,0,33,33,186,1,6,4,16
197,50,-8067556877535570561,0,16,16,187,1,7,5,10
198,50,1388559965909645408,0,13,13,192,3,6,3,15
199,50,-1541781829703729011,0,34,34,195,5,3,1,7
200,50,-4692008703275938814,0,37,37,189,2,3,1,7
201,50,5921825753287209320,0,32,32,180,3,3,2,10
202,50,-7215400166977438346,0,35,35,181,1,4,1,9
203,50,7205195152113270746,0,31,31,176,2,5,3,11
204,50,8555390363154737071,0,33,33,193,2,8,5,18
205,50,-6544356438121168186,0,12,12,179,7,3,2,9
206,50,-24092370755839921,0,31,31,172,7,1,1,5
207,50,-840322277581955423,0,40,40,196,3,8,4,16
208,50,5998048010865198391,0,30,30,192,2,7,4,18
209,50,-4847606256852973793,0,46,46,190,2,5,3,11
210,50,-2380848368725129375,0,36,36,186,4,5,3,13
211,50,5147840700923570224,0,35,35,186,1,3,2,5
212,50,-1353014960296005908,0,36,36,190,2,5,3,9
213,50,-1598501290525054419,0,29,29,183,1,3,1,4
214,50,1961923140490118264,0,43,43,187,5,5,3,14
215,50,-8505615486224464562,0,16,16,193,1,3,1,5
216,50,3517719450423692212,0,33,33,187,6,5,3,8
217,50,3105389479535564896,0,41,41,190,1,9,6,18
218,50,5214840725170559796,0,30,30,200,1,6,3,17
219,50,6293562631990310579,0,10,10,178,4,5,4,19
220,50,-3335407372536324729,0,26,26,188,1,11,7,21
221,50,4329349046570819928,0,28,28,190,3,5,2,13
222,50,-3946251753802068088,0,32,32,194,3,4,3,10
223,50,-2497641178949689460,0,14,14,195,3,8,6,10
224,50,-1598467579073753100,0,41,41,182,5,3,2,9
225,50,-7219157151722771858,0,25,25,177,3,3,2,9
226,50,-4661110030385310659,0,34,34,182,3,3,1,8
227,50,7268898499307905016,0,10,10,188,4,4,2,6
228,50,5073513302777484957,0,38,38,189,3,4,2,10
229,50,-4340584654648921812,0,23,23,190,4,4,3,11
230,50,5747655616131207533,0,30,30,191,1,4,2,13
231,50,-853986668421251187,0,40,40,173,8,5,5,9
232,50,-6485978991128421450,0,40,40,189,1,3,1,6
233,50,5768638224355024336,0,25,25,185,2,4,2,8
234,50,2458075869634312968,0,39,39,190,4,6,4,16
235,50,-8489808341758400557,0,17,17,181,1,4,2,8
236,50,8024946309956992650,0,37,37,189,2,2,1,4
237,50,3052355172840400334,0,22,22,187,1,7,4,18
238,50,7442647678929516370,0,31,31,195,1,6,2,14
239,50,-8626307378104996153,0,39,39,186,3,7,5,24
240,50,4089073642559267318,0,30,30,187,5,5,2,18
241,50,-2236296439523492277,0,15,15,184,2,5,3,19
242,50,3016743768788637027,0,36,36,178,9,3,3,13
243,50,4188166251872219482,0,31,31,190,4,5,4,16
244,50,-3762730370391684372,0,34,34,191,1,5,2,13
245,50,3740820769933958818,0,34,34,200,1,5,3,12
246,50,2497223835397723045,0,29,29,189,2,3,1,8
247,50,1245211740268461552,0,41,41,192,2,2,1,6
248,50,3596120228953640690,0,21,21,197,4,4,2,10
249,50,-8485958391061015837,0,31,31,180,1,6,3,14
250,50,-3530187989459650982,0,24,24,172,6,6,4,17
251,50,1557329990257135330,0,33,33,195,5,3,2,5
252,50,-5014070775909231968,0,35,35,182,2,5,3,12
253,50,8185066700082241103,0,22,22,187,1,3,1,8
254,50,1187857640806559252,0,26,26,173,2,4,2,9
255,50,4592621929158808828,0,0,0,187,1,6,3,13
256,50,-2733519790676682714,0,25,25,190,7,5,3,12
257,50,-9010965276370915874,0,22,22,191,6,3,2,9
258,50,3441661738905144891,0,28,28,183,6,5,3,10
259,50,-1194913879455673857,0,28,28,189,4,2,1,4
260,50,4193196702897053123,0,32,32,177,8,7,6,19
261,50,506810623762930361,0,36,36,190,8,7,6,24
262,50,-5265939102537952373,0,38,38,195,5,2,1,5
263,50,8342510994338939680,0,32,32,197,6,4,2,8
264,50,5449764782182861903,0,37,37,175,5,8,7,27
265,50,9057600608023772352,0,45,45,193,2,10,6,22
266,50,4141399907197696659,0,37,37,186,4,7,5,15
267,50,-6377290153117213817,0,33,33,185,1,7,4,18
268,50,4028413048081249714,0,38,38,184,2,3,2,8
269,50,-4936952770567959292,0,28,28,184,3,7,5,16
270,50,-3833402471891802570,0,35,35,183,2,3,2,7
271,50,-611234609857737006,0,43,43,185,2,5,2,13
272,50,1836329554843149162,0,28,28,180,4,2,1,7
273,50,-6271604032169027506,0,38,38,190,2,8,5,13
274,50,-7649378181101267410,0,32,32,191,1,3,1,8
275,50,-4117742096427242609,0,39,39,194,3,4,1,8
276,50,-426418587539229430,0,35,35,186,4,9,7,24
277,50,-3482144798703779433,0,22,22,191,4,4,2,7
278,50,-4380576730621465212,0,44,44,193,1,8,5,19
279,50,471985320383546821,0,32,32,193,1,7,4,22
280,50,3767412502644510389,0,40,40,187,2,6,3,15
281,50,-3981726802433878898,0,24,24,184,5,3,1,4
282,50,-7129907778307929831,0,38,38,184,2,6,3,15
283,50,353075872508588396,0,25,25,175,6,3,3,7
284,50,8933881702211590055,0,45,45,186,3,3,1,9
285,50,5870060683144538133,0,36,36,181,6,5,4,10
286,50,-6167737670428187103,0,34,34,182,3,5,3,15
287,50,-1481915643660530448,0,28,28,190,1,9,4,29
288,50,-42555890764871508,0,31,31,179,2,3,1,7
289,50,4789677843557388484,0,34,34,181,3,6,3,13
290,50,5603914325809731747,0,32,32,181,3,2,1,6
291,50,2257671157984811954,0,36,36,189,3,4,1,9
292,50,-3981914003719714137,0,37,37,193,2,7,4,16
293,50,-1854622150355557531,0,15,15,192,3,5,4,15
294,50,5561257292223402490,0,26,26,185,6,5,4,9
295,50,-4884363201328877433,0,27,27,190,1,4,1,8
296,50,-4139487150730386163,0,36,36,194,2,3,1,7
297,50,3760748672159352694,0,37,37,199,2,6,3,12
298,50,-8354605131265263785,0,31,31,182,1,4,2,8
299,50,-5942291489905924041,0,19,19,189,4,7,5,11
300,50,-6366786982554665881,0,21,21,191,2,7,4,19
301,50,4987517799179524522,0,14,14,185,1,5,2,19
302,50,2993790680894572604,0,34,34,183,2,5,3,14
303,50,9148108519035745279,0,34,34,199,3,6,4,12
304,50,356053416089542868,0,30,30,187,5,3,1,5
305,50,-1153170656627237272,0,36,36,202,4,2,1,4
306,50,2893755259742999810,0,24,24,173,2,3,1,5
307,50,-2846964163748940784,0,16,16,189,5,8,4,20
308,50,3066658862155213956,0,48,48,178,9,1,1,3
309,50,-2727414419329055670,0,14,14,188,3,11,8,26
310,50,-4763808482497477292,0,30,30,194,3,7,4,18
311,50,-4663998541886316019,0,36,36,185,3,3,2,6
312,50,3401440039618196030,0,32,32,189,4,4,1,8
313,50,8411459461634897568,0,19,19,200,3,5,2,12
314,50,7940202431231995570,0,36,36,187,4,4,3,9
315,50,2320893009249504145,0,39,39,180,2,10,7,19
316,50,-1189509341924688933,0,24,24,181,2,3,1,3
317,50,5352533821174972395,0,40,40,189,9,1,1,4
318,50,1832868611604740847,0,24,24,196,4,4,2,12
319,50,-2456234631830758233,0,21,21,180,3,3,1,8
320,50,-1089146873941124920,0,12,12,189,6,6,5,15
321,50,-4830145270073459614,0,41,41,186,2,3,1,7
322,50,4591227604811538100,0,26,26,196,1,6,4,11
323,50,-7517952184663344560,0,23,23,197,3,8,4,15
324,50,2759393873959435400,0,27,27,197,4,3,2,4
325,50,-3192076090308535184,0,36,36,190,4,3,1,10
326,50,-3518252645608431621,0,31,31,177,4,7,5,16
327,50,-6678954914849788671,0,47,47,191,2,5,2,10
328,50,1051009122719280432,0,31,31,182,3,4,2,7
329,50,-199266881384466636,0,27,27,189,7,1,1,5
330,50,-562237344018420588,0,37,37,180,3,4,2,12
331,50,4631360110322506530,0,6,6,186,1,6,3,13
332,50,-6088734372525309462,0,26,26,197,6,5,3,14
333,50,-4567376467868996353,0,40,40,188,2,4,2,11
334,50,-6043706588882026333,0,28,28,197,2,8,4,20
335,50,-2435838256127503472,0,39,39,185,7,5,3,13
336,50,6756029625274839410,0,33,33,179,1,4,2,8
337,50,3064267014396074458,0,32,32,196,3,3,1,6
338,50,-7107167595673559776,0,19,19,190,1,5,2,13
339,50,7914520723125430299,0,33,33,182,6,2,1,2
340,50,-3939801719671590756,0,22,22,191,4,4,2,11
341,50,7447551660642179069,0,39,39,186,1,7,5,13
342,50,-3312509276445913515,0,33,33,186,1,2,1,7
343,50,1671232814223333385,0,27,27,180,1,4,2,8
344,50,-8997380063345516340,0,33,33,186,4,6,4,12
345,50,7066319119836090969,0,33,33,198,2,5,3,13
346,50,2051562411276173924,0,37,37,195,2,7,4,17
347,50,6633696047227603601,0,21,21,182,5,8,6,17
348,50,8053753224416136828,0,29,29,183,4,5,4,7
349,50,8081798847255029519,0,7,7,203,2,3,1,8
350,50,1686173169983516607,0,33,33,198,3,11,7,24
351,50,-6741191890070349471,0,28,28,185,3,7,5,18
352,50,7551669735035125690,0,24,24,187,7,4,3,9
353,50,817322641040841207,0,34,34,186,3,5,2,15
354,50,-7681608518701036626,0,43,43,200,5,4,3,9
355,50,6813244192803531545,0,36,36,180,1,7,4,17
356,50,-799567251315813721,0,44,44,182,3,8,4,16
357,50,6463463733073614618,0,30,30,196,3,4,2,7
358,50,-3603365709834776371,0,32,32,200,2,8,5,21
359,50,-7475064080194904626,0,23,23,185,5,3,1,5
360,50,-7141271899617235975,0,35,35,191,4,5,3,9
361,50,-3645313680115038920,0,28,28,178,4,3,1,8
362,50,-813606537018452598,0,30,30,178,3,5,3,8
363,50,6077188741552898440,0,33,33,188,3,7,4,19
364,50,-5889240790349597319,0,31,31,191,6,3,2,6
365,50,8460047888651790403,0,25,25,182,6,4,2,10
366,50,5811333872113808043,0,37,37,190,2,7,5,20
367,50,9061771253406507715,0,31,31,201,4,3,2,11
368,50,718880064193883270,0,14,14,194,2,8,5,17
369,50,-5732102379876084766,0,41,41,186,5,3,2,6
370,50,6742280374751132102,0,38,38,179,5,3,3,8
371,50,5181125386420020466,0,28,28,194,1,4,2,11
372,50,-834104396270075759,0,18,18,194,1,5,1,13
373,50,-3132157644125213201,0,35,35,198,1,6,2,12
374,50,-466210819174466616,0,33,33,199,8,3,2,7
375,50,-6446779205686661897,0,28,28,197,1,3,2,5
376,50,-5043496799542115937,0,29,29,182,3,2,1,7
377,50,331600363706155258,0,5,5,196,1,7,4,16
378,50,2632571912175624047,0,30,30,181,1,10,6,28
379,50,7259434726428318637,0,38,38,185,1,4,1,13
380,50,7034773605526970058,0,36,36,193,3,7,3,18
381,50,-2378807064512389437,0,36,36,186,2,9,6,20
382,50,7044002907889436624,0,19,19,190,3,2,1,5
383,50,-7467986275928762273,0,35,35,186,2,5,2,9
384,50,-7710964463403764544,0,34,34,197,2,5,2,10
385,50,-1797319639737052477,0,39,39,184,1,4,2,14
386,50,6648804362421930705,0,34,34,184,5,6,4,13
387,50,-6092895600319714483,0,35,35,181,1,6,4,15
388,50,6677731808203156546,0,36,36,193,2,9,5,15
389,50,-8290431848890866524,0,39,39,184,5,4,3,8
390,50,822470599114602416,0,33,33,183,1,8,5,16
391,50,-440745167956154322,0,31,31,201,1,7,4,17
392,50,5493254706132871335,0,22,22,182,3,6,4,14
393,50,9110007253430282949,0,27,27,194,2,5,2,13
394,50,3828546001588759930,0,28,28,196,1,3,1,9
395,50,954358573689120937,0,25,25,190,1,3,2,9
396,50,4673329353811134038,0,30,30,187,3,4,2,11
397,50,8951106077823315127,0,36,36,194,4,5,3,10
398,50,-2955788004876631659,0,19,19,187,6,8,6,19
399,50,-3074617922874386725,0,31,31,197,6,4,2,11
400,50,-2069238736506574513,0,28,28,186,1,3,1,8
401,50,5142285657910056386,0,38,38,183,1,4,2,8
402,50,-5718166377548646857,0,37,37,173,2,6,2,16
403,50,-2871135245862434860,0,27,27,184,3,6,4,15
404,50,-5470290219754087517,0,11,11,180,8,5,4,11
405,50,6513239277378205537,0,43,43,186,1,7,4,18
406,50,-1937526650582908692,0,32,32,187,5,10,8,22
407,50,4053606368753870361,0,40,40,175,1,5,3,11
408,50,-8685931211186045961,0,21,21,191,3,7,3,19
409,50,753476599907605441,0,33,33,190,5,10,8,21
410,50,7629449046163267860,0,33,33,189,2,6,3,16
411,50,-7165006901954417628,0,27,27,178,8,2,1,4
412,50,-278983357706912762,0,21,21,201,2,7,4,17
413,50,6679654565873428551,0,23,23,188,6,5,2,14
414,50,-4190755768947603870,0,23,23,189,1,7,3,17
415,50,8738829291820281567,0,28,28,189,3,7,4,15
416,50,-6408956391818137828,0,22,22,189,3,6,4,19
417,50,6080893915112984583,0,16,16,187,2,4,2,14
418,50,8338116970483255134,0,31,31,183,4,2,1,6
419,50,-765449995369154515,0,26,26,189,3,4,1,8
420,50,7206399308001339547,0,30,30,178,4,2,1,8
421,50,-4702905487158716851,0,34,34,181,6,2,1,4
422,50,1597001207848986596,0,38,38,183,2,4,2,10
423,50,-5991885943191703198,0,24,24,171,6,5,3,20
424,50,8732933234154285690,0,32,32,184,1,5,2,15
425,50,-8548631991035879144,0,32,32,197,2,6,4,16
426,50,-8215727050752168029,0,21,21,183,1,4,2,12
427,50,-2619328012761457211,0,32,32,178,3,6,4,17
428,50,182458834583790529,0,39,39,193,1,6,3,13
429,50,-9162346926953260134,0,21,21,196,1,9,6,15
430,50,-1369199353322860385,0,24,24,195,3,7,5,16
431,50,1299309702837331221,0,39,39,189,1,4,2,14
432,50,7441283111589658382,0,33,33,189,7,3,2,8
433,50,-1384188605853914951,0,38,38,196,2,8,4,12
434,50,3640669997955440048,0,33,33,188,5,5,4,11
435,50,7981275472775572993,0,40,40,185,4,2,1,6
436,50,8283764711150764307,0,28,28,184,5,6,6,6
437,50,-2352370805791922799,0,23,23,194,5,5,3,10
438,50,-5147310076202069759,0,8,8,205,1,10,7,22
439,50,-9201325968796251985,0,30,30,185,3,5,3,15
440,50,655144395457361685,0,39,39,180,1,4,2,15
441,50,3908628233485368304,0,40,40,184,5,2,2,2
442,50,4259219119874400913,0,26,26,195,5,3,1,4
443,50,6492006978787436854,0,32,32,176,3,3,2,9
444,50,5824038880760083823,0,32,32,178,4,3,1,8
445,50,4287545667298051289,0,29,29,186,1,9,5,32
446,50,7863954918594178741,0,32,32,189,3,4,2,9
447,50,2259789538798252579,0,33,33,191,2,5,2,6
448,50,-6583220104838502899,0,8,8,189,2,7,4,10
449,50,-8309676404741965054,0,30,30,196,5,4,3,9
450,50,2397235078220737684,0,43,43,187,2,4,2,9
451,50,4699390104985784056,0,28,28,185,4,4,2,12
452,50,-8655620574724659470,0,28,28,183,4,6,4,19
453,50,8012186223757638997,0,15,15,180,4,3,2,5
454,50,2749848532295906474,0,35,35,182,2,4,2,6
455,50,-1013635701383389528,0,24,24,196,4,5,3,9
456,50,7094131107054975154,0,30,30,182,5,3,2,8
457,50,67079307814084979,0,32,32,180,3,8,6,11
458,50,1802229122610337605,0,39,39,187,2,6,4,17
459,50,-2622746272502387171,0,20,20,185,3,2,1,4
460,50,-3949227922422858504,0,39,39,187,1,5,3,12
461,50,-4289042721400056276,0,39,39,180,1,7,5,11
462,50,-7289428355998612725,0,22,22,176,3,4,2,12
463,50,-241695527116750157,0,28,28,180,1,7,4,19
464,50,-6364886391143316223,0,33,33,190,4,7,4,18
465,50,-2273530337300556280,0,29,29,195,1,3,1,8
466,50,-8688392759291413645,0,37,37,185,3,3,1,10
467,50,-6279954669395217222,0,35,35,183,5,5,3,15
468,50,-5304247503455899616,0,29,29,188,4,4,3,13
469,50,708007719791634881,0,26,26,187,2,5,2,13
470,50,505129841863794503,0,34,34,192,1,6,4,11
471,50,1287486904444099063,0,19,19,179,2,7,4,9
472,50,5096072508755630648,0,43,43,179,7,5,3,11
473,50,8742498532144020167,0,17,17,185,1,8,4,19
474,50,-7625610483566936280,0,17,17,191,3,2,1,7
475,50,7380182592402866211,0,31,31,183,1,4,2,8
476,50,-7781326526565967291,0,26,26,186,2,5,3,12
477,50,8945088625879987643,0,34,34,188,1,3,1,7
478,50,7601489115278246922,0,36,36,187,8,3,2,9
479,50,-8388658742111897749,0,42,42,178,1,3,2,9
480,50,8620979480002941139,0,25,25,189,3,6,4,10
481,50,2924365767143193844,0,39,39,191,1,10,6,21
482,50,-1953688382615706189,0,25,25,185,1,6,3,10
483,50,-5771253704239338258,0,40,40,193,1,3,2,8
484,50,-7778348975659547003,0,22,22,181,7,4,3,9
485,50,9190655018936085245,0,24,24,182,4,4,2,12
486,50,4091395485076812097,0,34,34,185,5,5,3,9
487,50,8955899908250686786,0,27,27,197,2,7,5,16
488,50,-3961763867478205808,0,38,38,181,5,6,5,13
489,50,-3767739475351788267,0,35,35,183,3,6,4,18
490,50,-7390507330521440351,0,29,29,196,4,5,3,12
491,50,8271665169127991024,0,26,26,175,4,6,2,18
492,50,691807103339905341,0,46,46,189,6,7,4,16
493,50,6915051682548907437,0,40,40,182,4,3,1,11
494,50,-1214507360614351848,0,43,43,187,3,4,2,7
495,50,2297474915129042164,0,27,27,185,3,5,2,11
496,50,8835966317586977386,0,30,30,182,7,3,2,4
497,50,-1261574111467706642,0,38,38,195,1,4,2,9
498,50,5771867014127409854,0,34,34,183,3,5,3,15
499,50,2215001555593705790,0,32,32,185,3,5,2,11
500,50,1631183689968052234,0,30,30,183,2,6,2,12
501,50,-7895992092184021712,0,11,11,177,2,5,2,9
502,50,1090010200436399870,0,43,43,174,4,7,6,17
503,50,-7666429517588455629,0,37,37,183,5,3,2,7
504,50,-963728968369320800,0,43,43,183,1,5,4,16
505,50,5625747461391298948,0,38,38,201,4,3,1,8
506,50,-6007433476670008808,0,24,24,187,3,8,6,23
507,50,-4943281702996779476,0,26,26,181,3,3,2,9
508,50,-6558658218656286264,0,28,28,179,6,5,4,13
509,50,3468304562144377900,0,35,35,181,2,4,1,8
510,50,-9122018711400068705,0,37,37,193,4,8,5,13
511,50,3167657053855978485,0,24,24,188,3,5,4,7
512,50,4502928103781623471,0,31,31,190,2,3,1,7
513,50,-8479868467629211875,0,26,26,195,1,7,4,13
514,50,-8272831089411465732,0,31,31,190,3,4,1,10
515,50,5528419593055883088,0,21,21,187,8,1,1,1
516,50,-4946096044363225450,0,27,27,195,4,5,2,12
517,50,-6602694869557219196,0,25,25,188,3,3,1,7
518,50,7860098468719243497,0,33,33,190,1,5,3,12
519,50,-4059373647691924880,0,7,7,181,3,5,3,15
520,50,-3422683990109087918,0,37,37,196,2,7,5,17
521,50,2191833176427652414,0,34,34,189,2,5,4,14
522,50,2320977485372998646,0,34,34,181,7,4,3,8
523,50,3372472370515219838,0,26,26,180,2,7,4,17
524,50,9196961642534035407,0,31,31,187,1,3,1,7
525,50,-4174276368278457506,0,36,36,192,8,2,1,6
526,50,-1490086673694351609,0,42,42,193,2,4,2,10
527,50,3359944516664099096,0,21,21,183,3,3,2,9
528,50,-1519119564038422904,0,35,35,182,2,2,1,6
529,50,-449277456985955157,0,37,37,184,4,3,2,7
530,50,6780643421540107987,0,29,29,186,3,5,2,10
531,50,5924391909141584077,0,28,28,193,1,13,10,29
532,50,8585930323063154705,0,32,32,185,3,3,2,8
533,50,-3009956243572934369,0,38,38,181,2,5,2,15
534,50,3993718459332363111,0,30,30,179,3,3,1,9
535,50,4606419796508958114,0,36,36,190,2,4,2,14
536,50,7622991739202647438,0,31,31,181,2,5,1,15
537,50,5915879600702503273,0,26,26,194,2,4,2,7
538,50,-6349218183755991390,0,23,23,188,3,5,2,7
539,50,-9086540292151381872,0,25,25,183,8,2,1,6
540,50,-3007621923965492423,0,36,36,186,6,5,4,12
541,50,2020590165834619244,0,35,35,177,6,2,1,2
542,50,4341795819650122423,0,8,8,184,2,4,2,11
543,50,7047391059534322947,0,39,39,181,3,7,4,17
544,50,-2565509465519120673,0,16,16,194,3,3,2,9
545,50,-8653051245477401922,0,30,30,194,2,5,2,13
546,50,-8379104972864094035,0,2,2,186,1,10,7,23
547,50,1982502622682297180,0,24,24,198,2,9,4,24
548,50,-1158146048972036508,0,41,41,182,4,4,2,9
549,50,1716943521475895082,0,34,34,197,2,4,2,7
550,50,-6912001651674790174,0,32,32,187,3,3,1,5
551,50,-5859909968547040400,0,32,32,186,3,3,1,7
552,50,2257743539211220538,0,26,26,194,1,7,4,17
553,50,3900783325912324910,0,40,40,187,3,4,2,9
554,50,-1134117603461365884,0,24,24,197,1,6,4,13
555,50,-2064035397229263096,0,13,13,186,2,11,8,30
556,50,1624125300673906670,0,28,28,196,2,6,4,13
557,50,-8812065308697732994,0,28,28,183,3,7,4,16
558,50,-5780653784626049257,0,28,28,191,3,6,3,12
559,50,-6183573279048922017,0,26,26,190,1,8,5,22
560,50,-1712187466088734564,0,32,32,181,1,5,2,17
561,50,-4175816567338788737,0,36,36,194,3,4,1,11
562,50,2883006854819662578,0,32,32,182,2,5,3,6
563,50,-2538731276127981401,0,47,47,187,2,5,3,15
564,50,9138127877884768117,0,43,43,191,1,3,1,10
565,50,-6265045117529938228,0,34,34,189,1,5,3,17
566,50,-3856577742269202495,0,28,28,185,5,6,4,18
567,50,-8703444824833926524,0,26,26,178,1,8,3,22
568,50,-852699686322455488,0,30,30,188,5,6,5,14
569,50,2343581861657226165,0,36,36,176,3,3,2,7
570,50,-5948030483708983292,0,37,37,186,2,4,3,10
571,50,5768996791695729807,0,41,41,201,4,9,6,23
572,50,-729263075550616105,0,36,36,185,2,5,3,13
573,50,-7371227935676969285,0,37,37,187,8,5,4,16
574,50,3353965954389095055,0,37,37,185,1,7,4,15
575,50,5186073235412707284,0,25,25,180,6,3,2,8
576,50,-3920871824556724059,0,35,35,189,1,4,1,9
577,50,6158644969080056086,0,33,33,181,5,4,2,7
578,50,-8563106058492724984,0,31,31,187,3,3,1,5
579,50,7419094898876356180,0,22,22,185,4,2,1,4
580,50,8895267235172984111,0,29,29,185,5,4,2,11
581,50,-8363620574915098577,0,26,26,188,1,10,6,22
582,50,5258381791508727405,0,42,42,184,3,5,3,17
583,50,4687353338123085188,0,37,37,188,5,3,2,4
584,50,4542484101697404552,0,31,31,178,7,4,3,12
585,50,5950062684538421286,0,33,33,190,1,6,2,16
586,50,-6719756618498863733,0,32,32,194,2,6,5,15
587,50,617350330728548556,0,32,32,196,1,8,4,16
588,50,1238229920545614043,0,22,22,180,4,6,4,17
589,50,5490973947136200269,0,22,22,177,4,6,2,10
590,50,-1716042895111245945,0,4,4,204,2,9,5,19
591,50,-3996769956044063734,0,28,28,192,4,5,3,11
592,50,3993520891512639460,0,25,25,186,2,3,2,9
593,50,166748145512450986,0,34,34,184,4,4,2,11
594,50,9058053103947821657,0,29,29,184,2,4,2,13
595,50,-2462161291655913972,0,30,30,192,4,4,2,12
596,50,5778042927352741239,0,31,31,183,3,3,1,10
597,50,7470778025340776313,0,40,40,184,1,7,3,16
598,50,-922914274036021428,0,26,26,189,1,4,2,7
599,50,1880401453447469849,0,38,38,186,2,6,3,18
600,50,4965927256785733624,0,38,38,175,1,7,5,13
601,50,7797723438811046312,0,23,23,187,2,3,1,7
602,50,2536152855971783040,0,34,34,169,1,7,4,21
603,50,-6374297127422597271,0,29,29,177,6,4,3,11
604,50,-7666589740181892894,0,15,15,183,2,10,6,28
605,50,-5008688377284813478,0,33,33,194,4,6,4,20
606,50,-8778520098460427160,0,34,34,190,4,4,2,10
607,50,-5107018797172291160,0,24,24,203,1,8,4,15
608,50,2562834987466167105,0,26,26,185,1,8,5,24
609,50,-5808763365851307163,0,33,33,183,2,3,1,11
610,50,4153853966842032717,0,26,26,179,3,3,2,3
611,50,5680031095572755831,0,43,43,185,3,6,4,14
612,50,-2924816978135219657,0,23,23,182,2,5,3,13
613,50,6686015133283433683,0,45,45,183,1,6,3,18
614,50,-7679288335379758392,0,20,20,196,1,11,7,24
615,50,-2747723841879853589,0,32,32,180,1,5,2,11
616,50,4358325120334329722,0,31,31,184,2,7,5,20
617,50,-1129544715355091611,0,29,29,196,1,7,3,13
618,50,-8409524851261757108,0,35,35,193,2,4,3,16
619,50,6427127429581613068,0,30,30,193,1,4,2,12
620,50,8236277473930342868,0,24,24,189,4,2,1,5
621,50,2848785449183786507,0,21,21,179,4,6,5,13
622,50,8626997488584336282,0,23,23,181,2,4,2,13
623,50,-7308515258248018600,0,37,37,179,5,2,1,7
624,50,-6722911480423832670,0,24,24,179,4,5,3,15
625,50,-7856483833668040851,0,39,39,190,2,7,4,17
626,50,8978738451720472650,0,29,29,183,1,4,2,9
627,50,-6265477635242770883,0,39,39,175,4,6,3,18
628,50,-9097117299982184106,0,10,10,184,6,4,2,8
629,50,5339019673633817701,0,21,21,186,3,7,4,13
630,50,-502036819416806071,0,27,27,191,2,3,2,7
631,50,1561971706495820962,0,27,27,192,5,2,2,4
632,50,4227131803367833590,0,36,36,190,3,4,2,8
633,50,6488321475945100419,0,25,25,204,6,3,1,6
634,50,3716572881105624661,0,29,29,184,4,3,1,9
635,50,-5494099562871396769,0,30,30,179,3,8,5,18
636,50,-7839981341878619238,0,37,37,181,3,7,5,15
637,50,-6229012718151743864,0,26,26,197,3,5,3,9
638,50,-2978443752059747453,0,23,23,189,1,6,3,14
639,50,-7640069707987232832,0,35,35,189,1,5,3,10
640,50,-189984639016206863,0,44,44,194,1,7,3,15
641,50,4946257041899733739,0,31,31,201,4,4,2,6
642,50,8138681787831965626,0,35,35,185,3,5,3,15
643,50,-7623752017310806522,0,12,12,183,1,4,1,6
644,50,-4224969475637896003,0,34,34,188,4,4,2,12
645,50,204985370822053463,0,20,20,176,5,1,1,5
646,50,-4194619193996013770,0,39,39,184,7,4,3,8
647,50,8490203674349717990,0,39,39,191,2,8,5,16
648,50,-8638696633206347694,0,18,18,179,4,7,4,18
649,50,4835106508989037611,0,32,32,189,6,4,2,10
650,50,6648830967865822725,0,34,34,179,7,2,1,6
651,50,-5700860634815221240,0,41,41,187,3,4,3,9
652,50,-6575713810337443301,0,29,29,182,1,5,1,13
653,50,619190220508180728,0,41,41,191,3,4,3,9
654,50,7301667116721720973,0,25,25,189,3,6,3,13
655,50,8242008095891398025,0,20,20,180,2,2,1,7
656,50,7635364343554618133,0,30,30,184,2,3,1,10
657,50,2025685544460719367,0,20,20,199,2,6,3,16
658,50,-4329622861373073404,0,36,36,181,7,1,1,3
659,50,-5438836071455871367,0,19,19,191,4,6,3,16
660,50,6210266950577433171,0,23,23,191,3,6,4,8
661,50,-737200404888611119,0,35,35,187,2,6,3,15
662,50,-4878756662982392585,0,21,21,179,1,6,4,16
663,50,8920886268423552094,0,38,38,191,2,5,3,8
664,50,-2324307382672929928,0,36,36,183,3,6,4,22
665,50,1954913086004804997,0,31,31,199,1,8,5,13
666,50,-7932264662440699452,0,29,29,187,1,5,3,11
667,50,5198551810820542127,0,31,31,180,4,4,3,9
668,50,-2257887682256921280,0,33,33,173,3,4,3,6
669,50,5626471401692564357,0,44,44,179,2,5,3,10
670,50,2697373206631541535,0,37,37,181,5,4,2,9
671,50,5441517379930580826,0,40,40,184,7,3,2,3
672,50,-1168719844135278601,0,29,29,187,5,4,1,5
673,50,6991120936320905449,0,7,7,191,1,7,4,14
674,50,8557586989733303441,0,39,39,196,2,7,2,14
675,50,-5638650774096782017,0,34,34,178,5,4,3,14
676,50,-6400752778337954816,0,34,34,197,8,2,1,6
677,50,-4240623976175989254,0,26,26,190,3,6,4,15
678,50,-3937985564545138956,0,40,40,185,7,3,1,9
679,50,5294667334917359283,0,32,32,196,1,5,3,11
680,50,1600794599869634639,0,29,29,186,5,7,5,14
681,50,-1153470376203876936,0,21,21,199,1,5,2,13
682,50,793572195422091000,0,30,30,188,1,6,3,14
683,50,3057293731646731262,0,38,38,176,2,5,3,10
684,50,7186387117676820719,0,30,30,187,4,6,4,17
685,50,-8832646481396522923,0,36,36,188,3,3,1,10
686,50,573150642495198114,0,29,29,188,2,4,2,7
687,50,-8542329088232195619,0,27,27,182,1,4,1,7
688,50,-937582461077236354,0,40,40,182,1,7,5,19
689,50,-3763007203866378824,0,34,34,184,7,3,2,7
690,50,-1665919282313794360,0,40,40,188,1,5,3,12
691,50,-4103793045378020352,0,30,30,190,1,5,2,9
692,50,3789201073447339948,0,36,36,194,5,4,3,7
693,50,5756727727777323003,0,34,34,184,1,7,3,20
694,50,8238891411495018902,0,31,31,171,3,10,7,21
695,50,-1635595208993380467,0,25,25,183,2,4,2,8
696,50,-6164135865759968832,0,38,38,193,2,3,1,6
697,50,-4100362900003531282,0,29,29,172,4,7,4,18
698,50,9125143586066968331,0,18,18,202,3,5,3,9
699,50,2191588464847179164,0,19,19,180,3,3,1,11
700,50,-8322353781072388845,0,25,25,183,1,5,2,12
701,50,3281640547462770065,0,41,41,187,1,7,4,16
702,50,3892692370344515197,0,27,27,176,2,5,3,18
703,50,-7399693291743179336,0,27,27,200,1,4,1,10
704,50,-1610791526232962926,0,25,25,191,1,6,5,15
705,50,-2927663709528615267,0,10,10,196,1,5,1,9
706,50,-7281611839672380399,0,33,33,191,1,5,3,10
707,50,1583135794432778340,0,21,21,189,3,2,1,7
708,50,1674279721760311104,0,0,0,184,2,6,3,16
709,50,-6082288165486424836,0,30,30,181,2,7,4,20
710,50,1917131537105642820,0,26,26,195,3,7,4,21
711,50,-7530555278359391852,0,17,17,178,1,8,6,21
712,50,-4672151539449229646,0,31,31,188,4,8,5,19
713,50,555994956041708365,0,47,47,194,8,7,6,16
714,50,-858479477806375067,0,34,34,181,1,6,3,21
715,50,9079781933193493296,0,40,40,194,1,3,1,6
716,50,-2082298428142365295,0,39,39,189,3,4,3,12
717,50,-2631853359219137183,0,23,23,189,4,2,1,6
718,50,8272108122645894680,0,27,27,179,1,7,5,14
719,50,-1804644792757170283,0,37,37,187,2,3,1,7
720,50,-5064672959663660516,0,35,35,194,1,6,3,12
721,50,7219511737277237953,0,30,30,185,2,3,1,10
722,50,3101419038066758100,0,14,14,189,3,7,5,18
723,50,7377788135683617811,0,19,19,185,2,4,2,11
724,50,6970640389417347235,0,31,31,184,1,6,4,10
725,50,-8098276914537826011,0,35,35,178,2,5,3,10
726,50,-6784287251333163418,0,29,29,189,1,5,4,7
727,50,-8341414928140162192,0,42,42,197,1,8,3,18
728,50,-193981059351578099,0,39,39,179,2,6,4,15
729,50,8525489991394072318,0,28,28,178,2,4,2,9
730,50,829276838110460268,0,5,5,179,1,5,2,10
731,50,6109414502816862307,0,30,30,192,2,4,2,8
732,50,717373498097271379,0,25,25,185,3,6,3,16
733,50,-8219475623683346963,0,33,33,185,2,7,5,18
734,50,1611192206832666843,0,31,31,180,2,5,3,10
735,50,-7515601645813833702,0,38,38,180,6,4,2,8
736,50,4616027628173645570,0,14,14,180,4,4,2,13
737,50,3159937691045338442,0,25,25,185,5,5,3,11
738,50,704969445051236730,0,14,14,184,3,4,2,8
739,50,-4219457174414863179,0,24,24,180,4,3,2,6
740,50,-4555937777064946243,0,28,28,199,5,3,2,7
741,50,-5681405390757585762,0,40,40,200,1,6,4,11
742,50,-2630460332156054172,0,37,37,183,1,3,1,5
743,50,-4114903090789658680,0,43,43,183,1,12,9,30
744,50,-2330373555703934279,0,14,14,176,3,5,3,9
745,50,4673908465503604265,0,23,23,188,3,4,1,10
746,50,4578111394877702794,0,30,30,195,2,3,1,8
747,50,-6957574278587181859,0,42,42,175,8,3,2,7
748,50,4003786049401558848,0,29,29,181,5,2,1,5
749,50,3592986233089040733,0,30,30,182,1,6,4,12
750,50,2419619277793114415,0,26,26,190,1,5,1,18
751,50,-8792027644306631696,0,33,33,183,4,3,1,9
752,50,-9189503949451792338,0,37,37,182,1,6,4,14
753,50,-8790022744064735904,0,30,30,200,2,4,2,6
754,50,7527975708339589738,0,9,9,187,2,7,5,10
755,50,-8827203254327786511,0,39,39,192,1,4,2,10
756,50,-911420653835056009,0,31,31,192,2,5,3,10
757,50,-8047784705244206194,0,23,23,180,7,1,1,2
758,50,6851519547912541863,0,20,20,189,5,2,1,8
759,50,6497175321026858309,0,29,29,183,3,4,1,10
760,50,-1781767952397210721,0,36,36,188,1,8,5,15
761,50,-7194196643684967947,0,32,32,185,1,10,7,18
762,50,-6924096408651377626,0,36,36,191,1,9,7,22
763,50,3188143530024043590,0,21,21,176,4,5,3,16
764,50,-5097771795945448384,0,28,28,189,8,3,3,9
765,50,-2879779816402793000,0,34,34,181,2,6,3,15
766,50,-1512512430590179973,0,31,31,179,3,6,4,16
767,50,-137734319784184898,0,38,38,186,1,5,2,12
768,50,-97253082904982904,0,36,36,181,3,2,1,5
769,50,-130114716305478099,0,30,30,181,3,4,1,11
770,50,-2290761710654142452,0,35,35,192,4,2,1,4
771,50,2239006509502019440,0,40,40,182,1,5,3,9
772,50,8651133502603861688,0,28,28,191,1,8,5,14
773,50,3903283307883040287,0,34,34,179,3,4,2,13
774,50,3577880227487621783,0,18,18,180,1,3,1,8
775,50,-5093040269901207921,0,30,30,185,3,7,5,16
776,50,4107852913113443238,0,24,24,190,1,4,2,12
777,50,8225596696272879500,0,29,29,193,1,5,3,14
778,50,-8853890235031118935,0,24,24,188,1,3,2,11
779,50,-7173034446263890363,0,18,18,177,7,5,3,9
780,50,-76374265160749764,0,14,14,184,2,7,6,11
781,50,1988824082467927431,0,28,28,191,4,2,1,5
782,50,-1962233599402074073,0,35,35,186,2,8,5,18
783,50,-4913695286534046674,0,24,24,183,1,5,3,16
784,50,-4594394905922447625,0,39,39,181,1,7,4,13
785,50,4222444361552426711,0,12,12,187,1,8,3,22
786,50,5911613344523860425,0,38,38,189,3,4,3,5
787,50,8271804960806803674,0,31,31,180,7,4,2,6
788,50,1320267479660524136,0,21,21,186,1,4,1,16
789,50,7194103254041518199,0,31,31,191,1,6,4,11
790,50,-4026641994589874790,0,31,31,189,4,6,4,17
791,50,-8764551643818143154,0,36,36,186,1,3,1,7
792,50,2596527542970092982,0,47,47,183,4,7,5,22
793,50,-6826919594218997740,0,25,25,181,1,3,2,7
794,50,-4823079973850850694,0,44,44,177,2,3,1,8
795,50,489730088253757059,0,23,23,176,8,2,2,4
796,50,-5773421119804311013,0,13,13,193,2,3,1,8
797,50,4155261230267338386,0,28,28,192,4,4,2,11
798,50,-330164777305796708,0,38,38,185,8,1,1,5
799,50,-6256768559648825882,0,45,45,188,1,6,4,13
800,50,8633697779525851747,0,29,29,184,1,6,3,22
801,50,-5481153512862682489,0,42,42,180,5,6,3,19
802,50,-9217557798315830520,0,39,39,183,3,2,1,5
803,50,-1416435549025876521,0,30,30,193,4,9,5,19
804,50,-7878232968117780112,0,30,30,190,1,2,1,7
805,50,-5580272034045529409,0,23,23,188,2,5,3,9
806,50,-2114092845510090726,0,24,24,201,1,3,2,8
807,50,7008773506911189802,0,28,28,184,5,5,3,9
808,50,1249416590871421112,0,27,27,185,1,5,2,13
809,50,5525289587461976246,0,34,34,189,5,4,2,15
810,50,-5720267782895475199,0,26,26,188,1,4,3,13
811,50,-4979661588885277527,0,27,27,190,2,5,1,14
812,50,5218731115621893829,0,33,33,189,4,4,2,10
813,50,6475334729444770593,0,39,39,190,2,8,5,16
814,50,997950650801794625,0,15,15,195,1,3,1,6
815,50,-2441883868180677233,0,38,38,178,1,6,3,13
816,50,6406274821311802804,0,35,35,182,2,7,4,22
817,50,-4738992337090729883,0,29,29,187,3,8,5,21
818,50,-2330831161671281871,0,40,40,186,2,4,3,6
819,50,460802687263215630,0,34,34,196,1,5,2,14
820,50,7564158801102363063,0,29,29,183,2,3,1,11
821,50,2648120257888651550,0,25,25,195,2,6,3,7
822,50,-4532208821077834114,0,28,28,180,2,5,2,11
823,50,4043394766966587338,0,15,15,190,5,3,1,6
824,50,6646346769445488531,0,5,5,189,1,5,2,15
825,50,-4775130822827210086,0,21,21,205,1,9,6,19
826,50,166594811644143527,0,41,41,193,5,7,6,22
827,50,-6505933228395760548,0,40,40,195,6,2,2,4
828,50,-4554272596639978718,0,37,37,194,7,1,1,2
829,50,-8652608511541776036,0,41,41,185,6,2,1,6
830,50,-132218690150864258,0,38,38,195,1,6,3,11
831,50,7003117984512308177,0,14,14,189,3,4,2,11
832,50,1512063312311877075,0,33,33,180,2,8,6,18
833,50,7110199232971985817,0,31,31,189,4,5,3,8
834,50,2624218924945329581,0,32,32,183,8,2,2,6
835,50,-5795661303037149911,0,25,25,184,3,3,1,5
836,50,9204180384875420965,0,36,36,193,2,6,2,8
837,50,-6334501830604252226,0,33,33,181,1,7,4,23
838,50,3480148326006513967,0,35,35,205,5,4,3,12
839,50,-7469441834072739112,0,29,29,185,3,4,2,10
840,50,-7791341947657881297,0,34,34,191,3,9,6,25
841,50,6208533372828539624,0,36,36,200,2,3,2,10
842,50,2736270323286269138,0,32,32,181,2,5,3,16
843,50,-2953661748661283513,0,15,15,194,2,3,1,5
844,50,-4840264240840944869,0,22,22,190,6,4,2,9
845,50,-2433187147262170262,0,40,40,186,1,4,3,8
846,50,-2625617452749781316,0,29,29,178,6,3,2,7
847,50,2972901159648906580,0,20,20,181,1,3,1,11
848,50,-9115585146415477849,0,33,33,192,1,8,4,24
849,50,-8474167496347032757,0,42,42,185,3,6,4,20
850,50,324834713615739363,0,15,15,184,6,4,2,7
851,50,1179732107970774734,0,29,29,190,6,2,1,6
852,50,-2283476506104036957,0,27,27,180,4,6,4,15
853,50,618605415004559045,0,32,32,179,2,3,2,5
854,50,-1116525566358037357,0,33,33,175,1,5,3,16
855,50,-9157767488421831942,0,25,25,199,4,5,2,14
856,50,-6504065248216170379,0,38,38,175,1,5,2,13
857,50,1402250684060756679,0,47,47,180,1,5,3,14
858,50,8166243931981911788,0,24,24,188,2,3,1,7
859,50,-6357000498665043183,0,35,35,189,5,4,1,11
860,50,-4271185767796932968,0,29,29,183,1,5,2,13
861,50,7020514506693261172,0,30,30,181,1,3,1,8
862,50,-6541761074080704158,0,30,30,193,3,4,2,10
863,50,-2292601268234007873,0,26,26,178,1,3,1,10
864,50,7411278621617810456,0,42,42,184,1,10,7,25
865,50,-408510961777870174,0,4,4,190,2,7,5,16
866,50,-5356899636786748613,0,38,38,184,3,7,5,17
867,50,3613240337070889638,0,42,42,185,4,6,4,15
868,50,-6903427084377763561,0,46,46,187,2,2,1,7
869,50,-3125043248384468388,0,19,19,187,2,2,1,6
870,50,-808187802581370604,0,40,40,183,9,5,5,9
871,50,3855847289713324761,0,30,30,184,2,4,2,11
872,50,8154599158035840076,0,43,43,183,1,6,4,18
873,50,2536057287361656673,0,33,33,183,6,3,2,8
874,50,2713352589099154269,0,48,48,190,2,4,2,14
875,50,121986182723566945,0,39,39,186,3,7,4,16
876,50,492120859338080639,0,19,19,191,2,5,3,12
877,50,932965167853211554,0,32,32,181,2,8,5,21
878,50,2749490683366280408,0,22,22,194,2,2,1,5
879,50,-1835400132900085572,0,34,34,184,4,8,5,16
880,50,-544532904998189042,0,36,36,182,3,4,3,7
881,50,-6917033186577616696,0,37,37,184,3,6,4,12
882,50,-6676749848310281954,0,43,43,181,2,6,4,18
883,50,504570887083367000,0,40,40,190,3,2,1,7
884,50,-7546766209561466516,0,44,44,186,6,4,2,12
885,50,-5613479591278085461,0,27,27,183,2,2,1,3
886,50,-333886308814157030,0,32,32,187,3,5,3,10
887,50,-7872283810477020899,0,29,29,195,4,3,1,6
888,50,4889644907610627996,0,26,26,180,8,3,2,5
889,50,599548626099171804,0,38,38,187,5,6,3,24
890,50,-979640624624254068,0,21,21,179,5,5,3,11
891,50,5155796667806582752,0,31,31,189,1,4,3,7
892,50,2476665614246085562,0,38,38,188,5,4,3,8
893,50,-8027088702960836068,0,28,28,191,3,3,1,5
894,50,7649995767197802375,0,36,36,189,5,4,2,7
895,50,1747196730047461361,0,15,15,194,1,9,5,23
896,50,8477188296496929906,0,31,31,190,2,9,6,21
897,50,-5808987217060802333,0,35,35,189,1,2,1,5
898,50,-2457112558039695629,0,22,22,193,3,3,1,5
899,50,5965616054099352462,0,17,17,182,4,2,1,6
900,50,6848939474762382471,0,38,38,177,6,3,1,5
901,50,-6601415996160262182,0,37,37,185,1,5,3,12
902,50,-68922840897209588,0,44,44,180,3,2,1,6
903,50,7159214853873655917,0,27,27,181,1,3,1,9
904,50,-4657349968775368370,0,36,36,184,9,5,5,7
905,50,-3350441459732316319,0,36,36,182,1,7,5,20
906,50,8131148341427371233,0,36,36,176,4,10,7,24
907,50,6825586665887939126,0,41,41,191,2,2,1,7
908,50,8879440991739560240,0,36,36,196,5,2,1,5
909,50,4550691673206935818,0,27,27,184,1,5,2,14
910,50,5450552045637821398,0,31,31,185,5,8,7,18
911,50,-3287025016480240377,0,19,19,185,3,4,2,7
912,50,8346174039730944556,0,21,21,185,7,6,4,10
913,50,1273047588930411036,0,42,42,177,5,14,11,35
914,50,-4418513396402947038,0,20,20,182,2,8,5,19
915,50,-791457963442133010,0,37,37,195,1,9,5,17
916,50,1942771417557356626,0,22,22,197,2,5,2,9
917,50,-4358639224225929711,0,27,27,187,7,4,2,12
918,50,111621447588283730,0,44,44,182,3,7,6,13
919,50,3916994937685176178,0,28,28,197,4,5,3,12
920,50,-6367999184089887671,0,32,32,180,7,3,2,8
921,50,-2274042634679846632,0,26,26,179,4,4,3,12
922,50,1778144181136820420,0,30,30,192,1,6,3,16
923,50,6456304274742237195,0,22,22,181,1,5,2,14
924,50,-7588905468831430198,0,32,32,181,1,6,3,16
925,50,-5917230197456325997,0,30,30,182,3,3,1,11
926,50,-7314044793876955091,0,44,44,202,3,7,4,20
927,50,-5060935943969533787,0,27,27,190,2,6,3,14
928,50,5862586573937673762,0,25,25,193,1,9,4,21
929,50,-6548096243369410662,0,32,32,190,2,5,3,10
930,50,6713037904953920532,0,41,41,188,1,7,4,11
931,50,1427301075538689314,0,27,27,181,5,2,1,4
932,50,-8532264004061675852,0,45,45,199,2,12,8,23
933,50,-2006012116514529929,0,14,14,185,1,7,4,20
934,50,-5840885685564491180,0,32,32,188,1,3,1,10
935,50,3913393184130638037,0,30,30,196,1,5,2,12
936,50,1905907169395285877,0,27,27,176,3,3,1,6
937,50,-4454314930156213208,0,39,39,181,4,3,2,6
938,50,3292537267123379358,0,33,33,188,5,3,2,11
939,50,4829725669912975623,0,30,30,183,3,5,1,16
940,50,85444404320780654,0,22,22,177,7,3,2,9
941,50,-8851982633404624671,0,37,37,186,5,4,1,10
942,50,6631728651434028788,0,24,24,179,2,3,2,11
943,50,-4417045326521047179,0,26,26,189,2,6,4,18
944,50,5881705996884769086,0,39,39,197,3,2,1,7
945,50,-3608538843761088377,0,34,34,191,1,3,1,11
946,50,78766780709244463,0,28,28,196,5,8,5,16
947,50,-6351966363755492144,0,25,25,189,2,5,2,14
948,50,-2382334886316001899,0,42,42,193,1,9,5,24
949,50,-5708967194040972747,0,34,34,191,3,3,2,6
950,50,6484214771448348283,0,37,37,180,5,1,1,4
951,50,-9118891025772547268,0,30,30,184,4,2,1,2
952,50,-5761906694678565446,0,15,15,192,2,5,3,12
953,50,-7461376367919392325,0,33,33,181,8,3,3,9
954,50,2766036825642385878,0,13,13,190,1,5,2,7
955,50,-8447980701651293999,0,36,36,184,2,4,2,13
956,50,4403096252583174150,0,31,31,192,5,5,3,11
957,50,143774754669439514,0,41,41,185,1,6,1,10
958,50,-6641775465730408812,0,37,37,185,1,5,3,16
959,50,-455879772917634531,0,18,18,196,5,4,3,11
960,50,-2160276858021289881,0,26,26,182,1,3,1,8
961,50,-2888376958802956279,0,25,25,193,1,3,2,13
962,50,-7088795349768948258,0,35,35,180,6,3,2,7
963,50,-1633618206112039775,0,20,20,190,1,5,3,14
964,50,-1752422861594364194,0,34,34,178,3,4,2,11
965,50,-5505120117921741709,0,20,20,193,2,4,2,10
966,50,-3347739301918488018,0,38,38,184,2,5,2,11
967,50,-9012619734774884017,0,31,31,183,2,5,2,13
968,50,323256161141984769,0,28,28,197,4,3,1,12
969,50,-7785039618417985801,0,38,38,194,4,5,3,16
970,50,835429443500234196,0,32,32,193,3,6,4,19
971,50,-7860557026053019885,0,40,40,195,1,7,3,19
972,50,4214623409899794810,0,32,32,186,1,5,3,8
973,50,-6293545936533688217,0,34,34,182,3,6,3,11
974,50,-8819186011205643916,0,21,21,181,3,6,4,11
975,50,-8284106416513448633,0,31,31,174,6,3,2,9
976,50,-8649246020755628922,0,33,33,191,2,3,1,8
977,50,-6232834317051517623,0,33,33,191,3,6,4,10
978,50,5291590041945213574,0,28,28,180,4,6,4,13
979,50,2153692596343432764,0,31,31,192,4,8,5,17
980,50,-761921353558337418,0,30,30,191,8,2,2,4
981,50,-3329607183727716263,0,33,33,187,4,5,3,13
982,50,-8147288770007275051,0,27,27,191,2,4,2,17
983,50,-3677107538178786888,0,32,32,186,6,3,2,7
984,50,3047758408352983857,0,14,14,187,2,3,1,4
985,50,-19097507581317883,0,30,30,193,8,3,2,7
986,50,5845874269021112833,0,30,30,192,4,3,1,9
987,50,-2421894982000957581,0,33,33,195,5,6,4,14
988,50,-2894943087567104591,0,35,35,190,3,4,2,11
989,50,-6326687444997273105,0,32,32,192,7,3,2,5
990,50,-6906504183536083459,0,32,32,186,9,1,1,4
991,50,-7515308229624325735,0,32,32,176,4,5,3,11
992,50,-582016864485956991,0,34,34,187,2,3,2,8
993,50,5146392891201211247,0,43,43,187,2,7,5,19
994,50,-8655563619588036719,0,29,29,193,1,4,2,11
995,50,5156644492374579019,0,23,23,185,2,6,3,12
996,50,1439506133565719622,0,31,31,179,4,2,1,3
997,50,-5227798666547100145,0,31,31,197,1,12,8,28
998,50,-4802585894114460200,0,25,25,188,1,5,2,13
999,50,-856790661613719778,0,28,28,179,5,10,8,24
1000,50,-8799678523336260557,0,23,23,194,2,5,2,13
1001,50,6732626489464199437,0,20,20,171,7,2,1,3
1002,50,-6383693105471872061,0,33,33,196,1,4,1,6
1003,50,6942090501196132762,0,37,37,181,2,8,4,20
1004,50,-1456245903900049261,0,21,21,197,2,5,3,16
1005,50,8001095623539871964,0,41,41,190,1,11,8,24
1006,50,-4528614177208504683,0,32,32,183,7,5,4,13
1007,50,3232519856667130812,0,33,33,204,3,5,3,11
1008,50,-3070947293332735165,0,37,37,192,4,3,1,7
1009,50,-6227264637878675037,0,33,33,188,1,4,3,6
1010,50,-4099688373389263770,0,33,33,198,2,5,2,14
1011,50,3799484143829062004,0,41,41,173,5,7,4,22
1012,50,546388151987976244,0,32,32,177,3,5,2,14
1013,50,-5425503919016869444,0,23,23,191,1,5,2,18
1014,50,-7334280756767425888,0,26,26,187,4,7,5,14
1015,50,-1487854572836370392,0,24,24,191,4,3,2,5
1016,50,-7921350234834654226,0,36,36,179,8,1,1,4
1017,50,1345322954173795383,0,21,21,184,2,3,1,5
1018,50,5051020601252199557,0,33,33,184,4,7,5,14
1019,50,7825883824679633199,0,36,36,176,3,4,3,12
1020,50,6342553262767372808,0,38,38,181,3,8,4,19
1021,50,-1114382013210406060,0,21,21,205,1,5,2,12
1022,50,2457785799934845350,0,39,39,189,2,3,1,6
1023,50,2640078587250963543,0,23,23,169,6,2,2,10
1024,50,-7213723181893663823,0,30,30,191,5,8,6,19
1025,50,6980571961143556877,0,25,25,187,9,3,3,7
1026,50,-7552120598419452819,0,24,24,182,5,6,4,15
1027,50,8145965926271322720,0,10,10,186,3,9,5,18
1028,50,-7767888153162758614,0,12,12,198,1,6,3,11
1029,50,-8373528675032075382,0,26,26,192,5,10,8,21
1030,50,-5867165717251741547,0,22,22,200,7,6,4,15
1031,50,7017196028105623423,0,26,26,192,2,6,4,10
1032,50,981637865570421066,0,25,25,186,2,5,4,7
1033,50,2833964429510609834,0,22,22,185,2,3,2,6
1034,50,3439171565144588716,0,35,35,178,2,6,4,18
1035,50,-3951819986674661924,0,23,23,183,1,11,7,27
1036,50,-6567437160864293383,0,22,22,173,2,6,3,11
1037,50,1986119578363253633,0,29,29,194,3,5,3,14
1038,50,-4740795767239644776,0,34,34,197,3,5,3,14
1039,50,3013847871405572116,0,38,38,182,5,2,1,6
1040,50,3534125156674628789,0,24,24,179,1,3,1,10
1041,50,-8213677231885578540,0,29,29,177,6,2,2,4
1042,50,1894384132857736975,0,22,22,188,1,5,3,14
1043,50,-7536098237957035081,0,26,26,179,3,8,6,20
1044,50,-8232834124708441072,0,37,37,185,3,7,6,16
1045,50,-5756235941824694369,0,34,34,192,2,7,5,21
1046,50,7024329728420815901,0,26,26,185,4,4,2,9
1047,50,-7006579475619093557,0,32,32,170,1,3,1,12
1048,50,1277973419003008815,0,27,27,185,1,5,3,14
1049,50,-7718040004484706161,0,27,27,190,4,4,1,11
1050,50,-1272330123340450654,0,39,39,176,2,3,1,7
1051,50,6956968685859447623,0,39,39,183,5,3,3,5
1052,50,-6476810758797419444,0,16,16,200,1,5,2,9
1053,50,149398515905677193,0,20,20,179,1,9,6,30
1054,50,4698909214634003665,0,33,33,192,9,2,2,2
1055,50,-8606922568908566631,0,40,40,179,3,6,3,15
1056,50,-6952420270146356426,0,24,24,173,3,5,2,17
1057,50,-6245539228022167519,0,42,42,179,2,6,4,15
1058,50,3295862173771206579,0,27,27,188,2,5,4,9
1059,50,-8870121851557014751,0,33,33,194,2,4,2,6
1060,50,3557355491176045516,0,13,13,181,4,5,3,14
1061,50,8525540962409209380,0,30,30,201,3,7,3,15
1062,50,7160397908874648994,0,26,26,182,4,7,5,14
1063,50,7286824065203537843,0,36,36,183,2,4,2,11
1064,50,-7959212594357836666,0,17,17,189,3,7,5,18
1065,50,-6431258457189857266,0,36,36,174,1,8,4,20
1066,50,5268970803393915598,0,43,43,182,2,5,3,8
1067,50,1538566038767874329,0,32,32,195,4,5,4,13
1068,50,-6281129708932056852,0,34,34,191,5,4,3,10
1069,50,3578951060319885716,0,24,24,199,1,9,6,23
1070,50,1104480544257746363,0,5,5,178,6,2,1,2
1071,50,4467729507565012879,0,41,41,189,3,4,2,13
1072,50,8865665732806019100,0,43,43,190,1,4,2,12
1073,50,-7234692759496225252,0,40,40,178,2,7,5,19
1074,50,-3731411600496611903,0,20,20,174,5,1,1,5
1075,50,-1390625027696012731,0,26,26,187,2,3,1,12
1076,50,5165594003619277640,0,28,28,188,8,3,2,8
1077,50,-5379394623994582208,0,20,20,194,1,7,5,18
1078,50,8246958171908118923,0,28,28,182,3,2,1,7
1079,50,5718519570339107297,0,37,37,193,1,3,1,8
1080,50,-4421764348571806666,0,23,23,187,2,8,3,15
1081,50,-1474995500087127217,0,24,24,184,2,2,1,5
1082,50,8287834942137273753,0,25,25,197,1,7,4,21
1083,50,3935592405131901690,0,36,36,187,2,3,2,3
1084,50,-6194976305715196994,0,27,27,191,2,6,4,14
1085,50,-4815646941425506356,0,25,25,193,2,7,4,17
1086,50,-1865641546984774978,0,37,37,186,6,4,2,11
1087,50,-3957391563367661410,0,26,26,193,3,3,1,8
1088,50,7884694481219436624,0,21,21,186,1,6,3,15
1089,50,-6349462870896690195,0,35,35,190,1,4,2,11
1090,50,2944201387159952546,0,29,29,196,3,4,3,9
1091,50,-3669692562611245363,0,29,29,189,3,3,2,8
1092,50,-8065869165155703701,0,39,39,184,1,3,2,9
1093,50,6380081103373014813,0,24,24,175,1,3,2,4
1094,50,-570692594130292671,0,19,19,189,5,3,2,9
1095,50,3662340730263868667,0,32,32,197,3,3,1,5
1096,50,-1256848557280387801,0,27,27,188,5,4,3,7
1097,50,3993392136835630970,0,12,12,179,4,3,2,10
1098,50,3630661425974352490,0,22,22,190,4,5,3,13
1099,50,1535177484479201426,0,30,30,187,2,5,2,15
1100,50,1618909533979508908,0,37,37,183,8,1,1,2
1101,50,8588672039814005847,0,33,33,189,7,1,1,1
1102,50,-7614864417222506944,0,35,35,183,1,4,1,10
1103,50,4333138898364090222,0,35,35,179,2,3,1,10
1104,50,7823889092517389497,0,23,23,183,3,6,5,16
1105,50,-6461858829844553540,0,39,39,177,2,3,1,5
1106,50,245135183795667901,0,37,37,194,1,6,4,11
1107,50,4992898705647100511,0,37,37,191,3,5,2,16
1108,50,-803132156746236642,0,21,21,191,3,3,1,5
1109,50,7111210998766505441,0,35,35,191,5,4,2,12
1110,50,-60639127785910742,0,37,37,184,7,2,2,8
1111,50,110211618544097194,0,36,36,189,1,4,1,9
1112,50,3265837904044378690,0,36,36,179,2,9,6,14
1113,50,3997298756161023415,0,29,29,178,6,2,2,4
1114,50,-9106442101546409303,0,31,31,173,5,3,2,5
1115,50,4232390766128543113,0,30,30,193,2,10,7,22
1116,50,-7824476955222763619,0,27,27,180,5,3,3,6
1117,50,-2470855409592109729,0,27,27,183,1,7,3,13
1118,50,6257381151960753835,0,25,25,184,2,5,2,11
1119,50,1126866584603106470,0,32,32,188,3,4,1,7
1120,50,1837698441809709631,0,18,18,183,4,4,2,10
1121,50,1150913194910244784,0,28,28,192,3,6,5,12
1122,50,-5382085539335872902,0,23,23,186,6,3,2,10
1123,50,5518558546344909476,0,27,27,197,1,7,3,17
1124,50,624671482784415560,0,27,27,193,7,2,1,6
1125,50,-2155059096224649291,0,31,31,183,3,3,1,6
1126,50,252182412836336560,0,31,31,195,5,4,2,7
1127,50,-5956705731370150762,0,31,31,196,2,7,4,24
1128,50,-8580812589907707282,0,33,33,202,4,7,4,14
1129,50,1581396057495880493,0,27,27,186,1,5,3,9
1130,50,2939495373913983934,0,45,45,189,1,10,6,25
1131,50,-4608891839008439930,0,39,39,184,1,3,1,8
1132,50,5792586201417180282,0,40,40,182,2,8,6,15
1133,50,3936580981264004362,0,43,43,187,1,7,3,13
1134,50,3495696532348120679,0,38,38,194,4,2,1,6
1135,50,3883119462233781488,0,23,23,196,3,11,7,24
1136,50,-4013690948890076725,0,31,31,184,4,3,2,5
1137,50,6601370413562122226,0,39,39,185,3,2,1,2
1138,50,8640012168829172802,0,35,35,188,2,5,3,10
1139,50,-3884442785674790588,0,22,22,180,3,3,2,6
1140,50,5521702077710551249,0,17,17,182,3,4,1,8
1141,50,6172059121909485761,0,28,28,184,1,3,1,5
1142,50,1889360912056350011,0,32,32,191,3,3,1,8
1143,50,-8348178119472448921,0,37,37,198,3,4,2,10
1144,50,706940743621812371,0,40,40,187,2,3,2,8
1145,50,-5792977493938734843,0,32,32,185,3,3,2,6
1146,50,-3439520525144486126,0,41,41,197,3,5,2,9
1147,50,5086615683744071730,0,23,23,197,1,6,3,20
1148,50,7056384772072918826,0,45,45,193,2,6,3,14
1149,50,6727570627528520065,0,38,38,177,7,3,2,7
1150,50,221023395596049370,0,28,28,184,2,3,1,6
1151,50,-1174400111393638158,0,44,44,186,6,6,4,14
1152,50,-5679713936597675965,0,25,25,179,1,8,5,19
1153,50,3140198932194360490,0,37,37,178,2,3,1,8
1154,50,7170385800259895420,0,34,34,185,4,7,5,17
1155,50,-8229318390495194138,0,29,29,195,2,3,2,4
1156,50,-4638749136392877151,0,11,11,191,5,8,6,15
1157,50,211495686116768045,0,30,30,182,4,5,4,10
1158,50,-928091632605021390,0,28,28,189,2,7,5,17
1159,50,-4819754570629403707,0,36,36,198,4,2,1,5
1160,50,3203808806696010649,0,18,18,191,1,4,1,7
1161,50,-2733960081695001497,0,20,20,178,2,2,1,7
1162,50,889735465752279564,0,20,20,195,1,4,2,7
1163,50,1258672997076648245,0,37,37,178,4,2,1,6
1164,50,-6532831345610402923,0,1,1,186,1,7,3,15
1165,50,-4511561447043363605,0,24,24,181,1,4,2,10
1166,50,-6703049032228241042,0,40,40,180,1,6,3,18
1167,50,-2154071158883990187,0,32,32,186,5,9,7,24
1168,50,-3857052395360649582,0,42,42,184,4,4,3,7
1169,50,-3705379616097147648,0,32,32,176,3,5,3,15
1170,50,-6372006800599080304,0,9,9,179,1,3,1,4
1171,50,-6163010058012560332,0,41,41,185,1,3,2,4
1172,50,3932361879683534241,0,22,22,195,5,4,2,12
1173,50,-4811429496946760415,0,38,38,176,1,3,1,8
1174,50,3679771980986810877,0,39,39,185,4,4,3,10
1175,50,1067810016233029463,0,18,18,188,3,2,1,8
1176,50,4599198610284576361,0,40,40,184,2,7,4,20
1177,50,4256064938591063675,0,27,27,176,2,3,1,9
1178,50,-2168298873532486124,0,34,34,187,1,4,2,7
1179,50,-4619965560713000905,0,26,26,179,1,4,1,10
1180,50,-5947393842166595165,0,31,31,186,3,4,1,7
1181,50,1573163757953326450,0,25,25,193,2,5,3,13
1182,50,-8045444399008316022,0,37,37,189,3,11,6,33
1183,50,-1366158606745670975,0,12,12,195,3,5,2,10
1184,50,-3772899470973253219,0,32,32,204,1,5,2,6
1185,50,-8826692502342124516,0,35,35,178,3,3,2,4
1186,50,8920498751202782694,0,29,29,185,2,5,3,11
1187,50,-5718730841370585132,0,26,26,196,6,2,1,4
1188,50,-167526545911863112,0,36,36,180,5,4,3,7
1189,50,-7088319112622177084,0,35,35,194,2,4,2,15
1190,50,-6385876235399734780,0,40,40,195,3,2,1,6
1191,50,-1838811258204569658,0,44,44,190,3,4,2,10
1192,50,3233034008258838506,0,38,38,196,1,9,5,15
1193,50,3520911776556307560,0,25,25,189,3,4,3,18
1194,50,4901801235342385299,0,41,41,190,2,7,3,18
1195,50,2928918031305936096,0,30,30,188,3,8,5,16
1196,50,4066152354350202173,0,32,32,188,1,6,4,17
1197,50,3604911191803391292,0,39,39,186,2,4,2,10
1198,50,-4121552073891896681,0,38,38,190,5,7,5,15
1199,50,4831357962732809693,0,32,32,179,1,6,3,14
1200,50,-2790490447760971186,0,19,19,178,1,6,2,13
1201,50,4054708890109503781,0,25,25,185,2,3,1,8
1202,50,5353054008994251239,0,20,20,196,2,5,3,7
1203,50,5367823001861124207,0,44,44,184,4,5,2,14
1204,50,4804564934900992719,0,28,28,197,5,3,2,6
1205,50,3178473560607292479,0,23,23,177,3,5,3,13
1206,50,-3300015444683053136,0,38,38,178,3,2,1,9
1207,50,-6330709677051008070,0,45,45,176,3,4,2,6
1208,50,2814483964762491653,0,42,42,181,1,5,3,14
1209,50,5439386113202358104,0,27,27,183,5,3,2,5
1210,50,764494269719485168,0,35,35,200,2,3,1,7
1211,50,-2983996943219262761,0,39,39,180,1,4,2,12
1212,50,-5879087943402619318,0,40,40,186,6,2,1,6
1213,50,-6694289543443514766,0,30,30,192,2,5,2,11
1214,50,2764375954644150012,0,33,33,177,1,6,4,20
1215,50,4753839048682227539,0,31,31,186,1,6,5,15
1216,50,6492983629788671372,0,33,33,190,1,6,4,19
1217,50,-3198309318623426747,0,30,30,183,2,6,3,12
1218,50,-7877849818404302342,0,14,14,194,2,8,4,19
1219,50,-5125245647351110739,0,35,35,185,2,3,1,7
1220,50,-4026421029547444787,0,26,26,185,1,5,3,7
1221,50,8760920490842923962,0,38,38,190,1,4,1,6
1222,50,5757905197745382248,0,39,39,187,4,4,2,10
1223,50,2296636136372303323,0,30,30,184,1,8,2,18
1224,50,-4186749888688130399,0,41,41,194,1,5,2,10
1225,50,-2947918183887512463,0,40,40,193,1,4,2,6
1226,50,-2159131431974110573,0,30,30,182,2,4,2,12
1227,50,-6483463208340131387,0,30,30,190,2,3,1,7
1228,50,2982369509995860147,0,42,42,190,1,8,5,22
1229,50,7963468470764304188,0,26,26,180,1,10,7,25
1230,50,-768475996314618591,0,33,33,190,1,7,5,12
1231,50,-8311728298425850935,0,24,24,176,3,4,3,10
1232,50,8432707640331007040,0,41,41,177,3,4,2,8
1233,50,1580283872611198370,0,34,34,187,2,6,2,17
1234,50,449312774721250696,0,33,33,194,1,6,3,12
1235,50,-5679469204610888906,0,33,33,197,5,3,2,6
1236,50,7033860870731644826,0,35,35,181,5,4,2,12
1237,50,-6126864919601805475,0,34,34,178,3,4,1,7
1238,50,-7677506044884821612,0,31,31,185,3,4,1,9
1239,50,7778678740967998673,0,20,20,183,6,4,3,10
1240,50,533761832976952742,0,28,28,193,3,6,3,19
1241,50,-629750863883125540,0,28,28,190,1,7,3,18
1242,50,-5492001181944696603,0,30,30,196,1,3,1,8
1243,50,229761239328638291,0,22,22,186,3,4,2,9
1244,50,-8798036549296991138,0,24,24,187,4,6,3,19
1245,50,-8814264461899183678,0,39,39,188,2,6,4,11
1246,50,-346888373450587282,0,32,32,184,2,7,5,19
1247,50,-1901328382552300568,0,30,30,194,3,5,3,10
1248,50,-5182832408218815663,0,43,43,185,1,8,4,19
1249,50,2384051935700485989,0,35,35,190,2,4,1,8
1250,50,6705218915869038583,0,24,24,191,2,8,5,24
1251,50,2042580003210589361,0,23,23,186,1,7,3,16
1252,50,-5110870628604653026,0,32,32,186,2,6,3,14
1253,50,8451812614385526608,0,37,37,191,2,6,5,15
1254,50,-8662325941985367396,0,38,38,176,1,3,2,7
1255,50,-1723845683225939133,0,35,35,185,3,4,2,7
1256,50,-4925045766510399748,0,40,40,197,2,4,1,11
1257,50,-3217566499455908415,0,24,24,187,3,2,1,9
1258,50,580875716266541901,0,33,33,192,1,4,2,10
1259,50,5309728646698450214,0,23,23,181,3,3,1,11
1260,50,-229542298209223371,0,5,5,200,2,7,4,17
1261,50,7672430928030207019,0,38,38,184,9,1,1,3
1262,50,-5445287967080801204,0,21,21,189,4,6,4,9
1263,50,5388020378781883480,0,31,31,186,1,7,5,19
1264,50,7526809245426201511,0,27,27,189,4,3,1,10
1265,50,6862564203398505398,0,26,26,173,2,3,1,7
1266,50,7215050082962725042,0,27,27,195,3,3,2,9
1267,50,3945936179915071943,0,31,31,185,4,6,3,15
1268,50,-2522815049504822462,0,39,39,191,1,5,2,12
1269,50,771505839196551098,0,24,24,184,2,5,3,15
1270,50,7797626354890656489,0,20,20,183,2,2,1,6
1271,50,-7381879360735326246,0,30,30,187,2,5,2,8
1272,50,-2793325855990837876,0,31,31,178,3,5,2,11
1273,50,6036673961109899336,0,40,40,179,3,4,2,5
1274,50,-2273671825590252749,0,31,31,182,7,2,1,6
1275,50,-4255866280702274327,0,34,34,193,2,5,3,15
1276,50,-4174819065004174560,0,24,24,183,1,4,1,10
1277,50,-8872583317994959711,0,40,40,201,2,4,1,9
1278,50,2271102765947805218,0,23,23,179,5,6,5,13
1279,50,-3305473168654936640,0,30,30,181,2,11,8,26
1280,50,-320382635245628886,0,33,33,183,3,4,1,14
1281,50,4082697931727742396,0,41,41,184,2,13,9,31
1282,50,-4285964653107909858,0,29,29,193,2,4,2,7
1283,50,-7981898935588435935,0,25,25,177,4,5,3,16
1284,50,1706917296611745005,0,20,20,187,2,7,5,15
1285,50,-532825923521371964,0,28,28,189,5,5,5,9
1286,50,-5635537848268242205,0,40,40,183,2,5,3,12
1287,50,-7169923662500356802,0,36,36,194,3,4,2,10
1288,50,4238180790381768765,0,45,45,191,1,4,2,10
1289,50,-1126271856792122984,0,31,31,187,2,5,2,11
1290,50,-8393737233416473089,0,27,27,184,2,6,3,12
1291,50,-3342209460688094141,0,35,35,190,1,13,9,24
1292,50,4930317836835779077,0,33,33,186,4,2,1,5
1293,50,-6237016474316485302,0,23,23,178,3,3,2,7
1294,50,-6722652291477177512,0,34,34,182,1,7,3,18
1295,50,-4075111993002373942,0,27,27,186,4,3,2,8
1296,50,4102333514388045763,0,40,40,180,1,7,4,18
1297,50,1913581720553499809,0,20,20,191,1,13,10,30
1298,50,250509657847080613,0,7,7,192,1,8,4,15
1299,50,8280235636126011748,0,19,19,180,7,4,3,9
1300,50,-8100414146911367929,0,37,37,185,7,2,1,4
1301,50,8551335232991329943,0,15,15,188,4,6,3,21
1302,50,1419718511045144304,0,32,32,187,1,7,4,14
1303,50,1297742059810984471,0,28,28,193,8,2,1,5
1304,50,5016298192038924792,0,1,1,172,2,4,2,13
1305,50,1129344984371561178,0,38,38,189,4,5,3,14
1306,50,-1047104250610367206,0,37,37,185,3,8,4,16
1307,50,-6909826445705996581,0,25,25,186,7,4,2,12
1308,50,4198045717955807694,0,36,36,197,3,5,4,11
1309,50,5836673154096038991,0,36,36,192,3,6,3,13
1310,50,-8434612358659524009,0,28,28,189,3,2,1,7
1311,50,-8432542845166947812,0,17,17,182,2,3,2,3
1312,50,-8838614015053217447,0,41,41,186,1,4,3,11
1313,50,5684599874801077131,0,44,44,187,2,7,6,16
1314,50,4292418524596713134,0,37,37,191,3,8,5,14
1315,50,2037125710233738043,0,30,30,193,4,8,4,20
1316,50,3490304718797403513,0,27,27,199,2,8,5,16
1317,50,-6415925690269507240,0,16,16,182,3,3,1,5
1318,50,-7735785885888217222,0,35,35,185,6,1,1,4
1319,50,1109411019217574157,0,4,4,190,1,5,2,14
1320,50,-510385130804264541,0,33,33,188,6,4,2,10
1321,50,8594075869668991287,0,31,31,179,7,4,2,9
1322,50,-2753906236397974036,0,37,37,180,1,6,4,14
1323,50,1724811823445802074,0,31,31,183,2,7,4,17
1324,50,-8697741838106567069,0,31,31,180,2,10,7,27
1325,50,79851474237955032,0,28,28,185,2,7,4,19
1326,50,-6645370056629537402,0,36,36,190,1,4,2,10
1327,50,-5683636036216837537,0,37,37,183,2,2,1,5
1328,50,-2974029887995269164,0,29,29,181,8,4,3,7
1329,50,2680061803237886371,0,24,24,196,1,5,2,11
1330,50,1068314071054359201,0,47,47,195,1,8,5,23
1331,50,7711383318730798925,0,30,30,177,5,8,6,26
1332,50,6745663228815320105,0,24,24,181,5,1,1,5
1333,50,5112768545201589554,0,30,30,189,6,5,4,11
1334,50,-3227575702538848024,0,36,36,192,3,3,1,8
1335,50,1033961437787033799,0,41,41,178,5,12,9,34
1336,50,-1831385164168732120,0,27,27,194,4,4,2,8
1337,50,5555157222775850452,0,31,31,197,1,10,6,22
1338,50,-6209852115316295205,0,20,20,179,3,4,3,6
1339,50,6646003256565086312,0,19,19,186,2,6,3,14
1340,50,-1199425236025129046,0,31,31,182,6,1,1,1
1341,50,7327220144954749452,0,38,38,188,2,6,4,17
1342,50,7507814554282351437,0,36,36,183,4,5,3,13
1343,50,-2077714092858225093,0,33,33,183,2,11,8,33
1344,50,-3368927040713017315,0,28,28,189,3,3,1,4
1345,50,-1412603229909114351,0,27,27,189,4,3,2,7
1346,50,5898773763446220263,0,43,43,179,5,2,1,2
1347,50,6849213542670641985,0,35,35,200,2,9,7,16
1348,50,-1344264314740622590,0,28,28,198,3,5,3,16
1349,50,5883043441340611148,0,46,46,176,1,4,2,7
1350,50,3982192874447713187,0,33,33,185,4,2,1,3
1351,50,6783950257666313199,0,24,24,180,1,4,2,8
1352,50,-7741632156256245137,0,40,40,187,3,6,4,18
1353,50,3010116309081048540,0,27,27,195,2,4,2,8
1354,50,2052424120804361809,0,28,28,179,2,2,1,7
1355,50,8153893954554481325,0,26,26,193,1,7,4,21
1356,50,7647776859820896653,0,40,40,200,4,4,3,5
1357,50,-7237034668310914795,0,38,38,192,1,3,2,8
1358,50,5514599512234978837,0,45,45,188,3,5,2,14
1359,50,67195492304267864,0,26,26,193,2,3,1,7
1360,50,-8267583833758442725,0,27,27,185,6,2,1,4
1361,50,4441781518934868988,0,17,17,191,4,3,2,7
1362,50,-1151874304628817945,0,28,28,198,1,4,2,11
1363,50,29952666507538624,0,38,38,190,3,10,7,21
1364,50,-1370796915653906455,0,21,21,192,1,4,1,8
1365,50,1340142134214874317,0,21,21,194,3,6,4,12
1366,50,8671522445491166225,0,42,42,187,2,3,1,5
1367,50,1574136534225817899,0,21,21,195,1,5,3,12
1368,50,-4079128783488817826,0,29,29,185,4,6,4,15
1369,50,-4904992203969910154,0,27,27,186,3,6,4,16
1370,50,8274238730854040757,0,22,22,189,5,4,2,6
1371,50,-9052890236275022128,0,29,29,192,1,7,4,20
1372,50,8931714167674215411,0,22,22,192,1,5,2,12
1373,50,3175517686679721753,0,32,32,187,4,4,2,12
1374,50,-6819577263552461755,0,39,39,179,5,1,1,4
1375,50,252735000278204253,0,22,22,186,6,4,1,6
1376,50,-8764704259063173706,0,37,37,189,2,5,2,13
1377,50,1737316907333227150,0,42,42,185,4,4,2,11
1378,50,-8612706763085405175,0,7,7,192,2,5,2,11
1379,50,2754844677404980594,0,44,44,185,1,6,3,13
1380,50,-5891553046916035384,0,27,27,185,5,4,2,5
1381,50,3028734167633165534,0,32,32,186,2,5,3,12
1382,50,-215113708661411172,0,30,30,199,4,5,3,11
1383,50,539038638304008996,0,43,43,186,4,5,4,9
1384,50,3869718709103096287,0,46,46,180,1,9,7,22
1385,50,8971349747324645577,0,35,35,182,1,3,1,12
1386,50,-7082437416070997393,0,42,42,192,1,4,1,9
1387,50,5363752923071132795,0,21,21,190,2,5,2,8
1388,50,1694125507625917125,0,44,44,187,2,6,4,20
1389,50,4148485161894487617,0,29,29,178,6,3,2,10
1390,50,-8116916657816008635,0,31,31,183,3,4,2,16
1391,50,2372334780432187892,0,27,27,189,3,5,3,11
1392,50,3701155210824472791,0,36,36,195,2,4,3,10
1393,50,5608590042080683245,0,26,26,189,1,4,2,13
1394,50,4930202167943881141,0,26,26,189,4,4,2,15
1395,50,-7014827833613722881,0,34,34,200,2,11,6,22
1396,50,-7098060028478099578,0,26,26,190,1,5,2,12
1397,50,135232393528280743,0,30,30,176,3,2,1,7
1398,50,-7833845670087078996,0,25,25,195,6,5,4,8
1399,50,3765456728373008514,0,42,42,200,4,5,3,9
1400,50,2647676935227851481,0,24,24,188,3,6,5,12
1401,50,-859285843168884226,0,29,29,179,1,3,2,6
1402,50,-2275817405698015000,0,30,30,199,6,3,1,7
1403,50,1969254283429826388,0,32,32,177,2,5,3,10
1404,50,-8600022133538138646,0,38,38,191,4,2,1,2
1405,50,6706941091059922101,0,30,30,183,2,5,3,13
1406,50,-6039353316142794626,0,34,34,193,3,7,4,13
1407,50,-5703040879084873021,0,33,33,190,3,3,1,7
1408,50,-4084967986333902491,0,22,22,187,2,10,8,20
1409,50,-4501679060008483262,0,33,33,185,2,7,3,16
1410,50,7360610451942562900,0,24,24,192,3,6,4,13
1411,50,4020554381655324431,0,46,46,182,1,4,2,8
1412,50,6989864665280514572,0,34,34,183,5,2,2,4
1413,50,3736222259242875472,0,36,36,180,5,4,2,14
1414,50,141040600348757928,0,37,37,191,3,6,3,13
1415,50,4737284988159896556,0,25,25,183,1,7,4,14
1416,50,7917053215343746869,0,31,31,185,4,3,2,7
1417,50,1238713541076654909,0,36,36,203,1,6,4,12
1418,50,7803019192395859335,0,29,29,184,2,2,1,6
1419,50,563519499830347524,0,25,25,191,2,4,3,12
1420,50,-1721304105624106678,0,27,27,178,1,9,6,22
1421,50,-5419650453317720931,0,31,31,191,5,5,3,14
1422,50,-6312234470492133545,0,20,20,185,1,3,2,9
1423,50,5931571982036838003,0,31,31,181,5,3,2,12
1424,50,-7242054220527910840,0,28,28,191,3,3,1,11
1425,50,-764373046631909963,0,41,41,192,1,3,1,5
1426,50,1240173503789894477,0,39,39,176,6,3,2,6
1427,50,3005903046143415113,0,24,24,190,2,4,2,8
1428,50,-4526923736101789119,0,32,32,191,1,3,1,9
1429,50,6955678865924854784,0,26,26,189,3,5,3,15
1430,50,-934067350384624904,0,37,37,187,1,6,3,18
1431,50,8075753503431879692,0,22,22,186,6,5,4,12
1432,50,7859018432793960922,0,32,32,181,2,3,2,8
1433,50,1129433534012489134,0,24,24,196,1,4,1,10
1434,50,8457109391503509940,0,28,28,187,1,8,4,23
1435,50,-5911813290866417869,0,41,41,182,1,6,2,18
1436,50,-7473066620549659443,0,30,30,188,1,4,2,13
1437,50,-6653106619216245728,0,23,23,178,7,1,1,1
1438,50,-7616674997942174920,0,29,29,182,2,6,3,13
1439,50,-3288722340191930964,0,22,22,182,2,9,6,22
1440,50,-4433792754252139928,0,24,24,183,2,11,7,30
1441,50,7706883565005825646,0,28,28,185,3,2,1,5
1442,50,-3780044170989487607,0,46,46,198,1,4,3,7
1443,50,7012265691479010646,0,36,36,186,6,4,3,7
1444,50,-2750289304246414835,0,39,39,199,1,3,1,8
1445,50,-618447694243216415,0,28,28,185,5,2,1,6
1446,50,-5253060903171875324,0,39,39,180,2,9,5,18
1447,50,-7988504477890616440,0,29,29,189,1,8,5,19
1448,50,6372697588263713200,0,41,41,182,9,3,3,5
1449,50,8139029383660551801,0,45,45,178,5,5,3,9
1450,50,4612698527432164056,0,37,37,188,5,16,14,35
1451,50,2485737422292176776,0,17,17,185,5,3,2,8
1452,50,5403931838864141404,0,33,33,175,3,4,2,13
1453,50,-4465328238241270424,0,41,41,179,2,5,4,17
1454,50,5319527357100011145,0,17,17,185,3,5,3,14
1455,50,6035622096782019861,0,28,28,194,3,4,1,13
1456,50,4902180912038275246,0,40,40,174,4,2,1,6
1457,50,6043714736034873236,0,34,34,190,3,6,2,9
1458,50,4005969580873287663,0,34,34,185,1,3,1,4
1459,50,3193070804123301598,0,37,37,186,6,4,2,9
1460,50,1474207838518200152,0,9,9,182,3,5,2,9
1461,50,8071605242616917529,0,14,14,181,3,3,2,5
1462,50,7038342762359184693,0,39,39,187,1,3,1,8
1463,50,-9167491204199673591,0,30,30,192,2,4,2,10
1464,50,-9170040576814126688,0,30,30,195,1,3,1,4
1465,50,-8836279032310620475,0,12,12,191,4,3,1,10
1466,50,-6372931350750217638,0,41,41,177,3,3,1,7
1467,50,9032671564590662573,0,42,42,172,4,4,3,6
1468,50,1167724424482289630,0,15,15,183,2,5,3,14
1469,50,9157556304055819931,0,21,21,190,1,4,2,11
1470,50,5868812337094004659,0,28,28,179,3,2,1,5
1471,50,4015360564138747224,0,40,40,179,2,3,1,7
1472,50,-9060823160548659199,0,43,43,194,1,6,2,16
1473,50,1424276398353341520,0,18,18,185,2,5,2,16
1474,50,-8684864194726762393,0,28,28,202,1,7,4,15
1475,50,-4166203885609101943,0,28,28,184,2,5,2,9
1476,50,7743979897595741195,0,36,36,180,3,6,4,14
1477,50,8351178034478738129,0,26,26,196,3,2,1,5
1478,50,-4709424615734841102,0,28,28,187,1,6,2,16
1479,50,-7063266267139119305,0,33,33,190,3,6,4,14
1480,50,-370026211286562672,0,32,32,198,2,5,2,11
1481,50,470207692998349755,0,31,31,181,4,7,5,18
1482,50,-7067803992661766750,0,26,26,184,1,8,5,15
1483,50,-8715696563636544696,0,37,37,194,8,3,2,10
1484,50,-1309096751398948036,0,48,48,185,4,5,4,8
1485,50,-898595107061351966,0,29,29,191,6,2,1,2
1486,50,579425933899612445,0,26,26,193,2,7,3,14
1487,50,5157386016840870683,0,23,23,183,1,5,3,12
1488,50,5151284362668992842,0,21,21,188,1,5,3,13
1489,50,1370972767791778763,0,33,33,183,3,6,4,14
1490,50,2959225201728987865,0,31,31,181,2,4,3,6
1491,50,5050991218593243903,0,34,34,190,1,9,5,23
1492,50,8535935798661897741,0,33,33,184,7,3,2,6
1493,50,8774158633083946545,0,35,35,193,4,4,2,9
1494,50,-6874497007032490589,0,29,29,198,2,4,1,6
1495,50,-4245986159573939015,0,32,32,187,5,3,1,6
1496,50,3629003602728436075,0,31,31,194,1,8,3,22
1497,50,4796529311669864067,0,32,32,196,2,4,2,6
1498,50,2610401058709433881,0,19,19,180,4,4,2,12
1499,50,514318523733486082,0,38,38,185,2,4,2,11
1500,50,-9189279807031558564,0,22,22,190,1,4,2,4
1501,50,7285166263071534436,0,29,29,188,4,3,2,7
1502,50,4595336554527193392,0,31,31,196,1,7,5,21
1503,50,-6957411724825624825,0,28,28,195,4,5,3,9
1504,50,-190338011287025296,0,37,37,186,4,2,1,5
1505,50,7108209858398900523,0,43,43,196,1,7,3,14
1506,50,3111548609644155566,0,37,37,186,3,4,3,9
1507,50,7917282628446481639,0,27,27,192,2,4,1,8
1508,50,-4650045955195338938,0,24,24,187,2,3,1,8
1509,50,5875880115548274785,0,28,28,183,2,9,5,19
1510,50,593792230643604400,0,43,43,192,4,6,5,8
1511,50,5399881485343726649,0,30,30,185,1,4,2,12
1512,50,-1949571005324979434,0,38,38,196,1,5,2,11
1513,50,6379066933643056197,0,20,20,174,2,4,2,11
1514,50,4359083551753298214,0,41,41,185,4,2,1,6
1515,50,3724557894466844547,0,34,34,175,7,3,2,8
1516,50,2678286618393742632,0,23,23,182,2,3,2,12
1517,50,-348354378317147317,0,23,23,194,3,4,2,10
1518,50,430846988369707602,0,30,30,184,1,10,6,27
1519,50,-2738590605846268476,0,25,25,191,1,5,1,12
1520,50,-8302046036831692453,0,37,37,187,8,2,2,8
1521,50,-5689929983582723176,0,21,21,194,1,4,2,14
1522,50,-2617908525583571123,0,17,17,181,1,6,2,18
1523,50,-2743570170127092501,0,1,1,179,2,8,4,23
1524,50,-2217323982862244449,0,22,22,181,1,8,4,26
1525,50,2408758486558936456,0,22,22,189,1,4,2,5
1526,50,-6574133112691603582,0,34,34,186,3,4,2,8
1527,50,8731285138263417949,0,32,32,193,1,8,4,21
1528,50,503726402681770107,0,28,28,191,2,4,2,15
1529,50,407198566211587625,0,31,31,192,1,4,2,7
1530,50,6067914540441190449,0,28,28,184,7,2,1,8
1531,50,-4489507710292033677,0,29,29,188,5,5,3,16
1532,50,3182338860365326216,0,35,35,203,3,9,6,12
1533,50,2613625515055249853,0,34,34,199,4,3,1,9
1534,50,3738631406254829,0,27,27,182,4,6,3,13
1535,50,-210926006848792583,0,36,36,187,2,8,5,21
1536,50,7421139395309467123,0,43,43,194,1,8,4,15
1537,50,1141744002453188156,0,22,22,183,1,14,9,36
1538,50,2202606507532788767,0,35,35,185,1,9,5,30
1539,50,1311107829891526833,0,38,38,186,8,2,1,5
1540,50,-1265704836777024769,0,34,34,190,2,5,3,18
1541,50,6050322563352139215,0,35,35,183,1,3,1,13
1542,50,3259594651848962433,0,24,24,192,8,2,1,5
1543,50,814606490555066318,0,39,39,186,3,3,1,6
1544,50,1229262878114062465,0,20,20,176,4,4,3,12
1545,50,-8956834085811259050,0,34,34,187,2,4,1,7
1546,50,-6342095042300643165,0,38,38,195,2,7,2,16
1547,50,1624132398402072953,0,25,25,188,6,2,2,4
1548,50,-7734409253093185182,0,28,28,184,1,3,1,8
1549,50,3223135826883093219,0,34,34,181,4,5,3,10
1550,50,-2210608903905061527,0,30,30,190,5,3,2,10
1551,50,-6381484278149111216,0,26,26,179,1,4,1,9
1552,50,3998626537838415905,0,40,40,180,6,5,5,13
1553,50,776699261056536637,0,24,24,181,3,4,1,9
1554,50,-127754844250464118,0,27,27,183,1,4,3,15
1555,50,-280188145842615838,0,21,21,189,8,2,2,4
1556,50,-6773868945956905650,0,31,31,181,6,5,3,15
1557,50,-639736190020881058,0,37,37,193,6,2,2,2
1558,50,1366914852457100819,0,28,28,191,2,5,3,11
1559,50,3242363067962547508,0,28,28,181,6,5,3,14
1560,50,3919486015086673424,0,29,29,183,3,5,3,11
1561,50,-556451716311888138,0,0,0,178,1,6,3,16
1562,50,2319907447435807715,0,43,43,184,1,8,5,25
1563,50,1904491379872035135,0,20,20,188,3,3,1,8
1564,50,-3344115893609676128,0,36,36,189,2,6,4,11
1565,50,-8777873543949826843,0,31,31,180,8,2,2,2
1566,50,8786690030297471020,0,37,37,189,1,3,1,8
1567,50,-39812806196181649,0,27,27,170,5,1,1,5
1568,50,-4674106696334840628,0,46,46,188,1,5,4,12
1569,50,-8111929789182993212,0,29,29,196,1,6,4,16
1570,50,-832435639383308296,0,43,43,194,3,4,2,11
1571,50,3280673278970551845,0,34,34,169,5,2,1,3
1572,50,-2861824376378110347,0,34,34,185,2,4,2,11
1573,50,890342606415232093,0,33,33,189,1,4,1,11
1574,50,931148967331464610,0,27,27,185,1,4,2,10
1575,50,8734992145285672759,0,24,24,193,5,7,5,18
1576,50,319185035171723281,0,38,38,184,3,3,2,9
1577,50,-781260739330491345,0,25,25,188,2,5,3,13
1578,50,2781274327059877721,0,22,22,197,1,6,4,16
1579,50,3159900570951439979,0,21,21,195,1,5,3,12
1580,50,1682253352248784681,0,16,16,195,4,8,4,17
1581,50,4623962088793770475,0,40,40,187,2,4,2,6
1582,50,-2395089665221993056,0,30,30,189,9,1,1,3
1583,50,-2108106816016980481,0,29,29,184,3,5,2,13
1584,50,6346420369098581212,0,39,39,189,1,2,1,3
1585,50,2742993242132110073,0,24,24,187,3,3,1,9
1586,50,7826095750644619729,0,24,24,184,2,3,1,8
1587,50,-6869090369060700380,0,33,33,180,3,4,2,12
1588,50,-3356760490660658085,0,42,42,192,3,6,5,15
1589,50,5309594180014190324,0,31,31,183,5,1,1,3
1590,50,-283259702033341291,0,29,29,193,1,2,1,3
1591,50,8825040642308897918,0,30,30,183,1,8,5,19
1592,50,-1491340624582446741,0,40,40,193,2,2,1,6
1593,50,-8532016960172809686,0,28,28,185,5,2,1,5
1594,50,-794330745487594387,0,34,34,178,1,7,4,20
1595,50,-5475610654607414106,0,27,27,189,7,5,4,11
1596,50,-5580027122959655194,0,16,16,185,6,4,2,13
1597,50,3581670388636667933,0,39,39,191,1,3,1,9
1598,50,3042852010516190253,0,23,23,180,1,3,1,9
1599,50,-2957052080633996120,0,30,30,198,6,1,1,1
1600,50,-6715502431259466438,0,40,40,196,2,7,4,18
1601,50,-323485560520571388,0,41,41,177,3,4,2,9
1602,50,-86174262607713925,0,27,27,197,3,3,2,5
1603,50,5266441747403371141,0,25,25,193,1,6,3,15
1604,50,-4864976895559180056,0,38,38,182,5,2,1,3
1605,50,-3764353123379034805,0,32,32,189,2,5,2,7
1606,50,-6284276198439376043,0,24,24,193,3,8,4,19
1607,50,3166668481757583282,0,45,45,189,1,7,3,16
1608,50,3412702466617794822,0,28,28,187,4,4,2,9
1609,50,7252413601257756174,0,34,34,188,3,4,2,10
1610,50,-2538732813212295032,0,25,25,191,3,5,2,6
1611,50,-2574314093362744424,0,24,24,178,1,3,2,3
1612,50,-1739249285524265538,0,24,24,193,2,8,4,23
1613,50,6041429338409052578,0,31,31,189,5,3,2,9
1614,50,6214998806328081977,0,37,37,181,3,4,3,7
1615,50,4281611624232121874,0,36,36,186,1,6,4,11
1616,50,-2583307514484560179,0,13,13,188,3,6,4,14
1617,50,4316347242253176077,0,32,32,192,3,6,3,16
1618,50,-2019577183651897760,0,46,46,176,8,1,1,2
1619,50,690168649543692786,0,40,40,200,2,5,2,9
1620,50,852787745601182213,0,47,47,179,4,8,5,24
1621,50,4102036731645995913,0,30,30,182,2,3,1,5
1622,50,-2792678211950344632,0,31,31,192,2,8,5,16
1623,50,-306162470111557765,0,33,33,188,2,4,2,12
1624,50,-4347739167582580277,0,36,36,197,3,7,5,16
1625,50,-8610763546002956027,0,27,27,196,2,5,3,13
1626,50,554667301575671057,0,45,45,181,3,6,3,12
1627,50,-1972717737072812312,0,34,34,188,3,3,2,3
1628,50,-2549023835062203495,0,32,32,184,6,4,3,9
1629,50,-3657424285514802012,0,35,35,191,3,6,4,15
1630,50,-5830070490813795794,0,6,6,192,2,5,3,9
1631,50,4309642659700404964,0,24,24,191,4,2,1,4
1632,50,6649775291879495293,0,42,42,194,2,9,6,20
1633,50,4506738353487909691,0,29,29,210,2,8,4,20
1634,50,2524423182055994344,0,43,43,187,1,6,3,13
1635,50,-8419125921360958703,0,24,24,188,1,10,7,25
1636,50,1319487183310453145,0,35,35,189,1,7,4,20
1637,50,-3076038534476430889,0,31,31,183,1,2,1,7
1638,50,4667061208755238360,0,26,26,185,4,5,2,8
1639,50,-3596185953647819135,0,28,28,183,4,5,4,14
1640,50,-8250883165493697887,0,8,8,192,1,8,5,24
1641,50,1065538758057394229,0,36,36,193,1,4,1,9
1642,50,3560402803671951217,0,38,38,183,4,2,1,4
1643,50,-7271135824872860096,0,35,35,180,1,7,3,13
1644,50,629066274345428064,0,29,29,187,3,4,2,12
1645,50,3369132400396854089,0,34,34,188,1,9,5,20
1646,50,6863425023136406132,0,26,26,189,1,4,1,13
1647,50,280825508353771464,0,36,36,179,1,6,4,17
1648,50,-4702926439258241741,0,30,30,179,3,3,1,4
1649,50,196207300898287544,0,11,11,209,1,8,3,21
1650,50,-647324522075637383,0,32,32,180,2,9,7,17
1651,50,8431022940367994762,0,41,41,183,7,2,1,3
1652,50,7603707630266834316,0,26,26,186,2,2,1,3
1653,50,567471456097475677,0,24,24,190,3,4,2,11
1654,50,-4017495030037475731,0,37,37,185,1,4,2,8
1655,50,-9117155123005668500,0,18,18,191,3,5,3,12
1656,50,-8007217626298136976,0,23,23,181,5,5,2,10
1657,50,9072080954935289031,0,25,25,180,2,5,3,16
1658,50,-2730580486575482610,0,28,28,195,3,7,4,12
1659,50,8374525664025343302,0,14,14,181,2,3,2,9
1660,50,-5669133775029921798,0,20,20,182,6,6,5,16
1661,50,6988089083854842809,0,33,33,185,1,6,3,15
1662,50,-7757797508526344847,0,28,28,191,2,8,4,18
1663,50,-5460361868720038556,0,23,23,199,2,4,2,8
1664,50,3702676662926702550,0,37,37,196,5,2,1,7
1665,50,9045090913486908842,0,29,29,182,2,6,4,15
1666,50,-1282815522883300739,0,39,39,196,4,4,2,12
1667,50,-8836203910219119353,0,7,7,178,2,2,1,5
1668,50,-6838652177172219962,0,36,36,190,2,6,3,21
1669,50,-3423132029903240381,0,26,26,195,3,7,4,16
1670,50,-5801030668092458898,0,23,23,189,2,6,3,12
1671,50,8350635230332936420,0,15,15,194,2,6,4,12
1672,50,-8786327888129932255,0,28,28,187,5,3,2,11
1673,50,3409972668550067171,0,29,29,173,1,5,3,11
1674,50,8226639564676816722,0,20,20,181,3,8,5,17
1675,50,-4288324442107819101,0,35,35,181,6,3,2,5
1676,50,-1399339511987871153,0,24,24,185,1,5,3,12
1677,50,-4407542383641405410,0,30,30,191,5,5,4,12
1678,50,-4829517383413934705,0,35,35,194,1,6,3,14
1679,50,-7509593011580006303,0,38,38,185,1,7,4,17
1680,50,8682444629397749582,0,34,34,183,1,5,3,9
1681,50,4082776639663131706,0,33,33,183,4,3,2,9
1682,50,4772261390053062235,0,25,25,179,3,6,4,13
1683,50,834360936470381870,0,30,30,189,2,10,7,16
1684,50,-5265172005343572432,0,32,32,191,1,11,7,25
1685,50,-5834693862474812752,0,17,17,180,5,4,3,6
1686,50,551158600590602307,0,32,32,196,1,8,4,18
1687,50,-8573696393397095024,0,39,39,175,2,3,1,5
1688,50,6345696165702366875,0,33,33,177,3,3,1,9
1689,50,5111979397780162225,0,41,41,197,1,6,2,12
1690,50,-86458704929088603,0,37,37,196,3,2,1,4
1691,50,-7294366268375556865,0,34,34,191,1,3,1,5
1692,50,-5876506185579719865,0,25,25,194,7,4,2,7
1693,50,-494966576800285025,0,30,30,180,6,4,3,10
1694,50,6893231476331110709,0,29,29,199,1,5,3,12
1695,50,1926833643872072039,0,34,34,180,2,6,3,17
1696,50,-166436805311250301,0,31,31,187,4,7,4,10
1697,50,-4447818469089608049,0,37,37,184,5,2,1,4
1698,50,-1637670979306278788,0,22,22,190,4,2,1,7
1699,50,4822242989930659241,0,35,35,186,4,5,4,11
1700,50,-2848425638960760143,0,16,16,198,1,5,4,15
1701,50,8890813675337865934,0,26,26,187,5,3,2,9
1702,50,471530017362708052,0,35,35,187,3,3,1,6
1703,50,3561043464060242969,0,26,26,192,5,6,4,11
1704,50,874435705189665990,0,27,27,186,2,3,2,7
1705,50,-4944912085650036135,0,32,32,175,2,6,4,13
1706,50,-5212735094366698643,0,24,24,178,9,1,1,3
1707,50,-4915777221403582207,0,24,24,174,2,6,4,19
1708,50,6803335165649800907,0,26,26,186,2,4,2,12
1709,50,-1214229525294814877,0,43,43,185,2,3,2,6
1710,50,768282901159023308,0,32,32,189,1,3,1,10
1711,50,151776843439129885,0,4,4,179,3,12,9,26
1712,50,-5765144113817078690,0,33,33,195,1,5,2,15
1713,50,7910431868005788627,0,27,27,188,1,8,4,19
1714,50,-2296013895249665977,0,34,34,186,6,3,2,10
1715,50,1054677328889454622,0,36,36,178,9,2,2,2
1716,50,-1373223333582034126,0,42,42,174,2,3,1,9
1717,50,-5865414478943428669,0,38,38,195,3,6,3,13
1718,50,-5541471494755246326,0,28,28,182,3,2,1,5
1719,50,-955643158679739609,0,28,28,190,2,7,3,16
1720,50,-7904565381381273206,0,29,29,188,2,5,3,14
1721,50,-1204624623821365246,0,21,21,186,3,6,3,16
1722,50,2124502186081361940,0,36,36,181,1,6,2,11
1723,50,4504328962599125843,0,28,28,188,2,5,3,13
1724,50,8522319300189834434,0,24,24,192,5,6,4,18
1725,50,-8632697002274531693,0,35,35,180,3,4,2,6
1726,50,-2529983147975821126,0,27,27,181,2,3,1,5
1727,50,7237870589324362797,0,30,30,182,1,3,2,10
1728,50,-1238774634254768186,0,32,32,179,2,4,3,5
1729,50,-1897396297887355092,0,15,15,185,2,4,1,11
1730,50,3271518006482237732,0,32,32,190,1,5,3,11
1731,50,-7577777947952524746,0,37,37,184,7,2,1,6
1732,50,7539373802204455321,0,32,32,187,3,2,1,6
1733,50,-7140656612869776968,0,34,34,201,1,6,3,13
1734,50,7687831278831710924,0,44,44,200,1,4,1,8
1735,50,-1089284875841884830,0,29,29,188,3,7,5,24
1736,50,-82158100208352304,0,41,41,188,1,4,1,8
1737,50,6607160915665853653,0,36,36,184,2,6,4,13
1738,50,701215290191924994,0,26,26,194,5,4,2,7
1739,50,5309387508475847579,0,31,31,188,1,6,2,13
1740,50,-6207424643440748268,0,28,28,193,4,6,4,11
1741,50,-9065687009034258345,0,34,34,185,6,3,1,4
1742,50,2867269088801420650,0,38,38,194,4,4,3,8
1743,50,-2048810803126658243,0,41,41,183,3,5,3,10
1744,50,3022572108440583076,0,27,27,190,2,4,2,7
1745,50,1033057356607330243,0,34,34,187,2,5,3,11
1746,50,2129922523710718587,0,24,24,198,3,4,2,9
1747,50,5077446533567475096,0,12,12,186,3,8,5,15
1748,50,-1648616379524959280,0,17,17,184,1,3,1,7
1749,50,2362298344319309013,0,28,28,183,2,4,2,15
1750,50,-4643746213627179518,0,28,28,187,2,5,3,15
1751,50,-559511628400242318,0,36,36,194,2,4,2,10
1752,50,-5989270613852903809,0,17,17,188,1,4,2,13
1753,50,-3795771286279075334,0,27,27,193,5,5,4,12
1754,50,3978300695418651037,0,35,35,200,1,4,1,7
1755,50,8228372709113648514,0,32,32,196,1,5,2,11
1756,50,1716341608038421418,0,40,40,179,2,4,2,12
1757,50,663603777826256087,0,17,17,183,5,7,5,14
1758,50,-6180459095390011583,0,26,26,195,2,6,3,17
1759,50,-6397275365287613706,0,18,18,183,2,6,3,8
1760,50,-6296181431685896993,0,38,38,195,1,7,4,19
1761,50,-5051096087980201792,0,46,46,179,3,11,8,23
1762,50,4045334653979711413,0,37,37,182,5,2,2,8
1763,50,-6180630205495181330,0,27,27,179,2,5,2,15
1764,50,1914645572918266815,0,3,3,185,6,2,1,8
1765,50,3967946074632032578,0,29,29,169,2,4,2,10
1766,50,3469826569540423956,0,26,26,191,1,9,6,14
1767,50,-8586603315568203266,0,28,28,182,2,2,1,5
1768,50,-3910590570782674816,0,32,32,192,2,4,1,12
1769,50,-6420481713480563559,0,20,20,185,8,2,1,7
1770,50,-4344358494459200177,0,39,39,183,2,5,3,12
1771,50,4218968318896480432,0,22,22,187,3,4,3,11
1772,50,244017960807149675,0,30,30,182,1,5,3,12
1773,50,8941739680093972026,0,43,43,197,3,4,2,9
1774,50,-1991630921893322583,0,25,25,187,1,7,5,18
1775,50,-7437089191721187328,0,36,36,186,5,4,3,6
1776,50,-470589146944066465,0,26,26,195,1,6,3,16
1777,50,-5978934296752006837,0,33,33,195,1,4,1,8
1778,50,7915757905722976313,0,24,24,192,6,2,1,5
1779,50,-5724841548861895970,0,30,30,196,2,7,3,14
1780,50,7346955016115316556,0,25,25,186,1,10,6,26
1781,50,863370341227168550,0,30,30,185,2,4,2,7
1782,50,4003604673939402859,0,29,29,196,1,8,5,18
1783,50,7104135260814984623,0,31,31,190,2,7,4,13
1784,50,-3923012821108575047,0,35,35,185,6,4,2,9
1785,50,-3280786622911472166,0,45,45,187,3,4,2,11
1786,50,3072337077085068159,0,35,35,172,3,4,2,9
1787,50,3698986845813768397,0,34,34,197,3,11,8,23
1788,50,-7558334249063352513,0,4,4,199,1,6,4,18
1789,50,-2163120132027508054,0,32,32,191,2,4,3,7
1790,50,326066951337408521,0,30,30,194,2,3,1,5
1791,50,6916983913513614082,0,24,24,191,1,6,3,13
1792,50,-8391770936571629812,0,26,26,185,4,3,2,8
1793,50,8411421368087549068,0,24,24,178,4,4,2,13
1794,50,-20805395062556817,0,34,34,174,1,3,1,5
1795,50,-3853121836900056047,0,20,20,181,1,7,4,18
1796,50,-1704389653631248287,0,41,41,187,1,6,4,14
1797,50,-487549782415781206,0,24,24,180,5,3,3,8
1798,50,3952391917870822511,0,24,24,178,3,3,1,6
1799,50,1329360384378382125,0,41,41,190,1,4,2,6
1800,50,4959168786434349588,0,35,35,175,5,4,4,10
1801,50,-7224469723546608924,0,32,32,193,4,4,1,10
1802,50,4081832931554036118,0,26,26,172,2,4,3,13
1803,50,4368713173675353472,0,40,40,201,7,4,3,8
1804,50,3503189332727415823,0,29,29,189,1,4,1,10
1805,50,-8005077513722801075,0,4,4,198,3,7,5,12
1806,50,-1360142027543513143,0,46,46,185,2,6,3,21
1807,50,-6876378105054871386,0,10,10,190,4,11,8,24
1808,50,-1129584069787378225,0,38,38,191,5,2,1,7
1809,50,-8270128054483781206,0,40,40,185,1,4,2,11
1810,50,-6977452797994754880,0,26,26,190,3,5,1,13
1811,50,7915272445869085999,0,42,42,187,1,6,3,9
1812,50,3684536551539475686,0,25,25,177,6,3,2,5
1813,50,-787424457769788426,0,20,20,197,3,6,2,14
1814,50,-5226105504518768250,0,19,19,178,8,3,2,10
1815,50,44522079116150048,0,27,27,185,1,4,2,13
1816,50,-4698719552569091207,0,20,20,183,5,7,5,15
1817,50,4134601339983901921,0,25,25,185,1,7,3,21
1818,50,8666716121666914555,0,24,24,195,2,4,2,9
1819,50,7528008939857785459,0,29,29,184,7,1,1,2
1820,50,-5375940226336569662,0,13,13,198,2,7,2,21
1821,50,-8837365623422678708,0,33,33,191,4,4,3,5
1822,50,-3206155163673647534,0,44,44,192,4,4,3,6
1823,50,-505115609577354862,0,23,23,183,3,3,2,8
1824,50,5097637859734420879,0,35,35,181,3,4,2,11
1825,50,6465628942954945486,0,34,34,195,4,3,2,5
1826,50,5134198179704357779,0,43,43,193,1,5,3,9
1827,50,8629291560549309408,0,32,32,184,2,9,7,18
1828,50,6147660542623311553,0,34,34,184,4,4,1,9
1829,50,-982757512298451150,0,11,11,190,1,5,3,14
1830,50,-8744651337584054246,0,31,31,191,2,4,2,12
1831,50,9205081406221781552,0,25,25,186,3,4,2,8
1832,50,-3094712554214979633,0,28,28,177,1,5,3,16
1833,50,6582129143277148407,0,40,40,191,5,3,2,10
1834,50,-7524845124487925994,0,15,15,193,2,4,1,11
1835,50,-122170575064187060,0,28,28,191,1,7,4,17
1836,50,8107857792733332288,0,21,21,195,7,2,1,6
1837,50,-1524676711958076465,0,35,35,191,8,4,3,7
1838,50,-587581538346099189,0,31,31,185,2,5,2,14
1839,50,4765247072515144303,0,25,25,193,3,2,1,7
1840,50,5705032008535959348,0,41,41,179,3,3,2,4
1841,50,7873541953322828320,0,22,22,182,2,12,9,28
1842,50,5670384675119655760,0,17,17,174,5,2,1,7
1843,50,-1081071501753849397,0,22,22,190,4,3,1,11
1844,50,-5926928611762107428,0,21,21,194,1,6,4,14
1845,50,-5645586808841367418,0,25,25,192,3,4,2,14
1846,50,3006298064276200594,0,27,27,175,5,5,3,18
1847,50,6710133682039510277,0,40,40,185,5,3,1,9
1848,50,6342047798640296446,0,48,48,195,4,9,4,20
1849,50,5491344314847209551,0,26,26,188,2,5,2,9
1850,50,5097003802086057295,0,20,20,192,1,6,3,17
1851,50,2263245241490003892,0,34,34,189,1,4,3,11
1852,50,-473314191510957710,0,27,27,182,2,4,2,9
1853,50,6158471991955931645,0,42,42,193,1,4,2,6
1854,50,-718265242928820900,0,33,33,186,3,7,4,16
1855,50,-8071319557104653339,0,30,30,182,2,7,4,19
1856,50,-6309461613632141401,0,37,37,190,5,3,1,10
1857,50,-6591399134895118392,0,17,17,185,3,4,1,9
1858,50,3679436504957708128,0,39,39,182,1,3,1,4
1859,50,-5565962754320808806,0,22,22,190,8,4,3,8
1860,50,460640849110996510,0,19,19,190,1,3,1,12
1861,50,-8989244474994657255,0,40,40,195,2,4,2,13
1862,50,3141124869226846039,0,44,44,201,1,6,3,7
1863,50,8205065560950765638,0,19,19,187,3,5,3,16
1864,50,-3716666383197273874,0,28,28,181,2,7,4,17
1865,50,2555478013340907537,0,19,19,193,8,3,2,8
1866,50,1134344828712741135,0,36,36,190,1,5,3,17
1867,50,-8332843859517998254,0,38,38,186,4,5,4,13
1868,50,-6651880418160730817,0,2,2,203,2,5,3,9
1869,50,3206938633051551232,0,38,38,186,1,6,3,14
1870,50,3426119457071101614,0,20,20,193,3,3,1,7
1871,50,8312728237101460124,0,17,17,183,2,5,3,14
1872,50,-5344546509764419633,0,22,22,193,1,7,4,13
1873,50,-8023593523336463378,0,30,30,187,6,6,5,9
1874,50,-7140655516020482262,0,37,37,183,1,6,4,11
1875,50,7825993617235518963,0,20,20,198,6,4,2,7
1876,50,8689267739900689264,0,21,21,182,2,6,3,18
1877,50,8811646980700901909,0,36,36,185,1,5,2,11
1878,50,-4391572840450765617,0,41,41,188,5,7,5,14
1879,50,-5394310772122371428,0,2,2,185,2,2,1,2
1880,50,-3036495863326879865,0,41,41,188,1,15,11,38
1881,50,-8584670305557032604,0,30,30,204,2,5,3,15
1882,50,-6414353774899115075,0,29,29,192,1,3,2,6
1883,50,825974149257534928,0,23,23,188,2,11,9,21
1884,50,-596994676451809649,0,41,41,191,3,3,1,9
1885,50,-4181648854491167234,0,43,43,185,1,7,4,21
1886,50,-3577691525780721560,0,31,31,187,3,4,3,6
1887,50,-247971487440111813,0,35,35,193,1,4,2,8
1888,50,-5901119103343819628,0,21,21,193,2,4,1,17
1889,50,-5543297987461783111,0,33,33,179,1,5,3,6
1890,50,2079703977943059990,0,30,30,194,2,4,2,9
1891,50,-8397917437772612737,0,35,35,194,2,4,1,11
1892,50,-7328464853666413127,0,37,37,189,3,7,3,14
1893,50,-8013405792630391136,0,33,33,184,1,4,2,6
1894,50,5923173832506441060,0,20,20,178,3,5,2,9
1895,50,5715130755549615791,0,36,36,177,3,4,2,12
1896,50,739785344858508466,0,37,37,183,4,3,2,9
1897,50,-8594697995390619279,0,4,4,187,4,8,6,15
1898,50,3811333731429446338,0,23,23,188,1,5,3,11
1899,50,-1137721648804878636,0,35,35,192,3,4,2,7
1900,50,-5434620682709335733,0,30,30,187,1,4,1,10
1901,50,-5536164276702319584,0,33,33,189,3,5,3,12
1902,50,-2251151483420285710,0,37,37,196,1,4,2,10
1903,50,-66284307672349076,0,34,34,180,5,2,2,2
1904,50,6017123727747456735,0,20,20,190,2,8,6,15
1905,50,744034171106766930,0,17,17,179,3,3,2,8
1906,50,2436988758253699981,0,26,26,179,4,4,2,11
1907,50,-9116343154203744538,0,26,26,186,4,6,4,19
1908,50,8385432198180508385,0,27,27,200,3,5,4,13
1909,50,4378321804301079011,0,29,29,177,1,3,2,3
1910,50,4525009105357651326,0,20,20,189,4,8,6,18
1911,50,3328475198544739111,0,32,32,181,3,4,2,12
1912,50,-5877566513167979689,0,41,41,192,4,4,1,8
1913,50,-485933447702361759,0,32,32,196,4,3,2,9
1914,50,1771586420529551236,0,27,27,189,3,4,2,13
1915,50,4879671273945756168,0,35,35,192,2,5,1,7
1916,50,-2685373682995325607,0,36,36,184,4,4,2,11
1917,50,-4733804739995380082,0,39,39,185,3,7,4,10
1918,50,1033101064712475317,0,28,28,182,3,3,1,5
1919,50,1608544996562452693,0,35,35,193,2,6,4,14
1920,50,-3116514119136302185,0,27,27,187,4,4,3,11
1921,50,8061475044170183393,0,35,35,188,1,4,2,11
1922,50,-6338823605447449866,0,35,35,185,6,3,1,5
1923,50,-1217394809732825649,0,35,35,176,1,4,1,9
1924,50,-4481624959114734383,0,26,26,187,1,3,1,7
1925,50,-704116446854425594,0,31,31,188,4,5,3,14
1926,50,-6652992503501015677,0,36,36,185,9,1,1,1
1927,50,-7336113689164035413,0,41,41,188,1,6,2,11
1928,50,-2629054038798192036,0,21,21,186,7,4,2,9
1929,50,-1089559055840772518,0,41,41,195,1,7,3,14
1930,50,-6666317948309190802,0,36,36,183,1,6,3,18
1931,50,1021351018797649682,0,3,3,186,2,8,5,20
1932,50,4595575739189550756,0,0,0,186,5,5,3,7
1933,50,1802398116364380016,0,35,35,183,2,6,3,10
1934,50,7333406575230520343,0,36,36,186,1,6,4,19
1935,50,-1493542881613249761,0,35,35,183,1,6,4,10
1936,50,6273247421911956388,0,30,30,192,2,6,4,13
1937,50,5111009155706661006,0,38,38,188,1,4,2,11
1938,50,2395936148666524601,0,30,30,180,1,9,5,23
1939,50,3234847725029935588,0,15,15,190,3,4,3,9
1940,50,-576826192842894993,0,10,10,183,3,5,3,15
1941,50,3338651308297552176,0,21,21,189,1,9,7,17
1942,50,6563834306979160542,0,44,44,189,7,5,3,10
1943,50,5515203269875456997,0,20,20,179,3,4,2,12
1944,50,-8247516958979965781,0,37,37,190,4,2,1,7
1945,50,-3635638979272775292,0,38,38,187,2,7,4,17
1946,50,5617846811491361765,0,22,22,186,1,7,5,19
1947,50,4703908635074265498,0,26,26,193,1,8,4,21
1948,50,3114092439827754257,0,29,29,173,5,4,3,9
1949,50,4320028821526279405,0,23,23,177,1,5,3,11
1950,50,-4340915747827746941,0,36,36,185,2,4,3,7
1951,50,4265770415292685810,0,26,26,191,5,2,1,4
1952,50,-6258159833881480209,0,34,34,184,4,3,1,9
1953,50,-269298293263039359,0,12,12,188,2,13,11,36
1954,50,1575751404627382590,0,41,41,196,2,9,6,15
1955,50,-5293442079785645877,0,23,23,194,2,7,2,16
1956,50,-7494165642156121435,0,30,30,185,6,3,2,7
1957,50,3991534890185804171,0,44,44,197,3,7,4,13
1958,50,-2150804475962060044,0,36,36,186,2,5,2,16
1959,50,-8757125350527452805,0,37,37,187,4,7,5,20
1960,50,1940289647686727979,0,30,30,185,5,4,3,5
1961,50,5552599996413220873,0,35,35,174,5,3,1,5
1962,50,-1948274359737179565,0,24,24,197,2,11,7,29
1963,50,-4344926495969296054,0,35,35,180,4,2,1,6
1964,50,8951302026947814538,0,37,37,201,4,6,5,9
1965,50,-621951065478297298,0,27,27,183,2,6,2,19
1966,50,5972336131527692126,0,42,42,187,1,6,5,12
1967,50,2259140386716849653,0,32,32,204,1,4,2,10
1968,50,-6971338088022143650,0,24,24,186,2,7,4,16
1969,50,-2951700238819889695,0,29,29,192,3,6,3,19
1970,50,-68978406668514578,0,13,13,200,2,9,6,23
1971,50,-663284825903715283,0,31,31,194,3,4,2,11
1972,50,5244841597691426395,0,29,29,201,1,7,2,16
1973,50,-7063337382297005763,0,40,40,186,5,3,1,7
1974,50,-7699169447513559761,0,31,31,181,1,8,5,15
1975,50,-6238516862521155050,0,37,37,183,2,7,4,18
1976,50,-7712648321469666619,0,30,30,185,7,3,2,8
1977,50,3919350590755588879,0,27,27,180,8,1,1,2
1978,50,3504750289530735647,0,23,23,184,7,3,2,9
1979,50,2126683959193450953,0,34,34,186,1,4,2,10
1980,50,-2854130000759522058,0,36,36,188,1,3,1,3
1981,50,3795008089964700251,0,43,43,185,2,8,4,24
1982,50,-6592709878265994734,0,8,8,183,1,5,2,18
1983,50,1560355221777474514,0,33,33,185,2,2,1,6
1984,50,-7485909150233144100,0,36,36,186,2,8,6,19
1985,50,-7305129453068992552,0,33,33,197,2,5,2,13
1986,50,-2750133537795341264,0,23,23,182,2,5,3,11
1987,50,-834592401950500430,0,31,31,192,3,5,3,13
1988,50,4216230094225526392,0,37,37,192,1,3,2,8
1989,50,8284197988534874223,0,31,31,188,2,10,6,34
1990,50,-4252414074842191627,0,40,40,190,1,8,5,16
1991,50,-3442065507496703906,0,39,39,174,1,6,3,13
1992,50,-7972971425552848800,0,33,33,183,6,3,2,7
1993,50,1442250680118409152,0,36,36,202,4,2,1,6
1994,50,-7783056854305046863,0,31,31,189,3,3,1,6
1995,50,5018117773074336446,0,32,32,191,1,5,3,15
1996,50,7168868009992421949,0,23,23,185,6,5,3,15
1997,50,-1658899216828796260,0,31,31,202,2,6,3,10
1998,50,-2114867917769616890,0,36,36,183,3,9,5,24
1999,50,5361154555176940591,0,35,35,185,1,4,2,9
2000,50,-6125069922790085810,0,38,38,182,2,7,4,16
2001,50,8748592993461668236,0,38,38,185,6,3,1,7
2002,50,-912554602749541267,0,35,35,198,1,4,1,7
2003,50,6925673941130390273,0,35,35,192,4,4,2,12
2004,50,5963160023926489316,0,17,17,200,2,9,5,19
2005,50,478223706216706889,0,24,24,189,1,4,1,7
2006,50,2703335164928905905,0,27,27,188,3,5,2,12
2007,50,-1633994954219433222,0,39,39,194,1,8,5,15
2008,50,-2544567620302283548,0,21,21,190,3,6,3,18
2009,50,9166295641508562754,0,32,32,186,3,3,1,8
2010,50,2701106927809637233,0,39,39,183,1,2,1,8
2011,50,1174947863147988946,0,32,32,197,6,3,1,10
2012,50,-9207258632603233208,0,33,33,184,6,3,3,7
2013,50,-5135118213241249767,0,9,9,179,5,5,3,12
2014,50,-7287343484795677277,0,38,38,206,2,7,4,11
2015,50,-6704836131115620427,0,30,30,180,5,2,1,7
2016,50,-92762856535947874,0,39,39,178,2,3,1,10
2017,50,-2835366050413212122,0,39,39,174,2,4,2,8
2018,50,7912443515180984076,0,31,31,182,2,4,2,8
2019,50,-8972392443800506940,0,37,37,182,2,6,3,12
2020,50,-6788487344460122233,0,30,30,190,2,4,2,8
2021,50,-7730332991327610382,0,34,34,194,1,4,1,11
2022,50,1510652502432139976,0,20,20,183,3,2,1,6
2023,50,-3320773582526587756,0,18,18,186,3,4,1,10
2024,50,-7639681391905306823,0,35,35,203,5,3,2,4
2025,50,8962729821830813374,0,27,27,190,2,6,3,12
2026,50,-4560549822627014712,0,25,25,179,7,3,2,8
2027,50,-4721477689244223315,0,37,37,181,5,2,2,4
2028,50,1873560293502347006,0,32,32,178,1,5,2,16
2029,50,-3729660819279444742,0,37,37,190,2,10,8,23
2030,50,-6763325857011927217,0,39,39,184,7,3,2,9
2031,50,679292882028778252,0,34,34,187,1,3,1,4
2032,50,-3919857058315473741,0,43,43,183,3,6,4,16
2033,50,7296106389123581134,0,36,36,182,1,6,3,17
2034,50,-85903478317180043,0,41,41,184,1,3,1,7
2035,50,-8000512265300679775,0,17,17,187,1,10,7,28
2036,50,-6856985198582845366,0,14,14,187,2,7,4,16
2037,50,7024060139531999380,0,19,19,176,1,6,4,13
2038,50,4344356553579316644,0,31,31,191,1,2,1,4
2039,50,-994056092806237230,0,39,39,190,1,5,3,12
2040,50,3686140568856918600,0,19,19,190,5,2,1,4
2041,50,7523265406291801947,0,22,22,184,4,2,1,4
2042,50,-7999657351318479586,0,34,34,205,5,3,1,4
2043,50,3336817039661603062,0,25,25,198,4,6,3,15
2044,50,-599836014822702521,0,32,32,189,1,7,4,18
2045,50,6141649744911691622,0,28,28,187,2,3,2,5
2046,50,-7944209423346248332,0,25,25,184,6,3,2,7
2047,50,8748064810126851803,0,28,28,195,3,5,3,11
2048,50,8831008223881854325,0,24,24,201,1,5,2,10
2049,50,-459816557733914453,0,44,44,186,4,3,1,7
2050,50,7373590855732389136,0,35,35,186,4,4,2,10
2051,50,-3112547375773056447,0,31,31,190,4,4,2,11
2052,50,-5092128969279029996,0,41,41,194,1,6,3,10
2053,50,-4051563071305689259,0,36,36,193,1,6,4,15
2054,50,617831545052531628,0,17,17,197,3,6,4,13
2055,50,-2697055598309172387,0,39,39,192,1,3,1,10
2056,50,-1255545559543669512,0,31,31,192,3,4,2,7
2057,50,-654439956305727933,0,39,39,187,4,6,5,13
2058,50,-7710261240432629543,0,28,28,200,7,2,1,3
2059,50,3212956829704132695,0,37,37,173,2,4,2,4
2060,50,-7543411647892979188,0,17,17,182,3,2,1,6
2061,50,5005268225488085382,0,35,35,188,8,2,1,2
2062,50,6714089370776527482,0,27,27,179,1,3,2,9
2063,50,5592385847230080972,0,44,44,197,1,6,4,10
2064,50,-8429127220501468979,0,12,12,175,2,5,3,9
2065,50,-3137729217293604633,0,28,28,192,5,4,2,13
2066,50,2228561867245886278,0,10,10,184,2,7,4,14
2067,50,5112199540532687692,0,28,28,188,1,3,1,8
2068,50,-7698563339708398643,0,30,30,196,3,10,5,20
2069,50,-5178333637298507170,0,31,31,188,3,7,4,14
2070,50,9036194708545943881,0,31,31,184,2,6,4,14
2071,50,7044746065522313693,0,41,41,183,2,3,2,7
2072,50,2127928528341658161,0,29,29,183,5,3,1,4
2073,50,-4492722189944441700,0,33,33,187,2,3,1,8
2074,50,-7244709798690358173,0,39,39,174,1,2,1,6
2075,50,7435473479602821750,0,24,24,186,2,7,4,14
2076,50,1365571393381340724,0,27,27,182,8,3,2,8
2077,50,-5313556928173092478,0,28,28,181,4,6,4,13
2078,50,-9154325708954229561,0,26,26,189,2,5,3,8
2079,50,5665198102787964549,0,38,38,176,2,4,2,12
2080,50,8792171163741451170,0,40,40,186,1,7,4,20
2081,50,-6874200837531416408,0,34,34,192,1,4,2,12
2082,50,-4117568294143940226,0,32,32,179,1,7,4,14
2083,50,-141820505060338582,0,36,36,177,2,5,3,15
2084,50,-5192393019604779426,0,20,20,192,2,4,2,11
2085,50,2942761158715505111,0,32,32,182,1,8,4,23
2086,50,-2287990907959755038,0,38,38,184,3,3,1,7
2087,50,-4315518793190184454,0,44,44,189,4,2,1,5
2088,50,-1170528946178690852,0,32,32,178,4,5,2,15
2089,50,-1675102957824329841,0,20,20,185,1,5,3,6
2090,50,4086055411839020323,0,26,26,193,1,7,5,14
2091,50,-9187488102342084868,0,25,25,179,4,2,1,7
2092,50,-8189539223074995545,0,39,39,193,2,8,5,21
2093,50,-9143678047784605310,0,31,31,189,1,2,1,7
2094,50,5375068506181072581,0,32,32,181,5,5,3,14
2095,50,183899884810643375,0,22,22,183,2,2,1,5
2096,50,8079068109935015644,0,36,36,190,3,4,3,12
2097,50,-3614109426711134441,0,33,33,197,1,3,1,6
2098,50,-4452922501488029920,0,26,26,179,4,5,3,15
2099,50,239354613802547011,0,34,34,187,3,5,3,9
2100,50,-2214449289288533330,0,31,31,180,1,5,1,10
2101,50,-651097023061216792,0,30,30,176,4,3,1,7
2102,50,-4838437108804099873,0,17,17,188,3,7,4,16
2103,50,4877649540728429147,0,34,34,192,7,2,1,9
2104,50,1724729897104430048,0,27,27,196,1,4,1,10
2105,50,4907613413650143300,0,25,25,174,1,6,3,9
2106,50,3844201695054357634,0,31,31,183,9,4,4,14
2107,50,-4331994398612391535,0,20,20,197,1,6,3,8
2108,50,-5926919442521792690,0,25,25,181,6,4,3,11
2109,50,-8560236654296496210,0,38,38,196,3,6,4,14
2110,50,-5085943961928071460,0,26,26,180,1,6,3,13
2111,50,-4773142140774679566,0,19,19,192,3,8,4,19
2112,50,900524903822483300,0,26,26,185,1,4,1,13
2113,50,-4990658776610617508,0,31,31,189,4,5,3,11
2114,50,-7637101533249658987,0,32,32,189,1,4,1,9
2115,50,550705703972643198,0,32,32,189,3,2,1,4
2116,50,-5189864099858294107,0,38,38,197,1,7,5,15
2117,50,-5153908148955704648,0,23,23,185,1,11,6,29
2118,50,-4423282144303761496,0,21,21,183,1,11,7,28
2119,50,-3923232121204773463,0,22,22,201,3,3,2,9
2120,50,-2506568768541013467,0,34,34,195,5,3,2,3
2121,50,-6510521984633312285,0,26,26,184,1,4,2,9
2122,50,-727231474569289754,0,30,30,197,2,6,4,13
2123,50,-351920236373483043,0,20,20,196,3,7,4,10
2124,50,-7664184743449372656,0,35,35,186,5,6,3,15
2125,50,3894202432291716653,0,37,37,175,9,5,5,7
2126,50,8681820847547996018,0,27,27,180,5,3,3,9
2127,50,-826569349283559434,0,32,32,199,1,7,4,10
2128,50,-2673317843186422239,0,35,35,189,1,3,1,4
2129,50,3418245881014866078,0,30,30,185,4,5,3,5
2130,50,8966398135005020740,0,31,31,193,5,3,2,4
2131,50,8743046857026161860,0,36,36,187,2,5,3,13
2132,50,4495932260805383211,0,33,33,191,2,6,2,16
2133,50,-51416601694926735,0,29,29,182,2,5,4,19
2134,50,-362907953879732314,0,26,26,177,3,4,2,10
2135,50,569354688214035085,0,28,28,178,3,3,1,7
2136,50,1563857929054068372,0,30,30,184,2,5,3,10
2137,50,-6003137156259316845,0,24,24,197,1,4,2,13
2138,50,6588679442209681594,0,37,37,188,3,8,4,15
2139,50,-1957088240854162552,0,36,36,178,1,6,3,14
2140,50,-900346923369485099,0,41,41,191,2,6,4,13
2141,50,-6991009252040289496,0,22,22,193,1,6,3,14
2142,50,8174784074598694641,0,40,40,197,6,7,4,13
2143,50,5604364028521319522,0,28,28,172,1,6,4,18
2144,50,-960163872186042373,0,47,47,181,3,7,4,18
2145,50,-6233549114056180217,0,2,2,178,3,4,2,9
2146,50,-5632275194082970987,0,30,30,182,5,4,2,9
2147,50,8877078269608470205,0,17,17,182,2,2,1,4
2148,50,-8099046575099875031,0,20,20,183,3,2,1,6
2149,50,-8262537873916185799,0,26,26,195,2,7,3,16
2150,50,-2828235757443151552,0,34,34,190,5,7,5,18
2151,50,-7113188871441314900,0,34,34,190,5,2,2,2
2152,50,-8503833172145557484,0,32,32,179,7,4,3,12
2153,50,-6179791223227497346,0,23,23,196,1,9,5,25
2154,50,-7122137422140490653,0,29,29,182,2,5,3,15
2155,50,-3747228045214587335,0,32,32,189,5,3,1,9
2156,50,-8099833132610113147,0,41,41,187,1,4,2,11
2157,50,-1743745355288002361,0,37,37,179,1,5,2,10
2158,50,8679274493440911297,0,43,43,175,4,6,4,15
2159,50,-667326265941541408,0,41,41,189,1,4,2,14
2160,50,4523148437279958491,0,29,29,188,1,5,2,9
2161,50,-526631065034955075,0,46,46,183,5,7,5,16
2162,50,-363344048932208655,0,21,21,186,2,6,4,15
2163,50,4354002028832035089,0,21,21,191,1,4,2,11
2164,50,7328160416490229638,0,30,30,194,1,4,1,6
2165,50,-457812731302516935,0,37,37,194,1,9,6,16
2166,50,-6872407681979033377,0,12,12,177,4,4,3,11
2167,50,-5130339443699826767,0,34,34,190,3,5,3,12
2168,50,4729077982738051469,0,38,38,181,5,2,1,6
2169,50,1608077222617118666,0,34,34,183,5,1,1,3
2170,50,-7269963217718625205,0,44,44,194,4,3,2,8
2171,50,-4591406978896411239,0,29,29,182,2,5,2,16
2172,50,-1754033942749164023,0,29,29,187,2,3,1,5
2173,50,5641530834898597170,0,34,34,184,4,3,2,8
2174,50,-7998662115098636216,0,17,17,189,3,7,4,21
2175,50,-5211611937594751722,0,37,37,187,3,5,2,8
2176,50,-1243026926328302424,0,39,39,195,7,2,1,2
2177,50,-5989841949878299159,0,29,29,193,3,3,2,3
2178,50,-2015643946387075650,0,37,37,199,2,5,2,12
2179,50,3572120256219341160,0,30,30,181,1,3,1,10
2180,50,-1654223855535578837,0,29,29,180,4,5,3,11
2181,50,5073834009316273305,0,33,33,186,1,3,1,8
2182,50,-6166202654089148695,0,23,23,182,1,6,3,17
2183,50,-4662595060355438269,0,36,36,188,2,3,2,3
2184,50,4084938352588319208,0,41,41,182,4,6,4,12
2185,50,1605716459924322976,0,28,28,181,2,4,1,12
2186,50,3008165687139614169,0,29,29,189,3,3,2,6
2187,50,-1182816010074173104,0,40,40,203,3,4,2,7
2188,50,5961598228183547464,0,22,22,186,8,10,9,20
2189,50,7552664767017587345,0,21,21,185,5,3,2,7
2190,50,5465426986726017776,0,29,29,174,2,7,5,11
2191,50,5300057751420337837,0,25,25,188,2,4,1,10
2192,50,-8013595056154479286,0,27,27,193,2,6,4,14
2193,50,-3116505423590896973,0,41,41,190,4,6,5,16
2194,50,4100322487293399911,0,36,36,181,2,3,1,7
2195,50,-5873724216272756375,0,22,22,182,5,7,5,14
2196,50,5226057786692856831,0,29,29,185,2,2,1,2
2197,50,-1725204581688623232,0,39,39,190,4,3,2,5
2198,50,-320326453677076535,0,30,30,185,1,7,4,22
2199,50,8181019411321741065,0,32,32,185,2,4,3,7
2200,50,-128122172727741428,0,30,30,196,4,2,1,6
2201,50,-7771044614082206168,0,38,38,192,2,5,3,15
2202,50,-2982654958269717899,0,37,37,185,1,6,3,17
2203,50,-6885771283248116474,0,25,25,185,5,3,1,11
2204,50,3306177539206205995,0,29,29,196,1,8,5,18
2205,50,1575926925967421195,0,34,34,186,3,6,4,17
2206,50,-4763257756150170080,0,38,38,188,4,7,4,15
2207,50,7836637460116421453,0,32,32,189,4,2,1,2
2208,50,6102957525476035754,0,40,40,192,2,5,3,9
2209,50,-8234801516110645181,0,27,27,196,1,3,1,10
2210,50,3905801472078519377,0,11,11,186,1,4,2,13
2211,50,7007227795172576957,0,23,23,195,2,4,1,12
2212,50,-7290607943475770902,0,40,40,185,6,3,2,6
2213,50,-4805867693816016872,0,37,37,184,5,3,2,7
2214,50,-5017947920533044252,0,34,34,183,2,4,2,7
2215,50,1400295871209204652,0,29,29,196,1,6,3,9
2216,50,-4915428045328285983,0,3,3,181,5,3,1,7
2217,50,7416332324792534921,0,41,41,176,1,4,2,13
2218,50,-6490480802303893624,0,32,32,187,2,7,5,17
2219,50,5582161318780334179,0,24,24,191,2,7,5,18
2220,50,-7929584617206977127,0,38,38,184,3,6,4,12
2221,50,-7157048858213739318,0,44,44,201,1,5,2,9
2222,50,-8066850208610425791,0,17,17,191,2,5,2,12
2223,50,4666831200883785629,0,42,42,186,2,3,2,5
2224,50,-583002323005246546,0,31,31,185,3,3,1,7
2225,50,-1967523569808685632,0,30,30,186,6,3,2,7
2226,50,-905048653729380378,0,9,9,190,4,3,1,3
2227,50,3323173349238135564,0,35,35,190,5,5,4,10
2228,50,-8600127942946019116,0,34,34,191,6,4,2,10
2229,50,8665199025087693447,0,45,45,190,1,5,4,12
2230,50,-393877079457445980,0,32,32,192,1,5,3,11
2231,50,1457312917275463124,0,29,29,176,4,4,2,7
2232,50,2734656201785412943,0,33,33,199,1,6,3,12
2233,50,855622320681836525,0,44,44,195,1,7,4,10
2234,50,5279957885580787321,0,15,15,196,1,8,6,22
2235,50,7048617553364412174,0,26,26,185,2,6,3,20
2236,50,1322169425556899962,0,33,33,184,3,5,3,16
2237,50,9131867104794378740,0,27,27,192,2,4,1,6
2238,50,-6332737905527141447,0,29,29,195,3,3,1,3
2239,50,6691833074716001351,0,32,32,195,1,3,2,8
2240,50,-2701273452867700927,0,24,24,177,2,5,4,11
2241,50,-8652494746628338093,0,25,25,187,1,10,6,26
2242,50,-8780315577381484147,0,42,42,186,2,5,3,9
2243,50,-1404843559623545858,0,33,33,196,3,5,2,10
2244,50,4613405546584378022,0,42,42,187,1,5,2,13
2245,50,-544338767128088842,0,32,32,177,5,4,3,8
2246,50,7095546126573638511,0,24,24,184,2,7,3,15
2247,50,-5212221459889801175,0,30,30,192,2,5,3,14
2248,50,-3039788594613897665,0,44,44,178,6,4,3,8
2249,50,8136504700360205434,0,42,42,178,1,5,2,15
2250,50,5706073949860912304,0,34,34,192,3,5,3,16
2251,50,1630227537033089201,0,29,29,181,2,5,4,14
2252,50,343418526872465078,0,25,25,175,1,3,2,9
2253,50,8818790537160583346,0,35,35,192,2,4,3,7
2254,50,-1536089011489679629,0,15,15,183,4,4,2,7
2255,50,3015067548093838833,0,38,38,195,2,4,2,12
2256,50,-4810779034293635000,0,36,36,189,3,5,2,13
2257,50,-3905622726898949851,0,40,40,191,1,8,5,17
2258,50,6775279887529306287,0,36,36,184,6,3,3,7
2259,50,-8872121115235722437,0,33,33,189,1,6,4,13
2260,50,3496375868686370119,0,25,25,189,7,3,2,7
2261,50,1580718481643331981,0,28,28,186,2,3,1,8
2262,50,3002665275593667504,0,28,28,191,4,3,2,6
2263,50,4628499115709288787,0,31,31,190,1,5,3,9
2264,50,-8394867030712785768,0,22,22,174,2,4,2,12
2265,50,5756932465719787097,0,31,31,192,2,4,2,9
2266,50,-3761069696718492778,0,37,37,180,1,4,2,12
2267,50,-1049527400392785678,0,29,29,198,1,3,1,6
2268,50,-3316803186771001290,0,25,25,190,1,9,4,23
2269,50,4497692308662333228,0,35,35,180,3,7,4,18
2270,50,-7637799540222657452,0,32,32,183,5,2,1,5
2271,50,-240722416106965692,0,34,34,183,1,5,2,10
2272,50,-6306955313580332115,0,19,19,190,1,8,6,16
2273,50,8408642042991083868,0,30,30,187,3,3,1,4
2274,50,6489443015915618482,0,27,27,179,3,6,3,16
2275,50,-1172809788991900054,0,32,32,183,1,2,1,4
2276,50,1191483593760326303,0,35,35,186,4,7,4,18
2277,50,6727789965938170483,0,31,31,185,1,4,2,8
2278,50,-1144781194834212660,0,39,39,200,3,4,3,7
2279,50,1896209309265671161,0,36,36,184,4,2,1,6
2280,50,-2762660991438874813,0,34,34,198,3,4,2,11
2281,50,-7284590286620734798,0,34,34,184,2,5,3,13
2282,50,-396632554648358766,0,35,35,176,1,6,3,19
2283,50,7182186806904995706,0,31,31,183,1,4,2,7
2284,50,-3491534534075240223,0,19,19,187,2,8,6,18
2285,50,5663648931211538313,0,33,33,179,3,5,4,8
2286,50,-5340768593648417210,0,29,29,190,2,7,4,22
2287,50,8227124157941241576,0,34,34,191,4,3,1,8
2288,50,8955104883054008919,0,21,21,192,5,8,6,12
2289,50,-1169510564675557856,0,16,16,191,1,5,3,13
2290,50,1632832135476855040,0,38,38,166,3,3,1,6
2291,50,-7673300242666946763,0,30,30,196,1,7,4,17
2292,50,-6086788076495929193,0,23,23,187,2,5,2,7
2293,50,4397660888558947794,0,39,39,187,1,5,3,12
2294,50,-1250799075012622547,0,39,39,183,4,4,2,8
2295,50,-8617471662655377723,0,35,35,178,3,6,5,17
2296,50,-5043602146055790297,0,38,38,175,3,4,2,12
2297,50,8764643876650162860,0,40,40,193,6,2,1,7
2298,50,6376867623352157452,0,28,28,195,1,7,3,13
2299,50,797842978500364272,0,33,33,193,4,3,2,11
2300,50,2496991087699691679,0,29,29,182,1,4,3,14
2301,50,-7402968726636562446,0,33,33,180,2,7,4,18
2302,50,3498173913936401200,0,31,31,177,2,9,7,24
2303,50,-8371330761118866556,0,29,29,183,2,8,6,15
2304,50,-6241850382545313490,0,38,38,177,2,3,1,8
2305,50,3804946243219290779,0,25,25,194,1,8,5,19
2306,50,-807200305922839295,0,33,33,188,1,4,2,4
2307,50,-8098700001053512894,0,30,30,184,1,4,1,6
2308,50,-482783140885491434,0,30,30,176,5,4,3,15
2309,50,2518020947846046672,0,34,34,181,7,5,3,14
2310,50,24964506834040634,0,36,36,191,1,7,4,20
2311,50,5787253380068508765,0,40,40,188,2,4,2,7
2312,50,-8445820776195757780,0,32,32,183,3,8,5,22
2313,50,6316224434545242993,0,30,30,193,3,6,3,14
2314,50,-5149007844230195604,0,31,31,210,1,5,2,12
2315,50,1378203755503340030,0,27,27,183,3,8,5,21
2316,50,3155370302971355993,0,41,41,190,1,4,1,7
2317,50,4458979811469150864,0,36,36,183,5,2,1,7
2318,50,-1401988427830356614,0,26,26,180,6,5,3,8
2319,50,960043094726989762,0,16,16,184,5,3,2,5
2320,50,-7841072402860297957,0,23,23,185,6,3,1,4
2321,50,1657809013153422835,0,36,36,186,3,3,2,10
2322,50,6494648426751433756,0,29,29,183,2,4,2,17
2323,50,5349579826396505146,0,41,41,196,3,4,2,12
2324,50,-127170672939705852,0,29,29,188,1,8,5,18
2325,50,859278691938302102,0,44,44,193,2,6,4,15
2326,50,356449856311096668,0,39,39,191,2,7,4,16
2327,50,-1633381796906996887,0,33,33,198,5,6,4,19
2328,50,-768795522058851782,0,27,27,190,2,3,1,4
2329,50,-8951930114119643609,0,42,42,191,1,3,1,9
2330,50,-3494724254683584997,0,2,2,189,1,7,4,17
2331,50,4001548634541517130,0,27,27,179,1,10,8,21
2332,50,-320939080170622730,0,19,19,183,6,5,4,14
2333,50,333401090352422281,0,36,36,187,2,7,3,19
2334,50,-8098414147454938227,0,47,47,193,4,3,2,5
2335,50,-7252166103045381048,0,25,25,178,4,4,3,11
2336,50,1930804123959021317,0,18,18,185,2,4,2,10
2337,50,6545798782040531793,0,34,34,187,6,3,1,7
2338,50,-6186689772325733959,0,34,34,189,1,4,2,6
2339,50,535940581088004036,0,26,26,176,1,7,4,18
2340,50,-823773917831899830,0,24,24,189,2,11,7,27
2341,50,263000078158060620,0,32,32,191,3,4,2,9
2342,50,2030167301640516090,0,11,11,192,5,6,5,15
2343,50,-6091973536781758829,0,19,19,183,1,6,3,18
2344,50,4432300127452672826,0,30,30,192,2,5,3,18
2345,50,-2283842934830770185,0,31,31,183,2,9,4,26
2346,50,-5043978990964782720,0,31,31,188,5,4,2,13
2347,50,-1755478004766130819,0,32,32,186,3,4,2,12
2348,50,5790815247628596574,0,26,26,187,5,3,1,7
2349,50,500947362541165317,0,25,25,190,2,3,1,7
2350,50,6238103976492492752,0,34,34,195,1,3,1,7
2351,50,1965358391980142015,0,28,28,187,2,4,2,9
2352,50,-3241937022589119531,0,40,40,180,1,7,4,22
2353,50,2222684330219377117,0,24,24,178,2,4,2,9
2354,50,8666260382930502976,0,30,30,191,2,3,1,9
2355,50,-4397236861152991350,0,27,27,195,5,3,2,4
2356,50,4513456684939153615,0,18,18,201,2,8,4,23
2357,50,1566111119818822426,0,35,35,174,3,5,3,14
2358,50,4190561603430707580,0,28,28,172,3,5,3,16
2359,50,9192541574680595586,0,27,27,187,5,5,4,13
2360,50,8811903003224909587,0,31,31,188,6,2,1,4
2361,50,2627625319530361353,0,27,27,191,9,1,1,2
2362,50,-355241477451011580,0,40,40,182,2,5,3,14
2363,50,784253722891899455,0,38,38,203,2,5,2,8
2364,50,-7112600370732185478,0,32,32,182,4,4,3,8
2365,50,659517475677905198,0,44,44,184,3,3,1,8
2366,50,-8776517506992324437,0,27,27,183,1,3,1,13
2367,50,-3185345151302726449,0,27,27,185,4,5,3,20
2368,50,6724801932439301233,0,35,35,189,3,3,1,7
2369,50,1545906996217128127,0,11,11,180,1,16,12,51
2370,50,8289181640218874393,0,42,42,184,2,4,2,14
2371,50,-625163020812744398,0,43,43,191,4,4,1,8
2372,50,-6763069255492522373,0,26,26,182,3,6,4,15
2373,50,3444236633687921959,0,25,25,185,4,5,4,12
2374,50,-7724869865762894774,0,33,33,180,3,4,2,10
2375,50,-8023821621835368483,0,41,41,195,1,5,2,10
2376,50,3978436489423862957,0,28,28,183,4,6,4,18
2377,50,3359556508777607557,0,28,28,187,3,5,4,10
2378,50,8341839259574322446,0,41,41,177,1,4,2,11
2379,50,-1855339869432731848,0,19,19,195,1,5,3,12
2380,50,-7367843116657371599,0,19,19,190,2,5,3,12
2381,50,356044210674549291,0,28,28,186,4,3,2,8
2382,50,-783452395506720633,0,38,38,181,5,4,1,13
2383,50,-3553363325209063904,0,37,37,177,1,6,5,19
2384,50,8067376811407169987,0,31,31,186,5,9,6,19
2385,50,1139406194194516767,0,39,39,189,2,10,5,24
2386,50,-8633183758081439827,0,19,19,182,5,6,3,16
2387,50,-4353135944968493467,0,25,25,191,5,4,2,12
2388,50,5505946012273730615,0,36,36,194,7,4,4,6
2389,50,8397547066976964253,0,27,27,196,1,4,2,12
2390,50,7649643320667811533,0,19,19,177,8,5,4,9
2391,50,9074297261174216525,0,44,44,191,1,5,2,16
2392,50,-78405662392647951,0,30,30,185,3,6,3,17
2393,50,-1754358375385505902,0,6,6,182,2,6,2,16
2394,50,-3184259975379194874,0,22,22,190,1,10,6,34
2395,50,-6722262163715411952,0,20,20,196,2,7,3,13
2396,50,-2718097701706998165,0,30,30,188,2,7,4,17
2397,50,7278987747570598947,0,34,34,197,4,3,2,8
2398,50,3365166014206811595,0,33,33,197,2,5,2,10
2399,50,-325823119089192359,0,38,38,198,1,5,3,10
2400,50,348647677927452850,0,37,37,179,2,3,1,7
2401,50,6456714280626448420,0,29,29,200,2,5,2,15
2402,50,-4479479731198877340,0,38,38,182,3,8,5,16
2403,50,-975846497415041845,0,26,26,181,1,5,3,14
2404,50,2279747878140967914,0,37,37,189,6,3,2,5
2405,50,9208997394227421090,0,21,21,189,6,2,2,6
2406,50,-6927810050709415572,0,34,34,189,1,6,3,10
2407,50,-8203801778794846854,0,33,33,187,1,2,1,9
2408,50,5665439585187761350,0,15,15,195,1,7,4,15
2409,50,3981314678390651226,0,35,35,183,4,3,1,8
2410,50,231686035926795348,0,39,39,195,6,3,2,9
2411,50,-817473960204839826,0,40,40,187,1,4,1,10
2412,50,-987081459975211760,0,37,37,195,1,7,1,14
2413,50,8188162949509603647,0,26,26,184,1,6,3,11
2414,50,-5845023335651237153,0,36,36,189,1,12,9,23
2415,50,-7844087605078692316,0,30,30,195,1,7,4,15
2416,50,3576237981357480487,0,13,13,195,5,3,1,9
2417,50,7340484319023272696,0,28,28,187,1,4,1,10
2418,50,6669380497989037732,0,31,31,189,4,5,3,11
2419,50,7072438570576903692,0,20,20,184,8,9,8,26
2420,50,-3951417684307651716,0,40,40,198,5,5,3,12
2421,50,1991818167433534559,0,29,29,181,4,4,3,12
2422,50,-4941514219401387888,0,34,34,182,4,6,4,18
2423,50,7183978541754814732,0,35,35,187,3,3,1,9
2424,50,8264178880631118100,0,34,34,191,1,6,3,12
2425,50,-8556482628134162429,0,30,30,198,2,6,4,14
2426,50,355057642835298145,0,34,34,193,1,3,2,9
2427,50,7231853294383591419,0,34,34,185,2,6,4,13
2428,50,-6998019280922623479,0,32,32,188,3,3,1,10
2429,50,7938993138671847335,0,31,31,184,2,5,3,12
2430,50,-5250785967318569428,0,29,29,191,1,7,3,22
2431,50,4380652259545098791,0,30,30,187,4,3,1,9
2432,50,2934922914991969033,0,33,33,180,4,3,2,9
2433,50,5535543167422600897,0,35,35,197,4,4,2,12
2434,50,-7597549405096619305,0,36,36,193,1,9,6,20
2435,50,5574140311649972176,0,38,38,183,5,8,5,19
2436,50,2357512425329614037,0,34,34,192,1,6,4,20
2437,50,-1843857311704904452,0,30,30,183,5,5,3,13
2438,50,-5497945494179304289,0,23,23,196,6,3,2,3
2439,50,-5632130021838963542,0,35,35,187,1,5,3,11
2440,50,-3742527731330127165,0,28,28,192,4,5,2,9
2441,50,7202883600442697910,0,47,47,184,4,5,2,16
2442,50,-3282165433750830444,0,33,33,192,4,3,2,8
2443,50,-5229526961846824353,0,24,24,187,3,4,1,11
2444,50,8826015993432490301,0,32,32,189,6,4,2,12
2445,50,-1749390396964284030,0,27,27,185,3,3,2,3
2446,50,4342994966551138840,0,35,35,181,1,5,2,15
2447,50,8314832700384019211,0,25,25,191,1,4,2,11
2448,50,-2069528516510536640,0,6,6,175,8,3,2,8
2449,50,-7301622553258085720,0,39,39,188,2,5,2,15
2450,50,-5201497603750378140,0,35,35,184,1,8,4,23
2451,50,-779037978030617666,0,30,30,177,5,2,1,5
2452,50,5813811403009727966,0,18,18,183,3,3,2,6
2453,50,7624654125463776672,0,24,24,198,1,5,2,9
2454,50,1961951626062592515,0,19,19,186,1,4,2,11
2455,50,8279095538403032830,0,30,30,182,3,5,2,12
2456,50,-84837582693147460,0,36,36,175,1,3,1,8
2457,50,-8110374183762215781,0,40,40,182,1,5,3,15
2458,50,-5729711348640786603,0,29,29,180,3,3,1,8
2459,50,-345296036857888958,0,40,40,191,3,5,3,14
2460,50,-5063671175812709739,0,36,36,188,1,9,6,23
2461,50,-5431622490804048646,0,31,31,190,4,2,1,6
2462,50,7882649609282974990,0,31,31,178,3,4,2,11
2463,50,-6022215432469411464,0,33,33,192,4,2,1,10
2464,50,-852382267542091083,0,35,35,186,7,3,2,4
2465,50,-1193111141633369644,0,43,43,196,3,3,2,4
2466,50,-3231240925028511308,0,36,36,183,7,3,2,9
2467,50,3179210052957179775,0,29,29,190,6,6,4,14
2468,50,5141536173235744894,0,46,46,187,6,2,2,6
2469,50,2520624710274559605,0,37,37,183,4,3,2,10
2470,50,2566289550217451812,0,29,29,190,1,6,4,13
2471,50,2266182004145267374,0,29,29,182,1,6,2,16
2472,50,-8525901372133057049,0,35,35,193,3,8,4,20
2473,50,5612770138200701145,0,26,26,178,2,3,1,6
2474,50,8975017604619696909,0,39,39,183,3,5,1,13
2475,50,-5744213805715755444,0,38,38,185,2,2,1,5
2476,50,8152621881101838839,0,34,34,188,6,7,5,17
2477,50,2670267597550193717,0,37,37,177,1,3,1,10
2478,50,6033236296951189875,0,39,39,175,5,2,1,4
2479,50,-4639487884415942123,0,37,37,198,1,4,2,10
2480,50,292277205666522959,0,31,31,202,3,9,6,29
2481,50,-1167137895754484881,0,24,24,186,4,4,3,12
2482,50,-4578903915296401618,0,43,43,182,1,3,1,8
2483,50,4751213167297703100,0,42,42,181,3,6,4,16
2484,50,-1067298881552104802,0,19,19,190,1,6,4,11
2485,50,-321072575802543199,0,39,39,188,1,4,2,11
2486,50,-437391056768487832,0,36,36,189,7,6,4,14
2487,50,7388327656025646691,0,33,33,180,4,3,1,6
2488,50,5078565046105403690,0,38,38,189,3,3,2,4
2489,50,2659140732395101850,0,31,31,190,2,5,2,12
2490,50,8332971235101931299,0,37,37,194,6,7,4,17
2491,50,-7574560996053644508,0,35,35,185,4,6,3,17
2492,50,-2022834379383247026,0,31,31,200,1,9,6,19
2493,50,-1972577941881211556,0,28,28,181,6,4,3,9
2494,50,830636083789968817,0,34,34,187,3,4,2,8
2495,50,1124378960724338060,0,33,33,188,3,5,3,10
2496,50,8528356976609332982,0,34,34,192,4,4,2,12
2497,50,495166534054353567,0,26,26,186,2,6,4,18
2498,50,-3478823501440841414,0,43,43,184,1,6,2,10
2499,50,-3410067277789755110,0,22,22,195,3,5,3,12
2500,50,-4894599782819490268,0,27,27,195,2,5,1,12
2501,50,-5497768772667370163,0,33,33,170,8,2,1,5
2502,50,-282228308248579527,0,41,41,202,2,7,4,15
2503,50,-1813821662546985787,0,29,29,191,2,4,2,15
2504,50,6032339248466341231,0,26,26,183,4,4,3,10
2505,50,-5201051142971677948,0,43,43,187,1,11,8,34
2506,50,-1020972868362376961,0,36,36,189,1,3,1,8
2507,50,-7181377572105505421,0,20,20,195,2,3,2,5
2508,50,6609227895872986751,0,31,31,195,4,6,4,16
2509,50,929262860708780695,0,25,25,192,3,7,4,17
2510,50,1581831207915095087,0,20,20,192,1,4,2,6
2511,50,-889253865239175037,0,24,24,175,3,3,1,6
2512,50,-5241421274778934638,0,33,33,191,1,6,3,12
2513,50,8722414455691615885,0,24,24,186,3,5,3,18
2514,50,-5385874744213278912,0,24,24,193,2,3,1,6
2515,50,-1543584576542147004,0,28,28,181,3,5,3,8
2516,50,-2047982500947296006,0,42,42,188,1,6,4,17
2517,50,-4806575209184403551,0,39,39,193,3,5,2,14
2518,50,5130979725809250559,0,38,38,178,2,3,2,6
2519,50,7555706090022882427,0,40,40,197,1,8,4,20
2520,50,-1798900905482568291,0,34,34,180,1,4,1,11
2521,50,3678804161636839232,0,36,36,176,2,5,3,18
2522,50,-6130673209284640246,0,35,35,188,1,6,3,17
2523,50,7604547857225220321,0,42,42,181,4,7,5,15
2524,50,673140433865545588,0,29,29,195,4,4,2,10
2525,50,-1657902436329496050,0,35,35,186,4,3,1,8
2526,50,4896507272280437589,0,25,25,180,5,4,2,14
2527,50,-2135762332393008221,0,32,32,196,3,4,3,7
2528,50,-5566384255392442612,0,42,42,188,5,3,1,6
2529,50,5175656582470861409,0,19,19,193,4,4,2,13
2530,50,3370346387448341673,0,36,36,190,2,7,5,11
2531,50,2956484372781488609,0,30,30,182,5,2,1,4
2532,50,447641817635482888,0,19,19,194,4,4,2,7
2533,50,566944057209213636,0,32,32,184,2,4,2,12
2534,50,2236547666132896544,0,22,22,188,4,3,2,6
2535,50,1886472435165573167,0,37,37,185,3,4,2,8
2536,50,-8593075624682725220,0,31,31,185,2,6,3,12
2537,50,-4007039017834405770,0,37,37,195,1,6,3,14
2538,50,-2589047464649013333,0,23,23,179,2,3,1,9
2539,50,1321868826564097302,0,40,40,182,3,3,2,7
2540,50,7966160846507445780,0,35,35,177,1,5,3,13
2541,50,-1574244236927834647,0,44,44,185,3,9,7,20
2542,50,-5033160578220094068,0,24,24,195,2,6,4,16
2543,50,-2500482461775703148,0,42,42,187,1,8,5,23
2544,50,-821965553103112885,0,31,31,189,2,3,1,11
2545,50,7394718864255892803,0,42,42,180,3,2,1,7
2546,50,-2195097265130497828,0,35,35,195,1,3,1,6
2547,50,2053992998783507864,0,18,18,196,3,6,3,12
2548,50,-8957941959672932300,0,18,18,188,3,4,1,13
2549,50,4449352070097085152,0,32,32,188,3,5,3,10
2550,50,-5886710460662221562,0,25,25,188,1,7,3,23
2551,50,5302994253182400135,0,26,26,185,3,7,3,18
2552,50,4058961942923733333,0,30,30,196,2,5,3,15
2553,50,-4876387540421441587,0,38,38,184,1,2,1,6
2554,50,-689426586437119158,0,38,38,185,3,4,2,11
2555,50,7355841159661751738,0,45,45,188,6,2,1,6
2556,50,-3399563984490575289,0,32,32,183,4,3,1,6
2557,50,5570699293830394959,0,26,26,182,2,8,5,20
2558,50,-8234421555476909765,0,32,32,185,2,3,1,8
2559,50,-7078073642059355907,0,22,22,178,6,3,2,7
2560,50,-1055450162240267720,0,48,48,186,1,4,2,10
2561,50,-4569376061369320869,0,31,31,178,2,2,1,6
2562,50,-1045240902737424574,0,22,22,187,7,4,3,12
2563,50,-7096450437505302766,0,35,35,189,6,10,7,28
2564,50,2605430746473419880,0,36,36,197,7,3,2,9
2565,50,-1000945207337142245,0,33,33,181,2,4,2,6
2566,50,-6909828910279559400,0,28,28,188,5,4,3,8
2567,50,2617238343569105452,0,25,25,177,2,5,3,13
2568,50,-436838056441987409,0,44,44,187,3,6,4,24
2569,50,-8908021052667581841,0,32,32,177,2,3,2,6
2570,50,4812176025955177040,0,36,36,185,1,5,2,13
2571,50,6985710700105939573,0,36,36,191,4,5,3,16
2572,50,3824528751386535926,0,35,35,189,4,6,3,16
2573,50,-1034045431823167639,0,27,27,188,3,3,1,8
2574,50,8811856457063829707,0,32,32,192,3,8,6,17
2575,50,178605751436103816,0,28,28,185,6,4,3,10
2576,50,-547473777149004103,0,37,37,189,1,5,3,12
2577,50,-8111369747739698992,0,37,37,184,1,4,2,10
2578,50,-3357388414126219455,0,20,20,192,5,4,3,13
2579,50,9119572290902239223,0,45,45,191,1,6,4,15
2580,50,-8609876403188463732,0,31,31,174,5,4,3,10
2581,50,4615269229830680222,0,41,41,183,2,4,2,13
2582,50,1318343972164545983,0,25,25,196,3,9,7,17
2583,50,-849501742870746682,0,43,43,176,1,8,5,15
2584,50,5542130070046530451,0,35,35,182,2,3,2,6
2585,50,8531700142902149506,0,37,37,176,2,4,2,10
2586,50,-133212039241726429,0,17,17,187,1,5,2,19
2587,50,4500814447370919662,0,43,43,182,3,7,5,17
2588,50,7239045830575462152,0,19,19,191,4,5,3,11
2589,50,-2291784670533358241,0,30,30,188,1,8,5,21
2590,50,3515060352803353250,0,23,23,183,7,2,1,6
2591,50,4483017984896203483,0,38,38,193,2,7,5,17
2592,50,5687351120055340984,0,25,25,180,1,6,4,15
2593,50,-8989388344437330997,0,25,25,178,6,4,3,12
2594,50,-3748163709355543485,0,24,24,197,2,6,3,9
2595,50,2237606543424566767,0,38,38,183,2,3,2,8
2596,50,-2046115847797757050,0,15,15,187,3,4,2,11
2597,50,6532407192318629521,0,44,44,187,2,3,2,7
2598,50,6979677805727091042,0,18,18,200,5,5,3,13
2599,50,6840352351806650365,0,41,41,192,3,4,3,5
2600,50,813354276007399143,0,24,24,194,3,5,2,14
2601,50,-8580234456775443921,0,27,27,181,2,6,4,11
2602,50,8031518452120388654,0,22,22,181,5,4,3,9
2603,50,-5985882128740887858,0,32,32,197,2,4,3,8
2604,50,8798341159259609957,0,31,31,192,4,7,3,16
2605,50,314559005881366617,0,21,21,186,6,1,1,2
2606,50,-4659158241094110934,0,34,34,180,3,5,3,8
2607,50,5156929629620358303,0,26,26,192,6,6,3,9
2608,50,-869201514046521827,0,29,29,196,2,5,4,11
2609,50,4274566606051506804,0,44,44,182,2,4,1,10
2610,50,-4178255473761448528,0,24,24,182,3,9,5,29
2611,50,6866389698410412705,0,35,35,189,1,7,3,13
2612,50,8971955886373604928,0,35,35,183,1,8,6,23
2613,50,-8209312379563199460,0,28,28,181,2,7,5,18
2614,50,5355162169856773737,0,33,33,184,5,8,5,18
2615,50,2749563430456847224,0,36,36,186,2,2,1,3
2616,50,3624291647448759189,0,38,38,179,4,3,2,4
2617,50,-6596298708820478562,0,37,37,195,3,5,3,13
2618,50,8513615295183615446,0,23,23,188,4,10,7,26
2619,50,-6782742948711308867,0,46,46,186,1,7,5,17
2620,50,8780272909276302581,0,25,25,194,1,5,2,13
2621,50,-7670410551286165890,0,37,37,197,2,3,2,5
2622,50,-7912245873332487477,0,36,36,203,2,5,3,9
2623,50,692534512147684988,0,31,31,192,2,11,7,17
2624,50,-8267270383880524082,0,38,38,192,1,6,2,18
2625,50,-8073044033360592909,0,31,31,190,2,3,1,8
2626,50,-5079762943603589394,0,31,31,181,1,7,3,22
2627,50,8458225444253629367,0,32,32,183,5,3,2,5
2628,50,8776835249341305249,0,23,23,182,3,9,6,19
2629,50,3572629009235541862,0,47,47,171,8,3,2,7
2630,50,-1363681604522142404,0,29,29,195,2,7,4,15
2631,50,-1672499699221522720,0,26,26,181,1,7,5,14
2632,50,1432805932165683333,0,25,25,178,2,7,4,22
2633,50,418854561649068279,0,36,36,195,1,6,2,15
2634,50,1284071201244715141,0,40,40,184,3,6,3,14
2635,50,5726505150482500451,0,22,22,192,3,5,3,15
2636,50,8074595060816107425,0,42,42,193,3,6,4,17
2637,50,-5643110130491145736,0,24,24,187,6,3,2,9
2638,50,-8247694119754673685,0,41,41,184,3,3,2,6
2639,50,-3054935582115349222,0,43,43,179,2,8,5,19
2640,50,-173192965264153931,0,37,37,193,2,4,2,9
2641,50,3265890755390106480,0,31,31,198,3,3,1,11
2642,50,7623741158133247847,0,34,34,184,8,3,3,9
2643,50,2536385430574379735,0,29,29,189,2,4,2,7
2644,50,8488117009008077714,0,27,27,197,1,7,3,19
2645,50,767865188275725465,0,36,36,194,3,5,2,10
2646,50,2149737169162062404,0,36,36,181,6,5,4,14
2647,50,7286524630935404766,0,22,22,199,1,6,4,13
2648,50,8157488961775497373,0,14,14,184,1,10,7,23
2649,50,3561702113190509922,0,44,44,179,1,2,1,8
2650,50,7123222764668157346,0,48,48,203,3,3,1,6
2651,50,-4969988481255947417,0,46,46,190,1,12,7,19
2652,50,-7326876761492620463,0,31,31,176,2,3,1,9
2653,50,-6282538506590070547,0,27,27,189,2,6,4,12
2654,50,-4581174486060086028,0,23,23,182,1,10,7,18
2655,50,-7660972758445889248,0,24,24,194,2,5,2,9
2656,50,2553825702376795834,0,28,28,190,4,4,3,12
2657,50,-57036273329594350,0,26,26,198,7,3,2,7
2658,50,-3405917760813524350,0,38,38,182,5,6,5,22
2659,50,-3651506734939599446,0,33,33,193,5,7,4,22
2660,50,6615567675930895866,0,24,24,188,3,6,3,17
2661,50,-6841741709482540069,0,41,41,190,2,10,7,22
2662,50,-7568862198073283096,0,41,41,190,4,2,1,4
2663,50,-4896308741383511016,0,32,32,192,4,3,2,9
2664,50,-133179065194650937,0,44,44,179,5,4,3,15
2665,50,-598838402705059834,0,32,32,199,1,5,2,11
2666,50,-6625030057580393835,0,28,28,193,5,4,3,12
2667,50,8386893985084698995,0,23,23,202,1,6,3,10
2668,50,1818767235551136747,0,40,40,203,8,2,1,6
2669,50,8766192749844745606,0,21,21,181,4,6,4,14
2670,50,3504022486664549965,0,25,25,191,2,5,2,7
2671,50,4651676939085928248,0,34,34,186,1,5,1,14
2672,50,4696497958794705859,0,30,30,179,6,4,3,9
2673,50,-1303604709825956606,0,27,27,188,5,2,1,4
2674,50,-4269920971891732568,0,31,31,194,1,5,3,10
2675,50,-937248884595855913,0,23,23,188,1,3,1,10
2676,50,1039263440975879873,0,28,28,187,2,3,2,7
2677,50,278079093705814357,0,29,29,183,4,2,1,6
2678,50,-9160238142847429487,0,35,35,187,2,6,2,12
2679,50,3838574802645184310,0,46,46,197,1,8,6,17
2680,50,-3615041394001796630,0,27,27,187,1,6,4,9
2681,50,738254019201069580,0,41,41,187,6,4,2,6
2682,50,-7112594831304558393,0,37,37,193,1,6,3,14
2683,50,-1267045434969788115,0,15,15,184,2,7,4,19
2684,50,-6111102970278874791,0,20,20,186,1,12,8,32
2685,50,-58174002362167829,0,29,29,183,3,4,2,11
2686,50,4579615849524210783,0,32,32,196,1,6,4,18
2687,50,1023134652965613576,0,21,21,188,4,5,2,13
2688,50,-8211864614737754438,0,29,29,187,2,7,5,11
2689,50,7783287725077362024,0,33,33,189,1,8,4,20
2690,50,6342120723635597888,0,36,36,183,8,3,2,9
2691,50,-8716363272990316280,0,37,37,179,1,6,3,16
2692,50,6249932512454002640,0,40,40,185,2,8,5,21
2693,50,9193323479591449902,0,34,34,191,3,4,2,5
2694,50,-3211431994139367771,0,39,39,189,4,5,3,14
2695,50,321992794877281506,0,26,26,184,5,4,3,9
2696,50,2889618250076632303,0,16,16,183,4,5,3,8
2697,50,-6749486927046375268,0,43,43,190,4,5,3,9
2698,50,1088110418266117535,0,13,13,183,3,7,3,18
2699,50,-547566879561035202,0,28,28,184,2,6,3,11
2700,50,-1148239641651173502,0,28,28,195,2,4,2,9
2701,50,5708675233319173188,0,32,32,180,6,4,2,11
2702,50,2889890943249605009,0,37,37,189,1,13,9,31
2703,50,-1329049857893494727,0,25,25,193,1,7,2,22
2704,50,8079528501397069958,0,26,26,194,5,5,3,16
2705,50,6142032677963260012,0,41,41,200,4,4,1,10
2706,50,8114491421867309490,0,26,26,185,3,5,3,15
2707,50,-6209092477587453724,0,31,31,191,1,8,6,10
2708,50,-7160846524052543731,0,36,36,181,5,3,1,8
2709,50,-4236230780422534256,0,34,34,184,4,7,5,15
2710,50,1174529101584392334,0,43,43,202,8,2,1,3
2711,50,-8105424555458462782,0,33,33,194,1,7,3,19
2712,50,5192866244781651645,0,34,34,190,3,3,2,9
2713,50,-5181534012025082658,0,31,31,185,5,3,1,7
2714,50,-7541112407102520698,0,37,37,188,5,4,3,11
2715,50,-2843615552615573426,0,15,15,197,3,5,3,14
2716,50,-5329742539729322417,0,37,37,197,1,5,2,14
2717,50,-3895367263711252808,0,38,38,181,1,8,5,19
2718,50,1553835728566541387,0,38,38,188,4,5,3,10
2719,50,-4955661901068302221,0,39,39,188,3,8,5,19
2720,50,-2347485121539805680,0,37,37,184,1,4,2,12
2721,50,-7045012028674102986,0,35,35,185,1,5,3,13
2722,50,1845093564717150567,0,34,34,184,1,5,3,18
2723,50,4917610730046573330,0,12,12,185,1,6,3,11
2724,50,-1729545334536825246,0,7,7,189,5,3,2,5
2725,50,164401077854971041,0,36,36,185,7,1,1,2
2726,50,-3001316983557090636,0,35,35,189,1,4,3,10
2727,50,-5356559586934497665,0,25,25,185,3,5,3,11
2728,50,-8965298985554094532,0,32,32,196,2,5,3,14
2729,50,5396629028752321529,0,29,29,188,1,4,1,10
2730,50,-8153682033575840542,0,38,38,194,4,4,2,10
2731,50,-8693603282512200956,0,36,36,187,3,4,2,11
2732,50,-3508208926667908698,0,20,20,186,3,4,1,6
2733,50,6521158978435215217,0,10,10,186,2,10,6,24
2734,50,6015461078351025910,0,33,33,179,4,5,2,10
2735,50,-5104121523858694819,0,37,37,188,4,4,2,10
2736,50,8199417998116481087,0,20,20,195,5,3,2,7
2737,50,6154331461135021805,0,34,34,189,2,4,2,11
2738,50,952221942658332869,0,21,21,194,3,5,3,11
2739,50,257912348520358203,0,32,32,181,2,2,1,7
2740,50,-6120427071749209161,0,29,29,188,2,3,2,10
2741,50,7635159209031148683,0,30,30,189,4,4,2,12
2742,50,-3600690593733959299,0,10,10,196,6,14,11,32
2743,50,-7512446845644330047,0,21,21,189,1,7,4,12
2744,50,6612798540607182421,0,23,23,183,3,3,1,7
2745,50,4226342272025364247,0,22,22,189,4,7,5,17
2746,50,6917337942442047005,0,20,20,186,1,5,3,8
2747,50,-8347393806130010614,0,5,5,194,1,8,5,21
2748,50,-1087317855114677903,0,13,13,182,2,10,7,23
2749,50,7536305514255318165,0,32,32,184,1,7,4,17
2750,50,1625444729184608248,0,45,45,193,4,3,1,5
2751,50,-4079899796228569183,0,18,18,188,1,11,8,23
2752,50,-8071522084177552389,0,21,21,192,6,4,2,8
2753,50,8413999394175984827,0,40,40,181,5,6,4,14
2754,50,-581495450844986569,0,41,41,180,5,5,3,16
2755,50,3928116993995452679,0,37,37,194,4,3,1,7
2756,50,-3057410308509011725,0,29,29,194,2,5,2,10
2757,50,-5829479645841939596,0,44,44,190,5,4,1,11
2758,50,7981372115271238995,0,18,18,195,5,2,1,6
2759,50,7015609288906610224,0,29,29,204,1,3,1,9
2760,50,-682623703593054738,0,25,25,193,6,3,2,6
2761,50,3613815696179721054,0,33,33,183,3,5,3,18
2762,50,-2996100233121487969,0,26,26,178,2,11,7,27
2763,50,-397131445826832122,0,29,29,198,3,6,4,13
2764,50,1901452238927597976,0,38,38,186,4,6,4,15
2765,50,-360511072816330675,0,33,33,187,3,3,1,9
2766,50,6811191497428490684,0,36,36,186,2,6,3,13
2767,50,-2477447370309798939,0,20,20,194,4,6,2,13
2768,50,6028640782735551020,0,39,39,186,5,4,3,9
2769,50,339218807728390598,0,25,25,197,4,4,3,9
2770,50,-817641572652361694,0,33,33,186,5,2,1,5
2771,50,796577732919268381,0,44,44,191,2,3,1,7
2772,50,-5686541351928089602,0,27,27,182,4,4,3,14
2773,50,-1201668797116338811,0,38,38,189,2,5,3,14
2774,50,2112343418903071390,0,35,35,187,3,4,2,13
2775,50,-7848094145791343500,0,27,27,186,6,2,1,7
2776,50,-9149874119862622222,0,42,42,190,1,6,3,19
2777,50,2476062001414085111,0,35,35,187,5,3,2,9
2778,50,-1759446293235274034,0,21,21,181,1,3,1,9
2779,50,1193202821694572449,0,26,26,189,1,6,3,12
2780,50,477136150030014977,0,41,41,193,1,7,4,23
2781,50,-8416749662490265408,0,43,43,193,2,4,3,12
2782,50,8144496730315553447,0,48,48,197,2,9,5,22
2783,50,5049248514984477394,0,33,33,183,7,2,1,4
2784,50,-8186403901458757701,0,25,25,193,2,5,3,14
2785,50,1142124467675140407,0,31,31,196,1,5,3,12
2786,50,-4480131765413883152,0,39,39,190,4,5,2,8
2787,50,-5946226950251718617,0,29,29,194,3,3,1,5
2788,50,448946297683687104,0,26,26,185,3,4,3,8
2789,50,-8136406967432117531,0,29,29,183,5,5,4,19
2790,50,2534990582495171012,0,30,30,183,1,7,3,19
2791,50,5595431291025248564,0,35,35,187,1,6,3,19
2792,50,-345224010421148858,0,32,32,189,1,4,2,12
2793,50,-3547959296540764150,0,17,17,187,7,4,3,10
2794,50,8389954172731743508,0,37,37,187,1,5,3,12
2795,50,-670375965475759741,0,43,43,186,2,3,1,12
2796,50,2706228945533402775,0,27,27,187,1,8,3,14
2797,50,712581151405172760,0,40,40,180,3,2,1,5
2798,50,7891114186160114979,0,31,31,190,3,8,4,20
2799,50,1806362505885174032,0,37,37,190,1,2,1,3
2800,50,8765405082584857999,0,18,18,197,2,16,13,36
2801,50,-1739447204458444234,0,24,24,184,3,3,1,11
2802,50,3427435824291554056,0,34,34,176,4,3,2,9
2803,50,-4015005822836375861,0,30,30,195,5,2,1,7
2804,50,789940363184518946,0,31,31,175,6,4,3,11
2805,50,-8737572559014783042,0,45,45,192,4,5,3,5
2806,50,-74152443945758929,0,33,33,190,1,4,2,10
2807,50,2172759473688922906,0,47,47,187,1,2,1,3
2808,50,-1416181135406525740,0,25,25,188,1,5,2,9
2809,50,-1537846634032447809,0,35,35,190,4,3,2,8
2810,50,-8932200917019834408,0,41,41,186,4,5,3,16
2811,50,2291016348910971476,0,17,17,173,2,6,2,20
2812,50,-6992080829109827777,0,45,45,186,4,4,2,12
2813,50,-7738533390153112453,0,42,42,186,7,2,1,4
2814,50,8798159409368969111,0,25,25,188,1,4,2,15
2815,50,8774021516246110023,0,37,37,190,1,4,2,9
2816,50,-8082855496746981231,0,21,21,178,5,3,1,9
2817,50,4270593300778997738,0,46,46,189,5,5,3,12
2818,50,5101364342412135378,0,32,32,195,1,5,1,10
2819,50,-1937497097814016590,0,35,35,178,1,14,8,36
2820,50,-7363317007824812277,0,21,21,190,5,6,4,15
2821,50,-6872262548823239626,0,31,31,202,1,10,7,17
2822,50,-8229350950708999354,0,28,28,182,3,2,1,6
2823,50,-3802117155185281844,0,17,17,193,5,3,1,5
2824,50,-9188251420940165757,0,23,23,191,2,7,4,14
2825,50,5152485767276630845,0,34,34,195,1,2,1,4
2826,50,8590574632279694467,0,27,27,174,1,7,4,17
2827,50,-3836837314726630981,0,23,23,194,1,2,1,5
2828,50,-2435067221888659486,0,29,29,185,1,4,2,14
2829,50,6647692229151502354,0,26,26,201,3,5,4,9
2830,50,682952993528599659,0,9,9,186,4,4,3,15
2831,50,1429886200138732062,0,35,35,178,1,9,5,25
2832,50,1028629820323608999,0,29,29,192,8,4,3,16
2833,50,8955340711435327869,0,28,28,181,5,7,4,17
2834,50,-6241554472023513929,0,28,28,182,4,2,1,4
2835,50,3367508255044714116,0,17,17,183,2,7,5,11
2836,50,3614092155148242019,0,34,34,192,2,3,2,10
2837,50,2891097064377767030,0,26,26,182,1,9,6,20
2838,50,-8240597731974913422,0,26,26,182,4,4,2,10
2839,50,-6680197820586326797,0,21,21,180,2,5,2,8
2840,50,-8142745753557746117,0,25,25,188,5,4,3,12
2841,50,-7765854780576641363,0,28,28,171,3,5,3,15
2842,50,-5392612536696660868,0,42,42,193,1,6,2,19
2843,50,2661023277161331554,0,25,25,181,1,3,1,14
2844,50,2808942823041976425,0,32,32,196,2,4,2,9
2845,50,4373939178365763845,0,35,35,199,3,4,2,10
2846,50,-5059836119664770552,0,34,34,191,1,4,2,11
2847,50,6500544656303489598,0,29,29,180,1,6,2,16
2848,50,-6898846274564278853,0,31,31,187,2,9,5,19
2849,50,1773916445470892565,0,43,43,186,1,6,4,11
2850,50,-6106286186205652706,0,33,33,194,3,7,4,22
2851,50,1438125513642254057,0,36,36,192,2,3,2,7
2852,50,4716823000860672275,0,29,29,171,5,3,2,10
2853,50,-8523199346878224218,0,39,39,189,5,5,3,19
2854,50,-522275585304427238,0,34,34,199,1,7,3,21
2855,50,-3770849708749216202,0,36,36,189,2,5,3,12
2856,50,724716575914247141,0,28,28,181,3,5,3,12
2857,50,3281297359668895288,0,32,32,184,3,5,3,11
2858,50,5842739579048484139,0,27,27,183,4,3,2,7
2859,50,-8245037753104238865,0,32,32,184,4,9,5,22
2860,50,-5541666023368756036,0,30,30,182,6,4,2,12
2861,50,-8839137156198317700,0,35,35,189,4,3,1,4
2862,50,5510160282522718933,0,14,14,189,5,3,1,5
2863,50,482465010178360399,0,33,33,177,3,4,2,17
2864,50,-5548416304300100171,0,32,32,179,1,4,2,13
2865,50,167155235603560667,0,25,25,191,4,9,6,18
2866,50,-6588237135905560465,0,36,36,183,3,3,2,11
2867,50,5447154099362689160,0,7,7,194,2,7,4,11
2868,50,3858602253446066946,0,21,21,183,4,4,2,7
2869,50,7212373049318708462,0,28,28,185,2,6,3,12
2870,50,-5041949950100736090,0,12,12,191,1,8,5,20
2871,50,1213501231642834751,0,31,31,184,3,3,1,5
2872,50,6281867896738058600,0,24,24,193,4,2,1,4
2873,50,9169881126764897027,0,20,20,186,4,3,1,11
2874,50,2942926228220200952,0,46,46,180,2,6,4,14
2875,50,8812431660255127563,0,36,36,188,2,5,3,12
2876,50,-2795514583817884479,0,42,42,186,5,7,5,16
2877,50,8260413044658065311,0,14,14,199,2,11,7,28
2878,50,3978684347795092794,0,32,32,197,2,5,2,7
2879,50,6537504322968416505,0,35,35,178,2,8,5,20
2880,50,-960340273831352709,0,16,16,191,2,4,2,6
2881,50,689608509417838839,0,27,27,175,9,1,1,2
2882,50,-230818485129042413,0,32,32,190,5,3,1,5
2883,50,-5087650333173679861,0,33,33,186,6,3,2,11
2884,50,-2892185593553746920,0,35,35,195,2,3,1,6
2885,50,-8489689467839655563,0,37,37,190,6,3,2,4
2886,50,4207568647407014526,0,33,33,190,1,4,2,13
2887,50,-5215262829977777484,0,38,38,189,3,3,2,12
2888,50,1203499542483443116,0,31,31,186,4,3,2,4
2889,50,8548975833766801977,0,27,27,188,2,2,1,6
2890,50,-247087906260919732,0,36,36,201,2,4,2,12
2891,50,8969650966624226910,0,21,21,186,2,6,4,19
2892,50,-4857264479168095134,0,27,27,190,4,3,2,9
2893,50,-2827232293197529707,0,36,36,193,7,1,1,1
2894,50,5605175205327268768,0,45,45,191,3,8,6,20
2895,50,-6842023664657132316,0,31,31,187,4,4,2,10
2896,50,8100234022038669559,0,20,20,186,4,4,3,7
2897,50,-8681554868753206896,0,1,1,189,1,6,3,13
2898,50,7990552138282350961,0,39,39,189,4,6,3,13
2899,50,-5476508693187857896,0,44,44,198,2,6,3,16
2900,50,8193640620099430973,0,34,34,192,1,6,4,10
2901,50,8520699598768065124,0,29,29,179,5,4,2,12
2902,50,5128591307472044555,0,36,36,183,4,6,3,14
2903,50,-3504667059175332034,0,33,33,186,2,6,4,12
2904,50,-5742155405261868134,0,40,40,202,2,4,2,9
2905,50,-8813433296058198783,0,29,29,184,3,4,2,11
2906,50,-48752492380134002,0,43,43,177,1,3,1,5
2907,50,-1747535747622183537,0,25,25,189,2,4,2,8
2908,50,425817579638555526,0,46,46,186,8,4,3,6
2909,50,9158854129857696136,0,35,35,183,2,6,3,18
2910,50,355207190058912878,0,45,45,191,2,2,1,4
2911,50,8099763732836888760,0,23,23,180,8,3,3,5
2912,50,-1057104298006711791,0,30,30,191,2,5,2,12
2913,50,-2730866641244772912,0,44,44,196,1,4,1,10
2914,50,461848024031108593,0,36,36,197,3,6,3,13
2915,50,3161710812191983960,0,42,42,184,5,3,1,8
2916,50,4145193407652966234,0,29,29,189,3,4,2,6
2917,50,-5912374136787279900,0,44,44,194,2,6,3,7
2918,50,-3350631980720863564,0,46,46,181,2,4,3,6
2919,50,-8853766144344586363,0,18,18,184,1,3,1,5
2920,50,-6734480160761564647,0,38,38,185,6,3,2,11
2921,50,-5225990034912933758,0,21,21,178,6,3,1,9
2922,50,6967557755262045991,0,33,33,193,3,5,1,12
2923,50,-7392342579231998648,0,30,30,188,2,3,2,6
2924,50,2661977299602781718,0,37,37,186,5,6,4,12
2925,50,-5991421415364524642,0,42,42,188,1,8,5,23
2926,50,-3585167568318479860,0,26,26,193,4,3,1,6
2927,50,3404524773558843676,0,33,33,201,1,10,7,26
2928,50,-1836950677552575825,0,38,38,189,6,1,1,4
2929,50,3520579398430346461,0,32,32,197,1,10,7,31
2930,50,6171345830306816764,0,33,33,182,3,4,3,11
2931,50,3695384762889461875,0,20,20,191,4,4,2,8
2932,50,-8565075520620220074,0,29,29,195,1,8,5,17
2933,50,-7536562966885030373,0,41,41,187,3,2,1,10
2934,50,481054415873848546,0,34,34,180,4,3,2,7
2935,50,-582628428198094287,0,35,35,188,4,4,1,11
2936,50,4847887133726247953,0,29,29,175,3,2,1,9
2937,50,6158152328938143205,0,35,35,182,3,7,4,13
2938,50,5725513160386629757,0,25,25,184,4,6,4,16
2939,50,6982292010683746607,0,22,22,195,1,6,4,12
2940,50,-7251415002901980167,0,37,37,191,1,8,5,22
2941,50,7391619725698467840,0,22,22,180,2,8,6,16
2942,50,942758959901608675,0,16,16,194,4,4,2,16
2943,50,6370408892744505017,0,44,44,184,3,5,3,11
2944,50,-8213341959909978181,0,14,14,193,4,5,3,14
2945,50,3080767570091241952,0,14,14,184,4,2,1,6
2946,50,7260496258780130297,0,28,28,189,1,8,4,24
2947,50,7435729458190748944,0,33,33,178,2,5,3,10
2948,50,6701772436444045850,0,37,37,195,1,7,3,13
2949,50,4560516408935310641,0,26,26,181,3,2,1,6
2950,50,4724200245257598203,0,26,26,192,4,6,3,16
2951,50,996285031361217001,0,37,37,183,5,3,2,4
2952,50,4847974018290960491,0,37,37,189,1,5,3,14
2953,50,-7074361845068129710,0,23,23,181,1,6,3,11
2954,50,-778371814324668678,0,36,36,186,1,8,3,30
2955,50,-8559292550708932371,0,38,38,191,2,4,2,11
2956,50,-3422361843257298665,0,31,31,191,5,4,3,12
2957,50,-2536069618485904683,0,31,31,195,1,4,1,9
2958,50,2623968719254927705,0,26,26,179,4,6,4,14
2959,50,58610747621189175,0,28,28,187,3,4,2,10
2960,50,-4833327205017136612,0,34,34,196,7,2,1,5
2961,50,-4251166656330771455,0,29,29,182,1,2,1,5
2962,50,-2743969819407323056,0,35,35,194,4,3,2,8
2963,50,-5098482081900259111,0,28,28,188,3,5,4,16
2964,50,-7169321638486718579,0,38,38,187,3,3,1,9
2965,50,-8080482874517284528,0,34,34,194,4,6,4,14
2966,50,6122083980168856425,0,23,23,191,5,4,2,10
2967,50,-3870620508926306985,0,28,28,187,6,4,3,10
2968,50,-672210002083757554,0,23,23,189,2,6,3,16
2969,50,775799952293558001,0,30,30,175,6,6,5,18
2970,50,-1517202776833481722,0,31,31,187,3,7,5,16
2971,50,243724818774923306,0,19,19,188,6,2,1,6
2972,50,-1290682102069885608,0,25,25,191,1,6,3,16
2973,50,-8389940939742677945,0,29,29,191,6,4,3,11
2974,50,2141635602583630809,0,28,28,186,2,7,4,14
2975,50,2174480623672670270,0,33,33,177,3,6,3,12
2976,50,-3293385703444203845,0,33,33,183,1,4,2,12
2977,50,1937173568519497320,0,36,36,189,2,5,3,13
2978,50,-2707512528395142295,0,32,32,187,1,3,1,7
2979,50,1923964122762740084,0,33,33,201,5,2,2,6
2980,50,-6113044938086384745,0,27,27,192,3,5,3,12
2981,50,8723940932735759006,0,47,47,184,2,6,2,16
2982,50,-5836430890329526124,0,40,40,183,1,4,2,7
2983,50,-6541733095275356383,0,39,39,186,6,8,8,12
2984,50,897969872152881122,0,23,23,176,1,7,4,15
2985,50,-6135889093091041046,0,34,34,195,3,6,2,17
2986,50,-6427316842945032953,0,32,32,192,6,9,7,20
2987,50,-5629130277704968563,0,26,26,174,1,6,3,15
2988,50,5044644337652350117,0,32,32,197,2,9,6,19
2989,50,-8431611616468124036,0,33,33,186,2,3,1,7
2990,50,7556995177925883080,0,40,40,177,6,2,1,2
2991,50,1058425892365259125,0,33,33,194,4,4,2,12
2992,50,5995608813324662399,0,20,20,184,3,5,3,10
2993,50,8543245492704137276,0,42,42,187,7,3,2,3
2994,50,2655052345405484205,0,39,39,182,4,4,2,9
2995,50,-8619735001060689782,0,28,28,194,1,10,6,24
2996,50,-4400648783052461024,0,40,40,185,2,6,4,14
2997,50,-8530912189671156411,0,24,24,191,6,4,3,11
2998,50,-3060681517866442526,0,29,29,184,7,4,2,10
2999,50,7151535893170298352,0,25,25,189,5,4,2,9
3000,50,3390092359858797775,0,29,29,186,1,5,3,12
3001,50,741893782054082916,0,22,22,193,1,4,1,6
3002,50,7104051059200801639,0,41,41,190,4,4,3,6
3003,50,6132005235844822976,0,42,42,187,2,5,3,12
3004,50,-4533814143313129755,0,28,28,186,4,9,8,22
3005,50,-8008967908557564003,0,28,28,176,1,6,2,15
3006,50,3820538130640292496,0,36,36,192,2,8,5,19
3007,50,-2182351521093227898,0,15,15,183,6,7,5,13
3008,50,-5782679169374740912,0,29,29,181,1,4,2,10
3009,50,3668379218105068710,0,28,28,195,2,5,3,11
3010,50,-2006724119213705341,0,42,42,187,3,4,1,11
3011,50,-605481955454606397,0,38,38,187,5,3,2,5
3012,50,-7535751238037562607,0,24,24,193,2,4,2,6
3013,50,8718743405173168491,0,25,25,183,2,7,4,10
3014,50,-4939446016350335811,0,38,38,190,1,6,4,14
3015,50,-1231652902308314004,0,28,28,178,6,3,2,7
3016,50,988534287031982014,0,33,33,191,1,4,3,10
3017,50,3266591852499735944,0,22,22,186,4,4,2,8
3018,50,-327253803090047858,0,36,36,188,4,6,4,19
3019,50,-7437783819547026583,0,22,22,198,1,8,5,19
3020,50,-2968876794452523007,0,35,35,194,1,8,4,20
3021,50,2534554172117955026,0,38,38,195,3,5,2,10
3022,50,-2128380055720700008,0,39,39,192,1,5,3,13
3023,50,-2198606292935249897,0,41,41,189,3,5,3,11
3024,50,-5689428262506377450,0,26,26,183,4,4,3,12
3025,50,-1273488730283783473,0,41,41,185,2,5,2,15
3026,50,-4911174575884000428,0,33,33,199,4,2,1,4
3027,50,-6619679564530836281,0,18,18,188,3,7,4,13
3028,50,-4453539596820930991,0,30,30,194,3,5,1,13
3029,50,2495540592112192312,0,39,39,182,4,2,1,8
3030,50,8011638740161626253,0,22,22,201,1,6,3,7
3031,50,-5561845138331846340,0,29,29,189,1,11,6,31
3032,50,5705000069710603158,0,28,28,190,6,3,2,6
3033,50,1981087644967435902,0,35,35,194,6,5,3,9
3034,50,5371569724445503970,0,24,24,183,7,5,4,18
3035,50,-4434128779495287503,0,26,26,186,1,4,2,6
3036,50,-8207864737395521569,0,43,43,189,1,3,1,6
3037,50,8917905825490432835,0,35,35,185,3,4,2,9
3038,50,975906054789009992,0,38,38,189,3,3,1,6
3039,50,-2463429262469938479,0,43,43,187,5,5,4,12
3040,50,1170135017309552058,0,18,18,183,3,7,5,13
3041,50,-8174021087695065635,0,30,30,184,1,8,4,16
3042,50,-8279831450741847161,0,26,26,179,1,5,3,13
3043,50,4550743804818878781,0,40,40,187,3,4,1,9
3044,50,8646743333042134984,0,21,21,174,2,6,3,23
3045,50,8205803038795573974,0,43,43,182,4,8,5,18
3046,50,-6775027578990863176,0,25,25,194,1,5,2,13
3047,50,-801698345637210358,0,38,38,189,1,6,3,8
3048,50,-1367877682291269824,0,30,30,185,4,4,2,6
3049,50,8931024483415306606,0,38,38,194,2,4,2,9
3050,50,8545334278912995533,0,38,38,195,4,5,2,12
3051,50,-9156063687529517888,0,47,47,185,1,4,2,15
3052,50,510871865982812777,0,29,29,174,5,2,1,7
3053,50,-7148583240231422441,0,18,18,199,7,2,1,5
3054,50,-5582487133679713015,0,40,40,187,1,11,8,22
3055,50,-5206139321822038180,0,43,43,191,2,3,1,3
3056,50,-5294270709897415901,0,39,39,186,1,6,3,16
3057,50,-7671788063779582728,0,11,11,188,2,3,2,7
3058,50,8421516177941716868,0,21,21,194,2,7,4,12
3059,50,9163478630387737294,0,39,39,186,6,4,2,10
3060,50,506145288869518687,0,36,36,200,1,5,2,13
3061,50,-4674728676344877972,0,31,31,183,1,8,5,16
3062,50,-8623314630378891864,0,20,20,182,2,5,4,9
3063,50,-5585981575585043332,0,20,20,189,3,6,4,16
3064,50,8666946257976024482,0,27,27,194,3,3,1,9
3065,50,-4409753056724172928,0,30,30,196,4,5,4,12
3066,50,-4714414961252048201,0,24,24,174,4,3,1,10
3067,50,6676977832335269310,0,34,34,184,1,5,2,15
3068,50,999248327694139271,0,28,28,187,1,6,3,12
3069,50,1613468811668867192,0,31,31,186,3,2,1,4
3070,50,-1550319010348396990,0,37,37,193,4,3,2,6
3071,50,-5885803716420430240,0,26,26,180,5,3,1,10
3072,50,2748860872679951418,0,32,32,182,9,1,1,1
3073,50,5126229251396014922,0,27,27,189,4,5,2,14
3074,50,-9001532032172678477,0,28,28,181,1,3,1,7
3075,50,-8000366069702056157,0,25,25,193,6,4,2,10
3076,50,-7048980602594940675,0,29,29,182,4,3,2,7
3077,50,2151870333888608289,0,30,30,180,2,4,2,12
3078,50,-7829074558694771772,0,33,33,192,1,8,4,18
3079,50,9057458852627610683,0,33,33,188,1,5,3,10
3080,50,-4113723258648656474,0,43,43,186,5,3,2,8
3081,50,8031917077337664987,0,35,35,197,2,6,4,14
3082,50,4420917662676514054,0,34,34,196,1,7,3,20
3083,50,5278393335388592082,0,18,18,188,5,4,2,12
3084,50,3906582900592696095,0,36,36,194,6,4,3,12
3085,50,-202937266431316852,0,15,15,199,3,4,2,10
3086,50,-4527064242463186852,0,35,35,195,6,4,2,9
3087,50,-1427758816713335676,0,42,42,188,2,5,2,10
3088,50,-8330041049065375259,0,45,45,176,2,7,5,14
3089,50,2313056608415686649,0,44,44,191,2,3,1,5
3090,50,-6147898272334140291,0,25,25,188,3,2,1,5
3091,50,-1614620496388888607,0,26,26,192,1,3,1,6
3092,50,-2499081214121514870,0,29,29,187,6,2,1,3
3093,50,1999823714637474334,0,43,43,188,5,2,2,10
3094,50,-8995288514289659019,0,37,37,188,3,7,5,19
3095,50,-2632021536821805841,0,32,32,196,4,2,1,3
3096,50,-8480882402207919564,0,31,31,188,3,4,1,8
3097,50,-2599923411939773015,0,33,33,190,4,2,1,8
3098,50,2758824368106236196,0,33,33,190,1,7,4,22
3099,50,-2890156139819041115,0,41,41,182,1,3,1,7
3100,50,28044100754031899,0,31,31,189,1,7,4,14
3101,50,-7935003793888667524,0,16,16,185,4,6,4,16
3102,50,-6634731881326280259,0,15,15,188,4,4,3,8
3103,50,-2999759309223036303,0,33,33,190,3,3,2,8
3104,50,-242454867679985394,0,19,19,184,5,7,4,15
3105,50,2143901824824952366,0,22,22,184,2,4,2,10
3106,50,7698836194163320905,0,15,15,183,4,3,2,7
3107,50,-487637986483223885,0,33,33,190,5,2,1,8
3108,50,-5869816333049195025,0,11,11,185,1,4,2,7
3109,50,8120577299734336139,0,23,23,189,2,7,4,15
3110,50,5929052486020261154,0,24,24,192,2,5,2,12
3111,50,-6714367675329701568,0,37,37,180,3,5,4,14
3112,50,5677485449053147699,0,28,28,198,4,8,6,15
3113,50,2094325517217743888,0,25,25,185,4,3,2,7
3114,50,-369190203325459336,0,15,15,194,2,5,1,12
3115,50,-8446109853205714464,0,39,39,182,1,7,4,21
3116,50,-8728035316455669405,0,20,20,217,2,6,4,10
3117,50,1861911334046185072,0,38,38,185,2,3,2,7
3118,50,-1619964953093911345,0,27,27,198,2,5,2,7
3119,50,-7210895629108685617,0,35,35,184,2,3,1,11
3120,50,6073975207597259421,0,27,27,196,3,4,2,8
3121,50,6261042502280039697,0,26,26,186,1,5,3,18
3122,50,-5688238476080114305,0,49,49,194,4,4,2,9
3123,50,4555380686075676992,0,37,37,187,6,2,1,6
3124,50,-1699918830134132973,0,21,21,183,2,10,7,26
3125,50,2298789992256910736,0,36,36,190,1,8,5,25
3126,50,8789472211407334707,0,14,14,203,3,13,9,29
3127,50,-2521058582150090795,0,31,31,177,2,3,2,6
3128,50,7216875085501540491,0,24,24,188,4,7,6,19
3129,50,8361458708787165753,0,43,43,187,4,9,8,28
3130,50,4135779105821794411,0,20,20,187,1,11,7,23
3131,50,-3918610346406664919,0,32,32,187,2,5,2,16
3132,50,3828929908779984861,0,35,35,186,2,5,3,6
3133,50,7540304084393550991,0,33,33,182,3,7,4,23
3134,50,-931328204100276230,0,37,37,187,4,5,3,12
3135,50,-8743627976667610042,0,38,38,196,2,3,1,6
3136,50,5179727149625037689,0,35,35,205,5,7,4,20
3137,50,7318983165946933194,0,35,35,185,2,3,2,8
3138,50,8379600950464235400,0,25,25,185,3,8,4,18
3139,50,4535580886595993903,0,29,29,191,2,8,5,22
3140,50,4123940973511476702,0,39,39,203,1,5,2,9
3141,50,-8505330776950863020,0,31,31,180,4,4,2,11
3142,50,1130240267607917584,0,23,23,193,1,7,4,10
3143,50,-6428074996513991848,0,36,36,190,6,5,3,9
3144,50,3396492652922276900,0,41,41,187,3,2,1,2
3145,50,-3420477861335470773,0,46,46,178,1,8,4,24
3146,50,325766963007425123,0,20,20,188,2,7,5,16
3147,50,-649949874787831768,0,37,37,187,1,3,1,5
3148,50,532291743957083251,0,32,32,191,2,6,4,14
3149,50,-7302179708681997053,0,27,27,193,4,2,1,10
3150,50,7345076293088144804,0,28,28,188,1,5,3,10
3151,50,-8302076684109097602,0,35,35,180,2,3,1,7
3152,50,1801702079992319113,0,28,28,182,5,5,3,12
3153,50,2446277484415032705,0,40,40,187,1,4,2,16
3154,50,-8568437998394743349,0,29,29,190,3,3,1,6
3155,50,-3039789373296450519,0,43,43,183,5,7,6,18
3156,50,-2643900418087641031,0,18,18,178,1,4,2,9
3157,50,-1158161754528546816,0,19,19,189,7,5,4,9
3158,50,4278008695117338146,0,27,27,192,3,6,4,18
3159,50,-7886693253925729681,0,17,17,179,2,7,4,18
3160,50,7201699709314074598,0,42,42,178,8,6,5,13
3161,50,-2009779612653263248,0,27,27,174,3,3,2,11
3162,50,4897611745649664970,0,23,23,184,4,5,3,11
3163,50,2797743894597107335,0,29,29,196,1,4,1,12
3164,50,-3218613780389071092,0,40,40,196,2,5,3,16
3165,50,-9177998322268901902,0,41,41,188,4,5,3,14
3166,50,-105659106114659273,0,35,35,200,6,8,7,18
3167,50,-6653196983792727777,0,26,26,191,7,3,2,7
3168,50,8455886640413735608,0,35,35,186,1,10,7,20
3169,50,3320643604137605469,0,33,33,170,9,1,1,2
3170,50,3367956273770507184,0,32,32,191,1,6,4,11
3171,50,8228591694035312598,0,36,36,192,1,10,7,16
3172,50,-7912206948561364981,0,34,34,172,2,4,2,11
3173,50,-1775892707502410819,0,27,27,191,3,4,3,7
3174,50,-8725029875363060784,0,35,35,199,1,7,4,18
3175,50,830802112799395779,0,41,41,181,4,5,2,16
3176,50,-6214239432185283910,0,28,28,189,2,7,4,17
3177,50,5082350566770533070,0,43,43,181,6,6,4,16
3178,50,-4746981993212718584,0,37,37,184,2,8,4,24
3179,50,-726509346709882900,0,26,26,186,4,5,2,11
3180,50,1869200440792167313,0,38,38,208,4,3,2,7
3181,50,4338645541212948869,0,44,44,182,4,2,1,3
3182,50,8956876648010851866,0,32,32,180,1,4,2,14
3183,50,6015789873260811216,0,35,35,188,2,3,1,8
3184,50,-92483516318038293,0,30,30,174,3,5,3,10
3185,50,-3259487643856905592,0,35,35,185,3,4,2,11
3186,50,-3070499757894719329,0,41,41,196,1,8,5,18
3187,50,-6099531205552384546,0,35,35,183,3,6,4,12
3188,50,8139649797234641724,0,38,38,175,2,4,3,12
3189,50,4568705471735003825,0,38,38,187,5,4,2,9
3190,50,-8754161487925673597,0,41,41,192,2,2,1,3
3191,50,4180835441726083579,0,47,47,185,4,7,6,16
3192,50,2828217554434774920,0,21,21,189,2,5,3,11
3193,50,3104051913978581902,0,25,25,184,3,8,5,15
3194,50,-6148459515747185020,0,31,31,180,5,1,1,1
3195,50,163200891344189441,0,23,23,186,2,5,3,11
3196,50,-2147953929892888087,0,40,40,195,3,8,4,24
3197,50,-8245409261383502364,0,43,43,180,3,2,1,8
3198,50,2776420535364225462,0,12,12,186,1,7,4,20
3199,50,860104832620928570,0,29,29,197,3,5,3,10
3200,50,-287190314650423796,0,29,29,186,1,6,3,16
3201,50,-5956411088538760152,0,39,39,200,2,4,1,9
3202,50,-7121103464026095615,0,34,34,193,8,2,1,6
3203,50,-5015009565319259159,0,34,34,188,8,3,2,4
3204,50,-1625844439179973708,0,34,34,191,2,3,1,8
3205,50,-2962047936645341948,0,11,11,175,4,6,4,15
3206,50,6487142936303671201,0,35,35,183,3,9,5,26
3207,50,-1689453228849269823,0,37,37,176,2,6,4,13
3208,50,8651640770485626166,0,43,43,197,4,8,5,13
3209,50,2800034381374512600,0,30,30,188,2,3,1,7
3210,50,4485212288973350566,0,34,34,187,6,4,3,9
3211,50,-8893656220985766292,0,24,24,197,2,6,4,13
3212,50,2078099520283237884,0,22,22,178,2,2,1,5
3213,50,5905278401979209015,0,22,22,186,1,8,5,20
3214,50,7657155500955179378,0,26,26,190,3,3,1,10
3215,50,-5048928591197223675,0,40,40,184,4,4,2,14
3216,50,-5529007219524091645,0,38,38,190,2,8,4,19
3217,50,-5871640821419176602,0,41,41,196,1,7,3,11
3218,50,1035281000897161534,0,27,27,188,6,2,1,5
3219,50,6071371141267356574,0,46,46,183,5,2,2,4
3220,50,-6594120394495869092,0,43,43,199,2,11,8,17
3221,50,-2062611487005239584,0,36,36,186,5,4,2,14
3222,50,-8690120495842860396,0,25,25,192,1,9,6,25
3223,50,-1578259809237333061,0,29,29,188,1,5,3,9
3224,50,-8404762146494480722,0,32,32,199,7,2,1,5
3225,50,-8636561925589935404,0,27,27,188,3,8,4,19
3226,50,-5834369814064448554,0,45,45,207,1,5,2,13
3227,50,-8452392065086341419,0,24,24,189,2,5,2,7
3228,50,1237251950617941938,0,31,31,183,6,5,4,17
3229,50,-5531630595478225499,0,42,42,199,3,4,2,10
3230,50,1237969467277966262,0,36,36,185,1,5,1,14
3231,50,2182939066481940697,0,31,31,188,2,5,3,13
3232,50,-1395359256726690634,0,30,30,184,2,3,1,7
3233,50,-1570878450552237719,0,32,32,192,6,5,3,15
3234,50,-8467187153114697796,0,25,25,172,4,3,2,6
3235,50,7246464986925052582,0,25,25,187,3,4,1,11
3236,50,-6682511810846859237,0,16,16,185,2,4,2,10
3237,50,2969094008657582187,0,42,42,196,2,5,4,7
3238,50,-5907386242687438140,0,36,36,188,2,6,5,10
3239,50,-9133342432456612717,0,31,31,180,4,2,1,3
3240,50,-1492232808180935977,0,28,28,200,1,3,1,8
3241,50,-4706863798867044438,0,35,35,184,5,3,1,9
3242,50,3633845177101370237,0,25,25,190,2,6,3,13
3243,50,5985998432692781286,0,43,43,184,1,6,4,14
3244,50,5963314107486671604,0,31,31,180,7,2,2,6
3245,50,-8610190522476299945,0,37,37,188,2,6,3,11
3246,50,-7964405131221783829,0,36,36,182,3,5,2,13
3247,50,7310194350916001373,0,18,18,185,1,6,4,18
3248,50,2190541877371572751,0,29,29,191,2,5,2,7
3249,50,-5165804447211094181,0,33,33,186,1,7,3,19
3250,50,-686243873187204379,0,25,25,191,5,3,1,5
3251,50,3001925705559995049,0,46,46,183,4,7,4,20
3252,50,2986543021471923162,0,18,18,185,5,3,1,10
3253,50,-6585514619567372850,0,24,24,203,2,5,2,11
3254,50,-7846940343613379433,0,18,18,182,7,2,1,6
3255,50,5219646314432249071,0,40,40,192,5,2,1,5
3256,50,-1331058436770716518,0,43,43,192,1,6,3,16
3257,50,6125436549253944705,0,36,36,199,2,4,1,10
3258,50,8334804963275458306,0,39,39,185,1,6,3,16
3259,50,5271950498128969797,0,34,34,184,3,4,2,8
3260,50,-4595724948966193239,0,30,30,193,6,3,2,8
3261,50,7469439194640238198,0,26,26,187,1,4,2,6
3262,50,-667904307384257161,0,40,40,182,5,7,5,16
3263,50,-9214524239974314437,0,26,26,185,2,6,3,15
3264,50,-4468099697396034059,0,28,28,184,5,7,5,21
3265,50,-6442344156908719518,0,31,31,177,7,5,4,8
3266,50,2144543204135331360,0,31,31,180,1,7,4,15
3267,50,3567349217355161935,0,5,5,189,3,4,2,10
3268,50,-1114472247085984641,0,35,35,203,5,3,1,8
3269,50,2576485352068265778,0,9,9,196,3,4,2,4
3270,50,510573556426229879,0,38,38,192,4,4,3,10
3271,50,1953444039238141815,0,36,36,199,6,5,3,12
3272,50,5531296208432302814,0,39,39,188,4,4,3,8
3273,50,-375517529915455102,0,22,22,181,2,5,3,13
3274,50,248322115125715917,0,23,23,190,4,6,4,18
3275,50,2516064191119170716,0,27,27,187,6,4,3,10
3276,50,791659799632462265,0,25,25,198,1,3,1,10
3277,50,-1735597624491337945,0,30,30,186,1,6,3,19
3278,50,-2029693825814921788,0,34,34,191,1,7,4,17
3279,50,-4825279594967296743,0,6,6,182,1,4,3,12
3280,50,5908271902738010449,0,36,36,178,1,5,3,11
3281,50,-4939244998972458585,0,14,14,185,3,4,2,8
3282,50,5653305858371670229,0,28,28,177,2,3,2,7
3283,50,-5213741365599594432,0,31,31,186,5,5,4,13
3284,50,2599171227672756212,0,31,31,190,2,7,3,20
3285,50,5896758220874954940,0,29,29,187,2,12,8,24
3286,50,2594333297047130828,0,47,47,172,2,4,2,8
3287,50,9218565782349261525,0,37,37,175,2,4,2,12
3288,50,-6109452555471277941,0,25,25,192,1,7,4,17
3289,50,2314493114204544213,0,35,35,186,3,8,4,20
3290,50,4652034851661122375,0,33,33,188,4,5,3,12
3291,50,-6974840906776630895,0,38,38,203,1,4,1,9
3292,50,5190964574278770957,0,19,19,185,2,12,8,24
3293,50,-7679298744630750827,0,37,37,186,5,4,2,8
3294,50,3301289939976272442,0,46,46,182,2,6,4,11
3295,50,2565241510367581088,0,37,37,191,1,5,3,13
3296,50,8152653028858034441,0,39,39,180,2,3,2,8
3297,50,-8519872425647515566,0,36,36,180,2,3,2,5
3298,50,-5875891298769138067,0,37,37,182,5,3,1,14
3299,50,-2007975712441653981,0,38,38,179,5,3,2,11
3300,50,-6418721514347845599,0,28,28,191,5,7,6,15
3301,50,-5540477727700202857,0,44,44,197,3,4,2,7
3302,50,7268479599804984316,0,26,26,184,2,9,7,23
3303,50,1440331818375807407,0,36,36,187,2,2,1,3
3304,50,9089439384059679881,0,37,37,182,2,4,2,9
3305,50,-6783713900883219294,0,32,32,187,5,2,2,2
3306,50,4146244270505362135,0,25,25,190,3,5,3,12
3307,50,7296694096769658573,0,31,31,198,5,2,1,6
3308,50,697935000104901004,0,31,31,182,1,5,3,10
3309,50,1574644817313370087,0,29,29,190,1,7,4,15
3310,50,-8087457697888537280,0,42,42,196,8,2,1,7
3311,50,1124990253155884664,0,21,21,182,3,3,1,8
3312,50,-5019744733746211321,0,17,17,179,5,3,2,9
3313,50,-7660596705501444725,0,9,9,191,1,5,3,11
3314,50,-3921070095093772721,0,27,27,185,5,4,3,9
3315,50,7746161804499683746,0,25,25,195,8,3,2,9
3316,50,2415834750342662892,0,9,9,187,1,7,3,16
3317,50,1297638211813990633,0,38,38,197,1,4,3,8
3318,50,1589918965246199921,0,21,21,200,2,6,3,12
3319,50,8572253929931561647,0,33,33,183,3,3,1,6
3320,50,-2136895122173441599,0,35,35,194,4,3,2,11
3321,50,499592078437681681,0,33,33,181,1,4,3,6
3322,50,524928962073060325,0,28,28,191,2,4,2,10
3323,50,-8852980926434023433,0,25,25,190,1,9,6,26
3324,50,-9056869528961944801,0,23,23,188,6,6,5,9
3325,50,-151276469411536828,0,24,24,183,3,4,2,10
3326,50,-598298873834025666,0,41,41,185,1,6,4,17
3327,50,-8218043050648633783,0,27,27,193,2,6,3,20
3328,50,-5068590709546253005,0,29,29,182,2,7,5,11
3329,50,-8466118843495273350,0,37,37,184,4,3,2,6
3330,50,-2830399845579746332,0,26,26,187,1,6,4,16
3331,50,1129821105200020323,0,20,20,189,2,6,3,18
3332,50,6424129065502227007,0,40,40,182,8,6,5,14
3333,50,-2509374947360562212,0,39,39,198,1,5,2,11
3334,50,-7010399295997644654,0,25,25,171,4,4,3,9
3335,50,4060550482961807483,0,40,40,184,2,2,1,3
3336,50,-2761388790558525670,0,23,23,193,3,5,3,10
3337,50,-3553836421523916215,0,29,29,185,7,4,2,6
3338,50,2355380217970842585,0,29,29,182,2,4,2,9
3339,50,1812176382964073657,0,24,24,185,3,12,10,34
3340,50,3468378860426955180,0,36,36,184,3,5,3,15
3341,50,-2887973430982998827,0,27,27,189,4,4,3,8
3342,50,-1409231353283595108,0,20,20,177,3,4,1,12
3343,50,-412684114698342470,0,27,27,185,5,4,2,9
3344,50,-8188262331068598412,0,34,34,183,1,5,2,13
3345,50,-4507899165051622330,0,17,17,185,1,8,3,17
3346,50,4750977063850325650,0,30,30,189,4,7,5,28
3347,50,-9081649853648198641,0,44,44,183,2,7,5,21
3348,50,5776150900562369538,0,31,31,190,1,4,2,13
3349,50,-680630951573000298,0,31,31,198,2,3,2,10
3350,50,2526687667218170056,0,26,26,184,3,6,3,14
3351,50,5018275844666003900,0,43,43,176,3,6,4,15
3352,50,8182531960731588476,0,27,27,178,5,7,5,12
3353,50,5775419792877500020,0,28,28,189,1,5,3,13
3354,50,2830061986379951132,0,22,22,191,2,7,4,14
3355,50,-8625138638564480839,0,26,26,181,2,3,1,5
3356,50,-7928714830609314531,0,39,39,183,1,6,3,17
3357,50,-2632355370342648894,0,29,29,180,7,4,3,9
3358,50,-8320669996407655997,0,26,26,188,2,4,1,8
3359,50,6751965383596630900,0,43,43,182,1,3,1,10
3360,50,-5339358359929278030,0,36,36,191,3,5,2,13
3361,50,-7389525006724687848,0,43,43,185,3,4,2,9
3362,50,-3342434040270495293,0,26,26,180,2,7,4,20
3363,50,2735096967791550797,0,10,10,179,2,5,2,18
3364,50,-5818273235202627045,0,29,29,178,1,4,2,9
3365,50,8319271964419576896,0,30,30,187,7,3,1,11
3366,50,-7751457178506886,0,33,33,192,5,5,3,14
3367,50,6450810798325649689,0,24,24,187,1,6,4,13
3368,50,5941774628395465168,0,29,29,194,5,4,1,9
3369,50,-6165858429052884040,0,33,33,182,7,4,3,13
3370,50,-5992444144668939755,0,28,28,180,1,4,2,10
3371,50,-1602347001427137632,0,40,40,180,2,2,1,3
3372,50,7276047544478810457,0,32,32,190,1,7,3,14
3373,50,-3035616959485257933,0,17,17,193,2,5,2,13
3374,50,-6481252823297679590,0,13,13,197,2,5,3,13
3375,50,1047275973786484255,0,25,25,183,3,2,1,5
3376,50,9217056807739837653,0,22,22,191,8,2,1,5
3377,50,2311562921237952280,0,39,39,196,1,7,5,18
3378,50,3214632046028657887,0,26,26,193,1,7,4,18
3379,50,3854566123589436615,0,23,23,197,3,7,6,19
3380,50,-594534613384105356,0,29,29,175,3,6,4,12
3381,50,-3630604295588932095,0,39,39,191,4,7,5,16
3382,50,-6999971350952988912,0,11,11,195,6,4,2,10
3383,50,-1436241159405382340,0,21,21,175,4,4,3,13
3384,50,4067315932948922621,0,25,25,183,2,4,2,7
3385,50,5042190502867401534,0,28,28,182,2,4,1,12
3386,50,8219218981919358765,0,42,42,201,3,6,4,10
3387,50,669379885146069270,0,28,28,173,6,2,1,5
3388,50,-1482089781700002231,0,31,31,183,2,6,3,16
3389,50,-4337331045603783344,0,33,33,185,2,9,6,16
3390,50,7464420718394059529,0,33,33,180,2,6,4,14
3391,50,1219466014216181859,0,41,41,175,1,3,1,6
3392,50,-6107173845967112762,0,31,31,187,1,5,3,14
3393,50,-8411571160387058578,0,42,42,191,5,7,5,18
3394,50,-334217349934636212,0,25,25,178,1,3,1,10
3395,50,-4207513618031766493,0,30,30,190,8,2,1,6
3396,50,-85301253698251019,0,46,46,189,2,4,2,7
3397,50,381207386128395523,0,36,36,188,2,5,3,12
3398,50,2586510115622988274,0,41,41,191,7,4,3,14
3399,50,2589644195610325195,0,8,8,196,2,6,2,17
3400,50,-3123224075701378069,0,30,30,194,1,3,1,9
3401,50,7415301972475722286,0,19,19,194,1,4,1,7
3402,50,-7049257821522777909,0,32,32,189,9,1,1,2
3403,50,-8309684372331532093,0,36,36,182,5,4,3,12
3404,50,-4865611729690841132,0,41,41,186,4,5,4,9
3405,50,-7215463320593487808,0,33,33,195,2,9,5,28
3406,50,3029491373890918393,0,22,22,175,2,9,7,16
3407,50,-5145999387780481304,0,10,10,186,4,4,1,8
3408,50,-6055496926736634516,0,30,30,197,9,4,4,6
3409,50,299850057583718210,0,36,36,187,3,5,3,16
3410,50,5622017149127341172,0,40,40,176,6,3,2,7
3411,50,3205000580166027531,0,23,23,191,3,7,4,9
3412,50,3584952145504095620,0,2,2,182,2,6,4,12
3413,50,3768903714705884524,0,30,30,180,4,4,3,11
3414,50,8330609743511832201,0,31,31,191,1,4,1,6
3415,50,5229574970176891503,0,29,29,189,5,7,4,15
3416,50,-7506612231889539709,0,20,20,190,3,5,3,16
3417,50,5790646294746771887,0,32,32,175,2,6,4,14
3418,50,8037326162694682711,0,40,40,176,1,10,6,25
3419,50,-5028329385108560305,0,41,41,186,8,3,2,9
3420,50,-7142894420368501278,0,38,38,174,3,6,4,19
3421,50,-3882192964541616596,0,17,17,175,1,7,5,19
3422,50,-3202926071364961199,0,27,27,184,2,6,4,12
3423,50,827570572221051478,0,31,31,182,4,3,1,10
3424,50,1898354670717077679,0,31,31,182,1,5,2,10
3425,50,4824401204126227131,0,33,33,183,6,5,4,11
3426,50,-5072753026272312385,0,43,43,181,4,2,1,5
3427,50,5213837876498600229,0,38,38,192,5,2,1,3
3428,50,2538410078637187083,0,32,32,190,4,5,1,11
3429,50,1306312172435357541,0,32,32,195,5,3,2,7
3430,50,1343595192662885692,0,24,24,190,4,4,2,11
3431,50,3847428355662183632,0,22,22,194,2,8,5,18
3432,50,-1889217264686941012,0,16,16,191,7,2,1,8
3433,50,8703416444871155434,0,33,33,200,6,2,1,5
3434,50,-1920659067236232391,0,25,25,188,2,5,3,17
3435,50,6926008092930629985,0,28,28,184,1,4,2,6
3436,50,-2250524260699732900,0,41,41,196,6,4,2,7
3437,50,-2542399239170598596,0,31,31,177,3,2,1,8
3438,50,6006722384790143609,0,42,42,188,2,9,6,27
3439,50,7316606503368484692,0,39,39,180,5,1,1,4
3440,50,-3826204874393735049,0,35,35,186,2,4,1,12
3441,50,8912132475963465218,0,36,36,189,3,5,3,13
3442,50,-5901460769250008941,0,36,36,196,5,4,2,8
3443,50,2848281102704823833,0,27,27,185,1,7,4,18
3444,50,-2193809274762875791,0,31,31,181,1,3,1,10
3445,50,-1660675972434481386,0,30,30,192,4,3,1,9
3446,50,6778638869793880692,0,26,26,191,1,3,1,7
3447,50,5619233277994849942,0,19,19,188,1,5,2,13
3448,50,3600450516733199438,0,43,43,182,1,4,2,8
3449,50,5711766852989973256,0,30,30,194,5,3,1,9
3450,50,-2147932281336827174,0,27,27,180,3,2,1,3
3451,50,6699165108287765922,0,32,32,189,3,6,4,15
3452,50,-2994075000198601944,0,32,32,194,3,6,3,11
3453,50,-2204465830538291304,0,28,28,182,1,7,3,15
3454,50,-5281037013181749031,0,36,36,186,6,5,3,12
3455,50,-2500115166576376181,0,39,39,184,1,7,4,18
3456,50,1107924455186489773,0,42,42,192,4,4,1,12
3457,50,2022332423950419007,0,24,24,179,1,4,1,7
3458,50,-8817169631134486950,0,42,42,183,2,5,2,10
3459,50,-7980371659697171055,0,46,46,197,6,6,4,16
3460,50,-7642663279849888609,0,32,32,195,7,3,2,6
3461,50,8917463422281538727,0,36,36,189,1,7,5,17
3462,50,-7150338817639412073,0,31,31,183,5,3,1,6
3463,50,8307866513983871592,0,40,40,183,2,6,3,17
3464,50,-8868009045899818158,0,25,25,187,1,11,8,24
3465,50,1286963562675917615,0,29,29,185,1,4,2,9
3466,50,5169644448489399457,0,33,33,192,1,7,4,19
3467,50,5273562184581434042,0,37,37,194,3,7,3,14
3468,50,-5036762121501462991,0,38,38,180,2,3,1,6
3469,50,-853751231886062744,0,31,31,188,3,5,3,8
3470,50,6248707794918670810,0,34,34,193,4,5,2,6
3471,50,-1608378488269345629,0,43,43,184,3,5,3,22
3472,50,-6862895945042531015,0,34,34,187,2,6,4,17
3473,50,-2715067850828444518,0,45,45,177,2,6,3,12
3474,50,-3705124670693956485,0,32,32,179,2,4,2,8
3475,50,-1174526603119742669,0,38,38,189,4,3,1,4
3476,50,-1388617779530150277,0,31,31,182,2,3,2,7
3477,50,6727732417867990080,0,37,37,175,4,4,2,10
3478,50,7624228610388196879,0,38,38,181,3,5,3,14
3479,50,8779922541986373360,0,35,35,181,2,7,4,20
3480,50,-1523726622559671137,0,29,29,187,2,2,1,4
3481,50,3811653306956159111,0,32,32,191,1,7,4,9
3482,50,-8404811375539697162,0,34,34,183,6,4,1,9
3483,50,-4507678783327597487,0,24,24,183,4,6,5,7
3484,50,-5579811192350001828,0,41,41,186,4,3,2,5
3485,50,9128135045556456148,0,31,31,185,4,2,1,2
3486,50,-6971169067516939292,0,32,32,186,1,5,4,18
3487,50,-3992271205942089148,0,39,39,182,9,2,2,6
3488,50,-5599665709472270335,0,27,27,201,4,5,4,11
3489,50,-7711773668388197829,0,12,12,198,2,3,1,7
3490,50,4805387146111290975,0,29,29,184,4,3,1,12
3491,50,1939736321016585897,0,33,33,188,1,7,4,20
3492,50,-4129107758978612240,0,30,30,192,1,7,5,20
3493,50,4074800587774203400,0,41,41,188,1,5,3,14
3494,50,-588443717853783740,0,32,32,187,3,6,3,15
3495,50,-6852103085267472684,0,38,38,205,1,6,3,9
3496,50,5407202535150442269,0,33,33,182,2,3,1,12
3497,50,-2643632436950773702,0,36,36,189,1,5,2,10
3498,50,4880237396399888450,0,41,41,189,2,7,4,13
3499,50,-3304995676078474737,0,45,45,195,2,7,2,14
3500,50,6275808343836679315,0,17,17,185,4,2,1,7
3501,50,-6265353886450507773,0,25,25,185,1,5,1,12
3502,50,-1236677959496238755,0,36,36,186,2,5,1,11
3503,50,2789768185239192597,0,33,33,185,6,1,1,2
3504,50,-5947075242506077457,0,43,43,175,3,5,2,15
3505,50,-8956508465299012535,0,43,43,188,1,4,1,10
3506,50,1529947542229994349,0,28,28,197,1,3,2,5
3507,50,-8880510857957486695,0,29,29,187,4,4,2,14
3508,50,-5528701340563164445,0,23,23,196,2,6,2,14
3509,50,-8570249835044522456,0,27,27,196,7,1,1,1
3510,50,-5948226133527903076,0,20,20,174,5,3,2,8
3511,50,-8451968537621788483,0,30,30,179,2,8,5,21
3512,50,2913600620658462132,0,35,35,187,7,3,3,7
3513,50,-2308645912144823442,0,24,24,186,3,7,5,13
3514,50,3421995380335712492,0,21,21,182,3,9,6,29
3515,50,274160899367354267,0,42,42,195,3,7,3,18
3516,50,4475935385917135805,0,35,35,189,2,6,2,13
3517,50,8880502183250544926,0,25,25,189,1,5,2,14
3518,50,1117114271463989423,0,32,32,188,3,4,2,7
3519,50,-8637933493361757504,0,29,29,188,2,7,3,21
3520,50,1661734397625107178,0,23,23,181,8,2,1,5
3521,50,4116153542085588462,0,23,23,184,2,6,4,14
3522,50,-3304683483167764723,0,34,34,183,3,4,2,5
3523,50,5031252089993619884,0,22,22,189,1,5,2,10
3524,50,-5489523817250464450,0,41,41,191,4,4,2,9
3525,50,5025165814426123464,0,28,28,183,2,7,4,21
3526,50,-7306215802038142847,0,40,40,184,1,4,2,10
3527,50,3863008609817190227,0,40,40,179,4,5,4,15
3528,50,-3809839618734971059,0,22,22,185,6,4,1,14
3529,50,-1157076914913161395,0,36,36,188,5,3,1,9
3530,50,3810828644991494492,0,29,29,188,1,2,1,6
3531,50,-8603248421313479521,0,38,38,187,5,3,2,5
3532,50,1512124331531304642,0,40,40,197,5,3,2,5
3533,50,3437323800646301773,0,33,33,188,2,10,7,22
3534,50,-3984974964960900031,0,46,46,178,1,5,3,14
3535,50,-1006727817762577685,0,42,42,177,4,7,5,17
3536,50,2097680616554606811,0,44,44,195,4,4,2,6
3537,50,-746612373199122864,0,15,15,170,2,5,2,12
3538,50,-7773951522371772249,0,3,3,191,3,8,4,21
3539,50,-8400564315740502391,0,35,35,185,5,9,6,23
3540,50,-4044617130174375704,0,26,26,191,2,5,3,11
3541,50,-321452303989967344,0,29,29,190,8,2,2,4
3542,50,5113456231215595867,0,7,7,186,1,8,5,18
3543,50,8527051572160796990,0,12,12,191,1,4,3,14
3544,50,5971073556411961039,0,30,30,195,3,6,3,16
3545,50,3885120810204673277,0,32,32,179,2,5,2,11
3546,50,-2710945465023137029,0,33,33,197,3,4,1,10
3547,50,773588890975913153,0,44,44,182,1,6,4,17
3548,50,-4558138031231982197,0,15,15,189,3,6,2,9
3549,50,3958340728218915768,0,37,37,189,7,4,3,9
3550,50,731788319508394619,0,22,22,186,2,5,4,16
3551,50,6157354233757152575,0,37,37,174,2,4,2,12
3552,50,5616330063113091496,0,43,43,182,1,6,3,14
3553,50,-3801035591317843816,0,30,30,190,1,8,5,17
3554,50,-1744748596251878492,0,46,46,193,2,7,3,15
3555,50,-1837609232666856486,0,31,31,184,4,4,2,12
3556,50,-4437839059087863863,0,25,25,180,9,2,2,6
3557,50,-2763978270905408984,0,36,36,188,1,4,2,9
3558,50,6434595620359454608,0,48,48,176,2,3,1,11
3559,50,8296570340748005669,0,31,31,193,2,5,3,8
3560,50,3642730393836667683,0,29,29,187,2,2,1,6
3561,50,1616150049596197286,0,33,33,188,2,5,2,9
3562,50,-5167463083813137616,0,38,38,189,5,4,2,9
3563,50,-7214018141791445079,0,43,43,187,1,5,1,7
3564,50,567651107422454783,0,23,23,194,2,4,2,12
3565,50,7786017733055886726,0,33,33,186,2,6,2,14
3566,50,3443294585625173446,0,34,34,185,5,4,3,9
3567,50,4245785636828577380,0,24,24,187,5,5,4,15
3568,50,-564241602715670980,0,26,26,198,1,3,1,8
3569,50,1324064257753658350,0,27,27,188,5,3,1,8
3570,50,-1597603295352754325,0,32,32,176,2,5,3,16
3571,50,-316836329839692987,0,44,44,180,3,4,2,8
3572,50,-1720186034461376566,0,30,30,193,2,9,7,16
3573,50,3350885034522752311,0,41,41,186,1,5,3,16
3574,50,-7503238558451341430,0,23,23,189,1,5,3,8
3575,50,-6917483094588123727,0,41,41,172,5,3,2,12
3576,50,-7726952906580175056,0,31,31,180,2,9,5,20
3577,50,9023373946669604466,0,11,11,183,2,4,2,9
3578,50,7164273968529197923,0,32,32,188,1,6,3,10
3579,50,5021326234040338689,0,23,23,193,2,3,1,9
3580,50,4977636252445385222,0,31,31,192,4,3,1,8
3581,50,-405661045099156511,0,40,40,193,1,6,2,15
3582,50,-2410381083236832119,0,43,43,181,2,5,3,16
3583,50,3399866019518187266,0,44,44,174,7,2,1,4
3584,50,-5497508250133064836,0,22,22,189,4,5,2,11
3585,50,-5788383086986189959,0,32,32,191,4,3,1,9
3586,50,2168760218336763748,0,34,34,176,6,3,2,11
3587,50,1427627037035936371,0,36,36,193,3,7,4,20
3588,50,-2979399693224559918,0,29,29,184,3,6,4,13
3589,50,-3031736240906545305,0,30,30,179,2,5,4,10
3590,50,-4480651316128857680,0,32,32,189,5,3,2,7
3591,50,-4911481580314433142,0,24,24,181,5,2,1,7
3592,50,2973120263799370206,0,13,13,184,2,7,5,19
3593,50,4292834519718000776,0,41,41,189,5,2,1,6
3594,50,5816838759645221117,0,28,28,188,1,6,3,15
3595,50,-4961309906280779664,0,35,35,185,1,4,2,7
3596,50,-6701648151216481399,0,23,23,178,7,4,3,15
3597,50,8355402558959466735,0,41,41,193,2,4,2,7
3598,50,-407255141124452051,0,34,34,187,1,2,1,4
3599,50,8133299833096080320,0,39,39,181,9,1,1,2
3600,50,-7798538725466885550,0,35,35,187,1,5,3,14
3601,50,-6135717416052507037,0,24,24,175,1,7,3,20
3602,50,9206425710976025336,0,30,30,185,2,8,5,16
3603,50,1058244752514544396,0,18,18,186,5,2,2,2
3604,50,3807491091264644809,0,37,37,185,5,3,2,4
3605,50,1739255313082705118,0,6,6,196,4,6,2,11
3606,50,-4501667897508042133,0,30,30,176,1,3,2,7
3607,50,5670487449855542104,0,27,27,186,2,4,2,6
3608,50,-2632163655841378795,0,33,33,193,1,7,4,14
3609,50,-605669234298531569,0,44,44,184,3,4,2,9
3610,50,3594253137413907812,0,41,41,189,2,7,6,20
3611,50,-6116422689756268131,0,23,23,191,1,6,3,12
3612,50,6989477049323659375,0,25,25,190,2,3,1,6
3613,50,-7407231223591415079,0,25,25,183,2,8,6,21
3614,50,3812123909874029080,0,32,32,189,3,5,2,12
3615,50,6861890159994387783,0,28,28,184,5,3,2,6
3616,50,-9086192898254731355,0,26,26,190,2,8,4,21
3617,50,-7601482409531303982,0,41,41,186,9,2,2,4
3618,50,5364687367676118414,0,23,23,187,6,5,2,10
3619,50,3834283604698348216,0,30,30,184,1,4,2,13
3620,50,-6051887854240563816,0,42,42,205,3,4,2,10
3621,50,8780254097268452805,0,37,37,183,3,5,3,9
3622,50,-5186539379061435870,0,34,34,187,2,5,2,12
3623,50,2948754253548801475,0,35,35,179,2,10,6,23
3624,50,-1006542733926712642,0,16,16,184,4,5,3,16
3625,50,3211011503044384048,0,33,33,177,6,3,2,7
3626,50,5402249939717430787,0,30,30,182,6,6,4,14
3627,50,3726174546222922801,0,34,34,181,2,4,2,9
3628,50,-6850448017055566688,0,46,46,188,1,5,3,9
3629,50,5866791170704712647,0,32,32,183,4,5,2,11
3630,50,-5358092903262025292,0,35,35,193,2,5,4,9
3631,50,3010464301732446271,0,39,39,176,1,5,2,17
3632,50,4752415762207288413,0,41,41,179,5,3,1,8
3633,50,5255769525635086063,0,40,40,186,6,3,2,6
3634,50,-262776738022726002,0,36,36,190,1,6,4,14
3635,50,7908123471321801502,0,36,36,186,4,8,5,21
3636,50,-6180529056051917530,0,39,39,184,3,8,6,21
3637,50,-191494240364644797,0,20,20,201,1,5,2,14
3638,50,7014857186516319549,0,36,36,183,7,5,4,12
3639,50,7162372715358955378,0,29,29,199,2,6,1,9
3640,50,1676952594630515392,0,19,19,191,1,4,3,12
3641,50,-4882680707026360813,0,16,16,180,1,7,4,25
3642,50,4690992266806223935,0,32,32,181,4,6,3,12
3643,50,-665408683114413100,0,36,36,184,5,2,1,4
3644,50,4458349764374458373,0,29,29,190,1,6,3,19
3645,50,6079260524435474912,0,21,21,183,7,4,3,10
3646,50,6526476519746856553,0,40,40,176,1,7,5,17
3647,50,4686682761428643152,0,26,26,182,1,7,4,19
3648,50,-6981901413598835357,0,22,22,175,6,3,2,12
3649,50,7346501120696833762,0,33,33,186,6,4,3,11
3650,50,1252947452284680545,0,32,32,172,1,7,3,15
3651,50,5834526116269634024,0,30,30,185,1,4,2,12
3652,50,7892191134753863515,0,26,26,192,5,5,4,7
3653,50,6090285657204012674,0,24,24,188,2,2,1,3
3654,50,5905884342584951844,0,32,32,187,2,3,1,6
3655,50,6968275405321757455,0,33,33,191,1,4,2,6
3656,50,-3838156506880678653,0,36,36,177,6,1,1,1
3657,50,-7984366179517130528,0,35,35,187,1,3,1,7
3658,50,-2159866399527488126,0,22,22,192,1,4,2,8
3659,50,5712976891267878958,0,31,31,191,2,4,1,7
3660,50,3162769236997799557,0,41,41,195,5,3,2,8
3661,50,350264271883376462,0,34,34,189,1,3,2,5
3662,50,1309976077758147229,0,39,39,175,3,4,2,7
3663,50,591847823805059362,0,28,28,193,5,4,3,8
3664,50,4747688268499233694,0,11,11,180,3,7,5,18
3665,50,4158087698036975314,0,22,22,189,4,2,1,6
3666,50,-625855060376181394,0,11,11,189,1,8,3,19
3667,50,-6930509326509743940,0,15,15,186,2,7,5,21
3668,50,-2868188279038316001,0,34,34,189,3,2,1,6
3669,50,-8935855279578015064,0,31,31,169,4,5,4,9
3670,50,-8280399892280028352,0,7,7,171,5,4,2,11
3671,50,5716322735991686976,0,27,27,194,1,10,8,18
3672,50,-4923278021506767760,0,38,38,199,1,4,1,11
3673,50,-3305942046165158210,0,32,32,179,4,3,1,10
3674,50,7262846877058933555,0,46,46,177,6,4,4,10
3675,50,2873469120252237030,0,41,41,190,4,5,2,10
3676,50,-2247360551819173880,0,30,30,186,3,4,2,13
3677,50,-264944870380924361,0,24,24,194,5,5,3,6
3678,50,-3581673002816557894,0,25,25,190,3,4,2,11
3679,50,5179059933381389405,0,28,28,195,1,5,2,11
3680,50,-5824896500322821130,0,32,32,179,4,6,5,14
3681,50,7242287344321006057,0,39,39,188,2,4,2,12
3682,50,-4981250369812994531,0,23,23,176,1,8,5,23
3683,50,-7317932275837199037,0,29,29,195,5,6,3,16
3684,50,-8212500949786867877,0,22,22,188,7,3,2,5
3685,50,8584452506673251038,0,37,37,184,5,5,3,13
3686,50,-855264544924161288,0,39,39,195,2,4,2,7
3687,50,-5990566669647343954,0,29,29,178,1,11,6,24
3688,50,-8317158710921398290,0,34,34,197,2,4,2,7
3689,50,2749415069026106583,0,39,39,186,8,3,2,5
3690,50,-6675014100101295430,0,35,35,190,1,7,4,17
3691,50,-993259447063168602,0,33,33,191,2,3,1,7
3692,50,5040973711996201078,0,26,26,193,5,5,2,11
3693,50,-4081513984550341436,0,24,24,186,3,5,2,13
3694,50,-8071501578944178393,0,28,28,198,2,7,4,13
3695,50,-2185346706976033880,0,46,46,174,2,3,1,13
3696,50,-1141715610161182892,0,27,27,191,3,7,4,15
3697,50,-2907367845123958963,0,31,31,179,2,7,5,12
3698,50,-1303582936680035625,0,11,11,188,2,8,5,19
3699,50,-5177960328763061979,0,30,30,191,5,3,1,4
3700,50,-2696593627145120522,0,28,28,187,4,3,2,3
3701,50,372566914958967628,0,29,29,185,3,4,2,13
3702,50,1084333227004354485,0,34,34,199,1,9,5,18
3703,50,5346120392450271232,0,30,30,205,2,3,2,7
3704,50,9198101980322370149,0,35,35,195,1,5,1,10
3705,50,-8488146565082424239,0,35,35,190,3,5,3,14
3706,50,-3655855431369343616,0,31,31,190,1,12,10,29
3707,50,4573352710270016020,0,17,17,185,1,4,1,6
3708,50,-5554002021783011400,0,27,27,193,2,5,3,12
3709,50,6003871274639551773,0,39,39,186,1,5,3,12
3710,50,896310255068702797,0,26,26,184,2,5,2,14
3711,50,4973955615651811244,0,26,26,189,2,3,2,7
3712,50,7165839955141782174,0,19,19,176,5,2,1,9
3713,50,-6684423063930168793,0,35,35,194,4,5,3,14
3714,50,5081763862346299139,0,17,17,183,4,2,1,5
3715,50,4634280110133819913,0,35,35,186,3,5,3,8
3716,50,-2276041913788740391,0,17,17,178,2,2,1,5
3717,50,-1784490398631435238,0,36,36,182,8,2,2,4
3718,50,-5928418379016119843,0,26,26,199,3,6,3,17
3719,50,5814388993324905952,0,42,42,191,2,4,2,10
3720,50,-8333611338841474371,0,27,27,195,7,6,5,15
3721,50,3981406061590968917,0,33,33,185,6,3,1,9
3722,50,1383151784559849708,0,37,37,191,3,4,3,13
3723,50,8773010979334374873,0,12,12,196,1,8,5,20
3724,50,8165766236434014645,0,42,42,191,1,6,3,20
3725,50,-8294538476794356375,0,28,28,184,6,4,2,12
3726,50,7698699568197956243,0,24,24,185,4,4,3,10
3727,50,2653350741330042129,0,19,19,181,1,6,4,14
3728,50,3962125708379084479,0,32,32,194,4,9,5,27
3729,50,1511104605381513631,0,39,39,189,2,4,3,10
3730,50,8588378194130592265,0,30,30,196,1,4,1,11
3731,50,4928979488229865881,0,44,44,185,2,4,2,12
3732,50,-7970545500360608533,0,29,29,180,8,4,3,7
3733,50,2265756203141243248,0,41,41,177,3,4,3,16
3734,50,-2134946836961503782,0,31,31,182,5,3,2,9
3735,50,-4004752223151059212,0,27,27,191,4,4,2,8
3736,50,6764231411648105439,0,30,30,194,2,8,4,16
3737,50,1851972695486902283,0,28,28,177,1,3,1,8
3738,50,-3770023974526038426,0,47,47,184,6,2,2,4
3739,50,4508580327586627741,0,36,36,189,6,3,3,5
3740,50,5300133173034786390,0,33,33,191,4,7,5,16
3741,50,-5790702560298935342,0,25,25,193,1,9,6,19
3742,50,-7258968918598427551,0,22,22,182,2,4,3,7
3743,50,-1289846414995821441,0,26,26,180,6,2,1,4
3744,50,799938503104327836,0,40,40,186,1,6,3,9
3745,50,-6339887284020694819,0,18,18,190,2,5,3,12
3746,50,-4620003039930656942,0,30,30,198,3,6,2,14
3747,50,8851805673907225979,0,36,36,185,2,9,6,25
3748,50,-1161607212778510572,0,40,40,188,5,4,3,9
3749,50,5834115218699185013,0,22,22,190,6,6,4,14
3750,50,-3106534684281347052,0,32,32,194,3,4,3,5
3751,50,2257813823468305894,0,34,34,184,4,4,2,6
3752,50,-4995087363884731213,0,31,31,176,5,5,4,16
3753,50,6461442110048750234,0,37,37,191,5,4,2,7
3754,50,-8020261415205811369,0,31,31,188,3,5,3,11
3755,50,-2718742513271832056,0,21,21,190,6,4,4,8
3756,50,-7454221707321927294,0,29,29,192,1,7,4,12
3757,50,-4136275449962974594,0,32,32,189,1,4,2,9
3758,50,-4140664329660227553,0,44,44,187,5,12,11,31
3759,50,9205764235870077598,0,22,22,197,1,8,4,15
3760,50,4503968492323860767,0,28,28,184,1,5,2,15
3761,50,5028929620034232072,0,23,23,184,1,10,7,30
3762,50,-5170801861750442428,0,40,40,199,1,4,2,7
3763,50,8863186744972496728,0,34,34,190,4,3,2,8
3764,50,1806388045447319868,0,36,36,185,1,9,4,16
3765,50,-8568373072836401582,0,24,24,197,5,3,1,6
3766,50,-1205968619918137103,0,40,40,179,2,5,2,8
3767,50,3562870879744524636,0,16,16,185,2,3,1,4
3768,50,-3099404739057125345,0,32,32,183,4,3,1,10
3769,50,8382492508093303596,0,18,18,191,1,8,4,19
3770,50,-3004536529581854426,0,44,44,186,2,4,1,9
3771,50,7240271743992739265,0,24,24,191,7,3,2,8
3772,50,7965795821481806625,0,23,23,190,2,2,1,6
3773,50,-2461713013436883050,0,31,31,194,5,3,1,7
3774,50,6279920053783071798,0,35,35,188,2,3,1,6
3775,50,-6684294522899654635,0,15,15,185,3,7,5,13
3776,50,7155356496941622575,0,24,24,183,1,3,1,11
3777,50,6326194763261785929,0,38,38,190,2,8,5,22
3778,50,-3267204684006378935,0,21,21,189,3,7,3,18
3779,50,-2729215369887564584,0,35,35,186,1,7,5,19
3780,50,-7480980889664719540,0,18,18,199,4,5,3,10
3781,50,-482425399715206609,0,38,38,185,1,7,5,20
3782,50,-2093155136659055397,0,43,43,182,6,5,3,14
3783,50,5912437721900207102,0,42,42,189,2,7,4,24
3784,50,308872688472141069,0,28,28,193,2,4,2,11
3785,50,7365579595651049191,0,33,33,181,7,1,1,2
3786,50,8811168244860509499,0,38,38,201,3,4,3,6
3787,50,-176489975114237071,0,33,33,181,2,6,4,17
3788,50,3950710535395999515,0,37,37,188,1,6,3,12
3789,50,7279722977281185090,0,35,35,181,1,5,3,9
3790,50,1954368843808817933,0,30,30,190,1,5,3,10
3791,50,-4162411212421834355,0,38,38,183,4,5,2,12
3792,50,6700728848728747445,0,39,39,189,2,7,4,18
3793,50,3057333069046859977,0,37,37,189,7,4,4,14
3794,50,1761723715654669001,0,31,31,180,1,3,1,6
3795,50,-6248444613794568285,0,28,28,191,1,6,4,20
3796,50,-9025237398807074517,0,24,24,189,4,2,1,3
3797,50,2475819116238930740,0,35,35,180,1,5,3,12
3798,50,522621932268555322,0,28,28,195,2,7,5,14
3799,50,-3032442323078708106,0,47,47,186,3,7,4,27
3800,50,7482922999203577444,0,7,7,197,5,4,2,6
3801,50,7390043517513664244,0,39,39,202,1,5,3,12
3802,50,-3692820374739877633,0,24,24,188,2,5,3,14
3803,50,-5979888705333483840,0,32,32,183,5,4,2,8
3804,50,7529173057018729817,0,40,40,186,3,5,3,9
3805,50,4828666312438790570,0,30,30,191,5,7,6,19
3806,50,-80641429679195379,0,39,39,204,2,6,4,17
3807,50,8458290724159055790,0,28,28,187,6,2,1,7
3808,50,-6377894548018020456,0,44,44,189,1,5,2,14
3809,50,2365113757919860397,0,32,32,190,7,3,1,8
3810,50,-6992139299353627861,0,36,36,178,1,5,3,11
3811,50,-3146952239531598496,0,25,25,197,1,8,6,19
3812,50,-2458844943864817983,0,34,34,186,3,6,3,12
3813,50,-1128801510125047415,0,28,28,190,1,2,1,5
3814,50,-8020034494541817996,0,28,28,185,1,3,2,8
3815,50,-7028133904811211414,0,29,29,198,1,5,3,8
3816,50,-992753902650348788,0,22,22,179,1,5,2,13
3817,50,-5506549142605150085,0,35,35,188,2,5,3,9
3818,50,-7938489593882500647,0,37,37,189,1,7,5,15
3819,50,6990264895619104598,0,32,32,182,2,3,1,7
3820,50,-4597359676678241854,0,24,24,195,4,8,6,23
3821,50,1900890347071235830,0,33,33,187,2,6,4,14
3822,50,-2222552960281395555,0,39,39,171,1,3,1,10
3823,50,1725569668585707296,0,37,37,186,2,6,3,13
3824,50,5124773445651112896,0,45,45,190,1,9,4,30
3825,50,4153618514530506784,0,28,28,185,1,9,6,22
3826,50,3871849464095359703,0,41,41,197,5,5,3,16
3827,50,-2175479399001841736,0,24,24,198,2,7,4,18
3828,50,-3711980406624814089,0,20,20,198,5,5,3,13
3829,50,5167971121836337493,0,41,41,185,2,4,1,9
3830,50,2409475561580655347,0,33,33,187,6,6,4,14
3831,50,2736867050776960388,0,32,32,182,2,6,4,13
3832,50,6756540623776712174,0,35,35,185,4,5,3,13
3833,50,-1163735958464955229,0,38,38,175,2,3,2,7
3834,50,8952764504282634545,0,21,21,180,9,2,2,2
3835,50,-8160462576978902821,0,29,29,182,2,11,8,27
3836,50,-9010496673539634114,0,34,34,186,7,2,1,5
3837,50,4542281617365494605,0,24,24,186,4,8,5,15
3838,50,-10349071631553499,0,43,43,191,1,4,1,10
3839,50,7820286281702682763,0,16,16,180,2,5,3,15
3840,50,-2187918505521170667,0,32,32,192,2,5,2,9
3841,50,7272246649584449609,0,33,33,188,4,3,2,10
3842,50,-3632607107090299595,0,38,38,184,1,5,2,12
3843,50,-7785725170193456045,0,37,37,188,2,4,2,15
3844,50,474385115120052916,0,33,33,185,1,10,8,20
3845,50,-8972837111445466430,0,33,33,191,3,3,2,4
3846,50,3646916579815302942,0,9,9,183,2,6,3,15
3847,50,-8300732293662371990,0,46,46,185,2,8,5,25
3848,50,-8493556577723943439,0,20,20,196,1,5,3,14
3849,50,-8029206804231772010,0,33,33,197,4,8,6,21
3850,50,-6847872989639830416,0,22,22,189,1,8,3,23
3851,50,-867970863658853641,0,33,33,189,2,4,2,11
3852,50,5320408550049616054,0,22,22,182,1,6,2,14
3853,50,-2538620267505760040,0,37,37,181,1,5,3,15
3854,50,9075975052306658829,0,21,21,181,5,6,4,13
3855,50,5098182852428132502,0,36,36,193,2,4,1,6
3856,50,-9207615521470272896,0,31,31,190,1,4,1,7
3857,50,3089641431793702479,0,26,26,184,3,3,1,7
3858,50,1787247256381149614,0,42,42,194,1,7,5,14
3859,50,-1543427922518879015,0,26,26,185,2,10,8,24
3860,50,1838517430382987488,0,33,33,184,4,3,2,10
3861,50,7213863126175074806,0,26,26,197,1,5,2,17
3862,50,-2973048306326597538,0,32,32,183,1,4,2,12
3863,50,2847694829515346373,0,34,34,189,5,2,1,7
3864,50,-4411894533325015554,0,24,24,191,3,4,3,8
3865,50,-2527316056525699718,0,32,32,187,1,8,5,18
3866,50,7195251971090093309,0,31,31,185,1,9,6,19
3867,50,-483334434817527471,0,44,44,183,6,2,1,5
3868,50,-2971158179524870383,0,0,0,192,1,10,6,19
3869,50,-3543656460637227585,0,26,26,182,1,5,2,13
3870,50,-9052734604872392002,0,32,32,183,3,4,2,13
3871,50,1006218960881649642,0,35,35,179,4,4,2,16
3872,50,8826164776676901608,0,34,34,193,3,3,1,7
3873,50,2574397574398788955,0,29,29,180,1,5,1,6
3874,50,-2001290289059261527,0,42,42,185,4,3,2,8
3875,50,437791572616515314,0,26,26,185,5,7,4,12
3876,50,-1064868915000700828,0,36,36,192,7,4,2,13
3877,50,-1170992585168281830,0,26,26,205,4,4,2,9
3878,50,6132910168755265306,0,32,32,183,2,4,3,8
3879,50,1020307825355755324,0,37,37,190,2,3,1,8
3880,50,7960909977024206075,0,39,39,203,2,5,3,8
3881,50,-116800529080254344,0,26,26,195,5,2,1,4
3882,50,6721377430591402048,0,27,27,194,2,5,2,15
3883,50,3879294932408638354,0,40,40,197,1,6,2,9
3884,50,8234299227686853431,0,35,35,203,1,4,1,5
3885,50,-6307724957435782102,0,31,31,175,1,5,2,17
3886,50,8059198631499205791,0,18,18,193,1,5,2,13
3887,50,9002186336097426224,0,42,42,193,3,2,1,6
3888,50,757398747650054453,0,32,32,184,4,6,4,16
3889,50,-4574542415323296619,0,38,38,179,3,7,5,20
3890,50,-6239426514371114354,0,33,33,189,1,6,4,11
3891,50,7732638109358826566,0,20,20,195,7,4,2,11
3892,50,3062689396807028519,0,30,30,180,1,3,1,9
3893,50,-4381450001756252587,0,38,38,180,1,4,2,8
3894,50,2172704579145766842,0,35,35,189,1,6,3,12
3895,50,3199002534995912313,0,32,32,185,2,8,5,22
3896,50,-6351437471401871918,0,35,35,176,1,4,2,12
3897,50,-6772937705519760712,0,31,31,189,4,3,1,9
3898,50,-5133709216332230751,0,36,36,188,3,7,4,15
3899,50,-7818126621128530590,0,27,27,196,1,6,2,6
3900,50,5926071182195162385,0,30,30,185,5,5,3,9
3901,50,7966457783321434689,0,44,44,193,1,8,5,19
3902,50,-5343797922203983336,0,16,16,181,5,7,5,25
3903,50,2487951233573241613,0,25,25,193,5,12,9,22
3904,50,706957531120720464,0,31,31,195,3,4,2,9
3905,50,-1950478476491020507,0,33,33,194,2,8,5,21
3906,50,-2756470578144343610,0,34,34,192,2,5,3,16
3907,50,2926100152366357116,0,23,23,183,1,4,2,11
3908,50,-5889323317935380719,0,19,19,178,5,4,3,10
3909,50,6053867085960783825,0,27,27,189,2,4,3,8
3910,50,-7434801583013358938,0,30,30,192,2,3,2,3
3911,50,5961487742106790434,0,26,26,178,3,9,7,28
3912,50,4528204824162520939,0,38,38,195,5,6,3,11
3913,50,-6138213071427270302,0,28,28,196,1,6,3,11
3914,50,-8316549701739401079,0,26,26,194,3,3,2,8
3915,50,-7746496580060180887,0,41,41,183,1,4,2,8
3916,50,-8526666077017386874,0,41,41,194,3,5,3,15
3917,50,-9069535276861128149,0,28,28,188,3,3,1,4
3918,50,-5014584673697307246,0,32,32,195,4,5,2,12
3919,50,2553648922679249964,0,29,29,186,3,9,6,15
3920,50,6295836108904580896,0,28,28,184,3,3,1,4
3921,50,-3305342528073464781,0,28,28,196,3,2,1,4
3922,50,7104594469664929976,0,43,43,196,3,3,2,6
3923,50,6605459028473342781,0,45,45,193,4,4,2,10
3924,50,1570911281004580363,0,24,24,183,1,4,2,11
3925,50,-6658355405601931340,0,16,16,194,2,8,5,12
3926,50,5259235120124132423,0,39,39,188,4,7,4,12
3927,50,-3984232309352734496,0,36,36,192,2,6,4,12
3928,50,-6685701332144116564,0,32,32,192,2,8,6,20
3929,50,8435131475424277917,0,35,35,183,4,5,3,18
3930,50,-6162668662361004961,0,19,19,181,4,4,2,6
3931,50,4162048308099910222,0,34,34,182,1,4,2,10
3932,50,103294894418580862,0,32,32,195,2,4,2,9
3933,50,4320877378676120081,0,32,32,178,5,2,1,3
3934,50,6707094167705841012,0,36,36,188,3,3,2,11
3935,50,-4838446930133551308,0,40,40,179,3,3,1,10
3936,50,7396696240343725197,0,36,36,184,3,6,4,14
3937,50,-2122330488511052058,0,31,31,189,3,3,2,8
3938,50,-1554549002274106676,0,21,21,179,1,5,2,13
3939,50,-7455439943188708303,0,28,28,182,1,3,1,8
3940,50,6341622254362365436,0,46,46,198,1,6,2,8
3941,50,-2073145438976672217,0,43,43,195,3,3,1,10
3942,50,-3544555330801478396,0,40,40,204,1,5,2,5
3943,50,-2299829714225691301,0,30,30,189,4,4,2,13
3944,50,4043438721561472127,0,46,46,182,4,8,6,27
3945,50,3067528357458754707,0,23,23,177,2,5,2,14
3946,50,7579345852390314124,0,17,17,196,5,6,4,8
3947,50,750623384057921723,0,29,29,197,2,5,2,9
3948,50,-429235904396451871,0,31,31,186,2,6,3,17
3949,50,-5107542660796621797,0,21,21,176,1,6,3,17
3950,50,-7872849016556346330,0,31,31,196,2,3,1,4
3951,50,587641369869007052,0,44,44,190,5,6,4,14
3952,50,8616398772039207808,0,38,38,193,2,3,1,10
3953,50,-7585589561894582680,0,26,26,191,1,4,1,11
3954,50,5111789328896845675,0,37,37,191,4,3,2,5
3955,50,-5654888879398926592,0,42,42,194,3,3,1,11
3956,50,4589055026460345548,0,33,33,180,2,5,2,17
3957,50,-8562921420327241902,0,36,36,174,5,3,1,7
3958,50,4548849016175391046,0,25,25,182,1,5,2,14
3959,50,651596439425025595,0,25,25,184,4,5,4,13
3960,50,-8033040831945178677,0,23,23,183,5,3,1,9
3961,50,-6336669438108184726,0,41,41,196,2,6,2,11
3962,50,-1790989757050311050,0,5,5,181,3,5,3,11
3963,50,-4884407777276261034,0,32,32,193,2,9,5,19
3964,50,-7609571452516313192,0,29,29,195,3,6,3,15
3965,50,6380625720139413105,0,21,21,195,4,5,3,11
3966,50,-7311772549138397168,0,41,41,191,2,5,3,11
3967,50,9196324181470673309,0,36,36,179,2,2,1,5
3968,50,-607334946091841312,0,27,27,195,2,7,5,15
3969,50,8297107946045378015,0,32,32,193,4,7,5,22
3970,50,-6037623686928999940,0,44,44,188,5,1,1,2
3971,50,6930010930504157522,0,27,27,181,3,4,2,9
3972,50,3082305150114243683,0,32,32,200,1,3,2,9
3973,50,6247128429280424797,0,32,32,195,3,5,2,9
3974,50,6113316116199766387,0,28,28,193,1,3,2,5
3975,50,-1773708576042121688,0,33,33,192,1,5,3,11
3976,50,1497725147356885881,0,28,28,187,1,4,1,11
3977,50,8319828516271838027,0,24,24,179,1,9,6,28
3978,50,5051406847592991623,0,6,6,185,4,3,2,5
3979,50,-218001042413011000,0,33,33,187,4,7,3,19
3980,50,-1186191315544655734,0,32,32,186,5,3,2,6
3981,50,7613139115830659899,0,11,11,179,1,4,2,7
3982,50,5454534100910730139,0,26,26,192,4,3,1,8
3983,50,-4314106870688262577,0,18,18,177,4,4,3,11
3984,50,-8391296009930343019,0,18,18,189,6,3,2,14
3985,50,3387659263437495412,0,39,39,183,5,3,1,3
3986,50,1499823741735920103,0,36,36,192,5,6,3,10
3987,50,5706728400446657742,0,18,18,182,2,8,5,15
3988,50,-7881759740475690326,0,34,34,191,2,5,3,7
3989,50,-3514986289148121488,0,38,38,198,5,4,2,7
3990,50,-339931218393044491,0,35,35,180,3,7,6,19
3991,50,-1677442248101585975,0,17,17,190,3,6,2,9
3992,50,-7988537895147250576,0,34,34,194,2,8,5,21
3993,50,4844385868677751134,0,19,19,172,4,2,1,6
3994,50,6899197214892214567,0,32,32,195,1,4,2,11
3995,50,-2519726739550037063,0,34,34,183,4,5,4,12
3996,50,3561244884040815264,0,26,26,196,1,5,3,10
3997,50,-8369623239397658464,0,31,31,186,1,3,2,9
3998,50,-251289702583601874,0,33,33,187,3,7,4,14
3999,50,2581317529655074698,0,38,38,181,2,2,1,5
4000,50,4821968183170256519,0,29,29,183,4,11,8,31
4001,50,-5468108195314948786,0,20,20,188,4,9,7,28
4002,50,7130850608751069844,0,31,31,194,1,5,3,18
4003,50,390384772010944285,0,30,30,195,5,3,2,8
4004,50,-2506397252449728120,0,48,48,180,1,5,3,11
4005,50,-6895049201194624846,0,30,30,177,6,2,1,4
4006,50,-5647773049938668748,0,34,34,187,1,9,6,28
4007,50,-2617962547407072825,0,35,35,182,4,4,2,11
4008,50,3255525860381240216,0,38,38,189,4,4,2,12
4009,50,-7589260834494789942,0,34,34,182,3,5,4,13
4010,50,8311161089618959548,0,26,26,185,2,6,3,12
4011,50,6534556263113251024,0,31,31,193,2,5,2,13
4012,50,4659494792683735489,0,27,27,192,3,4,2,9
4013,50,4549473467882909898,0,20,20,186,4,4,2,8
4014,50,-9069643738872635598,0,26,26,177,1,2,1,6
4015,50,7049855551300311542,0,35,35,184,1,4,3,10
4016,50,8330411314230637727,0,41,41,194,2,10,6,23
4017,50,8043048226429964183,0,3,3,185,3,7,4,17
4018,50,-4998731069114305684,0,38,38,196,1,5,3,9
4019,50,3582701915940942311,0,28,28,184,3,3,1,6
4020,50,-613263772631574810,0,25,25,194,1,9,6,23
4021,50,8848462822727259724,0,20,20,184,7,4,3,10
4022,50,5132475830207650198,0,26,26,206,3,4,2,10
4023,50,579912161214899914,0,20,20,191,4,5,2,6
4024,50,5505698770868954074,0,44,44,193,2,6,4,9
4025,50,-2357047999757712199,0,32,32,190,1,3,2,6
4026,50,5502495810746355632,0,29,29,193,5,5,3,12
4027,50,-8168397503197896009,0,31,31,192,1,8,4,17
4028,50,7587616745970980309,0,33,33,197,2,4,1,8
4029,50,2715206025751136735,0,33,33,180,6,4,3,6
4030,50,-3927831477943699442,0,25,25,178,7,3,2,9
4031,50,4537965854557994554,0,42,42,185,1,7,2,22
4032,50,-4679684681332310844,0,43,43,194,4,6,4,11
4033,50,8351820468499478133,0,28,28,191,4,4,1,11
4034,50,-7731863652970819626,0,24,24,176,3,2,1,5
4035,50,-2882834705074562348,0,34,34,185,3,10,7,31
4036,50,4073468940336258218,0,33,33,198,4,4,2,11
4037,50,-2535151999024185498,0,20,20,185,2,3,1,8
4038,50,8146999747003479429,0,21,21,185,5,3,2,6
4039,50,5193672660513951098,0,27,27,189,1,3,1,10
4040,50,-2903293810447148004,0,14,14,179,4,2,1,9
4041,50,-4969139868325883823,0,27,27,189,2,6,2,11
4042,50,7070944733743316843,0,36,36,189,1,6,3,15
4043,50,-471488710487631596,0,35,35,186,3,5,2,16
4044,50,-7598744543877578044,0,30,30,190,3,6,4,14
4045,50,8529606840452591112,0,30,30,189,2,8,6,22
4046,50,-8562484847477693910,0,29,29,181,2,5,3,12
4047,50,4858242472748808447,0,19,19,184,3,4,1,9
4048,50,-4595125254396999713,0,29,29,198,1,7,3,18
4049,50,-1486254383937165039,0,21,21,190,1,10,5,24
4050,50,798727097808922427,0,29,29,189,1,7,4,19
4051,50,-2372506112164775028,0,36,36,174,8,4,4,8
4052,50,999365047718572222,0,28,28,183,3,7,5,16
4053,50,5541596842447986728,0,46,46,188,5,4,3,5
4054,50,-5183737766888082583,0,39,39,182,1,5,3,13
4055,50,-6732682006990820225,0,21,21,199,1,5,3,11
4056,50,8061687911851818825,0,37,37,194,1,4,1,9
4057,50,-4632179686745484613,0,40,40,182,6,4,2,11
4058,50,8101662334035631443,0,17,17,187,4,4,2,11
4059,50,8213825613590679440,0,40,40,181,4,2,1,6
4060,50,-7814089542706843529,0,32,32,184,3,6,4,15
4061,50,2334610633431270252,0,43,43,192,4,6,4,17
4062,50,-8336712600406060050,0,19,19,189,2,6,3,12
4063,50,5289977174883920621,0,33,33,174,4,2,1,6
4064,50,-2116578001232606505,0,21,21,186,2,8,6,19
4065,50,6649430335273183891,0,28,28,186,5,4,3,12
4066,50,-2459609847571573503,0,19,19,182,8,3,2,11
4067,50,9201860255671542198,0,19,19,185,4,2,1,5
4068,50,-1100843387562361590,0,32,32,188,1,2,1,4
4069,50,-8787447925015414598,0,35,35,191,1,6,3,16
4070,50,4648795837850399656,0,33,33,184,4,4,2,8
4071,50,-1865411428738457984,0,33,33,177,1,6,4,18
4072,50,657252581769825350,0,32,32,185,3,4,2,4
4073,50,6286229706178947359,0,24,24,188,2,10,6,25
4074,50,661164278229708498,0,43,43,195,1,9,5,20
4075,50,3807460455658737107,0,21,21,179,3,4,2,6
4076,50,-3085345793007660331,0,39,39,183,3,5,2,15
4077,50,2292963974138078261,0,45,45,182,1,4,1,11
4078,50,1616982586562353091,0,25,25,183,3,6,3,8
4079,50,5256953616902006956,0,27,27,176,1,4,1,12
4080,50,-2141149463557910892,0,27,27,199,3,3,1,8
4081,50,4434464206255043107,0,33,33,186,1,6,3,14
4082,50,-5662077577751443309,0,22,22,194,5,4,2,9
4083,50,1473441295604977404,0,49,49,187,2,6,2,13
4084,50,2612775664338665333,0,36,36,192,1,4,3,7
4085,50,1496714143979027779,0,43,43,185,6,3,3,8
4086,50,-1552578819669153108,0,23,23,178,3,2,1,4
4087,50,-4229811942929403354,0,14,14,199,1,5,1,15
4088,50,8038880351590438397,0,42,42,195,4,6,3,18
4089,50,3241396444012815524,0,25,25,192,3,4,2,8
4090,50,-6989753623843025585,0,35,35,177,6,3,2,10
4091,50,-7725072487303475323,0,3,3,172,3,6,5,19
4092,50,5528321148568170950,0,25,25,197,2,7,4,18
4093,50,-8997367674208362871,0,27,27,186,4,6,4,16
4094,50,-2274656976207655920,0,20,20,190,2,5,2,14
4095,50,-1981131043092464924,0,36,36,176,2,9,6,20
4096,50,8415911152649727998,0,26,26,187,6,4,2,10
4097,50,6670066791749954280,0,27,27,198,2,5,3,13
4098,50,401132406663447894,0,38,38,177,2,3,2,5
4099,50,-3842351961579849468,0,32,32,194,1,5,4,11
4100,50,-4838409390898509337,0,39,39,196,8,3,2,11
4101,50,-1931954644674931220,0,42,42,178,5,5,3,12
4102,50,5406380933868462300,0,29,29,188,1,7,4,19
4103,50,-872752245282854375,0,29,29,189,4,6,4,13
4104,50,3801211830127035221,0,26,26,179,7,2,1,7
4105,50,-6045890390298867084,0,32,32,193,1,7,3,17
4106,50,-8580987729732770253,0,29,29,194,5,4,3,11
4107,50,-3727283577819331507,0,29,29,186,1,5,2,11
4108,50,-4346133261772297933,0,17,17,187,2,6,2,19
4109,50,-6784018263452830574,0,31,31,200,3,4,2,13
4110,50,3338155128952709950,0,34,34,185,7,3,1,10
4111,50,3939987267555663420,0,20,20,188,4,10,7,30
4112,50,-7256478610602909698,0,24,24,185,4,4,3,10
4113,50,-7777040839149620212,0,38,38,186,1,4,3,11
4114,50,7326430774005490356,0,9,9,200,2,6,4,13
4115,50,-5441754594454713993,0,25,25,190,4,5,3,16
4116,50,8095195391948374600,0,34,34,177,1,4,1,11
4117,50,4762431432559042270,0,37,37,195,3,9,6,26
4118,50,-79561439215045983,0,30,30,188,3,2,1,6
4119,50,-4250476123095433983,0,27,27,177,1,3,1,8
4120,50,-8778058767970349258,0,24,24,187,4,2,1,6
4121,50,1067840081485124533,0,43,43,191,1,8,3,24
4122,50,9147614006537763557,0,32,32,191,2,4,2,10
4123,50,8054716387796324309,0,42,42,180,1,5,2,9
4124,50,4651709315768461571,0,41,41,194,1,6,2,12
4125,50,292458060797582454,0,22,22,181,3,4,3,6
4126,50,9096163759399461811,0,43,43,190,1,5,3,10
4127,50,6984444143369995101,0,29,29,200,1,5,2,12
4128,50,2125621035636482939,0,34,34,180,1,4,1,12
4129,50,6045969191341465781,0,33,33,193,6,1,1,1
4130,50,5895819937956482068,0,24,24,189,4,4,2,6
4131,50,-4926593111466631684,0,31,31,191,3,8,5,16
4132,50,-5815781840166788480,0,30,30,187,3,5,3,13
4133,50,-4250637870161483714,0,29,29,183,1,6,3,11
4134,50,-3055340225468379038,0,36,36,198,5,4,2,7
4135,50,-3863883069571525242,0,34,34,186,3,11,8,39
4136,50,7838036578512849033,0,25,25,177,4,4,3,14
4137,50,9137432219398761872,0,36,36,192,1,12,8,27
4138,50,1135613195312324813,0,23,23,184,4,6,5,16
4139,50,96770685582019011,0,34,34,183,1,4,2,7
4140,50,-825966571826989794,0,39,39,198,4,6,5,13
4141,50,8862552695643390045,0,33,33,177,2,6,4,14
4142,50,5780890831942854617,0,15,15,186,1,5,1,18
4143,50,6575759339915611888,0,19,19,190,3,6,4,15
4144,50,-5931632248189988003,0,31,31,178,5,4,3,12
4145,50,8780884954983430156,0,27,27,181,4,5,2,13
4146,50,6983166465213530334,0,35,35,184,1,7,4,18
4147,50,-755388187835660227,0,34,34,196,7,3,2,6
4148,50,-8702132540832860040,0,27,27,191,1,6,4,15
4149,50,-5239695247566358985,0,39,39,193,6,4,2,13
4150,50,6193367285353594503,0,27,27,193,2,4,2,10
4151,50,-832099687667035569,0,39,39,183,3,5,3,16
4152,50,-762573322816089547,0,19,19,183,1,5,2,15
4153,50,-4146876950301542099,0,26,26,196,1,5,2,11
4154,50,-8122248205648772781,0,38,38,187,3,2,1,8
4155,50,2662735969250622912,0,43,43,177,5,2,2,8
4156,50,3626028556526953837,0,36,36,183,2,4,2,13
4157,50,-1541013801137275279,0,38,38,186,8,3,2,6
4158,50,-8704222282021216744,0,27,27,186,2,7,5,20
4159,50,-8870255245371041382,0,38,38,198,1,6,2,14
4160,50,3869831413738609805,0,21,21,185,5,6,4,19
4161,50,-324237694215850695,0,26,26,169,2,10,6,24
4162,50,2004152105818395771,0,31,31,187,4,5,4,15
4163,50,-2874986896488624672,0,27,27,186,2,5,3,13
4164,50,-3606222402162448872,0,26,26,180,2,6,3,15
4165,50,7215517131667439856,0,19,19,190,2,5,2,14
4166,50,1975593423814169976,0,28,28,174,3,3,2,6
4167,50,-5500505350647413242,0,39,39,184,5,2,1,5
4168,50,-4435359358936915166,0,10,10,181,2,4,1,8
4169,50,1383028687790115764,0,31,31,193,5,2,1,8
4170,50,-118865094285092384,0,24,24,189,2,4,2,11
4171,50,-718998528050697357,0,39,39,190,1,3,2,8
4172,50,-1308654730665024042,0,24,24,189,1,4,1,10
4173,50,4912434339750701272,0,8,8,180,2,2,1,7
4174,50,-2104488476903503658,0,48,48,187,4,2,1,8
4175,50,8504876297073979398,0,22,22,189,3,4,2,13
4176,50,-3673971478035595278,0,36,36,189,5,5,3,12
4177,50,-2235055019415222428,0,28,28,192,2,4,3,4
4178,50,1260483962464693842,0,25,25,190,2,8,6,13
4179,50,-3469120207257589618,0,31,31,182,1,6,3,14
4180,50,1565383043976503622,0,24,24,187,1,6,3,18
4181,50,-2613143134542334832,0,39,39,177,2,3,1,4
4182,50,-8322620942375927394,0,29,29,186,2,5,2,15
4183,50,-7306584106822568111,0,31,31,188,2,4,2,15
4184,50,-8778782352127752647,0,28,28,188,1,5,2,14
4185,50,5249797063251750477,0,19,19,193,4,5,3,13
4186,50,7734870588002335707,0,19,19,192,5,3,2,6
4187,50,-157022477532641658,0,18,18,177,4,5,2,10
4188,50,4973510445667415620,0,21,21,188,1,6,4,15
4189,50,3587263541261813180,0,41,41,188,4,4,2,10
4190,50,1312954764912983677,0,30,30,190,1,6,2,11
4191,50,-7894635549645958437,0,40,40,183,4,6,4,15
4192,50,-2907520895680884108,0,26,26,192,5,4,3,10
4193,50,1215633714692805044,0,35,35,180,3,5,4,15
4194,50,-6618960804125914677,0,43,43,186,1,9,6,28
4195,50,-5280978050223946257,0,35,35,188,1,4,1,10
4196,50,-1543991021993413652,0,45,45,186,2,3,1,8
4197,50,-6393064837404348096,0,36,36,188,5,3,1,6
4198,50,7646849987718284128,0,44,44,192,6,2,1,6
4199,50,86048695966916825,0,27,27,188,3,6,3,15
4200,50,-1847139367645554079,0,22,22,196,1,7,3,15
4201,50,7346424551034396191,0,43,43,186,1,14,11,27
4202,50,5462282848195693741,0,23,23,180,2,3,1,9
4203,50,5399020175411836575,0,29,29,180,4,4,1,10
4204,50,-7958207858461447524,0,21,21,183,5,2,2,6
4205,50,-937726819900879037,0,31,31,193,5,3,1,7
4206,50,-2291788449170101900,0,39,39,184,3,3,1,8
4207,50,-2503661939088165184,0,31,31,177,5,3,1,6
4208,50,-3584175994751091460,0,30,30,183,4,3,2,5
4209,50,7851352702108052306,0,21,21,186,7,2,1,5
4210,50,1104012985809548878,0,24,24,195,2,5,3,10
4211,50,-6052709703161821269,0,44,44,186,2,6,4,9
4212,50,-2843461695355323407,0,31,31,193,2,4,2,14
4213,50,-1293405992712533208,0,36,36,198,3,2,1,4
4214,50,-5188045181757198553,0,27,27,180,1,5,3,18
4215,50,2949049515221758278,0,20,20,193,1,5,2,16
4216,50,5245545008192082562,0,39,39,179,5,2,2,6
4217,50,8719959346320788563,0,24,24,183,1,5,3,11
4218,50,5698605285302224317,0,29,29,188,1,7,4,16
4219,50,3002372647758993256,0,33,33,185,3,8,5,20
4220,50,-8960232361520305464,0,27,27,189,2,6,5,12
4221,50,-1561576418465385578,0,27,27,200,1,7,3,15
4222,50,-591214720038582236,0,23,23,175,1,5,2,10
4223,50,-8242458111579093922,0,29,29,176,4,3,2,10
4224,50,3393756178168216689,0,34,34,184,1,4,2,14
4225,50,-4604779041568153754,0,30,30,185,8,3,2,5
4226,50,2815768729719576388,0,40,40,187,1,3,1,10
4227,50,-3645453565643226262,0,24,24,183,2,3,2,6
4228,50,-4976949246936470722,0,35,35,180,4,10,7,16
4229,50,-8394760245756851600,0,40,40,183,6,3,2,8
4230,50,9082605857984507225,0,40,40,195,3,12,9,28
4231,50,7063039475521702719,0,38,38,182,2,4,2,10
4232,50,627907005252728197,0,32,32,191,5,6,4,15
4233,50,-6419816116782342639,0,20,20,194,1,9,5,19
4234,50,3024039470649930867,0,34,34,192,1,5,3,7
4235,50,-175504626849400697,0,16,16,190,2,9,5,26
4236,50,-4195147029254999377,0,29,29,177,4,4,1,10
4237,50,6624130113606014172,0,32,32,180,2,6,4,14
4238,50,-4442311940050621196,0,34,34,194,2,4,1,7
4239,50,-1991084781228910499,0,25,25,180,4,3,2,10
4240,50,1732220863357018555,0,31,31,188,1,7,3,18
4241,50,-216390776967123688,0,36,36,173,1,7,5,15
4242,50,5770923765392745492,0,10,10,192,3,9,6,15
4243,50,5830219591043400403,0,41,41,187,1,7,5,16
4244,50,-3128473411274668103,0,26,26,195,3,8,4,19
4245,50,-7616082863908492480,0,27,27,182,1,3,1,8
4246,50,-2109167731581601184,0,33,33,192,1,4,1,9
4247,50,-5646993507710565011,0,32,32,183,8,3,2,6
4248,50,-7683692749637493167,0,40,40,185,2,5,3,20
4249,50,-4456375304453395327,0,24,24,189,2,5,3,14
4250,50,-2643985694421468617,0,42,42,189,3,6,3,17
4251,50,-4915307475916890715,0,24,24,181,1,5,2,13
4252,50,-6236440690190872006,0,18,18,195,3,3,2,3
4253,50,-2518736633932658369,0,41,41,187,3,7,5,17
4254,50,-2426661710139523508,0,34,34,193,2,5,3,13
4255,50,-4411130943459425435,0,37,37,191,1,3,1,5
4256,50,690697547758424514,0,19,19,193,2,6,3,14
4257,50,5625649148450015120,0,41,41,187,3,3,1,10
4258,50,3515881435017537575,0,44,44,190,1,9,5,25
4259,50,9203333948658205583,0,36,36,196,2,3,1,4
4260,50,3539266495672576845,0,27,27,183,5,6,5,15
4261,50,-2849689226121273921,0,22,22,190,7,3,2,7
4262,50,2195800659685435044,0,36,36,201,3,3,1,10
4263,50,8722973546042698361,0,28,28,186,2,7,5,14
4264,50,-467546319241298994,0,41,41,193,4,3,1,9
4265,50,-918155251723057974,0,35,35,193,2,4,2,7
4266,50,-1609701758271468430,0,37,37,188,2,8,5,18
4267,50,-8748872770848915863,0,30,30,204,2,8,6,16
4268,50,6698639754961907023,0,28,28,187,4,6,4,16
4269,50,-817564189851411739,0,30,30,190,8,2,1,8
4270,50,-5822822288927721836,0,26,26,198,4,6,3,15
4271,50,-9062996382303450594,0,34,34,176,1,6,2,12
4272,50,5971494914094040431,0,22,22,181,1,4,2,8
4273,50,8520104289530287605,0,39,39,174,3,6,4,19
4274,50,-7240121764014701852,0,41,41,187,5,6,3,15
4275,50,1314610732869924679,0,34,34,185,2,3,1,6
4276,50,-3516856215062264865,0,30,30,180,7,3,2,9
4277,50,-5166768877937539562,0,35,35,192,1,4,2,9
4278,50,-4032919837093669237,0,18,18,182,6,2,2,4
4279,50,-7068320496252978935,0,30,30,184,1,4,2,7
4280,50,5470211609485398244,0,19,19,191,1,10,5,29
4281,50,-1007960562824157162,0,26,26,189,1,5,3,13
4282,50,1867592174602302603,0,35,35,175,1,3,1,8
4283,50,-1603634653831854467,0,43,43,184,3,4,2,14
4284,50,3037545932081249240,0,22,22,191,1,6,1,11
4285,50,7855041906148100087,0,24,24,190,2,7,5,14
4286,50,-8766923298449284043,0,40,40,185,3,6,3,20
4287,50,-8296522965591431889,0,28,28,189,3,3,2,11
4288,50,-6436592861092623959,0,29,29,186,1,10,6,24
4289,50,198557912255427441,0,25,25,190,5,4,2,13
4290,50,3576685880604911539,0,37,37,186,3,4,2,9
4291,50,7854784845134807968,0,30,30,197,4,5,3,8
4292,50,1425037314451805017,0,34,34,186,1,7,5,17
4293,50,1342980643705109613,0,36,36,193,4,2,1,6
4294,50,-441177626365541761,0,34,34,182,7,3,2,7
4295,50,-5524800946824207419,0,15,15,190,8,4,3,11
4296,50,-8584562588893154180,0,35,35,194,2,6,3,17
4297,50,5752379505652730763,0,38,38,182,2,4,1,12
4298,50,2229207343542521834,0,36,36,179,5,3,2,6
4299,50,4037331708518421895,0,38,38,181,2,2,1,5
4300,50,4480215718418729405,0,45,45,186,5,7,6,14
4301,50,-3010159321745948003,0,32,32,193,1,4,2,9
4302,50,-1952052878889014890,0,25,25,195,1,11,8,34
4303,50,3988861705989570881,0,37,37,184,6,2,2,6
4304,50,6443568076629442393,0,30,30,180,2,7,5,23
4305,50,-3601245982382756054,0,30,30,177,3,10,6,29
4306,50,4586387679695298044,0,31,31,186,3,5,3,10
4307,50,4512043718238765637,0,26,26,194,1,3,2,6
4308,50,460144068085837730,0,27,27,193,4,7,5,16
4309,50,-8806236424307110676,0,26,26,191,1,5,2,11
4310,50,-3417117633688815896,0,20,20,179,3,5,3,11
4311,50,-6616633314416045737,0,32,32,185,3,9,7,25
4312,50,6101975761576235389,0,31,31,184,4,3,2,6
4313,50,5985472883440425042,0,30,30,188,1,5,1,11
4314,50,-4455031926818549769,0,40,40,174,1,3,2,6
4315,50,-8529972825716015312,0,38,38,183,5,4,3,11
4316,50,8807938588794484453,0,28,28,198,1,6,2,12
4317,50,-5056035356116799233,0,24,24,179,3,6,3,14
4318,50,6250423031522164000,0,26,26,182,4,2,1,4
4319,50,6597628199737507580,0,46,46,189,6,6,3,19
4320,50,-4020750290900935834,0,23,23,176,1,4,2,6
4321,50,6010999233121324105,0,12,12,200,6,3,1,7
4322,50,5935250580775076136,0,39,39,200,2,3,1,7
4323,50,-93622593690828579,0,45,45,184,1,4,2,9
4324,50,-3000551220315749726,0,32,32,193,2,4,3,13
4325,50,-5934071507644352581,0,31,31,192,2,6,4,14
4326,50,-4454353811552496596,0,14,14,186,5,3,2,5
4327,50,6789419422841281638,0,33,33,186,4,5,3,11
4328,50,2826031258244720336,0,33,33,178,2,2,1,4
4329,50,-2066218123166995565,0,21,21,185,1,3,2,7
4330,50,383455340223838747,0,30,30,184,8,4,3,10
4331,50,-2624365590918755552,0,34,34,188,4,7,6,11
4332,50,-3648912375927359688,0,21,21,193,2,3,1,9
4333,50,-45945804505125564,0,35,35,191,2,5,3,16
4334,50,7364469387682605370,0,32,32,174,8,3,2,7
4335,50,3762349036213138184,0,36,36,188,3,4,2,9
4336,50,7548787326965294776,0,37,37,190,5,6,4,12
4337,50,6061229844934885878,0,37,37,184,2,3,1,5
4338,50,362183391300878494,0,23,23,206,1,4,1,8
4339,50,-3613693231054241521,0,38,38,193,4,6,4,13
4340,50,2962049493889452610,0,33,33,181,4,9,7,25
4341,50,-3403465810651025151,0,33,33,186,2,9,6,26
4342,50,5664263769281171125,0,35,35,191,1,5,3,12
4343,50,-119115721564810343,0,38,38,195,2,4,2,11
4344,50,6944608726134048603,0,30,30,182,1,4,2,9
4345,50,489903380239783542,0,39,39,192,1,4,1,5
4346,50,-4832501040123091010,0,31,31,192,4,5,3,13
4347,50,-3439544451495987969,0,35,35,175,1,7,5,14
4348,50,-7554397900729773410,0,34,34,186,1,4,1,10
4349,50,137306501521212822,0,32,32,188,1,5,3,8
4350,50,2961058534919572556,0,35,35,200,3,5,3,12
4351,50,-458702235364923891,0,35,35,198,2,3,2,10
4352,50,181984637366451767,0,27,27,192,3,3,2,10
4353,50,5541092287339379544,0,33,33,194,4,7,3,22
4354,50,-8617173807229313081,0,37,37,200,1,2,1,7
4355,50,3932058481923602564,0,29,29,190,1,8,5,13
4356,50,-5665800569432221591,0,26,26,194,3,4,2,12
4357,50,9109748335872286951,0,35,35,184,2,3,1,9
4358,50,-8574108346635899158,0,30,30,196,7,3,2,10
4359,50,-163291754595665511,0,40,40,200,2,3,1,7
4360,50,-4207904325369161208,0,42,42,185,2,3,1,10
4361,50,8111595961983852066,0,22,22,186,1,6,4,13
4362,50,2599219117875791430,0,40,40,188,5,5,3,9
4363,50,-8012064673619039116,0,31,31,181,3,2,1,4
4364,50,-7812592159157934848,0,35,35,189,3,4,3,10
4365,50,-2976653498316227557,0,34,34,189,2,5,3,16
4366,50,-1835457483639465794,0,20,20,196,1,3,1,4
4367,50,-4653464319892482894,0,31,31,193,2,4,2,5
4368,50,-8027098560412609844,0,23,23,201,5,5,2,13
4369,50,4394224253260519321,0,39,39,189,3,10,7,28
4370,50,7134178559617005065,0,36,36,193,8,3,2,6
4371,50,5708094428263469284,0,34,34,191,3,6,4,14
4372,50,-8107610355923561729,0,29,29,193,2,3,1,12
4373,50,-7084198404736588907,0,35,35,176,3,3,1,10
4374,50,-419241763606441676,0,33,33,189,3,3,1,5
4375,50,-2301111068452715250,0,36,36,186,6,1,1,4
4376,50,-1699550984632968769,0,32,32,191,2,3,2,8
4377,50,-6921353768104805440,0,42,42,189,5,5,4,10
4378,50,-1663403910816229603,0,48,48,186,1,6,4,19
4379,50,5731492356003124520,0,33,33,196,1,3,1,8
4380,50,-3484179576617492923,0,29,29,196,3,4,2,7
4381,50,4946803922639390460,0,33,33,195,2,4,2,8
4382,50,6183837242958386425,0,24,24,188,4,4,3,10
4383,50,1379114281117347745,0,18,18,189,2,10,7,19
4384,50,5532817933329033566,0,26,26,185,1,4,2,15
4385,50,4456061149043698143,0,29,29,195,2,7,5,19
4386,50,-1577325876199756082,0,28,28,183,7,3,1,6
4387,50,-4831168023301101609,0,25,25,185,4,6,4,12
4388,50,-387316537729911827,0,42,42,186,4,3,2,5
4389,50,7890006790892374323,0,37,37,184,1,11,7,25
4390,50,6623821729615390202,0,35,35,197,3,6,5,11
4391,50,-2109884598350913377,0,39,39,192,1,5,1,9
4392,50,-728755645095684761,0,35,35,193,3,5,2,14
4393,50,1208434638465047673,0,32,32,197,3,7,3,10
4394,50,3633077535606435754,0,27,27,186,1,6,4,17
4395,50,-1481725254247283004,0,38,38,194,4,5,2,16
4396,50,2828606469691163221,0,28,28,180,3,4,2,14
4397,50,-1369519867475980191,0,33,33,182,1,6,3,14
4398,50,-695185721075410076,0,20,20,189,2,4,1,13
4399,50,-2592210977513874560,0,20,20,188,5,5,2,17
4400,50,7174188259594279637,0,25,25,183,2,4,2,7
4401,50,7783563581804263763,0,28,28,186,2,6,4,14
4402,50,-866044928689944194,0,24,24,174,2,4,2,10
4403,50,1707206826584461060,0,34,34,191,2,4,2,12
4404,50,-5542884522950178534,0,29,29,186,2,4,1,15
4405,50,-740595301133249047,0,43,43,187,3,3,1,11
4406,50,-5949517100860690012,0,38,38,181,1,4,2,13
4407,50,3239862398393232118,0,9,9,196,6,4,3,12
4408,50,8011097237281763304,0,33,33,185,5,7,4,15
4409,50,-234564541363674766,0,18,18,183,4,6,4,8
4410,50,2228713887001426262,0,1,1,197,3,7,5,22
4411,50,3788373159419071726,0,23,23,187,2,3,1,5
4412,50,-3754436669181695720,0,33,33,202,3,7,5,18
4413,50,2649917735046362737,0,41,41,190,5,4,2,12
4414,50,34713083092507239,0,43,43,193,5,4,2,9
4415,50,-311430840040673032,0,19,19,191,1,5,2,11
4416,50,-3377091946807192550,0,37,37,194,1,10,6,24
4417,50,-6848506116699930339,0,36,36,189,1,6,4,12
4418,50,4825396325275883903,0,37,37,187,4,4,1,11
4419,50,3388985955860597781,0,21,21,187,6,2,1,6
4420,50,-4792728766473866130,0,25,25,179,4,2,1,7
4421,50,7583659606646964703,0,40,40,189,3,4,2,14
4422,50,2355307518515301530,0,36,36,191,4,3,2,7
4423,50,82542103305696953,0,24,24,168,4,3,1,5
4424,50,5405923290565386282,0,26,26,181,2,5,3,10
4425,50,3296856876941385686,0,36,36,191,3,6,3,14
4426,50,4310843261357158791,0,31,31,187,1,6,3,17
4427,50,5877517426575746894,0,25,25,184,1,4,2,7
4428,50,6084221367566138999,0,34,34,194,2,5,3,11
4429,50,-38648547847124138,0,36,36,190,3,3,2,8
4430,50,8027296367596770411,0,33,33,186,1,4,1,8
4431,50,3440802625477033136,0,32,32,194,3,3,1,7
4432,50,-1772149093440858604,0,34,34,191,1,4,2,10
4433,50,9065822113626271844,0,13,13,182,3,5,3,12
4434,50,2999865192958346811,0,39,39,196,6,3,1,5
4435,50,-5749380192564471632,0,39,39,195,1,7,4,12
4436,50,-1792509352270550062,0,34,34,189,2,6,3,17
4437,50,-503162515106858692,0,23,23,196,3,5,2,14
4438,50,6976434017561617221,0,29,29,182,3,5,3,9
4439,50,7991317766581439121,0,18,18,198,1,4,2,10
4440,50,18338123607077141,0,28,28,183,2,5,2,10
4441,50,7002447499879358668,0,24,24,197,1,6,3,14
4442,50,8513280707470780840,0,44,44,202,3,7,4,20
4443,50,-4178257489644811890,0,43,43,193,1,5,3,10
4444,50,-3036632094365875622,0,35,35,188,3,4,3,11
4445,50,757805785592386870,0,41,41,187,1,4,2,7
4446,50,-6626950360880521257,0,26,26,191,3,5,3,8
4447,50,-5429391161927155886,0,24,24,200,6,1,1,1
4448,50,-215465999975189077,0,41,41,188,4,7,5,18
4449,50,5136008199042804306,0,41,41,189,3,7,4,19
4450,50,-1736608152057214182,0,27,27,179,5,8,7,16
4451,50,-5976923140118060418,0,43,43,190,3,3,1,8
4452,50,-7844747825525769940,0,32,32,179,1,3,2,11
4453,50,-7483774586449978327,0,34,34,188,4,8,7,13
4454,50,-5656080279621421556,0,24,24,177,6,2,1,3
4455,50,456766446875451686,0,31,31,180,4,4,3,10
4456,50,-482615755840192110,0,30,30,191,4,6,4,14
4457,50,-4883741825394450053,0,34,34,177,3,2,1,5
4458,50,304592522762962718,0,23,23,174,3,7,4,16
4459,50,-7353533141740430508,0,41,41,186,3,9,6,24
4460,50,-8860609531508979545,0,38,38,194,5,2,1,9
4461,50,4175550334904733242,0,39,39,182,2,6,4,17
4462,50,2371284980275570451,0,42,42,187,5,3,1,10
4463,50,2971543221725097348,0,36,36,189,1,3,1,9
4464,50,-4229762541496198200,0,22,22,193,3,4,2,10
4465,50,1325342459908523533,0,22,22,187,7,5,3,14
4466,50,4696634478988588930,0,39,39,193,2,6,4,16
4467,50,-8941711542453155033,0,31,31,198,2,4,2,11
4468,50,5821877375746538087,0,33,33,191,2,2,1,7
4469,50,3526218371838951118,0,27,27,190,1,3,1,8
4470,50,7447724826340710744,0,25,25,186,1,8,6,20
4471,50,881667997809076512,0,21,21,197,2,2,1,4
4472,50,-1102322606985804663,0,37,37,187,3,3,2,7
4473,50,-3369756854749998324,0,25,25,189,3,5,3,13
4474,50,-4011172473682001069,0,36,36,186,1,5,3,14
4475,50,2469867152145021001,0,35,35,177,4,3,2,7
4476,50,7023697610181425480,0,31,31,198,1,6,3,17
4477,50,-8798506651722619766,0,31,31,198,2,3,1,4
4478,50,-2374104381926381433,0,37,37,182,1,3,1,5
4479,50,3711680757141827567,0,35,35,179,3,7,4,14
4480,50,-3360003077428148910,0,23,23,187,1,3,1,9
4481,50,-4439837778791575874,0,28,28,188,3,3,1,8
4482,50,-3783232813208883491,0,36,36,189,5,5,2,7
4483,50,-6297727247213303726,0,35,35,178,1,3,1,6
4484,50,-4987256740453818008,0,27,27,183,2,4,1,10
4485,50,-3818657841030321837,0,20,20,189,2,8,4,18
4486,50,4128009488208672143,0,35,35,185,1,5,2,11
4487,50,-5819589073867651801,0,35,35,192,3,3,1,10
4488,50,-5288655701201043232,0,1,1,196,2,4,2,4
4489,50,-5331112289362109785,0,36,36,175,1,4,2,12
4490,50,-6031875108906112082,0,26,26,192,1,3,1,10
4491,50,-1569102273204801515,0,34,34,201,2,4,2,5
4492,50,7572030128459534372,0,24,24,188,1,9,6,20
4493,50,-5101626358848226738,0,12,12,178,2,10,7,22
4494,50,-4909544427309468004,0,43,43,200,1,3,2,11
4495,50,7371883830174442299,0,29,29,190,2,7,3,20
4496,50,-5039902670702935247,0,29,29,194,3,6,4,8
4497,50,6302942028152259469,0,20,20,174,2,7,5,20
4498,50,8620603271610017938,0,41,41,186,8,3,2,8
4499,50,-3575875178978786391,0,21,21,181,2,10,8,19
4500,50,2265487973181518873,0,27,27,190,3,7,4,23
4501,50,2472481083535677407,0,24,24,181,1,7,3,20
4502,50,-1520282148077844709,0,31,31,184,1,7,5,19
4503,50,-4752219499798541342,0,19,19,180,4,5,3,16
4504,50,-2357364194842046079,0,27,27,186,2,5,3,16
4505,50,-6113860432592891532,0,39,39,171,4,5,4,9
4506,50,8511267053007020439,0,25,25,185,2,9,7,25
4507,50,4452302986629695072,0,34,34,183,3,3,1,6
4508,50,-3103756756715987677,0,28,28,182,2,4,3,10
4509,50,-1083294045927529043,0,36,36,176,5,2,1,7
4510,50,-9222797788628879431,0,24,24,199,2,3,2,5
4511,50,-1729510898719762416,0,32,32,185,1,11,8,33
4512,50,8282904293887113806,0,24,24,194,2,6,2,13
4513,50,1058212521157744546,0,12,12,177,1,8,4,23
4514,50,-3296043615009361910,0,38,38,181,2,3,2,10
4515,50,-948546358985991470,0,39,39,177,5,3,2,8
4516,50,8213771690227321953,0,33,33,185,1,8,4,23
4517,50,3404568782455437980,0,32,32,189,7,1,1,3
4518,50,-3467268837247295900,0,36,36,191,1,3,1,12
4519,50,6819339969115883514,0,26,26,194,6,7,6,8
4520,50,-2691644880542046893,0,40,40,189,6,7,7,13
4521,50,-3146401059919149925,0,19,19,184,3,4,2,9
4522,50,-7662634911702574473,0,17,17,188,2,3,1,6
4523,50,-3085910328393207086,0,21,21,192,3,3,1,8
4524,50,-2379229398981475282,0,27,27,187,5,3,2,7
4525,50,5558245068308607184,0,33,33,187,2,3,1,9
4526,50,-52076772849572281,0,37,37,193,1,4,1,9
4527,50,6498946502024581910,0,23,23,195,1,4,1,11
4528,50,5072220397659612047,0,18,18,196,1,3,1,8
4529,50,-3264158940970700252,0,38,38,188,2,3,1,6
4530,50,9082933860291830956,0,34,34,187,3,3,1,7
4531,50,-3898082470769877130,0,33,33,198,1,3,1,6
4532,50,348798647986526248,0,38,38,183,5,4,3,8
4533,50,2284227899486696880,0,36,36,179,1,6,2,23
4534,50,-6314621120096591920,0,34,34,175,3,5,3,16
4535,50,5073985503318865943,0,38,38,185,3,4,2,8
4536,50,-812062288468689089,0,42,42,191,5,2,1,8
4537,50,-9102940175959165629,0,35,35,183,1,4,1,11
4538,50,7726185912758968245,0,16,16,183,3,5,4,12
4539,50,2395712545643389202,0,35,35,184,1,5,3,15
4540,50,-8005881501692068564,0,8,8,186,3,6,3,17
4541,50,5913179642671438304,0,27,27,192,1,4,1,6
4542,50,-3350809073696468819,0,13,13,188,3,5,4,14
4543,50,-9049610937736835852,0,27,27,174,2,3,2,5
4544,50,-396300524558398497,0,25,25,188,1,4,2,8
4545,50,9053652897051946556,0,39,39,187,2,4,1,10
4546,50,7411003383445174752,0,39,39,189,2,7,3,17
4547,50,774462292696364861,0,14,14,197,1,7,4,18
4548,50,-8299188628105946793,0,29,29,196,2,5,2,14
4549,50,4692825513027821892,0,30,30,192,1,4,2,9
4550,50,6221191845757453257,0,22,22,186,7,3,1,11
4551,50,-904464956917379359,0,42,42,185,3,5,3,17
4552,50,-4667397705400437204,0,21,21,192,2,6,1,13
4553,50,-8501737476472432491,0,24,24,183,1,5,3,15
4554,50,-8704293333181935943,0,38,38,184,4,7,4,16
4555,50,-5118024160955125558,0,40,40,174,3,7,5,14
4556,50,1999459015133467654,0,21,21,186,1,8,5,15
4557,50,8868380327192204035,0,21,21,188,6,2,1,7
4558,50,2622989075152312659,0,31,31,184,8,2,1,6
4559,50,3733107449745355347,0,34,34,190,1,7,3,16
4560,50,-6977702338126883805,0,33,33,184,3,3,2,3
4561,50,7776717398355172115,0,33,33,186,1,4,1,9
4562,50,3297991829635692302,0,27,27,185,1,3,1,7
4563,50,2143169727174163406,0,22,22,199,4,3,1,5
4564,50,-1336070968624306731,0,31,31,188,5,8,5,22
4565,50,6602036647741917568,0,37,37,183,8,2,2,8
4566,50,-1441683131092937033,0,32,32,184,2,8,6,18
4567,50,7396026370365010688,0,25,25,185,3,6,2,14
4568,50,7204153421872198914,0,25,25,190,2,3,1,8
4569,50,3911276981238126521,0,23,23,185,1,11,7,32
4570,50,7113983966600861932,0,21,21,196,1,6,3,8
4571,50,7484392152801998240,0,22,22,182,1,3,1,10
4572,50,4093044804332087458,0,30,30,174,4,4,3,9
4573,50,9082865801249751649,0,40,40,186,1,6,3,14
4574,50,2774710799416194721,0,31,31,184,1,7,4,17
4575,50,-443741310103428133,0,41,41,184,5,10,7,27
4576,50,-8858937957177708219,0,38,38,185,4,4,3,12
4577,50,-2302864098459747378,0,18,18,196,2,3,2,10
4578,50,5645554163729479583,0,30,30,183,5,4,2,12
4579,50,-6095703014450709805,0,20,20,185,5,4,2,12
4580,50,5634446138658105227,0,39,39,181,1,3,1,5
4581,50,-144712013684674932,0,40,40,187,2,6,4,13
4582,50,-7843874181636278016,0,37,37,185,8,2,2,2
4583,50,-2382415358001332453,0,27,27,181,3,3,1,10
4584,50,6952622952787622569,0,40,40,202,1,4,2,10
4585,50,4450609294186581975,0,34,34,184,2,2,1,2
4586,50,1244529907876676533,0,29,29,200,6,9,7,16
4587,50,6732769016723224381,0,30,30,196,4,5,2,11
4588,50,1388466876889247466,0,35,35,188,7,2,2,4
4589,50,-4612420989446045148,0,30,30,181,4,2,1,6
4590,50,-8430195069444410624,0,35,35,194,1,6,2,10
4591,50,287455914334795316,0,38,38,191,1,5,2,15
4592,50,-2475835405443683284,0,33,33,180,2,6,4,14
4593,50,-5229969747665320040,0,38,38,195,4,7,5,14
4594,50,8983413375209761530,0,32,32,197,3,2,1,7
4595,50,-8333841491632212494,0,22,22,181,5,4,3,8
4596,50,-527060152939013025,0,42,42,179,1,13,11,31
4597,50,4238453760223233167,0,28,28,190,1,5,3,8
4598,50,-3632490047325298930,0,20,20,188,1,4,1,9
4599,50,1550416259789685211,0,18,18,188,1,5,2,14
4600,50,3057283512066988554,0,16,16,183,1,5,2,8
4601,50,6014635620123398679,0,20,20,195,2,5,3,15
4602,50,7732514822930524284,0,33,33,192,7,2,2,4
4603,50,-171003034036244152,0,35,35,189,4,4,2,6
4604,50,4255710372893798086,0,42,42,182,3,4,2,11
4605,50,8832845697821761650,0,41,41,194,2,5,3,13
4606,50,-6438253962714600233,0,38,38,182,1,6,4,13
4607,50,-3283687363360984570,0,23,23,185,4,6,4,16
4608,50,-8922446610459057728,0,7,7,196,4,7,4,14
4609,50,-1137175606061192808,0,32,32,193,4,4,2,11
4610,50,-4863744750989781881,0,25,25,190,3,3,2,9
4611,50,-7335009712852933932,0,40,40,191,1,5,2,10
4612,50,-9220162485069048261,0,16,16,181,2,5,3,10
4613,50,6235967355422700466,0,23,23,173,5,4,3,9
4614,50,-8178839820170505912,0,46,46,186,3,2,1,4
4615,50,8861931383248862696,0,44,44,185,4,4,3,9
4616,50,4406500827000158732,0,5,5,191,4,6,5,8
4617,50,-4293193293689134176,0,36,36,187,3,3,1,8
4618,50,3598429392873223337,0,31,31,183,5,4,2,11
4619,50,-3295214377242061973,0,33,33,185,4,6,4,15
4620,50,2345356583275971612,0,31,31,195,1,3,1,8
4621,50,1352470285754015604,0,34,34,182,8,2,1,9
4622,50,-6512276031972993394,0,29,29,184,2,3,2,8
4623,50,2575683207392056312,0,32,32,181,1,4,2,13
4624,50,8051057563013022442,0,36,36,187,3,4,1,7
4625,50,-9212064823978835723,0,28,28,189,2,3,2,10
4626,50,-5661861691009201233,0,37,37,192,3,4,3,8
4627,50,-2189367002443683039,0,33,33,182,1,8,6,18
4628,50,-5685671474415486201,0,17,17,188,1,2,1,8
4629,50,-1836838547979462627,0,23,23,192,2,6,3,19
4630,50,-5996050385928950761,0,16,16,185,3,9,7,18
4631,50,-751495389661419030,0,43,43,187,6,3,2,6
4632,50,1167005446393288087,0,42,42,185,2,6,4,13
4633,50,-6414332035133456996,0,33,33,197,1,4,2,9
4634,50,-6088355414583694939,0,34,34,188,3,5,2,13
4635,50,2127416507218100556,0,42,42,190,6,1,1,2
4636,50,-7398464362921795882,0,27,27,190,3,7,4,24
4637,50,2329931016919151954,0,36,36,185,1,6,2,14
4638,50,6516353780570977934,0,33,33,187,1,3,1,8
4639,50,-6657189536538850124,0,26,26,190,3,4,2,9
4640,50,5633924726786610321,0,36,36,196,1,4,2,6
4641,50,-264267487050768168,0,31,31,187,2,2,1,7
4642,50,-6343138096139928615,0,26,26,197,1,7,5,15
4643,50,-5395058413673714559,0,30,30,185,5,9,8,28
4644,50,-3773263708711598935,0,13,13,183,1,9,6,23
4645,50,-2228999869242867208,0,35,35,193,3,4,3,10
4646,50,3352605400110948322,0,29,29,186,1,7,2,17
4647,50,-6893962624959483767,0,38,38,184,6,3,2,8
4648,50,8559444061959142292,0,31,31,196,3,3,1,9
4649,50,1959394239877319985,0,23,23,201,2,2,1,7
4650,50,4125848018672917719,0,28,28,185,1,8,5,19
4651,50,-8263347643581263212,0,8,8,191,2,5,2,14
4652,50,-1299974607735586084,0,34,34,191,3,7,4,16
4653,50,-6452507939789960140,0,32,32,195,1,4,3,10
4654,50,2722872952959674174,0,36,36,179,4,5,3,14
4655,50,-2701830490691747616,0,38,38,184,2,7,4,17
4656,50,-4017491149832278115,0,29,29,181,5,4,2,11
4657,50,-7923276058726117271,0,36,36,192,4,4,3,8
4658,50,-2900430191481985939,0,29,29,185,3,4,3,8
4659,50,2390013642129012891,0,24,24,181,2,7,4,17
4660,50,-8885301023018876661,0,16,16,195,1,5,1,9
4661,50,2206342832899306859,0,22,22,186,1,5,2,14
4662,50,-1348005360414363375,0,36,36,181,6,2,1,3
4663,50,815485447340634220,0,19,19,190,5,2,1,5
4664,50,-1703858248763240726,0,34,34,185,1,4,2,7
4665,50,2022163796178514824,0,21,21,195,2,5,2,8
4666,50,7346472945300912040,0,32,32,187,3,2,1,5
4667,50,-8083360519729769749,0,24,24,187,1,5,3,17
4668,50,-1098851606204233708,0,37,37,197,3,4,3,6
4669,50,-196305447095418302,0,29,29,195,3,7,5,12
4670,50,8609847116114777862,0,35,35,181,1,6,4,14
4671,50,-2422757585120229083,0,32,32,195,5,4,2,6
4672,50,-1265121251593338633,0,30,30,183,2,5,3,15
4673,50,-3415294801574819120,0,39,39,184,3,3,1,7
4674,50,6815288322813090004,0,39,39,180,4,2,1,5
4675,50,4682167959708472601,0,46,46,189,1,5,3,14
4676,50,5892810459571474964,0,17,17,193,1,9,5,15
4677,50,-3768423362378110306,0,35,35,185,1,4,2,13
4678,50,1410140407911462924,0,16,16,185,1,12,9,28
4679,50,8993932262399278141,0,21,21,187,1,6,4,25
4680,50,3605608230851413633,0,26,26,184,1,5,2,16
4681,50,7055743710534190536,0,34,34,197,3,4,1,9
4682,50,-1332323374808942721,0,30,30,190,3,6,4,20
4683,50,-3974985951113592327,0,18,18,180,1,4,2,15
4684,50,-7098232332129019288,0,2,2,191,4,4,2,11
4685,50,-1405770957033166429,0,25,25,179,4,3,2,8
4686,50,7515130872325867599,0,42,42,186,5,4,2,10
4687,50,4926733097760748074,0,13,13,184,1,8,4,24
4688,50,5703159924720912774,0,39,39,203,5,5,2,11
4689,50,-4311096994697003211,0,25,25,180,4,5,2,16
4690,50,8404747231618842741,0,26,26,186,2,5,2,17
4691,50,-824025839350563935,0,37,37,183,2,7,4,12
4692,50,9018629188278398381,0,22,22,193,2,5,2,11
4693,50,5480244804990864824,0,21,21,183,3,7,5,15
4694,50,-927588941024157380,0,43,43,180,2,3,2,3
4695,50,-5512164119009699166,0,20,20,190,4,3,1,5
4696,50,1238790563276811586,0,34,34,187,6,3,2,9
4697,50,-3047782187493389029,0,28,28,185,4,6,4,12
4698,50,4441311348562210244,0,38,38,193,3,3,1,7
4699,50,2903745421731713894,0,35,35,189,4,2,1,4
4700,50,-4451175394396931649,0,16,16,183,3,6,4,15
4701,50,8567698693762975872,0,24,24,192,4,5,3,11
4702,50,-1381406972585373312,0,39,39,186,5,4,2,7
4703,50,-3206054661257855847,0,31,31,191,1,6,2,18
4704,50,3860470038209306162,0,35,35,201,2,6,2,12
4705,50,-2193148424064118593,0,21,21,187,3,3,1,5
4706,50,6454343825536276152,0,34,34,191,1,4,2,11
4707,50,8621008729220995548,0,30,30,192,4,4,1,10
4708,50,-9000411917932192323,0,38,38,184,2,7,5,19
4709,50,1057858812745268962,0,23,23,190,2,6,3,11
4710,50,-5447328137169277688,0,29,29,197,4,5,3,12
4711,50,-6221434194409798076,0,23,23,184,1,8,5,17
4712,50,3955558051421463060,0,37,37,181,5,4,2,12
4713,50,1535646357619967655,0,32,32,179,4,3,2,8
4714,50,-1192228144982294561,0,24,24,188,1,5,2,10
4715,50,2427647949303770841,0,36,36,185,3,3,2,6
4716,50,3531279066719287810,0,43,43,189,2,2,1,4
4717,50,-2955236072327489278,0,33,33,196,6,4,3,8
4718,50,2410049515616378113,0,42,42,182,1,12,9,29
4719,50,8673856976662502680,0,38,38,180,5,6,3,16
4720,50,-7941156326897965084,0,27,27,195,2,6,4,17
4721,50,4833469902836192920,0,39,39,189,6,5,4,7
4722,50,8837157527427361542,0,32,32,182,6,2,1,8
4723,50,6454477319823053170,0,22,22,187,4,5,4,14
4724,50,4043248592904208428,0,29,29,186,5,3,1,6
4725,50,-3247340730168094140,0,33,33,193,1,5,4,11
4726,50,6837330329834696665,0,38,38,193,2,6,3,13
4727,50,-2784071305759347253,0,25,25,186,8,2,2,4
4728,50,3779909898735359967,0,21,21,194,4,5,3,10
4729,50,-8582108014560189547,0,39,39,193,2,5,2,9
4730,50,-5033491638767130823,0,25,25,181,5,7,6,21
4731,50,-8899090629261611013,0,16,16,184,2,6,4,14
4732,50,-385944036584766696,0,31,31,193,2,5,2,12
4733,50,3205665927993805134,0,25,25,180,2,3,2,7
4734,50,3395031883687405883,0,45,45,189,6,6,5,18
4735,50,-444363213489423280,0,24,24,199,4,3,2,5
4736,50,701518439758848899,0,42,42,184,2,5,3,15
4737,50,-5309823863897711642,0,41,41,190,5,6,3,16
4738,50,5897875397100380358,0,13,13,187,3,7,5,16
4739,50,6220748316082337802,0,43,43,177,2,5,3,11
4740,50,4053574319023343330,0,42,42,189,5,4,2,12
4741,50,-2408439671966216186,0,26,26,181,3,6,3,21
4742,50,-5007840973072412139,0,34,34,180,5,2,1,4
4743,50,-9102295770110692386,0,38,38,182,2,5,2,13
4744,50,-3391793488890800756,0,25,25,186,2,5,2,16
4745,50,-8559646303804978931,0,38,38,193,6,3,2,9
4746,50,6814927858659488057,0,41,41,191,2,4,1,11
4747,50,8478264000263005812,0,16,16,182,4,7,4,18
4748,50,3637370423494856937,0,38,38,186,2,4,2,7
4749,50,6554155306381491087,0,41,41,190,6,6,3,13
4750,50,5282460066691057813,0,21,21,179,1,5,2,17
4751,50,-1245933930050930967,0,38,38,190,1,9,5,27
4752,50,-5534253996534734345,0,34,34,183,6,3,1,8
4753,50,1944387450237788114,0,33,33,182,1,11,9,22
4754,50,9085232658313899872,0,35,35,184,3,4,2,13
4755,50,-8040223667646556338,0,35,35,193,1,7,5,14
4756,50,2258686240335689672,0,18,18,189,7,7,6,13
4757,50,-6567909653684784049,0,38,38,194,3,4,2,8
4758,50,-8503570892007567322,0,22,22,181,1,4,2,12
4759,50,7844610650369322791,0,22,22,187,1,5,1,9
4760,50,5160076153970324994,0,44,44,183,4,4,2,12
4761,50,1649867159560130615,0,26,26,191,3,4,2,13
4762,50,859520256996081479,0,28,28,178,3,4,2,9
4763,50,719997728832280044,0,23,23,190,2,6,4,18
4764,50,-4962637289850883235,0,29,29,185,4,4,2,8
4765,50,-7396944363526961684,0,35,35,187,6,3,2,9
4766,50,4963406687954788727,0,35,35,184,3,4,2,9
4767,50,8393658885454552459,0,28,28,181,5,3,3,7
4768,50,-659106704868161495,0,32,32,176,2,3,2,5
4769,50,-7871871772422531709,0,16,16,191,2,3,1,5
4770,50,-7765356273205108164,0,30,30,185,1,2,1,6
4771,50,-6064307102545187612,0,29,29,185,7,3,2,7
4772,50,737893365716921541,0,20,20,189,4,3,1,5
4773,50,6813700885540548425,0,29,29,191,4,4,2,10
4774,50,-7040875296971261324,0,36,36,191,1,8,5,15
4775,50,-5220112888619799988,0,43,43,192,3,2,1,2
4776,50,-1185095473039398871,0,26,26,185,2,2,1,8
4777,50,-6713439642185513413,0,29,29,187,3,2,1,6
4778,50,-4803466053731924276,0,29,29,190,4,4,3,10
4779,50,119502955310233099,0,35,35,189,4,5,4,11
4780,50,-7187423802362392995,0,33,33,183,3,4,2,10
4781,50,3643904956652532364,0,19,19,189,3,8,5,18
4782,50,5184789394522484297,0,41,41,175,5,4,2,10
4783,50,2810246249488020702,0,21,21,188,5,8,5,24
4784,50,2036604203239165696,0,30,30,196,3,5,3,12
4785,50,147720298326909987,0,25,25,195,2,4,2,10
4786,50,2978812720012662979,0,35,35,182,5,4,2,11
4787,50,5334287106579540597,0,32,32,196,3,2,1,3
4788,50,-2227467942910045246,0,28,28,198,1,4,1,8
4789,50,1377631257468740890,0,33,33,195,2,5,3,18
4790,50,4822235765924754789,0,36,36,197,3,3,1,7
4791,50,1798954928809976822,0,29,29,187,3,6,4,15
4792,50,-3741559573388448023,0,37,37,182,5,4,3,10
4793,50,7453780796349164608,0,40,40,189,6,4,2,8
4794,50,1190923572047696175,0,31,31,185,1,3,1,9
4795,50,2637456838342521464,0,40,40,189,1,3,2,4
4796,50,7011745095018879440,0,22,22,181,2,5,3,13
4797,50,-643393322997612648,0,32,32,205,1,7,4,15
4798,50,1354386839122132340,0,34,34,192,3,9,6,22
4799,50,-2800091804015741559,0,35,35,193,1,4,3,9
4800,50,-80724804202577052,0,26,26,192,1,3,1,8
4801,50,7052349357684500184,0,26,26,185,2,5,3,15
4802,50,-7658906273423554980,0,17,17,187,1,5,2,11
4803,50,7407165273662289321,0,24,24,186,3,4,2,15
4804,50,-1542990289961881947,0,31,31,185,1,9,6,28
4805,50,-7879906092101358101,0,27,27,193,5,4,2,9
4806,50,-8979915612102706845,0,31,31,189,3,8,7,18
4807,50,3176254989977669325,0,34,34,183,1,4,2,8
4808,50,-8771991959646838485,0,22,22,174,2,6,4,10
4809,50,-3241415252451395729,0,26,26,183,8,2,1,5
4810,50,1544382782731484120,0,10,10,193,4,4,2,11
4811,50,-4612147211380512036,0,37,37,179,2,4,2,8
4812,50,93472631812366751,0,20,20,184,3,6,3,11
4813,50,-2348936318010269896,0,25,25,188,3,5,4,14
4814,50,7040782792118055263,0,24,24,184,4,4,2,13
4815,50,-8175559043283039179,0,35,35,180,6,2,1,8
4816,50,7786032079042774589,0,33,33,186,3,4,1,9
4817,50,7106737101789310155,0,31,31,197,4,2,1,6
4818,50,-1075728688335818128,0,29,29,181,6,6,4,14
4819,50,1605497241076787240,0,46,46,183,4,4,3,11
4820,50,2899936669647704921,0,28,28,193,2,4,2,9
4821,50,-2232728629425121820,0,31,31,182,1,4,1,12
4822,50,-3927526335285046570,0,45,45,197,2,5,3,10
4823,50,4168675845258350968,0,31,31,195,1,4,2,10
4824,50,5727603103096318422,0,29,29,191,4,2,1,5
4825,50,-9004773100710031120,0,11,11,178,7,2,1,4
4826,50,-7577421878283208656,0,39,39,183,1,5,2,8
4827,50,-4274695413568671008,0,27,27,180,2,3,1,6
4828,50,-3491619894057794128,0,38,38,183,7,3,2,11
4829,50,6902077682026788756,0,25,25,182,3,6,2,16
4830,50,-1735598376984739725,0,33,33,179,2,3,2,9
4831,50,3910916052217387402,0,33,33,197,4,6,3,11
4832,50,-6193908125351867276,0,11,11,185,1,5,2,13
4833,50,-2309869730743092956,0,40,40,193,2,4,1,7
4834,50,-4058141494888253338,0,22,22,184,3,2,1,4
4835,50,2586489100113022873,0,26,26,190,2,8,4,14
4836,50,-314537484233446461,0,27,27,185,4,7,4,20
4837,50,-7930550824280105684,0,37,37,199,1,5,2,12
4838,50,6113173314663326244,0,27,27,182,1,4,1,10
4839,50,317086818783364769,0,32,32,190,4,5,2,11
4840,50,3235083806798219219,0,20,20,178,6,2,1,5
4841,50,5799212062587033067,0,36,36,192,1,6,3,9
4842,50,6631235636147506078,0,21,21,192,2,6,3,9
4843,50,476530716965360169,0,28,28,190,2,4,1,8
4844,50,-761038434372273683,0,34,34,191,2,4,2,11
4845,50,-1391441180278349101,0,24,24,186,1,4,2,12
4846,50,7163936371385529623,0,34,34,198,2,4,2,9
4847,50,-6445481405541813712,0,33,33,184,3,3,2,3
4848,50,-6339445273224651024,0,19,19,190,3,4,1,7
4849,50,-6521301236075117813,0,19,19,185,3,4,2,12
4850,50,611094734295009190,0,29,29,178,2,8,5,18
4851,50,1315954391301156261,0,26,26,181,3,3,1,6
4852,50,-7735067156724632115,0,32,32,197,2,4,1,7
4853,50,-7635134465550764051,0,39,39,181,2,4,2,9
4854,50,798971962657856439,0,33,33,190,8,3,2,8
4855,50,1383533000907898094,0,27,27,186,4,4,2,11
4856,50,3166221893209427465,0,22,22,197,1,11,5,28
4857,50,-1356813851856251000,0,37,37,189,1,6,4,16
4858,50,-2062756184541278326,0,21,21,191,2,5,3,11
4859,50,2113343612153594978,0,23,23,193,2,3,1,7
4860,50,-778322841803012546,0,29,29,185,4,6,4,16
4861,50,3487393877544759071,0,38,38,189,1,8,4,18
4862,50,5326659701443538355,0,27,27,190,2,4,1,7
4863,50,6442686020352581327,0,34,34,194,2,7,4,17
4864,50,6275628277835799193,0,31,31,184,2,4,1,8
4865,50,347738813425546663,0,28,28,187,4,4,2,13
4866,50,-6037586217895894120,0,40,40,190,3,3,2,7
4867,50,-275923807867832331,0,43,43,179,2,3,2,11
4868,50,-6284737761413840034,0,33,33,187,1,4,1,12
4869,50,-511255581798658483,0,37,37,192,1,5,3,14
4870,50,2408483202737440758,0,19,19,190,1,9,6,27
4871,50,20255559581972232,0,33,33,187,1,9,4,25
4872,50,-9383704344894624,0,14,14,181,1,8,5,13
4873,50,-7921497051088364818,0,31,31,187,3,6,3,12
4874,50,1586514447318298973,0,43,43,186,5,6,3,12
4875,50,7303539418680637746,0,25,25,184,4,7,5,20
4876,50,-5359063093527820663,0,40,40,193,2,3,1,9
4877,50,8183951760486768286,0,33,33,194,6,1,1,2
4878,50,-8165640397251142481,0,26,26,194,3,4,2,12
4879,50,7668341174674054158,0,26,26,186,4,8,5,19
4880,50,-6032694225040773032,0,32,32,191,7,5,3,13
4881,50,-4889458838971404254,0,33,33,187,3,5,1,12
4882,50,-7669852774021586011,0,22,22,186,6,1,1,3
4883,50,-2989476406264195026,0,43,43,172,3,3,1,9
4884,50,-912604482860123554,0,8,8,184,1,3,1,4
4885,50,1165069046197927029,0,33,33,181,2,6,3,15
4886,50,2226869052168471370,0,25,25,190,4,5,3,13
4887,50,5074373972143500183,0,20,20,191,4,3,1,9
4888,50,-8629253443204562240,0,26,26,196,3,5,3,16
4889,50,4510957173203130695,0,20,20,197,1,4,1,13
4890,50,8392907187921154686,0,25,25,189,2,5,2,12
4891,50,-6723915787590396864,0,33,33,178,2,4,2,10
4892,50,-7575141277294335304,0,37,37,183,2,3,1,11
4893,50,-6136008324683470983,0,43,43,180,2,3,1,8
4894,50,100366529179551860,0,36,36,188,3,6,2,15
4895,50,6151402191644039831,0,6,6,184,1,6,4,14
4896,50,-3779129942157744876,0,24,24,193,4,10,7,16
4897,50,-5895727250851740254,0,27,27,181,4,6,4,10
4898,50,3046674274181346100,0,25,25,195,1,7,4,16
4899,50,-7837473147583452165,0,36,36,190,4,5,2,12
4900,50,-91538517965876043,0,38,38,193,2,3,1,10
4901,50,-7235764474205875571,0,39,39,194,2,4,2,12
4902,50,-5199218322273468902,0,23,23,187,1,3,1,5
4903,50,1177649476535403843,0,26,26,199,1,7,4,16
4904,50,-4579670433124517102,0,28,28,188,3,4,3,10
4905,50,648240737082032057,0,34,34,195,2,4,3,12
4906,50,4343447650372806741,0,28,28,189,3,2,1,5
4907,50,-4308590766539625163,0,40,40,184,1,4,2,13
4908,50,1166172737723627187,0,26,26,190,2,7,3,16
4909,50,-3216862547834817576,0,19,19,192,3,6,4,15
4910,50,-4172443947555878039,0,28,28,195,6,6,3,16
4911,50,-723404788157792496,0,32,32,172,7,2,2,4
4912,50,-2606286179010899530,0,32,32,196,1,7,4,22
4913,50,-1514684993947091632,0,30,30,179,4,5,3,13
4914,50,2690598472679707053,0,28,28,178,8,3,3,7
4915,50,-6537460857314409213,0,36,36,175,1,5,4,15
4916,50,-5279241025590042548,0,27,27,198,9,2,2,6
4917,50,6203214585241277629,0,23,23,187,1,5,2,14
4918,50,159686887126367438,0,33,33,185,2,9,5,24
4919,50,-8581345461870812493,0,33,33,189,2,7,5,20
4920,50,-7481624706385940675,0,32,32,201,3,3,1,8
4921,50,-30297275028754579,0,39,39,189,7,3,2,3
4922,50,475770257234345034,0,20,20,186,9,2,2,6
4923,50,5198794021674258361,0,37,37,184,3,5,3,13
4924,50,6244899919159968352,0,46,46,181,4,7,5,19
4925,50,-2856894716121800222,0,28,28,190,1,5,2,16
4926,50,7352092163977745398,0,37,37,190,1,3,2,11
4927,50,5225359065504850466,0,36,36,183,1,2,1,4
4928,50,286706065750172452,0,31,31,182,4,5,3,10
4929,50,-8521872579014536620,0,27,27,185,6,4,3,13
4930,50,2452555701672317561,0,27,27,180,1,3,1,11
4931,50,7315368837731739885,0,39,39,185,3,6,4,13
4932,50,4880947357679206155,0,22,22,180,3,5,4,11
4933,50,8637640938382555948,0,16,16,198,1,8,5,21
4934,50,-9006778892405745714,0,37,37,197,3,4,2,6
4935,50,3193511670506772112,0,33,33,180,8,4,3,10
4936,50,3816498469503112745,0,29,29,182,1,5,3,14
4937,50,1953647712833207690,0,20,20,182,3,9,6,22
4938,50,6910925752411843526,0,41,41,187,4,5,4,14
4939,50,-4501141371434452108,0,42,42,188,2,3,1,8
4940,50,-8283590786858436183,0,37,37,195,4,6,4,17
4941,50,-4053805655906057279,0,32,32,197,1,6,4,20
4942,50,-465806485414648700,0,35,35,183,2,7,4,20
4943,50,7757773176873488500,0,19,19,185,4,8,5,22
4944,50,1212827566753143368,0,34,34,180,2,5,3,16
4945,50,-3198991557598088234,0,38,38,193,4,2,1,4
4946,50,6927840492396600575,0,28,28,190,1,6,4,9
4947,50,-2828589738850905758,0,28,28,185,1,5,3,13
4948,50,-5837651109396633896,0,13,13,188,5,3,1,6
4949,50,-6236148555502996988,0,19,19,183,1,5,3,10
4950,50,-7737629098956113021,0,36,36,181,3,4,1,9
4951,50,-7328402486721566846,0,40,40,185,8,3,3,3
4952,50,2068208906493328063,0,29,29,201,2,4,3,8
4953,50,-4460038445076270278,0,17,17,192,1,7,3,12
4954,50,-2841586488433063888,0,40,40,190,5,2,1,2
4955,50,-99183350771047411,0,28,28,192,2,3,2,12
4956,50,-258518838167315339,0,28,28,196,5,5,3,10
4957,50,-6076492946496135269,0,30,30,189,5,3,2,8
4958,50,-1518615602346617990,0,41,41,185,3,7,4,15
4959,50,7135321500051196592,0,42,42,182,3,3,2,4
4960,50,4913655718717049865,0,22,22,191,4,4,2,10
4961,50,4577940987654653181,0,31,31,176,2,4,3,10
4962,50,4686431369506106535,0,20,20,184,4,6,4,11
4963,50,6236785660249484298,0,39,39,184,1,6,3,14
4964,50,-3468359689341640291,0,25,25,193,3,5,3,12
4965,50,-1746916865910040213,0,41,41,198,3,4,1,9
4966,50,-6467034427922896812,0,27,27,179,3,5,2,13
4967,50,7587721520521236529,0,44,44,187,4,3,2,7
4968,50,-3955054140325250074,0,39,39,183,3,3,1,9
4969,50,6711204383273389475,0,26,26,179,2,4,2,7
4970,50,1044019188837807856,0,35,35,187,4,5,3,10
4971,50,5790188090556461358,0,20,20,191,3,5,2,15
4972,50,-3025922862253785427,0,32,32,190,5,3,2,10
4973,50,-7559264425661829223,0,28,28,194,2,2,1,5
4974,50,-3287743212537279680,0,44,44,192,1,10,5,21
4975,50,1940423809748239740,0,32,32,179,6,3,2,9
4976,50,-3686649325377904304,0,39,39,182,1,4,1,10
4977,50,-4679176619736621838,0,39,39,198,7,4,2,11
4978,50,-156212797813337894,0,37,37,183,2,4,2,9
4979,50,-7974831299697649011,0,32,32,189,5,2,1,8
4980,50,154703785293925697,0,33,33,186,5,6,3,16
4981,50,-2799029206050585206,0,33,33,187,8,2,2,8
4982,50,-3150495856305802583,0,34,34,187,3,3,2,5
4983,50,8841596844950191941,0,38,38,193,3,6,4,15
4984,50,2614323295306878086,0,25,25,195,1,10,7,18
4985,50,8948102181932760559,0,33,33,196,2,3,2,8
4986,50,3442436459345572207,0,32,32,185,6,7,5,15
4987,50,8271737488782474877,0,24,24,178,1,5,3,8
4988,50,-147956121700890568,0,27,27,195,2,6,3,15
4989,50,7158142412470297059,0,42,42,190,3,6,3,18
4990,50,-1527747286827267522,0,4,4,188,2,3,1,9
4991,50,3249826629912979841,0,36,36,185,2,5,3,10
4992,50,7460723141225715460,0,30,30,175,5,6,4,15
4993,50,-2581518437983254819,0,33,33,187,1,5,2,12
4994,50,1622066195810938110,0,35,35,179,6,3,2,8
4995,50,9163959810080715411,0,25,25,185,1,3,2,8
4996,50,2683378887405067181,0,29,29,186,5,5,3,10
4997,50,1410365442187624073,0,29,29,192,4,4,2,4
4998,50,6458503971860693739,0,34,34,183,5,2,1,5
4999,50,5764018118263068518,0,44,44,187,4,4,2,9
5000,50,7937678444978451335,0,44,44,192,1,4,2,8
5001,50,930714081322117444,0,31,31,195,2,5,3,11
5002,50,8526182245430166804,0,34,34,181,3,4,2,9
5003,50,-7596663668634510429,0,38,38,187,5,2,1,5
5004,50,6845523697264194814,0,31,31,189,5,5,4,15
5005,50,-7012357215985297247,0,34,34,185,3,3,2,9
5006,50,-6936089782546652451,0,25,25,188,5,2,2,2
5007,50,-1848494374678621337,0,42,42,187,9,1,1,2
5008,50,-6265149239706190323,0,18,18,192,4,6,3,15
5009,50,2888393795912253926,0,25,25,190,1,5,2,10
5010,50,-428116294437275522,0,30,30,193,4,7,5,18
5011,50,-6638321312318341693,0,28,28,181,5,3,1,6
5012,50,7238814675793646280,0,32,32,187,4,4,2,10
5013,50,-3204035651726458737,0,33,33,197,2,7,3,15
5014,50,6498231125222397313,0,38,38,186,2,6,3,14
5015,50,-2235715970220757189,0,32,32,195,5,4,2,12
5016,50,797271992622287826,0,30,30,196,1,6,3,14
5017,50,2454230482833369290,0,14,14,189,2,7,2,20
5018,50,2053016372859654984,0,41,41,192,3,2,1,6
5019,50,818074394705136712,0,26,26,185,6,6,5,12
5020,50,5140859246485787879,0,35,35,184,1,4,1,10
5021,50,3165010025597708794,0,35,35,189,2,6,4,12
5022,50,-5457846575330477180,0,6,6,183,1,11,9,25
5023,50,955659920899904470,0,22,22,195,5,2,1,5
5024,50,8152961048177621844,0,30,30,186,2,4,2,4
5025,50,8868917016769642805,0,27,27,178,2,5,3,13
5026,50,7464957167216672447,0,28,28,191,5,8,6,13
5027,50,4310173091320265158,0,41,41,195,2,5,2,13
5028,50,5208282058451553402,0,17,17,184,1,5,2,15
5029,50,-6611458519986521146,0,26,26,183,4,4,3,6
5030,50,-8781583162655720748,0,22,22,182,2,7,4,22
5031,50,8283397848018112877,0,31,31,181,3,5,2,13
5032,50,-4957208417980447665,0,36,36,183,2,3,1,9
5033,50,-3770482011042920021,0,35,35,194,1,7,5,21
5034,50,5382678488945283441,0,23,23,177,1,6,3,12
5035,50,810086921768519700,0,35,35,187,3,5,2,13
5036,50,5643132774581767132,0,18,18,197,1,10,7,26
5037,50,1364765642698645527,0,19,19,197,6,6,3,16
5038,50,-9022697884290773348,0,27,27,186,7,1,1,2
5039,50,-1591014435905867914,0,38,38,192,3,6,4,15
5040,50,474422179715303360,0,28,28,198,1,8,4,18
5041,50,-8838798075428983823,0,33,33,177,1,6,3,14
5042,50,613569399735607083,0,33,33,184,4,3,2,7
5043,50,-4038931573159602108,0,42,42,189,1,4,2,14
5044,50,-8027693327668545877,0,37,37,185,1,4,1,8
5045,50,8694709851185435732,0,13,13,189,3,2,1,4
5046,50,1613099853641766730,0,34,34,199,1,4,2,5
5047,50,-1084510904460706652,0,45,45,173,3,7,4,24
5048,50,-4959701584577585180,0,13,13,191,4,4,2,13
5049,50,-9187520042713084659,0,24,24,189,3,5,2,17
5050,50,9085385268200917241,0,30,30,183,4,5,2,16
5051,50,2829327344578132654,0,30,30,193,4,4,2,7
5052,50,4840247440722334148,0,45,45,189,3,4,2,10
5053,50,163912847521216800,0,27,27,175,3,2,1,5
5054,50,-3023386526116435316,0,32,32,197,5,6,2,13
5055,50,1049785053104807662,0,34,34,184,5,5,4,7
5056,50,6640720621717467193,0,28,28,193,3,3,1,8
5057,50,3511609755539266884,0,5,5,184,2,8,4,21
5058,50,-4352104624303911639,0,42,42,189,2,6,3,17
5059,50,8843545575859044069,0,21,21,176,2,5,3,16
5060,50,6338750133228671812,0,38,38,177,4,4,2,8
5061,50,-5364412294249864606,0,41,41,191,4,3,2,7
5062,50,-6777474119578098867,0,35,35,201,1,6,3,13
5063,50,4962221669804336008,0,37,37,188,2,11,9,26
5064,50,5580709393794790779,0,35,35,190,1,10,5,18
5065,50,-7475324197175613414,0,30,30,188,4,4,2,5
5066,50,-1720355107206867128,0,25,25,188,2,5,2,15
5067,50,-3113200092566273089,0,30,30,186,5,2,1,2
5068,50,-6567612848139865465,0,26,26,181,5,3,2,10
5069,50,122307328906553149,0,23,23,184,2,3,1,4
5070,50,-2673200637454880324,0,30,30,174,5,9,8,24
5071,50,7013100064699289319,0,31,31,178,4,5,3,12
5072,50,-94965138724252249,0,43,43,191,2,3,2,7
5073,50,6029633010907964500,0,24,24,195,1,6,3,11
5074,50,5273403319886762018,0,38,38,193,1,3,1,10
5075,50,436823894165325649,0,22,22,191,1,2,1,3
5076,50,-6972995769518036,0,39,39,192,4,8,5,20
5077,50,-6011098252291182056,0,31,31,194,3,6,3,13
5078,50,5496078138034498372,0,24,24,186,2,4,2,6
5079,50,3581470514738916545,0,28,28,198,3,4,3,12
5080,50,3237466408996122619,0,18,18,195,2,6,3,15
5081,50,6269035439649145848,0,38,38,187,1,6,3,12
5082,50,5135784431686938052,0,40,40,178,7,3,2,8
5083,50,-7205214720320915729,0,35,35,188,3,5,4,9
5084,50,2503482880114511374,0,34,34,194,2,4,2,9
5085,50,-3042545593171685226,0,37,37,190,3,11,7,16
5086,50,-6104924256286336364,0,36,36,181,4,3,1,6
5087,50,-1810296094192394231,0,29,29,194,6,2,1,2
5088,50,3170587407558946035,0,32,32,174,7,4,3,11
5089,50,3813758548985447498,0,41,41,182,4,3,1,5
5090,50,6358910691048620924,0,44,44,194,4,3,1,7
5091,50,5350252077910359855,0,38,38,182,7,3,2,9
5092,50,7356431304344325963,0,17,17,175,2,4,2,10
5093,50,602321223543767965,0,34,34,186,5,3,1,5
5094,50,-3696431587123245160,0,45,45,185,5,3,1,8
5095,50,3368984742611514102,0,30,30,178,1,4,3,11
5096,50,7523973450251505228,0,32,32,190,4,3,2,8
5097,50,677064726377971151,0,40,40,191,1,6,4,10
5098,50,-5145622545941507625,0,34,34,175,1,5,3,10
5099,50,7444734559399795686,0,33,33,184,5,1,1,4
5100,50,-6456127285723113408,0,25,25,182,4,6,4,18
5101,50,-7749871692956037293,0,41,41,196,6,3,2,5
5102,50,-1008580193400934531,0,27,27,180,2,5,3,14
5103,50,-3590930151140415748,0,23,23,188,4,4,2,11
5104,50,-7854198617075794172,0,31,31,181,2,6,3,11
5105,50,6946555029227942990,0,26,26,189,3,2,1,4
5106,50,4365643402072479393,0,32,32,186,2,5,3,12
5107,50,7345080542134626345,0,33,33,192,1,5,3,12
5108,50,-2113353939882322294,0,26,26,179,7,3,1,8
5109,50,-6230003157938156773,0,29,29,186,2,4,2,10
5110,50,-3545696794386971472,0,40,40,183,4,9,7,20
5111,50,-4338472164535679792,0,13,13,186,2,7,4,17
5112,50,2819756368767935319,0,34,34,187,2,9,5,17
5113,50,-5615133511743461687,0,31,31,179,1,6,4,15
5114,50,171313434508008680,0,37,37,190,2,6,3,20
5115,50,8346203698464370252,0,42,42,200,3,5,2,12
5116,50,7375897314639599878,0,33,33,190,1,3,1,10
5117,50,-1542558517459799653,0,34,34,181,2,8,6,16
5118,50,2862150794179153630,0,24,24,198,3,4,2,10
5119,50,4402246558280510568,0,21,21,192,1,5,2,7
5120,50,4368003247991498947,0,35,35,187,5,7,5,20
5121,50,5549797553138966407,0,28,28,185,4,8,6,24
5122,50,426485485376015609,0,29,29,190,3,3,2,8
5123,50,-6410110952654997531,0,25,25,185,2,7,5,15
5124,50,-8107125732802404400,0,37,37,180,6,8,6,18
5125,50,8421723942312145080,0,22,22,187,1,4,2,7
5126,50,3151486711740977908,0,29,29,184,5,7,5,19
5127,50,-1854204231991122697,0,43,43,202,2,7,2,21
5128,50,-3010121387354057213,0,33,33,195,6,4,2,4
5129,50,-4039811967936904179,0,38,38,186,1,4,2,9
5130,50,-2895953031842677664,0,29,29,178,3,4,2,11
5131,50,7117641125006450120,0,32,32,201,4,4,2,13
5132,50,-9090007655929369530,0,34,34,189,2,4,2,12
5133,50,-7883496131634333289,0,32,32,190,4,4,2,7
5134,50,-1674817069607523553,0,18,18,187,3,4,1,9
5135,50,6788709332008381684,0,32,32,187,1,3,1,6
5136,50,2150441878419725078,0,39,39,187,3,3,1,6
5137,50,6016489572452246815,0,33,33,185,5,3,2,9
5138,50,-574000202915791381,0,36,36,174,1,5,3,14
5139,50,-2541143068812322804,0,36,36,190,6,4,3,11
5140,50,6367105553277817093,0,25,25,188,4,3,2,7
5141,50,-7906315169252978531,0,41,41,184,1,6,4,13
5142,50,8986958165572327117,0,20,20,184,1,4,2,14
5143,50,-2917699659686819309,0,25,25,196,1,6,2,17
5144,50,4560055949135290681,0,35,35,185,2,5,2,11
5145,50,-8828692052898312510,0,21,21,188,5,5,2,8
5146,50,-7668999271087214170,0,25,25,192,4,4,1,12
5147,50,-1442248693661659644,0,34,34,189,2,3,1,8
5148,50,-6515819165136600598,0,30,30,188,1,3,1,10
5149,50,8929484699919768943,0,20,20,184,3,3,1,7
5150,50,-2016653880904430935,0,28,28,186,2,7,5,14
5151,50,3417071122630351178,0,35,35,185,6,2,2,6
5152,50,-3261913934505747737,0,33,33,186,2,8,4,21
5153,50,8515945755137300540,0,33,33,192,2,5,2,7
5154,50,-5482384581722123041,0,31,31,176,6,2,2,4
5155,50,-8477704691356555706,0,33,33,173,1,8,5,17
5156,50,6075587141742404626,0,34,34,201,7,3,2,3
5157,50,-7140279385470485774,0,24,24,188,1,4,2,8
5158,50,-8767805128990162782,0,37,37,187,2,6,4,11
5159,50,281774557202669260,0,18,18,185,2,4,1,11
5160,50,564330446555452383,0,27,27,182,2,3,2,12
5161,50,5267878317881635857,0,19,19,183,1,11,6,38
5162,50,-613899232840297950,0,36,36,189,6,6,5,16
5163,50,-5671520651693467994,0,36,36,194,4,2,1,4
5164,50,4140574350053613017,0,21,21,175,2,6,4,16
5165,50,2571823617727563595,0,35,35,192,5,4,3,8
5166,50,-2101085672852387869,0,32,32,193,7,2,2,6
5167,50,-7950695094486346224,0,30,30,194,2,7,5,15
5168,50,173714620304605470,0,37,37,188,1,3,2,6
5169,50,8782283932614721543,0,15,15,192,2,5,2,13
5170,50,-7358413874889617091,0,29,29,190,3,4,2,11
5171,50,8887694758233633850,0,19,19,193,1,7,4,15
5172,50,-1738920208765851938,0,30,30,183,1,4,1,7
5173,50,4916973722477016031,0,37,37,195,1,10,6,23
5174,50,-223838521615428389,0,30,30,194,3,4,3,13
5175,50,7143287243917590986,0,28,28,180,2,5,2,12
5176,50,1862628280135028959,0,21,21,184,3,6,5,17
5177,50,-8757322726052555486,0,3,3,198,1,7,3,18
5178,50,5125536618862823228,0,37,37,174,7,6,4,14
5179,50,-5547708113553570985,0,33,33,190,4,6,4,17
5180,50,-7535422612939548676,0,14,14,191,2,9,4,13
5181,50,-7044203091832679085,0,24,24,187,3,7,4,20
5182,50,7633178021212901685,0,42,42,189,4,2,1,6
5183,50,1845569874495470575,0,21,21,182,2,7,3,22
5184,50,-1434888030720771423,0,25,25,188,2,3,1,11
5185,50,-3483789769782257752,0,37,37,198,3,6,3,19
5186,50,-1966628526307047827,0,47,47,182,3,2,1,3
5187,50,4052570620390459281,0,33,33,195,2,6,5,7
5188,50,3478109541427493713,0,41,41,187,6,1,1,5
5189,50,-2441892744834452597,0,26,26,178,1,7,4,13
5190,50,2445240154464168928,0,30,30,191,2,5,3,12
5191,50,-2788840647178598988,0,26,26,193,2,4,2,13
5192,50,8450412342373732129,0,42,42,183,1,6,3,16
5193,50,-3980498143310690531,0,32,32,192,3,5,2,12
5194,50,-8969649475141464483,0,28,28,193,1,6,3,12
5195,50,-1919153267679128641,0,29,29,175,1,6,3,16
5196,50,-3810529733875590086,0,34,34,187,1,5,1,11
5197,50,-3336022990095590994,0,35,35,193,4,3,1,9
5198,50,8300480227866061064,0,36,36,175,7,6,4,17
5199,50,2405572689729066894,0,39,39,197,4,5,3,12
5200,50,-7129770709940271014,0,37,37,186,1,4,2,10
5201,50,-3483042617362166202,0,37,37,186,1,4,2,8
5202,50,-160699202160878632,0,16,16,179,3,5,3,11
5203,50,-2551944027098113548,0,33,33,182,5,4,2,9
5204,50,4018307732685559636,0,34,34,190,1,7,4,19
5205,50,7626264670050182688,0,13,13,190,3,5,3,10
5206,50,-5009296415402036710,0,32,32,190,6,3,2,6
5207,50,1814286169751499059,0,22,22,191,2,5,2,9
5208,50,-1548757574565226101,0,40,40,187,1,6,3,13
5209,50,5048018560613192489,0,35,35,185,2,3,2,5
5210,50,121483622552221932,0,42,42,180,3,4,2,10
5211,50,7418191122980830085,0,27,27,183,1,3,2,6
5212,50,6535325566444907131,0,31,31,179,1,4,1,8
5213,50,7030374335492643461,0,23,23,196,6,6,4,12
5214,50,-4565959308940155453,0,31,31,193,1,4,2,7
5215,50,-7262258913764398697,0,42,42,191,6,4,2,11
5216,50,5743218943373344561,0,19,19,180,8,2,1,7
5217,50,-4252948269770275061,0,34,34,193,4,6,5,16
5218,50,-8490363857814188826,0,44,44,189,5,2,1,7
5219,50,-3612219689894553335,0,24,24,181,4,4,2,8
5220,50,8276419841685456077,0,32,32,178,3,7,4,22
5221,50,-8918507352328950844,0,30,30,181,2,5,2,10
5222,50,-2414522538690615312,0,34,34,184,4,6,3,15
5223,50,-8689923582204199185,0,37,37,184,4,4,2,8
5224,50,4462359036739866375,0,37,37,194,1,5,2,9
5225,50,-8962222086066833808,0,38,38,190,2,5,3,15
5226,50,456234198693719122,0,24,24,186,5,2,1,6
5227,50,-2871627616472948141,0,31,31,198,7,3,1,7
5228,50,-7452976528503122264,0,29,29,186,3,3,1,7
5229,50,-3800854773288185344,0,28,28,184,1,4,2,15
5230,50,5206475886909239758,0,41,41,184,7,2,1,6
5231,50,2678420716391048880,0,36,36,181,2,4,2,10
5232,50,8324481821208741900,0,28,28,188,4,5,3,10
5233,50,5360953828977760541,0,24,24,184,1,6,3,15
5234,50,-5701081934776145667,0,37,37,188,1,5,2,12
5235,50,-3206688825749150088,0,31,31,202,2,5,3,13
5236,50,472682183725228455,0,25,25,187,8,2,1,5
5237,50,-3695678726730409824,0,40,40,183,3,4,2,8
5238,50,2393796547667861962,0,42,42,183,2,9,5,27
5239,50,-7015250175381742192,0,40,40,183,3,8,5,18
5240,50,3775501824075489916,0,29,29,189,4,4,1,8
5241,50,-8412675853010296296,0,26,26,185,1,4,2,9
5242,50,-2848642231687306763,0,36,36,179,2,2,1,4
5243,50,6024785713055704015,0,29,29,189,1,5,2,11
5244,50,-132238262374365017,0,36,36,185,3,4,2,12
5245,50,3724470381081718343,0,30,30,193,8,2,1,7
5246,50,4101178289978248082,0,40,40,191,4,2,1,4
5247,50,-2462276847013759102,0,38,38,195,2,4,2,7
5248,50,-2440971237554708523,0,34,34,174,4,8,6,28
5249,50,8666527724141809573,0,37,37,189,3,3,2,10
5250,50,1863245995577381767,0,26,26,180,6,2,1,6
5251,50,1132554397296105451,0,26,26,183,1,6,3,13
5252,50,6315867422409170887,0,28,28,187,3,2,1,5
5253,50,4277087013762774236,0,7,7,185,1,5,2,9
5254,50,-7882409108810921967,0,36,36,189,4,4,2,14
5255,50,6111507530680528829,0,26,26,178,7,4,3,12
5256,50,631216153468492499,0,30,30,193,2,5,3,15
5257,50,3570843313434950474,0,26,26,186,5,1,1,2
5258,50,-3672188585614072001,0,36,36,184,5,6,5,17
5259,50,-8670250448574935134,0,13,13,187,4,7,3,16
5260,50,1130039023920135267,0,22,22,188,5,5,3,11
5261,50,7340326505427800450,0,32,32,193,1,11,7,27
5262,50,1746064377797723510,0,41,41,189,3,6,4,12
5263,50,8790046469478709429,0,13,13,187,3,10,7,22
5264,50,-6541145119509293197,0,22,22,184,2,2,1,3
5265,50,7156895664375605707,0,31,31,181,5,2,1,5
5266,50,2751817675721458667,0,39,39,186,2,2,1,6
5267,50,6454252844025198344,0,35,35,178,3,5,2,15
5268,50,7129209841545331991,0,42,42,189,7,1,1,3
5269,50,-1731307285405746017,0,44,44,193,4,2,1,4
5270,50,1849486075551766316,0,32,32,183,6,4,3,9
5271,50,91108367041219616,0,25,25,193,1,5,3,16
5272,50,-3864629498783149325,0,33,33,194,3,6,4,16
5273,50,-1346373033424053459,0,37,37,181,2,8,5,20
5274,50,-3778788948029956712,0,28,28,187,4,3,1,5
5275,50,8130002931750889844,0,37,37,189,3,4,2,10
5276,50,5249573599639896513,0,31,31,186,9,4,4,12
5277,50,-9048107172953959976,0,24,24,184,2,4,1,9
5278,50,8751437890485749218,0,41,41,202,5,7,5,17
5279,50,1970550283071945457,0,32,32,186,7,4,3,8
5280,50,2426187169737036751,0,41,41,191,2,9,7,15
5281,50,7815353730718063287,0,12,12,179,3,5,2,11
5282,50,-2217620464608836206,0,31,31,179,4,3,2,12
5283,50,8635443842908684665,0,36,36,183,1,5,3,15
5284,50,6810487541775723390,0,33,33,182,1,6,4,13
5285,50,-4454984480243310573,0,36,36,194,9,3,3,3
5286,50,-6351883482105307260,0,33,33,185,2,3,1,8
5287,50,4898223136224230751,0,38,38,193,2,3,2,6
5288,50,2635209451963021764,0,15,15,181,2,3,1,7
5289,50,-4627252886434984213,0,30,30,190,1,3,1,10
5290,50,-3765370344893203865,0,37,37,195,4,3,1,10
5291,50,3828477811161508076,0,24,24,199,1,14,9,27
5292,50,-7876328292241474389,0,20,20,194,2,3,1,8
5293,50,-2288964344390583949,0,30,30,181,1,8,6,19
5294,50,-3650707098865219778,0,26,26,196,3,5,3,15
5295,50,7509791509520663262,0,38,38,191,1,13,8,41
5296,50,-7245534525822841392,0,28,28,178,8,1,1,2
5297,50,-2189791540495251056,0,25,25,193,2,6,3,14
5298,50,3077215732341553123,0,28,28,189,2,3,1,5
5299,50,-4828240915378788124,0,33,33,191,3,4,3,16
5300,50,2595216611957440740,0,26,26,193,1,7,4,17
5301,50,-5011897454256258210,0,41,41,176,7,2,1,5
5302,50,-4219018281490430593,0,32,32,184,2,4,2,7
5303,50,7909033699971072547,0,26,26,190,1,6,4,13
5304,50,1097849770705818159,0,29,29,184,2,5,3,14
5305,50,-5907870234171172949,0,17,17,186,4,4,2,12
5306,50,-3736379743520258285,0,10,10,191,2,4,2,11
5307,50,-6867774468899161676,0,38,38,190,1,8,6,23
5308,50,-4447933166261181176,0,24,24,186,9,3,3,8
5309,50,-7068197728047102343,0,40,40,187,1,5,3,8
5310,50,-3815362683640817677,0,23,23,187,2,3,1,7
5311,50,7221058684537800995,0,44,44,203,3,6,3,11
5312,50,2210893350980948574,0,30,30,189,1,10,6,17
5313,50,8036626944058937727,0,28,28,184,2,6,4,10
5314,50,-7357184102624555450,0,26,26,210,1,7,2,14
5315,50,-8925828592739331342,0,32,32,179,2,2,1,4
5316,50,-2026462186916051150,0,33,33,180,2,5,3,11
5317,50,-2578521023234883927,0,27,27,189,2,6,3,12
5318,50,-650616630654762617,0,26,26,182,3,2,1,6
5319,50,-1625157777528533740,0,37,37,183,2,7,5,14
5320,50,-1711455792505752806,0,36,36,179,1,5,2,10
5321,50,5416327940533529236,0,36,36,202,2,6,3,14
5322,50,-4483164219700649721,0,21,21,191,5,5,4,10
5323,50,-4389429042763302030,0,31,31,190,3,8,5,16
5324,50,-6884535408925342016,0,35,35,184,2,5,3,6
5325,50,7237898055542778643,0,26,26,191,2,8,6,20
5326,50,-1005928580245857688,0,21,21,187,1,6,4,17
5327,50,-8507853410274936215,0,33,33,180,1,6,4,12
5328,50,-457694735701769631,0,43,43,207,5,3,2,8
5329,50,-1972288703018368595,0,33,33,187,4,4,3,9
5330,50,-7369221746942275549,0,41,41,177,2,3,1,7
5331,50,1074863719331207498,0,32,32,190,1,4,2,7
5332,50,-6802808485384383409,0,27,27,185,5,7,5,18
5333,50,-2815523933699547620,0,31,31,189,1,5,2,12
5334,50,8900440903930994691,0,33,33,189,5,4,3,12
5335,50,2744366047767741657,0,23,23,176,1,5,4,15
5336,50,8504644353889929072,0,27,27,185,4,2,1,5
5337,50,-3181074580712329009,0,43,43,193,3,5,2,11
5338,50,55617781778577832,0,28,28,188,8,2,1,4
5339,50,3301283301190910415,0,36,36,191,3,6,3,17
5340,50,-383209288281701956,0,34,34,190,7,5,4,9
5341,50,-2683547481262830231,0,34,34,182,5,6,4,15
5342,50,-6563613214614567674,0,25,25,184,2,7,5,19
5343,50,-6509241636020439208,0,42,42,200,2,5,4,13
5344,50,7189812185693295298,0,27,27,190,1,8,5,18
5345,50,-4266716736802939585,0,28,28,178,5,6,3,15
5346,50,4461926942900558051,0,24,24,177,3,4,2,12
5347,50,4939544736413452694,0,33,33,191,2,5,3,15
5348,50,-506558930359135708,0,32,32,183,1,3,1,8
5349,50,-8927560596787879458,0,41,41,190,1,10,6,29
5350,50,-2004859478442589860,0,30,30,187,3,4,3,13
5351,50,-9069118446020197348,0,24,24,176,3,2,1,8
5352,50,5982122759094291990,0,26,26,192,4,7,4,14
5353,50,6516616274194237316,0,25,25,194,2,7,3,18
5354,50,-7064306127582210464,0,26,26,173,6,5,3,15
5355,50,6034879771162760307,0,36,36,174,4,3,1,8
5356,50,4373632813578455523,0,29,29,188,5,7,6,11
5357,50,5350512700685027234,0,27,27,182,1,4,2,11
5358,50,6724605092240253491,0,37,37,181,3,6,4,16
5359,50,-1073557259928841064,0,21,21,181,4,5,3,13
5360,50,-3626492375714444184,0,18,18,180,2,3,1,9
5361,50,3327660920928885600,0,32,32,183,3,5,3,8
5362,50,5844688499526457325,0,13,13,198,1,9,6,20
5363,50,-3337160520365267588,0,22,22,182,4,5,4,17
5364,50,-6024403722152411497,0,31,31,186,1,8,5,16
5365,50,-4580554794153837031,0,33,33,188,1,5,2,15
5366,50,316718604936534521,0,37,37,188,2,5,4,9
5367,50,-5211017452306654845,0,22,22,177,3,4,2,8
5368,50,4771978848519870966,0,32,32,183,5,3,2,11
5369,50,-8909525560185241638,0,32,32,194,1,6,2,12
5370,50,5301564368888287383,0,21,21,187,7,6,4,13
5371,50,-8533286282394669306,0,26,26,187,2,8,6,23
5372,50,1392920830646478621,0,31,31,182,5,3,1,7
5373,50,-835662679402764313,0,31,31,185,2,3,1,9
5374,50,8708876190180757594,0,35,35,175,2,7,5,10
5375,50,-1153144591392941359,0,18,18,196,1,6,4,14
5376,50,6492463903217765436,0,19,19,193,5,2,1,8
5377,50,-8135551087004408009,0,42,42,182,3,3,1,8
5378,50,2017611330507460778,0,27,27,190,5,4,2,9
5379,50,2983150314463126181,0,31,31,183,4,4,2,8
5380,50,8940949785417083794,0,37,37,184,2,6,4,18
5381,50,6759920538609294067,0,27,27,184,3,2,1,6
5382,50,-4945385834432679358,0,31,31,194,3,4,2,14
5383,50,5302467262325917623,0,16,16,206,2,10,8,11
5384,50,-1391260344525893129,0,20,20,177,7,3,2,8
5385,50,6373595677213794043,0,27,27,193,1,7,4,16
5386,50,2509045072408516019,0,32,32,193,3,4,2,7
5387,50,2827195616385122607,0,35,35,200,1,7,4,13
5388,50,-7475990281019689645,0,26,26,198,1,6,4,13
5389,50,-7399325821708029855,0,25,25,184,1,6,3,22
5390,50,2228256786774295008,0,26,26,178,5,4,3,12
5391,50,-8222468206584641878,0,25,25,189,1,6,3,18
5392,50,1300709821334308,0,36,36,183,5,9,7,28
5393,50,-5998285898601553941,0,28,28,179,6,2,1,9
5394,50,7312191835110136448,0,27,27,199,1,3,1,7
5395,50,-1793359868439647559,0,40,40,181,1,5,3,15
5396,50,-4155383159377199363,0,19,19,193,3,6,3,10
5397,50,7526259807032366229,0,20,20,199,1,4,2,10
5398,50,1615731930174006944,0,32,32,190,1,8,5,22
5399,50,8194863636177765728,0,18,18,195,1,9,5,23
5400,50,-8644643762067083007,0,22,22,182,1,3,1,7
5401,50,-7041278919166468595,0,40,40,178,6,3,2,7
5402,50,327707830635407134,0,34,34,193,5,4,2,8
5403,50,5359101866428722840,0,33,33,186,3,3,1,7
5404,50,-8739719517461420948,0,40,40,181,2,2,1,4
5405,50,-5815209057556768970,0,34,34,188,2,4,1,12
5406,50,-4639907519189271249,0,14,14,191,1,7,4,15
5407,50,-231224518701348659,0,34,34,187,2,4,2,4
5408,50,-3057723873877232118,0,26,26,185,2,4,3,7
5409,50,8873013590750795941,0,23,23,185,4,7,4,20
5410,50,3152867175159013593,0,34,34,186,5,6,5,7
5411,50,1264870878763539296,0,22,22,181,4,4,2,11
5412,50,8128228766396789438,0,31,31,190,1,3,2,6
5413,50,7559065445073402663,0,32,32,182,2,3,1,10
5414,50,5504762636628551546,0,43,43,180,2,8,5,21
5415,50,1165267958020947238,0,30,30,183,1,7,3,18
5416,50,-1879340623546120707,0,32,32,182,1,6,3,15
5417,50,5652697445475871289,0,27,27,186,2,3,2,7
5418,50,-3828522868735845825,0,32,32,185,1,3,1,5
5419,50,-5059542863821533465,0,18,18,182,1,11,8,31
5420,50,-480856563782223792,0,22,22,178,2,4,2,14
5421,50,-3787183780710447474,0,29,29,183,2,3,1,8
5422,50,-6082416246689489746,0,29,29,187,1,5,2,6
5423,50,-3107430131457128992,0,40,40,192,4,2,1,6
5424,50,294182132701019606,0,32,32,195,4,7,5,17
5425,50,5028808243719411853,0,22,22,182,5,2,1,2
5426,50,-7601988608268590307,0,41,41,179,3,7,4,17
5427,50,-4705412059712371135,0,36,36,185,2,3,1,6
5428,50,-7296166887669885761,0,34,34,188,8,3,3,10
5429,50,1526176412184875729,0,24,24,185,2,4,2,8
5430,50,1298093641052977464,0,32,32,183,2,6,4,14
5431,50,1972869219876687280,0,27,27,179,1,4,1,7
5432,50,7826002368197882834,0,19,19,185,2,5,3,5
5433,50,-7789313066488863577,0,19,19,187,4,3,2,5
5434,50,1281916022305806463,0,23,23,201,1,6,5,14
5435,50,7628224940327546309,0,22,22,187,4,3,2,8
5436,50,3517303931168590056,0,25,25,188,6,7,5,16
5437,50,-4958981180149048173,0,29,29,192,3,7,4,19
5438,50,4972163795416878789,0,41,41,194,1,7,5,16
5439,50,-779441896987814260,0,15,15,188,2,5,2,12
5440,50,-1937422187854330002,0,28,28,181,1,3,1,5
5441,50,-6221854441413813557,0,28,28,182,4,3,1,8
5442,50,-6775389997218220878,0,29,29,182,1,3,1,4
5443,50,-7442328254592634618,0,31,31,179,5,2,1,7
5444,50,-7473632107811289369,0,28,28,190,2,4,2,10
5445,50,-952190969960344646,0,37,37,176,1,6,3,18
5446,50,-4086014818346847166,0,31,31,187,1,5,2,12
5447,50,1253298702796802471,0,41,41,185,1,8,4,23
5448,50,8678183517882790248,0,33,33,184,4,3,2,3
5449,50,-2429530514464955777,0,27,27,197,5,3,1,6
5450,50,-1379867459309658300,0,38,38,183,2,4,3,7
5451,50,2452690299763018457,0,37,37,172,3,3,2,8
5452,50,-2035337547455364581,0,32,32,179,2,2,1,7
5453,50,-3540834960767243413,0,41,41,190,3,2,1,5
5454,50,5283828111304873437,0,37,37,196,1,5,2,7
5455,50,-6534930103378671752,0,33,33,189,4,4,3,7
5456,50,-4005500024499743812,0,26,26,187,5,3,1,8
5457,50,-2313456771983192441,0,34,34,184,2,3,1,8
5458,50,226729409155759362,0,24,24,188,4,4,3,12
5459,50,-4329788493686778539,0,27,27,199,3,4,2,9
5460,50,-5285169325947879649,0,33,33,185,3,4,3,8
5461,50,7623973772145338892,0,24,24,180,2,3,1,4
5462,50,-150871540759542527,0,31,31,190,2,3,1,7
5463,50,-1582614374503778380,0,36,36,186,3,4,2,10
5464,50,-6461700197149914712,0,34,34,188,2,6,4,19
5465,50,-8846529075125244696,0,34,34,182,1,8,4,17
5466,50,1711375377353244665,0,41,41,185,1,6,2,16
5467,50,-4379212057924576819,0,25,25,186,3,4,2,10
5468,50,-7540010907759221807,0,30,30,185,1,4,2,14
5469,50,-3075417996496668352,0,33,33,186,2,8,4,20
5470,50,-5456747781547063204,0,31,31,198,1,3,2,7
5471,50,8654472572569327950,0,39,39,178,5,3,2,5
5472,50,-2092697053430237272,0,33,33,183,3,3,1,6
5473,50,-2759578304302999832,0,34,34,190,3,5,2,16
5474,50,-4261870711784441996,0,37,37,186,2,5,3,11
5475,50,-6508718273990270761,0,28,28,183,4,5,3,14
5476,50,5294580937267775310,0,5,5,188,2,8,5,19
5477,50,-3965715984020441619,0,44,44,188,1,6,2,12
5478,50,-2841786538920662052,0,31,31,185,7,1,1,1
5479,50,728482116878996092,0,24,24,189,8,3,2,5
5480,50,-8696607946715309191,0,33,33,183,4,5,3,14
5481,50,8985419277386531084,0,24,24,188,2,5,3,12
5482,50,2304761984832839683,0,35,35,192,1,5,4,17
5483,50,-5816853602187722169,0,39,39,190,2,3,1,5
5484,50,-9134999835654733326,0,12,12,186,3,11,8,25
5485,50,5220531181067862072,0,22,22,192,1,3,1,6
5486,50,-4924882937893318483,0,44,44,201,3,6,3,10
5487,50,8024824960780730548,0,37,37,186,3,4,2,12
5488,50,-1804768270136550376,0,45,45,185,2,6,3,13
5489,50,-5971333721309639912,0,26,26,188,2,7,4,21
5490,50,2155646034858668913,0,24,24,185,3,7,4,12
5491,50,894793433654097204,0,41,41,193,4,3,1,10
5492,50,-9150733717493105316,0,25,25,180,3,7,5,18
5493,50,-4992518527775716474,0,39,39,182,4,4,3,13
5494,50,-4366401021439558341,0,39,39,182,2,7,3,12
5495,50,-5218270259561379670,0,29,29,180,3,6,2,10
5496,50,4397045067544140227,0,36,36,185,4,4,3,12
5497,50,-7329296902879457263,0,37,37,188,1,3,1,10
5498,50,538951800396937420,0,32,32,193,1,5,1,13
5499,50,-3357363147041972239,0,28,28,185,2,3,2,7
5500,50,8220441369465472103,0,34,34,184,8,3,2,9
5501,50,3081799839966735996,0,16,16,210,1,9,5,19
5502,50,7226014032613223733,0,40,40,192,6,3,2,10
5503,50,-2267168271542852013,0,33,33,188,1,6,3,10
5504,50,-4262899394529755658,0,31,31,196,1,5,1,12
5505,50,-3249493916285028803,0,33,33,196,7,9,7,23
5506,50,19278470232282208,0,41,41,194,1,7,3,19
5507,50,4073839686855272467,0,33,33,184,2,2,1,5
5508,50,-8546350394097102031,0,24,24,181,2,4,2,9
5509,50,-6104087104739839233,0,28,28,186,4,7,5,14
5510,50,387760125596148103,0,36,36,188,1,5,2,15
5511,50,-8157640086341829403,0,31,31,178,2,6,4,12
5512,50,9166267321340545903,0,39,39,180,5,2,1,7
5513,50,-1473409698579611872,0,26,26,183,2,3,1,14
5514,50,-2290071772006721605,0,36,36,172,1,7,3,15
5515,50,-4059177322101833103,0,33,33,193,2,5,2,15
5516,50,5300340975128061719,0,17,17,181,2,4,2,9
5517,50,1584834882208704051,0,45,45,191,2,4,3,8
5518,50,3447277996775960670,0,23,23,186,3,3,1,3
5519,50,-7321411220730157357,0,27,27,196,6,3,2,8
5520,50,1534961055334755881,0,31,31,180,8,5,4,11
5521,50,-5386686039710148736,0,44,44,179,3,4,2,15
5522,50,-2226490977081536087,0,35,35,189,5,2,2,2
5523,50,5068348009657041694,0,24,24,198,2,3,1,6
5524,50,8282339757743673014,0,38,38,195,5,3,1,6
5525,50,-6933532524250077057,0,45,45,175,5,3,2,7
5526,50,-6151138239701560025,0,44,44,195,2,3,1,9
5527,50,8692447615901533652,0,45,45,193,1,8,6,12
5528,50,-8485465816166642844,0,19,19,176,2,6,3,18
5529,50,-7109315559216568479,0,36,36,196,1,6,3,13
5530,50,-2242250567698850248,0,17,17,190,1,3,1,5
5531,50,-5954318439799362193,0,34,34,173,2,5,3,12
5532,50,8282222040239913451,0,28,28,185,1,3,1,12
5533,50,-388393527685431929,0,38,38,173,4,3,2,6
5534,50,7189608555420958863,0,11,11,196,4,8,6,19
5535,50,-3764555723142425892,0,33,33,183,3,4,2,10
5536,50,-6033101186962288230,0,31,31,193,3,7,5,19
5537,50,1130675798821888520,0,27,27,183,2,2,1,2
5538,50,4178815372478772917,0,45,45,198,1,4,1,7
5539,50,8718715240605713403,0,33,33,197,1,6,3,14
5540,50,7159191008542214610,0,26,26,188,1,5,2,11
5541,50,-129581852892079056,0,18,18,193,2,6,4,18
5542,50,5179806062175201412,0,33,33,182,5,6,3,18
5543,50,-6790509494597636576,0,24,24,190,3,3,1,7
5544,50,8547622554386008202,0,38,38,194,4,4,2,10
5545,50,-858502513949321733,0,25,25,182,5,5,3,14
5546,50,8248896034730934700,0,26,26,191,1,7,4,14
5547,50,470484184337275029,0,37,37,186,2,5,3,8
5548,50,-1518467891103276854,0,44,44,186,2,3,1,7
5549,50,1184525921246346910,0,7,7,192,2,5,3,11
5550,50,7578434422574340145,0,42,42,192,1,6,3,13
5551,50,3110347357401771798,0,22,22,187,7,4,3,9
5552,50,-3101971251941023440,0,31,31,202,1,4,2,8
5553,50,-6923339425675739905,0,26,26,197,4,2,1,3
5554,50,4830464928548594410,0,37,37,175,1,5,2,10
5555,50,-1837715082805797805,0,30,30,173,3,3,2,11
5556,50,-8069488872525663634,0,22,22,192,1,4,2,10
5557,50,-4137717163036790216,0,17,17,201,2,8,4,17
5558,50,1642965305578110980,0,31,31,188,1,4,2,7
5559,50,-951909370653887375,0,29,29,191,3,6,3,20
5560,50,8754447892000146889,0,27,27,194,1,4,3,6
5561,50,-3087043260486759400,0,30,30,188,3,5,3,15
5562,50,-5262644586718917762,0,38,38,190,3,4,1,8
5563,50,5500457384983293834,0,18,18,191,1,3,1,6
5564,50,5648776021961905052,0,44,44,182,1,3,1,9
5565,50,8662069625025439649,0,32,32,193,2,4,2,10
5566,50,-4205445830319553109,0,30,30,185,3,5,3,13
5567,50,-2335431590022712280,0,34,34,185,2,3,2,7
5568,50,-5274845547237479981,0,35,35,192,5,5,4,5
5569,50,-6372664013036125301,0,36,36,171,3,3,2,12
5570,50,7348196448561777075,0,33,33,197,3,6,3,15
5571,50,329759578462728654,0,28,28,182,3,4,3,7
5572,50,-9135246559790183823,0,25,25,185,2,4,2,8
5573,50,-4828457820764503360,0,40,40,183,2,7,3,17
5574,50,-1484402695364176879,0,34,34,186,1,5,1,14
5575,50,-8541187778732061841,0,28,28,198,2,5,3,16
5576,50,-8204658042869163510,0,37,37,185,3,4,2,7
5577,50,7001331544127799006,0,40,40,192,4,9,5,24
5578,50,641999567728974102,0,34,34,184,5,3,3,7
5579,50,-7309163923024588299,0,15,15,186,1,5,4,11
5580,50,8224354332527386185,0,42,42,178,5,4,3,9
5581,50,1018480989667863224,0,34,34,205,5,5,4,13
5582,50,3256216823536446309,0,27,27,189,2,3,2,6
5583,50,-6188348850245202245,0,8,8,201,1,8,4,13
5584,50,7173113776923331691,0,16,16,192,1,5,2,16
5585,50,-4681747411543063339,0,30,30,203,1,6,2,14
5586,50,-1560535847458000267,0,25,25,195,1,2,1,3
5587,50,-7589496916981015020,0,24,24,177,1,5,3,17
5588,50,2195553104097945539,0,28,28,179,1,6,3,9
5589,50,336400940790946288,0,28,28,194,2,8,4,14
5590,50,-9049054022870666990,0,27,27,192,1,3,1,10
5591,50,-5556137518433723966,0,26,26,187,2,4,2,9
5592,50,612309202362839092,0,33,33,198,1,4,1,10
5593,50,2253070402896926582,0,33,33,190,1,5,3,11
5594,50,-858229313015276579,0,20,20,178,5,4,2,11
5595,50,-140324050608745601,0,40,40,183,2,7,4,17
5596,50,262616721790361786,0,30,30,188,1,9,5,21
5597,50,-1335357168409039349,0,32,32,193,3,4,2,7
5598,50,3252061767269220295,0,20,20,181,2,5,3,9
5599,50,-3411240095988965513,0,26,26,190,1,4,2,9
5600,50,1024789133695761889,0,31,31,178,1,3,2,9
5601,50,8742429526073263109,0,21,21,175,3,8,5,28
5602,50,6527057059519035546,0,27,27,183,2,6,3,18
5603,50,8998242274587324108,0,37,37,195,2,8,4,23
5604,50,265199930948088908,0,34,34,189,7,5,3,9
5605,50,-6049826363957413905,0,34,34,201,1,4,1,10
5606,50,-6290439763620432016,0,38,38,175,2,7,5,16
5607,50,-1822843008636077551,0,31,31,190,4,3,1,5
5608,50,-8021877975860852944,0,25,25,187,2,7,4,21
5609,50,4145057943603049224,0,35,35,184,2,4,2,8
5610,50,2820880658916563258,0,40,40,191,2,6,4,13
5611,50,-2008873961112126512,0,30,30,191,3,7,5,10
5612,50,-5559170521055768874,0,26,26,175,1,3,1,11
5613,50,2672563360734579649,0,35,35,182,2,3,2,6
5614,50,-1157060819415397062,0,22,22,176,6,3,3,8
5615,50,5305258751120210692,0,27,27,187,3,6,3,12
5616,50,-1503708172471531748,0,16,16,184,6,2,1,8
5617,50,6404540907718031427,0,36,36,185,3,7,4,19
5618,50,2463304582008114057,0,29,29,197,2,4,2,10
5619,50,-2028061731340147297,0,32,32,191,6,5,3,17
5620,50,-6954824191402693131,0,28,28,180,1,7,4,14
5621,50,-6209589454713663257,0,39,39,186,2,3,2,10
5622,50,-4929981655144883310,0,34,34,186,1,10,7,21
5623,50,4847023264319978246,0,31,31,188,5,6,4,13
5624,50,535996570513895908,0,11,11,185,2,4,2,8
5625,50,5345782280822366907,0,32,32,188,5,3,2,8
5626,50,-2434461344818107755,0,29,29,199,3,5,3,14
5627,50,3100902825731901072,0,37,37,192,1,4,2,11
5628,50,7269917304519520389,0,31,31,184,2,4,2,13
5629,50,2094288501019660804,0,30,30,182,3,5,2,10
5630,50,-7338666070217100763,0,26,26,186,2,3,1,10
5631,50,-6295081915108005366,0,21,21,194,3,6,2,12
5632,50,4099067075516269829,0,27,27,189,2,4,2,9
5633,50,-7684396193902883658,0,44,44,192,3,4,2,11
5634,50,-1957622276453159254,0,36,36,194,3,2,1,4
5635,50,6184265628413212725,0,22,22,179,1,6,5,16
5636,50,-7316823958258129243,0,13,13,187,1,3,1,5
5637,50,-3813304690169606914,0,33,33,201,4,3,1,8
5638,50,163126479132960224,0,28,28,188,3,8,6,23
5639,50,783985608060165959,0,37,37,189,3,2,1,6
5640,50,-3189333387267532998,0,38,38,188,1,4,2,12
5641,50,4181945902684400569,0,24,24,173,1,5,3,12
5642,50,5083484151152983382,0,22,22,200,3,6,4,15
5643,50,6012224187613979494,0,28,28,182,2,3,1,8
5644,50,-1163136778616233552,0,37,37,183,4,4,2,10
5645,50,3258380451917185786,0,6,6,179,3,8,6,15
5646,50,-4594282622694432528,0,27,27,178,1,7,2,22
5647,50,5492329253714438448,0,34,34,181,1,3,1,10
5648,50,-980035349304137598,0,20,20,200,2,4,3,10
5649,50,3637355087213535368,0,9,9,188,4,3,2,11
5650,50,1045920517810452838,0,20,20,186,2,5,1,10
5651,50,3204796710880022582,0,5,5,192,1,6,2,10
5652,50,533707191381378116,0,30,30,193,5,8,6,22
5653,50,1317927034634553437,0,41,41,183,3,6,2,15
5654,50,6932266860353663683,0,33,33,183,5,3,2,7
5655,50,-6775788171280196228,0,21,21,184,1,2,1,8
5656,50,1816549821121901082,0,28,28,191,2,7,4,20
5657,50,-5786804503351834840,0,23,23,188,2,3,1,9
5658,50,6568536159677518566,0,47,47,194,3,5,3,16
5659,50,5966736368777901563,0,44,44,185,4,3,2,12
5660,50,-2336932388593479106,0,23,23,189,4,11,7,31
5661,50,-1966385967267031860,0,28,28,192,2,5,3,16
5662,50,8466223009595940868,0,41,41,187,2,4,1,10
5663,50,5512017847903021344,0,28,28,192,4,5,3,8
5664,50,-6204096969026275714,0,30,30,184,3,3,2,8
5665,50,-1740543161881065761,0,18,18,182,4,5,4,14
5666,50,2066080514772850468,0,28,28,184,1,7,3,15
5667,50,-2022694257917998262,0,28,28,179,3,4,3,11
5668,50,-2551110810810384197,0,18,18,189,1,6,4,15
5669,50,535250262581105452,0,23,23,183,2,4,1,16
5670,50,-2269756181628767582,0,43,43,178,8,3,3,7
5671,50,-8195214681185296305,0,38,38,182,2,3,1,9
5672,50,6317776585720516971,0,40,40,183,1,3,1,11
5673,50,-8074681007699140047,0,31,31,199,4,3,2,6
5674,50,-5012052143015886676,0,28,28,183,2,5,2,11
5675,50,-8726890655624276488,0,37,37,196,2,7,4,14
5676,50,-4373075351542397417,0,42,42,193,4,6,3,13
5677,50,-9036272601757961822,0,33,33,181,1,3,1,8
5678,50,8351761845661944264,0,26,26,190,2,4,1,7
5679,50,-6134282417188417920,0,47,47,200,1,7,5,23
5680,50,932546623271143390,0,43,43,187,4,2,1,5
5681,50,6467783980127848164,0,31,31,181,5,5,3,12
5682,50,2329310185411938124,0,18,18,186,1,9,5,17
5683,50,-3554037096712406247,0,24,24,172,6,2,1,3
5684,50,3893066132971973104,0,32,32,190,8,3,2,6
5685,50,8720981240117080467,0,25,25,185,1,6,4,13
5686,50,-7330512092700481051,0,33,33,183,7,2,2,8
5687,50,-645593250083797401,0,27,27,202,8,2,1,4
5688,50,-888641352753539051,0,31,31,176,2,4,3,7
5689,50,1084817478053567996,0,19,19,191,3,6,4,13
5690,50,-804758036535775215,0,30,30,184,5,2,1,4
5691,50,5343881092068298498,0,18,18,193,2,6,5,13
5692,50,-8891130320413403868,0,40,40,180,9,3,3,6
5693,50,2262878748882483107,0,25,25,183,6,2,2,2
5694,50,-2517818019038999388,0,31,31,179,3,8,6,25
5695,50,4809551363296096761,0,31,31,194,4,3,1,7
5696,50,-7969399702752523892,0,30,30,183,3,2,1,2
5697,50,2524843847965809599,0,39,39,187,1,9,4,14
5698,50,-489408925672432313,0,26,26,184,1,9,5,16
5699,50,-6158768898587351734,0,36,36,201,2,7,5,14
5700,50,-2256331168202300978,0,31,31,192,4,3,2,10
5701,50,3332949923593722809,0,26,26,200,2,5,2,11
5702,50,7928293512495984884,0,32,32,184,1,6,3,17
5703,50,2756153408437477995,0,28,28,191,1,7,3,18
5704,50,2876405070725627136,0,24,24,178,1,6,2,21
5705,50,-3234799734555111503,0,37,37,193,1,5,2,17
5706,50,-3141821548999303556,0,38,38,192,3,7,5,20
5707,50,-6250726404534181692,0,33,33,194,1,4,2,8
5708,50,5114828847700405068,0,42,42,186,3,5,3,13
5709,50,554948831907510521,0,23,23,196,2,8,4,19
5710,50,1441635793937492737,0,33,33,201,4,5,2,10
5711,50,-345508517365784526,0,31,31,181,4,4,3,4
5712,50,-3782954254388839313,0,33,33,185,3,4,2,10
5713,50,3447789755421521048,0,32,32,195,4,5,4,11
5714,50,-3898315151266152324,0,23,23,196,2,9,5,24
5715,50,-7597906555308555386,0,23,23,196,1,4,1,10
5716,50,-5850393650773139910,0,35,35,185,2,4,2,9
5717,50,718558619755281864,0,30,30,187,1,4,2,10
5718,50,2023438257053479992,0,18,18,190,1,8,4,16
5719,50,-8447587824426190076,0,34,34,201,2,7,3,16
5720,50,-2314450885120881900,0,26,26,183,4,8,6,15
5721,50,-6391392621636714376,0,22,22,175,2,3,1,6
5722,50,2126387901877099861,0,37,37,183,6,9,7,23
5723,50,-5086325161712894235,0,25,25,182,2,3,1,8
5724,50,5814466682723043447,0,26,26,188,7,3,2,13
5725,50,-4059009791447778358,0,39,39,193,3,5,3,12
5726,50,3469782694606142278,0,13,13,188,2,6,4,18
5727,50,-5065135639670548011,0,39,39,188,2,2,1,3
5728,50,-1383445553021782673,0,31,31,187,5,2,1,8
5729,50,-1620968996450077546,0,39,39,194,5,2,1,5
5730,50,2663295169768713299,0,35,35,182,3,2,1,5
5731,50,-1582248737033501835,0,37,37,184,5,2,2,6
5732,50,1522653395691497758,0,40,40,185,1,5,3,11
5733,50,2220768180851210214,0,42,42,187,4,2,1,4
5734,50,3739996958128010264,0,39,39,185,3,5,2,14
5735,50,-4931385771641353510,0,36,36,196,3,5,3,13
5736,50,-343624914613903046,0,42,42,188,1,5,1,9
5737,50,4631946738335018360,0,37,37,184,1,7,4,13
5738,50,5220648995275002372,0,10,10,182,5,5,3,12
5739,50,1148628023677096204,0,28,28,199,2,2,1,3
5740,50,8972020732173648013,0,28,28,192,2,5,2,14
5741,50,7470290073850083903,0,31,31,185,6,2,1,6
5742,50,-8565103818005960741,0,29,29,176,7,3,2,4
5743,50,-7653585889752116344,0,39,39,197,3,11,7,26
5744,50,-1425413376482665100,0,43,43,188,1,3,1,7
5745,50,-5526027584057855262,0,44,44,192,1,7,4,14
5746,50,8291024303473717301,0,17,17,201,2,10,5,20
5747,50,7812164621405095615,0,40,40,193,3,8,4,22
5748,50,-7987585879294861215,0,29,29,175,1,3,2,10
5749,50,3766824573419216444,0,34,34,183,2,6,5,9
5750,50,6666608481080034556,0,29,29,193,1,5,2,11
5751,50,-294809170443059051,0,25,25,191,1,9,7,26
5752,50,8818311997311726170,0,34,34,182,4,2,1,5
5753,50,-7965361645356578854,0,29,29,185,1,6,3,16
5754,50,-5471888727490693646,0,26,26,180,1,3,1,6
5755,50,-2692209866257992990,0,32,32,184,5,3,3,8
5756,50,-5441786173961290889,0,21,21,192,1,4,2,9
5757,50,6472139113958531712,0,29,29,183,3,2,1,4
5758,50,-2614961257933344983,0,40,40,179,4,2,1,5
5759,50,-3621541993576516108,0,27,27,181,5,4,2,8
5760,50,-2952124798854811289,0,33,33,192,1,3,2,9
5761,50,4061814771688569508,0,29,29,194,5,3,2,11
5762,50,1305472736565030793,0,31,31,197,1,4,2,13
5763,50,7941551552023520012,0,34,34,182,1,15,12,38
5764,50,6368698777570293228,0,29,29,187,3,3,1,6
5765,50,4376121504773683441,0,43,43,176,1,5,2,9
5766,50,8494449094816894797,0,22,22,192,1,6,3,16
5767,50,-4571204787787874596,0,24,24,188,2,9,6,25
5768,50,1439062749088417114,0,43,43,187,5,4,2,8
5769,50,3698778407046460614,0,28,28,189,1,7,4,25
5770,50,-3360141246632978810,0,34,34,185,5,8,5,15
5771,50,1819791109734102031,0,37,37,187,2,4,2,13
5772,50,-745246640412314340,0,33,33,184,3,5,4,9
5773,50,-7454369039047108939,0,41,41,194,5,9,7,22
5774,50,-8673276024665857129,0,29,29,181,5,7,5,20
5775,50,-263702535943234111,0,33,33,188,2,5,3,15
5776,50,-3827356782218395088,0,43,43,188,1,5,2,9
5777,50,749532175732361988,0,24,24,189,1,5,2,12
5778,50,-5950378286346493513,0,38,38,181,1,4,2,6
5779,50,4828217917467173379,0,32,32,190,4,3,1,11
5780,50,-3413684274779295834,0,20,20,193,6,4,3,10
5781,50,4363827154096538671,0,47,47,198,1,6,4,8
5782,50,1389099346080173938,0,23,23,186,2,6,3,9
5783,50,-5334534009702409127,0,40,40,180,7,5,3,16
5784,50,-5519315040583092956,0,43,43,191,2,11,7,25
5785,50,6543005162562751844,0,44,44,195,3,3,2,5
5786,50,-4019766056930372312,0,24,24,182,3,4,3,10
5787,50,8641901163731654715,0,22,22,180,2,4,2,4
5788,50,6693164136773287269,0,36,36,195,2,8,5,25
5789,50,8516679503350590725,0,24,24,186,3,5,2,13
5790,50,7389319514575858573,0,34,34,181,6,3,2,10
5791,50,1117488697053404055,0,18,18,194,3,3,1,7
5792,50,1787182546173031605,0,26,26,189,5,8,6,14
5793,50,1266351025356920618,0,31,31,190,7,3,1,10
5794,50,5676638354873618983,0,49,49,189,4,2,1,7
5795,50,-7179630306534784691,0,28,28,185,2,8,4,18
5796,50,5851461044647176055,0,27,27,194,1,5,1,11
5797,50,2463646926873751580,0,38,38,194,2,4,1,7
5798,50,-3554346955783514668,0,42,42,189,1,4,1,8
5799,50,-4074384094548548686,0,25,25,182,2,5,2,11
5800,50,6941254704569397407,0,36,36,194,5,3,1,5
5801,50,-2197494859481293093,0,37,37,199,3,5,3,11
5802,50,1505711266435278657,0,26,26,170,6,3,2,6
5803,50,5378575053051352846,0,41,41,188,6,5,4,10
5804,50,-4860535829249509319,0,26,26,186,1,14,9,31
5805,50,-7094838350889390182,0,10,10,187,1,9,5,13
5806,50,-4910271339426725517,0,30,30,182,1,7,4,14
5807,50,-9221631117833767906,0,36,36,186,5,3,1,7
5808,50,1238677900176884192,0,29,29,180,9,2,2,8
5809,50,5570941536230999613,0,39,39,187,4,6,3,15
5810,50,-6295268474627579838,0,38,38,183,3,3,1,11
5811,50,5028488147619426962,0,44,44,188,1,2,1,3
5812,50,-5963196850319799481,0,35,35,170,3,3,1,10
5813,50,1093094400528736482,0,26,26,182,3,6,3,14
5814,50,-783280183567202599,0,28,28,181,2,3,2,5
5815,50,-6382061631115783280,0,41,41,183,1,9,7,21
5816,50,1092461519999990452,0,16,16,195,2,4,1,10
5817,50,-2369838151240340907,0,47,47,178,1,8,6,23
5818,50,-7004469158875015624,0,36,36,186,4,3,2,4
5819,50,3001268992837721135,0,29,29,190,1,4,2,8
5820,50,4274102895135104384,0,40,40,187,2,3,1,5
5821,50,-4365608390381871974,0,35,35,188,2,4,1,11
5822,50,-4783466789131390030,0,42,42,172,3,6,3,16
5823,50,5347930151391289341,0,27,27,181,5,5,3,16
5824,50,-515375610372245864,0,23,23,180,5,5,4,9
5825,50,7358878630574191463,0,37,37,170,2,2,1,5
5826,50,1816847312846126959,0,41,41,180,3,4,2,7
5827,50,-4492777074109195398,0,21,21,190,3,4,2,8
5828,50,498165081075637503,0,27,27,180,2,2,1,3
5829,50,-7908845780308169049,0,23,23,180,4,5,2,14
5830,50,876925579566553835,0,17,17,196,2,5,2,11
5831,50,6382115672862662299,0,22,22,191,2,4,2,8
5832,50,-2696052536164963766,0,33,33,191,2,7,3,20
5833,50,6029195523649676536,0,8,8,189,2,5,2,20
5834,50,-4034862335491375243,0,43,43,190,1,6,3,12
5835,50,-5840818204320315576,0,38,38,177,7,5,4,12
5836,50,8929604987734161698,0,9,9,189,2,6,3,14
5837,50,-8556952266245183954,0,44,44,189,1,9,6,14
5838,50,3920926829047981233,0,33,33,182,2,6,4,18
5839,50,2857996501290830813,0,40,40,186,1,5,1,15
5840,50,-6414997835999251514,0,36,36,184,3,8,6,23
5841,50,-8039976185052402226,0,21,21,191,1,6,4,12
5842,50,-1827001822241638633,0,12,12,189,1,9,6,15
5843,50,5128032880585184685,0,26,26,181,2,5,2,14
5844,50,7760133900121731718,0,46,46,174,3,11,9,31
5845,50,5938685403795334547,0,18,18,181,1,10,7,24
5846,50,-5752717036922118543,0,20,20,187,2,8,4,20
5847,50,4036492360445553530,0,25,25,195,3,3,1,8
5848,50,2742880772694878793,0,24,24,184,2,3,1,10
5849,50,7127642096031381485,0,28,28,197,1,9,6,12
5850,50,-722107055048797087,0,14,14,187,1,5,2,12
5851,50,-3121754935498560513,0,30,30,185,3,3,1,8
5852,50,-3609082696543327480,0,36,36,188,1,4,2,11
5853,50,1199198560221295229,0,36,36,178,2,4,2,11
5854,50,-4593587073515566375,0,32,32,192,6,4,3,16
5855,50,-8511810710859261850,0,29,29,191,1,9,5,25
5856,50,5489044677671136848,0,28,28,204,1,6,3,20
5857,50,4636176540423944347,0,30,30,186,3,5,3,18
5858,50,3754408092343575201,0,36,36,192,2,10,8,23
5859,50,-6823351844464464174,0,19,19,193,1,4,2,8
5860,50,-5070684738227882556,0,32,32,182,5,2,1,4
5861,50,-6122735963896953392,0,23,23,179,4,7,4,21
5862,50,5456059665736462804,0,38,38,187,3,7,3,14
5863,50,618502906011587799,0,27,27,183,4,5,3,11
5864,50,2979809089893562777,0,40,40,190,4,9,7,15
5865,50,-6875444605011984292,0,34,34,183,4,4,2,10
5866,50,1379590863898794595,0,12,12,189,3,9,6,15
5867,50,8404293530180981245,0,22,22,187,2,5,3,10
5868,50,-1772586007807252711,0,37,37,192,1,7,3,14
5869,50,-4615777808599508047,0,27,27,194,4,5,2,17
5870,50,1760174618926067856,0,29,29,179,7,4,2,9
5871,50,-3026060336120128960,0,26,26,188,1,4,3,11
5872,50,-2127468215812231392,0,41,41,180,4,4,2,7
5873,50,3354461685743241974,0,33,33,180,4,5,4,13
5874,50,3454011626350604661,0,36,36,210,1,5,2,10
5875,50,7981512221027035283,0,37,37,181,1,8,5,16
5876,50,5591164310297765026,0,38,38,194,1,4,2,11
5877,50,-5128304797664656507,0,34,34,175,7,2,1,4
5878,50,2885564118019508603,0,10,10,191,1,7,3,13
5879,50,9146576410915055960,0,39,39,197,1,4,2,9
5880,50,7277420261373979427,0,38,38,187,1,4,2,8
5881,50,-1315439574148558995,0,33,33,186,3,3,1,4
5882,50,-8535032157657437469,0,29,29,182,1,4,2,14
5883,50,7540996222009390313,0,21,21,183,3,5,3,12
5884,50,-6353788540769307331,0,32,32,192,8,4,3,9
5885,50,-5201639496654606352,0,32,32,179,3,4,3,6
5886,50,895071717753156672,0,1,1,185,2,6,3,10
5887,50,7028128529780152851,0,42,42,187,4,5,3,13
5888,50,-4156370971065691362,0,31,31,192,3,4,2,10
5889,50,3321915364412837894,0,39,39,182,2,6,3,17
5890,50,-375183533745264901,0,39,39,189,2,5,3,19
5891,50,4820301096504227990,0,25,25,175,2,3,2,9
5892,50,-393907892915023609,0,37,37,186,3,6,4,19
5893,50,6343755837711566553,0,35,35,192,1,7,3,19
5894,50,6222869802415009230,0,27,27,178,1,7,4,16
5895,50,-3545901147941524570,0,14,14,189,2,9,6,19
5896,50,9211630183064036814,0,36,36,193,2,6,4,11
5897,50,7430177257681267271,0,30,30,180,3,4,2,11
5898,50,3926785016953811786,0,11,11,190,2,6,3,13
5899,50,-3740823645320788883,0,28,28,187,1,3,1,11
5900,50,7184814408737108317,0,19,19,186,3,5,3,10
5901,50,8776398808242041187,0,38,38,187,1,6,3,16
5902,50,9207262445886310481,0,38,38,192,2,3,2,10
5903,50,-5766553609742134138,0,33,33,177,4,3,2,6
5904,50,-534468571973711055,0,35,35,186,4,9,5,27
5905,50,5995806966462162677,0,27,27,186,5,1,1,4
5906,50,-4051427481869051236,0,23,23,178,9,1,1,2
5907,50,2857422488661231748,0,45,45,195,1,3,2,8
5908,50,-3909690444684926757,0,43,43,192,2,5,3,12
5909,50,-7824345787563299851,0,32,32,181,5,4,3,9
5910,50,-990519350977610954,0,21,21,188,2,4,1,8
5911,50,-5107242371975015831,0,12,12,183,4,4,2,11
5912,50,975578121478988930,0,15,15,186,6,1,1,2
5913,50,-1990295421733811693,0,25,25,188,1,3,1,5
5914,50,-2943561183005494018,0,40,40,179,1,5,3,13
5915,50,-2432828311844232145,0,29,29,187,1,3,1,10
5916,50,4138095473591454560,0,29,29,190,2,4,1,9
5917,50,4604283728265664050,0,41,41,187,1,7,5,16
5918,50,791196266368152362,0,34,34,180,6,4,3,8
5919,50,8182101092953438787,0,34,34,192,6,3,2,5
5920,50,-8532811026726101951,0,21,21,184,2,3,1,10
5921,50,-1505769472041901335,0,10,10,194,1,6,3,14
5922,50,-5364904119215818817,0,24,24,176,8,4,3,12
5923,50,40056611110942212,0,40,40,187,1,4,1,8
5924,50,295946792365624839,0,36,36,195,3,3,1,12
5925,50,313089947215495937,0,26,26,201,1,6,4,16
5926,50,4401446937344369178,0,35,35,180,2,4,3,12
5927,50,-7252985230681880503,0,34,34,183,3,5,2,11
5928,50,-4750330515642681816,0,32,32,185,2,5,2,10
5929,50,-8609917668386366470,0,30,30,181,3,4,2,8
5930,50,7941329488689448298,0,35,35,177,1,5,2,11
5931,50,418863201170074584,0,17,17,190,1,8,4,17
5932,50,-1228650002301794514,0,26,26,200,2,7,4,20
5933,50,-8852972368149706619,0,29,29,190,2,4,2,8
5934,50,-5523256793427439821,0,40,40,183,2,5,3,12
5935,50,-4401891958413938704,0,25,25,192,5,8,5,10
5936,50,-5974746288851116234,0,33,33,193,2,8,6,17
5937,50,-4263150581351625973,0,31,31,190,4,4,1,8
5938,50,-2271124315505934900,0,31,31,188,3,6,4,12
5939,50,5664248043512599232,0,35,35,192,3,5,2,12
5940,50,314981203168683634,0,39,39,184,2,7,4,19
5941,50,-6637083010928930779,0,31,31,196,3,4,1,9
5942,50,1321910339190957794,0,38,38,185,6,1,1,4
5943,50,-35293570323403795,0,28,28,189,3,4,2,8
5944,50,8520805730354757031,0,32,32,189,1,6,3,17
5945,50,-2082358991097118431,0,41,41,192,5,3,2,7
5946,50,2486549264536604147,0,27,27,184,3,5,3,11
5947,50,8456696844450965264,0,28,28,185,1,5,3,12
5948,50,-2838827490877096784,0,26,26,194,2,4,2,9
5949,50,4550342765384656516,0,29,29,186,4,4,2,8
5950,50,4317182528405867220,0,32,32,183,2,6,3,17
5951,50,3301577570729102902,0,17,17,188,4,6,3,19
5952,50,-626820401121935111,0,32,32,182,1,6,3,16
5953,50,5411957767689165443,0,33,33,186,2,6,3,19
5954,50,3299591756371902508,0,25,25,198,3,4,1,9
5955,50,-3079764163119930274,0,35,35,180,2,4,3,5
5956,50,5936857980468923396,0,26,26,188,1,3,1,8
5957,50,-8295408080593925240,0,37,37,192,4,3,2,11
5958,50,3824099549379027446,0,31,31,190,3,3,2,6
5959,50,3279235565358157823,0,21,21,194,1,8,4,13
5960,50,-3372570522421562905,0,28,28,180,2,3,2,9
5961,50,2497318285309710003,0,26,26,186,3,7,4,13
5962,50,1633328488669023235,0,34,34,184,1,7,4,14
5963,50,-1101114561315121793,0,26,26,182,1,5,3,14
5964,50,5248455811863959500,0,30,30,195,6,6,5,15
5965,50,5239377136516481622,0,30,30,188,4,3,2,6
5966,50,-8121368777840269195,0,35,35,189,2,5,3,18
5967,50,-1524879650601983556,0,29,29,201,1,5,2,17
5968,50,4821776198619284081,0,33,33,192,2,5,4,12
5969,50,-1219792957098246024,0,40,40,183,5,5,2,9
5970,50,5739915147037156934,0,38,38,193,1,6,3,14
5971,50,-6892165225687391097,0,31,31,183,2,8,4,19
5972,50,-8690777396001885018,0,27,27,180,3,3,1,8
5973,50,3383201487141790035,0,29,29,180,2,2,1,5
5974,50,-706500890221264961,0,25,25,185,3,5,3,13
5975,50,4414170531245636389,0,36,36,183,2,3,2,5
5976,50,-8438570299186586159,0,18,18,191,4,4,2,8
5977,50,-2886285160158622249,0,28,28,191,2,4,1,11
5978,50,-5064478343081586431,0,41,41,187,4,3,2,8
5979,50,3708347777464019661,0,21,21,185,5,3,2,9
5980,50,646420275825285229,0,20,20,182,5,4,3,11
5981,50,9032573385295274533,0,23,23,179,4,5,3,8
5982,50,-4425018952121270657,0,24,24,193,4,2,1,4
5983,50,-2014726355869095124,0,41,41,185,1,3,1,8
5984,50,-4606108586462594938,0,32,32,202,1,9,3,21
5985,50,7218834226163097620,0,41,41,199,6,7,4,14
5986,50,-9052780516093826174,0,40,40,191,1,8,5,16
5987,50,-1509177390466957085,0,24,24,197,1,4,2,10
5988,50,8879554352451594814,0,40,40,177,3,5,4,7
5989,50,8261858498000630191,0,26,26,191,3,5,2,11
5990,50,-5479763430037897052,0,28,28,190,3,4,3,12
5991,50,3019669025921198088,0,11,11,191,3,2,1,7
5992,50,6028421411968639052,0,13,13,195,3,5,3,9
5993,50,-3869614768804987980,0,20,20,184,1,5,3,13
5994,50,1205643034402406997,0,39,39,182,4,4,3,12
5995,50,8672107463464750753,0,33,33,177,1,4,1,15
5996,50,6554253854189064824,0,41,41,177,3,7,4,14
5997,50,425420946791219223,0,27,27,187,2,6,4,14
5998,50,3549858402805643098,0,35,35,179,4,6,4,21
5999,50,-526513630548074708,0,40,40,187,4,7,4,16
6000,50,-6022940072571450336,0,29,29,175,8,3,2,10
6001,50,3241626171911491709,0,21,21,179,1,3,1,10
6002,50,-9047192601660858552,0,45,45,187,1,2,1,6
6003,50,7481146213949971226,0,45,45,194,5,4,2,10
6004,50,4225726992295479991,0,39,39,178,7,1,1,3
6005,50,5656838000150106306,0,42,42,190,5,4,2,6
6006,50,-5602380795243874035,0,17,17,193,4,2,1,6
6007,50,7351075766793880911,0,33,33,189,5,3,2,9
6008,50,-8309067151871169472,0,33,33,187,5,5,4,16
6009,50,6697247729812490611,0,41,41,197,1,6,2,14
6010,50,8752662470461888872,0,37,37,181,3,4,2,11
6011,50,-6790826980971062108,0,35,35,190,1,10,6,19
6012,50,298573813087268311,0,31,31,191,4,5,4,16
6013,50,6202354885239507540,0,21,21,179,2,3,1,7
6014,50,3604092753521332588,0,45,45,192,1,8,4,14
6015,50,141196078952998502,0,30,30,165,5,3,2,10
6016,50,3750048508065397288,0,27,27,188,2,3,1,10
6017,50,-506893996651651876,0,28,28,190,3,3,1,5
6018,50,4307839254842483969,0,2,2,178,5,3,2,5
6019,50,7589342256148957396,0,33,33,179,3,5,3,15
6020,50,5081655288706107382,0,35,35,185,2,3,2,4
6021,50,5551617375142971060,0,22,22,181,3,6,4,15
6022,50,-3742831403228933789,0,17,17,192,4,3,1,6
6023,50,8126089596494804388,0,20,20,188,2,6,4,16
6024,50,7891824851725486230,0,41,41,196,4,8,5,16
6025,50,382973202358869052,0,33,33,192,2,3,1,10
6026,50,7349118552813495201,0,20,20,190,2,5,3,15
6027,50,-8996937429154634626,0,16,16,183,1,4,2,9
6028,50,-2232524512193517967,0,35,35,186,1,3,1,6
6029,50,6558780202134741766,0,19,19,185,2,10,8,21
6030,50,-1968863247092883681,0,38,38,194,1,6,4,14
6031,50,1771905493738773887,0,22,22,188,1,7,3,15
6032,50,-319377141223206010,0,43,43,194,2,5,3,16
6033,50,6005431973708366937,0,31,31,185,1,6,4,19
6034,50,-5636478950686116843,0,42,42,188,4,4,3,6
6035,50,7811288638193669048,0,31,31,179,4,8,6,17
6036,50,-7194875431908939803,0,34,34,189,5,3,1,6
6037,50,-8940063617559146577,0,34,34,180,2,3,1,8
6038,50,9063525247460247053,0,32,32,186,3,4,1,11
6039,50,-1429151611259744339,0,26,26,195,6,5,2,12
6040,50,1338760075183902773,0,32,32,187,1,8,4,15
6041,50,5936189564243660087,0,18,18,185,5,6,4,16
6042,50,-7976287569320852887,0,31,31,189,1,4,2,9
6043,50,-3785095417563354665,0,34,34,194,4,5,3,16
6044,50,-9080853187883873233,0,21,21,182,5,5,4,12
6045,50,6551242875980308564,0,21,21,194,1,5,2,11
6046,50,-7416189910478158118,0,26,26,189,1,7,5,20
6047,50,-7233113440702638814,0,22,22,193,4,3,1,10
6048,50,-3235347881911419616,0,23,23,185,3,2,1,4
6049,50,2515333520061020700,0,25,25,198,6,7,5,15
6050,50,-6884332419548194838,0,31,31,181,3,6,3,14
6051,50,-9005805847662069392,0,21,21,190,3,5,2,14
6052,50,466753568900580459,0,34,34,198,3,6,3,10
6053,50,8935201837739662297,0,30,30,189,2,10,7,24
6054,50,-3987869354047428749,0,36,36,192,3,4,1,11
6055,50,-5461928484298318317,0,35,35,184,6,4,3,12
6056,50,-816910871635135995,0,40,40,183,2,3,1,7
6057,50,357480572544838028,0,39,39,197,3,6,3,12
6058,50,3242986631448046374,0,37,37,183,6,3,3,7
6059,50,1201647710377682007,0,18,18,191,4,4,2,8
6060,50,5842837653001339639,0,37,37,192,1,6,2,14
6061,50,397958588526546021,0,34,34,193,2,5,3,10
6062,50,5689227290174751494,0,25,25,197,7,3,2,7
6063,50,8651604365332402678,0,5,5,193,2,8,4,23
6064,50,1315738244212764640,0,30,30,185,5,2,2,2
6065,50,8851432779059307852,0,23,23,195,3,6,2,13
6066,50,6242363633024774122,0,38,38,187,4,4,2,10
6067,50,2319383336805034914,0,32,32,184,1,7,4,18
6068,50,4061604803457747824,0,20,20,196,2,3,2,6
6069,50,-8478760739115495588,0,28,28,182,4,2,1,7
6070,50,8007475969672960510,0,34,34,191,2,6,5,13
6071,50,8580399754885734270,0,28,28,191,3,2,1,6
6072,50,5293506936209961198,0,33,33,188,8,2,2,6
6073,50,-5112823548250869150,0,41,41,184,1,4,2,15
6074,50,-8655467957461358782,0,36,36,187,3,8,3,19
6075,50,8942055073962639269,0,36,36,176,2,6,3,17
6076,50,-4552349142305406285,0,29,29,193,2,6,2,15
6077,50,3873767741101679970,0,38,38,188,8,2,2,6
6078,50,-3545182974805548534,0,30,30,193,1,11,7,21
6079,50,3575071943519849634,0,41,41,209,1,5,3,8
6080,50,2102694895883843757,0,32,32,175,6,1,1,2
6081,50,4360906623243919634,0,21,21,196,3,4,1,13
6082,50,5259256394955337596,0,21,21,190,2,4,1,9
6083,50,-4256377094228127754,0,34,34,188,8,5,4,9
6084,50,3448439991940464349,0,38,38,200,1,7,3,16
6085,50,1897294392773771870,0,41,41,191,7,4,3,9
6086,50,736455396180497941,0,39,39,197,3,2,1,8
6087,50,5649048709581473430,0,19,19,182,4,4,3,12
6088,50,-3670523209585826855,0,28,28,188,6,4,3,11
6089,50,-6909084901101331230,0,30,30,180,2,4,3,10
6090,50,-5939559041923410908,0,32,32,187,2,5,2,14
6091,50,-7499633015477609622,0,36,36,179,9,1,1,3
6092,50,277640674313557835,0,31,31,204,2,7,4,10
6093,50,-1997807674369614477,0,21,21,198,1,3,1,8
6094,50,-2610033934665513394,0,36,36,196,1,7,3,14
6095,50,3194109769095918031,0,28,28,183,3,5,3,10
6096,50,-7888496203690182544,0,45,45,175,5,9,7,20
6097,50,746766354653527191,0,34,34,186,5,1,1,3
6098,50,-2430892995208045048,0,31,31,191,3,7,4,13
6099,50,1024684111220867094,0,45,45,181,2,7,5,11
6100,50,7092087471114351769,0,27,27,185,5,4,3,7
6101,50,7550196823803035911,0,37,37,185,2,5,3,14
6102,50,8642982641460979744,0,43,43,190,3,8,4,19
6103,50,-2784899649921435133,0,34,34,199,4,3,1,9
6104,50,8391050150612727213,0,32,32,184,1,7,4,17
6105,50,-3712957399403015628,0,31,31,179,2,6,2,11
6106,50,9165079774805828405,0,30,30,184,3,4,1,9
6107,50,-4781555179704087730,0,27,27,201,1,5,2,11
6108,50,-3619219691993816922,0,39,39,184,1,6,3,12
6109,50,-3817848731780932928,0,39,39,186,1,4,3,6
6110,50,-101941874766305734,0,29,29,191,2,4,2,7
6111,50,-5236440210303032794,0,42,42,188,1,5,3,10
6112,50,-6738367592603458545,0,34,34,178,1,11,7,36
6113,50,837966096474356480,0,36,36,179,2,3,1,7
6114,50,-838467455639546121,0,35,35,190,3,3,2,5
6115,50,-6634785559311791703,0,42,42,188,3,4,2,13
6116,50,3619269924541929101,0,45,45,184,3,7,4,18
6117,50,3453797192164936577,0,17,17,190,1,8,6,17
6118,50,2497712100847235208,0,36,36,199,2,4,2,12
6119,50,6335643682029900908,0,40,40,177,1,4,1,12
6120,50,-8572939182881741485,0,34,34,190,3,8,4,15
6121,50,-8247751241206222976,0,33,33,187,2,7,4,17
6122,50,-4254332958510065188,0,19,19,186,3,6,3,14
6123,50,-6521857492107471111,0,33,33,183,1,6,2,16
6124,50,-7142507210122620244,0,35,35,200,1,3,1,7
6125,50,4165033527949408112,0,34,34,184,4,5,4,11
6126,50,7590649189619223607,0,32,32,178,4,3,1,8
6127,50,6377683823842538060,0,39,39,180,7,2,2,8
6128,50,1066364692074103925,0,29,29,198,3,6,4,9
6129,50,89664399738573688,0,30,30,184,2,6,3,15
6130,50,-7026713125139969616,0,29,29,186,3,4,2,11
6131,50,-8592875104488001962,0,43,43,191,2,8,5,13
6132,50,3198240677914223263,0,35,35,201,6,3,2,7
6133,50,-4283040132294552077,0,37,37,183,1,5,3,14
6134,50,-6811441208683584588,0,31,31,185,1,6,2,12
6135,50,5121856833544545403,0,20,20,183,1,5,3,14
6136,50,-5972612184308611662,0,21,21,187,2,5,4,13
6137,50,6715785959188907502,0,38,38,180,3,2,1,7
6138,50,-5127715190083399295,0,28,28,191,4,5,2,12
6139,50,-7574120443489437165,0,31,31,183,5,4,3,9
6140,50,930491688453666117,0,35,35,181,2,4,3,5
6141,50,-7214034722479062611,0,20,20,202,1,8,5,20
6142,50,8392734367975462572,0,34,34,198,1,3,1,5
6143,50,-2795507184131740948,0,22,22,198,1,3,1,6
6144,50,6034469477439780487,0,25,25,193,3,2,1,5
6145,50,3143523021079146790,0,30,30,187,2,7,3,18
6146,50,-7187083344070559332,0,40,40,198,3,5,2,9
6147,50,5418239207538009030,0,0,0,183,1,6,2,12
6148,50,-8055095957504709959,0,37,37,178,6,4,2,7
6149,50,2597435823029635204,0,43,43,189,3,4,2,11
6150,50,3573763663575337484,0,42,42,175,4,4,2,12
6151,50,-146900594866852650,0,24,24,183,2,3,1,8
6152,50,5293128224489192882,0,39,39,189,5,3,1,5
6153,50,-2442029494016615771,0,35,35,182,4,7,4,13
6154,50,-8490930169853479027,0,31,31,185,7,8,7,14
6155,50,-5052093811751214012,0,29,29,187,8,2,1,3
6156,50,-5560231867939543974,0,42,42,177,4,4,3,6
6157,50,3353107750081395613,0,41,41,198,1,13,8,31
6158,50,3789686832647993345,0,33,33,193,5,7,5,15
6159,50,-7788507391383877460,0,40,40,191,2,8,4,20
6160,50,8802858145006644015,0,33,33,185,4,7,5,16
6161,50,-9115561384294763727,0,30,30,177,4,4,1,10
6162,50,712235852494880289,0,29,29,181,2,5,3,17
6163,50,-7531470304023833695,0,29,29,187,2,5,4,15
6164,50,-6953767598826957629,0,31,31,183,4,3,2,7
6165,50,8318011427431022429,0,23,23,192,2,4,2,10
6166,50,-8592147493894799367,0,28,28,190,3,5,3,11
6167,50,-3740774130164079578,0,31,31,192,1,4,2,8
6168,50,-2036369867344279493,0,33,33,185,5,4,2,14
6169,50,7711452092874778319,0,35,35,187,2,2,1,5
6170,50,6505302463852907879,0,23,23,185,2,3,1,4
6171,50,693585158829603123,0,30,30,190,5,6,5,16
6172,50,113304679901237202,0,34,34,186,1,5,2,11
6173,50,7536732183217036137,0,32,32,189,4,5,3,13
6174,50,-6241223584347310433,0,23,23,182,3,3,1,9
6175,50,-9009127557664605130,0,4,4,184,3,2,1,7
6176,50,1330115552525887316,0,23,23,186,1,4,2,11
6177,50,-5208968072967852862,0,25,25,196,2,5,3,14
6178,50,-3944800835890412887,0,45,45,181,2,4,2,9
6179,50,-6159991541793956977,0,35,35,191,4,5,3,12
6180,50,4016679147959245475,0,26,26,184,1,6,4,15
6181,50,8035513637009312422,0,15,15,195,5,2,1,8
6182,50,-9181722406293965343,0,34,34,187,3,8,4,21
6183,50,1768444729521272082,0,40,40,190,2,7,3,19
6184,50,-2443682890229287882,0,33,33,184,5,5,3,14
6185,50,-5253930940166203502,0,32,32,182,7,2,1,4
6186,50,3614651753923487863,0,28,28,190,4,4,3,9
6187,50,7476574181791961225,0,20,20,193,3,5,3,16
6188,50,-5204505207276323947,0,28,28,196,1,10,5,21
6189,50,-7849954262451057863,0,29,29,191,4,4,2,12
6190,50,395616198030421229,0,31,31,174,4,4,3,11
6191,50,-8051098475906487760,0,30,30,189,2,4,2,12
6192,50,-2838747534611250210,0,16,16,190,5,8,5,13
6193,50,-7344638645909887743,0,20,20,186,8,2,1,4
6194,50,2601034640515942044,0,33,33,184,4,3,2,11
6195,50,2725044065025035575,0,32,32,188,3,7,4,25
6196,50,3778400252741487171,0,27,27,183,5,2,1,6
6197,50,5612091146266422919,0,38,38,186,5,3,2,6
6198,50,1940768177324994607,0,35,35,191,5,7,4,21
6199,50,157119184404037188,0,33,33,186,2,8,6,22
6200,50,2275235354919281802,0,30,30,183,1,4,1,11
6201,50,-56551867496903145,0,30,30,187,4,4,3,7
6202,50,8147574129853641253,0,39,39,189,4,4,2,4
6203,50,5830536951511463406,0,34,34,187,2,7,4,15
6204,50,6238265429845950347,0,28,28,184,6,5,3,12
6205,50,1343979357654083892,0,11,11,191,1,4,3,9
6206,50,-8115043437451949741,0,40,40,182,3,5,2,12
6207,50,-6491046943106733245,0,15,15,184,4,2,1,2
6208,50,-9140156919227011658,0,38,38,185,1,9,6,16
6209,50,3830114439969969942,0,31,31,182,4,6,4,13
6210,50,2817334529848417632,0,39,39,189,2,3,1,3
6211,50,-4288410501043868093,0,22,22,184,1,7,4,16
6212,50,1895168342870279562,0,34,34,180,4,3,1,7
6213,50,-8141112446236892377,0,37,37,193,1,5,1,11
6214,50,6871643302591989576,0,26,26,175,1,3,1,9
6215,50,58601646023922274,0,29,29,188,1,6,3,20
6216,50,2719368612803301407,0,39,39,185,3,3,1,9
6217,50,5501933960957271941,0,25,25,192,1,5,3,13
6218,50,3758380139162789850,0,37,37,180,1,4,2,12
6219,50,-5610501190959978230,0,10,10,185,1,9,6,23
6220,50,2403161150585620381,0,31,31,188,6,3,2,9
6221,50,-2134642966773102716,0,29,29,190,2,8,4,18
6222,50,-7259640205738291654,0,21,21,191,1,5,3,10
6223,50,-1728102957331433,0,34,34,186,7,2,2,8
6224,50,3404872200198120899,0,30,30,186,3,3,2,7
6225,50,5845023699392967209,0,30,30,184,2,5,2,12
6226,50,3894381534882786911,0,34,34,189,3,7,6,15
6227,50,8151484880125507673,0,31,31,176,1,3,1,7
6228,50,-8390601270567697823,0,27,27,190,2,5,2,11
6229,50,4709198910731474095,0,27,27,178,7,3,2,12
6230,50,-7966749481247250538,0,42,42,193,2,5,4,12
6231,50,533777550904834069,0,27,27,183,1,5,3,14
6232,50,-66371554950495778,0,40,40,193,3,5,3,11
6233,50,5104054650888017158,0,39,39,183,4,11,8,29
6234,50,3971966619938183933,0,39,39,183,4,5,4,8
6235,50,6869475041827560836,0,39,39,197,5,7,5,15
6236,50,2772875475887821746,0,33,33,187,5,4,2,11
6237,50,-4676323847451235249,0,14,14,184,4,2,1,6
6238,50,2154501831713182217,0,17,17,193,2,11,8,26
6239,50,4548369761425411411,0,29,29,176,2,5,3,11
6240,50,1414735290876428525,0,39,39,180,2,3,1,9
6241,50,-4789471840926295711,0,27,27,184,5,6,4,13
6242,50,6409665583184377089,0,38,38,181,1,6,3,23
6243,50,4380789926648944930,0,45,45,198,2,3,1,5
6244,50,373100188667300527,0,38,38,183,2,2,1,5
6245,50,3843326650426893128,0,29,29,192,2,6,3,15
6246,50,4622646543466500480,0,24,24,195,5,4,2,9
6247,50,-6392845103974880763,0,31,31,187,3,7,4,17
6248,50,-5867596277472339794,0,34,34,183,2,6,3,18
6249,50,1921990069554506688,0,3,3,196,1,7,2,8
6250,50,-5921062676215729929,0,24,24,181,2,2,1,4
6251,50,-6145952734043489530,0,16,16,186,3,8,5,18
6252,50,-3379512206294190157,0,30,30,190,1,4,2,8
6253,50,-8925474735907155522,0,30,30,195,1,4,1,14
6254,50,6384634141606248232,0,30,30,183,2,8,6,27
6255,50,-4874091979230551136,0,29,29,200,1,9,5,27
6256,50,-5430331466044282851,0,39,39,189,5,3,2,6
6257,50,-1282132233941031960,0,27,27,187,1,4,2,7
6258,50,-4453572497779375956,0,35,35,184,4,4,3,11
6259,50,-5262623935067246010,0,40,40,194,2,6,3,20
6260,50,7288449527767120988,0,30,30,191,1,3,1,8
6261,50,-6736388388933590249,0,36,36,186,4,2,1,5
6262,50,-5887525045038704274,0,36,36,190,5,2,1,5
6263,50,-5454872504248838438,0,41,41,192,2,7,5,21
6264,50,8659273551565096823,0,23,23,179,3,4,2,10
6265,50,-1375352774715403044,0,34,34,187,4,2,1,5
6266,50,-7569843266999000274,0,42,42,183,3,3,1,6
6267,50,-7117626563767526090,0,39,39,190,5,6,3,15
6268,50,-8945572882621637753,0,15,15,190,1,7,4,19
6269,50,4090916232691099129,0,36,36,190,3,7,4,15
6270,50,2162857572101051392,0,29,29,196,1,8,6,20
6271,50,-7082559688810530905,0,32,32,185,1,4,2,10
6272,50,6861331808802478138,0,31,31,177,7,4,3,15
6273,50,7565494577100446948,0,21,21,175,5,4,2,10
6274,50,983089807334126794,0,42,42,186,1,5,3,14
6275,50,2770780456957466988,0,12,12,197,1,6,2,12
6276,50,-5064220938172561071,0,22,22,189,2,2,1,5
6277,50,-4785348473203893177,0,4,4,176,4,4,2,12
6278,50,1429735054461626313,0,35,35,178,5,5,3,14
6279,50,-1580680498855288517,0,38,38,190,2,5,3,17
6280,50,-7614440840002284255,0,39,39,181,2,5,3,15
6281,50,7056458807468864898,0,40,40,189,4,8,5,16
6282,50,546436384697401100,0,28,28,189,3,7,5,11
6283,50,5767193392060945341,0,20,20,190,3,5,2,13
6284,50,-4851650027554129130,0,27,27,191,2,3,1,9
6285,50,5684974172384430888,0,35,35,185,3,3,1,7
6286,50,3461091925985829624,0,28,28,192,4,6,4,20
6287,50,3164178345304745486,0,25,25,191,7,3,2,8
6288,50,4679892732417548844,0,27,27,179,4,4,3,11
6289,50,-8890874612195228802,0,36,36,182,6,4,3,4
6290,50,-5130726312350742334,0,23,23,191,2,6,2,14
6291,50,2548158558947858494,0,40,40,188,5,9,7,18
6292,50,-2761603608851515532,0,20,20,183,1,4,2,13
6293,50,-4647461480513402113,0,27,27,187,2,5,2,15
6294,50,4059539265776630008,0,30,30,185,2,5,2,13
6295,50,1305591813922480082,0,34,34,191,2,3,1,11
6296,50,-2847287901967885163,0,34,34,188,4,4,3,12
6297,50,-5422443408138279206,0,22,22,180,4,3,2,7
6298,50,-1159321845574572551,0,35,35,188,4,4,2,8
6299,50,-1805428554896350653,0,24,24,177,3,3,1,10
6300,50,4719536581841725000,0,38,38,187,4,2,1,7
6301,50,-7888970031501240462,0,26,26,182,1,5,3,9
6302,50,3940625214028616312,0,43,43,190,2,7,3,15
6303,50,-1649382552858394755,0,27,27,180,3,6,3,13
6304,50,-6123831177165067557,0,29,29,180,4,5,3,7
6305,50,-541192232451306787,0,34,34,183,6,2,1,6
6306,50,6046655711695554557,0,38,38,187,6,3,1,9
6307,50,1300403815033269346,0,26,26,185,2,5,2,12
6308,50,5013655975455252655,0,34,34,187,5,4,3,12
6309,50,-2486302892328935578,0,38,38,187,1,10,6,25
6310,50,-1853702741391696541,0,36,36,183,4,5,1,14
6311,50,3108361996803022149,0,22,22,189,1,4,2,9
6312,50,-6154131542100095813,0,31,31,190,4,4,2,11
6313,50,-2350379425423067636,0,44,44,190,2,6,2,9
6314,50,-2824153380059280037,0,26,26,189,1,5,3,10
6315,50,-6064740112587243409,0,31,31,187,3,4,2,10
6316,50,-3020822512754507514,0,33,33,180,1,4,1,8
6317,50,5359302698748613888,0,20,20,181,1,4,2,9
6318,50,-3456665012530995992,0,38,38,179,1,15,10,43
6319,50,-1689373920458635106,0,32,32,186,8,4,3,6
6320,50,-125705525645481168,0,32,32,196,2,6,2,13
6321,50,-4788509831950149077,0,31,31,191,5,5,3,13
6322,50,-1430565568168504862,0,22,22,180,6,2,1,6
6323,50,-69354507728337023,0,28,28,186,1,7,4,21
6324,50,-3311928462681525526,0,22,22,181,6,3,2,11
6325,50,-5607489996227297883,0,36,36,192,3,4,1,10
6326,50,-5225694354750998157,0,35,35,190,5,3,2,7
6327,50,1233609749307938877,0,25,25,188,1,4,2,10
6328,50,404727620166740089,0,36,36,196,3,7,3,19
6329,50,6062406333774062655,0,34,34,181,1,6,4,23
6330,50,1908189954416131740,0,35,35,175,4,4,2,12
6331,50,-3810105496274183701,0,31,31,181,2,6,3,15
6332,50,-381845244940336329,0,34,34,182,1,4,2,6
6333,50,683079558703120890,0,11,11,191,7,3,1,8
6334,50,4107721558933639345,0,44,44,177,7,4,3,15
6335,50,-1780045650332567017,0,37,37,184,3,5,4,11
6336,50,-4601482896476131310,0,35,35,181,1,5,2,13
6337,50,-4608465686372643698,0,26,26,197,1,6,3,14
6338,50,3363124830034352601,0,40,40,184,7,3,3,7
6339,50,6629193290706161475,0,38,38,181,4,5,3,13
6340,50,-7280623091298832372,0,33,33,173,2,4,2,11
6341,50,-7521687805538845212,0,35,35,199,2,4,1,7
6342,50,-5008652639524715121,0,20,20,185,9,1,1,1
6343,50,2780684057434243938,0,35,35,178,5,3,2,8
6344,50,-3960450516044085575,0,22,22,185,1,5,2,17
6345,50,-4040795996619905380,0,35,35,181,4,5,3,10
6346,50,872801696528488228,0,25,25,183,2,3,2,8
6347,50,3545810969878826589,0,41,41,179,1,5,3,14
6348,50,3744016950867261636,0,14,14,179,1,5,3,15
6349,50,-5642121025603268472,0,28,28,191,4,2,1,4
6350,50,1105916634810847290,0,20,20,208,1,6,2,11
6351,50,-6493793510161989486,0,32,32,188,1,5,2,13
6352,50,6398423307781560938,0,32,32,186,1,6,3,15
6353,50,-2133036186767822545,0,19,19,183,2,6,4,8
6354,50,-4263781372564412598,0,38,38,180,3,4,2,11
6355,50,2137836381033585999,0,17,17,177,2,3,1,10
6356,50,-4625045238633320963,0,43,43,181,3,3,1,7
6357,50,8241404987477339211,0,43,43,197,3,4,2,13
6358,50,8138905109323075103,0,37,37,178,2,5,3,10
6359,50,9136051792121824603,0,25,25,188,1,3,1,11
6360,50,-189476271360470430,0,39,39,197,7,3,1,8
6361,50,-8242607476384438709,0,48,48,195,2,5,3,8
6362,50,-6018360408265226151,0,40,40,185,1,5,2,11
6363,50,641645776336957806,0,31,31,198,1,5,2,12
6364,50,6593680945411473811,0,22,22,189,1,5,4,9
6365,50,2833879002468656850,0,25,25,193,2,7,5,15
6366,50,-6020543612929306132,0,36,36,193,1,4,1,6
6367,50,219184944789077173,0,28,28,190,1,7,4,20
6368,50,-432402447061524705,0,22,22,190,6,5,3,18
6369,50,-3387273701498254538,0,33,33,195,7,2,2,4
6370,50,7583428314268128670,0,34,34,191,2,6,4,9
6371,50,-4985922630980452529,0,42,42,181,5,3,1,6
6372,50,7557446014425863845,0,40,40,190,5,3,1,8
6373,50,7897973959459490050,0,24,24,181,3,3,1,8
6374,50,-6414847654350015604,0,40,40,181,3,3,1,6
6375,50,639103955127154898,0,24,24,202,6,5,3,13
6376,50,9199233854282435164,0,27,27,191,4,4,2,7
6377,50,166764462337097844,0,28,28,186,2,6,4,16
6378,50,4870397158707484581,0,44,44,184,3,4,3,8
6379,50,6550069989208558278,0,22,22,188,2,15,11,37
6380,50,8777791888363786638,0,22,22,188,2,4,1,10
6381,50,3865911876923383552,0,32,32,173,2,4,2,10
6382,50,-7403969994736345043,0,2,2,191,4,3,2,5
6383,50,6298001727927337768,0,31,31,189,1,5,4,13
6384,50,3400943081564391193,0,35,35,195,6,6,4,11
6385,50,2810620582199628235,0,19,19,181,1,3,1,6
6386,50,3888541151628481596,0,31,31,192,1,7,5,10
6387,50,-8348767468483496215,0,26,26,182,5,7,4,19
6388,50,-7673040687485327379,0,19,19,189,3,4,2,10
6389,50,2891467624512981040,0,33,33,178,2,3,2,7
6390,50,-6661489156169143747,0,31,31,184,2,8,5,20
6391,50,4330367811654446189,0,46,46,193,2,9,5,23
6392,50,-7636971244538134128,0,24,24,191,1,3,1,10
6393,50,-8450309929070066113,0,32,32,197,1,7,3,15
6394,50,9030623793812676207,0,20,20,179,1,3,1,7
6395,50,5634587116289447437,0,32,32,186,2,5,3,9
6396,50,-6273142533112598371,0,39,39,194,2,5,2,8
6397,50,2631373113662146361,0,22,22,190,2,3,1,4
6398,50,-7268959923186525849,0,33,33,190,6,5,3,11
6399,50,-7914462312558404459,0,44,44,189,3,9,5,23
6400,50,-7601308736381931712,0,31,31,181,4,3,1,9
6401,50,7222284735823147029,0,28,28,195,2,6,5,20
6402,50,-6081143110644242804,0,31,31,182,6,3,3,7
6403,50,958234783869516230,0,26,26,187,6,4,2,8
6404,50,3704181571133469628,0,24,24,189,1,4,1,4
6405,50,-3280840459255672321,0,31,31,174,4,2,1,7
6406,50,3596545072734894746,0,11,11,180,4,3,1,9
6407,50,-4248920023057685803,0,23,23,198,4,5,2,17
6408,50,-1364093859866698011,0,28,28,180,2,3,1,9
6409,50,-6813275044859675437,0,20,20,178,3,3,1,6
6410,50,9011394315672750624,0,30,30,184,1,4,2,9
6411,50,-8535303989755690262,0,37,37,183,1,3,1,8
6412,50,-9203751169223853402,0,35,35,202,4,7,4,14
6413,50,9145232293608366502,0,17,17,197,4,7,4,17
6414,50,-2755909027259469822,0,30,30,176,3,4,2,11
6415,50,-7579866469093964381,0,28,28,178,1,6,3,16
6416,50,4809073189457479805,0,29,29,197,4,8,5,17
6417,50,3739081520393864510,0,23,23,186,2,4,2,9
6418,50,-1047044184316648457,0,30,30,187,2,8,5,14
6419,50,9135535097103954318,0,23,23,186,7,6,4,15
6420,50,-84328439316963334,0,19,19,180,1,6,3,20
6421,50,-4758549162289315179,0,25,25,184,2,7,4,24
6422,50,281935032596775180,0,39,39,182,4,4,2,14
6423,50,-5494370172429774158,0,17,17,187,1,6,4,13
6424,50,9117654233104620868,0,27,27,185,3,4,3,16
6425,50,8523128087353367898,0,29,29,191,1,5,3,11
6426,50,7659482896752974879,0,35,35,192,2,9,6,20
6427,50,3885582366320325895,0,38,38,184,2,7,4,18
6428,50,-8554232713578193005,0,25,25,190,1,7,4,16
6429,50,-8464250090887977873,0,32,32,190,3,5,3,11
6430,50,-7059943069254948252,0,35,35,188,1,4,1,10
6431,50,6613699780738035449,0,24,24,184,4,4,3,14
6432,50,5070935614204106679,0,30,30,183,2,8,4,19
6433,50,-8901467257898802068,0,38,38,195,3,6,4,14
6434,50,-3554366483156371484,0,42,42,204,1,6,3,13
6435,50,7557450780339993577,0,33,33,173,3,4,2,15
6436,50,-6059248787541662064,0,21,21,200,3,5,2,12
6437,50,-2536435259249939941,0,32,32,185,4,3,1,7
6438,50,-1338308913592930823,0,36,36,187,2,5,3,7
6439,50,-6124636081739929940,0,23,23,201,2,6,2,10
6440,50,-2256774315485705325,0,29,29,189,1,4,2,6
6441,50,-7019408830267566854,0,21,21,188,1,4,1,7
6442,50,-698122042279417388,0,23,23,189,8,1,1,2
6443,50,2445014142964696074,0,34,34,185,8,2,1,5
6444,50,4418309861305738060,0,16,16,180,3,6,4,16
6445,50,-1128287053348488772,0,22,22,188,2,4,1,15
6446,50,3018566265370141431,0,44,44,195,2,5,2,12
6447,50,5347290812355755328,0,18,18,194,4,4,3,11
6448,50,-1758236773213129258,0,33,33,175,2,5,3,11
6449,50,-1115837108980788024,0,30,30,188,3,3,1,10
6450,50,-2572672986041015877,0,24,24,184,7,4,3,13
6451,50,9197356226569071231,0,30,30,192,1,6,3,15
6452,50,-2818955568633916059,0,25,25,186,4,6,4,15
6453,50,-5540250829455684424,0,45,45,191,5,3,1,6
6454,50,8699030183608223180,0,32,32,192,5,4,2,11
6455,50,-8038459675215020694,0,40,40,189,1,6,3,11
6456,50,9141530868561153212,0,26,26,190,2,4,2,9
6457,50,6238015752170357980,0,33,33,198,5,3,1,6
6458,50,6540754085748661416,0,39,39,194,5,2,1,5
6459,50,-8770817421156648036,0,39,39,182,2,7,4,18
6460,50,886588823392705975,0,25,25,191,1,4,1,14
6461,50,1595959419276345269,0,29,29,179,2,5,3,11
6462,50,2974344868322183203,0,37,37,189,4,5,4,14
6463,50,6814026660460235040,0,38,38,193,7,3,2,6
6464,50,-193890295992496189,0,37,37,187,5,4,2,12
6465,50,-541828633806450310,0,30,30,184,4,3,2,9
6466,50,8106987301467698405,0,31,31,170,2,5,2,9
6467,50,7478856094284727031,0,31,31,193,2,8,6,17
6468,50,5283708416887492193,0,34,34,183,3,3,1,8
6469,50,4110103642295919254,0,32,32,182,3,7,4,20
6470,50,6041750026075136234,0,31,31,189,5,2,2,2
6471,50,4453596543394982294,0,36,36,181,1,4,2,10
6472,50,4252605613913986983,0,24,24,191,2,5,3,9
6473,50,-3197611938382855641,0,16,16,192,4,4,2,11
6474,50,5863576326611317249,0,26,26,170,3,3,1,6
6475,50,-1497508776347018395,0,26,26,191,8,3,2,4
6476,50,-1401049971900663106,0,30,30,180,7,8,6,24
6477,50,-6255857905910593407,0,31,31,191,1,3,1,10
6478,50,4319696225893653582,0,28,28,187,3,2,1,8
6479,50,-8474938179751026879,0,25,25,183,5,3,2,11
6480,50,-784981912583395739,0,31,31,177,2,4,3,9
6481,50,-8248533521011324502,0,31,31,183,2,10,7,23
6482,50,-4417765278900496183,0,24,24,192,2,7,4,14
6483,50,-2543222696851816710,0,33,33,188,3,5,3,10
6484,50,-1551758620425566356,0,31,31,181,1,3,1,10
6485,50,3299449840829847515,0,37,37,190,1,10,8,29
6486,50,1657449441501326269,0,22,22,186,7,1,1,1
6487,50,-5540873334846262826,0,24,24,182,3,5,3,8
6488,50,-564640578573945030,0,11,11,181,2,4,2,9
6489,50,2856374471429150213,0,23,23,187,3,3,1,8
6490,50,-8900618122138682551,0,45,45,177,3,6,4,17
6491,50,-5838358670548265204,0,43,43,195,2,6,5,16
6492,50,-900242897189537208,0,28,28,190,1,7,5,15
6493,50,-2762778157858956727,0,30,30,195,1,4,1,7
6494,50,1757840756608087522,0,15,15,186,8,5,4,10
6495,50,-2956633599254757302,0,40,40,195,3,5,2,10
6496,50,166778782481108644,0,28,28,188,5,7,5,17
6497,50,7880016280418672767,0,22,22,190,1,9,6,15
6498,50,-3992622209205499697,0,27,27,177,2,4,2,9
6499,50,-5235624390672446416,0,20,20,189,3,6,4,14
6500,50,2333726856680196719,0,24,24,188,1,5,3,16
6501,50,6609290821602430128,0,40,40,182,2,4,2,9
6502,50,-2021961812602198356,0,37,37,199,3,4,1,8
6503,50,5320100905407369427,0,38,38,173,2,10,8,19
6504,50,-8219557756926440865,0,27,27,188,5,4,2,13
6505,50,3842758794459037084,0,30,30,181,5,3,2,6
6506,50,-522829497823175192,0,35,35,183,2,4,2,12
6507,50,-5964941430329731525,0,21,21,184,5,3,2,7
6508,50,8608642250726322238,0,40,40,173,3,11,8,22
6509,50,-4082193109049462987,0,11,11,177,1,5,3,11
6510,50,-4055328732645081273,0,29,29,184,4,3,1,9
6511,50,-3959678094098652956,0,24,24,200,1,5,2,13
6512,50,-721555319091367575,0,25,25,188,3,4,1,10
6513,50,-3529344046974210782,0,35,35,193,1,8,4,19
6514,50,5507785933117559904,0,27,27,184,2,3,1,8
6515,50,6209896591269186625,0,30,30,185,3,4,2,11
6516,50,-2571042235767360175,0,37,37,193,1,6,4,10
6517,50,5578325817525654845,0,35,35,198,3,2,1,4
6518,50,6797604789308614175,0,38,38,186,4,4,3,10
6519,50,7576609640308995380,0,27,27,178,6,2,2,4
6520,50,-6553749061910936579,0,26,26,185,3,5,2,14
6521,50,3858159483366664726,0,39,39,183,3,3,1,8
6522,50,-1170688815392271547,0,35,35,179,1,9,7,24
6523,50,-8683848362270542696,0,43,43,182,5,3,1,10
6524,50,4208043183496004743,0,38,38,197,2,2,1,8
6525,50,-6978849411751004819,0,11,11,181,3,8,5,16
6526,50,8828576232828434147,0,14,14,187,1,6,4,11
6527,50,-8826382420338775624,0,39,39,199,7,5,4,11
6528,50,4605195787908893595,0,10,10,191,5,3,1,9
6529,50,-2251906529131201861,0,27,27,187,2,6,4,13
6530,50,-4894618359258898717,0,35,35,193,4,4,2,13
6531,50,-1860648789152328492,0,22,22,177,1,4,2,11
6532,50,-296538530975565317,0,35,35,201,5,3,1,9
6533,50,-884178527955404374,0,36,36,179,2,6,4,20
6534,50,9019806043652674175,0,31,31,189,1,4,1,9
6535,50,4257082032488907171,0,23,23,188,3,4,2,7
6536,50,-225993107119805699,0,42,42,190,2,8,4,22
6537,50,5591261552765370521,0,24,24,193,4,3,2,5
6538,50,-4348525423715473208,0,43,43,198,4,5,3,11
6539,50,1054935955809649100,0,34,34,190,1,6,3,13
6540,50,2136350858560451339,0,31,31,186,5,2,2,2
6541,50,-1610004974600057063,0,39,39,195,3,5,2,18
6542,50,8557982560135409440,0,40,40,196,1,7,5,16
6543,50,3968425851119073132,0,40,40,197,2,3,1,8
6544,50,-7449539087517536734,0,32,32,191,3,4,2,6
6545,50,-7582812960976156558,0,25,25,192,3,3,1,9
6546,50,3538391707891277760,0,20,20,198,2,5,3,7
6547,50,916086530633428883,0,39,39,201,1,5,2,8
6548,50,8168148683640151636,0,28,28,186,3,3,1,3
6549,50,-4835996987086572001,0,30,30,191,4,5,3,7
6550,50,-5394641345738397645,0,22,22,184,1,4,2,6
6551,50,-2110018276607914810,0,29,29,188,3,6,3,12
6552,50,-7361002925155313082,0,38,38,184,8,2,2,6
6553,50,-5290600364256273843,0,28,28,183,4,4,2,9
6554,50,4307581651962036185,0,36,36,185,4,2,1,4
6555,50,5570465519410086271,0,31,31,184,1,6,3,17
6556,50,-2397633035455853646,0,32,32,176,3,4,1,13
6557,50,-8449879366095465888,0,23,23,196,2,2,1,3
6558,50,-7012337168497111451,0,31,31,191,1,8,3,19
6559,50,3818717169274575528,0,37,37,190,1,6,2,9
6560,50,-3142390708676100634,0,37,37,193,5,6,4,14
6561,50,5412932705315604847,0,39,39,195,1,8,5,19
6562,50,3604080468316283488,0,28,28,195,4,2,1,3
6563,50,8252386195733895716,0,33,33,178,1,5,3,12
6564,50,-5410345147451327420,0,32,32,184,2,4,2,14
6565,50,-7167162461183722813,0,31,31,183,1,7,4,16
6566,50,-290715296867108957,0,32,32,193,5,4,2,11
6567,50,-5518951756868345529,0,43,43,191,1,5,2,13
6568,50,6708094722987901120,0,44,44,188,2,5,2,7
6569,50,-742903599466052516,0,21,21,192,6,3,2,9
6570,50,-2716394787018650143,0,39,39,194,4,8,5,18
6571,50,-5525114281779221672,0,30,30,178,1,6,4,9
6572,50,6705372245716103781,0,31,31,184,1,6,4,23
6573,50,-1002817655679760020,0,33,33,177,3,3,1,3
6574,50,1199506114454130459,0,23,23,181,4,4,2,16
6575,50,7693015099361990678,0,38,38,184,5,3,1,4
6576,50,6865190721130640336,0,36,36,195,1,3,1,8
6577,50,-5873811883491154727,0,32,32,191,4,6,3,12
6578,50,-6030305281040742871,0,39,39,186,3,6,3,12
6579,50,-5788878044906928592,0,24,24,190,8,2,2,6
6580,50,-78021646183644749,0,24,24,192,1,10,7,21
6581,50,-8875930592314233921,0,34,34,188,1,5,3,9
6582,50,2657330421904090424,0,15,15,194,1,3,1,10
6583,50,-1660776018498306612,0,27,27,190,2,9,6,22
6584,50,-8874229485787487916,0,41,41,199,3,5,3,14
6585,50,-6517744531765411860,0,40,40,187,5,4,2,9
6586,50,-6712451290290103225,0,33,33,181,1,6,4,13
6587,50,-2147985218408617215,0,30,30,188,7,3,2,7
6588,50,-1676751347495936245,0,38,38,184,4,5,3,12
6589,50,-229700841347485085,0,18,18,196,6,5,4,8
6590,50,6920892088606850985,0,35,35,183,6,4,3,8
6591,50,-9166917732960819108,0,46,46,189,2,4,2,13
6592,50,-2156254379768685369,0,28,28,178,4,2,1,7
6593,50,-8502893574744558118,0,33,33,189,2,4,2,7
6594,50,-6366400838174802299,0,30,30,190,3,6,4,15
6595,50,1760596104547539295,0,38,38,184,1,3,1,10
6596,50,-3809349956707422070,0,23,23,183,1,5,3,13
6597,50,-3425608248553594565,0,30,30,189,5,4,2,7
6598,50,1579579517457951065,0,26,26,189,5,4,3,11
6599,50,6974638784921457917,0,35,35,183,5,2,1,7
6600,50,-7639199593065671960,0,35,35,184,6,4,2,8
6601,50,5801518215236682279,0,15,15,188,1,7,4,22
6602,50,-2728930597977175949,0,23,23,174,3,4,1,10
6603,50,-7313382757216526304,0,14,14,184,1,4,1,13
6604,50,1893188604441353613,0,39,39,185,1,4,2,10
6605,50,577162459043954542,0,23,23,180,1,6,3,20
6606,50,-1788054137932332425,0,31,31,190,1,3,1,9
6607,50,5050534715864578084,0,32,32,193,3,8,4,24
6608,50,-8042907478210864716,0,42,42,182,5,5,3,10
6609,50,-3309181668478350440,0,24,24,196,2,3,1,4
6610,50,3600206491028820700,0,35,35,187,1,8,4,16
6611,50,-1488702439730565799,0,35,35,186,2,3,1,9
6612,50,2668152208387415728,0,38,38,194,2,4,2,5
6613,50,2147638013060949855,0,32,32,195,5,3,2,6
6614,50,6223471976427573358,0,38,38,182,2,4,2,9
6615,50,-3154719937000649340,0,27,27,184,3,2,1,2
6616,50,3354255474468192359,0,35,35,187,2,7,4,13
6617,50,-2593701209544100813,0,22,22,190,5,8,6,17
6618,50,4510302531539370958,0,27,27,180,3,3,1,5
6619,50,5362390808560115294,0,35,35,180,1,4,3,13
6620,50,-5520006354500416047,0,28,28,189,1,5,3,12
6621,50,-5453869997395306827,0,35,35,195,2,3,1,6
6622,50,-5609371743141982739,0,27,27,193,1,4,2,11
6623,50,-2664077329623226348,0,35,35,186,1,4,2,15
6624,50,-6949231561378816130,0,29,29,186,1,3,1,5
6625,50,-8486384382929934020,0,14,14,182,2,5,3,11
6626,50,332306518298254997,0,39,39,197,1,6,3,13
6627,50,6920033656181018565,0,32,32,177,4,4,2,10
6628,50,4395357058985440781,0,35,35,195,6,3,1,8
6629,50,1939597624276713043,0,31,31,187,7,2,1,5
6630,50,8509832673156987616,0,31,31,186,1,4,2,8
6631,50,1409440893871030791,0,24,24,190,2,8,4,19
6632,50,4700979809578838198,0,35,35,182,4,5,3,13
6633,50,348215225511899960,0,30,30,188,2,3,2,7
6634,50,4182282382922273726,0,21,21,179,2,5,3,14
6635,50,-4823075043679523485,0,36,36,189,1,7,3,20
6636,50,630448376452981697,0,23,23,181,1,6,2,16
6637,50,-2703881741777268129,0,13,13,182,4,10,7,24
6638,50,-9027710226522608524,0,36,36,189,4,4,2,9
6639,50,2086436367258078420,0,19,19,185,5,5,3,13
6640,50,7405178872131499789,0,36,36,185,1,3,1,5
6641,50,-440711946095802898,0,11,11,193,2,4,2,10
6642,50,7097654394506924312,0,31,31,195,1,4,2,9
6643,50,1675975554576335436,0,34,34,186,3,3,1,10
6644,50,-4132993939554814838,0,34,34,192,2,9,5,22
6645,50,-4421404160486057410,0,17,17,184,7,2,1,3
6646,50,-3604486014586495722,0,45,45,182,1,5,1,16
6647,50,-4440587080758378192,0,33,33,189,2,3,1,7
6648,50,4173743865832840895,0,34,34,182,6,1,1,2
6649,50,7818454660234350688,0,27,27,180,5,2,1,5
6650,50,-8339667765412245074,0,35,35,196,3,6,4,14
6651,50,7712349197050218711,0,31,31,178,2,5,2,9
6652,50,8408771914162759493,0,36,36,207,1,5,2,11
6653,50,3526968572639641750,0,22,22,201,3,6,4,14
6654,50,7867756709358845043,0,29,29,192,2,9,5,24
6655,50,-3247409838138527986,0,35,35,180,3,5,4,15
6656,50,-6343867086011286199,0,24,24,182,5,4,2,11
6657,50,-5605199291285615403,0,26,26,183,1,4,2,11
6658,50,-5821226984093471283,0,28,28,190,4,2,1,5
6659,50,7767103107351100055,0,23,23,180,5,3,2,12
6660,50,-6916094511404471282,0,34,34,185,1,2,1,5
6661,50,-8454790424080047286,0,26,26,188,7,1,1,3
6662,50,1819280323014999928,0,23,23,187,3,4,2,16
6663,50,1488165758463888805,0,35,35,196,2,7,4,15
6664,50,-8420275317132129943,0,37,37,189,1,6,2,15
6665,50,-5220673799016148782,0,23,23,177,1,7,4,21
6666,50,-1248204809416283389,0,42,42,187,5,2,1,6
6667,50,-1457511402210189215,0,27,27,185,3,3,2,10
6668,50,5984424237870527555,0,37,37,175,6,6,4,20
6669,50,2480867626271482752,0,4,4,196,4,6,4,16
6670,50,-8191095385621024686,0,15,15,189,5,2,1,4
6671,50,1976323199739562857,0,19,19,187,8,3,2,10
6672,50,-9086191587995147493,0,26,26,192,1,9,6,18
6673,50,-1949922840576860901,0,44,44,182,3,4,2,14
6674,50,4550967193374034973,0,22,22,197,7,2,2,2
6675,50,2622051495038640716,0,29,29,186,1,5,3,14
6676,50,4748466154841850497,0,39,39,184,2,2,1,8
6677,50,187747375205578141,0,26,26,182,4,7,5,20
6678,50,7486866068847378031,0,30,30,182,1,4,2,11
6679,50,937271199435611663,0,25,25,193,7,3,2,6
6680,50,2640125995015316380,0,32,32,186,3,4,2,10
6681,50,4384397091527323061,0,30,30,183,5,2,1,6
6682,50,3527525398796558631,0,31,31,181,6,5,3,10
6683,50,582685294821595051,0,41,41,181,9,1,1,2
6684,50,421686777337313957,0,41,41,198,4,6,3,12
6685,50,6157962039598215494,0,40,40,188,1,6,4,16
6686,50,6500204671715430010,0,37,37,186,1,6,3,15
6687,50,-7277969098326257012,0,37,37,189,2,3,2,10
6688,50,-8418338581351273110,0,24,24,188,5,3,1,4
6689,50,-8346364940903020058,0,26,26,195,5,4,2,13
6690,50,-2256912487437150353,0,39,39,181,3,3,1,10
6691,50,485613186909951763,0,32,32,188,3,7,4,19
6692,50,8720447522163044812,0,44,44,190,1,5,2,10
6693,50,7210121306527768928,0,18,18,180,1,4,2,4
6694,50,-1580260210845070751,0,18,18,182,1,7,3,20
6695,50,-4909162394895213291,0,37,37,190,3,3,1,7
6696,50,5968404906832067649,0,41,41,185,4,3,2,11
6697,50,-4184064910218079182,0,36,36,193,1,6,3,12
6698,50,5667672761477450113,0,48,48,181,2,4,2,6
6699,50,-1330384577616181669,0,33,33,183,2,5,3,13
6700,50,-8999098831228912046,0,7,7,189,1,4,2,8
6701,50,7275818830640878607,0,39,39,188,3,5,2,10
6702,50,296596314410578258,0,25,25,185,2,2,1,4
6703,50,-1441219173063562976,0,32,32,198,3,3,2,7
6704,50,-7626234261879769826,0,33,33,170,2,3,1,8
6705,50,-2074416569126053281,0,28,28,193,4,11,8,28
6706,50,-7046517756683727061,0,21,21,183,1,8,4,21
6707,50,-3790126052746909034,0,38,38,193,1,6,2,15
6708,50,-1703489583704258602,0,24,24,201,5,3,1,6
6709,50,-7804284779126904134,0,43,43,181,6,4,3,9
6710,50,1470250359302825913,0,19,19,184,3,6,4,11
6711,50,-22102357174343327,0,41,41,191,3,4,3,9
6712,50,-8694641252481026497,0,31,31,191,1,5,3,12
6713,50,-2281392897547328143,0,41,41,180,1,3,1,9
6714,50,-154027907078124166,0,20,20,188,1,4,2,9
6715,50,209819412362229786,0,33,33,187,3,2,1,2
6716,50,-1471541413907196109,0,36,36,191,3,3,2,8
6717,50,5323312188301339141,0,29,29,186,5,3,1,8
6718,50,9181285339779254082,0,34,34,185,2,4,2,6
6719,50,-3511284715066071091,0,35,35,186,3,3,2,7
6720,50,-7053718424545777888,0,39,39,186,4,3,2,9
6721,50,-5736783581673092690,0,28,28,178,1,7,4,15
6722,50,4135675252003210938,0,19,19,199,1,4,3,6
6723,50,-954716192946167173,0,20,20,192,5,6,3,13
6724,50,-3143514049674484089,0,19,19,193,4,3,2,3
6725,50,1390621267095407061,0,6,6,180,6,6,4,17
6726,50,-7100681656636444964,0,43,43,194,4,5,4,11
6727,50,5053365449277379993,0,29,29,182,1,5,3,19
6728,50,-8466716983889852290,0,21,21,194,6,2,1,5
6729,50,4603739891699545754,0,22,22,184,5,3,1,7
6730,50,3949861322916358777,0,36,36,180,1,4,1,6
6731,50,-2474331540510937969,0,24,24,191,2,9,7,21
6732,50,-6161785015497445073,0,22,22,190,1,4,1,10
6733,50,-748155777265924785,0,41,41,200,6,6,4,14
6734,50,-7389899532233583949,0,33,33,182,2,7,4,15
6735,50,-7073361687802619077,0,34,34,180,4,4,2,18
6736,50,6706657603619488855,0,25,25,189,1,4,2,10
6737,50,-2316031185912822022,0,34,34,177,4,9,8,17
6738,50,-2361929129642203773,0,36,36,195,1,5,3,12
6739,50,-365661700615538581,0,43,43,193,2,5,3,15
6740,50,-5240499489376533560,0,20,20,194,5,7,4,18
6741,50,7268455654506228439,0,37,37,187,3,8,6,13
6742,50,-3165305981623825356,0,28,28,188,5,7,5,15
6743,50,-3585344335734839194,0,34,34,193,1,7,4,16
6744,50,-7647659820527862297,0,23,23,190,2,4,2,10
6745,50,-5617603585728114476,0,19,19,185,3,8,4,19
6746,50,3785848242522845670,0,33,33,190,3,8,6,19
6747,50,-2857164141267413148,0,32,32,188,2,5,2,11
6748,50,-7037878582523868114,0,37,37,187,1,10,6,24
6749,50,-7079240107943744492,0,29,29,181,4,4,2,13
6750,50,-6024689002158757364,0,36,36,186,4,5,4,11
6751,50,8906253835716772881,0,35,35,188,4,9,6,17
6752,50,790218071822639531,0,26,26,182,1,3,1,3
6753,50,-1192287933926115987,0,33,33,187,1,5,3,14
6754,50,-7698477853752088850,0,38,38,199,4,3,1,7
6755,50,8558450680973548046,0,32,32,193,3,4,2,9
6756,50,2180769541571225984,0,27,27,187,2,4,1,9
6757,50,6821983457164504553,0,34,34,187,3,2,1,4
6758,50,-3548471568699146200,0,26,26,188,9,3,3,7
6759,50,-1462895844427588496,0,35,35,189,4,4,1,10
6760,50,-2903071520051710623,0,31,31,180,7,2,2,2
6761,50,2463663395540332873,0,36,36,192,1,5,2,9
6762,50,7960938490989119785,0,29,29,194,2,4,2,10
6763,50,-3884563309331996609,0,33,33,192,2,5,2,10
6764,50,-3847952006606570471,0,35,35,201,1,4,1,9
6765,50,4073583971904575613,0,43,43,185,8,1,1,1
6766,50,7722979178909546421,0,36,36,194,4,4,2,13
6767,50,-3816828830310689032,0,10,10,181,2,5,3,11
6768,50,-4211564087106443259,0,25,25,190,3,5,3,11
6769,50,-6090564215674704851,0,31,31,200,5,3,2,7
6770,50,-2356514664673060252,0,18,18,197,2,6,2,12
6771,50,-8806053781474842356,0,40,40,183,1,6,3,19
6772,50,5751503270677149079,0,30,30,182,7,3,1,10
6773,50,-1129956919488518349,0,33,33,183,2,7,4,19
6774,50,-859976995233259744,0,23,23,188,1,8,5,17
6775,50,-3822390218889420705,0,37,37,186,7,2,2,2
6776,50,-2338994330477469228,0,30,30,180,8,3,2,7
6777,50,3387105317293476127,0,29,29,188,5,6,3,12
6778,50,802568019877259691,0,47,47,181,8,5,4,12
6779,50,6845928343984054986,0,26,26,199,1,9,6,24
6780,50,1337102528459565271,0,38,38,185,4,3,1,6
6781,50,-6165268137152595790,0,25,25,180,2,4,3,9
6782,50,5069076997196790295,0,21,21,191,1,8,5,19
6783,50,7052699116272106649,0,40,40,177,2,6,3,20
6784,50,2410870523328025676,0,26,26,184,2,3,1,6
6785,50,-4861521771482139037,0,37,37,189,5,5,3,9
6786,50,2266317388886795084,0,26,26,184,4,4,2,11
6787,50,3248455960006032141,0,29,29,188,3,7,5,14
6788,50,4245993097946733045,0,23,23,178,3,4,1,12
6789,50,-2822905101229678883,0,35,35,185,1,3,1,6
6790,50,6629112526883000709,0,43,43,175,2,4,1,11
6791,50,3924286418216408795,0,23,23,175,2,8,5,20
6792,50,8329692393670527529,0,35,35,180,6,6,4,15
6793,50,-3405617769891594881,0,35,35,192,2,7,3,18
6794,50,5454596815497994451,0,28,28,180,3,3,1,7
6795,50,-7950808765743092053,0,40,40,197,1,2,1,6
6796,50,9006095484768833104,0,9,9,193,7,2,1,2
6797,50,2651227298693394138,0,45,45,181,2,4,3,5
6798,50,-1589468983193746535,0,37,37,197,3,3,1,4
6799,50,-83497801078337126,0,16,16,193,3,5,3,9
6800,50,7218327104449574760,0,44,44,178,3,3,2,8
6801,50,-8765810276409322697,0,24,24,188,3,4,2,13
6802,50,3266344459039504654,0,33,33,192,1,5,2,17
6803,50,1245503742002158008,0,25,25,183,4,5,3,10
6804,50,3412042206902410371,0,43,43,184,5,2,2,6
6805,50,-3624954176240742129,0,31,31,188,1,10,5,21
6806,50,-8476725951372831810,0,32,32,180,1,7,5,15
6807,50,-2532408000513010037,0,35,35,185,1,7,4,17
6808,50,5719830471665486151,0,33,33,186,1,4,2,12
6809,50,-8031245669146122352,0,0,0,187,2,6,3,18
6810,50,8118318895309426697,0,39,39,186,1,6,3,17
6811,50,-4214677093413501046,0,34,34,180,3,2,1,5
6812,50,-9154964863365743508,0,1,1,188,4,6,4,7
6813,50,3840708987361055007,0,19,19,180,4,2,1,5
6814,50,6080614649263749795,0,34,34,181,2,6,4,15
6815,50,-9202234127419644253,0,17,17,187,2,9,6,17
6816,50,-1796134517261404607,0,28,28,183,4,3,1,15
6817,50,-2911390501685037615,0,35,35,192,4,6,5,13
6818,50,-6366646865368471790,0,29,29,180,3,2,1,7
6819,50,1263445215885148854,0,33,33,184,2,5,3,12
6820,50,-2385143605999593688,0,12,12,194,4,2,1,3
6821,50,-7855557795921613328,0,32,32,195,3,3,1,7
6822,50,156298144300561971,0,23,23,201,1,5,3,16
6823,50,-7482532287316973032,0,37,37,185,3,4,2,9
6824,50,5413797138589404694,0,35,35,189,1,5,3,11
6825,50,-3400434407382969220,0,42,42,189,2,4,2,10
6826,50,-7530466342889067338,0,35,35,196,1,5,2,6
6827,50,169171661829137681,0,20,20,191,4,7,5,18
6828,50,-2626278414033414380,0,32,32,183,5,4,2,11
6829,50,477932377373305255,0,37,37,184,2,3,1,9
6830,50,459036194479298973,0,31,31,184,7,3,1,5
6831,50,6625920551310524510,0,20,20,190,6,3,1,7
6832,50,2551542348156537280,0,34,34,191,1,5,2,17
6833,50,-1534656769159690920,0,24,24,188,6,5,4,11
6834,50,9097596660822002881,0,40,40,191,7,2,1,8
6835,50,4856320538725312431,0,40,40,180,3,7,5,18
6836,50,2857999509719562189,0,24,24,194,6,4,2,7
6837,50,-8908573278475282007,0,39,39,189,4,3,2,6
6838,50,3603768957432978765,0,7,7,192,1,4,2,13
6839,50,3888698353893888042,0,29,29,172,9,2,2,6
6840,50,7808786049264769918,0,29,29,198,3,6,4,15
6841,50,-6451665540409014935,0,26,26,193,1,7,4,14
6842,50,1241330096867917889,0,39,39,187,4,3,2,7
6843,50,-3404672415432445209,0,22,22,204,2,6,3,12
6844,50,7976442134289176111,0,31,31,189,3,8,6,12
6845,50,5908256985939211931,0,38,38,182,2,5,3,15
6846,50,-3765952735375446288,0,13,13,189,4,4,2,12
6847,50,-2911750956599863439,0,26,26,200,1,7,4,15
6848,50,-1777693691748581684,0,25,25,183,2,5,3,10
6849,50,4012198056535760117,0,23,23,188,6,3,2,5
6850,50,3840015420671499650,0,28,28,190,3,3,2,7
6851,50,-3472102091348218293,0,31,31,195,4,6,2,16
6852,50,2830832866158690392,0,35,35,184,4,5,2,13
6853,50,1097087391762132066,0,19,19,194,5,5,3,19
6854,50,4139715160081056115,0,35,35,182,4,2,1,10
6855,50,4658330259389430633,0,23,23,190,8,6,5,14
6856,50,6872367927578658920,0,33,33,184,1,4,1,11
6857,50,-4373200003401617535,0,46,46,196,1,8,4,16
6858,50,-5611716908090365934,0,34,34,187,2,6,3,12
6859,50,4000782004961628339,0,34,34,187,4,2,1,5
6860,50,-6281258154114841179,0,31,31,195,1,3,1,5
6861,50,-9101532248687597021,0,38,38,187,2,7,4,13
6862,50,-7107961459230270205,0,34,34,186,3,5,2,13
6863,50,-9027089431349667706,0,26,26,193,3,7,4,20
6864,50,3738323032234309198,0,22,22,188,1,4,2,12
6865,50,-7569981669947700271,0,26,26,191,2,5,2,11
6866,50,7010901306384163006,0,1,1,181,1,9,6,19
6867,50,3535535974376927282,0,27,27,183,1,5,2,15
6868,50,1673251421599975091,0,26,26,192,3,8,4,19
6869,50,-7084173563029556669,0,38,38,181,1,5,2,12
6870,50,532434178487922445,0,21,21,198,3,8,4,20
6871,50,5298983297418171005,0,32,32,174,2,4,2,11
6872,50,-2759273484831014981,0,43,43,187,1,9,6,26
6873,50,-1057145385231025174,0,17,17,187,1,3,1,10
6874,50,-7329220290754374254,0,38,38,186,5,4,3,8
6875,50,6495139195868631582,0,38,38,188,2,5,3,14
6876,50,-740543495495711393,0,39,39,180,1,2,1,3
6877,50,-8884256930440189337,0,35,35,186,4,4,2,11
6878,50,2018923601113324095,0,43,43,179,2,6,4,14
6879,50,8164663380919411779,0,25,25,181,3,5,3,14
6880,50,4900965029058290989,0,10,10,184,1,8,5,15
6881,50,3828766979919402257,0,14,14,181,4,5,4,10
6882,50,-2568688158416424485,0,22,22,191,1,5,2,10
6883,50,5886308251897854731,0,38,38,169,1,3,1,6
6884,50,8213648035355227334,0,15,15,188,4,5,2,10
6885,50,8266817939020229492,0,30,30,195,1,6,4,18
6886,50,5870302456906942084,0,19,19,189,3,4,1,7
6887,50,3757011939905237005,0,38,38,181,2,5,2,14
6888,50,7329685992314241120,0,29,29,188,4,2,1,5
6889,50,-6988311761726863411,0,33,33,191,1,7,3,13
6890,50,-625986623303332312,0,33,33,190,1,4,2,11
6891,50,4049193150050254544,0,35,35,191,1,3,1,8
6892,50,-5173036994942252732,0,43,43,182,5,5,3,16
6893,50,-3223483915848167025,0,29,29,187,3,5,3,8
6894,50,2615986432644116746,0,29,29,183,5,5,3,13
6895,50,-5228924907370950832,0,24,24,188,7,3,2,11
6896,50,4366999320109536337,0,31,31,182,1,4,1,12
6897,50,-2887400902898831392,0,47,47,199,5,9,8,26
6898,50,3762696049422762052,0,21,21,180,1,5,3,7
6899,50,896666702305562752,0,15,15,178,2,6,4,13
6900,50,-2203034020683642761,0,33,33,191,1,3,1,5
6901,50,-633187572122563556,0,33,33,188,2,9,7,19
6902,50,-1986264691605242817,0,43,43,175,5,7,4,17
6903,50,166328215917683394,0,36,36,185,1,6,3,16
6904,50,1661205177923558717,0,10,10,193,2,5,2,7
6905,50,-237972406758939567,0,29,29,193,4,3,1,8
6906,50,4532923349943642940,0,35,35,186,1,8,3,18
6907,50,997800644883862128,0,31,31,191,1,6,3,16
6908,50,5545109235230857532,0,32,32,180,6,4,2,7
6909,50,2623482707207466434,0,16,16,190,2,5,3,9
6910,50,-325738907599519794,0,34,34,186,6,2,2,6
6911,50,-6483222466139807145,0,29,29,186,6,4,3,11
6912,50,392160153103327394,0,31,31,185,2,5,3,9
6913,50,-873866289942100123,0,17,17,188,3,3,2,7
6914,50,-3353753672088580258,0,25,25,183,1,6,4,16
6915,50,-8268656354030868937,0,35,35,180,4,4,2,8
6916,50,8500164322003833776,0,41,41,182,1,5,3,11
6917,50,-576529042435507099,0,18,18,201,2,7,3,17
6918,50,-3635890875623565146,0,35,35,185,3,3,1,9
6919,50,-6812461829892969148,0,30,30,193,2,3,1,11
6920,50,-6329896001044677316,0,29,29,183,1,4,2,9
6921,50,3086890214222370464,0,42,42,184,1,8,4,20
6922,50,7099474953370442294,0,35,35,196,4,10,7,21
6923,50,-3079345016442078040,0,40,40,196,1,5,2,10
6924,50,-7623382767525146320,0,29,29,180,4,2,1,5
6925,50,6093199501112246569,0,35,35,188,3,5,3,10
6926,50,-7683369098856990477,0,27,27,195,7,2,1,7
6927,50,5226815956574493183,0,27,27,172,1,6,4,16
6928,50,-3800800852444841207,0,19,19,197,1,9,4,15
6929,50,1382973694287903431,0,34,34,199,1,5,2,7
6930,50,6310462049602451091,0,33,33,173,2,4,2,17
6931,50,1378584369105348057,0,27,27,192,2,8,4,17
6932,50,-6423157315195257767,0,26,26,199,4,4,2,10
6933,50,6123302073706420341,0,30,30,188,5,4,2,13
6934,50,-2528143162313000926,0,34,34,184,2,3,1,9
6935,50,4089251973895685691,0,33,33,189,3,4,3,13
6936,50,-9167231468612543675,0,37,37,183,1,10,4,26
6937,50,-476846019966117920,0,26,26,184,3,4,2,14
6938,50,8935420687452396671,0,41,41,186,7,7,5,20
6939,50,7571076388024459550,0,35,35,182,5,2,1,6
6940,50,-8030578199843315449,0,29,29,193,7,3,1,6
6941,50,-208868320055197204,0,39,39,188,7,3,1,11
6942,50,8304971746579538655,0,33,33,180,4,4,1,13
6943,50,-6655677608007244049,0,33,33,191,4,4,2,11
6944,50,-6146447224400123795,0,37,37,186,6,2,1,5
6945,50,981471343122832687,0,40,40,196,1,4,2,12
6946,50,-4745048914498870966,0,37,37,182,4,5,3,13
6947,50,-7842126101475463922,0,9,9,182,1,9,6,21
6948,50,-7243280375015785384,0,23,23,176,1,6,2,21
6949,50,-6834056585121288075,0,48,48,184,2,4,2,5
6950,50,68037614145833753,0,44,44,184,5,3,2,3
6951,50,8667731371356428367,0,19,19,197,6,4,3,11
6952,50,2702135720939849279,0,41,41,197,2,7,3,13
6953,50,-5184126437493369542,0,24,24,188,1,3,1,10
6954,50,8300658096358721406,0,22,22,186,2,4,1,10
6955,50,-4051017330176845957,0,28,28,190,3,3,1,4
6956,50,8120482420562709673,0,29,29,192,3,5,4,7
6957,50,4391011301169273395,0,11,11,188,7,3,1,10
6958,50,-7225217362254718980,0,38,38,190,7,1,1,1
6959,50,3812397130022989264,0,39,39,184,5,5,2,10
6960,50,316743226446152118,0,32,32,192,3,3,1,7
6961,50,-7983073176321215035,0,37,37,184,1,7,4,17
6962,50,-6704068867966808341,0,35,35,181,3,3,1,7
6963,50,-4868564721128223363,0,23,23,186,2,6,2,18
6964,50,4434038156872901015,0,31,31,192,3,7,4,16
6965,50,3727927744155748492,0,39,39,182,6,5,4,12
6966,50,-384455760135219722,0,29,29,189,2,5,2,13
6967,50,7589175155668582951,0,38,38,183,2,3,1,9
6968,50,-8054878843739528942,0,32,32,189,3,8,3,26
6969,50,-7515796094165946410,0,22,22,180,2,5,3,8
6970,50,2060556524965545116,0,24,24,208,2,8,3,15
6971,50,-557426749591835801,0,33,33,191,2,10,6,22
6972,50,-3878166096455078913,0,23,23,193,2,6,4,9
6973,50,3607925234358380582,0,15,15,193,3,6,3,12
6974,50,3142533322864559794,0,47,47,197,1,7,4,17
6975,50,3715200566331475786,0,32,32,183,7,1,1,5
6976,50,-439347596379573299,0,29,29,183,3,4,2,11
6977,50,8947311921218207665,0,18,18,183,2,6,4,14
6978,50,6134713057419956959,0,33,33,183,1,8,4,19
6979,50,-2525730571632079665,0,27,27,185,9,1,1,3
6980,50,-7756615832972734979,0,21,21,196,1,8,4,13
6981,50,3037912067255507172,0,29,29,180,6,4,2,10
6982,50,-1503191557749100258,0,29,29,187,2,3,2,9
6983,50,4570341963087386221,0,33,33,193,2,2,1,6
6984,50,-1033209078828735834,0,30,30,198,2,6,3,12
6985,50,2059046917952617692,0,39,39,183,1,3,2,7
6986,50,5835624817166684480,0,12,12,187,3,5,3,10
6987,50,1093496761600892042,0,23,23,191,1,5,2,16
6988,50,4552480000875834096,0,31,31,191,1,6,4,20
6989,50,-6617310393569362452,0,28,28,170,4,5,4,16
6990,50,-13917856386191001,0,28,28,186,3,4,1,12
6991,50,1303949843439337477,0,34,34,188,4,4,1,6
6992,50,-7800238331291238503,0,32,32,196,6,4,4,6
6993,50,-8671781787169756645,0,30,30,185,3,6,2,12
6994,50,1820443378441360525,0,23,23,183,1,3,2,6
6995,50,2854478280907416749,0,38,38,171,5,9,8,17
6996,50,-1647198423708846221,0,30,30,185,3,10,7,20
6997,50,-2651168030480069213,0,35,35,189,1,6,4,15
6998,50,4167887984747448571,0,38,38,188,3,2,1,4
6999,50,-6145397366937216057,0,26,26,186,4,4,2,8
7000,50,6622791744407229923,0,21,21,194,2,3,2,4
7001,50,2428817019334690163,0,32,32,188,5,3,2,7
7002,50,9083171574397058770,0,26,26,198,2,4,1,10
7003,50,-3069267974389752180,0,36,36,178,4,4,2,12
7004,50,4124156126045833572,0,43,43,187,2,2,1,6
7005,50,6926930310166487470,0,39,39,197,3,7,4,19
7006,50,-561956813120278907,0,32,32,195,3,3,1,6
7007,50,-4537409599496316760,0,39,39,185,1,3,1,6
7008,50,1184264670643517954,0,24,24,188,1,5,3,11
7009,50,-4350764338369931222,0,31,31,173,5,3,2,6
7010,50,2777221971708792669,0,31,31,190,4,4,1,8
7011,50,-2653917817768312131,0,9,9,195,4,4,2,10
7012,50,3762694856519542752,0,39,39,182,2,5,3,13
7013,50,4255239403744380658,0,42,42,201,1,4,1,9
7014,50,6055563522080611828,0,31,31,188,1,7,3,21
7015,50,3100282428303199454,0,17,17,192,1,10,4,22
7016,50,-3034730753709729358,0,19,19,176,1,4,2,9
7017,50,-1356093758398265659,0,30,30,194,1,5,3,12
7018,50,3461538559402635962,0,23,23,187,1,6,3,10
7019,50,-8104606647725631212,0,29,29,182,5,6,5,14
7020,50,3100143538556181316,0,28,28,174,5,5,2,14
7021,50,-4274967025515278956,0,23,23,197,1,4,2,6
7022,50,6019664367064508532,0,32,32,183,1,5,3,10
7023,50,3644187377470162396,0,37,37,187,1,4,2,7
7024,50,-2562806732612973583,0,16,16,193,2,7,5,16
7025,50,7178626755762053384,0,41,41,185,7,5,3,11
7026,50,-2528938056478321993,0,42,42,192,2,5,1,6
7027,50,-3881599851923011417,0,33,33,183,1,6,4,14
7028,50,6002492749345766700,0,41,41,178,2,6,3,9
7029,50,-5740339521164781319,0,21,21,183,5,4,2,11
7030,50,-4238950493792320399,0,29,29,193,3,4,2,6
7031,50,-2009519747212847015,0,10,10,190,3,6,3,18
7032,50,6331461523419881723,0,43,43,180,9,4,4,14
7033,50,-3064220011113991688,0,32,32,183,5,4,2,9
7034,50,1466558915711411809,0,28,28,187,2,5,2,7
7035,50,7366808453004519371,0,30,30,195,1,7,3,20
7036,50,-2658094746604337034,0,24,24,192,2,9,5,18
7037,50,-8551766119665722,0,26,26,178,3,3,1,7
7038,50,-6606994399931425382,0,32,32,185,1,5,3,15
7039,50,-6966031708532215734,0,37,37,182,8,1,1,2
7040,50,-5533398552955637171,0,38,38,186,5,3,2,8
7041,50,6675710725143957467,0,36,36,178,3,2,1,6
7042,50,-5465287096872205820,0,33,33,201,2,8,5,18
7043,50,-4342075602127352811,0,34,34,186,4,4,2,13
7044,50,-8592948087892530880,0,42,42,199,8,2,1,4
7045,50,-2721214004671476768,0,31,31,187,1,10,7,19
7046,50,2900202927175640283,0,34,34,191,1,7,3,17
7047,50,8275874401695752418,0,37,37,184,2,5,4,11
7048,50,3530899394762273444,0,37,37,195,4,3,1,6
7049,50,-592203924350784459,0,33,33,182,1,7,4,23
7050,50,-776620026565613778,0,32,32,184,2,5,3,16
7051,50,-1167223397464139175,0,30,30,191,1,11,9,29
7052,50,4014588569848089829,0,31,31,181,5,4,2,7
7053,50,9064169809121602156,0,31,31,197,2,5,2,13
7054,50,-2404978791177576351,0,30,30,202,2,7,4,13
7055,50,863550009832453272,0,28,28,185,2,5,2,13
7056,50,7581530042935049726,0,40,40,184,3,4,3,10
7057,50,6046424738551276492,0,25,25,183,2,5,2,10
7058,50,7212790798169937067,0,35,35,188,2,3,2,8
7059,50,6766757750413792941,0,39,39,181,7,1,1,1
7060,50,-4336386741560888830,0,40,40,181,1,3,1,5
7061,50,-4068758755358581809,0,27,27,192,2,8,5,16
7062,50,8229649492834859929,0,17,17,203,1,5,2,12
7063,50,4858540875625659679,0,22,22,190,3,4,2,9
7064,50,6182954918210709911,0,34,34,184,1,4,2,11
7065,50,9174374821567221412,0,30,30,188,2,7,4,15
7066,50,3337487191375582857,0,25,25,188,4,5,3,12
7067,50,6522028344844694630,0,28,28,188,7,4,3,12
7068,50,3707325641796483190,0,15,15,203,3,5,3,9
7069,50,573103427671413677,0,33,33,185,2,3,2,9
7070,50,-64474611437742288,0,35,35,182,3,7,5,21
7071,50,-8068879698077965458,0,25,25,181,1,4,1,9
7072,50,-2384411246051978259,0,38,38,191,2,5,2,19
7073,50,6825201911800238082,0,26,26,186,3,3,1,7
7074,50,-4202669579264223723,0,37,37,185,4,4,3,8
7075,50,-6906454743570242023,0,32,32,171,1,4,2,11
7076,50,3598265996304609628,0,24,24,180,2,4,2,11
7077,50,2211932568764545261,0,8,8,188,2,7,4,18
7078,50,1536616159430039827,0,13,13,189,2,6,3,14
7079,50,-1691241841996548166,0,35,35,185,2,2,1,4
7080,50,1706252460474987707,0,26,26,181,3,6,5,14
7081,50,-168339858386475412,0,31,31,191,4,5,4,9
7082,50,1901092711241869787,0,31,31,180,9,2,2,4
7083,50,-5180063502066553446,0,32,32,185,5,2,1,2
7084,50,3105888814777216787,0,20,20,180,4,4,1,16
7085,50,1586001912204522931,0,32,32,183,3,5,2,13
7086,50,-3835961784327111568,0,11,11,188,2,3,1,8
7087,50,-2493475918122303114,0,30,30,181,3,7,4,21
7088,50,-7151031800967009024,0,35,35,194,4,5,4,11
7089,50,1387002530979609511,0,42,42,198,7,8,6,24
7090,50,-1361938453817514583,0,39,39,185,3,6,4,15
7091,50,1121433221283621887,0,28,28,195,1,5,2,11
7092,50,-7426803405289908938,0,42,42,198,1,5,2,7
7093,50,-5265050439870265501,0,34,34,200,4,3,1,6
7094,50,9048401435234279858,0,29,29,184,3,4,2,11
7095,50,-896710932242755751,0,35,35,191,5,3,1,12
7096,50,-4222036318915832071,0,33,33,189,7,1,1,2
7097,50,6056996182710744247,0,23,23,191,3,7,3,18
7098,50,-441274994787849589,0,24,24,185,2,4,2,10
7099,50,-1566594950840061540,0,32,32,199,6,2,1,5
7100,50,6080143991645939875,0,20,20,187,2,9,5,26
7101,50,-3512102247987638620,0,28,28,181,6,4,3,8
7102,50,2874467280180944520,0,16,16,191,1,3,1,7
7103,50,-8557695769823213738,0,28,28,188,4,4,3,11
7104,50,-7476115555304827358,0,34,34,182,3,8,5,18
7105,50,7666126537628402145,0,33,33,179,1,4,2,8
7106,50,-217821214964500785,0,31,31,181,5,2,1,3
7107,50,-7225662410662146552,0,38,38,189,4,4,2,12
7108,50,-409113823637643401,0,30,30,182,4,10,7,29
7109,50,2469555840139976537,0,44,44,174,1,6,4,7
7110,50,7351135041781403101,0,29,29,181,3,2,1,7
7111,50,-3617535722730457436,0,23,23,191,1,9,6,26
7112,50,-5427826500214036680,0,31,31,191,3,6,3,18
7113,50,-5927545777219686741,0,29,29,191,2,6,3,10
7114,50,-3271816872983579135,0,36,36,195,2,4,1,9
7115,50,-5767502533211267050,0,30,30,202,2,8,3,11
7116,50,-5356605655789014770,0,19,19,192,7,4,2,6
7117,50,4412054449360048297,0,35,35,189,4,4,3,11
7118,50,-8075747152938459168,0,12,12,183,1,4,2,12
7119,50,-7670585119291645512,0,40,40,183,5,2,1,2
7120,50,-6781778615847538632,0,32,32,192,1,8,4,18
7121,50,-968773304879451687,0,37,37,182,4,6,3,17
7122,50,3635579192911204591,0,29,29,190,8,3,2,8
7123,50,-1392551795646814757,0,16,16,193,2,5,2,12
7124,50,-32300504944335353,0,24,24,179,3,5,2,13
7125,50,-6295496786203734793,0,38,38,186,4,7,6,18
7126,50,-8704383966302705156,0,32,32,184,5,5,5,5
7127,50,1342927660557849669,0,39,39,206,3,2,1,7
7128,50,3787665557276905568,0,30,30,197,5,4,2,9
7129,50,811127667381894513,0,41,41,187,1,3,1,7
7130,50,-4012796043800265306,0,26,26,186,1,4,1,9
7131,50,6054266615838493870,0,27,27,191,2,4,2,6
7132,50,2793962751919368253,0,40,40,178,6,2,1,10
7133,50,3404415335846060521,0,37,37,194,1,4,2,14
7134,50,1899021599419414240,0,25,25,196,1,5,3,13
7135,50,-4907390383466729150,0,25,25,186,2,8,3,20
7136,50,-273209616878833620,0,21,21,190,2,7,5,15
7137,50,-3205688540052107593,0,30,30,199,4,4,2,8
7138,50,-6172453769565188238,0,25,25,187,1,4,2,11
7139,50,-7937213413132484318,0,32,32,189,2,4,1,12
7140,50,-5818136868065684786,0,42,42,179,1,6,3,19
7141,50,3739154857433845861,0,18,18,193,5,3,1,9
7142,50,2199416652572087928,0,18,18,189,1,4,2,13
7143,50,-1531281114045971742,0,46,46,191,2,4,1,7
7144,50,-1651733115942317735,0,28,28,179,5,4,2,12
7145,50,-2392754886607847887,0,9,9,186,4,3,1,11
7146,50,7955726245549852385,0,26,26,198,3,5,2,17
7147,50,8970300406464462605,0,30,30,188,1,6,4,20
7148,50,-2685520177050156521,0,18,18,191,2,7,4,17
7149,50,5692827107184417934,0,21,21,188,1,3,2,13
7150,50,-6875736826611995151,0,22,22,187,1,4,1,12
7151,50,-496706311785428323,0,15,15,184,4,8,4,27
7152,50,-7219908903301636379,0,33,33,202,1,4,1,7
7153,50,2535716360326139811,0,32,32,188,2,3,1,12
7154,50,6863180983785382335,0,18,18,193,4,5,3,13
7155,50,-7924720819594419837,0,26,26,181,3,4,2,14
7156,50,-1475444419393199179,0,35,35,180,1,10,5,23
7157,50,-5984044489592283702,0,29,29,179,5,4,3,10
7158,50,-3558584699530360904,0,24,24,187,1,3,1,5
7159,50,-1708494004979543771,0,42,42,185,4,7,4,17
7160,50,1126332289433091340,0,26,26,183,6,5,3,15
7161,50,4142307449448595986,0,35,35,189,2,6,3,12
7162,50,-7889852724017829094,0,27,27,181,4,3,2,7
7163,50,-7270507304035831078,0,34,34,179,2,5,3,12
7164,50,-972636785144904060,0,34,34,185,2,6,4,13
7165,50,-1863495106890854722,0,43,43,202,1,6,4,16
7166,50,8849723786574898042,0,8,8,189,1,5,2,7
7167,50,-2740740390445386128,0,22,22,188,2,3,1,9
7168,50,-8048845979100079797,0,44,44,188,3,7,5,19
7169,50,829344685381558212,0,29,29,184,3,3,1,7
7170,50,-2254440543117407425,0,29,29,182,1,4,2,15
7171,50,-2575651451663975257,0,28,28,184,1,2,1,4
7172,50,4117713610091457187,0,21,21,202,1,6,2,16
7173,50,5319942963965861199,0,27,27,189,6,3,2,5
7174,50,6393988617199453732,0,42,42,194,1,4,1,8
7175,50,-2010844804099833420,0,25,25,175,1,5,2,13
7176,50,3211579567224355424,0,35,35,183,7,5,4,19
7177,50,702019275321314878,0,32,32,184,2,3,1,9
7178,50,7361155458176954,0,30,30,181,2,3,1,7
7179,50,9131970737723185087,0,46,46,186,5,3,2,10
7180,50,-7438741574753267347,0,36,36,175,2,5,3,16
7181,50,-3113216118897722717,0,25,25,184,3,4,3,10
7182,50,6193846354797070819,0,27,27,194,1,8,5,18
7183,50,641654554773811557,0,25,25,179,3,5,3,11
7184,50,1612907903277060167,0,31,31,184,3,5,3,14
7185,50,4698061505350606404,0,37,37,181,2,5,2,13
7186,50,4853077878476039000,0,38,38,184,5,2,1,4
7187,50,1862067445587868726,0,45,45,183,4,4,3,10
7188,50,5755647222949318016,0,41,41,175,2,6,3,20
7189,50,5526118398062701341,0,43,43,183,3,3,2,9
7190,50,-5826319903860576731,0,33,33,192,1,6,1,13
7191,50,6619962568499120952,0,43,43,183,3,4,1,11
7192,50,-6796935621323619267,0,35,35,194,3,4,2,8
7193,50,-1544475976138236965,0,17,17,194,2,5,2,9
7194,50,-4813627328047378904,0,30,30,187,2,5,3,12
7195,50,-8803377728540978846,0,23,23,191,1,5,2,12
7196,50,2786694655910679225,0,34,34,191,1,8,5,19
7197,50,4121600652728014435,0,39,39,194,3,8,4,17
7198,50,-6739072293342533739,0,36,36,187,5,3,2,10
7199,50,-7154657005732991966,0,36,36,186,6,5,2,9
7200,50,-3256603320055150400,0,40,40,183,1,4,2,11
7201,50,5448660360449187401,0,44,44,188,7,2,2,6
7202,50,-3893940425805539980,0,34,34,183,1,4,2,9
7203,50,7007527530170138072,0,20,20,190,7,3,2,3
7204,50,-886629147406236107,0,29,29,202,2,6,3,12
7205,50,-5479630132058826919,0,30,30,188,2,7,2,12
7206,50,-2270472213358858207,0,17,17,195,3,4,2,10
7207,50,-3358033019497392040,0,20,20,193,5,3,1,8
7208,50,-5932797431781299828,0,21,21,180,1,7,5,25
7209,50,279153766132226066,0,31,31,182,3,2,1,6
7210,50,4606901310716044236,0,36,36,180,5,2,2,6
7211,50,-1018363057680795796,0,30,30,180,7,4,2,14
7212,50,-3343809752860160432,0,20,20,184,1,7,4,17
7213,50,5204284761772346406,0,37,37,187,6,5,4,17
7214,50,2039018984157075191,0,28,28,186,2,3,1,9
7215,50,-6326522560475460784,0,33,33,178,2,3,2,8
7216,50,-5304293917505709154,0,31,31,188,4,6,4,14
7217,50,2130471372339357436,0,22,22,196,1,4,2,9
7218,50,-4058194185852313349,0,37,37,192,6,2,2,6
7219,50,5337306502998610740,0,36,36,190,2,5,3,11
7220,50,-7561489086816116055,0,15,15,191,5,4,3,8
7221,50,6582439419395319342,0,35,35,186,2,5,2,10
7222,50,6643356678110171267,0,35,35,189,6,4,2,8
7223,50,-6145098764168214594,0,31,31,195,3,5,2,14
7224,50,6104747435810606388,0,39,39,187,1,5,2,11
7225,50,8922018294034899979,0,30,30,189,2,5,2,8
7226,50,2105793042419712526,0,23,23,182,2,6,4,11
7227,50,-2609025566881901179,0,39,39,181,7,1,1,4
7228,50,7053805415215750171,0,41,41,189,1,4,2,11
7229,50,-2956711450454377962,0,20,20,185,1,5,2,9
7230,50,-1464338375992359311,0,32,32,191,3,4,3,11
7231,50,-8434767811677591657,0,46,46,197,6,5,3,10
7232,50,795043086455535050,0,17,17,185,5,2,1,5
7233,50,9160518362053538693,0,21,21,193,4,3,1,6
7234,50,4259372672040786259,0,34,34,188,9,2,2,6
7235,50,-2164361995119934988,0,39,39,199,1,8,5,15
7236,50,5056673692468954308,0,36,36,195,2,3,1,9
7237,50,1007561935445053379,0,24,24,192,7,4,3,12
7238,50,1140521641817122736,0,21,21,181,5,3,1,7
7239,50,1393504069681556496,0,28,28,187,5,3,1,6
7240,50,-5622697479160404451,0,26,26,191,1,7,4,20
7241,50,-496914887759620882,0,31,31,181,2,6,4,10
7242,50,-5736786227486054825,0,32,32,195,2,6,3,12
7243,50,5293614687119387477,0,28,28,183,6,5,2,13
7244,50,8262168273859225601,0,23,23,192,3,4,2,11
7245,50,1535994976566964825,0,25,25,184,1,4,2,12
7246,50,-2370752013713999764,0,33,33,182,4,4,3,7
7247,50,-9012254820922847841,0,21,21,188,1,5,1,14
7248,50,3007036907995404331,0,36,36,181,3,2,1,4
7249,50,-4001635212045126900,0,28,28,184,8,4,3,7
7250,50,-6741392968144001562,0,44,44,186,1,5,2,15
7251,50,187424054167897022,0,26,26,171,5,4,2,5
7252,50,6573413345328095854,0,43,43,192,2,5,2,13
7253,50,678284986403110975,0,25,25,186,3,2,1,6
7254,50,-2486223766958595566,0,38,38,186,7,4,3,13
7255,50,6803238141985033207,0,31,31,198,3,4,1,10
7256,50,3603718248593456944,0,30,30,178,7,5,3,15
7257,50,-5309668989651209245,0,10,10,186,3,5,3,9
7258,50,4307347233444749838,0,35,35,192,1,3,1,9
7259,50,-2010336293002924924,0,33,33,178,3,3,2,5
7260,50,-5007795932059422230,0,33,33,192,7,2,1,5
7261,50,-467000776615478503,0,33,33,189,4,5,4,13
7262,50,4477753185956250447,0,35,35,193,3,7,3,13
7263,50,-51800846807073265,0,44,44,198,1,5,2,12
7264,50,6453889492667094953,0,28,28,196,3,3,2,8
7265,50,7901693522434984120,0,30,30,197,2,3,1,9
7266,50,-8603186210305342948,0,40,40,186,2,3,2,6
7267,50,-8602770157037287877,0,34,34,193,7,3,1,9
7268,50,8910356790567798160,0,30,30,189,3,5,3,13
7269,50,8194495934737127371,0,24,24,189,5,3,1,4
7270,50,-1496825066887282672,0,33,33,185,6,1,1,3
7271,50,7634809687569293851,0,35,35,186,1,7,4,19
7272,50,3921374843813230420,0,28,28,182,1,6,3,16
7273,50,-6469079932266709487,0,27,27,181,1,3,1,5
7274,50,174457471790389916,0,26,26,190,1,5,3,7
7275,50,-3478199258393624391,0,43,43,184,2,8,6,11
7276,50,-2502221533090951746,0,38,38,188,2,5,3,11
7277,50,-2539579051006423428,0,29,29,189,5,4,2,9
7278,50,-5377605143192022654,0,23,23,204,1,10,5,25
7279,50,3742902384836619665,0,45,45,177,6,5,3,14
7280,50,6321283110136880429,0,23,23,178,3,6,4,15
7281,50,-2629353470226478158,0,22,22,191,2,5,3,14
7282,50,5432009253552667995,0,25,25,179,5,3,2,6
7283,50,-1474926323454399725,0,38,38,187,1,3,1,7
7284,50,6804208434356145169,0,33,33,193,2,5,2,16
7285,50,3932933444362447503,0,32,32,190,4,3,1,6
7286,50,5429333494388708882,0,43,43,191,1,4,1,10
7287,50,-9006114492963054300,0,25,25,188,2,7,4,16
7288,50,-6755442398688165519,0,27,27,183,1,4,2,10
7289,50,2963453208551433377,0,37,37,176,4,3,2,10
7290,50,-2691383107510531737,0,40,40,199,6,3,2,8
7291,50,2567301396006044573,0,14,14,186,1,8,4,23
7292,50,5105138830999446374,0,38,38,189,2,6,2,13
7293,50,-3984053776793888085,0,34,34,186,4,4,2,9
7294,50,-2650174771799449234,0,26,26,182,3,4,1,8
7295,50,7953717277621716171,0,35,35,176,1,5,3,11
7296,50,613137449552930206,0,30,30,193,1,4,1,13
7297,50,2693595050416047906,0,37,37,194,2,9,5,21
7298,50,-7309682396278228211,0,41,41,198,1,10,6,35
7299,50,-5279009236020541459,0,30,30,174,6,3,2,11
7300,50,-2647064549462906918,0,29,29,181,1,7,4,19
7301,50,-1633932705461239629,0,19,19,183,6,4,3,12
7302,50,9069699050033351809,0,2,2,181,2,2,1,5
7303,50,5396588012256403386,0,41,41,193,3,6,3,21
7304,50,-3491584878580734864,0,23,23,189,1,5,2,9
7305,50,-3231779442708443973,0,29,29,193,3,6,4,19
7306,50,-5063665497023726631,0,39,39,183,2,8,4,22
7307,50,-8951806386676267816,0,26,26,191,3,8,5,22
7308,50,-8152033739326492983,0,34,34,183,1,4,2,8
7309,50,-710820281994296883,0,33,33,194,2,6,3,12
7310,50,-3611677728816298631,0,35,35,187,2,4,2,10
7311,50,-6105487804772720538,0,42,42,194,4,2,1,8
7312,50,-3362643979455053340,0,44,44,192,6,1,1,3
7313,50,288181556174469680,0,21,21,189,3,9,6,25
7314,50,3461346839241585305,0,34,34,199,1,8,5,15
7315,50,7163368446781204083,0,24,24,184,1,4,2,10
7316,50,-4401214514152202542,0,7,7,194,1,10,6,27
7317,50,289765969171240542,0,40,40,185,2,5,3,10
7318,50,5394690157837541316,0,29,29,190,4,7,5,15
7319,50,2112746879777423492,0,24,24,172,7,4,3,8
7320,50,7915360602186447672,0,28,28,190,3,3,2,10
7321,50,-4353730654817857657,0,41,41,192,2,6,3,12
7322,50,-5152870727154560166,0,34,34,189,2,5,3,9
7323,50,6576406637576308754,0,42,42,190,5,5,2,15
7324,50,-1908821834434805808,0,32,32,188,4,3,2,8
7325,50,-257297102243161588,0,28,28,188,2,4,2,10
7326,50,7649489439377466382,0,18,18,182,5,6,3,13
7327,50,-1354806602765790967,0,27,27,186,2,4,2,10
7328,50,1999189876686935784,0,38,38,192,6,2,2,4
7329,50,-6536672217526593532,0,34,34,190,6,4,2,12
7330,50,4682826323671297896,0,31,31,181,7,2,2,6
7331,50,1402567088393258059,0,33,33,182,1,6,4,9
7332,50,31276440408869601,0,30,30,181,2,4,2,17
7333,50,2416844386116541370,0,24,24,180,2,2,1,5
7334,50,8493590695434870851,0,29,29,184,5,5,3,11
7335,50,8622601674129852971,0,19,19,193,1,4,2,8
7336,50,-3912247197248703311,0,30,30,199,2,6,3,16
7337,50,949498352362764844,0,42,42,187,1,9,5,20
7338,50,1222956330344924496,0,22,22,192,4,7,4,16
7339,50,4022403548026193139,0,40,40,186,6,2,1,7
7340,50,665692402253052514,0,44,44,188,4,7,5,17
7341,50,3617442476989509006,0,41,41,191,5,2,1,6
7342,50,-7249301451356997742,0,10,10,185,2,5,2,10
7343,50,-3144704241950631074,0,35,35,184,4,2,1,6
7344,50,-9121153467773461103,0,33,33,204,1,14,8,34
7345,50,-3662556609736079419,0,28,28,200,1,6,2,12
7346,50,2880432371533713633,0,27,27,189,4,4,2,7
7347,50,-5944943468729953506,0,27,27,184,4,5,3,15
7348,50,-8979493252477658641,0,24,24,195,6,4,2,13
7349,50,-6440136142964493075,0,17,17,189,4,6,3,17
7350,50,-3873406709052902809,0,36,36,180,4,3,2,5
7351,50,-2225715198610703529,0,37,37,183,1,6,4,18
7352,50,-203027351155125309,0,42,42,185,3,10,7,19
7353,50,-5800664290145874476,0,43,43,190,1,3,1,4
7354,50,-7706886146384176347,0,38,38,182,3,5,2,14
7355,50,-4167008367457638622,0,38,38,192,2,7,3,19
7356,50,5012638547677828711,0,41,41,191,1,4,2,8
7357,50,-4694743283265783172,0,44,44,184,3,4,2,10
7358,50,4923273472641420911,0,18,18,177,5,6,5,12
7359,50,-631126044700215285,0,37,37,181,2,3,1,8
7360,50,2390668769479074503,0,39,39,177,4,7,5,22
7361,50,-4076816357015313251,0,40,40,195,1,4,1,10
7362,50,-4029172019194312084,0,31,31,198,6,3,2,10
7363,50,-2756929572697507692,0,38,38,187,1,4,2,10
7364,50,8297646317723864549,0,43,43,186,2,12,8,31
7365,50,6626556248075385376,0,19,19,202,2,4,2,7
7366,50,40549216176033431,0,13,13,198,4,3,1,5
7367,50,-3178964953101629776,0,30,30,191,3,5,2,7
7368,50,-8549125721432674473,0,29,29,211,5,4,1,12
7369,50,-6829372016329769051,0,25,25,192,2,3,2,11
7370,50,2165211228828021313,0,36,36,213,1,5,2,11
7371,50,-1187151467848823224,0,18,18,183,1,10,7,21
7372,50,-374492950889750585,0,42,42,194,3,5,2,13
7373,50,-2513935803323993346,0,0,0,183,4,5,2,7
7374,50,4680720343862299404,0,29,29,185,4,3,1,8
7375,50,8959184701098070970,0,30,30,190,2,4,1,10
7376,50,-7134370167717066894,0,33,33,190,3,8,5,18
7377,50,-6164151455224676942,0,33,33,181,3,4,3,13
7378,50,2958961717271323505,0,26,26,182,6,2,1,4
7379,50,6917335364402269781,0,37,37,183,2,4,1,13
7380,50,3111330924439092394,0,40,40,183,7,2,1,5
7381,50,8737059629708277627,0,32,32,195,3,6,4,14
7382,50,-216340670676958917,0,33,33,183,4,5,3,11
7383,50,2839655924166890206,0,13,13,203,1,8,4,19
7384,50,-2821671533295685036,0,15,15,186,3,6,3,12
7385,50,7743415998293375176,0,39,39,190,2,4,2,12
7386,50,8460921312691158026,0,25,25,183,1,6,3,19
7387,50,-7492678950465958387,0,28,28,185,1,5,2,8
7388,50,3374537075401586283,0,25,25,184,3,6,4,15
7389,50,-3554785864684323524,0,26,26,177,2,6,3,23
7390,50,106418878958429138,0,33,33,180,2,3,2,3
7391,50,8417228662732738321,0,23,23,195,3,4,2,11
7392,50,4682839199970558075,0,7,7,189,2,3,2,3
7393,50,7721586812653426221,0,46,46,191,4,4,3,10
7394,50,-3714442930175461543,0,37,37,181,1,6,2,17
7395,50,7392758629289370120,0,21,21,187,1,3,2,9
7396,50,-9207833865886052314,0,38,38,182,5,5,3,17
7397,50,-6825525183445144282,0,22,22,186,2,5,3,9
7398,50,-1822640453930325316,0,29,29,172,1,9,5,22
7399,50,8901496049011112584,0,25,25,186,1,5,2,11
7400,50,3118884524368092067,0,25,25,175,4,3,1,9
7401,50,-3020310274542430619,0,33,33,187,5,3,1,9
7402,50,3914770260994604522,0,42,42,186,6,5,3,13
7403,50,9090333034011962905,0,24,24,182,2,3,1,11
7404,50,-6424213831829926342,0,36,36,192,5,3,1,8
7405,50,48887359138919261,0,25,25,191,1,7,3,11
7406,50,4475312855061226279,0,42,42,181,3,9,6,18
7407,50,8664268228444864185,0,36,36,195,2,5,3,14
7408,50,-3209355659801684279,0,26,26,187,3,6,4,17
7409,50,4735288797576766774,0,28,28,183,2,4,3,9
7410,50,4302581326182151563,0,7,7,192,1,3,1,14
7411,50,1320446679844975958,0,26,26,183,3,4,2,11
7412,50,-3560121274111179198,0,42,42,185,4,2,1,8
7413,50,5690953752027172680,0,32,32,188,2,7,4,20
7414,50,-7479132168187101311,0,30,30,180,1,7,4,20
7415,50,2645371026912578647,0,25,25,192,4,5,2,12
7416,50,7629060113446911531,0,31,31,192,4,6,3,14
7417,50,2669190996463217060,0,29,29,186,1,5,2,12
7418,50,2904919938834911560,0,29,29,198,3,3,2,7
7419,50,-4954107010567362028,0,19,19,187,6,3,2,5
7420,50,729415009367404316,0,22,22,185,2,5,2,11
7421,50,-2206773062853024885,0,30,30,187,3,3,2,9
7422,50,4900412453045036917,0,31,31,173,2,5,2,17
7423,50,90996485317487449,0,29,29,188,1,6,2,13
7424,50,-8223256884693604540,0,29,29,180,2,5,4,11
7425,50,-2347530971200580108,0,38,38,186,2,6,3,12
7426,50,5718440455814193519,0,40,40,194,5,4,2,11
7427,50,532450058308795879,0,38,38,177,1,4,2,11
7428,50,5870672536523370725,0,37,37,183,7,4,3,11
7429,50,3712227287290873354,0,28,28,175,6,2,1,5
7430,50,-1674282883899717646,0,30,30,186,4,4,2,10
7431,50,1816031049302969075,0,34,34,192,3,4,2,4
7432,50,7267702194774966484,0,41,41,191,1,9,5,16
7433,50,7399034187041863596,0,28,28,181,5,5,4,16
7434,50,-7860685074236808307,0,6,6,182,1,5,3,11
7435,50,7268895616594162086,0,35,35,187,4,4,2,8
7436,50,-8231066422716353286,0,33,33,181,3,4,2,10
7437,50,-1828732735258603540,0,37,37,197,1,8,4,16
7438,50,6567712732166218532,0,16,16,180,2,7,4,17
7439,50,814170198260404635,0,30,30,189,1,4,1,13
7440,50,-4691643403089993003,0,28,28,199,3,3,1,9
7441,50,-756138639264757871,0,26,26,181,2,4,1,8
7442,50,-5828846499600166290,0,18,18,183,2,3,1,9
7443,50,5429350853737702755,0,39,39,182,5,3,2,8
7444,50,4835136935563376119,0,39,39,185,3,4,2,12
7445,50,385802231297781140,0,31,31,189,4,3,2,8
7446,50,5676437918588543096,0,33,33,173,9,1,1,5
7447,50,6864337756170104068,0,31,31,191,1,4,1,9
7448,50,-429232697870623098,0,36,36,195,3,3,1,7
7449,50,5985862855991425446,0,42,42,192,1,7,4,14
7450,50,741262908434970144,0,40,40,178,6,5,3,10
7451,50,-3507917744423606154,0,39,39,179,3,2,1,6
7452,50,-6233361290524520517,0,36,36,183,3,4,1,6
7453,50,5007080956094459561,0,30,30,191,2,3,1,5
7454,50,-4237796353946968934,0,35,35,183,2,3,2,11
7455,50,8159893936683180581,0,25,25,192,3,7,4,13
7456,50,-7686260484333105565,0,30,30,190,1,4,2,12
7457,50,-8289948747776881357,0,36,36,184,3,11,8,34
7458,50,791949677836170223,0,31,31,186,3,6,4,12
7459,50,580808796372715890,0,33,33,192,2,5,3,13
7460,50,5049615639163735905,0,19,19,190,8,2,1,7
7461,50,4634109647718782478,0,39,39,198,3,5,2,10
7462,50,6567970988091488633,0,20,20,184,2,13,10,26
7463,50,8959730954313948466,0,31,31,192,5,2,2,4
7464,50,-6607850720854366678,0,35,35,191,6,3,2,6
7465,50,4346009192936365242,0,29,29,190,1,4,3,14
7466,50,3809915178678017641,0,23,23,188,3,4,3,10
7467,50,-1080728399603177939,0,44,44,202,2,5,1,9
7468,50,6150013084197618503,0,37,37,184,2,4,2,6
7469,50,-2679252130439353878,0,34,34,188,2,10,7,29
7470,50,-3070959723335242175,0,25,25,176,3,10,8,24
7471,50,-8275863967325486688,0,26,26,183,4,6,3,15
7472,50,-7765087732130905385,0,48,48,183,9,1,1,2
7473,50,-5813506466490716669,0,32,32,194,2,7,5,17
7474,50,-8251060202760059558,0,28,28,193,2,6,3,11
7475,50,-5790817838949352516,0,32,32,187,2,7,4,18
7476,50,-7522568479167673590,0,22,22,186,6,4,2,10
7477,50,6243649438953112480,0,37,37,186,4,5,3,10
7478,50,-8237282255264164000,0,22,22,187,1,3,1,7
7479,50,7298124897457076772,0,23,23,189,8,4,3,12
7480,50,-859561809653974361,0,32,32,179,4,5,3,11
7481,50,-8079483546955759088,0,30,30,186,1,6,4,17
7482,50,720412714421503440,0,36,36,179,5,10,8,28
7483,50,7418469690711783027,0,4,4,196,2,12,6,31
7484,50,5800362963246573447,0,41,41,189,7,2,1,3
7485,50,-4265505460159881258,0,35,35,185,3,4,1,8
7486,50,-6814427641591789951,0,35,35,198,1,5,2,13
7487,50,-7425919498030151500,0,27,27,178,6,3,2,9
7488,50,3447778001894337815,0,29,29,186,3,5,3,17
7489,50,-2265385266865134295,0,30,30,179,4,4,1,9
7490,50,482371475965499928,0,30,30,204,1,6,3,12
7491,50,99130986211049960,0,23,23,187,2,10,7,29
7492,50,-8449219718908163366,0,39,39,193,2,5,3,12
7493,50,-3233240804608348558,0,32,32,188,6,3,2,8
7494,50,177576734511321746,0,33,33,187,3,6,4,15
7495,50,8035118157231707780,0,28,28,185,3,3,1,9
7496,50,8134982642851812069,0,45,45,177,4,2,1,4
7497,50,7558860847073296080,0,34,34,188,1,4,1,7
7498,50,685908725305846206,0,41,41,178,1,4,2,11
7499,50,-7333166886156314384,0,42,42,181,3,3,1,9
7500,50,-1083165563219072926,0,39,39,197,8,4,3,6
7501,50,3282447257281176215,0,27,27,190,3,5,3,17
7502,50,-3791233754352916544,0,33,33,198,1,9,6,21
7503,50,5772293730131887113,0,40,40,192,1,5,2,9
7504,50,1413228980223495693,0,31,31,186,3,10,7,24
7505,50,-1596699124639358516,0,39,39,183,3,5,3,13
7506,50,5792750164533762448,0,17,17,178,4,6,3,18
7507,50,8050062906588976543,0,23,23,181,6,4,3,8
7508,50,-3697752145720900422,0,28,28,189,1,7,5,14
7509,50,-1434108910151761237,0,32,32,177,2,7,3,22
7510,50,8663409280767514489,0,36,36,189,3,4,2,10
7511,50,-4378855082807969544,0,34,34,173,5,4,1,7
7512,50,7198115451797420493,0,35,35,176,2,3,1,8
7513,50,-5509904310129157086,0,31,31,189,1,5,2,14
7514,50,-1408183994596336742,0,31,31,193,1,3,1,10
7515,50,-8762862912411254453,0,34,34,189,4,3,1,11
7516,50,-258028233832020544,0,36,36,189,3,4,2,11
7517,50,-4131932614959237037,0,39,39,190,3,5,4,11
7518,50,-1979769743036848024,0,30,30,191,2,4,3,9
7519,50,5935215290413282374,0,41,41,189,3,3,1,7
7520,50,-7983665289526560096,0,35,35,187,4,2,1,3
7521,50,8456934326998959894,0,33,33,195,4,7,4,21
7522,50,7727055826158305066,0,39,39,198,1,6,4,15
7523,50,7435025717990548617,0,42,42,182,1,8,5,23
7524,50,-1009747377972313455,0,37,37,188,4,3,1,8
7525,50,543304594292580468,0,44,44,192,2,4,1,10
7526,50,3441699749971125884,0,28,28,194,2,4,3,8
7527,50,-3557595712924492759,0,40,40,200,1,5,2,15
7528,50,813426828792647238,0,32,32,179,4,4,3,6
7529,50,7007112070496147245,0,40,40,168,7,5,3,14
7530,50,5665883331707896013,0,42,42,196,2,5,3,10
7531,50,-6852040720145197266,0,19,19,196,3,5,1,11
7532,50,712421943253750665,0,25,25,182,1,5,2,13
7533,50,8486129190718708531,0,40,40,184,1,6,3,17
7534,50,-1640343866387631391,0,21,21,192,3,5,3,9
7535,50,-4077863532123468267,0,26,26,182,1,7,5,19
7536,50,-5150456938547291207,0,38,38,190,1,4,1,12
7537,50,-346880565782959059,0,37,37,184,4,6,4,14
7538,50,-3108221956076381617,0,30,30,182,3,3,1,6
7539,50,-697557435655729074,0,25,25,190,2,3,2,8
7540,50,-3685424168084889017,0,36,36,183,8,2,1,5
7541,50,-5753012393996035083,0,37,37,175,1,4,2,13
7542,50,2614109430897529859,0,21,21,180,3,3,2,7
7543,50,4183266584947257023,0,28,28,177,2,5,3,11
7544,50,-5266775359276481736,0,32,32,186,8,4,3,6
7545,50,3324136918449430810,0,46,46,187,1,9,6,19
7546,50,-3366479590747434307,0,40,40,191,5,2,1,3
7547,50,7035833002876565055,0,30,30,181,1,8,6,11
7548,50,-1401610046179477082,0,29,29,194,1,8,3,18
7549,50,-5608781164023449249,0,38,38,194,2,6,4,12
7550,50,6189584312000038289,0,27,27,196,1,3,1,8
7551,50,-4355681848364369380,0,17,17,190,5,3,2,9
7552,50,-7443245393504080321,0,35,35,177,1,6,3,12
7553,50,9154397890008390714,0,35,35,186,2,4,1,8
7554,50,-7563161819305685402,0,37,37,188,4,8,6,17
7555,50,6244061614231662230,0,41,41,198,4,4,2,11
7556,50,892096407000896964,0,39,39,185,2,8,4,19
7557,50,8895713725919624534,0,29,29,181,3,5,2,12
7558,50,2074807944609450103,0,40,40,191,1,7,3,11
7559,50,-2505542313161944223,0,18,18,196,1,10,4,31
7560,50,5598786179411353483,0,36,36,181,3,4,2,7
7561,50,8594091660939960081,0,25,25,199,1,3,1,9
7562,50,3942672200483692245,0,27,27,184,2,2,1,4
7563,50,-1421907569490792921,0,34,34,199,1,8,4,16
7564,50,-6378503859191483394,0,47,47,172,5,4,2,8
7565,50,1391704735079937279,0,24,24,189,4,8,5,19
7566,50,6108120812259013346,0,37,37,183,4,5,3,12
7567,50,-1335635835018373884,0,27,27,182,6,5,3,12
7568,50,3035594805575729946,0,34,34,191,5,2,1,3
7569,50,-6977787772445485467,0,41,41,195,6,3,2,7
7570,50,-8086925873714621737,0,27,27,185,4,2,1,3
7571,50,-2981227879309997816,0,19,19,187,1,7,4,17
7572,50,-6570874156825074959,0,28,28,175,1,7,4,16
7573,50,6972655044014309566,0,33,33,188,3,5,3,14
7574,50,1622906861146128447,0,22,22,173,2,4,2,11
7575,50,3850161034116292792,0,19,19,186,1,7,5,20
7576,50,-4883691029844492760,0,17,17,185,5,7,4,22
7577,50,-6773603134758442438,0,19,19,189,2,7,5,20
7578,50,-653266706114083206,0,37,37,183,6,3,1,10
7579,50,6537687151444689550,0,33,33,183,1,5,2,9
7580,50,7667896068471427706,0,37,37,192,1,5,3,7
7581,50,-8036979393001642950,0,45,45,197,1,7,5,15
7582,50,-8873301703490182853,0,32,32,199,1,2,1,7
7583,50,-1957057528993140876,0,38,38,177,1,7,4,17
7584,50,7020094950961397555,0,31,31,180,2,4,2,8
7585,50,8365555699050778070,0,34,34,195,2,7,4,18
7586,50,8247356162482991882,0,33,33,183,4,2,1,7
7587,50,-6589924335359763123,0,18,18,185,3,5,2,12
7588,50,-9165588064641014859,0,35,35,195,2,4,2,9
7589,50,99059884079715927,0,23,23,195,1,5,2,9
7590,50,-8628841052825875517,0,24,24,182,1,6,4,18
7591,50,-2543519340760047251,0,23,23,197,1,9,6,22
7592,50,-3733650344263971337,0,19,19,193,5,7,5,13
7593,50,-7762571095419269187,0,40,40,178,4,3,2,5
7594,50,-3656012039712571626,0,28,28,184,3,3,1,10
7595,50,2931480293964081947,0,33,33,187,2,5,3,16
7596,50,1692826311716976896,0,36,36,189,4,2,1,3
7597,50,-1066836051336834759,0,19,19,185,5,5,3,11
7598,50,-2750723053522531579,0,38,38,197,2,3,1,6
7599,50,-1577494067227668970,0,25,25,177,3,4,2,11
7600,50,-1478429074114913423,0,41,41,181,2,2,1,3
7601,50,-4502082360793454156,0,38,38,183,2,5,2,10
7602,50,144521272897375848,0,36,36,189,1,7,4,24
7603,50,-394296621320495859,0,23,23,186,2,5,2,12
7604,50,-311489633905015303,0,42,42,178,3,3,1,5
7605,50,7029742041955115591,0,23,23,187,1,3,2,12
7606,50,-91984444771020948,0,28,28,192,4,4,2,7
7607,50,-9077225446591753178,0,29,29,189,6,2,1,3
7608,50,-1951734705431260706,0,43,43,186,2,8,4,19
7609,50,-4758345204118859583,0,32,32,194,2,8,5,18
7610,50,-4684677539040685552,0,16,16,186,3,4,3,12
7611,50,4607492264270943096,0,37,37,193,3,5,3,12
7612,50,-3312146606717476997,0,22,22,184,2,3,1,8
7613,50,-1225516572098332123,0,33,33,178,2,2,1,4
7614,50,1502404665625427622,0,25,25,190,1,5,3,14
7615,50,5124640558951164304,0,22,22,187,3,2,1,5
7616,50,1330375216256722108,0,27,27,188,2,7,4,18
7617,50,-570620317763418840,0,37,37,190,1,6,3,15
7618,50,287403098822858840,0,35,35,175,4,3,2,8
7619,50,3130424028205624816,0,32,32,198,3,4,2,8
7620,50,-6579895241266426973,0,35,35,186,5,2,2,8
7621,50,-7879037975066329929,0,31,31,186,3,6,4,15
7622,50,-7924514785453898847,0,22,22,189,2,4,1,14
7623,50,-2122162907361809524,0,24,24,192,1,6,3,16
7624,50,3811398686380482759,0,25,25,185,9,2,2,4
7625,50,3688442830626988655,0,10,10,196,2,4,2,8
7626,50,1944510449421835472,0,44,44,177,7,1,1,5
7627,50,2732604291069369163,0,32,32,194,2,8,5,17
7628,50,1605828286137864656,0,24,24,187,1,4,2,8
7629,50,-8659526711063178973,0,44,44,199,2,7,3,12
7630,50,6234157829151825545,0,33,33,175,3,3,1,8
7631,50,-515586700279779700,0,29,29,185,6,3,2,7
7632,50,5461661885926816764,0,43,43,192,6,2,1,6
7633,50,-8632992489228636325,0,28,28,192,5,2,2,6
7634,50,7836471763833559107,0,22,22,195,1,4,1,12
7635,50,1215182750567295390,0,27,27,194,1,5,3,12
7636,50,-3800376531065894243,0,33,33,185,7,3,3,5
7637,50,-3591742844963343921,0,34,34,197,2,3,1,6
7638,50,-5478953011786222390,0,32,32,186,2,4,2,8
7639,50,4881511124479888966,0,31,31,191,1,5,3,18
7640,50,-4304781332646533735,0,33,33,193,2,5,2,16
7641,50,6313503950079290863,0,32,32,184,3,3,1,10
7642,50,-982764915517697858,0,26,26,182,8,2,2,4
7643,50,-3884744963003640259,0,26,26,186,1,5,3,13
7644,50,-2725408487298600983,0,40,40,183,1,7,4,14
7645,50,123041436828449886,0,26,26,197,2,5,2,14
7646,50,5310685466572103955,0,21,21,197,1,5,2,13
7647,50,1878811778975055280,0,23,23,195,1,6,4,11
7648,50,-1210766657560455654,0,34,34,185,7,3,2,7
7649,50,423184873572330354,0,30,30,189,1,3,1,7
7650,50,4940593079612860816,0,37,37,179,5,11,9,13
7651,50,6485710364602867134,0,34,34,196,2,5,2,16
7652,50,6072364103669509327,0,34,34,183,3,4,3,4
7653,50,-9097753328405577289,0,17,17,189,1,7,3,21
7654,50,-2921611189908356272,0,26,26,182,2,3,2,6
7655,50,-1251410136862812418,0,1,1,192,1,7,5,10
7656,50,-1130771870638366916,0,29,29,190,1,8,4,24
7657,50,-7291199632420564887,0,41,41,181,5,3,2,7
7658,50,-8497315780199992509,0,23,23,183,8,2,1,4
7659,50,8459293731224423414,0,32,32,185,2,7,5,20
7660,50,3969544893451906477,0,24,24,186,8,5,4,18
7661,50,2253623411656939005,0,31,31,188,6,3,2,3
7662,50,7454425441837338798,0,40,40,185,2,6,4,8
7663,50,-8135024943468794971,0,35,35,190,2,10,7,24
7664,50,-7589623634533041155,0,22,22,177,4,6,4,11
7665,50,-7093804253682716520,0,26,26,184,6,3,2,9
7666,50,-4198185347547776089,0,6,6,192,6,9,6,26
7667,50,4300487034776685562,0,24,24,190,2,6,3,15
7668,50,6362170734897704991,0,34,34,186,4,3,1,9
7669,50,-3718638054711172970,0,40,40,187,2,4,3,10
7670,50,8135224220198626202,0,27,27,185,2,5,2,19
7671,50,3168148393687422042,0,40,40,193,5,5,3,15
7672,50,-3458405169502855015,0,28,28,191,1,8,4,20
7673,50,-4212450570997458171,0,38,38,177,2,8,7,19
7674,50,5013882308977728967,0,28,28,196,1,6,2,12
7675,50,6538641467919120414,0,12,12,190,4,8,5,13
7676,50,2060789068663722756,0,39,39,178,5,9,6,18
7677,50,385698969112734759,0,37,37,188,5,3,1,11
7678,50,-3179843704242435135,0,48,48,188,1,9,5,23
7679,50,8246236678016696594,0,43,43,187,1,9,5,25
7680,50,-6375172702597657970,0,33,33,189,2,5,2,13
7681,50,6478516578716772852,0,32,32,187,3,4,2,6
7682,50,3730574664648151536,0,25,25,181,5,3,2,8
7683,50,88640896421718520,0,21,21,190,2,5,3,10
7684,50,782059517703906935,0,19,19,179,1,5,2,12
7685,50,-1410471962119784811,0,27,27,199,2,5,2,11
7686,50,-3489601452106539504,0,27,27,190,4,7,4,18
7687,50,4714468351385340163,0,23,23,184,3,6,3,13
7688,50,107782086393041047,0,33,33,179,1,9,5,18
7689,50,6346997979602735850,0,28,28,193,2,5,2,14
7690,50,-8470101267615744592,0,24,24,191,2,7,5,19
7691,50,5217293901096421980,0,28,28,192,2,5,4,11
7692,50,-8340640109333808169,0,37,37,180,5,2,2,8
7693,50,5874410429874127109,0,43,43,200,7,2,2,6
7694,50,6052953337154208948,0,41,41,190,3,3,2,5
7695,50,-4432505640261780831,0,37,37,198,3,4,2,8
7696,50,-8908529369526209869,0,35,35,191,2,3,1,6
7697,50,-4996131535732902227,0,34,34,187,1,7,4,18
7698,50,-1478782743259790380,0,22,22,184,2,9,6,19
7699,50,-109542960820395679,0,30,30,188,2,5,2,16
7700,50,7688188551567127999,0,30,30,187,5,2,1,8
7701,50,2203561844544118748,0,31,31,186,1,4,1,9
7702,50,5764817597299003163,0,31,31,195,4,4,3,9
7703,50,-1166143326201730143,0,26,26,198,5,4,2,7
7704,50,6961390494744390175,0,10,10,187,1,12,7,32
7705,50,8760012423455322434,0,29,29,197,1,7,4,15
7706,50,2091442075385992296,0,25,25,178,1,4,2,10
7707,50,-396844245337774502,0,25,25,186,4,4,2,8
7708,50,-2428248994981095411,0,20,20,194,1,6,3,11
7709,50,-2183112980750480705,0,42,42,188,1,3,2,3
7710,50,-2543228179778878992,0,36,36,184,3,8,5,22
7711,50,-3440911409735251720,0,40,40,181,1,7,4,20
7712,50,-1720368844675434154,0,18,18,187,2,3,1,8
7713,50,2048955755596999148,0,33,33,180,3,3,1,7
7714,50,3178859447686986938,0,41,41,184,5,6,5,13
7715,50,7110845109464141788,0,34,34,185,2,5,3,17
7716,50,4253799829784516573,0,25,25,178,2,8,5,22
7717,50,7932730076384521363,0,33,33,180,1,6,3,16
7718,50,7447713139303098145,0,35,35,192,1,4,2,12
7719,50,-989966228675942693,0,21,21,184,5,6,5,12
7720,50,2764535016763931671,0,42,42,185,1,5,3,17
7721,50,-555096294221618381,0,18,18,192,1,8,4,21
7722,50,8503913822145673046,0,24,24,188,8,2,1,5
7723,50,-8186503583861496898,0,22,22,186,3,3,2,8
7724,50,-8107393629548041330,0,37,37,188,1,4,1,11
7725,50,-3696144226471857283,0,36,36,186,2,5,3,10
7726,50,4218887033305570780,0,34,34,191,1,6,3,11
7727,50,-1223712514447830848,0,19,19,190,2,12,8,25
7728,50,-1582364936143620257,0,22,22,186,1,3,1,8
7729,50,8180476442146966233,0,27,27,201,6,2,1,5
7730,50,1839356066901801994,0,39,39,179,3,6,4,20
7731,50,7815649470776018707,0,33,33,186,3,8,4,28
7732,50,-4192797951838774597,0,16,16,190,4,4,3,10
7733,50,-739184668935184158,0,35,35,190,1,7,3,21
7734,50,563707226411248268,0,41,41,198,2,2,1,2
7735,50,-115280841306105509,0,35,35,193,6,4,2,7
7736,50,-1045614339962214039,0,18,18,181,2,3,2,12
7737,50,-2663140596835071514,0,30,30,189,2,6,4,15
7738,50,-7986152029234622493,0,37,37,190,1,11,8,22
7739,50,-7551810073341915599,0,16,16,192,8,2,1,5
7740,50,1713371913061273154,0,34,34,178,4,3,1,9
7741,50,851493938503375207,0,28,28,189,5,3,2,9
7742,50,5957985106045191904,0,23,23,205,2,6,4,13
7743,50,-1939927933706671455,0,45,45,185,1,11,7,26
7744,50,3076196847552993716,0,31,31,182,1,4,2,13
7745,50,-3763645507469781860,0,42,42,183,2,4,2,5
7746,50,8593872253596013869,0,30,30,183,4,7,5,12
7747,50,9134406194884594860,0,32,32,177,1,3,1,9
7748,50,-1803762576841514943,0,42,42,180,5,4,2,10
7749,50,1294294576111875313,0,20,20,169,7,1,1,4
7750,50,-2450834100442713660,0,19,19,189,2,5,2,10
7751,50,-4209493156659096121,0,28,28,186,1,3,1,7
7752,50,4028779217792264445,0,36,36,182,3,6,4,15
7753,50,244122692354603650,0,14,14,188,4,4,3,11
7754,50,-5412540661466129547,0,36,36,173,2,3,2,6
7755,50,5994111547964253531,0,36,36,183,1,7,4,22
7756,50,5341908650546703378,0,26,26,193,2,4,2,9
7757,50,6151079868889779876,0,31,31,184,3,5,3,9
7758,50,8987878562630811493,0,42,42,188,2,5,3,7
7759,50,-7105311092662738109,0,38,38,193,5,2,2,4
7760,50,-6197668902167961281,0,32,32,189,4,2,1,9
7761,50,3986893259533317725,0,25,25,200,2,5,3,14
7762,50,-7153213840954036342,0,28,28,187,1,5,3,15
7763,50,-7581033718337021360,0,27,27,179,2,3,2,4
7764,50,-2257163246139007403,0,23,23,186,1,5,2,20
7765,50,279073147841271015,0,25,25,180,8,2,2,6
7766,50,-1785065279808132816,0,20,20,187,2,4,3,10
7767,50,8579170395882267336,0,34,34,177,3,5,3,12
7768,50,-6825493696772143687,0,40,40,192,4,9,5,22
7769,50,6992754670214528561,0,27,27,211,2,7,5,10
7770,50,-5559279984805958793,0,35,35,181,2,6,4,15
7771,50,-9062681175536771869,0,25,25,186,2,7,4,20
7772,50,-4808679140184210202,0,36,36,200,2,5,3,12
7773,50,-6320650172189681315,0,26,26,186,1,11,5,27
7774,50,8478825174511705554,0,28,28,179,1,8,6,19
7775,50,-7327681631535989939,0,37,37,190,1,6,3,15
7776,50,-4165165880247868696,0,27,27,181,6,7,6,24
7777,50,7388525280423039811,0,39,39,190,4,2,1,6
7778,50,2471687312047015561,0,39,39,187,1,3,2,7
7779,50,-6704458034026340953,0,12,12,178,1,3,2,7
7780,50,8691499221908086497,0,24,24,191,7,2,2,8
7781,50,-8836436611620773651,0,32,32,190,2,5,2,12
7782,50,-2227683780419137224,0,42,42,182,5,5,4,13
7783,50,4841561126966049542,0,26,26,181,1,10,5,29
7784,50,-3857889758215659897,0,35,35,189,2,8,4,23
7785,50,3902887604494406169,0,34,34,185,2,5,2,12
7786,50,2425961533953418574,0,33,33,183,7,2,2,4
7787,50,6720573951482141811,0,24,24,189,4,5,3,15
7788,50,-4799557639163597660,0,32,32,203,3,7,5,12
7789,50,626653274292384699,0,40,40,186,3,5,3,15
7790,50,7760518913715752079,0,2,2,183,1,5,3,12
7791,50,-6252001651057318039,0,25,25,177,2,3,2,6
7792,50,-2023197635246389355,0,22,22,194,1,4,1,10
7793,50,-5858332049302060424,0,44,44,182,1,8,5,21
7794,50,-4073247342255642221,0,26,26,195,1,5,3,12
7795,50,4238898966264051801,0,33,33,184,5,3,1,10
7796,50,-2432604011308040244,0,29,29,188,4,5,3,14
7797,50,-3589216793796711125,0,29,29,191,1,3,1,8
7798,50,1272173285745835588,0,31,31,190,3,3,2,8
7799,50,6890376670442179881,0,25,25,186,2,5,2,12
7800,50,-1004079448557672882,0,19,19,178,3,6,4,18
7801,50,-1393182503559026845,0,30,30,176,3,4,1,8
7802,50,1116749259929371236,0,37,37,187,4,4,2,13
7803,50,3367257359052619697,0,27,27,188,1,4,1,11
7804,50,5115864902810716982,0,26,26,194,1,4,2,8
7805,50,-1334882591077119005,0,38,38,179,1,3,2,8
7806,50,-6690339413650437627,0,37,37,188,2,2,1,9
7807,50,6295151805223948349,0,32,32,190,2,3,1,7
7808,50,4549720620919999536,0,36,36,176,2,3,1,10
7809,50,-3031615908066832606,0,44,44,179,1,4,2,8
7810,50,1295426754142927886,0,42,42,178,8,2,2,6
7811,50,4039971760083058702,0,38,38,182,1,7,4,19
7812,50,-2737881088047680769,0,22,22,183,8,2,2,6
7813,50,-8504129575375142455,0,22,22,184,3,5,3,14
7814,50,-1659701810043922243,0,39,39,189,7,1,1,5
7815,50,900802334415141849,0,17,17,191,5,10,9,26
7816,50,1004086389720327159,0,37,37,185,5,4,1,9
7817,50,-248156469458083017,0,33,33,192,4,6,3,19
7818,50,-5931181928740057056,0,30,30,188,4,4,2,15
7819,50,864807382640154182,0,9,9,184,4,4,3,10
7820,50,-8460654973444088701,0,4,4,184,7,4,2,8
7821,50,-2391437237171207168,0,24,24,187,2,3,1,8
7822,50,3772688662593005722,0,31,31,181,3,6,5,17
7823,50,-6388862463072611726,0,26,26,188,2,5,2,14
7824,50,7291563347176063392,0,30,30,179,1,6,4,13
7825,50,3599499195842181226,0,23,23,194,1,4,2,10
7826,50,2733223715703649637,0,39,39,190,4,4,1,11
7827,50,-5736934474481844627,0,35,35,182,1,6,4,17
7828,50,-4204667287434838432,0,43,43,178,3,7,3,17
7829,50,4566801856005561070,0,28,28,178,9,2,2,10
7830,50,-333860296728093430,0,26,26,197,2,4,1,8
7831,50,1920534659662110141,0,31,31,180,6,2,1,5
7832,50,-3915690977624378775,0,36,36,188,3,2,1,9
7833,50,7151458594220760765,0,32,32,191,1,6,3,12
7834,50,8459744687021780970,0,31,31,191,1,9,5,18
7835,50,3448271560896504794,0,35,35,182,5,5,3,12
7836,50,8750937840011260020,0,30,30,181,7,2,1,6
7837,50,-4194083734749646279,0,34,34,188,1,8,5,15
7838,50,7099137201492266681,0,33,33,195,5,5,4,7
7839,50,-8649386743774904656,0,23,23,188,4,4,3,12
7840,50,-2897254607836132146,0,30,30,175,1,5,2,12
7841,50,-7497779812837035657,0,43,43,197,2,6,2,11
7842,50,6265880703467544829,0,38,38,191,4,7,5,10
7843,50,-3424215455048224480,0,37,37,182,5,5,4,19
7844,50,-3642671864521163814,0,18,18,183,2,6,3,13
7845,50,-6336680369231238972,0,26,26,189,1,9,4,22
7846,50,-3105692208880231533,0,37,37,176,6,2,1,7
7847,50,8271398157430226302,0,27,27,188,3,4,2,8
7848,50,-1290890153391882100,0,33,33,202,1,6,3,13
7849,50,3161518991689213725,0,14,14,184,4,4,3,14
7850,50,4990496472713664299,0,40,40,194,1,5,2,9
7851,50,8495478785170497556,0,33,33,178,1,5,4,13
7852,50,-2637372178469278993,0,35,35,187,1,3,1,8
7853,50,7852422674568978613,0,28,28,196,2,4,1,9
7854,50,837362479624222407,0,36,36,193,1,6,3,12
7855,50,-8365030677041178210,0,25,25,186,5,2,1,4
7856,50,6416550299312744097,0,40,40,192,1,3,1,6
7857,50,-7108836590512119437,0,37,37,171,3,5,2,14
7858,50,-985670118513304000,0,44,44,196,1,3,2,8
7859,50,1728314933350484429,0,20,20,193,2,7,4,17
7860,50,-398568828004525742,0,47,47,182,2,4,2,11
7861,50,8779526728761954161,0,39,39,190,2,13,11,35
7862,50,2716180441563379905,0,38,38,191,4,5,3,13
7863,50,2139879799457110468,0,22,22,190,7,3,2,8
7864,50,-5633202564031983287,0,21,21,193,5,3,2,5
7865,50,-8601746650600211074,0,16,16,192,1,6,3,16
7866,50,-579866075519152310,0,34,34,182,4,3,1,4
7867,50,8576740129450407582,0,21,21,174,4,5,2,9
7868,50,7895591664115139550,0,35,35,186,2,4,3,10
7869,50,-5625414247993881187,0,23,23,188,3,4,2,7
7870,50,-5672126956242702546,0,45,45,187,6,3,2,8
7871,50,7089574814692989926,0,3,3,184,3,6,4,11
7872,50,6949967263786703873,0,32,32,194,2,5,3,13
7873,50,-6221276894120860796,0,35,35,188,4,7,5,22
7874,50,-4462698500304281451,0,23,23,176,2,3,2,12
7875,50,8532642374905081372,0,31,31,182,1,4,3,12
7876,50,-8803383352826521422,0,23,23,177,2,2,1,8
7877,50,2357481215087699742,0,31,31,193,2,4,1,12
7878,50,-4082456057937449733,0,31,31,184,4,4,3,12
7879,50,5579953337871574327,0,21,21,178,3,8,5,24
7880,50,8268946391654988678,0,31,31,186,1,4,2,7
7881,50,-212237461827987703,0,35,35,197,2,6,2,15
7882,50,-871330720462883409,0,39,39,188,1,10,7,30
7883,50,-4117549789238376674,0,22,22,188,1,6,3,14
7884,50,-8492506260467628247,0,23,23,188,6,4,2,15
7885,50,-1739883663781418215,0,27,27,184,3,3,2,11
7886,50,-7301900434310849963,0,36,36,198,1,8,5,21
7887,50,-8009185411900673490,0,29,29,184,2,3,2,6
7888,50,4099702308946955734,0,25,25,193,2,5,2,11
7889,50,6436057604035020499,0,30,30,185,2,9,6,25
7890,50,-3952510478905397403,0,33,33,179,6,8,6,22
7891,50,-3955619807901681737,0,24,24,184,6,3,2,4
7892,50,-796069580402913311,0,36,36,182,1,5,2,11
7893,50,-1588564009696478221,0,16,16,197,1,6,2,10
7894,50,1966567579776173225,0,37,37,195,1,3,1,5
7895,50,-1762619338303109505,0,48,48,198,1,8,5,12
7896,50,6379854915692882478,0,29,29,190,2,5,2,15
7897,50,1830150322491645158,0,32,32,187,1,7,4,18
7898,50,3739126224241179587,0,21,21,190,2,3,2,8
7899,50,-3301294712779315907,0,34,34,179,2,5,2,14
7900,50,-2803330440267754313,0,17,17,189,2,9,5,26
7901,50,-1505830606595514543,0,27,27,191,6,2,2,4
7902,50,-8118023384427139420,0,26,26,204,3,8,4,16
7903,50,-1318829112183915233,0,35,35,184,2,6,4,8
7904,50,5165342244235997449,0,44,44,183,1,7,4,16
7905,50,-5659839934343704952,0,33,33,192,2,5,2,12
7906,50,-5148139733392333290,0,25,25,191,2,6,3,12
7907,50,4191276410933752901,0,23,23,181,5,4,2,9
7908,50,9139163348000647367,0,43,43,182,2,6,4,12
7909,50,2316797609343127063,0,31,31,186,4,6,3,18
7910,50,4770835491219726388,0,18,18,191,1,7,5,15
7911,50,1166767421196605507,0,45,45,184,1,6,5,15
7912,50,6926234490324229158,0,39,39,191,2,5,2,9
7913,50,5109329807223794749,0,25,25,193,6,4,2,12
7914,50,5235196401041778413,0,14,14,180,2,3,1,6
7915,50,-2419642469813364573,0,23,23,179,5,2,2,6
7916,50,-8503426002326282128,0,40,40,183,2,8,5,19
7917,50,7334076120019747948,0,19,19,185,7,4,3,7
7918,50,-6112291663100692860,0,36,36,193,1,7,5,15
7919,50,6626655252493046113,0,30,30,184,9,1,1,2
7920,50,-249747950353281407,0,31,31,184,3,4,2,9
7921,50,-6574964937987296821,0,34,34,194,3,6,4,18
7922,50,-7100756074443000814,0,28,28,175,3,3,1,10
7923,50,30378568915805549,0,41,41,181,3,2,1,3
7924,50,4199566130043330893,0,27,27,183,7,2,2,8
7925,50,-7471430482246741580,0,40,40,190,2,5,3,10
7926,50,-6025287111777700861,0,32,32,189,2,7,4,18
7927,50,3923351589343553836,0,35,35,185,1,7,3,16
7928,50,5782134227045557336,0,45,45,189,2,4,3,9
7929,50,2677228390370383414,0,32,32,184,2,5,2,11
7930,50,-3202135130742108011,0,29,29,187,1,5,2,9
7931,50,-6194193653218059016,0,36,36,185,6,4,3,13
7932,50,-7586602794381413828,0,36,36,189,5,6,5,11
7933,50,-4229170536737478508,0,8,8,187,1,3,1,8
7934,50,-3803142116040994724,0,36,36,205,1,5,3,13
7935,50,5189028990481053595,0,29,29,185,4,6,3,15
7936,50,-1542934178341731545,0,27,27,195,1,4,2,8
7937,50,7585239405291412419,0,27,27,192,1,7,4,19
7938,50,5211836897043094721,0,29,29,193,1,6,4,15
7939,50,25830173291872472,0,30,30,176,2,3,1,9
7940,50,-7695975597569422502,0,38,38,173,3,5,2,9
7941,50,3452651731363540720,0,25,25,185,2,2,1,7
7942,50,-9000277925545850754,0,31,31,198,6,5,3,13
7943,50,2407314108657466338,0,32,32,188,2,5,3,10
7944,50,1653632944029706667,0,24,24,190,2,5,3,14
7945,50,-550051868191154184,0,42,42,189,1,7,4,20
7946,50,-415623600217496029,0,42,42,182,4,6,4,13
7947,50,3316202197118722531,0,29,29,184,5,5,4,10
7948,50,-8125358069546441212,0,40,40,192,3,5,4,16
7949,50,6988832485924408815,0,41,41,196,3,5,2,11
7950,50,1411620765255102101,0,32,32,184,1,7,3,13
7951,50,7294791031885687927,0,35,35,182,1,6,3,10
7952,50,-8472809270035464223,0,19,19,205,1,8,3,24
7953,50,2249808407533005722,0,39,39,186,7,3,2,7
7954,50,-1362989319373064310,0,23,23,181,3,3,2,6
7955,50,-3597931084374347730,0,27,27,182,4,3,2,12
7956,50,-7723421958789919530,0,29,29,183,6,4,3,6
7957,50,-4901280203131190796,0,44,44,190,1,9,6,17
7958,50,7711067988794014221,0,33,33,189,4,5,4,13
7959,50,9110030956772902669,0,42,42,188,1,3,1,7
7960,50,1159462469200733959,0,36,36,191,6,3,1,7
7961,50,-6287954951837449555,0,33,33,189,1,6,3,12
7962,50,5992450359368673536,0,38,38,180,1,6,3,10
7963,50,22202642499554061,0,35,35,198,1,6,2,15
7964,50,7953427797973298094,0,19,19,183,4,5,2,15
7965,50,5878679750397094566,0,38,38,191,4,3,2,9
7966,50,1033421949395834773,0,32,32,188,5,6,4,19
7967,50,3224305062843359387,0,34,34,183,1,5,3,12
7968,50,2668392734628104601,0,35,35,187,1,4,2,8
7969,50,5249939692056605814,0,17,17,196,1,4,1,12
7970,50,8950472339309752277,0,30,30,196,2,6,3,11
7971,50,-8056296035864014569,0,21,21,199,2,6,4,7
7972,50,6843400736299409322,0,36,36,189,1,6,3,10
7973,50,-1646599097124824344,0,26,26,181,2,6,3,13
7974,50,2273917625861404953,0,37,37,190,6,4,2,9
7975,50,8092150664054584661,0,40,40,192,5,4,2,13
7976,50,-5415809801321370795,0,27,27,185,8,5,4,15
7977,50,-3260724383896196229,0,35,35,189,1,9,5,18
7978,50,-3792931354327142765,0,36,36,197,1,8,5,25
7979,50,-2937418383170834401,0,38,38,194,3,4,1,8
7980,50,-609266723854874843,0,15,15,182,1,6,3,17
7981,50,8781921962838157537,0,31,31,190,2,3,1,10
7982,50,-2063559062237207098,0,41,41,189,2,5,3,12
7983,50,-7128353348392240976,0,26,26,198,5,8,6,16
7984,50,7486163088603199799,0,29,29,187,1,4,2,14
7985,50,-7837586777640174208,0,28,28,194,1,8,4,19
7986,50,3812290809078449418,0,44,44,200,1,3,1,11
7987,50,4891491692932740410,0,35,35,191,1,2,1,6
7988,50,-8333388086392729155,0,28,28,175,2,7,5,9
7989,50,-8305202979334849036,0,41,41,188,8,3,2,9
7990,50,7443501958792694281,0,24,24,177,3,5,3,9
7991,50,-6955922316389571231,0,24,24,182,1,4,2,15
7992,50,3761053318143859068,0,34,34,188,1,8,5,16
7993,50,7529462244738251659,0,29,29,197,4,2,1,7
7994,50,359720732142362693,0,21,21,191,3,5,3,10
7995,50,-5909841266358149953,0,25,25,179,5,4,2,7
7996,50,2127084993062326350,0,38,38,183,5,3,1,7
7997,50,4629095831851148999,0,36,36,188,2,3,1,11
7998,50,2972460608248579984,0,30,30,188,3,4,2,7
7999,50,-4981922208607072930,0,9,9,185,2,6,3,9
8000,50,2443398740208384929,0,16,16,181,1,7,4,14
8001,50,8073977395179749856,0,43,43,187,1,4,1,6
8002,50,-1138748993132557679,0,30,30,181,3,2,1,2
8003,50,-2182450278142074303,0,29,29,178,2,5,3,16
8004,50,-4341010318633171721,0,32,32,186,1,5,3,9
8005,50,-1812926935507836097,0,19,19,173,2,4,2,9
8006,50,-2209445297046502074,0,32,32,185,2,9,5,26
8007,50,5418513400120895963,0,32,32,187,4,3,1,12
8008,50,8393631807944747108,0,37,37,181,1,6,3,15
8009,50,7205081852647540740,0,34,34,172,1,2,1,6
8010,50,-5837451155909411971,0,40,40,187,6,1,1,3
8011,50,722605508616671381,0,24,24,194,2,3,1,10
8012,50,-995023794972642541,0,20,20,189,3,7,5,9
8013,50,8735784554698765954,0,35,35,186,5,5,3,9
8014,50,-3516332256183025831,0,20,20,187,2,5,3,12
8015,50,5949032906174917453,0,45,45,189,9,1,1,2
8016,50,-6235904137644011071,0,33,33,181,1,8,6,15
8017,50,34495034715697342,0,38,38,188,4,6,4,15
8018,50,-6550949872830994477,0,37,37,185,8,4,3,7
8019,50,-2042401670721924654,0,28,28,185,1,5,2,6
8020,50,2187610897465192256,0,38,38,187,7,3,2,8
8021,50,6150112372832483059,0,19,19,184,4,3,1,6
8022,50,3147549825193449271,0,31,31,198,1,7,5,21
8023,50,-2609013989328074391,0,37,37,186,1,6,3,18
8024,50,-152594637681892618,0,27,27,198,5,4,2,10
8025,50,757693791151069712,0,39,39,190,4,6,4,14
8026,50,6175646817808044451,0,16,16,194,1,5,2,10
8027,50,-2192452104633286837,0,41,41,184,1,4,2,10
8028,50,-6966011467270803621,0,37,37,185,4,4,3,11
8029,50,225663981067329080,0,31,31,183,6,5,4,17
8030,50,-6926014173375487093,0,30,30,188,2,3,2,9
8031,50,8871708593858089764,0,26,26,173,1,3,1,10
8032,50,7738148701339914367,0,18,18,190,8,6,5,15
8033,50,-3388480106729673407,0,27,27,196,3,4,3,9
8034,50,-6507874904851097544,0,27,27,185,1,6,3,12
8035,50,-6051512495798931050,0,40,40,185,2,4,1,9
8036,50,-3101375479231669631,0,37,37,186,1,3,2,3
8037,50,-571227241680709322,0,27,27,189,1,4,2,8
8038,50,-2116235876939251644,0,38,38,187,6,5,4,8
8039,50,8487087263106825908,0,36,36,185,8,3,2,8
8040,50,5613869512440080409,0,37,37,192,1,5,2,19
8041,50,4677114603157597909,0,25,25,178,3,3,2,4
8042,50,3209026951336888351,0,22,22,185,4,4,2,11
8043,50,-6700710176689418105,0,25,25,187,4,5,3,18
8044,50,-1705916376699184881,0,28,28,186,2,8,5,28
8045,50,-7888420677240023022,0,30,30,190,2,4,2,10
8046,50,-2498616764988727667,0,22,22,186,3,5,3,11
8047,50,6463141092878465421,0,34,34,187,8,4,3,8
8048,50,2523417444310884545,0,16,16,184,1,6,2,17
8049,50,-1866366916882706798,0,35,35,185,5,3,1,12
8050,50,1537274716482562854,0,30,30,186,6,3,1,6
8051,50,5576007370649117493,0,31,31,185,4,4,2,11
8052,50,-5314630858854325087,0,25,25,191,2,7,4,19
8053,50,-4195349298370978255,0,20,20,188,1,6,3,15
8054,50,-492349632219736875,0,26,26,180,4,2,1,5
8055,50,1017001428765587556,0,28,28,186,4,5,3,8
8056,50,1436862653826443957,0,17,17,192,3,3,2,7
8057,50,8135455794743031677,0,31,31,194,3,6,4,15
8058,50,5804484594810919002,0,28,28,183,5,9,6,20
8059,50,-2496911003416764429,0,21,21,191,3,4,2,12
8060,50,-5406074903523174378,0,37,37,188,1,7,4,21
8061,50,3450351627535618616,0,19,19,189,1,6,2,13
8062,50,8488481472039513800,0,32,32,185,1,8,5,22
8063,50,-6461576887366121682,0,28,28,186,2,6,3,14
8064,50,4263086311604420465,0,37,37,186,3,3,2,10
8065,50,-7325718899792142375,0,27,27,182,5,5,3,10
8066,50,1711192713933030407,0,31,31,191,4,3,1,4
8067,50,3714960533309488214,0,41,41,192,1,5,3,12
8068,50,-1870281458877120631,0,35,35,190,4,4,2,5
8069,50,-7906738774064624116,0,45,45,189,2,6,5,12
8070,50,-1561732330399417005,0,30,30,179,2,7,4,15
8071,50,9176741102678382880,0,23,23,179,2,3,1,8
8072,50,-2974362907336838733,0,37,37,191,1,6,4,15
8073,50,9183116984054733102,0,28,28,191,3,5,2,13
8074,50,298874758923997115,0,40,40,183,3,4,2,13
8075,50,697333296416537909,0,35,35,194,6,3,1,11
8076,50,2681555240321214552,0,35,35,181,1,2,1,7
8077,50,-1865081791494918447,0,25,25,180,6,2,1,8
8078,50,5887859204103988899,0,35,35,186,1,7,3,20
8079,50,8189640518285531312,0,21,21,174,4,5,3,16
8080,50,-2873662007819502218,0,26,26,187,3,6,3,15
8081,50,-3680976946358738882,0,28,28,185,6,2,1,6
8082,50,4117515760477739586,0,26,26,188,1,8,5,27
8083,50,3279517743901787811,0,24,24,198,1,5,2,16
8084,50,7320491852026671392,0,25,25,187,7,2,2,6
8085,50,-8829297807026068242,0,18,18,181,1,4,1,10
8086,50,4870302175795820069,0,33,33,188,1,4,2,8
8087,50,2296907489339914130,0,30,30,179,5,2,2,4
8088,50,-9016603068633212934,0,37,37,190,5,4,2,9
8089,50,6052897963462651152,0,40,40,183,3,3,1,9
8090,50,7180310236845199274,0,32,32,192,2,4,2,10
8091,50,-749522043768968203,0,29,29,187,2,5,2,14
8092,50,-5917106576451216963,0,28,28,191,6,4,2,10
8093,50,2461363840237077511,0,41,41,187,2,5,2,14
8094,50,4212400340375153798,0,24,24,202,1,5,2,12
8095,50,-6082260085040906565,0,31,31,204,1,6,3,14
8096,50,770830186561601465,0,27,27,185,6,5,3,14
8097,50,-2187649414720437527,0,24,24,179,8,3,3,8
8098,50,-8115937952190826176,0,35,35,173,1,8,6,21
8099,50,6365835553247494082,0,45,45,192,1,8,5,13
8100,50,-1961420089348205746,0,42,42,186,3,4,2,10
8101,50,-8974033391822728447,0,36,36,187,5,4,3,9
8102,50,595121182795354035,0,23,23,184,2,5,2,10
8103,50,6417925264744521312,0,47,47,189,3,4,2,13
8104,50,7088859613117287538,0,30,30,181,1,3,1,9
8105,50,8135833969447927885,0,20,20,180,1,12,9,31
8106,50,1366003939621244304,0,27,27,185,2,2,1,3
8107,50,5669139300847625181,0,37,37,187,1,7,4,16
8108,50,-4720434366140739538,0,26,26,193,2,4,2,6
8109,50,4865845211980553216,0,31,31,169,3,3,1,7
8110,50,-2713382403284043046,0,30,30,191,1,4,2,11
8111,50,-1510466860274237962,0,24,24,185,6,4,2,9
8112,50,-6037791117094944991,0,36,36,197,5,5,2,10
8113,50,1274893285669482241,0,39,39,181,2,5,3,9
8114,50,1444561167697395816,0,30,30,203,1,5,2,11
8115,50,7724492824618867036,0,37,37,180,4,8,4,18
8116,50,6659368380009092091,0,40,40,179,3,4,1,11
8117,50,402507031802772587,0,20,20,185,6,6,5,14
8118,50,7915417593853226598,0,34,34,187,2,3,1,8
8119,50,-4646965837689336781,0,23,23,199,2,4,2,11
8120,50,-206715707264183805,0,22,22,191,3,7,4,13
8121,50,2065149805608784907,0,26,26,188,3,7,4,19
8122,50,7219776762900632276,0,31,31,180,4,3,2,8
8123,50,-3539515209616617325,0,39,39,172,7,6,5,12
8124,50,8067811620500865938,0,33,33,186,1,6,4,13
8125,50,-2457081948282637083,0,6,6,199,2,8,6,15
8126,50,6156508269325475845,0,32,32,181,1,8,4,20
8127,50,-679808152832127221,0,31,31,185,2,6,4,18
8128,50,7168679645389359254,0,34,34,189,5,5,3,10
8129,50,-8253059109001871440,0,28,28,193,4,4,2,10
8130,50,-5209889960775490782,0,27,27,177,4,3,1,6
8131,50,-2000858211893216999,0,32,32,182,5,4,3,9
8132,50,-1045563666499832560,0,34,34,190,2,8,4,20
8133,50,-1981296087463544491,0,20,20,191,2,4,2,11
8134,50,8175655604076563109,0,0,0,180,7,3,1,8
8135,50,3184267017711825843,0,22,22,194,5,4,2,5
8136,50,7091220551395704726,0,42,42,192,3,7,4,17
8137,50,-7187830601172492940,0,41,41,179,2,7,5,16
8138,50,8597721627100134622,0,44,44,189,1,4,2,8
8139,50,-8500267769171455551,0,26,26,185,1,6,4,14
8140,50,-4870485383185088558,0,27,27,188,1,10,5,23
8141,50,3147942232237048030,0,6,6,199,4,6,2,17
8142,50,-326358658162835854,0,28,28,193,2,5,2,13
8143,50,-8206097244869091680,0,41,41,185,4,4,2,6
8144,50,5972383406016216320,0,37,37,192,1,4,1,12
8145,50,-1197649002169433060,0,28,28,178,4,3,2,11
8146,50,-5917671266432669482,0,29,29,191,1,5,2,11
8147,50,-7598510152496449376,0,44,44,189,2,3,1,11
8148,50,-6815495725546025868,0,43,43,180,3,3,1,4
8149,50,-7835437562108176921,0,39,39,198,2,6,4,19
8150,50,-4167149203886739240,0,26,26,186,3,3,1,7
8151,50,6246184451697458055,0,19,19,191,6,4,3,12
8152,50,6586027222752837650,0,27,27,184,3,4,3,11
8153,50,-109655705545947730,0,22,22,194,2,5,2,8
8154,50,-3259955193015386857,0,28,28,180,4,4,3,8
8155,50,-2575031031300359411,0,26,26,181,2,9,6,21
8156,50,-4621042011208293164,0,41,41,186,2,5,3,12
8157,50,3573216649947309587,0,35,35,188,1,6,3,16
8158,50,-7875246808528565114,0,33,33,183,5,6,4,16
8159,50,-742081810817315490,0,38,38,181,9,2,2,2
8160,50,-1203937497259880120,0,35,35,199,2,7,3,10
8161,50,9201797191028621166,0,25,25,187,1,7,4,17
8162,50,8236242275932515565,0,41,41,182,1,7,5,16
8163,50,1812263689896125851,0,39,39,180,2,7,5,17
8164,50,3985145663429870607,0,28,28,186,2,8,7,11
8165,50,5430569091641283144,0,31,31,187,2,4,2,10
8166,50,-7176384124608757400,0,9,9,196,2,5,2,11
8167,50,8095852028305096281,0,35,35,187,2,6,3,14
8168,50,482367545034265184,0,24,24,204,1,5,3,11
8169,50,-555971047280219679,0,34,34,182,2,4,2,8
8170,50,-788239858975172378,0,32,32,190,2,4,1,10
8171,50,8750103991895364640,0,35,35,181,7,4,2,11
8172,50,-9072944858174347646,0,22,22,184,2,3,2,6
8173,50,1382144679677968044,0,40,40,180,4,5,4,5
8174,50,-4911169509491206997,0,30,30,185,5,4,1,7
8175,50,-4533370186236989459,0,26,26,189,2,6,3,19
8176,50,-9213236549267780011,0,37,37,188,1,5,3,9
8177,50,-3936853181004355378,0,46,46,196,2,3,2,5
8178,50,503933490590047950,0,33,33,187,1,5,2,9
8179,50,-7574983999644794448,0,35,35,189,1,5,2,10
8180,50,736074965608110538,0,13,13,188,3,14,12,41
8181,50,-6207919845149089118,0,17,17,180,3,9,6,21
8182,50,-4442643990493122372,0,33,33,182,2,8,5,14
8183,50,4651038480434924239,0,36,36,187,2,6,2,18
8184,50,6687659231056300390,0,28,28,200,1,3,1,6
8185,50,5912815768507964215,0,29,29,188,4,6,4,20
8186,50,6881887580534335923,0,42,42,183,3,4,2,12
8187,50,2132348509120567457,0,35,35,178,3,4,2,8
8188,50,-3944973247905837884,0,22,22,189,3,4,1,11
8189,50,1763873394325788880,0,40,40,192,2,5,3,10
8190,50,-1234250895744010936,0,30,30,202,3,6,2,12
8191,50,6953454741218889460,0,37,37,191,1,6,3,11
8192,50,-4005866729184014064,0,27,27,181,1,7,4,9
8193,50,-14635972732671133,0,20,20,189,1,3,1,6
8194,50,-1483940737804631582,0,33,33,179,2,3,1,8
8195,50,9176843398209077896,0,37,37,192,1,7,5,21
8196,50,317848489073942412,0,27,27,188,2,8,5,16
8197,50,4420519162715205403,0,28,28,182,1,7,4,24
8198,50,-7113805686153214148,0,25,25,186,1,11,8,25
8199,50,4740703726649828242,0,36,36,186,3,4,2,7
8200,50,2139339707017972750,0,21,21,177,3,5,2,19
8201,50,7346896575346269911,0,25,25,193,2,4,1,9
8202,50,-7368030973518045977,0,33,33,196,3,4,2,11
8203,50,6804573517812496442,0,31,31,185,6,3,2,7
8204,50,8486015706983019392,0,19,19,189,2,4,2,6
8205,50,-1981245035214981464,0,27,27,201,3,4,2,7
8206,50,-8000158988377448251,0,29,29,187,1,7,4,18
8207,50,-1274463675551766755,0,24,24,188,7,2,2,6
8208,50,6386217014769289823,0,33,33,187,7,4,3,11
8209,50,-5351850990422661545,0,30,30,191,1,4,2,11
8210,50,5516464787496414607,0,41,41,186,3,6,3,11
8211,50,-7425958273953918517,0,27,27,196,6,4,2,9
8212,50,8331445019673639741,0,34,34,193,4,4,2,10
8213,50,-8851054869367565348,0,47,47,186,2,6,4,20
8214,50,8934767232597156176,0,37,37,189,5,7,5,14
8215,50,4610684374730145610,0,14,14,186,3,6,3,16
8216,50,-6397984790426839744,0,19,19,186,4,3,2,11
8217,50,3404495635142602216,0,45,45,194,1,4,2,9
8218,50,-5876214796170988568,0,26,26,185,5,4,3,8
8219,50,2141499195839125137,0,48,48,175,6,2,1,5
8220,50,-1801291375549887840,0,19,19,189,6,3,2,6
8221,50,6691490241901399644,0,17,17,198,2,4,2,7
8222,50,-6671726946008490613,0,34,34,193,1,3,1,8
8223,50,-4773510490096932594,0,4,4,210,4,7,3,15
8224,50,713104782678671149,0,37,37,190,1,5,3,13
8225,50,7279287405383462096,0,25,25,184,2,8,5,21
8226,50,-1285570891900007105,0,33,33,190,1,13,8,28
8227,50,-887654438524334815,0,38,38,188,3,5,3,12
8228,50,2471538942640891590,0,41,41,183,2,6,4,17
8229,50,-2208361657758850803,0,33,33,180,2,3,1,6
8230,50,-4454178797053333663,0,32,32,181,5,2,1,5
8231,50,-605075091615381345,0,33,33,185,1,4,1,13
8232,50,3796936882784138211,0,32,32,187,5,6,4,10
8233,50,7680793618824738195,0,39,39,189,6,5,3,12
8234,50,-6851515394465364959,0,30,30,177,5,8,6,20
8235,50,2071225685302332239,0,26,26,193,1,6,3,16
8236,50,-1653431947455326708,0,39,39,181,1,4,2,14
8237,50,-4445369876300772844,0,41,41,190,1,5,3,13
8238,50,-8402854787791534591,0,40,40,182,4,2,1,5
8239,50,3068704965090670960,0,33,33,188,3,4,2,8
8240,50,2441800275643009119,0,37,37,187,4,8,5,23
8241,50,5150991841159038455,0,25,25,179,1,3,2,9
8242,50,5531169713496531034,0,25,25,174,5,9,7,18
8243,50,4411640686605387314,0,35,35,183,4,5,2,9
8244,50,4170326067479687182,0,31,31,200,1,8,4,20
8245,50,-881943136252388650,0,38,38,199,2,7,4,15
8246,50,7840096272380442070,0,28,28,192,4,4,2,11
8247,50,3882138495945350712,0,39,39,188,3,4,2,10
8248,50,533919987668355807,0,40,40,190,3,5,3,12
8249,50,5144970444392208128,0,31,31,190,3,5,4,14
8250,50,6608866119596816119,0,33,33,184,4,2,1,10
8251,50,3514083886186979868,0,29,29,180,2,4,2,12
8252,50,-6088601770488812118,0,40,40,186,3,2,1,7
8253,50,8813711707193198584,0,21,21,186,4,4,2,8
8254,50,8282865209956747407,0,26,26,190,1,8,4,16
8255,50,3013001098753274091,0,34,34,185,6,4,3,13
8256,50,-6928501883681238305,0,23,23,186,4,2,1,4
8257,50,50465427776122100,0,42,42,187,4,4,2,11
8258,50,8709561384620505670,0,33,33,194,3,6,3,14
8259,50,-735203734995238235,0,23,23,181,1,3,1,11
8260,50,7927601211111979261,0,43,43,192,3,7,4,15
8261,50,-999653847812720290,0,44,44,183,3,4,3,15
8262,50,8031082080293260568,0,25,25,187,2,4,2,11
8263,50,-432450852664159554,0,40,40,206,3,3,2,6
8264,50,-569992847849713380,0,35,35,191,2,4,1,7
8265,50,3035947651903596375,0,29,29,184,4,3,2,10
8266,50,-7470182252068550188,0,36,36,185,2,5,2,15
8267,50,-7460380865262085472,0,28,28,180,2,3,1,6
8268,50,4696241987085843812,0,41,41,193,2,4,3,8
8269,50,695311423953279535,0,37,37,189,2,4,1,8
8270,50,-4405733731191674978,0,22,22,189,2,9,7,18
8271,50,1972251926134119463,0,38,38,199,3,6,4,13
8272,50,3647291225076440980,0,33,33,180,1,4,2,14
8273,50,-7433566260558196498,0,46,46,196,1,8,4,18
8274,50,3105090389622555245,0,34,34,184,4,6,4,13
8275,50,442363281682136099,0,40,40,182,5,6,5,17
8276,50,-1088611489948354692,0,38,38,191,2,5,2,12
8277,50,7576148308851566799,0,27,27,193,2,8,5,25
8278,50,7694293048182186382,0,27,27,193,4,8,5,26
8279,50,1680527922395426009,0,31,31,184,1,6,3,9
8280,50,-1049889695765900926,0,39,39,192,2,4,1,8
8281,50,-27238520132948033,0,21,21,187,1,3,1,5
8282,50,4595397164296195615,0,14,14,190,2,4,3,9
8283,50,-981664401286387581,0,35,35,187,1,5,2,15
8284,50,2946099310257145121,0,31,31,203,3,4,2,5
8285,50,-4616058450764331294,0,34,34,178,1,5,4,11
8286,50,3853953839466756501,0,25,25,190,1,4,1,8
8287,50,6688410159936256971,0,40,40,187,1,10,6,22
8288,50,6314054760049869670,0,35,35,196,1,5,2,14
8289,50,5222690189809734927,0,25,25,176,3,8,5,15
8290,50,-7979512616090586058,0,33,33,187,1,4,2,8
8291,50,3923255418915954772,0,22,22,184,1,7,5,15
8292,50,-5734479867245644430,0,15,15,195,1,4,2,12
8293,50,-1116196661814752945,0,35,35,191,5,4,2,10
8294,50,4312112558889710496,0,30,30,191,2,8,6,16
8295,50,-2842921815256225999,0,36,36,191,6,4,2,11
8296,50,-3199323731556291846,0,28,28,190,3,8,6,16
8297,50,-6816596755447337630,0,33,33,189,3,6,3,18
8298,50,-4306628247794046656,0,34,34,181,4,4,2,10
8299,50,6077388729382810476,0,29,29,199,2,3,1,8
8300,50,6861232923559844042,0,36,36,189,1,5,2,15
8301,50,-7764648196368824263,0,35,35,200,1,5,2,10
8302,50,192954730410518748,0,25,25,181,2,7,3,18
8303,50,2093273993958524033,0,24,24,189,1,7,4,18
8304,50,2515504139261585213,0,17,17,196,2,8,3,20
8305,50,-7678901932871315331,0,34,34,182,2,4,3,9
8306,50,6094387193673309962,0,36,36,187,4,4,2,11
8307,50,455248643041546464,0,36,36,184,6,3,1,4
8308,50,6667071061902741703,0,35,35,188,6,2,1,4
8309,50,5767267032243252999,0,39,39,190,1,6,4,18
8310,50,-1981260653147662410,0,36,36,185,1,3,1,11
8311,50,2588214980016222318,0,31,31,184,1,5,3,10
8312,50,4666027665919938668,0,36,36,187,2,8,5,15
8313,50,-3817989206449237658,0,29,29,181,2,3,1,8
8314,50,-886391092334291808,0,41,41,189,2,7,4,16
8315,50,284758871959983876,0,23,23,186,3,4,2,7
8316,50,8738295628322316358,0,30,30,188,2,4,1,7
8317,50,-5575510482525369252,0,34,34,188,6,2,1,5
8318,50,-6581916665622334500,0,31,31,178,9,3,3,7
8319,50,-1083398336554033425,0,27,27,191,2,5,3,10
8320,50,3467150042433423362,0,47,47,198,4,6,3,10
8321,50,4652302651427098209,0,27,27,191,3,5,3,12
8322,50,6393434940826609232,0,41,41,190,3,7,5,16
8323,50,7328439607829848942,0,26,26,198,1,8,3,18
8324,50,-5302745849076794525,0,34,34,178,4,7,5,19
8325,50,-7660763920122174945,0,12,12,192,3,3,2,6
8326,50,5534887666729907769,0,38,38,197,6,8,7,15
8327,50,-6886806531770897608,0,41,41,177,1,5,2,15
8328,50,-3276225017402062658,0,34,34,180,2,4,2,9
8329,50,2330806915179184372,0,40,40,191,6,8,5,13
8330,50,-4352585974851330650,0,22,22,181,7,5,5,11
8331,50,5764581358556357363,0,37,37,177,2,12,9,29
8332,50,5217068328659375997,0,41,41,183,4,5,3,13
8333,50,4230793798056129907,0,42,42,185,2,5,2,14
8334,50,-5339948959114007301,0,40,40,191,5,6,4,13
8335,50,-6255750640365541442,0,37,37,173,8,5,4,10
8336,50,4360242649708443293,0,21,21,189,2,7,4,17
8337,50,-8891773019029090845,0,26,26,187,5,4,2,11
8338,50,-5474140065449672336,0,32,32,183,3,2,1,2
8339,50,-3542173916039143000,0,32,32,194,3,6,3,13
8340,50,-6283411764872889553,0,38,38,187,2,4,2,10
8341,50,-7158801656778285378,0,38,38,196,2,4,1,11
8342,50,6728637091953888144,0,42,42,191,3,6,4,18
8343,50,6628863632925093430,0,38,38,173,2,10,8,29
8344,50,4076856431933861594,0,29,29,190,1,3,1,6
8345,50,-4256123064804190925,0,36,36,193,3,5,3,9
8346,50,-7679977863454579269,0,24,24,182,1,3,1,10
8347,50,786540800650484449,0,36,36,187,5,4,2,9
8348,50,-8717771735744147881,0,11,11,197,4,5,3,11
8349,50,-5815804368737805915,0,33,33,194,1,6,4,15
8350,50,7493131585116682916,0,16,16,191,1,5,2,12
8351,50,-1676343096170106986,0,20,20,192,1,5,2,13
8352,50,-1586434515905816588,0,34,34,186,1,3,2,12
8353,50,2736230311908606507,0,42,42,193,2,3,1,3
8354,50,6958495869888150483,0,41,41,181,2,3,2,6
8355,50,4699542816935364916,0,37,37,175,1,5,2,13
8356,50,-6254146419665720814,0,31,31,196,5,4,2,12
8357,50,-8831797857236839154,0,27,27,188,6,4,2,9
8358,50,-953499461791324125,0,29,29,184,1,3,2,9
8359,50,8263409670910723089,0,32,32,196,1,5,2,9
8360,50,-4609303556719955545,0,38,38,188,3,4,2,10
8361,50,309413650792717133,0,30,30,189,3,3,1,5
8362,50,8384965997613900357,0,28,28,187,4,3,2,7
8363,50,2753862579695040118,0,37,37,190,3,3,1,6
8364,50,1030495822436100285,0,41,41,192,3,6,3,15
8365,50,-7577595407124954340,0,35,35,186,4,6,4,16
8366,50,1409522215459542844,0,30,30,175,2,3,2,6
8367,50,-233899180673647842,0,33,33,181,8,2,1,4
8368,50,3102962551641908465,0,30,30,196,1,4,1,10
8369,50,-3198437924524518816,0,25,25,202,4,5,2,10
8370,50,2760619458287563999,0,42,42,190,2,8,5,15
8371,50,-7097733066925831237,0,26,26,186,3,2,1,6
8372,50,-2148679570929453579,0,23,23,189,6,2,1,5
8373,50,-6996425542171612875,0,31,31,184,4,4,2,9
8374,50,3017385986246455387,0,29,29,190,8,2,1,6
8375,50,3953191923547335537,0,26,26,188,4,6,3,15
8376,50,-4319287643693132786,0,28,28,180,3,2,1,6
8377,50,-8413639250840136600,0,17,17,188,1,4,2,11
8378,50,-3749563222408307538,0,31,31,191,1,3,1,10
8379,50,-1228119640240692903,0,25,25,188,8,4,4,6
8380,50,1512347041752522390,0,42,42,197,3,3,1,6
8381,50,-3665051052424941570,0,24,24,189,1,3,2,6
8382,50,6998981157379543341,0,13,13,186,4,7,5,12
8383,50,8443039292402975488,0,30,30,184,1,4,2,15
8384,50,-2888493490749216133,0,22,22,185,8,3,2,7
8385,50,6397990411030796715,0,31,31,200,7,5,3,6
8386,50,4486116925276872703,0,38,38,179,4,6,3,15
8387,50,-2127256869686472987,0,25,25,189,4,6,4,12
8388,50,-6443538521085894466,0,45,45,197,3,3,1,7
8389,50,4639054846286476124,0,39,39,190,3,4,2,9
8390,50,-8840664324640318305,0,39,39,185,1,4,3,12
8391,50,6517693848592029438,0,19,19,194,3,4,2,7
8392,50,-8695060362006106890,0,25,25,188,6,3,1,6
8393,50,-5606523898532842066,0,25,25,182,2,3,2,8
8394,50,1708914591800554078,0,16,16,199,7,3,2,7
8395,50,7721712685248510772,0,42,42,184,4,4,3,8
8396,50,-640198658933883957,0,37,37,186,1,3,1,5
8397,50,418502271701979764,0,27,27,182,2,7,6,20
8398,50,-8431023949219853602,0,22,22,182,1,6,3,14
8399,50,-114263633439165470,0,36,36,181,3,5,2,11
8400,50,-1415391237860980357,0,24,24,187,4,4,2,12
8401,50,2300446526547191605,0,41,41,185,7,3,2,11
8402,50,3355260415532532888,0,36,36,186,7,4,3,16
8403,50,-3817009738920956838,0,31,31,179,2,6,4,15
8404,50,-5922526940891725737,0,33,33,202,1,5,2,10
8405,50,1490693357187547051,0,25,25,184,2,5,3,9
8406,50,7766831975886125399,0,12,12,196,4,2,1,7
8407,50,-7416845476866822816,0,27,27,198,4,8,6,14
8408,50,-679970924745988281,0,23,23,187,3,5,2,11
8409,50,6379305411176835141,0,20,20,190,3,5,3,12
8410,50,844374485220447419,0,21,21,187,2,3,2,13
8411,50,6361259657188530093,0,30,30,183,3,8,6,22
8412,50,488775021750411330,0,31,31,191,3,7,4,16
8413,50,-7083882179751771,0,25,25,193,3,4,3,6
8414,50,4044061303429118647,0,28,28,181,2,3,1,8
8415,50,-280789761622774163,0,37,37,178,3,4,1,8
8416,50,-1234461709498124585,0,36,36,188,1,5,3,14
8417,50,-8761364855264051677,0,31,31,190,3,2,1,8
8418,50,6894347797055258132,0,39,39,201,1,7,3,12
8419,50,5551395526071792065,0,37,37,188,7,3,3,6
8420,50,-7414719769266880856,0,41,41,192,1,7,3,19
8421,50,6214349063622692425,0,26,26,186,5,4,2,10
8422,50,9186695943041312492,0,38,38,188,4,8,5,21
8423,50,7152211353543838014,0,33,33,183,2,5,1,8
8424,50,-3170661189265145367,0,40,40,190,1,9,4,24
8425,50,-3395888695893145258,0,38,38,186,9,2,2,4
8426,50,-5310493585630262993,0,38,38,193,2,4,1,8
8427,50,5378052772591976044,0,17,17,182,9,3,3,9
8428,50,-1879930793247686683,0,37,37,192,3,5,3,11
8429,50,-1551925247804160837,0,31,31,187,5,5,4,13
8430,50,8072046087988079393,0,34,34,181,6,1,1,1
8431,50,7259228535406544713,0,24,24,202,2,5,1,16
8432,50,42394254122564473,0,37,37,175,4,8,6,28
8433,50,-9119898512049793632,0,31,31,196,4,5,2,12
8434,50,-1551095046177080358,0,24,24,199,2,5,3,14
8435,50,8745954510980112579,0,31,31,178,4,3,1,8
8436,50,4738094645968148887,0,31,31,189,2,4,2,9
8437,50,8942999964481065824,0,27,27,205,3,4,2,9
8438,50,5655016919026391493,0,37,37,191,3,5,2,11
8439,50,767811271711127873,0,29,29,190,4,6,4,12
8440,50,-3752345783880839227,0,25,25,187,4,6,4,14
8441,50,6803873887057799688,0,33,33,186,3,7,4,14
8442,50,1921439543194675489,0,34,34,180,3,10,8,25
8443,50,7916168941869001499,0,22,22,186,6,3,1,6
8444,50,-1657635748782857572,0,27,27,185,3,4,2,12
8445,50,8798199986311920860,0,26,26,198,5,2,1,7
8446,50,2856135242914740867,0,9,9,187,4,2,1,4
8447,50,6803395521814562589,0,39,39,181,1,7,4,20
8448,50,1609207716192613449,0,30,30,178,5,3,2,8
8449,50,1426591411974707411,0,23,23,183,2,5,3,9
8450,50,2261263351607951698,0,32,32,188,2,7,4,19
8451,50,4380934327421824777,0,25,25,183,5,4,2,8
8452,50,5793712278679151374,0,43,43,183,3,2,1,3
8453,50,-2876346480686369002,0,30,30,204,2,9,5,16
8454,50,-2590348802799052214,0,38,38,183,1,5,4,12
8455,50,-1209427077376360430,0,41,41,184,6,4,3,10
8456,50,-995253274738362430,0,29,29,180,6,3,2,6
8457,50,-4375146608645894267,0,30,30,185,2,5,2,11
8458,50,-4287168724387257862,0,27,27,191,1,4,3,9
8459,50,7374533184112495969,0,23,23,195,1,7,5,14
8460,50,206872368146818125,0,32,32,190,1,4,1,12
8461,50,3426745873052285746,0,23,23,189,1,3,1,5
8462,50,-1785442472400512186,0,24,24,191,4,4,1,8
8463,50,2052727023154801299,0,39,39,184,3,4,2,8
8464,50,-2695223197692833234,0,8,8,184,2,5,3,12
8465,50,1493820676859832035,0,29,29,195,1,5,2,12
8466,50,5081467892617733605,0,32,32,188,4,2,1,6
8467,50,-9083852913685936583,0,23,23,186,1,6,3,12
8468,50,-7114147959959633675,0,25,25,188,2,5,3,12
8469,50,-6503234784519973484,0,30,30,184,2,5,2,17
8470,50,-8997177205817948957,0,5,5,187,2,6,3,14
8471,50,3270417295285146710,0,19,19,182,1,9,5,22
8472,50,2931840119097144520,0,29,29,191,1,4,1,11
8473,50,6901153195233211123,0,42,42,186,4,3,2,6
8474,50,-3124122361706040031,0,24,24,192,2,7,4,20
8475,50,-3193505987900094235,0,29,29,193,3,5,3,10
8476,50,-5082747365267180318,0,32,32,185,1,7,5,14
8477,50,5712696082305037795,0,38,38,189,1,8,4,17
8478,50,665005692911244240,0,31,31,186,5,3,2,4
8479,50,9100108745731580497,0,20,20,181,2,8,6,20
8480,50,-5147392765146752496,0,31,31,175,6,2,2,4
8481,50,-4055230459473816839,0,21,21,186,2,7,4,16
8482,50,1789304056879486202,0,33,33,173,4,5,3,12
8483,50,3762670193520231419,0,35,35,188,3,7,5,18
8484,50,-2779533504800608974,0,14,14,192,2,6,3,10
8485,50,761072897467481858,0,33,33,187,3,6,3,15
8486,50,-5643265974601266695,0,42,42,194,1,5,2,11
8487,50,5570720443291869368,0,40,40,191,2,5,2,13
8488,50,-1232619787357317696,0,37,37,181,4,7,5,17
8489,50,7115868623425929595,0,24,24,187,1,3,1,13
8490,50,481223953543788542,0,29,29,186,5,6,3,16
8491,50,-855956514115603120,0,42,42,185,3,3,2,7
8492,50,-6661839551569045438,0,32,32,183,1,9,5,26
8493,50,720242638152095511,0,34,34,183,4,8,5,15
8494,50,1310516465589321355,0,23,23,193,2,6,3,14
8495,50,-1237734009797815552,0,30,30,193,4,5,3,9
8496,50,-8061645944325495593,0,30,30,177,1,8,4,31
8497,50,-4227333823299722179,0,39,39,191,3,5,3,9
8498,50,8230119826245062137,0,30,30,194,2,4,1,7
8499,50,-6642543424982926855,0,27,27,188,3,3,1,6
8500,50,75164593347704239,0,29,29,185,1,5,2,10
8501,50,-8725572595239028856,0,28,28,186,5,6,3,20
8502,50,-214442141320352269,0,27,27,190,3,3,2,5
8503,50,8287895823098774495,0,37,37,190,2,5,3,14
8504,50,1898967954420891025,0,27,27,181,3,4,2,7
8505,50,-8434996069774107579,0,32,32,180,7,3,2,9
8506,50,3429564675655078905,0,33,33,190,5,5,4,9
8507,50,-1657154529104339382,0,34,34,185,5,4,2,12
8508,50,-1187916836638022058,0,23,23,188,1,5,2,9
8509,50,6216611400598568184,0,36,36,193,3,5,2,9
8510,50,-6803093578245895713,0,33,33,188,2,8,4,20
8511,50,392801609225475400,0,28,28,184,2,5,3,9
8512,50,-7864887107672252564,0,30,30,193,3,3,2,3
8513,50,-5402736826982705705,0,28,28,196,3,6,3,13
8514,50,-4852417928549718965,0,23,23,189,6,2,1,5
8515,50,-3847935313141994023,0,34,34,190,4,3,1,8
8516,50,1632791309638990932,0,36,36,186,2,7,3,20
8517,50,6354223658136434509,0,25,25,187,6,6,4,17
8518,50,1100672232295270714,0,38,38,184,1,4,2,14
8519,50,-8097198001566068622,0,41,41,190,2,2,1,7
8520,50,-562380457055165661,0,38,38,183,1,8,4,13
8521,50,-487352042155157383,0,41,41,201,3,5,3,9
8522,50,-5374648022506109317,0,36,36,189,1,6,3,13
8523,50,2032372963937698683,0,15,15,174,4,6,3,14
8524,50,8294810116324477701,0,40,40,182,5,2,1,2
8525,50,-353242956577850964,0,32,32,192,2,7,5,12
8526,50,8918391865153140786,0,17,17,191,1,4,1,8
8527,50,7464792804032951761,0,15,15,190,3,8,4,17
8528,50,-3887043612458726730,0,35,35,196,3,3,1,13
8529,50,6338011356536887023,0,9,9,177,6,4,3,12
8530,50,-7755587484580642985,0,33,33,182,4,9,4,26
8531,50,-1003674139314808508,0,25,25,188,7,2,1,3
8532,50,-6381880746731555065,0,26,26,179,2,7,5,17
8533,50,5465922926692018811,0,2,2,186,1,5,3,12
8534,50,-1317723793132140491,0,32,32,192,6,4,2,8
8535,50,1408044430429015322,0,45,45,196,4,8,5,18
8536,50,6315166362131648863,0,40,40,186,2,2,1,10
8537,50,-7779451587518562498,0,27,27,180,2,5,3,10
8538,50,9209705387495006443,0,36,36,189,8,3,3,9
8539,50,5086853709595596938,0,41,41,192,1,5,3,10
8540,50,-4307323040922122697,0,15,15,192,5,3,2,8
8541,50,5436204798037218141,0,34,34,200,3,7,4,19
8542,50,3227323861725519854,0,43,43,200,2,4,1,7
8543,50,7740967923137869122,0,18,18,189,2,8,4,26
8544,50,-4197167915024581731,0,39,39,187,2,5,2,11
8545,50,7266806352353135276,0,23,23,187,2,5,2,12
8546,50,2659593747431332485,0,25,25,189,1,4,1,12
8547,50,4202411117029714402,0,32,32,190,4,5,3,16
8548,50,-7465023133903245390,0,40,40,192,6,6,4,14
8549,50,-8968127771836813000,0,37,37,182,4,2,1,6
8550,50,1740759930021882700,0,41,41,214,5,3,1,7
8551,50,-6800338124672486273,0,31,31,188,3,5,2,15
8552,50,-179506256591296724,0,33,33,191,3,9,6,22
8553,50,8903826298456870334,0,22,22,191,7,2,1,6
8554,50,-2178522417080072014,0,37,37,189,4,3,2,8
8555,50,-7532395531253119711,0,39,39,188,2,3,1,5
8556,50,-2694579243319710763,0,30,30,190,1,12,7,30
8557,50,1357273528879989809,0,38,38,190,3,2,1,5
8558,50,-4300219792938947718,0,27,27,191,2,4,3,11
8559,50,-319117098513168315,0,32,32,196,4,6,5,12
8560,50,-815062313571345654,0,36,36,191,7,3,2,6
8561,50,-5422135339318556616,0,33,33,185,5,6,3,10
8562,50,-4660165602260794050,0,37,37,187,5,2,2,2
8563,50,-9081979935163973285,0,27,27,181,2,3,2,11
8564,50,-4846767338855381956,0,20,20,196,1,3,1,8
8565,50,-6191320695011483731,0,27,27,182,1,9,7,11
8566,50,97712288178210535,0,30,30,186,2,4,2,8
8567,50,4858891717368853833,0,34,34,201,2,5,4,9
8568,50,52407646923085682,0,21,21,190,2,3,2,12
8569,50,1093648172838941983,0,29,29,188,1,7,4,14
8570,50,-274805812546226378,0,30,30,187,3,3,1,6
8571,50,9006870236572853478,0,27,27,189,2,3,1,5
8572,50,-4996631418013473850,0,31,31,187,2,3,1,7
8573,50,3670189665697790545,0,45,45,187,3,5,3,12
8574,50,3065040359113857343,0,35,35,188,2,3,1,6
8575,50,4308469207257421696,0,45,45,184,1,4,2,8
8576,50,2691225496972617187,0,34,34,177,3,5,4,7
8577,50,4677404726822935225,0,26,26,187,5,6,4,23
8578,50,2975409598238466793,0,38,38,184,2,3,2,4
8579,50,3392992973936293207,0,20,20,184,5,3,1,8
8580,50,-5403783939778124146,0,37,37,191,1,6,3,13
8581,50,1843491436952206849,0,44,44,177,1,9,6,27
8582,50,6943658764711232367,0,31,31,183,2,6,3,17
8583,50,-7035400485067328993,0,35,35,186,3,5,3,14
8584,50,-8082147935025829606,0,40,40,190,2,7,2,19
8585,50,266270822211279498,0,25,25,182,1,7,4,20
8586,50,1839941217687730657,0,13,13,193,3,4,1,10
8587,50,-8238108980083849342,0,28,28,188,8,3,2,11
8588,50,-6256042729481475598,0,7,7,170,1,4,2,9
8589,50,8221070601893582820,0,32,32,178,2,5,1,13
8590,50,-8216755684478190684,0,33,33,181,5,5,4,10
8591,50,7976349139250167708,0,31,31,184,1,4,1,9
8592,50,-5767615663978042093,0,21,21,192,1,5,3,11
8593,50,8182784549906792792,0,42,42,177,1,8,5,22
8594,50,2682355398465694446,0,33,33,184,1,4,2,8
8595,50,6427836490796584829,0,34,34,176,3,4,3,13
8596,50,-7535029502454096754,0,27,27,181,5,3,1,7
8597,50,8253246848626100318,0,32,32,191,3,4,2,10
8598,50,-2671539356833112757,0,22,22,181,4,5,3,13
8599,50,-6204212535320870485,0,30,30,188,2,3,1,10
8600,50,-6953245646860552437,0,15,15,196,2,12,8,22
8601,50,772531907350107943,0,38,38,192,3,3,2,12
8602,50,-9045337912611868133,0,18,18,180,3,7,5,17
8603,50,1351866886615232669,0,42,42,186,1,4,2,9
8604,50,7503051118048202305,0,39,39,180,1,3,1,3
8605,50,-365665496777657580,0,43,43,180,1,4,2,13
8606,50,7668560034145745169,0,31,31,186,3,5,3,10
8607,50,-7175756965165952703,0,27,27,177,3,4,2,7
8608,50,-3927329059543624321,0,43,43,195,1,5,2,10
8609,50,4449117242734260028,0,21,21,186,4,2,1,9
8610,50,-5517241176690579275,0,34,34,182,1,6,3,15
8611,50,-3157119064194347658,0,19,19,189,4,6,4,10
8612,50,-2224033103624110041,0,31,31,191,4,3,1,6
8613,50,2582829961978343146,0,25,25,185,5,4,2,9
8614,50,-8584579322677910301,0,20,20,195,3,7,6,20
8615,50,7404999334437777043,0,36,36,194,2,7,4,14
8616,50,145709452517371949,0,36,36,194,5,5,3,15
8617,50,-8433727724229216227,0,33,33,192,3,5,1,12
8618,50,5439051492238628170,0,30,30,179,9,3,3,11
8619,50,-5495778293149657121,0,0,0,180,3,9,5,21
8620,50,-262082236851309412,0,37,37,171,4,4,2,8
8621,50,929420336818066951,0,17,17,176,3,5,3,9
8622,50,-6280858511377527825,0,41,41,194,2,3,1,9
8623,50,8814608287923507478,0,27,27,184,3,6,3,12
8624,50,9202010279055906833,0,33,33,190,1,4,2,12
8625,50,-7194656886779278449,0,41,41,188,1,3,1,6
8626,50,-8341389580802212953,0,31,31,183,5,3,2,7
8627,50,-7190184232302763798,0,30,30,193,5,4,2,14
8628,50,3488905355106697022,0,42,42,196,4,4,3,10
8629,50,7199222948943353295,0,34,34,190,3,4,2,11
8630,50,-3425437946624754016,0,46,46,200,5,5,3,8
8631,50,1667619486107514752,0,11,11,181,4,4,2,9
8632,50,7481315654630954856,0,7,7,194,5,5,4,9
8633,50,-1618890561285423466,0,28,28,194,3,6,4,19
8634,50,-7240766665466827560,0,38,38,207,1,4,1,11
8635,50,-4416234867893327633,0,20,20,179,3,2,1,7
8636,50,8966163152461010154,0,20,20,182,2,10,6,27
8637,50,6764493547707317990,0,24,24,193,4,3,2,8
8638,50,6353524061457842852,0,27,27,201,2,5,3,10
8639,50,1420976924967286725,0,42,42,181,3,2,1,7
8640,50,-2444054529342455376,0,37,37,190,1,5,1,12
8641,50,-4256172845492326025,0,40,40,194,1,11,7,23
8642,50,5989567626898429739,0,25,25,189,2,3,1,6
8643,50,2502695502396845953,0,32,32,188,1,9,5,23
8644,50,5188209315838106557,0,17,17,194,4,10,7,18
8645,50,1924328925209646387,0,37,37,182,1,2,1,6
8646,50,2005893355941126889,0,23,23,190,2,5,3,14
8647,50,8636949854381035290,0,38,38,208,1,7,4,15
8648,50,-3963930322464259163,0,47,47,193,5,5,3,9
8649,50,-1995018389638062152,0,46,46,189,3,6,3,19
8650,50,-1469571149180938707,0,46,46,192,3,6,5,19
8651,50,-6201405975280663690,0,27,27,197,3,4,2,15
8652,50,7515395767759797011,0,25,25,190,3,4,2,6
8653,50,-6002049832502992935,0,29,29,191,1,7,3,19
8654,50,9173346237250502554,0,29,29,187,3,4,2,6
8655,50,-5511825743083965964,0,28,28,190,6,3,2,6
8656,50,-4906214583464643771,0,39,39,180,3,6,2,12
8657,50,-4287098821677928419,0,40,40,182,1,4,3,10
8658,50,204512863923815082,0,38,38,190,3,2,1,8
8659,50,-261467689326030109,0,45,45,188,4,7,3,16
8660,50,-2645391924452365429,0,34,34,184,1,5,3,11
8661,50,4384255813211830591,0,36,36,196,3,5,3,16
8662,50,-1777456484667400666,0,27,27,186,2,6,3,13
8663,50,8833787662938643464,0,34,34,177,7,4,3,8
8664,50,-5206086629512126517,0,28,28,181,4,3,1,8
8665,50,9023739531922310316,0,34,34,189,2,8,5,20
8666,50,-4646287888190143825,0,37,37,181,6,6,4,13
8667,50,-418780833188611300,0,32,32,192,1,5,2,10
8668,50,729082174042998528,0,18,18,185,1,5,2,11
8669,50,344347187385147144,0,28,28,186,6,3,2,8
8670,50,-8654467712922109639,0,34,34,187,1,9,6,20
8671,50,-8148252045332471732,0,20,20,179,4,5,3,12
8672,50,-5529814986841857610,0,29,29,196,2,6,1,14
8673,50,-2350092378221000023,0,34,34,198,2,4,2,10
8674,50,1337719105524701579,0,25,25,179,1,2,1,5
8675,50,8064567573300713655,0,28,28,177,5,2,1,4
8676,50,-6656332341215455088,0,32,32,183,6,5,2,13
8677,50,1703783797705605658,0,40,40,184,3,8,5,21
8678,50,-6276349406647365440,0,27,27,199,8,2,2,4
8679,50,75501477899204852,0,38,38,204,1,8,4,14
8680,50,2017875111465577155,0,38,38,197,5,2,1,8
8681,50,-677723315933590886,0,22,22,194,4,5,3,10
8682,50,6296267547764488136,0,33,33,194,4,3,1,7
8683,50,-7332871903915485303,0,33,33,196,4,3,1,7
8684,50,6917084431981931672,0,26,26,187,6,5,3,16
8685,50,3646970365076756122,0,34,34,189,1,5,2,13
8686,50,-4447805450279929368,0,30,30,185,5,3,2,9
8687,50,-5678394809273084043,0,23,23,179,1,6,4,15
8688,50,-4541588764820367890,0,44,44,189,2,8,6,21
8689,50,5117188044676364355,0,30,30,200,2,4,2,9
8690,50,-3168630591871235274,0,17,17,189,2,2,1,5
8691,50,7367689382215320231,0,28,28,187,2,6,3,10
8692,50,4507665881948463285,0,42,42,187,5,3,2,8
8693,50,1023805242998285294,0,27,27,177,1,3,1,12
8694,50,1186888260525043486,0,28,28,183,8,3,3,11
8695,50,1813560622776628356,0,33,33,198,3,3,2,3
8696,50,-2895892947010832524,0,6,6,187,1,5,2,11
8697,50,6948195453128983209,0,31,31,195,1,5,3,16
8698,50,-2717056573472387361,0,32,32,182,1,6,3,15
8699,50,-7544914960776080283,0,26,26,188,2,3,1,8
8700,50,1061227704277201859,0,22,22,203,1,4,1,10
8701,50,-1627963192305380167,0,35,35,175,5,3,1,8
8702,50,-9055349117913243633,0,44,44,182,2,5,3,14
8703,50,-6320722720772055018,0,22,22,210,7,3,1,8
8704,50,987738475077086418,0,20,20,188,6,3,2,5
8705,50,-6948635237208792046,0,37,37,197,3,8,6,10
8706,50,-8457316029977945325,0,29,29,184,3,3,1,7
8707,50,4270761246090577497,0,11,11,193,3,6,2,13
8708,50,6130927734749304289,0,25,25,183,2,3,1,10
8709,50,5150924497600530145,0,41,41,187,2,6,3,21
8710,50,2404002038125937064,0,32,32,177,2,7,5,24
8711,50,4202889912339763553,0,38,38,185,4,5,3,14
8712,50,-3104542257944580922,0,28,28,182,4,3,1,11
8713,50,3946035334981267971,0,29,29,177,7,2,1,6
8714,50,8791075084367885661,0,27,27,192,4,4,3,8
8715,50,1618122911331246424,0,32,32,178,2,3,2,7
8716,50,-2480033263166130070,0,27,27,182,5,7,6,19
8717,50,1846743422957689739,0,35,35,195,3,5,2,9
8718,50,6153298995294494230,0,30,30,175,1,6,3,16
8719,50,8252416108805846745,0,33,33,194,2,3,1,9
8720,50,6911833106816341836,0,10,10,193,2,4,3,10
8721,50,-2970248013231919808,0,21,21,188,4,10,6,23
8722,50,-4928646288732872565,0,31,31,185,1,9,7,22
8723,50,-1161926971844620938,0,32,32,186,8,2,2,2
8724,50,-8364286547961209348,0,34,34,182,1,5,4,14
8725,50,-3650434234479065316,0,18,18,196,2,11,7,26
8726,50,-6583552253074332474,0,19,19,180,5,4,2,12
8727,50,253630341949212211,0,36,36,185,2,4,1,12
8728,50,-342744226729572959,0,27,27,188,1,7,3,17
8729,50,-7999218837911498290,0,26,26,191,1,10,7,18
8730,50,1116371884053867689,0,27,27,181,1,7,4,19
8731,50,-1790703851801746935,0,42,42,179,5,4,4,8
8732,50,4254362246899100276,0,31,31,187,1,7,3,17
8733,50,-535466799680036551,0,27,27,187,4,5,4,13
8734,50,-3378858405000856986,0,42,42,187,5,4,2,10
8735,50,3269197653743848548,0,26,26,186,1,9,5,28
8736,50,-5268500575785297341,0,36,36,189,3,3,2,6
8737,50,-3764124730975901965,0,30,30,186,3,4,2,12
8738,50,3970884697413273349,0,18,18,186,1,9,5,20
8739,50,4387238620394059174,0,18,18,188,3,6,4,20
8740,50,-4845177218130906385,0,39,39,183,3,4,2,7
8741,50,-7159806609766271801,0,24,24,182,1,3,1,8
8742,50,8394039634832148705,0,36,36,180,2,4,2,13
8743,50,-391786657999094366,0,38,38,194,4,3,2,9
8744,50,-8040627097308720914,0,26,26,203,1,6,3,13
8745,50,7072630083162705715,0,31,31,194,2,2,1,6
8746,50,-5717693797308921301,0,27,27,191,1,5,3,11
8747,50,3932310376758881825,0,40,40,178,1,3,1,7
8748,50,5372691666452336073,0,38,38,177,7,1,1,1
8749,50,4101648015868137451,0,30,30,192,4,4,2,9
8750,50,8886656529027813222,0,32,32,176,2,4,2,10
8751,50,363909876237682016,0,33,33,181,3,7,4,16
8752,50,-8164608747212697953,0,24,24,181,1,4,2,15
8753,50,5175840863448520788,0,10,10,185,3,9,6,19
8754,50,6513969511120719337,0,28,28,183,2,5,3,12
8755,50,503704014597853328,0,33,33,193,4,3,1,8
8756,50,-539432823932329311,0,13,13,187,2,6,3,13
8757,50,2759575805981692938,0,30,30,189,1,8,5,17
8758,50,2352771873974678112,0,41,41,189,3,3,1,5
8759,50,-3726367665559218603,0,28,28,197,2,5,2,14
8760,50,-9205549232637234796,0,38,38,198,3,4,2,9
8761,50,5352901144044211034,0,44,44,198,4,8,5,26
8762,50,-4692457627084589236,0,40,40,195,5,9,7,18
8763,50,-2007271888128011960,0,27,27,198,2,4,2,10
8764,50,-336189453166658990,0,25,25,196,3,11,7,30
8765,50,-839332846574729784,0,36,36,183,3,6,3,14
8766,50,5403341435837959038,0,13,13,189,4,5,3,14
8767,50,-1924528532069909899,0,33,33,187,1,2,1,4
8768,50,5567876308655300937,0,32,32,173,3,7,4,19
8769,50,-4012698493821617013,0,15,15,196,1,4,2,5
8770,50,788513485451905184,0,36,36,180,5,2,1,6
8771,50,-5498065669077212195,0,21,21,192,1,2,1,5
8772,50,-3272101128814932230,0,28,28,188,4,4,2,7
8773,50,-4513070340851294964,0,14,14,185,5,6,3,13
8774,50,7763554937516800428,0,38,38,177,2,3,2,8
8775,50,-8233995786351058187,0,39,39,196,2,6,2,13
8776,50,1028454523131125371,0,36,36,184,4,2,1,2
8777,50,8699341013069994859,0,30,30,186,7,4,3,12
8778,50,-1244061187717254798,0,24,24,197,1,7,5,16
8779,50,-652228301515076826,0,17,17,196,2,4,1,13
8780,50,-6337827954740601866,0,35,35,193,2,4,2,7
8781,50,-4174667736486128390,0,31,31,189,1,5,2,11
8782,50,4755347486870384919,0,33,33,184,5,3,1,10
8783,50,7710158597530810443,0,29,29,204,2,6,2,17
8784,50,6368122174407873320,0,7,7,187,3,10,7,19
8785,50,-7394216033955495232,0,6,6,183,4,3,1,9
8786,50,-1545800258047402351,0,32,32,181,6,3,1,8
8787,50,-2357532834704824010,0,40,40,194,3,7,4,18
8788,50,8440884242631699938,0,29,29,185,6,7,6,24
8789,50,-8206963484158149641,0,38,38,188,1,4,2,6
8790,50,2426172670333913900,0,17,17,184,4,5,3,12
8791,50,9103816328353622571,0,39,39,196,1,5,2,6
8792,50,8087390019433357964,0,6,6,187,1,3,1,4
8793,50,2265363770229065869,0,30,30,178,1,9,5,30
8794,50,-3994481000880518649,0,24,24,200,1,7,4,9
8795,50,-5463297771411828894,0,29,29,176,2,4,3,9
8796,50,-4638635182908018019,0,21,21,180,5,3,2,9
8797,50,-7610897896355380313,0,27,27,176,1,6,4,15
8798,50,-6909747923718318440,0,26,26,187,2,4,1,11
8799,50,-7569017065026207863,0,32,32,208,1,3,1,9
8800,50,6097263945195354404,0,31,31,181,3,4,3,15
8801,50,-4476386979611472358,0,39,39,191,1,3,1,8
8802,50,4936221003110517540,0,17,17,184,6,3,1,10
8803,50,-884819517868995007,0,40,40,192,2,6,5,10
8804,50,-121083012810897086,0,34,34,190,2,6,2,12
8805,50,5334543037502492913,0,39,39,190,2,3,1,10
8806,50,-4106077908694292664,0,10,10,184,3,9,5,29
8807,50,-3807233391435438436,0,40,40,189,5,5,3,9
8808,50,-3343187618134483794,0,32,32,186,2,2,1,9
8809,50,-625033450433687574,0,26,26,179,3,7,4,16
8810,50,2459783368195974771,0,30,30,181,6,2,1,5
8811,50,-2983692418098461274,0,25,25,193,1,4,2,10
8812,50,-647202806753734096,0,48,48,185,6,3,2,4
8813,50,-7545238427354739720,0,24,24,180,6,5,3,15
8814,50,3373968002009261673,0,29,29,201,4,5,3,8
8815,50,-4501746032091839271,0,35,35,183,2,4,2,12
8816,50,969352716025953318,0,45,45,177,1,7,4,17
8817,50,4619220927186957762,0,40,40,187,1,2,1,7
8818,50,3726294218888846785,0,33,33,184,1,6,3,16
8819,50,2352379359744767142,0,39,39,187,1,7,4,13
8820,50,-6446051484540502270,0,40,40,194,1,5,2,11
8821,50,-7709230703825358813,0,18,18,186,6,7,4,15
8822,50,-6815829425665858968,0,25,25,184,2,5,3,9
8823,50,-3239549602036300045,0,28,28,180,2,3,1,7
8824,50,4617498118841663433,0,26,26,170,2,5,3,8
8825,50,6165531740560532136,0,40,40,176,1,8,5,17
8826,50,1244269705787965469,0,25,25,198,2,3,1,9
8827,50,7417198671069989272,0,36,36,189,2,9,6,24
8828,50,-8940356223069887851,0,21,21,193,1,3,1,4
8829,50,-1005263234681234411,0,21,21,190,1,7,4,15
8830,50,2756279754519830258,0,49,49,189,3,4,1,8
8831,50,5716095909865615585,0,1,1,197,3,3,1,5
8832,50,-8776358291466249963,0,39,39,192,2,4,2,11
8833,50,1706261817038259424,0,30,30,193,3,6,3,16
8834,50,-9092181733229577775,0,39,39,192,2,4,2,7
8835,50,3767865085713330703,0,36,36,186,2,6,3,11
8836,50,3440481929391227144,0,32,32,183,2,5,3,16
8837,50,2833838005528388020,0,25,25,196,1,5,2,14
8838,50,-7427845062018603787,0,32,32,183,5,3,1,10
8839,50,7768455581855509975,0,40,40,199,2,6,4,15
8840,50,79723829521715909,0,35,35,167,5,3,2,9
8841,50,5902352496024184304,0,25,25,185,3,5,3,11
8842,50,-2920825123941653395,0,37,37,190,1,4,1,10
8843,50,-5375249653141116191,0,19,19,188,7,6,4,13
8844,50,-2263829427575644233,0,35,35,192,1,4,2,12
8845,50,-6504511965106596314,0,34,34,194,2,9,7,26
8846,50,3098748479364403868,0,43,43,183,1,4,2,11
8847,50,-6416595172947976118,0,22,22,182,1,11,7,22
8848,50,-5472138305212423975,0,37,37,184,3,3,1,4
8849,50,-5740376591731950948,0,31,31,205,6,2,1,7
8850,50,-4658429564883069252,0,39,39,181,1,5,2,11
8851,50,-3067665003835142110,0,30,30,182,2,3,1,12
8852,50,2135886494816933182,0,19,19,199,2,5,2,12
8853,50,8699918521819046350,0,19,19,192,1,6,3,11
8854,50,8244650550754421590,0,44,44,189,1,4,2,10
8855,50,-6306160038862523921,0,43,43,192,1,6,3,14
8856,50,-3432106753364987765,0,39,39,192,3,2,1,7
8857,50,9081741513902895850,0,21,21,197,4,4,1,7
8858,50,5083969060406932683,0,19,19,191,1,8,4,19
8859,50,-858220599036580567,0,32,32,191,1,6,3,15
8860,50,-7458374134488360581,0,32,32,200,3,6,3,12
8861,50,1643073513764409426,0,28,28,190,5,7,4,22
8862,50,-1940011818744141873,0,36,36,191,3,7,3,13
8863,50,-1754590381532240964,0,31,31,162,2,5,3,14
8864,50,6995625578964056154,0,23,23,181,1,4,1,15
8865,50,414499619727395358,0,27,27,189,2,8,4,16
8866,50,1501593351707672552,0,31,31,187,4,4,2,11
8867,50,-7038259091678638967,0,34,34,184,1,3,1,10
8868,50,3961380908485203339,0,39,39,178,2,4,1,8
8869,50,6380768068324466839,0,44,44,179,3,5,4,19
8870,50,-2090326140892641805,0,12,12,188,4,7,5,15
8871,50,-6883613409315021340,0,22,22,196,4,3,2,4
8872,50,-8696229132312131581,0,27,27,186,2,3,2,7
8873,50,-5921345514924222787,0,31,31,186,3,11,7,26
8874,50,2184118759938991776,0,8,8,191,1,10,6,28
8875,50,-978549777346443241,0,31,31,193,4,8,6,17
8876,50,-7046537740017306677,0,31,31,184,4,4,2,7
8877,50,-3481161921879042877,0,23,23,187,5,6,4,15
8878,50,-5783897914013837071,0,43,43,203,2,3,2,8
8879,50,-2231952316068479010,0,25,25,188,2,7,4,18
8880,50,-5171689550749558655,0,30,30,185,1,5,3,12
8881,50,2908640108096690829,0,31,31,182,3,5,3,11
8882,50,5545573302449607871,0,30,30,187,1,7,4,10
8883,50,-7444998019346736918,0,33,33,198,3,7,3,15
8884,50,-3474103676990558249,0,36,36,191,2,6,3,15
8885,50,-669427446591978951,0,19,19,192,3,7,4,19
8886,50,-266504391943464651,0,25,25,181,4,6,4,13
8887,50,-5206384227093925794,0,23,23,194,3,7,4,15
8888,50,-5933888677199487981,0,38,38,183,1,4,2,8
8889,50,5816617295272399507,0,26,26,196,4,4,2,9
8890,50,-2082756926232902829,0,31,31,180,6,6,5,20
8891,50,8762381926570977109,0,22,22,179,4,2,1,5
8892,50,-6191619676637862258,0,21,21,196,6,4,2,13
8893,50,-983262825532661345,0,30,30,181,5,5,3,16
8894,50,-2134301356131109780,0,35,35,186,7,3,3,7
8895,50,-3766358908361003686,0,32,32,177,1,4,2,7
8896,50,-408234596247073227,0,46,46,181,5,5,5,13
8897,50,-8128386681671153901,0,38,38,195,2,5,3,7
8898,50,-7517846943908378456,0,25,25,181,1,13,9,34
8899,50,-7308579661218604306,0,26,26,184,1,3,2,6
8900,50,6677352231429826059,0,41,41,174,2,3,1,10
8901,50,-2461332445643759910,0,39,39,186,2,3,2,4
8902,50,8212990868372020611,0,22,22,183,9,1,1,4
8903,50,-1724704602856662011,0,19,19,196,3,9,7,13
8904,50,8276103898434470821,0,37,37,172,2,6,3,18
8905,50,-2591784713865700462,0,38,38,185,3,4,1,15
8906,50,-5945597640305809332,0,29,29,191,1,5,3,11
8907,50,-3885784562905437559,0,21,21,196,3,3,1,9
8908,50,2448983058818678188,0,39,39,191,1,6,4,10
8909,50,-2675957957910304497,0,35,35,196,2,7,5,10
8910,50,3636347489977375911,0,18,18,192,2,8,5,24
8911,50,4839851850112506070,0,41,41,174,4,3,2,13
8912,50,-2583664241828644257,0,38,38,179,2,4,2,13
8913,50,-4996009523526967594,0,25,25,194,1,7,4,18
8914,50,-8767496120543747317,0,29,29,178,2,5,3,16
8915,50,317683264220310588,0,7,7,189,3,7,5,12
8916,50,-3529931981196931570,0,11,11,195,1,4,1,7
8917,50,6798023354279297698,0,24,24,189,2,6,3,13
8918,50,4035067509483282245,0,36,36,178,1,9,5,26
8919,50,-8420339463193081983,0,38,38,186,4,5,2,13
8920,50,-8021251678867707488,0,29,29,196,1,9,4,17
8921,50,-4161417126350431517,0,31,31,189,2,6,3,16
8922,50,8280588099925165812,0,38,38,194,1,6,3,16
8923,50,-5048106142215903908,0,22,22,192,1,7,5,15
8924,50,731972397792254222,0,35,35,186,3,3,2,7
8925,50,8283447589173203258,0,31,31,183,7,5,4,9
8926,50,-5884152840337373174,0,40,40,190,7,2,1,2
8927,50,12264764410995451,0,35,35,189,2,2,1,4
8928,50,958921560626139622,0,22,22,185,7,5,4,15
8929,50,-6310641659332745985,0,24,24,173,4,4,2,13
8930,50,-4551400183927849135,0,37,37,184,5,2,1,4
8931,50,6907591871210691198,0,35,35,194,2,3,1,7
8932,50,4200051862907212233,0,34,34,195,3,6,1,9
8933,50,-1553878002632954437,0,18,18,194,3,12,9,31
8934,50,-427407415395320092,0,32,32,191,1,5,2,11
8935,50,2728666941507407225,0,39,39,193,2,4,1,7
8936,50,-7589025444107465492,0,27,27,194,3,4,2,8
8937,50,-7827288800732942930,0,14,14,188,5,6,3,11
8938,50,5137089072545359025,0,29,29,193,2,5,2,12
8939,50,-833085371501453450,0,38,38,191,3,5,3,14
8940,50,9141956441496169627,0,29,29,183,7,2,2,6
8941,50,-5287950213485890486,0,25,25,196,1,5,3,14
8942,50,-3374835022299430658,0,38,38,200,5,5,3,10
8943,50,-3118821705869467535,0,19,19,196,3,4,2,11
8944,50,7522072822439583154,0,32,32,181,4,7,6,17
8945,50,-7483050442102566730,0,31,31,181,3,4,2,10
8946,50,-880760688666964767,0,6,6,188,1,6,2,9
8947,50,6904864506697082714,0,30,30,177,2,5,3,13
8948,50,4775960816767250210,0,41,41,184,2,3,2,7
8949,50,-2071193082530278324,0,12,12,177,4,7,5,18
8950,50,-1440275783764201273,0,28,28,179,1,4,1,13
8951,50,-5442022537983050601,0,34,34,177,3,5,3,17
8952,50,2211276854098198642,0,42,42,191,1,4,1,7
8953,50,8231803548707251483,0,43,43,197,2,3,1,8
8954,50,1703523239004347118,0,39,39,176,1,4,1,9
8955,50,-2712937206291442561,0,17,17,189,3,4,1,6
8956,50,3979822454067773499,0,38,38,183,1,8,5,21
8957,50,-1611298016049373083,0,33,33,182,6,4,3,11
8958,50,3442236211826877930,0,28,28,181,3,5,3,12
8959,50,7538302554102946271,0,41,41,191,2,9,5,23
8960,50,5467678357628615339,0,36,36,192,1,7,3,17
8961,50,-6816154207494664926,0,15,15,183,7,2,2,8
8962,50,8613233556199591716,0,39,39,188,1,6,3,9
8963,50,-4514589292190693255,0,24,24,201,2,5,3,6
8964,50,-3288805829118806013,0,15,15,189,1,7,4,13
8965,50,6262571969587994236,0,24,24,206,2,8,5,15
8966,50,8297229545595682134,0,18,18,187,8,1,1,2
8967,50,-593320897664395391,0,16,16,195,6,2,1,5
8968,50,7662835932739660569,0,31,31,184,1,4,2,16
8969,50,-1526086749994957231,0,35,35,188,7,5,4,12
8970,50,6754769668298250000,0,18,18,186,3,5,2,12
8971,50,-8972699177956051938,0,36,36,182,1,5,3,16
8972,50,-8003047157097353257,0,40,40,189,1,5,3,13
8973,50,-128967694268770380,0,30,30,195,4,5,4,11
8974,50,4507667492180781367,0,24,24,180,4,2,1,7
8975,50,3977200917577337839,0,41,41,188,3,4,1,8
8976,50,-7191612036916815430,0,32,32,186,5,3,1,7
8977,50,-7319409978194445972,0,20,20,195,3,4,2,10
8978,50,3489645466797268352,0,26,26,189,1,4,1,7
8979,50,-8244064178335455357,0,31,31,179,7,3,2,5
8980,50,-7080901235572747693,0,33,33,204,6,7,5,20
8981,50,3426334925923281012,0,37,37,188,4,4,2,4
8982,50,2930696316966109433,0,36,36,176,1,4,2,13
8983,50,4848012597383484639,0,19,19,196,2,4,2,10
8984,50,-1614171698714327094,0,44,44,191,2,7,4,15
8985,50,2130605591137700473,0,29,29,191,2,5,2,8
8986,50,5530357588176034433,0,39,39,196,3,3,2,6
8987,50,6995186994603647485,0,33,33,192,3,5,3,18
8988,50,-6555760888234005674,0,27,27,181,3,6,4,15
8989,50,-6019160078642835361,0,21,21,181,2,7,5,19
8990,50,-5738235985296830133,0,41,41,184,4,2,1,6
8991,50,5621311758978606919,0,41,41,177,3,3,1,11
8992,50,-1246603970722922554,0,43,43,190,3,4,2,7
8993,50,-3463164010125924163,0,26,26,192,1,6,5,12
8994,50,2872403971538314079,0,21,21,195,5,2,1,4
8995,50,4378528000894263840,0,17,17,192,2,9,6,23
8996,50,-1678365416412448773,0,35,35,188,2,6,3,20
8997,50,6012579216402350684,0,43,43,200,5,5,4,12
8998,50,-5401037278672376807,0,30,30,191,1,4,2,13
8999,50,5512856249945497435,0,27,27,178,3,2,1,3
9000,50,3042527060757865835,0,33,33,188,1,2,1,3
9001,50,1420693735277616827,0,17,17,188,4,8,6,19
9002,50,-660315565131646296,0,36,36,205,1,7,3,12
9003,50,93729937298175426,0,37,37,185,3,5,3,12
9004,50,-1900501944597907808,0,40,40,187,1,4,2,13
9005,50,-4966662819602369394,0,47,47,181,4,4,3,9
9006,50,-1270259358104078192,0,35,35,182,1,6,3,13
9007,50,5515017067043410064,0,38,38,186,1,10,6,20
9008,50,6751494023637288375,0,46,46,179,1,6,3,11
9009,50,1010174620202148411,0,43,43,186,6,4,1,12
9010,50,6804992592056868905,0,25,25,184,1,6,3,16
9011,50,4184831826436966903,0,19,19,181,2,4,2,10
9012,50,1941616768290141922,0,30,30,182,4,4,3,4
9013,50,3893795370201772124,0,26,26,177,1,3,1,9
9014,50,315208726790390557,0,42,42,187,6,3,2,11
9015,50,8868407267255686556,0,35,35,188,2,6,3,11
9016,50,-5742130466554829082,0,34,34,190,1,5,3,17
9017,50,-6873489448839175105,0,32,32,185,2,6,3,15
9018,50,-1454029407426846482,0,31,31,193,9,3,3,5
9019,50,8333188771068148502,0,25,25,202,1,4,2,9
9020,50,-4269617418283030114,0,33,33,188,1,4,1,12
9021,50,-519646370499845527,0,29,29,187,3,5,2,13
9022,50,2951280458337586542,0,11,11,196,1,5,1,10
9023,50,2655547158183321714,0,44,44,189,3,4,2,7
9024,50,-8831051196246550410,0,41,41,185,4,2,1,7
9025,50,8781741694591017231,0,26,26,185,6,2,2,4
9026,50,6276025158479390532,0,38,38,183,2,4,2,9
9027,50,5236900930787042482,0,25,25,189,3,6,3,15
9028,50,-7298093937923411728,0,20,20,194,2,3,1,6
9029,50,6488522888515562139,0,25,25,183,2,5,2,13
9030,50,6037801161635995246,0,22,22,199,3,6,3,17
9031,50,4175432417180093001,0,16,16,192,5,7,5,15
9032,50,4020257058967585571,0,41,41,189,1,4,2,7
9033,50,6054927274750406701,0,45,45,203,9,2,2,4
9034,50,-3400933120424719686,0,28,28,184,1,6,4,16
9035,50,-3573875408964701792,0,33,33,185,2,4,1,7
9036,50,-2017561155126267849,0,24,24,188,1,7,3,20
9037,50,7424594417930431511,0,33,33,178,8,2,1,7
9038,50,-9108002369237249461,0,40,40,202,2,9,5,21
9039,50,2115140797667124117,0,30,30,195,2,3,1,9
9040,50,3038602513181309162,0,25,25,193,3,4,1,10
9041,50,-4851741625747254176,0,47,47,193,1,4,2,10
9042,50,-2647895583920627686,0,30,30,194,3,10,6,25
9043,50,5303684693192764407,0,28,28,192,1,4,2,10
9044,50,8154919718327589902,0,27,27,191,1,5,2,8
9045,50,4936179948561915202,0,19,19,181,1,6,4,10
9046,50,-7505503043870037389,0,26,26,179,3,6,3,10
9047,50,-3918819373703478261,0,32,32,178,1,5,2,15
9048,50,-2382642834162350840,0,35,35,182,2,9,5,28
9049,50,-180485094727365715,0,38,38,188,8,2,2,2
9050,50,8127463179265067380,0,37,37,191,7,4,3,9
9051,50,6131629797543070986,0,36,36,191,2,3,1,7
9052,50,5575449528648960595,0,28,28,195,2,9,6,16
9053,50,1547860555242592194,0,34,34,173,1,4,3,5
9054,50,-3620287882089570927,0,35,35,167,6,3,2,8
9055,50,-7823167163656037728,0,39,39,189,2,7,4,13
9056,50,508916704046218235,0,27,27,184,2,6,4,14
9057,50,-45426648595308712,0,37,37,196,1,7,5,12
9058,50,8641335485009200659,0,28,28,183,8,1,1,2
9059,50,-2109294212108710545,0,21,21,186,4,6,5,12
9060,50,4004906051694019107,0,41,41,194,1,5,3,14
9061,50,6978005481608341626,0,24,24,191,2,4,2,5
9062,50,-4910111694160844908,0,37,37,179,7,1,1,4
9063,50,1390865013536947594,0,43,43,188,2,3,1,8
9064,50,-5054373921734800513,0,24,24,202,7,2,1,7
9065,50,4655357513116578790,0,36,36,192,4,6,3,9
9066,50,-4154570615181344124,0,35,35,190,4,5,3,15
9067,50,-4617191273935031046,0,22,22,196,3,5,2,18
9068,50,3818411536581250010,0,39,39,185,2,4,1,9
9069,50,3357067639778418576,0,27,27,189,7,2,1,6
9070,50,8268211691657124263,0,40,40,182,6,4,3,7
9071,50,-59038225247651267,0,31,31,189,3,4,2,12
9072,50,5065399203718515346,0,18,18,183,2,8,5,18
9073,50,4001941231223707933,0,24,24,186,2,3,2,5
9074,50,3736913673974605973,0,25,25,187,2,5,3,8
9075,50,-8740675636095554878,0,41,41,195,2,6,3,12
9076,50,-3631787587299901161,0,41,41,192,2,5,3,16
9077,50,6193533027096420457,0,25,25,186,4,3,1,9
9078,50,4205277113500248633,0,28,28,194,1,6,3,16
9079,50,-205657726854339218,0,21,21,186,4,3,2,8
9080,50,5695065871128103280,0,38,38,189,2,5,1,12
9081,50,-5018944303274993151,0,32,32,188,1,5,1,13
9082,50,9093310147173183315,0,37,37,195,5,2,1,4
9083,50,2610180228481828122,0,28,28,183,6,3,2,5
9084,50,-4333479747531809611,0,28,28,183,3,7,4,20
9085,50,-5389493916365868631,0,22,22,189,4,2,1,4
9086,50,-2693709745528814346,0,33,33,203,7,3,2,8
9087,50,-5181903703261598958,0,47,47,192,5,4,2,9
9088,50,2451975246943625622,0,45,45,194,2,4,2,8
9089,50,4983778796182539480,0,38,38,191,2,6,4,17
9090,50,-94447973489202422,0,30,30,197,1,4,1,8
9091,50,6765472722208659863,0,35,35,198,2,3,1,5
9092,50,6379572733842442962,0,24,24,173,1,6,3,16
9093,50,5496432972974755127,0,46,46,189,1,10,6,15
9094,50,-8184488309123933493,0,35,35,193,1,6,4,13
9095,50,-4654685822634254754,0,25,25,183,6,4,2,7
9096,50,8993517037712049601,0,23,23,185,6,2,1,6
9097,50,3993382045838025510,0,23,23,196,1,8,3,18
9098,50,8278767104383802696,0,34,34,186,1,6,3,16
9099,50,-151668425298326256,0,28,28,185,1,3,1,8
9100,50,7756555943577155787,0,40,40,201,1,6,3,13
9101,50,8295620142644146231,0,31,31,189,1,7,2,12
9102,50,148458227417297381,0,36,36,171,2,8,6,17
9103,50,-380109792227915320,0,38,38,194,4,3,2,6
9104,50,3344044607053713903,0,36,36,188,2,6,4,10
9105,50,7024366012417833393,0,27,27,193,1,5,2,15
9106,50,6415750982892668121,0,45,45,198,6,4,2,8
9107,50,-8045743735492140136,0,41,41,186,1,5,3,10
9108,50,835227376038094141,0,34,34,188,2,7,4,12
9109,50,-6567369336979035378,0,33,33,178,1,7,4,17
9110,50,-140818367732451919,0,28,28,185,2,4,2,11
9111,50,-4997761714682839292,0,47,47,189,2,6,3,14
9112,50,5180602827744353116,0,21,21,184,3,2,1,5
9113,50,8902614772298098813,0,22,22,192,1,3,1,9
9114,50,-6815104768716280373,0,26,26,190,2,4,2,8
9115,50,-2748482066499104635,0,43,43,187,1,9,5,16
9116,50,4857068213942710277,0,24,24,190,1,7,4,15
9117,50,-7446691856995880607,0,41,41,196,1,8,4,12
9118,50,-6970464019275217188,0,30,30,197,1,9,5,23
9119,50,-5803875822521391353,0,29,29,178,3,6,4,17
9120,50,-3704564370444894075,0,24,24,180,2,6,3,11
9121,50,6830840142035014352,0,28,28,191,3,5,2,13
9122,50,-5356533044053212821,0,28,28,190,1,6,3,11
9123,50,8121930123028301419,0,39,39,181,4,6,5,12
9124,50,4116944029349390911,0,38,38,185,2,7,4,15
9125,50,-6815463121817916908,0,34,34,195,9,4,4,6
9126,50,4437637581891832659,0,25,25,180,2,6,3,16
9127,50,5688040334335922694,0,21,21,191,2,4,2,11
9128,50,1360744530169706792,0,31,31,187,1,4,2,9
9129,50,1860291207683536686,0,40,40,191,1,8,4,24
9130,50,1646727497815889477,0,29,29,195,2,9,5,24
9131,50,2413209901518472992,0,23,23,180,6,4,3,5
9132,50,-1342108442093115830,0,20,20,188,3,3,1,7
9133,50,-8272305970427068594,0,41,41,182,3,4,2,5
9134,50,7048360011872009796,0,34,34,176,4,4,2,13
9135,50,8222931817453242230,0,24,24,185,3,6,3,14
9136,50,5096813056553510465,0,33,33,193,1,4,2,6
9137,50,4128599005342351196,0,36,36,189,5,5,4,11
9138,50,1412272400113893415,0,23,23,202,6,5,4,13
9139,50,592348717964571577,0,32,32,184,5,7,5,13
9140,50,3238686111842699201,0,43,43,188,2,7,5,23
9141,50,9037322023904882291,0,30,30,186,6,4,2,10
9142,50,7788065776172400666,0,21,21,190,2,6,2,12
9143,50,3751768123058050573,0,36,36,201,4,5,3,10
9144,50,-4701147798683033074,0,35,35,182,8,5,4,14
9145,50,-2451663898175451040,0,36,36,199,6,4,1,11
9146,50,6266243978812956701,0,40,40,186,3,6,3,19
9147,50,-8713086329572778869,0,36,36,183,1,9,6,22
9148,50,-8812517425581419646,0,35,35,188,5,3,1,9
9149,50,8128699750856136743,0,33,33,184,2,7,4,17
9150,50,-3778115964004620669,0,35,35,177,2,4,3,12
9151,50,6537212498866774975,0,45,45,191,5,5,4,10
9152,50,1514494584661069834,0,33,33,184,2,4,2,13
9153,50,8709997383381621374,0,14,14,187,2,4,2,12
9154,50,5856497680875074677,0,27,27,193,2,5,2,10
9155,50,-8965256410081095382,0,29,29,191,1,8,3,16
9156,50,5727438123244617641,0,38,38,181,3,4,3,12
9157,50,8657814552655433809,0,17,17,181,1,4,1,8
9158,50,-1680892091427369875,0,34,34,187,1,9,6,21
9159,50,-3263976649672016447,0,45,45,182,1,6,4,14
9160,50,3775550840194739444,0,26,26,184,1,8,4,19
9161,50,5099680933697923388,0,40,40,187,1,5,3,9
9162,50,-4909581500258572101,0,32,32,188,3,7,5,13
9163,50,-7834643781642768276,0,39,39,182,2,7,4,14
9164,50,1889123886563181461,0,26,26,189,4,4,2,12
9165,50,-3547351707002655212,0,31,31,179,3,9,6,22
9166,50,2488625070712873475,0,28,28,179,6,3,2,8
9167,50,515716691428206728,0,33,33,190,1,4,1,15
9168,50,-3772302512895418679,0,26,26,173,6,5,4,12
9169,50,-2020523763104943266,0,31,31,202,5,3,2,6
9170,50,-5140903337147931203,0,34,34,179,7,2,1,5
9171,50,69926771142916198,0,31,31,192,4,3,2,8
9172,50,1307142994823931874,0,26,26,189,1,10,6,22
9173,50,5749627855989021654,0,39,39,186,5,3,1,11
9174,50,-9153416863284675404,0,28,28,191,1,6,3,21
9175,50,2206102720428142537,0,32,32,182,6,2,1,7
9176,50,-2948638432384203579,0,33,33,190,2,4,2,11
9177,50,-7979509798616749334,0,32,32,186,3,4,2,9
9178,50,5668002002267382152,0,25,25,193,2,5,2,11
9179,50,-3206497589009246612,0,32,32,189,3,4,2,9
9180,50,3111926020984460908,0,32,32,195,1,6,3,14
9181,50,84269337355282237,0,35,35,181,7,2,2,6
9182,50,-304471887335823572,0,35,35,197,2,3,1,10
9183,50,7340550293331506810,0,25,25,190,2,5,3,16
9184,50,3592938085974771557,0,30,30,185,4,2,1,2
9185,50,239193611620519204,0,22,22,188,1,4,1,5
9186,50,4926678969205862248,0,34,34,180,3,7,6,18
9187,50,4536196840922396436,0,21,21,181,6,3,2,8
9188,50,2629820039103294033,0,22,22,190,6,3,2,8
9189,50,-5946529302336548564,0,32,32,206,2,10,4,22
9190,50,8678731736948633944,0,37,37,182,1,5,3,15
9191,50,8204452536105846479,0,41,41,189,1,5,3,13
9192,50,6917626854316501094,0,38,38,182,4,7,6,14
9193,50,-3088680508441939310,0,32,32,191,5,1,1,5
9194,50,-7418793984759836693,0,22,22,197,1,10,6,23
9195,50,2986681217798690355,0,23,23,190,1,7,4,20
9196,50,-5399071786334650386,0,30,30,181,5,5,3,16
9197,50,-4218378141115802167,0,45,45,204,3,5,3,11
9198,50,-2359312356133617563,0,25,25,187,6,2,1,3
9199,50,-4498321501434371523,0,18,18,186,1,5,3,10
9200,50,139420534401356486,0,26,26,200,4,3,1,9
9201,50,-656120160238870792,0,25,25,192,1,8,4,16
9202,50,2151128464738648285,0,34,34,196,3,4,3,10
9203,50,-6021447971684708643,0,30,30,183,4,8,6,26
9204,50,8256538965211235552,0,29,29,189,1,6,3,12
9205,50,170430177127359609,0,31,31,189,3,3,1,10
9206,50,-1672391722838204736,0,20,20,176,1,10,7,28
9207,50,-1659214775092801159,0,28,28,186,1,6,2,16
9208,50,-6717561922670695743,0,30,30,192,5,4,2,9
9209,50,-5617792438759599780,0,30,30,179,8,3,2,12
9210,50,-1155739728251105972,0,35,35,188,6,3,1,7
9211,50,-4936991689729381527,0,31,31,183,4,6,4,13
9212,50,4848741236425656323,0,26,26,183,2,6,4,16
9213,50,-9077116158103134238,0,32,32,199,1,4,1,6
9214,50,-8879815550993183722,0,25,25,185,2,5,3,7
9215,50,-8219502134678702984,0,26,26,176,4,2,1,3
9216,50,-3300748597201642028,0,31,31,205,1,6,4,12
9217,50,1989682532252554242,0,17,17,186,3,5,3,9
9218,50,-3137194471872848508,0,24,24,185,1,3,1,7
9219,50,6457373790788990313,0,30,30,197,5,4,3,7
9220,50,7792086428249180534,0,28,28,195,1,3,1,11
9221,50,6177182299171536359,0,43,43,181,3,3,1,9
9222,50,-335354266940682924,0,36,36,189,3,7,5,20
9223,50,-4599002559402110352,0,28,28,188,2,7,3,9
9224,50,-4976228376557866307,0,27,27,191,2,2,1,6
9225,50,1000420563323112559,0,30,30,172,4,4,3,4
9226,50,-5243826253263829229,0,35,35,190,1,2,1,6
9227,50,440685494028223925,0,17,17,187,3,6,4,21
9228,50,-8361383838510298476,0,27,27,177,1,8,6,19
9229,50,-4843244447227744338,0,34,34,187,1,8,5,19
9230,50,3010082551920835751,0,37,37,188,2,4,1,13
9231,50,8449711305619728853,0,37,37,193,1,5,2,12
9232,50,-6411820871517070984,0,13,13,172,1,6,4,12
9233,50,159212260827204457,0,38,38,194,3,5,2,9
9234,50,-3629664486500426554,0,46,46,208,1,8,4,15
9235,50,5326000356737471584,0,42,42,186,1,5,2,14
9236,50,1503208918357270011,0,29,29,190,1,4,2,11
9237,50,-8935824926044751460,0,36,36,191,1,8,4,17
9238,50,8894696125806107004,0,32,32,188,1,3,1,10
9239,50,3571053395850297436,0,30,30,189,1,6,3,16
9240,50,2484139152016915266,0,23,23,199,6,3,1,3
9241,50,7219106604963568885,0,13,13,188,1,4,2,9
9242,50,2173625749795159721,0,25,25,185,2,4,2,11
9243,50,-8184123819845695296,0,32,32,192,4,3,2,8
9244,50,1490448546557278088,0,37,37,187,2,6,4,17
9245,50,4807057014771303254,0,11,11,194,4,6,4,14
9246,50,-9200714480463570815,0,37,37,181,1,3,1,7
9247,50,2827062803020935930,0,31,31,191,2,4,2,8
9248,50,-5919072951764219239,0,37,37,183,1,8,5,18
9249,50,3966857546364213334,0,27,27,192,4,6,4,18
9250,50,7924540233983617546,0,19,19,183,5,6,4,17
9251,50,-6417812181218850454,0,38,38,206,1,5,2,16
9252,50,6750316027091041367,0,11,11,195,2,7,3,16
9253,50,7986435886581540801,0,25,25,182,2,3,2,7
9254,50,4740521747468186529,0,15,15,191,3,4,1,12
9255,50,6073158037695694309,0,26,26,187,6,10,7,28
9256,50,3551981971227611961,0,31,31,178,1,9,6,21
9257,50,2764649782779277332,0,41,41,188,4,4,3,6
9258,50,-3081475054794307210,0,38,38,174,3,3,2,6
9259,50,-5367333772153107405,0,24,24,199,6,2,1,6
9260,50,6937279617595331271,0,26,26,178,2,6,3,17
9261,50,-9191852465710627582,0,28,28,192,1,4,2,12
9262,50,-5268494443715413493,0,35,35,188,4,9,7,19
9263,50,7533512340366292112,0,18,18,190,4,5,3,14
9264,50,-6829228302857385441,0,33,33,179,2,4,2,8
9265,50,6553788753174905329,0,26,26,198,5,7,4,10
9266,50,8896164210694538424,0,33,33,184,5,2,1,7
9267,50,6081949316890846767,0,15,15,190,3,4,2,8
9268,50,5115783724298973811,0,27,27,193,4,3,1,8
9269,50,-7044274120788276099,0,38,38,175,7,2,2,4
9270,50,-512843731043983318,0,28,28,176,5,5,4,15
9271,50,8990847927955046834,0,42,42,185,3,3,1,6
9272,50,-8807747463823467127,0,39,39,192,5,4,2,9
9273,50,-5974368665456007435,0,36,36,191,2,3,1,6
9274,50,4371978002771431648,0,36,36,196,4,5,3,13
9275,50,3240112640215129012,0,34,34,196,2,7,5,15
9276,50,2704732902197736506,0,26,26,189,8,1,1,1
9277,50,-8371740249480064295,0,43,43,180,5,1,1,3
9278,50,1824139311875542957,0,38,38,176,1,4,2,8
9279,50,-2042634542147762369,0,21,21,199,5,5,4,12
9280,50,6176970578012898547,0,35,35,179,4,2,1,4
9281,50,936487224454431586,0,28,28,196,3,7,4,13
9282,50,4071232056753635385,0,28,28,179,6,6,3,15
9283,50,7285888466997375062,0,31,31,186,2,6,3,12
9284,50,5472926515392848439,0,30,30,184,2,2,1,4
9285,50,-3273055896615215110,0,37,37,192,4,4,2,11
9286,50,-5017700682069657728,0,20,20,199,2,6,3,14
9287,50,-7067580563111950739,0,31,31,192,1,8,5,21
9288,50,-3010212572195925734,0,31,31,185,2,4,2,8
9289,50,4220025752417949375,0,40,40,193,1,9,4,22
9290,50,-8350329767574285743,0,24,24,183,4,2,1,6
9291,50,-8339086785087244565,0,35,35,180,4,5,4,19
9292,50,1081876723705579463,0,36,36,191,7,3,1,7
9293,50,6809471024534126341,0,42,42,192,3,6,4,13
9294,50,-3843975750177793072,0,21,21,200,2,4,2,10
9295,50,4209819315976452015,0,30,30,184,3,6,4,16
9296,50,-1150541110643459076,0,21,21,197,5,4,3,9
9297,50,2691939554082589649,0,23,23,188,2,7,4,13
9298,50,-5180031607266786316,0,43,43,178,3,4,2,13
9299,50,-1090695806687731320,0,33,33,181,1,4,2,9
9300,50,-7588662543290203767,0,44,44,174,2,7,4,20
9301,50,551926133854277214,0,27,27,195,3,6,2,8
9302,50,390069189708965386,0,27,27,176,5,4,2,7
9303,50,3116994997483608764,0,28,28,204,1,5,2,9
9304,50,-6091852841856583467,0,46,46,176,4,4,1,9
9305,50,-8222972329404249956,0,35,35,188,3,6,3,15
9306,50,8303888139486601008,0,24,24,180,1,4,2,5
9307,50,-8698418933037821566,0,21,21,200,2,7,5,19
9308,50,-8952883059227095719,0,40,40,185,2,11,7,26
9309,50,-4504410708358033492,0,33,33,176,7,2,1,5
9310,50,1733262869332473051,0,31,31,193,1,3,1,12
9311,50,-2820048523895273848,0,2,2,192,1,6,2,15
9312,50,4895348365153928226,0,26,26,184,1,4,2,11
9313,50,-4530851339066638747,0,18,18,187,5,3,1,6
9314,50,-1510139207337440431,0,15,15,187,3,6,3,16
9315,50,-3788698371349747859,0,28,28,184,4,6,4,16
9316,50,9049641051962268243,0,44,44,190,9,3,3,5
9317,50,7553539837183915986,0,31,31,198,5,2,1,3
9318,50,-8205722875984466896,0,36,36,185,1,4,1,10
9319,50,-275025921002817208,0,25,25,177,1,5,3,9
9320,50,-8918055923195055199,0,33,33,179,3,4,2,6
9321,50,-8695213207028368974,0,34,34,185,4,3,2,6
9322,50,-5520254582351029019,0,37,37,193,2,4,2,6
9323,50,5019823091662295839,0,23,23,190,1,9,5,22
9324,50,-500299547012687659,0,25,25,195,5,3,2,9
9325,50,7618069554171592439,0,20,20,195,2,6,4,14
9326,50,-1970721769408625354,0,25,25,197,3,4,2,8
9327,50,634381176625260657,0,24,24,188,4,3,2,7
9328,50,-2571257546557323698,0,33,33,192,2,5,3,10
9329,50,-6982225614043631032,0,45,45,194,4,8,5,17
9330,50,-1880970729254574663,0,32,32,182,1,5,3,16
9331,50,-7173254388742347859,0,30,30,193,1,4,2,5
9332,50,-3922594487712331140,0,33,33,192,4,3,2,8
9333,50,-5331663292496072578,0,43,43,181,3,2,1,5
9334,50,7342035970912755290,0,22,22,181,4,4,2,8
9335,50,-5754925180604084040,0,20,20,191,2,4,1,6
9336,50,-2175362917669211034,0,35,35,193,8,3,2,11
9337,50,6752076833052171050,0,38,38,186,1,8,5,16
9338,50,3618747483062109401,0,14,14,187,1,4,2,11
9339,50,6580167360511547243,0,17,17,185,9,1,1,4
9340,50,5565784415189439013,0,21,21,188,1,4,1,8
9341,50,-4205268789070054642,0,23,23,187,2,5,3,11
9342,50,-5876366011791848631,0,29,29,184,4,4,2,11
9343,50,-4136882608156719597,0,28,28,188,2,2,1,4
9344,50,3182585802056597351,0,30,30,185,2,2,1,6
9345,50,5596346839532335776,0,33,33,188,1,7,3,17
9346,50,-2286028907218372973,0,37,37,191,5,7,4,17
9347,50,-2848595021156766736,0,33,33,180,4,6,5,18
9348,50,4992140872789951469,0,15,15,181,2,8,5,23
9349,50,-7364452198290571126,0,38,38,186,5,3,1,6
9350,50,-230550232913500943,0,26,26,182,1,5,2,15
9351,50,1425992568114512822,0,24,24,186,3,7,5,16
9352,50,-4797626237891919347,0,30,30,180,3,7,4,20
9353,50,-1971335987720744404,0,29,29,186,6,2,1,3
9354,50,382839150611031155,0,25,25,192,1,6,3,12
9355,50,-2172276658270654962,0,39,39,180,1,5,2,10
9356,50,-6096395596078910160,0,43,43,188,1,8,4,22
9357,50,-305821057644042727,0,43,43,198,2,3,2,7
9358,50,-6038170211122194051,0,33,33,186,1,5,3,9
9359,50,-2970152886205187050,0,44,44,178,2,7,5,15
9360,50,7537318303614926933,0,28,28,193,1,7,4,15
9361,50,-6229599227186528619,0,38,38,183,2,9,5,22
9362,50,7847612093940413767,0,27,27,188,5,3,1,8
9363,50,1929707259461159389,0,34,34,194,1,6,3,16
9364,50,1544759804999945357,0,22,22,187,1,7,3,21
9365,50,8107891138045240350,0,40,40,179,2,8,6,27
9366,50,8935078382575254620,0,26,26,195,4,4,2,10
9367,50,523488046500145384,0,26,26,186,6,2,1,3
9368,50,-1815771855642462339,0,25,25,185,7,6,4,17
9369,50,7201235139975903200,0,35,35,185,4,5,4,9
9370,50,-661185516569354981,0,28,28,187,6,3,2,7
9371,50,3676238442641480368,0,38,38,193,2,4,1,11
9372,50,8657160865068798431,0,28,28,186,1,11,6,24
9373,50,-7333719658534218177,0,28,28,191,2,5,2,12
9374,50,-8913347317284448711,0,38,38,172,6,4,3,11
9375,50,-7144613249706304734,0,39,39,186,5,7,5,15
9376,50,-8368901059018052096,0,23,23,195,4,5,2,11
9377,50,3291343736261658961,0,18,18,192,2,4,3,12
9378,50,7694524783796251966,0,26,26,186,1,5,2,15
9379,50,6948940146016369437,0,31,31,192,3,4,2,12
9380,50,6486636116933705284,0,27,27,188,4,4,3,6
9381,50,21747364934781793,0,20,20,193,5,4,3,14
9382,50,-498237260632509181,0,26,26,184,2,3,2,7
9383,50,7299997542086347511,0,17,17,179,6,3,2,5
9384,50,-3768722594336423010,0,27,27,194,3,5,2,7
9385,50,9213143747446544750,0,22,22,180,5,7,4,22
9386,50,224138729267815482,0,31,31,191,2,10,7,28
9387,50,-4312921066288507655,0,39,39,182,3,5,3,10
9388,50,-4079132861075633128,0,17,17,196,2,5,2,13
9389,50,8604626796367271337,0,30,30,192,3,4,2,10
9390,50,2064456492777126886,0,40,40,183,1,5,2,14
9391,50,3665341541948958686,0,31,31,192,1,4,1,10
9392,50,94507150201045329,0,40,40,174,3,3,1,10
9393,50,-7782659809807074821,0,33,33,191,5,2,2,6
9394,50,3407149651167116766,0,39,39,181,3,4,2,11
9395,50,-6617192635977780904,0,36,36,182,1,7,4,18
9396,50,-7454177383249475846,0,27,27,183,3,5,2,10
9397,50,-6762947832962491780,0,34,34,192,3,4,2,8
9398,50,179480996670059343,0,40,40,181,5,1,1,1
9399,50,7745720105109727371,0,38,38,186,2,6,3,15
9400,50,2908818315828914520,0,23,23,195,2,3,1,7
9401,50,-5586563827752077315,0,32,32,183,4,6,3,17
9402,50,5718715389552608055,0,34,34,192,2,6,3,14
9403,50,-6729819933239162736,0,40,40,187,7,5,3,11
9404,50,-2659146833077691450,0,35,35,190,1,4,2,11
9405,50,4862027340390261375,0,37,37,187,4,4,3,8
9406,50,255788652220373227,0,33,33,189,3,5,3,7
9407,50,4770928069645638388,0,23,23,186,4,3,1,10
9408,50,8825420700076902191,0,35,35,191,2,3,2,6
9409,50,5135625992891231162,0,47,47,177,3,5,2,11
9410,50,7588951026496608913,0,18,18,198,4,10,6,26
9411,50,6581663561289060918,0,37,37,190,2,6,3,16
9412,50,8024402268996298904,0,41,41,184,4,3,1,10
9413,50,6628883923196717463,0,29,29,193,4,4,2,12
9414,50,350285680887213991,0,41,41,195,1,10,6,23
9415,50,2552226881934881868,0,23,23,195,6,2,1,3
9416,50,2384166591721160596,0,26,26,183,1,4,2,10
9417,50,-3029375423165904714,0,38,38,190,6,2,1,4
9418,50,1818761982868821882,0,27,27,189,3,7,6,13
9419,50,1242200223467132191,0,31,31,185,3,5,2,10
9420,50,3100022208287804622,0,39,39,176,1,8,5,20
9421,50,5397985801030741737,0,35,35,194,9,2,2,4
9422,50,-1038590528025243728,0,41,41,192,1,6,4,17
9423,50,2107492919825129738,0,38,38,190,3,5,4,11
9424,50,7855811791967903875,0,9,9,179,3,8,4,21
9425,50,2733350658949705143,0,32,32,189,3,4,2,8
9426,50,4428111710371203775,0,35,35,194,5,4,2,8
9427,50,6044662888129312607,0,37,37,189,3,5,2,13
9428,50,1284766424598427909,0,38,38,186,4,3,2,9
9429,50,7768303616408913114,0,29,29,190,2,4,2,10
9430,50,680319257018775155,0,31,31,189,3,3,2,7
9431,50,5541267746255443170,0,36,36,182,1,5,3,12
9432,50,4947596057163379001,0,40,40,189,3,4,1,8
9433,50,4607602564135220417,0,29,29,184,3,6,4,19
9434,50,2269886927553696364,0,34,34,180,7,2,1,2
9435,50,-4120564176311284148,0,43,43,185,2,3,2,5
9436,50,8465810721699594010,0,16,16,193,7,3,1,10
9437,50,-1574045014074580721,0,36,36,195,4,4,2,8
9438,50,-1980829292841789795,0,23,23,179,2,7,4,17
9439,50,-7347061460291675447,0,15,15,187,5,6,4,10
9440,50,-5060815855746203084,0,32,32,189,9,2,2,4
9441,50,1576361972316144410,0,21,21,189,3,5,2,13
9442,50,1948858801492453839,0,37,37,186,5,3,2,5
9443,50,8306027319409110650,0,25,25,179,5,3,1,12
9444,50,984234902362595881,0,7,7,192,2,8,3,18
9445,50,-4350460656764801939,0,21,21,185,3,4,1,11
9446,50,5581351261605341212,0,31,31,192,2,5,3,9
9447,50,5272147438872208628,0,32,32,187,4,3,1,6
9448,50,-581139236643750608,0,27,27,189,1,4,2,7
9449,50,-1311251578343712442,0,30,30,188,4,5,4,18
9450,50,262042888978315636,0,38,38,184,2,3,1,10
9451,50,5582357184331856832,0,29,29,189,1,5,2,12
9452,50,6422862315262011025,0,36,36,181,1,5,3,15
9453,50,3612109695318086425,0,28,28,179,3,2,1,3
9454,50,5989310272048625691,0,39,39,196,3,5,2,13
9455,50,3316868942595185881,0,26,26,191,2,5,3,16
9456,50,-237512474441698006,0,43,43,185,1,4,2,12
9457,50,-1636273226136329461,0,19,19,182,1,9,5,17
9458,50,-3863647991168981207,0,29,29,191,1,7,4,16
9459,50,-2996771362948318927,0,27,27,187,3,4,1,14
9460,50,-2801396868663811603,0,25,25,190,3,5,3,14
9461,50,-674041431447595913,0,27,27,187,5,4,2,12
9462,50,3638697325375830281,0,36,36,186,8,4,4,10
9463,50,-8715236436531170516,0,14,14,185,4,5,2,18
9464,50,-3869887274329475489,0,31,31,186,6,5,3,14
9465,50,4755379469886556013,0,20,20,191,7,5,3,7
9466,50,2630425311076804090,0,43,43,190,1,3,1,7
9467,50,227232222769781026,0,38,38,188,2,4,2,6
9468,50,-599035867013625061,0,39,39,189,2,3,2,4
9469,50,4454361252468396846,0,22,22,179,3,4,1,7
9470,50,-422417438474235247,0,21,21,192,2,3,1,7
9471,50,-3837101474897416222,0,35,35,193,1,5,3,17
9472,50,431929233297167949,0,39,39,186,2,2,1,5
9473,50,1476009305745488049,0,32,32,188,3,7,3,16
9474,50,3732459102410999349,0,23,23,180,5,4,2,12
9475,50,-3267918314334925526,0,24,24,188,1,4,2,12
9476,50,-6173409601011856840,0,46,46,196,2,3,1,4
9477,50,1678200190416020770,0,35,35,188,4,2,1,4
9478,50,569124135274869154,0,37,37,181,4,5,3,14
9479,50,-1138553803870879184,0,29,29,186,2,5,3,14
9480,50,3687890858584507312,0,35,35,205,2,4,1,10
9481,50,-3287767053529430947,0,31,31,190,5,5,1,11
9482,50,8211735517025650023,0,30,30,189,5,3,2,8
9483,50,4256579678310815260,0,24,24,198,1,5,2,14
9484,50,2428129535005149345,0,40,40,194,4,5,2,16
9485,50,-5127341394935946377,0,23,23,186,3,5,2,16
9486,50,-4459706987347650456,0,22,22,194,2,4,1,11
9487,50,-324366675845017461,0,40,40,182,7,2,1,2
9488,50,-289528484526795130,0,40,40,189,1,6,3,16
9489,50,-5426761607034346698,0,23,23,185,6,4,2,10
9490,50,6905093831096229468,0,1,1,187,2,3,1,9
9491,50,6317471622809637902,0,25,25,193,2,3,1,8
9492,50,1690888152839340274,0,38,38,180,4,3,2,6
9493,50,452023247662381716,0,42,42,194,3,5,2,11
9494,50,3251648181723082319,0,34,34,188,1,6,4,15
9495,50,-2936469456353277783,0,25,25,200,2,12,9,28
9496,50,4077785132674261003,0,39,39,192,2,5,2,16
9497,50,-4070261229559903936,0,28,28,182,2,5,3,11
9498,50,-5080587223356974814,0,30,30,192,3,3,2,7
9499,50,9966022904419924,0,28,28,183,2,3,2,7
9500,50,-8408033076247785718,0,27,27,189,2,8,6,19
9501,50,1659995416897485340,0,35,35,188,1,7,3,14
9502,50,4486936133201301510,0,34,34,188,4,4,3,9
9503,50,-4319649043459018883,0,36,36,192,3,3,1,9
9504,50,-6470774045023372612,0,30,30,182,1,5,2,9
9505,50,7486632095834600896,0,31,31,197,4,2,1,6
9506,50,3481929109246106373,0,22,22,179,3,3,2,8
9507,50,3637272082432027524,0,33,33,196,5,3,1,10
9508,50,5924541269786628,0,38,38,192,5,4,2,9
9509,50,-5571684609621990154,0,41,41,187,3,4,1,10
9510,50,948088185473867641,0,35,35,170,6,3,2,5
9511,50,-1799084007978290882,0,26,26,186,4,3,1,8
9512,50,9122124493655448151,0,20,20,181,1,6,4,15
9513,50,5550574712663524156,0,32,32,191,1,5,2,12
9514,50,-1451816480270256493,0,9,9,197,1,9,5,27
9515,50,-546600296872578701,0,25,25,193,5,4,2,7
9516,50,-8499852563627548098,0,30,30,192,1,6,4,17
9517,50,-216225179738488507,0,19,19,185,5,5,4,11
9518,50,4931017350234788821,0,29,29,193,4,7,5,13
9519,50,-4586135149196398240,0,37,37,187,5,2,2,4
9520,50,7016813394224880599,0,26,26,180,4,4,2,8
9521,50,8479546808922978168,0,35,35,190,1,4,1,10
9522,50,5951160873627057048,0,32,32,179,5,3,2,5
9523,50,-5670661899900754634,0,41,41,198,3,3,1,5
9524,50,4562925731291845973,0,42,42,191,6,4,2,7
9525,50,-3817646410494384017,0,16,16,188,6,6,5,22
9526,50,8276975734780512647,0,22,22,183,6,3,1,7
9527,50,-7870385865665029479,0,40,40,193,2,7,5,15
9528,50,4599875604170265980,0,43,43,191,2,4,2,11
9529,50,-7861939139025267846,0,26,26,190,5,2,2,6
9530,50,-2616605389164132574,0,33,33,190,1,4,1,10
9531,50,-1617210534274305247,0,32,32,172,2,3,1,4
9532,50,-2631305624800126427,0,30,30,195,1,9,7,28
9533,50,6462064999479334682,0,45,45,185,1,4,2,15
9534,50,2152663114959655485,0,31,31,186,1,8,4,21
9535,50,375295651893489372,0,30,30,191,1,9,6,18
9536,50,4355876791547897536,0,29,29,177,7,6,4,17
9537,50,-3964095817731873914,0,37,37,193,1,7,4,16
9538,50,-1547305432022477954,0,28,28,195,2,6,3,20
9539,50,2924481392482682570,0,7,7,190,1,6,3,16
9540,50,-6398771015411752243,0,10,10,187,1,10,8,22
9541,50,6868712778211196201,0,44,44,184,5,4,2,7
9542,50,-5303244719838427934,0,28,28,196,4,3,1,8
9543,50,-8698181236267903136,0,23,23,187,2,3,2,6
9544,50,-5833690617319143326,0,38,38,177,1,4,2,6
9545,50,-2323258277588152543,0,40,40,194,5,2,1,6
9546,50,-779871671809619912,0,8,8,177,1,3,1,8
9547,50,6792279602938616582,0,21,21,182,3,4,2,7
9548,50,-784116673018813784,0,33,33,182,2,2,1,8
9549,50,-5696763902634357310,0,34,34,186,5,3,2,11
9550,50,-3371049537313239644,0,1,1,181,4,6,4,15
9551,50,4754074358544217241,0,21,21,195,4,5,4,11
9552,50,-4715231879005201314,0,36,36,197,1,5,3,13
9553,50,4251562853331659025,0,37,37,186,2,6,4,15
9554,50,8557078952624605726,0,33,33,173,4,3,2,10
9555,50,-2817944052205057558,0,36,36,187,6,4,2,8
9556,50,-4262875264060236203,0,26,26,190,2,7,4,18
9557,50,-851317397156343990,0,36,36,193,3,5,2,6
9558,50,4869550683644755441,0,29,29,190,2,6,4,12
9559,50,-7122314837206815172,0,22,22,200,5,7,5,16
9560,50,4721854694305758706,0,43,43,183,2,5,3,13
9561,50,3766902397832986459,0,28,28,185,1,7,4,16
9562,50,7974077673124907836,0,42,42,176,2,10,7,19
9563,50,-1389862545432126262,0,24,24,199,1,13,9,26
9564,50,6704660657784060847,0,41,41,201,2,6,2,13
9565,50,1667232073776229222,0,41,41,186,1,5,3,9
9566,50,382536591453281396,0,36,36,176,1,4,2,14
9567,50,-6681682945807023297,0,34,34,187,6,3,1,7
9568,50,-3020355891298365031,0,19,19,187,4,6,2,10
9569,50,-5841481217492948157,0,36,36,194,6,5,2,10
9570,50,7907654094506859232,0,25,25,190,1,5,3,10
9571,50,-5340800998284714949,0,29,29,181,2,7,3,19
9572,50,-1314537717501439533,0,12,12,189,1,3,1,3
9573,50,-8729459352607801605,0,20,20,184,3,6,5,16
9574,50,-486475426107738852,0,29,29,185,3,5,2,16
9575,50,-3750600777217156651,0,26,26,186,8,1,1,5
9576,50,7113279075897513234,0,38,38,185,1,3,1,9
9577,50,-41751328699784882,0,7,7,187,5,2,1,3
9578,50,8234762573550548375,0,34,34,181,2,8,5,24
9579,50,-7060249953337270252,0,17,17,187,4,5,3,14
9580,50,-8376767958840297184,0,28,28,188,1,5,1,7
9581,50,6749991635895298606,0,42,42,186,8,3,2,5
9582,50,-208503883817522924,0,30,30,181,7,7,5,15
9583,50,-672824529897271435,0,28,28,190,4,5,3,9
9584,50,8114295301354860378,0,35,35,183,2,5,2,14
9585,50,9140187722550395202,0,39,39,193,2,7,4,20
9586,50,1437422938432230701,0,22,22,176,4,2,1,7
9587,50,-8197782199593836696,0,33,33,187,2,6,2,12
9588,50,1592040418921536306,0,42,42,190,5,13,10,25
9589,50,165125268749246564,0,26,26,196,4,5,2,13
9590,50,-2183731306233037109,0,35,35,184,4,9,5,14
9591,50,-7032811996894639917,0,38,38,187,5,4,3,10
9592,50,1198241436753281197,0,25,25,189,3,2,1,7
9593,50,7191706021300266532,0,29,29,179,1,5,3,11
9594,50,-4568796832785940305,0,21,21,188,2,3,1,11
9595,50,-672059247063908211,0,38,38,190,3,9,7,21
9596,50,-2965134030458486043,0,27,27,192,3,5,3,17
9597,50,-1110495900863547326,0,21,21,191,6,2,1,7
9598,50,3210946463155712493,0,15,15,195,1,7,2,20
9599,50,-8117137551420997148,0,33,33,179,4,4,2,9
9600,50,4321080604537041544,0,34,34,190,2,4,1,12
9601,50,-5081412498464180681,0,19,19,187,1,8,3,13
9602,50,789369224036228204,0,44,44,187,3,5,3,12
9603,50,1484655497129847064,0,28,28,185,3,8,5,16
9604,50,-1160773870098387881,0,35,35,185,4,6,4,17
9605,50,-6539455475961529427,0,11,11,195,1,9,5,17
9606,50,-4322980780925877401,0,38,38,185,3,3,1,10
9607,50,-6369123931594646051,0,25,25,193,1,5,2,15
9608,50,-2204572297322805336,0,37,37,181,9,2,2,4
9609,50,-8214266684854062334,0,32,32,184,1,4,1,8
9610,50,5493189892412701166,0,26,26,169,6,4,3,10
9611,50,2304674737134177757,0,36,36,182,3,3,1,5
9612,50,-1954829381667777307,0,30,30,194,3,3,2,7
9613,50,-1937544844338874422,0,19,19,195,1,6,4,14
9614,50,-1837607233166964378,0,24,24,182,4,3,2,5
9615,50,7774093975483676468,0,25,25,180,3,2,1,6
9616,50,1169827412951657483,0,28,28,178,3,3,2,6
9617,50,-5686933182433113782,0,33,33,187,7,1,1,1
9618,50,1844058324189145093,0,32,32,179,2,8,5,20
9619,50,5301223208798864114,0,8,8,187,2,5,2,9
9620,50,-3218106256647976148,0,33,33,183,1,6,3,17
9621,50,-2786654232853017346,0,20,20,183,4,2,1,5
9622,50,1042462392777981783,0,33,33,193,4,9,7,22
9623,50,8736639217933840285,0,29,29,191,5,3,1,4
9624,50,-1022638206235409171,0,25,25,184,4,2,1,7
9625,50,-7214827611571511021,0,35,35,195,1,6,3,16
9626,50,5657569844083507900,0,37,37,183,4,5,4,13
9627,50,-5582474831882597460,0,21,21,186,4,8,6,17
9628,50,3025562022425050889,0,34,34,186,4,3,1,8
9629,50,-5098653660981592339,0,15,15,181,2,3,1,11
9630,50,-6665139062949210649,0,21,21,187,3,3,1,12
9631,50,2078741713535762445,0,36,36,187,3,7,4,14
9632,50,-9026115374851309364,0,22,22,206,1,5,2,12
9633,50,6570933855602584995,0,29,29,184,8,3,2,7
9634,50,-5975362981220088992,0,46,46,182,5,5,4,9
9635,50,-4138332914827662688,0,36,36,191,1,10,5,28
9636,50,-1149919685822525032,0,29,29,181,1,5,2,13
9637,50,-355363383288118146,0,42,42,193,6,4,2,13
9638,50,-7354682318584413437,0,33,33,185,1,5,2,8
9639,50,-7297672328048228167,0,30,30,189,5,4,2,11
9640,50,4376008074389743459,0,31,31,174,2,8,5,15
9641,50,-7719340273435755138,0,18,18,196,2,4,2,8
9642,50,6131058920650084479,0,32,32,175,5,2,1,4
9643,50,-6802704031003594334,0,5,5,182,1,7,4,10
9644,50,-1312074026038893257,0,26,26,197,1,6,2,10
9645,50,4922901111327889365,0,27,27,186,2,6,4,17
9646,50,7047238371691909592,0,34,34,194,2,5,4,15
9647,50,-1401865712616873706,0,41,41,187,4,4,2,8
9648,50,2454373393948551601,0,27,27,179,4,5,4,11
9649,50,108702574474349161,0,38,38,184,7,5,3,12
9650,50,-7844139800765952538,0,43,43,187,2,16,12,30
9651,50,7627477918723690952,0,27,27,192,6,6,3,18
9652,50,5135217420758543747,0,22,22,180,4,7,5,19
9653,50,-7854077506168388010,0,40,40,188,7,3,2,9
9654,50,-4163488757309476140,0,38,38,201,2,7,4,20
9655,50,102403703807551450,0,26,26,182,3,4,2,14
9656,50,-2615694979743747597,0,23,23,182,3,5,3,14
9657,50,-909425874118522518,0,25,25,179,1,5,2,15
9658,50,-3995417928355140447,0,21,21,188,1,3,1,8
9659,50,-4062059103278011546,0,15,15,190,2,8,5,17
9660,50,6488262707964018521,0,20,20,186,3,2,1,4
9661,50,6383456559294333096,0,34,34,182,2,8,5,18
9662,50,-7051549745648186462,0,33,33,190,2,3,1,6
9663,50,-4055942783119682823,0,32,32,188,2,3,2,6
9664,50,-2661897308742896731,0,32,32,188,1,3,1,8
9665,50,-4346391622501729594,0,33,33,190,1,4,2,11
9666,50,7866796182810163966,0,22,22,188,1,5,3,12
9667,50,-2059137294149132782,0,36,36,185,1,5,2,6
9668,50,-1210176785807105834,0,26,26,198,6,2,1,6
9669,50,9204080243252488878,0,35,35,188,7,2,2,4
9670,50,8033150659080390449,0,38,38,194,3,9,6,21
9671,50,-8513200571254997080,0,26,26,196,1,4,2,8
9672,50,-5736021494929966204,0,37,37,189,4,11,8,29
9673,50,4540754852509268481,0,11,11,182,3,5,3,12
9674,50,7790418881641755786,0,29,29,190,5,5,3,9
9675,50,-7805384536546699103,0,41,41,191,3,5,3,14
9676,50,1328269361445509463,0,11,11,193,4,2,1,2
9677,50,-7654358373133980785,0,26,26,194,9,2,2,4
9678,50,7326748655354963372,0,47,47,182,3,4,3,7
9679,50,7436704951636263516,0,23,23,195,2,6,3,14
9680,50,494147042246393741,0,24,24,182,1,6,4,14
9681,50,7647836308285246944,0,31,31,183,3,3,1,8
9682,50,6654070853161128465,0,40,40,178,4,3,1,8
9683,50,-6702280081174304472,0,31,31,190,2,5,3,14
9684,50,2251003157212971384,0,28,28,189,5,6,3,17
9685,50,-7998600791343383122,0,22,22,188,6,4,2,14
9686,50,4366601822320168066,0,38,38,179,1,6,4,17
9687,50,-1016658320398666038,0,42,42,207,1,6,3,7
9688,50,-637689917548794114,0,25,25,187,5,3,3,7
9689,50,4032803251259783273,0,31,31,182,3,5,2,8
9690,50,6210877349453601184,0,13,13,187,2,4,2,11
9691,50,6329745574107565308,0,43,43,192,1,4,3,9
9692,50,-3073862515533458665,0,34,34,185,4,3,1,8
9693,50,-1394238640367583566,0,40,40,181,4,5,3,12
9694,50,62187981884511839,0,4,4,184,1,6,3,10
9695,50,4229284139149529064,0,38,38,178,1,4,1,9
9696,50,-6782887242386554285,0,14,14,180,7,4,2,10
9697,50,712786413312640736,0,35,35,195,2,5,3,10
9698,50,7402975118399630981,0,16,16,180,4,5,3,13
9699,50,-6420843617987149647,0,28,28,180,1,2,1,3
9700,50,-8849797538761066158,0,25,25,184,3,2,1,5
9701,50,1422895723186978686,0,28,28,183,3,5,3,10
9702,50,-4139448148245273808,0,39,39,191,1,5,2,16
9703,50,-3175670748225722390,0,26,26,190,3,4,2,6
9704,50,4788440723564710729,0,32,32,200,1,8,4,18
9705,50,1390619316044669386,0,26,26,188,2,3,1,10
9706,50,-2156506649287122611,0,21,21,193,5,9,6,22
9707,50,-5136955835181789156,0,26,26,181,8,3,2,10
9708,50,-6514711683920535420,0,15,15,192,4,3,2,7
9709,50,6024794736231289912,0,23,23,179,2,5,2,16
9710,50,-5237834170271029214,0,22,22,194,2,9,6,16
9711,50,-7756431001491599291,0,16,16,198,2,5,3,8
9712,50,3155578192080618718,0,35,35,188,1,3,1,6
9713,50,-476043216723108626,0,42,42,180,4,4,2,4
9714,50,1548414592171999172,0,42,42,180,1,4,2,12
9715,50,-6046944803862895020,0,12,12,185,1,8,5,16
9716,50,7173975711895062090,0,30,30,187,2,4,1,8
9717,50,-3515721969269873595,0,30,30,192,2,5,2,10
9718,50,1788477534541004706,0,42,42,194,2,7,4,19
9719,50,2529468697637527982,0,37,37,188,4,8,4,20
9720,50,6879094052376683342,0,29,29,180,1,5,3,13
9721,50,5208545329547315022,0,32,32,183,7,4,3,9
9722,50,1911246413071541496,0,38,38,186,8,3,2,7
9723,50,-4769526566500770388,0,26,26,189,5,3,1,8
9724,50,-201397316451563133,0,33,33,184,3,8,4,20
9725,50,3187539222820846154,0,25,25,185,3,6,3,10
9726,50,3220614596334500189,0,32,32,191,4,5,2,11
9727,50,-7667892072321463269,0,45,45,180,4,6,3,16
9728,50,-5719289373081705450,0,26,26,193,1,7,4,19
9729,50,-7615065110422078671,0,38,38,196,1,7,5,18
9730,50,-3753021455703340746,0,36,36,194,6,2,2,2
9731,50,4541858263699050426,0,39,39,179,3,7,3,15
9732,50,-516200258880947638,0,42,42,193,3,4,2,7
9733,50,-939327230144850899,0,23,23,190,2,6,4,10
9734,50,774123552125758016,0,17,17,183,5,4,2,15
9735,50,-6306573050337466689,0,21,21,187,1,5,2,10
9736,50,-6663141296863355404,0,26,26,186,1,4,3,6
9737,50,7977744576098381340,0,41,41,194,2,5,2,23
9738,50,2121628242329817610,0,37,37,176,5,6,4,15
9739,50,219946606890689875,0,16,16,185,5,3,2,9
9740,50,-8562434969991468547,0,24,24,190,4,4,2,13
9741,50,-2747654756240739567,0,43,43,192,3,4,2,4
9742,50,-2981134814117839752,0,32,32,179,5,6,4,18
9743,50,6677429609499164689,0,39,39,171,4,4,2,12
9744,50,8840289472852234468,0,40,40,183,1,6,2,17
9745,50,6658750716243722450,0,44,44,183,3,6,4,15
9746,50,6316059547428037186,0,34,34,185,3,6,4,20
9747,50,3292959138228496011,0,30,30,183,5,3,2,13
9748,50,-5785887860722861254,0,30,30,196,4,3,1,8
9749,50,8503442599835954012,0,46,46,183,8,1,1,4
9750,50,-1014429059406200974,0,45,45,186,3,4,2,10
9751,50,89510237500190149,0,7,7,192,1,8,4,17
9752,50,2498122422383900195,0,30,30,189,1,5,2,13
9753,50,-5892324801788145829,0,32,32,182,2,6,3,13
9754,50,-541599480591767062,0,36,36,197,1,4,1,8
9755,50,-8417745128966829384,0,23,23,180,7,2,1,5
9756,50,-1282865704878296613,0,27,27,196,1,7,4,13
9757,50,661556625368822963,0,32,32,185,1,5,2,12
9758,50,831787053636138972,0,23,23,176,5,3,1,11
9759,50,-901635176411079472,0,16,16,191,3,5,4,7
9760,50,-1327558444048297937,0,23,23,190,1,5,2,11
9761,50,-3654917833792995078,0,34,34,187,5,5,2,16
9762,50,4163395738489075280,0,40,40,190,3,7,3,20
9763,50,-2704225083056355217,0,31,31,186,2,5,2,12
9764,50,-7470606930293325056,0,34,34,186,3,3,1,8
9765,50,7409860287286409723,0,15,15,194,4,6,3,13
9766,50,3285339098288172961,0,29,29,196,1,5,3,9
9767,50,-7068784162631245464,0,25,25,193,1,4,1,7
9768,50,5699612716388252356,0,14,14,176,3,4,2,11
9769,50,4512775399687739444,0,23,23,184,1,7,5,15
9770,50,9128717279354683904,0,28,28,187,6,4,2,8
9771,50,-5533360939474147964,0,26,26,191,5,4,2,9
9772,50,1618320326600205573,0,37,37,182,6,4,3,7
9773,50,2936029056081930584,0,37,37,181,6,4,3,14
9774,50,3067927332553164272,0,22,22,189,7,4,3,10
9775,50,9167320320866846464,0,35,35,190,4,3,2,9
9776,50,738503182644329183,0,30,30,187,1,4,2,12
9777,50,-6251457304005705009,0,27,27,190,2,4,3,10
9778,50,2951104517519672520,0,36,36,179,5,4,3,11
9779,50,-1145315659411273971,0,39,39,184,3,5,3,13
9780,50,-6154712126195228794,0,24,24,184,4,3,1,7
9781,50,-6017965032492366799,0,29,29,181,1,4,2,13
9782,50,793613615108292404,0,26,26,193,1,8,5,18
9783,50,4790142267810832463,0,40,40,188,1,6,3,16
9784,50,-9098202318227632450,0,39,39,188,1,8,5,26
9785,50,8733315006644906447,0,49,49,195,1,5,2,16
9786,50,-7557760072126446668,0,41,41,190,4,3,2,3
9787,50,-4116318693909102241,0,33,33,180,1,5,3,15
9788,50,-8620024630544622751,0,26,26,199,3,4,1,9
9789,50,-7882669095295783126,0,30,30,180,8,3,2,7
9790,50,6661670385757345052,0,38,38,195,5,4,3,8
9791,50,3533507298339755849,0,38,38,190,2,10,7,22
9792,50,2015594231877172701,0,39,39,192,1,5,2,8
9793,50,-494155044301307526,0,31,31,189,5,3,2,6
9794,50,5516418488451014931,0,30,30,198,7,2,2,8
9795,50,-671819454040299505,0,30,30,185,4,3,1,10
9796,50,5863189984708309683,0,37,37,195,2,3,1,7
9797,50,-5141769571514203608,0,27,27,173,1,2,1,5
9798,50,-9018539842847963500,0,23,23,180,1,7,5,20
9799,50,-8668459911962002140,0,37,37,184,1,3,1,9
9800,50,-1461897982205597447,0,30,30,182,2,5,2,9
9801,50,-357845055982741164,0,31,31,207,1,6,2,13
9802,50,-8899966149651256209,0,30,30,191,2,4,2,11
9803,50,-5326694099641328143,0,31,31,185,5,2,1,6
9804,50,5068987740909912281,0,36,36,180,3,4,2,9
9805,50,-1812489861945878448,0,30,30,198,2,5,3,10
9806,50,7879860913598277577,0,37,37,188,1,6,4,12
9807,50,8631074560540908115,0,23,23,191,2,5,3,13
9808,50,1034366432433134096,0,17,17,185,3,3,2,7
9809,50,7576838072678738978,0,27,27,195,5,4,2,11
9810,50,-5706807518367026536,0,33,33,179,2,6,4,13
9811,50,5297842576630129947,0,41,41,186,2,6,3,15
9812,50,-4698576019676155280,0,33,33,184,3,4,2,14
9813,50,-6147028838295494650,0,40,40,186,1,5,2,12
9814,50,5730420180930638376,0,32,32,186,7,4,3,12
9815,50,-2506802498092794227,0,22,22,181,7,5,5,10
9816,50,8132845735431459934,0,26,26,188,3,4,2,9
9817,50,6366137550892068842,0,27,27,194,1,7,5,13
9818,50,-6498727152416305768,0,25,25,187,2,4,1,12
9819,50,7733820486212038369,0,40,40,186,4,2,1,4
9820,50,-5221702812455905964,0,33,33,185,2,7,2,19
9821,50,1669102868214016753,0,22,22,184,4,4,2,5
9822,50,4599983005662565470,0,35,35,193,1,5,3,12
9823,50,-960059709479907130,0,20,20,172,6,3,3,3
9824,50,-1415863327137618848,0,32,32,188,2,7,3,11
9825,50,8402093933124855281,0,2,2,195,3,3,1,6
9826,50,8351041702802011327,0,35,35,183,3,4,1,10
9827,50,-1283454722703283238,0,17,17,173,2,8,6,14
9828,50,-8539414464679597916,0,42,42,194,2,6,4,15
9829,50,7190237090403728884,0,38,38,189,3,4,2,15
9830,50,-2545348094297521576,0,31,31,186,2,2,1,6
9831,50,-8305009773303046349,0,32,32,187,2,3,1,6
9832,50,-1494073084541947948,0,32,32,183,3,2,1,6
9833,50,-2248008502575387973,0,21,21,197,1,7,3,21
9834,50,3459725176920214680,0,36,36,184,1,5,3,16
9835,50,4841881648251460569,0,31,31,182,1,5,3,11
9836,50,1844705849366719675,0,26,26,196,2,7,4,13
9837,50,-6670083476285431498,0,43,43,187,3,3,2,5
9838,50,6389779076566549827,0,16,16,190,4,7,5,18
9839,50,-6555447692863901879,0,39,39,180,4,3,2,7
9840,50,595753720818910646,0,41,41,194,4,2,1,6
9841,50,-2102841404320004595,0,40,40,187,2,6,3,18
9842,50,3180833893213730544,0,24,24,186,3,3,2,6
9843,50,-3720023901960921612,0,30,30,188,1,8,5,24
9844,50,1358273022275105591,0,25,25,186,4,5,4,14
9845,50,858469761225158682,0,33,33,179,4,4,3,7
9846,50,-8109385736027386996,0,33,33,188,2,6,2,15
9847,50,4491766158925303229,0,33,33,192,3,3,1,9
9848,50,6320179847491087939,0,32,32,195,3,9,6,18
9849,50,-805227331591816467,0,27,27,194,2,5,2,13
9850,50,6958744083460268758,0,32,32,180,1,6,2,14
9851,50,2647685637624250495,0,37,37,189,1,6,4,7
9852,50,-326185800215646475,0,41,41,177,4,3,1,8
9853,50,-8698224972531652281,0,42,42,184,7,2,1,4
9854,50,271448430389410016,0,26,26,182,1,6,4,13
9855,50,-1520932798335902075,0,28,28,192,2,3,2,6
9856,50,5532082217615604473,0,40,40,186,3,10,6,26
9857,50,1506840850346973087,0,38,38,185,3,2,1,7
9858,50,511997487150537876,0,35,35,185,1,8,6,21
9859,50,-4116097912464551664,0,43,43,182,4,3,1,5
9860,50,3910999712648528913,0,22,22,191,2,3,1,6
9861,50,-8647844665046581600,0,31,31,187,5,3,1,7
9862,50,-1731168362210871763,0,18,18,186,6,8,5,19
9863,50,9043870638460562645,0,34,34,183,2,4,1,12
9864,50,7727339744533943956,0,41,41,183,2,4,2,13
9865,50,7777099344297166249,0,36,36,188,4,2,1,7
9866,50,-6257912670189707846,0,18,18,185,1,7,4,16
9867,50,-4972636881458041732,0,33,33,182,3,4,3,6
9868,50,4691264415011395562,0,17,17,192,1,6,2,17
9869,50,6389853779241674059,0,43,43,192,3,7,3,17
9870,50,-7925737987684384354,0,34,34,184,4,10,8,15
9871,50,-5850238655435900126,0,34,34,186,7,3,2,8
9872,50,3956220052119655697,0,41,41,188,6,1,1,1
9873,50,-6584298545692206641,0,16,16,189,5,4,3,9
9874,50,2429439659639758098,0,30,30,187,4,6,4,16
9875,50,3857999795497504472,0,31,31,191,3,6,4,13
9876,50,-4506829419157921509,0,20,20,183,3,3,2,9
9877,50,6981963165892863406,0,32,32,189,2,8,5,21
9878,50,-314239146710417758,0,31,31,192,1,8,4,17
9879,50,-4649457971238186207,0,15,15,187,1,8,5,16
9880,50,1270867640702190510,0,38,38,196,2,5,3,7
9881,50,-8356285210031053802,0,37,37,192,4,5,2,11
9882,50,6070449740485254828,0,30,30,192,5,5,3,7
9883,50,5717110943692481400,0,15,15,184,2,5,2,18
9884,50,3475061347709597570,0,34,34,193,2,4,2,9
9885,50,1689464762230041452,0,42,42,185,1,7,4,18
9886,50,3471756776032847332,0,43,43,206,4,11,7,25
9887,50,6951533742673384904,0,33,33,203,1,4,2,12
9888,50,-499178816944604953,0,27,27,169,2,6,4,21
9889,50,-3160723827879346235,0,35,35,181,5,2,2,8
9890,50,-7391904417783364653,0,38,38,187,4,4,1,9
9891,50,4625667520765269234,0,34,34,188,1,5,3,14
9892,50,3862775291597595708,0,37,37,193,4,3,1,7
9893,50,-7236211777883941525,0,32,32,192,3,7,5,18
9894,50,-3994355863897868973,0,24,24,182,5,3,3,6
9895,50,7661876788516653899,0,34,34,182,1,4,2,12
9896,50,6121102301715637369,0,21,21,176,1,8,6,21
9897,50,1281493419771061086,0,19,19,176,2,7,5,22
9898,50,2506151799495990037,0,35,35,190,1,3,2,4
9899,50,-4248728022194774757,0,29,29,197,2,6,3,18
9900,50,440248348981916070,0,26,26,190,5,2,1,4
9901,50,3307616337991288272,0,18,18,204,1,6,2,16
9902,50,-2966606351337144293,0,35,35,181,2,2,1,4
9903,50,3200711856275583774,0,14,14,193,2,7,3,16
9904,50,5121663710408253282,0,30,30,192,2,5,2,11
9905,50,5684523223760548008,0,32,32,185,4,2,1,4
9906,50,-3005007251749392322,0,29,29,189,2,6,3,18
9907,50,-7306343587908545273,0,31,31,185,6,3,2,9
9908,50,5890193153557936989,0,32,32,192,4,3,2,6
9909,50,151462699473220096,0,41,41,186,3,4,1,9
9910,50,-2164744208149987671,0,26,26,183,4,9,6,20
9911,50,6718783415282521081,0,30,30,183,2,4,2,8
9912,50,3312855209328901085,0,28,28,195,6,5,4,12
9913,50,-3900107129653640025,0,32,32,188,4,3,1,10
9914,50,7117958277350120540,0,18,18,187,6,5,2,10
9915,50,3862616413843129612,0,34,34,181,6,4,3,9
9916,50,-7614874893211648451,0,42,42,186,5,2,1,6
9917,50,2477838285957804704,0,36,36,183,9,2,2,6
9918,50,-3231531887378366806,0,31,31,183,5,3,1,10
9919,50,-810842195964556338,0,36,36,196,1,7,4,18
9920,50,5412091109682959722,0,17,17,198,2,4,1,10
9921,50,-4942715844395120735,0,14,14,192,5,9,7,21
9922,50,-8198726469087570501,0,30,30,191,7,4,3,7
9923,50,2407916174369240255,0,37,37,193,2,6,4,12
9924,50,-1878844955195103131,0,43,43,200,2,4,2,5
9925,50,6753722339375076245,0,40,40,185,5,2,1,5
9926,50,-758341395787885813,0,26,26,192,1,6,4,12
9927,50,8766155086342971347,0,36,36,185,1,3,2,13
9928,50,-4770482587716968253,0,35,35,189,2,3,2,8
9929,50,4277778538552982811,0,45,45,186,2,4,3,13
9930,50,-72923379306987543,0,34,34,171,4,6,4,18
9931,50,-5887381443738731788,0,3,3,182,1,6,3,15
9932,50,8249588111587469616,0,33,33,189,7,2,2,8
9933,50,8779781552781321220,0,33,33,185,7,6,5,19
9934,50,7557275808916120569,0,32,32,192,3,5,3,16
9935,50,-8445322506549506946,0,34,34,182,2,3,1,4
9936,50,4882163239124564967,0,39,39,181,2,2,1,9
9937,50,-7053357939693022248,0,25,25,193,2,2,1,2
9938,50,68941356736199602,0,35,35,189,1,5,2,14
9939,50,-2874925217615311423,0,26,26,192,3,5,3,11
9940,50,8036305417617473852,0,36,36,199,5,7,5,20
9941,50,2448097815087531602,0,26,26,178,4,6,3,21
9942,50,-6223425754969719071,0,37,37,195,1,6,3,15
9943,50,-5946201002316475005,0,28,28,185,4,5,3,13
9944,50,8089609472670498322,0,30,30,188,4,4,2,9
9945,50,-2089305938477910560,0,39,39,196,4,3,1,11
9946,50,539565007109535524,0,33,33,176,1,4,2,8
9947,50,-8175832707748834693,0,40,40,197,1,8,6,14
9948,50,1948036882216407653,0,29,29,182,5,3,1,11
9949,50,5432547701398945828,0,25,25,173,3,4,2,16
9950,50,947322275763103344,0,21,21,192,2,4,2,8
9951,50,-6207734277319109161,0,23,23,194,3,7,4,19
9952,50,5405192293655119810,0,36,36,195,4,4,1,11
9953,50,948620291455228021,0,37,37,195,6,6,5,9
9954,50,-1345923061366669940,0,34,34,185,3,3,2,7
9955,50,-4042194276122972745,0,43,43,195,1,6,3,12
9956,50,-109495752431276086,0,46,46,187,2,6,4,14
9957,50,626965966792837727,0,38,38,180,4,5,3,13
9958,50,6137251626701218452,0,34,34,184,1,8,6,21
9959,50,-123136002725032017,0,11,11,200,2,9,4,18
9960,50,-8681085687297764685,0,36,36,183,3,4,3,8
9961,50,9190783854607944735,0,6,6,180,2,3,1,8
9962,50,3700384613413095286,0,36,36,199,4,3,1,5
9963,50,531248337774793545,0,22,22,184,7,2,1,6
9964,50,-5118156486857593402,0,26,26,186,3,3,2,6
9965,50,352560840213193000,0,38,38,182,3,10,7,32
9966,50,-5015307120592465800,0,44,44,188,2,4,1,7
9967,50,3662118671628319873,0,40,40,195,3,3,1,11
9968,50,-4157987724410322462,0,26,26,180,3,4,1,7
9969,50,-5386477424940151648,0,13,13,187,2,6,4,12
9970,50,-4661965944913163600,0,23,23,192,1,9,6,22
9971,50,4595597106304325191,0,30,30,187,4,5,2,14
9972,50,-2050109828218801672,0,33,33,197,3,7,2,9
9973,50,2245876925114635235,0,29,29,194,1,4,1,8
9974,50,1113252573164401291,0,30,30,186,4,6,4,13
9975,50,1550768998775708929,0,33,33,179,3,4,2,7
9976,50,-8033553430440676979,0,30,30,182,8,2,1,7
9977,50,-1219350261105143553,0,25,25,187,1,5,2,13
9978,50,-2646602936111510969,0,26,26,179,1,5,3,11
9979,50,4316875369369155846,0,29,29,185,1,6,3,14
9980,50,-2260588295705509061,0,35,35,179,2,3,1,3
9981,50,-2268086687182088905,0,34,34,188,3,7,5,14
9982,50,-2503717934836989832,0,41,41,200,6,3,1,10
9983,50,2951506026605185316,0,29,29,192,1,9,5,18
9984,50,-40158063375251665,0,41,41,198,2,7,4,15
9985,50,-5806457491070166143,0,21,21,201,1,7,3,22
9986,50,8588825761640294023,0,36,36,178,7,4,3,14
9987,50,-768032504308024038,0,43,43,186,8,2,2,4
9988,50,-6371780849261504083,0,37,37,189,5,2,1,5
9989,50,-4315494525872796920,0,24,24,193,3,11,8,25
9990,50,-7362823855499708626,0,27,27,197,3,4,2,9
9991,50,-3627626236748857313,0,39,39,200,2,7,3,20
9992,50,4645075940362305928,0,33,33,184,6,7,6,18
9993,50,2113347808375310762,0,36,36,194,1,5,3,13
9994,50,-1356297171577557763,0,32,32,190,1,5,2,13
9995,50,-9024334102445345959,0,14,14,189,4,3,1,5
9996,50,-2491641633418776918,0,15,15,185,4,2,1,2
9997,50,-8405722396935233926,0,30,30,173,2,4,2,11
9998,50,6513694674707409112,0,38,38,180,1,4,2,9
9999,50,-1186125063489832857,0,21,21,184,2,7,4,20
10000,50,7401672643329804434,0,29,29,187,3,3,2,8
